# 3D point list with one line of data per point:
#   POINT3D_ID, X, Y, Z, R, G, B, ERROR, TRACK[] as (IMAGE_ID, POINT2D_IDX)
# Number of points: 3547, mean track length: 8.3036368762334369
2891 -9.2656537554401286 3.5773326494900641 9.9484697559254176 78 81 66 1.2033634597043037 135 232 70 141 136 180
2889 -3.6374468453609592 2.2636670690372434 11.279299480979404 129 128 126 0.12143812548719249 157 108 70 118
2884 -6.6678819793664363 -3.3832908641543242 13.495102660470959 94 98 96 0.78308677886785139 131 368 135 2 70 5
2879 -12.845769802618486 -3.8058752237645828 11.058506251999068 91 88 82 0.91560375815587391 37 754 153 865 145 914 65 598 39 849 46 958 123 502 42 927 41 509 80 634 135 248 76 441 157 437 70 388 50 213 47 347 136 264 51 333
2872 -4.1468603729560707 0.70045277763376634 14.720486521770846 100 99 79 0.80702638752234246 40 1024 41 701 42 1074 44 999 45 1075 76 598 135 494 70 644 47 575
2870 -6.6209839388098395 2.087388545650922 14.101038864327062 77 45 28 1.2192823254408731 37 864 41 679 44 1012 99 936 135 472 35 737
2857 -10.397403666464799 1.0003649051726375 10.921851405206308 79 77 65 0.50271398437303105 157 581 135 365 70 579 138 441 48 308
2843 -13.85890722875858 -1.866165459538413 8.9065653533617208 241 252 243 1.6511738916182692 41 425 135 181 76 269 70 174 47 171 138 224 165 194 48 266 50 271 51 423 49 48 49 127 82 60 52 30 53 25 54 11 144 17
2834 -8.1723276174043669 1.4712556175709828 12.532507908737072 95 89 72 0.35378695099619151 137 148 135 67 169 142 47 90 136 65
2826 -8.244424317504194 -2.5894231904468903 12.309225621814662 162 173 181 0.82781815814678417 45 68 159 44 169 28 134 48 137 32 41 24 157 31 153 78 76 19 50 151 133 62 47 26 51 135
2821 -0.40783305816808435 -4.6515431175865425 16.889758282827689 40 45 13 1.5012224524940645 45 784 46 870 76 590
2817 -13.348775082991303 0.12025054388796902 10.245490579053426 108 101 85 0.95727973127652033 123 645 157 570 76 471 135 354 138 378 136 358
2808 -2.848405496649125 3.0782856830656913 14.751379134221288 90 90 76 0.69393131411034836 169 194 76 317 70 349
2801 -10.004562543518965 2.266287061661826 9.8110437117789129 198 192 187 1.7323487645461002 76 209 139 53 51 86 153 231
2800 -6.0617795017358498 2.2312978401097117 12.829752518564771 114 28 44 0.54007494160597347 32 164 41 100 44 258 76 205 70 228 47 219 136 233 51 297
2796 -8.1488389536986823 0.85478740454196689 11.865994121562 136 128 133 1.3680352073254975 50 112 76 63 47 68 41 204 51 163
2793 -7.632253808194073 -1.664571973422686 12.680025999918181 221 212 212 0.16631063705261409 134 62 157 37 76 32
2785 -1.8468182445905204 2.827756994264413 12.61748673994072 60 71 54 0.36045467712869522 33 847 65 776 73 755 89 718 123 663 125 763 126 783 127 945 80 599 122 480 60 471 121 336 30 236 26 430 29 321 130 156 117 261
2783 1.979557488421644 4.1169766465615725 9.956378242536525 36 38 20 1.6137365897377252 65 561 126 567 73 565 80 502 36 921 128 848 121 285 89 474 26 311 29 283 123 590 130 126 125 776 28 327
2782 -13.460083198602126 -3.1445610968486051 10.565221974815616 0 0 0 0.66580606564186773 46 1063 127 963 153 1081 45 1102
2775 1.5714163421184322 1.9841419189786558 9.4022935979811937 148 150 139 0.39799162198312604 32 666 127 761 80 597
2772 -10.616070069233031 1.2938168818616704 10.982713728272303 46 45 51 0.032061640349613847 145 814 80 456
2770 -10.050613162844849 0.6280951668767506 11.018214529737232 39 44 37 0.62958221033024353 39 438 80 298 70 319
2769 0.7935181356883767 -0.93980086391440387 12.682336163189216 28 30 17 1.6856561293443377 35 694 153 731 80 281 121 142 26 261 130 113
2768 -4.3830465464731931 4.0938062320445407 7.6853606797163634 196 202 202 0.03942662090670894 35 299 80 210
2767 4.0478289597119668 2.6726185927504358 5.6254928326773559 63 62 57 0.13542468296608151 127 671 80 206
2762 -9.9852523042820547 0.74039083528205263 11.322631485739151 127 128 124 0.36503379198251373 39 154 46 148 153 166 131 441 45 196 40 186 44 182 41 68 50 41 157 67 159 129 169 108 134 116 137 105 70 66 47 194 138 49 51 48 48 60 165 54 49 56 139 63
2747 -13.019925534362356 0.44370253587038555 10.402679870928756 113 106 92 1.0783564182333847 45 1076 157 576 138 379 136 362
2730 -10.767422570047971 2.4419733395896155 10.272700320323789 184 187 194 2.5411753791063272 131 809 157 315
2725 -12.35402955265852 3.8284355031121651 10.305571454610279 93 83 79 0.85560961250893697 42 742 45 562 157 229 135 160
2710 -8.1371950865196911 -3.2993559555233345 12.430703845030456 238 237 232 1.0159896327756242 40 46 50 78 157 15 138 15 51 11 48 14 165 11
2707 -7.0157800434753801 -2.9294737491093112 13.114764942156786 114 112 104 1.5621059069330137 129 57 39 61 46 382 131 65 42 422 134 309 137 24 41 163 42 632 45 618 40 571 136 182
2705 -3.9023801037187509 1.115307447251811 14.760307641331655 41 38 21 0.68848477765532889 46 774 169 813 44 745 41 446 126 323 131 770 157 474 136 413 136 447
2698 -13.348280919493263 3.4111557131821022 9.9715351864772881 97 90 83 0.67662752596734232 89 720 41 637 125 542 80 604 157 499 76 408 138 341 136 385 51 385
2695 -0.71870057518086139 -0.85215918844285521 16.484821537843363 0 0 0 0.35247977602320352 159 390 169 572 157 452 135 258
2694 -13.366891555262002 3.119374305569409 10.053507680148691 100 98 78 0.62934596466386128 153 925 41 568 135 378 157 596 138 336 136 384 51 380
2672 -11.918376028947499 2.4231391571168026 19.157865287623139 162 148 132 1.8506669751464349 134 161 41 85
2671 -10.367967943311177 0.64865695180331651 10.851134786973891 113 113 103 0.31549277508589824 50 109 169 104 41 65 70 63 47 66 138 47 51 47 165 108 49 53
2670 -8.6242567764813245 0.36899602531251902 11.165322801648188 198 189 174 0.14416846019446389 169 88 41 55 70 57
2669 -11.464539445305377 -1.7901389341468994 11.128680931408759 67 63 48 1.2651714265910343 39 94 42 443 41 42
2664 -0.1654299556806379 1.6026463930619801 10.295041111340241 248 255 248 1.0663274405872898 99 1072 37 970 36 1016 153 1050 35 927 36 965 128 1018 145 1103 129 1079 39 1052 133 1113 46 1094 131 1096 89 799 125 754 123 656 42 1155 45 1145 40 1089 159 1131 44 1064 169 939 169 956 134 1001 99 1073 37 971 36 1017 153 1051 35 928 36 966 128 1019 129 1080 133 1114 46 1095 131 1097 89 800 125 755 125 811 73 745 123 657 159 1132 44 1077 137 1024 41 752 80 667 80 668
2659 0.52109685731078126 0.74934457637056573 9.0471164587001631 177 175 171 1.839039033808018 46 442 134 657 137 542 131 446 159 422
2657 -7.5528647407316969 4.4309530773030934 12.565674262885612 82 81 55 1.7004071648086887 35 457 133 822 42 892 40 839 134 723 137 849 127 774 129 928 39 821 131 956 46 833 42 889 133 704 159 825 159 826 169 748 41 482 157 507 41 571 76 421 135 309 121 275
2656 0.34748369223861025 0.89355733088956035 9.0829069041887696 113 116 112 1.5536840204713833 42 701 133 441 129 634 133 645 137 371
2655 -8.8177460886482795 -2.0067290720306246 12.143755027800665 203 210 209 1.0085625551431121 50 90 45 88 40 85 137 49 129 396 133 617 169 425 169 559 134 490 76 139 70 26 51 19
2639 0.61273090075941494 1.0363606910276297 10.233577695683424 176 188 188 0.23596458521672847 45 966 137 820
2626 -4.9704360880448801 4.9351681748890721 13.761262985993696 78 77 59 0.48989902762436593 42 592 45 582 134 597 137 625
2621 -2.6267096621708523 0.33912477132641661 14.846916268583668 142 138 127 0.1391103311527396 44 614 137 529 122 200
2620 1.1299208153641023 -0.6269238572366993 12.643532718525535 34 36 15 0.16712397838151927 42 662 45 638 137 512
2619 -5.1039472057974544 5.2610288389529396 13.763060356444239 79 74 53 0.75550488491265855 40 335 42 603 159 322 137 472
2618 -3.5523747507565488 5.1949519584195434 14.084945547492858 82 90 74 0.66444731202278073 42 384 45 588 131 544 134 285 137 471 41 274
2613 0.50871983311578628 0.85552347158458131 9.0540846584360359 130 132 134 0.73105916113144387 159 146 137 368
2606 -5.755123166336924 2.4824259526618273 12.931914818627785 163 116 111 0.62645796728532732 45 286 137 186 41 244 157 212 76 208 47 319
2604 0.84027380895031012 1.36200831922232 8.9164690115253649 0 0 0 0.84654813719096178 134 410 159 206
2595 -9.0114363280293883 2.985028574343755 10.948103399054904 102 93 69 2.0124482398157024 145 305 39 498 42 338 134 578 46 500 133 523 131 673 129 269 169 379 159 255 137 220 137 604 157 225 135 152 50 245 138 181
2593 -8.1908384162754189 -3.1780218584786302 12.19012583672955 234 233 237 2.3980106298180877 131 45 134 28 169 12 131 53 42 54 159 33 134 33 137 14 157 20 76 13 70 13 70 9 157 10 47 19 50 79 138 17 136 8 51 12 165 12 165 14
2590 -7.8850033975055993 -3.3620774927658625 12.049804279306032 127 123 126 1.2870063664353788 33 283 169 670 134 750 126 725 159 728 32 722 65 719 89 762 137 776
2585 -8.1715766411536155 -3.1616499051968892 12.167943545667901 153 151 155 2.3427368835893856 131 54 42 55 45 44 159 34 134 34 131 46 134 29 137 15 169 13 157 21 76 14 70 14 70 10 157 11 138 18 47 20 136 9 51 13 165 13 165 15
2583 -11.160286683919489 0.56562107599663114 11.127367426859688 94 93 70 0.76720661354436237 159 1128 134 989 137 1007
2575 1.5234854681735812 -1.543070329202636 15.956181794815327 10 11 6 1.5807874231769343 99 784 134 862
2556 -7.2469909980540166 -3.7428329706700079 12.986585513813472 121 122 117 0.79155113761772944 129 375 134 607 121 127 30 6
2555 -0.4158548084318574 -6.8062897142190257 19.235400468412593 11 11 0 0.9067718349422208 40 718 134 603 137 769
2532 -8.6004626274680795 -2.2510973334301472 12.296917545125371 249 255 253 0.38627571310800402 131 382 134 314
2518 -10.403891141211581 0.14990865566708894 11.350701937113699 53 54 63 0.45999726406735969 133 136 134 90 135 41
2513 -8.9563248611189952 2.8017333345433855 11.051234334506431 38 37 35 1.232996308041064 40 286 159 502 44 305 36 475 37 419 35 437 33 173 131 518 123 568 169 372 134 227 157 115 137 210 80 335
2511 -8.61946173141542 1.2269393932100106 11.133733575261926 236 241 240 0.20540403104337976 99 171 153 186 35 170 128 187 145 218 129 176 39 460 125 123 123 89 45 492 40 464 159 445 169 473 37 141 129 175 133 450 46 172 131 466 42 517 45 491 159 444 44 469 134 534 134 535 137 569 137 570 41 221 157 293 76 193 135 134 70 215 50 191 47 208 138 161 136 144 51 185 48 175 165 167
2496 0.98050720302733529 -1.1846904984717852 13.030349170897466 48 52 27 0.82064245592125085 40 877 45 928 169 778 134 858 137 889 41 590
2488 -5.3218260402068545 -2.0149103523814929 12.973769350190077 75 56 43 0.11848411014459943 159 986 169 683
2487 -11.709088909365912 -3.1861965494665228 11.387043542947778 97 95 83 1.3862210843507412 44 699 133 872 169 678 40 738 137 883 76 353 145 771
2481 -8.003782717312621 1.6951822971581121 10.20591042751029 216 217 221 0.40019516530541294 45 858 169 614 80 123
2478 -12.953907817633667 -1.4770563557571375 10.625251791780572 90 77 79 1.285541498290226 40 597 153 568 169 568 51 151
2477 -9.0339132376126052 -2.1215884147575084 11.832818388561465 214 216 222 0.65617644481685322 159 739 169 557 50 214 41 170 60 167 51 250 48 261 165 191
2471 -2.6157222045878905 0.03806042223591051 15.024571993225921 202 195 187 0.45464178591194515 40 145 44 427 45 442 169 444 29 27 117 16
2469 -11.709189711498542 -2.7705665095927396 11.481864697460464 70 62 57 0.49003700480611795 42 640 169 420 134 313 137 498
2445 -3.6983939737223532 0.73142838707849944 13.557844660499807 69 67 54 0.55364243781334455 42 188 169 95 137 97 157 56
2441 -7.7627256488607745 -1.7175447727142843 12.483061444489815 193 193 181 0.34371182097577818 42 116 169 43 41 40 157 160 136 19
2440 -8.210372543288404 -1.8112143401809033 12.700860802661262 203 204 189 0.27852568737044781 50 24 159 66 169 41
2434 0.19642236124028511 1.4644020037794157 10.106539908365919 215 222 218 2.3177389646403537 129 985 39 960 133 1039 46 1038 131 1047 42 1082 45 1085 40 1031 159 1062 44 1013 99 197 37 400 36 195 153 209 145 249 127 195 65 141 126 141 129 209 39 213 133 483 46 205 131 491 125 143 40 486 45 262 159 471 159 786 44 648 169 350 134 962 137 586 137 715 137 977
2423 -10.102176334404747 0.68776967733257843 10.96433801494655 141 150 178 0.18994762814667784 133 155 46 146 131 152 42 198 45 190 159 126 44 179 128 162 129 146 123 76 169 312 134 348 137 357 41 201 157 277 80 85 76 175 135 193 70 201 47 193 138 238 136 210 51 162
2416 -0.38110067883823501 -4.7878729789023184 17.115408613436497 39 46 15 1.755889269968568 129 577 44 922
2405 1.1771970956422231 1.5907207395076726 9.34465317953571 112 115 108 0.96423941574313032 46 234 44 654 137 429
2399 -11.937481576933731 3.8627352414736529 10.434889379507656 87 85 71 0.29451837858810903 46 683 44 535 76 117
2397 -2.6330692334073231 3.1327399891130656 15.224241167492968 66 67 49 0.5508302235074779 42 722 46 245 44 507 41 380 157 401 169 625 76 316 135 302 70 469
2395 0.47620516911427457 0.8385482809463386 8.8475911902549402 141 145 140 0.38546098692314623 40 454 42 228 44 463
2388 0.96479082153218931 1.3687242758912925 9.1681068157130365 64 55 49 0.55402085111047616 159 203 44 263 42 293
2370 -1.5824426349853868 1.4514867929353876 12.301855786699743 47 52 43 1.2443202553742749 32 541 126 665 33 667 131 782 45 969 159 916 35 174 129 473 131 191 45 499 40 639 40 798 169 727 134 931 40 1053 137 380 137 703 157 637 121 160
2360 -4.8324719706711905 5.457719003926579 13.91105716222256 53 55 40 0.46292089052407376 40 956 42 1011 45 1004 159 1036 44 977
2359 1.5830473875568751 3.7364729648895563 11.805169032706448 37 43 41 0.59840732663105012 46 1055 159 1034
2357 0.58369547320807968 0.82692476378990609 9.0289593327013247 60 59 49 0.34945295712407992 131 926 159 1010
2356 1.4811742750699295 0.86828115175566789 9.677023763180614 74 76 64 0.18623463671479859 129 626 159 1009 137 902 129 627
2355 -0.46346962417154042 1.0990593757316534 14.967620233367937 58 53 66 1.3201175946670829 40 1048 42 1101 45 1109 133 992 159 1008 99 1003 129 902 36 960 35 919 153 902 44 1029 169 858 134 923 137 937 157 695 76 629
2354 -12.14401298884712 -4.8904428188841367 11.699804235254655 241 239 250 0.84765066876547623 131 972 159 968 169 834 134 843 137 877
2353 -5.1370580489476119 5.1137879232969983 13.549200946640573 54 54 42 0.67879282207379021 40 846 42 905 45 899 159 961
2352 1.4647206421556553 2.3603855036879717 9.2721282842620667 84 84 96 0.51855521120535608 40 950 46 937 159 948
2351 1.2284649024554744 2.2460125475279038 9.7454842025634765 100 108 93 0.8250071425421136 46 934 159 939 44 898
2349 1.4151599349328339 1.6471474039445264 9.5444709561370225 98 104 90 1.0325289591706897 42 1046 45 1043 159 927
2348 -8.1117811414891055 2.4730603637898296 13.173691650846646 87 78 65 1.6902407437592628 145 968 159 925 157 392 76 395
2347 1.4777992743328137 1.06331903213571 9.7211695797009483 113 116 109 0.97513587424840542 42 851 159 913 137 909 39 631
2346 1.4385366267154376 1.0088197938782895 9.7904022009186491 60 58 45 1.1891082936818922 40 984 131 636 159 910 44 957
2345 -0.10644561689485975 -0.88650310925237907 15.789672719946969 15 19 5 0.380888621409602 37 661 133 621 159 882 157 622
2344 0.77968796473074053 -0.66817734467753787 9.4536224378484413 55 57 23 0.85701171351268712 153 567 159 875
2343 -6.8209919048856396 -2.8321861205211469 13.771145813877213 61 52 43 1.6146427328811466 39 575 127 336 131 743 159 874
2342 -11.825727564979674 -3.4161047015919359 11.511077021831609 92 88 91 1.0965278620974692 40 735 45 795 159 869 134 754 157 439 70 270
2341 -11.812725226583165 -3.3807397030219235 11.488529439562361 92 88 91 1.7130865350432807 40 734 145 427 159 868 45 794 39 387
2339 -8.8237570914881491 2.6443094480272711 12.418166749921509 40 41 22 0.33961996180709947 133 797 159 795 169 736 134 814 137 835
2338 0.34320907746858059 1.792569464926993 10.287252382907761 79 85 81 0.29931143548519024 39 479 159 793 131 506
2337 0.94051343026453471 -0.92709278163011632 13.056555713044439 59 55 28 0.045530304979861234 125 317 159 745
2335 -4.4903298336675759 5.8569005805559966 15.066888412803371 91 102 93 0.57925806672906288 40 697 159 708 44 806
2334 -3.4990564625432681 5.0353828254599025 13.906843201569869 53 51 30 0.68516186096375886 42 595 159 705 137 267
2333 1.5879578457176207 1.5454693780989253 9.5496525949437796 132 141 126 0.35420480352378547 42 312 159 665 137 590
2332 -7.8185511178628158 1.6868137925749973 10.179755192014699 0 0 0 1.0634060435312473 33 145 46 657 36 197
2331 0.55676692991322552 1.2321637220595485 10.586969026820704 187 195 186 1.9133670458281458 42 521 45 505 159 643 44 640 41 363
2330 1.6267006329338172 -0.69004962196612252 11.449678708953037 63 63 50 0.49201924574529016 42 657 159 588 40 398 134 627 44 588
2329 2.9179532550077689 -2.1197669518465516 16.99558129784856 41 50 29 0.014602172934612646 145 92 41 517
2328 -5.6095439506625171 -2.2157597372749565 8.8495987562804022 0 0 0 1.2220481543078903 37 310 128 375
2327 -11.704696663329431 -3.8108975800304234 11.081662772627332 65 59 63 1.5576114904209148 131 354 159 558 137 485 40 31 44 27
2326 -8.2411517698875567 -3.8709106606527688 12.295169809277201 172 215 224 0.51893449861649166 42 414 159 557 51 239 121 126 30 144 60 151 48 188 50 202 165 179
2324 -3.3398380004313242 5.1384986291983319 13.551956823539866 71 82 78 0.72785794083209276 45 356 159 539 44 561
2323 -9.2464854569990553 3.386369229193912 10.76155289522606 172 168 176 0.38808707127212089 129 278 159 511 145 323 44 314 42 347
2322 1.1186016745105143 2.2081488311385589 9.5292211631397716 112 123 109 1.0491653124892182 40 522 42 569 45 320 159 509 134 586 137 235
2320 -9.0143199700971497 2.9279978312520822 11.892657644032067 120 100 90 1.2665024981836275 129 256 145 291 159 495 145 294 44 295 134 215 122 101 121 77
2319 -7.7768856886339579 3.0386756912851314 13.052630725951943 54 49 50 0.39767184127410299 37 207 42 557 159 493
2318 1.4766518058948372 1.7028835378926972 9.87139730412507 116 116 106 0.37323200662766193 45 539 159 485 40 270 42 549
2316 -8.0238726261998572 1.8786715253940804 12.548203123449719 64 59 55 0.92363055288575657 36 192 123 99 159 467 134 391 41 463 135 214 60 83 47 215 136 147 51 369 121 165 30 178 48 310
2315 1.446909436747712 1.1762300631114415 9.6168175319060829 87 94 76 0.52734422032683759 42 259 45 513 159 459
2314 0.55740200412417729 1.0080200541098805 8.9994471899766442 134 136 132 0.58260018728393692 40 218 131 184 159 447 42 249
2313 0.56178197242015049 1.166420894940372 10.467894500340121 167 177 176 0.98013921527913728 40 217 159 446 169 474 42 243
2312 0.47793670344856315 0.99163042780771549 10.402176418219078 189 199 198 0.79443941002577911 42 229 159 435 169 462 46 453
2311 0.2686901051318164 0.93504434247694912 9.8110997660378914 191 199 201 0.84351777493883762 40 455 159 434 137 553 42 509 41 212
2310 -7.0085306819838769 1.0899170774934839 12.680736010428518 59 50 50 0.90613115182255999 133 435 145 207 159 432 134 360
2308 -10.462831847284757 -0.14379588342491381 11.289884629687535 93 88 79 0.26900096316509831 46 418 159 408 169 295 137 339
2307 -4.9606977231999538 -0.28301739719031765 14.318141803999794 49 44 25 0.65392327064215727 46 102 159 399 169 66 134 74 137 523 36 116
2306 -5.055794363422935 -0.28898468481016232 14.532713366738765 49 44 25 0.50376224373941014 42 464 46 103 159 398 45 434 134 75 137 524
2305 -11.739828613212929 -1.1226955726494832 11.235067733262742 55 50 31 0.39396062360075162 131 115 133 99 159 386
2304 1.6760506223271945 -1.0776041921018531 11.409592130642245 49 58 32 0.19961088175261013 45 625 159 374 44 579 42 429
2303 1.8172813647984911 -1.342779379665509 11.324327189605492 66 66 38 0.35522519527558738 40 53 159 369 45 56 44 51
2302 -11.842810241060654 -3.94058699279653 11.243753416571147 98 93 89 0.5948337046858887 131 352 159 354 169 410 134 604 137 634
2301 -11.637025551728037 -4.0522223789970031 11.101757671857269 64 58 51 0.40303977823040515 40 23 46 13 159 352
2300 -5.156844139884468 4.054989689402607 10.532607742222545 0 0 0 1.315687743459051 32 221 45 765
2299 1.9666686030629237 3.5059691612708792 11.409945538085458 127 128 120 1.0131260464846426 45 353 44 359 46 537
2298 1.228569711102885 2.3031294638007362 9.6139944192200009 238 236 246 0.46693725090858468 40 302 45 559 159 269 137 455
2297 -9.2184441211925385 3.2296241920191351 10.292536054949874 99 96 111 0.16449812940576775 45 316 159 266 169 230 134 250 137 446
2296 -9.2184441211925385 3.2296241920191351 10.292536054949874 99 96 111 0.16449812940576775 45 315 159 265 169 229 134 249 137 445
2295 1.0968491424937656 1.5560082126734998 9.403383658523067 59 59 65 0.38457830796372594 45 538 159 213 134 566 137 192
2294 -0.34214823606897476 1.1596953104551351 9.4643229372797091 237 247 252 0.27434997945480494 40 228 45 244 159 184 44 235 169 341 134 163 137 157 157 203
2293 -0.35727956563003277 1.1305248358539399 9.4487147713305148 125 128 135 0.62061617935034696 40 227 42 256 45 241 159 180 44 232 169 338 134 160 137 155 41 89 157 201
2292 0.61781627534661587 1.232868501871456 10.493773670814011 169 174 169 0.75965880180584122 40 221 45 239 159 176 169 475 134 538 137 153
2291 0.53615875094872401 1.0363145505291933 9.0111922613409856 117 120 113 1.1952911391529113 159 169 137 381
2290 0.012474203789431051 1.1088586121938848 9.9308099007384314 215 225 227 1.2270772624950192 159 166 169 335 45 236 134 374 137 144
2289 -7.207959023805099 1.3044287847345239 13.45233841794257 47 38 31 1.6017560341238457 145 210 159 157 44 212 137 136 41 218 46 161 76 184
2288 -10.130351739758378 1.0319500576945375 10.922544396864851 164 157 198 0.12686727090254307 40 211 45 228 159 153 134 135 137 131
2287 -10.130351739758378 1.0319500576945375 10.922544396864851 164 157 198 0.12686727090254307 40 210 45 227 159 152 134 134 137 130
2286 0.48359156137670489 0.73091274908137127 9.0255422253956912 149 152 140 0.36871999841836905 40 190 42 201 159 123 45 199 137 102
2285 -8.2993765092931131 0.58845948581065244 12.010139585496585 221 198 217 0.2349924818897752 42 190 159 117 44 167 134 104 137 96
2284 1.5273801919950729 0.66776777232241913 9.8531823899872251 108 113 93 2.0973786302274058 40 169 42 485 159 116
2282 -10.247336387745554 0.020318069550742633 11.266911621582747 143 147 158 0.12795116637414466 42 163 159 100 133 133 157 50
2281 -7.7045503474708772 -1.5602751288564665 12.708485669857893 172 179 175 0.33574403755280235 40 401 45 103 159 72 134 320
2276 -8.2254175943276824 -3.3492203187799161 12.182601617547917 169 175 171 2.3376040738561841 36 48 99 55 153 57 128 56 145 60 32 56 129 47 39 45 133 362 46 25 131 366 42 417 45 391 40 369 40 370 99 52 153 54 145 56 33 32 129 379 39 40 37 27 133 34 131 362 42 44 45 390 159 361 159 565 44 31 44 379 169 11 169 260 134 302 134 304 137 289 137 292 41 13 41 157 157 144 157 7 76 133 135 105 70 8 135 4 76 10 60 23 47 15 47 145 138 121 138 123 136 3 136 6 51 126 51 128 48 96 48 150 165 8 165 149
2275 -11.913025355828966 0.29349593907848837 10.186147577361721 205 196 204 1.3813404607960955 127 139 39 138 46 137 40 429 46 134 129 128 133 412 42 479
2274 -8.0843519460645137 0.7919187925304142 12.059939967479696 77 68 68 1.5476979543884377 128 626 32 338 99 442 33 112 129 621 133 776 127 733 35 718 36 762 40 437 37 112 129 449 153 164 128 160 137 691 157 279 122 455 121 388
2273 -12.035511018144602 -0.64748656155468143 11.10503291653761 85 86 72 1.4347931513919381 46 758 131 986 42 956 40 888 145 641 129 768 159 998 134 874
2272 -3.4589309209104875 5.2272398514281937 14.122247880701741 85 92 84 1.0767250619164739 39 529 46 850 42 1008 45 1002 40 847 46 703 131 845 159 1033 44 804
2270 -7.4072781239773482 2.254964378263185 13.683513525359439 63 58 48 1.0454667349346087 33 919 125 879 126 915 40 1105 80 785 122 652 47 589
2269 1.4935532616954266 3.1792921868766681 10.720316951074443 129 129 129 1.9281383061339514 42 1144 46 1104 159 1123
2268 -1.4177227184872077 2.5386857910775475 12.425982656174357 254 254 245 1.858914947298721 42 1158 131 1111 40 1092 159 1135 157 713 169 932
2266 -11.483795540805115 3.8229111723082236 10.534007991587597 94 87 81 1.2271095076510699 36 794 40 1003 41 481
2265 1.4031379141563931 2.1679036285882467 9.1711278314757934 98 103 101 0.62813328531633628 46 935 40 1002 159 1026 137 960
2264 0.45682082650392719 1.0494913407512647 9.3317391487794499 180 188 190 0.7231006714699586 42 1036 45 1082 46 917 40 985 42 1080 159 914 44 1006
2263 -13.076872958354455 -2.1000565798680131 10.690862145664283 37 46 43 0.6559704246530238 32 632 40 967 76 448 135 339
2262 -0.26929820377244812 1.9235042445717232 10.135764168215943 206 215 216 0.90643442415125308 129 806 40 930 169 827 134 898 137 918 121 69 30 183 29 271
2261 0.58973553659614975 -0.83165202997221066 13.668012665473224 55 53 31 0.39010278671904647 46 747 40 886 159 749 134 768 137 787 157 546
2260 0.7622506243463647 -1.0218729704397425 13.589902443139962 10 10 0 0.53733555186570403 33 517 40 882 126 302 127 563
2259 0.79149477489398856 -1.0429025207658873 13.728192886228596 10 10 0 1.2747590865956941 32 640 33 516 40 881 126 301
2258 -5.3528495235782767 5.2761243349645639 13.411776166571045 53 49 46 1.61907826301698 42 1009 46 852 45 1096 40 849 159 844 44 807
2257 1.3346774454170427 2.3066544790003944 9.207415735492825 121 124 140 0.82749815841696428 46 827 40 835 137 863 42 896
2256 1.619424040176128 0.99365058132262452 11.093985949396156 99 93 77 0.60956563921644058 39 446 45 957 131 626 40 787 42 972 159 903 44 748 134 889 137 903
2255 -0.87950545040063244 -0.26373454275460345 16.633961204573751 20 19 14 0.3109389659479927 99 640 40 769 37 523
2253 -13.782482365420623 -1.5844969988562738 10.314160052331475 38 34 38 0.60686926690629106 45 814 99 625 40 754 42 810
2252 -4.664752608087869 -4.1605778445311365 11.981003388777212 54 51 44 0.93244140611892834 99 760 40 719
2251 -9.1792817504654849 4.1832306874787628 10.450748625812588 49 45 34 0.66160163371865255 42 599 131 703 40 693 137 763
2250 -13.326899988145373 3.8577241686286179 10.047398510023074 31 36 49 0.85878789006986789 125 410 40 678 65 193 73 195 41 386 80 169 50 136 138 186 136 172 165 132 49 65 139 73
2249 -3.6406552152495304 0.97346740149412248 14.347359676356689 84 80 69 0.92991762308943338 32 339 40 626 157 371 42 839 135 360
2248 -3.092449582177855 0.8914825929646939 16.402103107586885 0 0 0 0.75450380758322 45 676 145 181
2247 -11.904776904353339 -0.72038421193579538 10.301702080274945 101 93 80 1.1888815716630801 128 124 40 605 36 389
2246 -0.83065203036543522 -0.9595318664771082 16.709738535095429 18 18 1 0.80793165424696678 39 411 40 599 169 571 35 364 36 382 134 497 137 517
2245 -11.711295491477427 -2.5531555078264865 11.421911183186692 60 57 46 0.26476350311234131 129 391 40 580 138 217
2244 -5.9704997788779037 -2.4459861442202002 11.880121619533726 73 77 86 2.1196171561946957 36 348 127 339 40 572
2243 -9.9284339369379033 4.0116967009102495 11.358945361757369 42 35 33 0.34436674166858244 145 560 40 532 44 670
2242 -5.3124941613915979 3.1607098163853702 14.006564487627324 58 51 48 0.36984753423559025 153 236 129 505 44 293 76 98 137 201 131 256
2241 0.0055434086258052883 1.7254710458423117 10.225206260984889 160 165 164 0.46413298483517573 46 228 131 502 40 499 134 197
2240 -5.9327291838857974 2.2134000670112024 13.037153439312798 193 97 109 0.37292101290627938 129 220 145 262 40 488 159 475 134 399 137 175 41 237 76 85
2239 0.18902673699697398 1.1984810958823064 10.189597990774077 125 125 127 0.30482983352530979 129 183 40 470 44 476 169 337
2238 0.548387473888724 0.92938785379902 9.0498388855028953 134 135 137 0.37585418656248426 45 487 46 167 40 461
2237 -13.255500131555712 -1.3965364372066589 10.423304166808039 62 55 47 0.48781451579222629 36 94 128 104 40 406
2236 -1.0174338290498708 0.25251049196069764 4.1581601721821508 55 55 30 0.041430017827025122 42 791 40 400
2235 -13.288587377489788 -1.8911831636814407 10.521025169260142 72 67 47 0.7900304775628797 45 418 145 101 40 396
2234 -13.229812520619815 -1.8507689392794779 10.405407938405229 84 80 70 1.1486241040060206 37 55 126 63 40 395
2233 -10.222610648276827 4.2432802977655681 11.991315674158146 63 67 66 1.2139697512541152 45 326 133 289 40 306 169 518 134 717 41 387 135 164
2229 -2.9054450065905248 0.32854406117310442 14.627310047849553 140 137 130 1.2834608372056353 46 125 133 134 40 159 134 88
2228 -1.7149420936144433 0.085061442092991532 15.323126541611776 47 46 41 0.45955022052274674 89 97 40 149 159 96 137 75 30 29
2227 -7.8240517607991977 -1.6694877383672682 12.81634633336944 161 153 146 0.30607578629985349 131 98 40 92 159 70 47 33
2226 -13.148862394876167 -2.6474681484851446 10.706776022802886 107 92 71 0.76929771825967164 129 63 145 76 40 64
2225 -13.098059280563691 -2.8770687394114107 10.626372618035941 73 71 59 0.36293819322445137 45 402 65 44 40 57
2224 -13.169066092895072 -3.9123589211715495 10.864681602455411 130 121 116 0.19138499145368865 89 32 40 30
2222 -10.433378264290091 0.23119705699564619 11.212314881201598 74 73 84 0.91001626153474713 50 39 37 91 133 408 46 130 45 449 65 332 99 647 37 533 35 573 128 619 145 797 127 372 126 491 129 772 39 764 133 769 46 766 131 761 89 545 125 337 73 509 123 410 42 825 40 426 40 780 159 106 159 895 44 741 44 857 169 446 169 587 134 785 137 343 137 804 41 331 157 367 80 77 76 283 135 188 135 269 70 308 122 199 60 50 47 282 138 233 136 202 51 353 48 162 165 162 49 153 139 82
2219 -13.009022756428065 -4.2007282314407206 10.923200790191855 121 119 115 0.45292554691692138 145 41 73 28 45 383 65 267 133 599 46 568 89 25 73 457 127 34 44 694
2217 -13.547209753929048 -2.1836332955506741 10.477552996416801 51 47 36 1.1138086807900862 145 1131 45 1105 40 1064
2216 -12.635971517585793 -5.0676926562132865 11.22919198863314 104 103 98 0.97488182823367675 65 710 125 785 45 1053 157 522 80 737 76 507 135 320 70 492 138 354 136 323
2215 0.17792036418242155 1.0641297907462719 10.372458579515071 180 192 188 0.41161489638634424 46 986 45 1033 44 956
2214 -11.935185615225826 -0.53021208883085258 11.035174422126511 92 88 87 0.94567796118198633 99 798 45 1022
2213 1.223179629941767 -1.2509290304831422 12.662747302877067 48 51 26 0.70654348943005885 153 723 45 1011 44 925 134 857
2212 -5.6413007568776541 -5.3293978873762695 14.758521084039947 90 89 72 0.35422654965913886 36 830 73 597 128 874 45 1007
2209 0.45104986558144106 0.9110205367253611 9.1035002469472914 76 78 96 1.4374759534152601 46 638 45 963 44 874 134 890
2208 -8.4153715133246987 0.96892161910164054 11.944241065324011 185 168 184 0.45391646088269305 36 764 89 553 45 958 32 656 65 341 73 514 123 418 123 541 44 950 169 814 134 926 80 579 47 514
2207 -0.56380718852529044 0.030307127939424881 5.4586190430029369 64 67 36 2.9876339976122246 46 599 45 924 44 829
2206 -12.869935591981998 -4.2384869923520556 11.503885796588683 112 100 98 2.2266046506001511 131 861 45 911
2204 0.13813928123580541 2.1496213492355771 10.13619370237889 137 149 148 1.3380992291848415 125 178 133 805 45 879 134 819
2203 -9.4512971171599034 2.7635484617348407 10.240092933825801 76 72 67 1.3620810006809829 42 877 131 944 45 878 40 821 133 261 44 661 42 731 137 956 41 567 70 468 159 802 50 307 47 395 138 340 51 384 48 288 165 290
2201 -2.0366274107737095 0.85246516122389027 14.297062304192822 84 84 75 1.4593529196884563 133 632 45 839 169 595 70 530
2200 1.4975562682485657 0.64202515083024503 9.7790849560735342 109 112 96 0.89251912003462108 46 618 45 836
2199 1.5978818204064511 -2.316488815570922 10.108907427971952 87 88 77 0.44076816012940112 46 565 45 776 44 688
2198 -12.365254930568087 3.7479649154071564 9.8869867068607125 36 36 30 2.1629526853133867 50 143 145 713 45 735
2197 1.1872421893482805 1.6796046388426313 9.6452791323359719 56 59 53 1.3340678127454453 46 238 45 719 134 570 44 656 137 597
2196 0.05175593752331336 1.5732032541272485 10.253778053218213 208 222 223 0.65427990577788997 46 475 45 707 169 493 42 289 134 403 41 239
2194 -0.92395298094810385 0.48289910746259856 16.272166648951458 26 27 12 1.0670273322188271 131 612 45 663 37 349 39 608
2193 -0.83937753430853179 -0.83298571292848589 16.623533073767579 20 18 7 1.4956503434560799 145 460 45 644 40 408 39 414
2192 1.2266187742097203 -3.0641132357515559 34.229679233394144 44 46 20 1.0353211867672409 36 370 45 642
2191 -13.455768238718628 -1.3184606029997763 10.371362631107912 89 77 55 0.73760987526725363 65 73 126 303 45 641
2190 -4.6819404104599913 4.3652957563417889 11.480857595360039 55 59 52 0.60675467651989046 46 343 45 599 44 565
2189 -9.7148796459070201 4.1647223004598199 11.511502515079389 68 68 53 0.29694590600318599 128 273 45 570 137 616 157 233
2188 -0.094268089257841317 1.4959049057005525 10.167437117162402 239 253 250 0.94055707329755989 131 214 40 484 169 489 134 397
2187 -8.3531457984693507 1.6865358715162595 11.704699393070825 249 254 253 0.24130739767231268 37 161 45 522 159 190
2186 -9.6960678050201494 1.3388633294725274 9.6017631935364705 220 227 228 1.3068415689553441 45 517 40 478 159 464 41 93 157 92 138 167
2185 0.32186578590824633 1.1819271944884013 10.297979270933192 181 195 192 0.64697124086897773 46 176 45 501 40 219
2183 0.1917151507990022 1.1613671206240028 10.291355272095114 198 209 215 0.60934533951669989 133 181 45 497 159 168 157 194 41 83
2182 -13.496021823838449 0.36096366094780358 10.234682308597211 74 73 67 0.26029330241417303 145 485 45 451 44 437
2181 -13.04295154193262 -1.5565470594088466 10.442735200987755 102 96 75 0.09789292053310085 46 78 129 403 45 426
2180 -8.1021264748646296 -2.9657519379123345 12.483590573019889 237 235 236 0.72017087508564692 39 570 45 400 134 308 131 61 47 150 51 133
2179 -7.9525089054659333 -3.2769275970665426 12.550992201711775 252 255 248 0.18044913621439357 50 75 45 394
2178 -7.9376804935549341 -3.3155812041506509 12.460241953034648 214 206 199 0.69137016579605648 133 40 45 392 44 40 169 261 134 27 157 143 50 149 51 127 48 95 165 148
2177 -8.9359315342559107 3.9827088278127896 10.1012491676314 123 120 122 0.64033687111052151 46 329 45 345 44 344
2176 -5.8166196072336547 2.1277067418823079 12.712986811768337 198 85 103 0.27253655722636605 131 221 45 266 44 255 169 163 157 102 70 104 136 151
2175 -5.8480882834683214 2.142500951317873 12.777300647147381 198 85 103 0.81693585114928102 131 220 45 265 169 162 157 101 51 83 70 103 136 150 76 84 41 236
2174 -8.4544324699493156 0.93164696200795893 11.149233197736915 203 190 209 0.27527179015760922 39 169 45 220 44 200 51 56 138 56
2173 -12.052051217919136 0.73284509547811327 10.349519035391792 125 117 114 0.79353555599029424 89 110 45 205 40 201 44 193 133 159 82 35
2172 -11.89386814530911 0.71370536899372439 10.555752167629489 93 85 87 0.64301447306884907 131 155 45 203 44 190 169 316 157 72 76 62 136 55
2171 -0.58976006452577867 1.0940825107275942 15.277939583217549 71 77 67 0.66982151497158793 37 116 45 192 41 444
2170 -6.7776195643935839 0.67036573194016313 13.534551970695002 86 82 66 0.91046676745091082 133 415 45 181
2169 -12.284016497659486 0.43832690926636719 11.110304967858081 89 89 79 0.5225585100245469 37 98 45 178
2168 -3.7774965387522426 0.36973789945788121 14.106988999963832 69 67 56 0.51756072602417591 65 98 45 164 169 445 41 188 157 270 70 303
2166 -9.1987896886248617 -2.4785816407948436 13.880580244760187 218 223 223 1.4850984676082617 133 74 45 84
2165 -9.0896126246453619 -2.0942331425535787 11.877254034168878 216 214 225 0.22920739921474406 46 61 45 83 159 54 44 81 41 34 70 22
2164 -8.0621319793198651 -2.4768554363066224 12.188975990128597 244 254 250 0.22807749530736993 133 65 45 73 169 30 134 50 70 19
2163 -8.1219657940935051 -2.5247374795381532 12.191068318961729 169 186 196 0.176214568064326 131 72 45 67 159 43 169 27 134 47 137 31
2162 -7.9143186009627904 -3.1824725335725108 12.349162872096718 246 247 239 2.1987029499685886 50 77 45 41 159 32 46 31 44 46 45 46 134 31 137 11 157 17 48 10 169 18
2161 -7.8462992202945587 -4.7858278641707015 15.382379821198302 252 249 238 1.6945821640307592 131 734 45 29 159 723 169 663 134 744 137 774 157 428 135 239 47 4
2160 -2.6108680918826357 2.8151283027376457 14.838701924061899 54 55 46 1.5341654180319255 32 172 133 229 42 720 39 788 125 161 44 770 134 694 41 245
2158 -13.313979007490477 0.33445038027123136 10.226191857282425 60 66 52 0.67214403368939379 37 539 145 799 125 507 42 833 89 373 153 587 76 288 47 185 51 156
2157 -8.7552752349204681 0.52517795956187419 11.369608742703448 173 163 177 0.53211014757522856 129 614 131 915 99 437 37 356 35 143 128 152 145 652 127 143 32 127 39 435 46 619 42 687 45 674 40 620 159 900 44 623 134 788 169 705 137 810 41 335 157 468 76 286 135 357 70 313 122 210 50 171 60 188 47 374 138 235 136 282 51 271 121 236 48 213 165 197
2156 -9.9410454467593379 1.3813875306052192 9.9229250582375599 217 221 223 0.71948578364442128 39 203 133 464 42 713 145 237 45 698 40 645 44 646 41 227 157 296 76 309 138 250
2155 -4.6221677334212945 -0.18121892571123524 14.516863593643759 65 52 41 1.7484547832904822 36 853 46 974 65 90 99 127 36 617 128 787 153 740 46 899 42 1068 40 892 159 887 133 764 44 849 41 663 76 368 60 181 121 148 30 279 130 178
2154 -5.1275429340019967 4.8501413173920858 13.300399757780928 233 229 253 0.21660562626282481 37 251 153 276 42 378 129 312 39 306 46 534 45 343 40 322 159 314 44 550 169 528 134 278 137 466 41 272
2153 -8.157524838937146 -3.6132731946582992 12.220567428511782 134 136 146 0.61026139151635661 37 22 99 48 36 39 153 356 128 366 145 424 33 29 129 374 39 376 46 570 73 39 123 23 42 39 131 29 153 46 45 615 159 25 44 571 134 20 137 488 41 156 157 138 76 130 135 104 70 153 122 14 60 152 47 144 138 117 136 181 51 124 121 211 30 145 48 148
2152 -2.300258367439505 0.28406747561823614 14.883641272915151 251 252 246 0.16841117172237319 39 1111 46 1122 42 1175 45 1165 40 1114 44 1086 169 952 134 1009 137 1033 41 759 157 725
2151 -9.0986570482149745 1.300874787261882 8.7295355039012055 0 0 0 0.70424832658356906 129 1107 133 1080
2150 -9.8733217577443106 1.3881821636296376 9.2497697376177808 233 232 246 1.65057786509784 129 1106 133 1079 145 1170 169 929 138 502
2149 -13.309467708895649 -0.856709982671786 10.246768262772768 89 82 90 1.6083135658818717 145 1166 42 1148 45 1139
2148 -13.309467708895649 -0.856709982671786 10.246768262772768 89 82 90 1.6083135658818717 145 1165 42 1147 45 1138
2147 -6.2398371325400648 -1.1673261769196739 13.383597051894641 85 78 50 1.4459702452101926 35 1014 36 1040 37 954 42 1124 45 1122 40 1065 76 613 47 574
2146 -10.333025555602875 0.017046585800297023 11.476709449265238 53 56 47 0.70016688031757413 35 980 99 1060 127 966 42 1099 45 1108
2143 1.4390880129544552 1.9575705540781396 9.5854922558963267 87 96 79 1.6351613870548312 133 686 42 1050 137 920
2141 1.307335258744893 2.5316881853564612 9.2534846690519608 70 71 66 1.0891383500061782 46 1016 42 1007 40 845 159 1031
2140 -4.1013271390047921 5.2004244994933231 14.015413204766174 49 48 33 0.81993455257579184 131 965 42 1006 159 1032
2139 -9.4489250523670716 4.480658001036022 12.054782535755477 31 38 22 1.5001677856489575 46 839 99 719 42 1001 45 995 44 908 80 355 73 554
2138 0.33927976522538178 1.5745406137093316 10.259423737055899 54 64 64 0.26053020786229475 46 796 42 986 45 974 40 923 159 924 44 884 169 825 134 895 137 832 41 631
2137 -11.591474400626781 -0.45452885206446608 10.94764183860848 56 56 57 1.7759183974205155 46 761 42 958 40 774 39 602 44 941
2136 -11.766477963798387 -1.0075136586824567 11.141821020098581 60 59 41 0.61257853194539902 46 893 131 899 42 955 47 274
2135 1.0256274361422117 -1.4910571244577766 18.741435041916905 10 11 0 0.99783391633742413 35 552 42 947
2133 -13.250928053931279 3.7289613857126533 9.9876057182130946 96 91 73 0.71185467554710902 145 711 42 883 45 561
2132 1.0614364295845928 1.5493848362477856 8.8984794801897014 53 51 55 1.6296665817243099 99 488 42 875 45 871 40 995 44 892
2131 -0.21835750802729839 1.3407538428410863 9.7047751811940461 159 165 177 1.3440862568852108 133 480 42 863 99 191 44 761 40 649 134 686 137 712
2130 0.20143710089253389 0.99098721627836428 10.380347933191276 176 187 188 1.8864882925521387 46 635 129 165 99 159 99 160 159 623 169 816 42 845 45 847 41 208 131 167 157 477
2128 -0.50744213207678146 -0.72115772650698928 15.608911831640869 12 18 5 2.2752570853455487 133 760 42 816 45 819 159 750 44 845
2127 0.29731839008579231 -1.0754653363564015 14.526894046321477 50 49 21 0.65172287715186727 39 593 42 809 45 932 131 889 44 841 169 786 134 767 157 545
2126 1.7624443211263507 -1.3383786416988948 11.667737637006329 51 54 43 0.83647160288120115 46 583 42 787 44 827 40 874
2125 -7.4567259980535594 -4.0547009182716103 14.056554985922833 255 255 245 1.0419340764874878 73 300 42 782 45 787 44 696 70 491 136 319
2124 -0.47811374622577374 -5.835964966131395 17.651024402027744 4 14 3 0.61362961570545915 46 564 42 773 40 720
2123 1.4451664410394904 -2.2677419400764465 9.9137408018432875 85 90 66 0.72360010548301046 153 38 42 770 45 775
2122 -3.8132692462162128 5.0613012448182548 13.537072992854871 101 105 97 0.48150408799047051 131 704 42 759
2121 -12.161412261020974 4.3794677889154556 10.411583020603112 68 65 60 0.14519427470674409 46 700 42 753 169 526
2120 -12.263195097026189 3.9800759956012803 10.45851015502889 33 35 31 0.16742422249302824 125 210 42 747
2118 -13.090864014484868 -0.67733077914529383 10.549238514712428 99 98 84 0.57973288764039976 73 93 99 118 42 674 45 651
2116 -13.562430389956766 -2.3408423538419112 10.477732899759507 39 44 34 0.55636534489450173 46 736 42 645 40 743 44 709 45 808 41 172 76 31 70 171 138 137
2114 -6.8576304043392264 5.6373009453263743 13.468864589605438 40 37 32 0.7548350536703976 42 620 40 560 159 335 44 568
2113 -2.9736061306886623 4.4357860566316312 11.984740645311101 74 83 77 0.35161302143909723 46 345 42 618 45 601 40 701 44 567
2112 1.1883490163924304 2.3067136812966131 9.8492000935329695 122 129 129 0.97500617841233506 46 280 42 568 45 317 44 667
2110 -8.8097081522698559 2.4481713432235264 9.8615745460859188 164 162 168 0.61218804694001561 39 492 42 558 44 302 76 95
2109 -10.176886190559257 2.3492698924015927 10.036539029899666 190 190 189 2.3905519992489053 37 413 42 556 45 982 47 391
2108 -1.4469671141636176 2.5162306855599317 12.246120100737206 254 254 248 1.1624303221114998 129 243 42 554 40 276 41 118
2107 1.1084257078622159 1.5957248126292507 9.4571148531056028 170 164 174 0.3461440594169124 46 230 42 546 45 294 40 501 159 483 44 281 137 425
2106 0.20162448387011914 1.5855067443521791 10.05372136806389 59 71 88 0.39201644081750164 46 217 42 537 45 274 40 247 44 496 169 497 134 406 137 413 41 240
2105 -8.7022447724954066 0.95175532830686627 11.413240429156401 202 187 218 0.40403407846946099 39 168 46 156 42 503 45 219 40 207 44 199 157 76 70 74 138 55 136 56 51 55
2104 0.38865465127870819 0.8184181268317593 9.1028417933078938 64 68 66 0.83321655968854147 131 160 42 501 45 217 40 629
2103 1.5217366338461391 0.92613854584769795 11.331091379244427 74 71 62 0.57345874703130739 131 443 42 499 40 440 45 683
2100 -4.1674009177001272 0.93709976642724901 18.107319334303458 65 65 55 1.8432537402416536 131 433 42 491 159 120 136 40 169 98
2098 -8.1127332268072934 -2.6749367684592622 12.037872834680082 233 232 237 0.51560564327379999 46 42 42 424 159 370 169 23 138 22 165 92
2097 -5.0206323648205906 4.0036684418060418 10.463139333303966 59 56 47 0.5591390289871141 46 346 42 397 39 319
2096 -5.3141690238381853 5.0313296069994493 13.968234690541884 77 75 63 1.3521002294495423 131 699 133 299 42 372 44 339 134 269
2095 -9.2517327072965152 3.9579873858446302 10.557512124691625 39 46 31 1.3457376162756378 133 296 42 368 159 700 169 525 134 595 70 251 129 306
2094 -9.7498046999421426 3.9454092308276398 11.313411954451402 210 206 207 0.46798138245616155 133 546 42 357 159 689
2093 -9.502345563938519 3.4747445142965452 10.985721799465363 149 146 149 0.099746904283431193 129 279 42 348 44 313
2092 -7.6918483045791426 1.9388521129849328 8.4875108005460653 177 176 184 0.57025441238019137 131 257 42 325
2091 0.2697590192229079 1.6366033097024841 10.059352118269601 54 59 68 0.59280297501097834 46 224 42 305 45 281 40 251 44 271 137 418
2090 -7.457185878149029 1.811477885578346 10.910532993550325 163 156 164 0.89490018587150644 128 213 42 284 45 263 133 213 169 161 134 178 157 98 135 72 70 98 50 134 136 74 51 79 165 125
2089 -7.3411818537508982 1.7877959889753727 10.78257000556337 163 156 164 0.90627108661094624 50 133 42 283 133 212 134 177 165 71
2085 -4.0507507379287251 1.0507378769193805 14.647975013306807 37 35 20 1.424471182595092 37 117 42 208 45 681 44 185 157 181 70 199 47 377
2084 -8.2678390547479061 0.60380622408997819 11.967753204922859 234 215 211 0.48763555665164376 37 106 39 146 42 191 46 142 45 457 44 168
2083 -7.3893043304494235 -1.8929674551214064 12.581375891575476 222 222 224 0.51559352295219207 131 89 42 104 45 414 44 89 169 426 134 55 137 310 41 304 157 251 76 257 122 191 47 349 138 362 51 336 48 258
2082 -8.0534499292659394 -2.5200964599153743 12.063629475644865 178 186 189 0.71811074796122909 131 70 153 79 42 78 45 65 134 45 137 29 41 25 157 32 76 20 47 27 138 24
2078 -11.9157756018471 -4.1552712317393894 11.437527423903896 83 76 77 0.50508751654891537 46 14 42 34 70 12
2077 -2.1228320920267496 -3.6290678674033598 7.5523363982219589 68 67 65 0.32770797459749645 126 588 123 493
2074 -3.447278436829758 4.1915264245903687 11.830635305852949 54 60 43 1.6705555070573179 32 934 65 868 123 777 89 874 80 774 126 887 73 768
2073 2.5391690514438294 2.2651979529636996 8.8734492546155899 38 35 22 0.60829899117501007 33 410 125 401 123 310 65 542 153 926 127 768 126 537
2072 2.5397693217773356 2.2604401789568453 8.8692163983811643 38 38 29 0.60482842185968255 33 411 125 402 73 401 123 311 153 927 127 769 126 538
2071 -10.211740938182425 -0.097294540221771378 11.343712823133048 44 46 36 0.31641701642354991 65 498 50 302 99 803 127 723 32 520 33 528 129 885 39 762 46 903 123 532 65 497 37 670 153 744 35 570 128 789 145 796 126 489 129 884 39 761 133 892 46 902 131 908 89 364 125 503 73 507 42 962 45 944 45 945 40 895 40 896 159 889 44 852 169 702 134 782 137 800 41 541 157 465 80 441 76 462 76 463 135 350 70 423 122 332 122 444 47 449 47 450 138 374 136 354 51 427 48 272 165 248 49 152
2070 -12.296335753253931 -6.6060206443759357 11.01755982100318 31 35 35 1.3088271200131119 50 200 126 582 89 633 125 581
2069 -6.1902019986423875 3.7495959878850602 13.356042982823924 73 71 49 1.3532657573775795 128 667 129 923 65 835 99 1019 37 932 36 975 153 1000 128 1076 145 1048 127 947 32 799 32 863 33 851 39 1021 133 1089 46 1008 99 854 126 682 39 897 131 1080 89 871 125 765 123 455 123 731 42 1114 45 985 45 1094 40 1059 159 1020 73 541 169 903 134 971 137 984 157 684 80 680 129 1000 76 608 135 511 122 367 122 590 121 438 30 343
2068 -2.5531359537542024 4.205170253004054 11.223296858349325 150 162 157 1.453496443318115 128 836 153 1009 126 791 89 460 33 219 126 215 123 160 37 462 133 953 80 365 80 608 26 94
2067 -7.7720337330534086 4.5950347971315813 12.586378408077346 42 43 38 1.1299977544632211 35 462 128 517 123 153 33 430 37 245 126 397 129 708 36 264 46 693 45 747 159 831 169 395 44 334 134 594 122 275 60 236 121 185
2066 -7.8020016968440977 4.463380699352566 12.519721479273018 76 82 69 0.43479934291149047 35 239 133 293 123 145 127 461 89 215 36 680 159 694 44 328 134 590 137 250 41 269
2065 3.7673552659253948 -2.2591489235339259 7.6785464981538532 43 44 35 1.6749974390838875 36 933 65 457 36 1062 65 715 153 1101 35 1009 127 959 32 875 126 854 33 806 125 788 73 603 123 365
2064 -7.3257018933096409 1.1214251094147327 12.612593141930812 173 167 152 1.4153544865634387 145 506 33 122 123 84 37 374 39 178 131 170 159 151 137 129 41 75 41 215 76 67 70 77 47 290 51 57 30 114 48 167 165 200
2058 -12.858621324330176 3.2054173526970091 10.031401226941572 101 95 83 0.32672755735091319 73 891 128 1145 123 808
2055 0.087646108040359244 2.7847534909859148 9.7581632965243212 192 204 194 1.620420023651856 36 1073 129 1135 123 776
2054 -10.661967862744998 1.5747064651288663 10.870687730963857 250 255 251 1.5099901546208165 50 340 123 769 80 750 51 522 49 187
2053 -5.607735710703599 -1.8535523136662795 13.891515118642179 83 86 67 1.8860408269913806 37 911 99 1052 123 705 40 1043 134 953 131 1064
2051 0.38260698360138717 -0.3522210967371906 2.1720731921447785 65 54 52 0.43970268387150113 127 824 123 637
2050 -13.218139472222399 -1.9776846151078333 10.55577966816726 93 84 75 0.54287928185765411 50 269 123 626 135 340 47 436 138 369 136 342 48 265 165 241
2048 4.794727801506701 1.3719999608465416 4.5427256759440429 46 52 43 0.50407692782919677 33 853 73 543 126 847 123 572 60 323
2047 2.5447956305278976 0.6081134903708636 8.7098205343275996 77 75 51 1.1339072685881308 33 537 65 650 123 538 122 460 26 416 29 307
2046 -12.755813603317756 -5.0853982550064387 11.219549141983377 108 106 100 0.2960280219054644 133 730 123 496
2043 4.807634977720042 0.82578144656980101 4.5211735324954594 57 54 37 0.76704406111691137 126 774 123 439 33 777 80 464
2042 0.49100019198407674 -0.66459044361214503 11.279460710630453 26 34 11 0.38006963804824911 131 887 123 402 122 328
2041 0.46791136026406399 -0.95114122425237613 14.078287545413646 31 30 9 0.74354956717620369 39 864 123 398 41 523
2040 0.66149449503960767 -1.1442761509716741 13.727594202160965 56 60 35 1.1639502641723456 126 627 123 397 127 714 33 514 159 991 134 864 137 892 41 593 42 943 44 834 45 930 40 880 157 614
2038 -9.948757408848607 4.0313938164612901 11.591522890469021 172 157 165 0.31006735480484149 37 596 123 320 60 227 121 273
2036 -13.238487385406835 -1.7562019067903762 9.3840956132343436 162 160 165 0.16416038965489349 127 80 123 234
2035 -1.614661950015372 4.1572587421268263 9.4288085838762701 135 146 153 0.10319851712548392 33 242 123 173 122 142 60 129 121 200
2034 -12.1001885658854 3.9897504143633808 10.510122501717632 40 45 48 0.4762009885438328 128 271 145 568 153 480 123 143 42 581 44 671
2032 5.0508869759852271 -1.9665027192743958 4.8843292199274577 75 77 63 0.17690930438952077 65 264 125 266 123 16
2031 -9.7424559993204696 4.2038440592749149 11.420256570682286 47 48 30 1.4973385789918898 129 1004 145 1053 39 975 46 1015 131 1054 127 949 39 1025 65 400 99 538 37 602 32 567 42 1091 45 1049 40 1037 159 1076 44 1020 169 881 134 942 137 961 157 654 70 593
2029 -13.152249281194351 -1.607549282696789 10.458286439201958 100 103 87 0.93538928090806472 145 1016 32 742 73 716 128 771 153 877 33 513 39 863 46 966 89 669 125 624 123 631 45 933 44 934 41 601 157 560 76 528 135 417 70 511 47 359 136 348 51 425 48 269 165 244
2028 -14.137997943324722 5.7873566832025229 9.9408947533479672 18 17 12 2.0806336925869306 32 819 73 780 65 688 128 969
2027 -14.235466099644643 5.8478332466522378 10.011717723929376 14 13 9 1.9250835927364565 32 818 33 709 73 779 65 687 128 968 123 690
2026 -8.4877508032756257 0.82615827229313155 11.673548002823351 103 101 106 2.1865314488516105 73 803 169 915 135 519 133 1108 122 607 51 518 48 354
2023 4.8179757657627267 0.41420323833613953 4.5291137535346104 62 62 50 1.2439412927017024 125 746 73 739 123 544
2022 -12.938235458425519 -0.99047191304029181 10.588120702872232 113 104 107 0.89425058518433942 46 971 73 726 41 604 157 460 70 522 138 309 51 350
2018 -5.9878833218039329 -2.9324397823945954 14.675757167199725 86 94 70 1.7500024059445913 133 879 73 613 159 982 129 961 169 682 137 784 138 470
2017 -6.2603561012470355 -4.0172866104557645 15.071355522004625 65 69 55 1.3062430726335463 129 860 131 869 73 606 123 506 125 603 80 540 30 264
2016 -3.6727616049221332 -3.655539513161552 10.835519529407824 0 0 0 1.5710674748069584 131 969 145 907
2015 5.4631268618851703 1.7177337548039973 3.2262277803600945 58 60 59 0.24815388558541904 65 692 73 573 80 508
2014 -11.322903139222777 4.1659692874574192 11.044827805582267 47 59 57 1.3201695892650291 35 763 73 550 123 577 40 945 128 511 99 534 137 852 60 231 47 401
2012 4.7977780515311963 1.2936841040744695 4.4067454987739598 85 82 75 0.60431812467973911 89 580 125 539 73 405 122 256
2010 2.554313116878745 2.0248088612899191 8.8938461467291017 42 42 30 0.69105671329762819 32 672 73 386 123 304 29 212
2009 4.8299299351841389 0.55853794109046329 4.4350829705459089 92 90 71 0.24031729741233709 65 515 125 512 73 365 123 430 80 308
2008 -11.063950039380732 1.3068413929057563 11.173410602915682 99 98 104 0.30398946938750859 145 222 73 364
2007 1.3266196113461832 -0.76999355880406606 9.6835683708659683 69 65 45 0.64835587416339147 32 504 127 560 73 336 137 783
2006 -13.571668334338842 -1.7826770839882933 10.281479165967076 42 51 36 1.1805897297842272 35 350 99 396 73 322
2005 -13.326998023492486 -2.5368761175361496 10.501304794648965 78 82 73 1.1207516734593037 37 319 39 580 73 313
2004 -13.167693065489026 -3.259747933050293 9.8682744437999173 54 70 83 0.5561592582068946 153 545 73 303 123 370
2001 1.4199720518965495 2.6855499321373428 8.5088752183811085 124 125 120 0.8131037620538204 35 463 153 489 73 190
1999 -1.8072159914546861 0.8201435806829851 12.683089334776495 83 84 70 0.015599169844570115 35 150 73 116
1998 -8.1627443428296242 0.66138509864306594 12.049286484229334 122 131 147 0.39372173786628056 50 225 73 114 169 304 134 109 41 195 157 179 76 169 135 46 70 61 122 55 60 58 47 62 138 143 136 44 51 155
1997 -12.900897791764157 -1.2552840501450127 10.450751931961996 51 57 37 0.79514417782989033 127 102 73 79 35 94
1996 -13.253767469956372 -2.5355824449648847 9.6058622471522153 65 76 79 0.3221262065506611 153 73 73 50
1994 -12.158026992851378 -4.9168109655055154 11.922101131816261 243 251 252 0.49802576566090123 125 20 126 24 73 21
1992 0.093683626019197497 3.2137194498825887 9.7098291596669064 202 210 202 1.4204039400047801 153 1136 125 866 73 853
1991 -1.3869747286850915 0.60232251736529741 8.465854507698074 50 51 44 2.4084413629740915 37 360 125 108 33 111 89 112
1990 -2.9423967847636474 0.81801686729481715 15.047990525320726 116 116 106 1.3734135884683141 33 339 129 616 153 410 125 346 36 418 126 102 40 622 126 319 41 333 135 270
1989 -13.120151915035651 -1.9591687033156135 10.514187021328484 97 91 80 1.0600232586385738 145 925 127 544 32 499 126 461 33 303 39 743 35 543 46 886 125 619 65 618 36 845 128 897 89 771 73 480 99 386 123 627 45 1015 44 988 76 449 135 341 70 510 157 554 50 270 47 437 138 370 136 343 165 242
1988 -8.0834844116529609 -2.931761104659905 12.412482423190756 250 250 247 0.81761260898277444 37 646 36 581 128 590 127 532 125 281 129 587 145 432 39 571 122 25 47 151 153 69 30 148
1987 -10.418177137644916 0.1309348935096685 11.490187025417097 57 57 55 1.9395456906587509 65 97 99 425 35 381 145 649 32 329 126 314 33 101 129 610 46 613 89 99 125 336 65 635 99 918 37 778 153 887 35 712 128 910 145 939 32 650 126 645 33 757 129 887 39 874 133 987 46 977 131 989 89 686 65 499 73 348 73 637 123 70 123 533 42 683 42 824 42 1029 45 665 45 1028 40 614 40 977 159 1004 159 1050 44 615 169 799 134 919 137 936 41 330 41 613 80 294 76 281 76 467 135 187 135 352 70 305 122 198 60 183 47 280 47 452 138 232 138 376 136 200 51 429 165 196 139 100
1986 -13.538204689938631 -2.7766060134835926 9.4090143784687701 73 78 83 2.1420377975922618 65 725 99 901 37 755 33 633 125 612 36 582 99 370 35 532 128 588 32 490 126 451 123 378 123 514 41 415 157 445 76 254 70 275
1985 -4.4227905556850766 -0.032456256823643642 14.449741735813088 153 146 132 0.96626807640370715 32 113 65 91 126 89 153 403 46 114 125 89 37 667 153 743 35 709 128 788 129 883 133 767 131 905 89 682 73 100 159 888 134 876 137 76 137 797 41 608 157 564 80 440 80 567 70 605 122 445 99 130 47 540 26 403
1983 0.55604612184666868 4.6669587741445646 10.402784025751588 37 51 45 1.9558020320263525 33 935 127 1040 125 895 121 498
1982 -1.9612315648532037 4.6387292048289588 8.9177511765493325 176 191 182 1.955784192350063 32 912 125 857 122 599 60 520
1981 -2.231145346062744 4.9134472314630919 9.737289339679867 175 191 181 1.6706706331258547 128 854 125 834 73 778 80 691
1979 1.4182052412871164 0.81810596411416192 9.612588232673394 82 83 76 0.16909572094279363 33 762 125 744 123 545 60 379
1978 4.04840316618027 2.7605723457757696 5.6518770814583403 59 63 48 0.25333734395828594 126 803 125 690 123 594
1977 -13.434565679909305 2.1345242312585717 9.9331587747338936 97 100 81 0.66824639060134428 99 836 125 661 76 394 70 455
1976 4.9588550674935021 -1.1463571258731897 4.8637014989415448 52 55 46 1.1118187143843288 126 599 125 611 80 32
1975 -5.7080473748442673 -3.834844795026418 14.0524589154846 72 75 64 1.2746671352550212 133 866 125 604 73 607 123 507 122 418
1974 -4.5483934182135446 -4.6506525403098617 12.353532874980894 71 72 54 0.37663748885308818 131 857 130 211
1973 -12.09257663884479 -8.090459268560906 11.162130891135513 68 79 70 1.9881045628961829 50 249 73 687 36 704 125 577
1972 4.102076192094338 1.6370147013084875 5.6766721114998324 53 54 46 0.28065423748436014 126 684 125 541 33 686 73 408 123 454 80 341
1971 4.7788478962161491 1.1269742739230619 4.3501162776412388 82 80 81 0.25292685680784399 89 429 125 536 73 535 80 336
1970 0.64094552438323904 1.1214143082078196 9.1203322612112796 99 101 93 0.31354795548003611 89 392 153 758 125 514 35 732 73 524 123 432 122 347 121 250 29 199
1968 -13.69456131713747 -1.0728992044555576 10.407052038715786 0 0 0 0.59095406865631517 35 101 145 634
1967 1.161635455333333 -1.6228234830542474 19.738935773345549 0 0 0 0.37109409081977573 39 752 99 624
1966 -0.088703470662107237 -1.4045238035785845 20.791902694746131 30 34 21 2.1704287820638921 32 510 125 492 122 318 129 760
1965 1.9302197214527106 -1.0065780186708486 10.029521105467522 76 78 59 0.33637230247350419 126 469 125 488 123 395
1963 -1.7259240264821396 3.8616041802838854 10.379501570356149 66 75 59 0.48831949708912736 33 218 125 428 126 214
1962 4.7811212465928348 1.2967695327120807 4.5185695434489475 54 58 51 0.51151982694202258 126 685 125 404 123 313 73 182 80 339
1959 1.8705577539967775 2.3565938326588767 9.9114957576419975 62 63 54 0.74990512166889756 33 569 125 397 60 401
1958 -1.5536563782548507 2.2936188821504668 11.831085890103978 65 71 67 0.66996111219462628 153 771 125 383 80 595
1957 -2.495363886839602 0.9169212063608988 15.65414594321995 106 117 103 0.78493918037355548 89 104 126 322 127 385 128 440 125 350 73 115 42 834
1956 1.1087934447328032 -0.11059524253848151 0.39784842758297612 78 80 69 0.25873592590720013 35 65 125 334
1955 -0.78080490256775015 -0.69196156452575597 1.0837597221253583 95 94 92 0.88649430293928821 32 52 125 288
1954 -3.9358535388463918 4.0164226544808557 7.989086180025061 241 253 253 0.29446588757761633 127 495 125 240 123 343 122 148 60 253
1953 4.0212195612543287 2.2651749542345065 5.473392454799721 54 59 54 0.06955668509347579 89 243 125 231
1952 -13.030123980293304 3.7328242090875774 9.7062851465487974 53 65 58 0.25242000847300938 36 256 125 202
1951 2.9020069952686334 1.8139864478394301 8.5055982471856115 63 66 52 0.53349949814896369 32 384 153 240 125 177
1949 0.58552361587123136 1.0550451954183602 8.8727022046812145 163 166 152 0.66964766753366478 33 135 125 128 80 111
1947 -8.1316318212581109 -2.8028709374920813 12.29057632298508 215 223 216 0.80617455406077898 129 589 125 46 159 735 44 576 99 367 169 548 137 644 136 261 51 328
1946 -13.040356284729206 -3.1725201944526149 10.734344061197522 110 110 94 0.36636989267613801 46 577 125 38 40 374
1945 -14.094802493976058 -3.2711207560959843 9.2691340772991637 239 254 250 0.18332281131709183 33 284 127 47 125 28
1944 3.2283809739484273 -3.9097144659320473 9.1109936288453834 139 148 143 0.4306177884268575 33 262 126 10 125 8 123 6 121 119 60 264 30 87 26 10 29 3 28 198 27 246
1943 -6.6908252548422791 -4.0362517534547377 13.654078149379179 100 92 84 1.8320491421067919 133 28 89 34 73 34 45 614 44 23 137 7 165 176
1942 -14.027338933736541 5.2902177101750922 9.9423378310667765 40 43 27 1.6275678309188433 37 898 32 813 126 796 89 831 65 794 128 962 123 686
1940 -13.467453018301725 1.0250384374354218 10.103061793841702 75 76 76 0.40062056988058248 99 456 153 426 39 454 89 386 128 454 145 665 125 115 40 636
1939 0.2911253986323013 4.3446193661079917 10.130986963196801 244 253 253 0.57684513466311427 65 684 99 874 36 814 153 828 35 792 128 849 145 878 127 787 32 587 32 698 126 566 33 703 89 475 65 415 153 683 127 662 125 561 125 684 73 432 123 592 80 372 122 393 60 413 121 287 30 245 26 319 29 224 130 162
1938 -7.8880541484246418 -1.4854968711513508 12.369498664840966 229 230 221 0.93297674309039935 32 741 46 965 89 528 99 623 46 742 42 945 135 413 51 420
1937 -13.286288640947078 -0.77086798770180209 10.367854177708429 58 60 55 0.80865418637243414 65 630 153 882 39 936 73 728 123 638 44 994 41 606 157 563 80 647 76 459 135 347 70 418 47 446 138 310 136 278 51 351
1936 -3.1106844022874336 4.2120689386982066 10.640830895957436 182 198 195 1.5959208720223501 36 687 126 405 89 238 32 577 133 956 125 226 29 157
1935 -4.7052235451262279 4.6641013660225408 14.19832845899672 82 81 69 1.1844047641997739 36 507 39 524 131 535 89 207 99 265 145 330 127 458 128 275 129 530 46 521 37 449 131 694 73 194 42 577 45 327 40 677 44 325 169 238 134 256 134 441 137 612 41 389 157 418 80 167
1934 -10.503146026294115 0.2750731802433492 11.043198171584296 102 98 92 1.064113453650237 36 407 126 315 145 170 33 102 89 101 37 353 129 435
1933 -1.9439235814900635 1.0548147631063027 15.230963679947639 64 64 56 1.0884088432425014 32 132 35 396 33 343 89 114 36 625 39 772 29 32
1932 -0.67716232194367665 1.5532227040087876 11.323602796231057 253 254 250 0.60977931001320351 33 948 65 922 89 941 125 904 73 906 123 821 80 812 122 677 60 593 121 523 30 425 29 439 130 304
1930 -6.5887973102055728 0.84612641275892675 12.368623248514666 0 0 0 1.0948889588539459 133 1070 153 1041 65 854 134 980 169 890 157 668
1929 -13.586773178401415 -3.2498693489086525 9.2879240593214725 254 255 253 0.67792958234796363 128 1055 89 842 73 834 123 700
1928 -13.529946258687273 2.4909895196113978 10.119066248535837 51 48 33 0.36813588905299588 127 871 89 812
1927 5.4163164866963065 0.65813841380410798 3.1461927748482901 69 62 65 0.66895735625248642 65 768 89 805 73 660 123 659 122 473 80 593
1926 -6.5168521896519636 -1.5930730134146043 14.858044039464016 67 65 53 1.0378373534722416 145 1017 89 777 133 976 125 725 80 644 60 491 73 722
1925 5.5943350441363551 -0.60540513607434709 3.5283889609184524 60 60 48 0.43777543371052868 65 732 89 774 73 715 123 628 80 554 122 532 60 360 30 206
1924 -5.3775015792404526 -3.9948340338818058 13.970704136018918 92 98 65 0.90889279377245258 133 962 89 759 129 954
1921 4.1655276402760242 1.0367459597380388 5.861645458533367 55 53 45 0.69226488536447606 128 1100 89 711 125 659 73 526
1919 -3.0737872586484012 1.1920831597928081 14.28543471203478 55 51 40 1.5995386015740403 36 868 128 797 89 700 134 928
1917 -4.7998808780941831 -2.3763293133460128 11.985628086050919 74 70 58 0.27342144583988642 127 704 89 659 128 889
1916 -13.258189962272859 -3.2186004313424785 9.7080311257781382 60 59 57 0.20406965817013822 35 680 89 652 125 608
1915 -13.315883938964523 -3.2319343032608732 9.7505779241982626 60 59 57 0.26055127313372228 153 866 89 651 125 607
1914 -12.896945386717105 -7.0813338332017519 11.525798432046027 75 64 78 0.90721768143371706 145 891 123 607 50 201
1913 0.98403358988267042 2.405540631920057 10.217651844691487 138 146 147 1.0366218942292054 33 679 126 678 89 575 73 534 123 302 123 450 65 173 80 473 122 361
1912 -13.458554198351138 -1.0956872794819434 10.291650193020843 110 100 91 1.4273323939316012 126 483 89 530 127 717 123 526 73 625 45 1018
1911 5.0819895569263478 -2.8565552520806947 5.0852750782239244 63 66 58 0.50397079750368179 33 604 89 494 125 579 121 206 80 396
1910 -1.1918265680088151 2.4153199244232555 3.2452747508679018 0 0 0 0.27987912980293983 33 459 65 568
1909 -4.5112354060108055 5.0945005008935871 8.4444688932586534 218 220 217 2.2625883682321759 126 421 89 486 73 250 65 240 122 296
1908 1.4535143399639761 4.2494753621805872 11.064330802559486 30 34 20 0.33305737189398921 65 407 126 558 89 463 73 558 80 368 122 279 60 245 121 189
1906 -8.4795459940102518 1.4853324329641424 11.672057483563263 102 92 110 0.45778951189855327 33 359 37 687 126 513 89 393 157 484 80 461
1905 -0.19619741415219907 0.40411907845386669 6.2018921561694187 92 90 76 2.1847975159130715 128 442 89 379
1904 -3.0413369690122449 0.75468445909122828 14.315524471483739 121 125 111 0.47805346358916095 131 765 89 378 159 763
1903 -13.405770711113602 -2.1320206211968507 10.516972804296914 60 58 37 0.96034500799605915 99 384 89 341 45 631 40 588 80 269
1901 3.8964047694663373 -3.9329912595472281 7.9015794121979148 81 82 62 0.24273898768882793 32 466 89 299 123 190
1900 -4.2403022349586141 3.8282059292126296 7.7554548407407129 107 113 114 1.4824993687597219 99 566 127 300 128 553 89 264
1899 -3.8475566272170525 3.9153366605311692 8.6131458173259325 191 201 193 0.32551574596899369 35 783 89 253
1897 -9.6241863121568958 3.6493461736478943 11.589551583215124 61 78 47 0.30315507098154254 36 490 37 439 99 522 89 199 37 591 125 197
1896 1.4700299799728833 1.7879884378044664 9.5597901936948535 122 123 124 1.1613201682566996 33 381 65 151 89 163 126 362 123 111
1895 1.4124662728223343 0.9770867189164445 9.858257716396535 177 174 169 0.36683462987153259 33 124 126 120 89 128
1893 4.9026994789106428 -0.55829242970829152 4.7032260048523051 53 50 34 0.4461374449121695 33 509 89 77 73 331
1892 2.786961044993415 -1.2173341989806763 9.089896420992897 43 43 18 0.20520134309458338 126 51 89 67
1891 -13.276678985552426 -2.4322697696885864 10.547454382005055 75 67 64 0.50328011003096029 36 359 89 55 42 644
1890 -10.602900954893949 -4.082618321707935 18.909282121480196 97 94 100 2.012581459368882 39 391 128 69 89 45 121 131
1889 1.7594293554906337 -3.2882820681543228 11.054739139070632 165 161 158 2.219258922287366 127 28 89 27
1888 1.5646314093374925 1.7516611370891166 9.474795562003429 144 148 130 1.8449024997818291 99 1119 145 1150 129 1112 39 1077 46 1112 131 1110 35 933 32 856 126 772 125 757 159 1152 65 665 80 591 60 467 30 291 130 193 118 418
1887 -5.2161299073458949 4.2207084683514564 11.059795611532465 57 58 53 1.5201421006217422 35 254 129 539 36 273 133 567 131 847 153 492 126 213 33 432 125 426 73 427 123 332 159 965 80 364 122 277
1886 -7.0737548474898677 4.5595004880426577 12.930077594414422 72 75 59 0.63025908404822795 37 603 153 798 39 822 133 823 131 834 145 714 126 394 125 420 42 895 45 891 137 745 41 486 80 486
1885 -10.823032679913311 4.0582361441298076 10.84938900620347 22 29 18 1.6202462904679391 32 565 37 599 33 201 39 818 131 837 35 620 44 792 136 311 70 479
1884 -9.208454724222678 3.1027788127519136 11.439663317339594 69 62 50 1.2123338195675695 37 220 153 249 129 268 145 304 46 277 131 523 42 337 159 252 44 521 134 577 169 376 70 121 138 183 136 160 165 131
1883 -5.7303702960391325 -2.2888480808720764 14.230901657211895 89 84 69 1.6626156122710833 35 903 36 949 133 970 131 1029 35 973 65 849 129 1064 39 1038 159 1084 134 951 137 931 80 700
1882 -10.173640075978621 0.31715172465080599 11.26063917060641 70 82 74 1.8657398484946812 37 92 99 433 36 134 35 136 128 438 129 124 39 134 133 631 35 140 99 436 127 375 39 136 46 422 131 764 153 746 129 776 153 586 125 102 73 106 123 264 42 175 42 832 45 670 40 617 159 605 44 431 169 591 137 684 137 807 41 54 41 442 159 110 157 369 80 78 76 48 76 375 60 299 47 57 51 39 51 40 48 52 49 131 165 252 48 277
1881 0.99603019689610806 1.9492519309481422 11.812525179122499 0 0 0 1.1466462104804698 46 1127 153 1131 159 1161
1880 2.0653912868552275 1.9680940097208273 9.8994125560733366 82 88 78 1.7788109881503953 46 1099 131 1112 159 1121
1879 2.5637840750910912 -1.5607998708350532 10.232180882858586 47 51 37 1.2165776549966876 39 992 46 1062 131 1087 159 1105
1878 -8.8011398124343891 1.3763093728886286 11.573266403536376 99 98 85 0.54254574110454401 129 1076 133 1075 131 1073 159 1114 44 1032 169 919 134 983 137 997 121 459
1877 -10.390816549979716 0.47496467877752685 11.029830149654684 62 68 64 0.91896214843811463 133 1069 131 1069 169 888 135 463 122 579 60 528
1876 -8.7169403628837454 2.8173658105015629 11.99205333222087 46 48 34 1.1282834699812405 129 916 133 1049 131 1049 44 889 70 461 47 394
1875 0.27325449417011227 1.2330351421786361 10.299413231469984 169 177 180 0.21781861322209753 46 1034 131 1043 44 1010
1872 1.5459398169569176 2.4940594739004194 9.5740783049534031 73 81 84 0.35389307156104111 39 902 131 1016
1870 1.5166547292002159 -1.006758271877729 11.692429745592976 57 60 37 0.87781665431032596 133 756 131 980 159 876
1869 1.2320164584608317 3.4703802014992409 10.886844221111863 99 109 98 1.0649341329053719 46 851 129 828 131 966 159 845
1868 -8.4593588769305992 4.6272484872665318 12.202398644914448 65 69 54 0.4101988465851113 32 424 35 626 46 843 131 961 45 1000 44 910 169 756 134 835 70 566 60 337
1867 -6.4001811762812002 4.8006363843062072 13.296322763891613 83 83 75 1.3266181388277241 37 605 131 960 159 1030 44 909 42 899 45 893 134 973 169 882 137 860 41 492 157 603
1866 1.1964801919893686 1.5227063189666972 10.964151660629781 97 99 94 1.8436846852234108 37 804 133 1001 131 935
1865 1.5937132455869198 1.2944498905117423 11.045496687746903 84 79 60 1.0359236604763946 39 888 46 989 131 931 137 943 40 988 42 1039 45 1034 44 1009 134 933
1864 -10.141419985653993 0.60222304707132734 11.490459176523617 23 32 31 0.30973784804435955 128 795 131 919 73 510 35 578
1862 -8.3682225742725187 0.62120786233333292 11.998603557002134 178 174 204 0.31243843532254728 37 677 39 767 127 595 131 917 40 906 44 864 169 708 134 884
1861 -11.936085078433004 -0.19269098633097645 10.969125106904022 95 89 65 1.0749387257863265 37 669 39 759 131 906 45 1025 44 850 169 853 134 916 159 1001 126 641 73 632
1860 -11.716767718883414 -0.99448546967647322 11.110237050663271 65 58 46 0.51800639832959305 46 892 131 898 42 954 45 822 40 887 44 847 39 755 47 273
1859 0.60280936314431366 -0.85590451138669943 12.591980407482525 21 18 13 0.58755612297472015 32 509 131 888
1858 -0.39411849125300902 -4.6816963436646786 17.576521683081353 43 44 26 1.1024176710496014 39 726 131 863 134 849
1857 -7.7601469785741486 -8.7836153700921482 18.989471654365587 61 59 44 2.8139025138397051 128 865 153 853 131 854
1856 -8.3069576339609519 -9.4756544558233351 20.109868646196528 61 59 44 1.200901647640825 128 864 131 853
1855 1.6532440391143199 3.3000880895279026 10.675224613177537 108 116 103 0.76994019333153829 39 700 40 850
1852 -9.8051151661965825 3.5323519997725681 11.536267948811663 160 162 154 0.66746534072876529 145 707 131 818 45 880 159 804 169 630 134 710 41 476 157 409 135 306
1851 -6.0912427677392396 2.7379906875675983 12.730496718606942 160 149 143 0.5181284012161349 37 572 46 663 131 806 89 175 125 174 42 725 45 720 45 867 159 797 169 626 134 704 137 725 135 147 169 365 70 464 47 474 138 404 51 454
1850 2.2054683841804108 1.1834551992905822 8.1069769848059785 104 104 106 1.6875836293540036 39 476 131 798
1849 -12.283155593859268 1.4047142565158479 11.077215884571483 81 83 95 0.65213018130340905 129 796 131 785 40 801 76 386
1848 1.4623556105953417 1.1103241996589943 9.6605711088418396 113 117 102 0.7700849448624193 46 918 131 780 42 1038 45 1036 40 987 159 1012
1846 -10.46663631510989 -0.11406683247621166 11.286279194093499 87 84 61 0.88274257428585623 36 123 39 760 46 611 127 583 131 760 126 92 99 135 123 407 42 822 45 660 40 612 44 610 44 738 169 296 46 419 134 647 137 340 41 327 157 269 47 278
1845 0.59448259991286023 -0.83928064995717822 13.658497116529718 57 56 38 0.22321515443862569 127 356 131 750
1844 -11.679209281323821 -2.5402575755334063 11.399433358110585 63 62 48 0.31338323136381474 39 583 131 745 169 556 137 652 40 581 41 299
1842 -4.1139753854790149 5.3620094325832506 13.702998699126935 141 157 156 0.74147405344548512 46 541 131 708
1841 -6.9814543608508588 4.6776944325280114 12.920272923800601 38 43 20 1.1564734734759685 35 466 153 490 131 698 44 673 169 643
1840 -11.758538813315512 3.89236598387326 10.554027001811756 84 83 80 0.20771964186707179 127 454 145 562 131 695
1839 -10.15057156375825 4.0651096828905757 11.92647130453418 180 180 179 0.4798573643169784 129 528 131 692 159 818 169 636 134 715 137 740
1838 -10.15057156375825 4.0651096828905757 11.92647130453418 180 180 179 0.4798573643169784 129 527 131 691 159 817 169 635 134 714 137 739
1837 -8.6969844186942655 2.8617710249206851 10.570483988225911 109 94 71 1.0252551028747177 46 501 131 674 42 339 45 311 131 267 159 257 44 522 169 380 134 428 137 442 157 126 76 109 135 89
1835 0.32690377390397218 1.7918601722676657 10.568243702816247 110 113 105 0.65996695496445512 37 192 131 658 159 664 46 482
1834 1.079094562922108 1.7699846909324422 10.793132853658628 128 131 122 1.210829637472137 39 649 133 223 131 657
1833 -0.061911850376028067 1.3167273168519602 9.622910320108355 197 209 207 1.3243322080397339 37 166 131 653 159 782 169 613 40 481 44 488 45 704 137 167
1832 1.488552059928111 0.74476074993662411 9.76841050541206 99 101 81 0.93447096383203709 46 621 133 425 131 620
1831 -4.5478301363815135 0.092477994881415879 14.749423749616678 50 42 21 0.37772776293611005 126 93 145 158 153 140 131 610 123 261 40 422 159 599
1830 -2.9043738200160516 0.054460001255995975 14.723561483893906 142 139 132 0.77276603732970872 65 92 126 90 127 584 131 609 89 96 125 91 123 260 80 293 30 28 130 11
1829 1.5085440890357105 -1.0903317530813199 10.179801677429584 65 64 43 1.046710252734846 37 47 131 589
1828 -4.3943355036835481 4.6454887950788555 12.07182254344756 139 150 156 2.2335670579041214 36 275 131 554 40 702 159 849
1827 -2.7063382647273464 4.2347215044684869 11.569979747894953 75 84 79 0.19246445879687465 133 564 131 552 129 327 159 544
1826 -3.5515120936292179 4.6274684274134001 12.336529410870176 101 106 103 0.63858152786395506 46 539 131 550 42 908 40 700
1825 1.5791013891227277 2.1544706196376047 9.0512806756697923 119 120 104 0.24959657367587007 133 275 131 530 159 518
1822 -8.0745131473483376 1.7227446688749299 10.469829540551247 205 211 212 0.71259756438133925 39 214 131 493 123 288 134 396
1819 -4.1261421633356372 0.97703153188116454 14.833717778115684 95 94 74 0.49034985520032753 37 111 133 156 131 440 42 196 39 152 45 460 40 184 159 128 44 447 169 308 134 349 137 358 41 338 157 276 76 170 135 190 70 315 47 284 136 203
1818 -0.58422529623785135 0.89472975635130492 15.181858753319375 89 88 77 0.22033058299299454 129 445 131 431 137 538
1817 -0.58460715825260856 0.90497347266240014 15.545169124964181 89 88 77 0.25148220095291629 46 430 131 430 42 690 169 449 169 594 137 537 157 370
1816 1.6563704516009246 -1.3102716428360828 11.711327143817206 53 55 37 0.45195307872204687 39 75 131 380 45 406 40 575 134 478 137 496
1815 -6.622574194460868 4.8205140130327804 13.102805090829035 100 98 85 0.27723859903460807 129 309 131 308 159 309 169 397 134 450 137 262
1814 1.5711752481736514 2.2341647063662955 9.0228203597878469 54 51 72 0.26523909087429687 39 283 131 287 159 292
1813 2.1835718930493111 2.168591546976181 9.3398637088806318 196 196 196 0.42652994053720694 39 276 131 277
1811 0.42354961073498204 1.6728699342472437 10.134561759876833 73 84 82 0.46130715437419562 46 481 131 233 45 534 42 309 40 495 159 480 133 222 37 189 169 620 134 559 137 588 41 565
1810 0.18064044749974462 1.6282598988781438 10.120181723185679 165 173 176 0.15961936926801865 133 221 131 229 44 269 169 181
1809 0.25993638703971034 1.3593842117387078 10.261071036667282 211 220 219 0.54167451533653233 133 194 131 207 40 237 169 153 44 239 45 524 42 531 134 550 41 234
1808 1.4271830643231611 1.4688828001466099 11.199947507238525 142 145 134 0.37963274245147249 46 193 129 482 131 206
1806 -0.41348624077804857 1.1140311075644238 9.4600415653243495 249 251 247 0.20001827725839946 46 180 131 195 159 174 134 158 137 151 157 196
1805 -10.415741382889109 1.2886744326017392 10.798652081807584 48 49 69 0.31205560439304142 46 174 131 190 45 498 159 449 134 157 41 84
1804 -10.132996489539501 1.0961573354300014 10.916100453254163 181 183 215 0.5216349116727087 50 183 133 173 131 177 42 236 159 159 44 215 145 215 169 330 134 365 137 138 41 354 157 376 123 276 80 99 76 305 135 283 70 212 122 344 60 308 47 300 138 248 138 323 136 293 51 183 48 226 165 257 49 139 139 128
1798 2.2250844278587589 -2.8393682447870008 27.289927419582604 56 55 35 0.39335104133077109 126 58 131 108
1797 -8.434844743517754 -1.6764267618934909 12.699864484493634 176 174 175 0.32083358154848912 129 88 131 99 134 65
1795 -8.2870309483113331 -3.2048170845931265 12.213270432002107 149 153 155 0.71667472636116014 133 41 131 50 42 52 45 43 40 48 46 28 169 14 134 305 137 12 41 14 50 14 138 20 51 14 121 10 48 20
1794 -7.9690920564782646 -3.2478405361126841 12.420838448350612 241 243 239 0.54996228177714479 46 27 131 48 45 40 159 31 134 30 137 10 157 16 50 76 48 9
1792 -6.9724835521240562 -3.6142470648469338 13.403671056932232 150 144 142 0.75113651487251143 129 43 131 38 45 35 44 35 76 235 136 104
1791 1.5106792563832951 -2.4722954533415078 10.017777575855497 60 62 57 0.21161851902772935 133 10 131 6
1789 -14.275928183859378 4.6611035910471346 10.325677773550236 80 76 65 2.9509432976359253 35 470 46 847
1788 -1.8599687684143402 0.016208830966960675 14.892250317269323 198 197 184 0.7606015328137139 36 855 33 657 46 900 36 398 37 86 99 419 153 402 35 122 127 582 37 666 32 111 126 310 129 608 129 770 39 757 133 126 133 766 73 344 123 259 45 150 45 830 40 143 40 893 159 91 159 758 44 608 44 732 169 441 134 332 30 107 30 210 117 190
1787 -13.685786317496095 -1.8701676615166996 10.390999720175602 27 29 22 0.86099296406319525 37 653 126 621 65 483 145 786 127 550 128 601 46 888 89 524 42 942 45 929
1785 -13.023564771776394 -5.8987907177753369 11.201443202074913 113 108 101 1.694436301976999 65 705 36 828 128 867 145 901 126 710 33 720 129 846 39 843 46 951 129 1012 133 1022 89 751 32 616 125 456 125 784 73 690 123 610 123 695 42 1056 45 1006 40 856 44 812 41 577 157 519 76 428 135 317 70 263 133 846 47 409 138 351 136 318 51 319 48 189
1784 -10.155583990962839 -0.20887945292422916 11.440758122292875 94 88 74 1.3183989355519437 36 399 129 110 46 112 99 420 46 113 73 99 159 406 44 426 137 336 41 187 80 71 76 159 70 46 60 180 138 231 122 443 125 637 48 111
1783 -7.7435248123818301 -1.7590244722674797 12.676097115203843 165 167 166 0.54710870870983175 99 88 127 83 126 62 33 305 129 84 46 396 65 61 36 366 145 451 123 51 42 114 45 93 40 394 44 96 169 561 41 308 157 351 157 352 76 263 135 177 70 280 122 33 60 172 47 256 47 257 99 89 136 190 51 337 51 338 138 363 121 137 48 203 48 204 165 233
1782 0.65888623824119352 -0.67976260336568295 9.2589658263500176 19 20 11 1.3042127341340359 39 996 46 1067 99 994 35 907 36 953 42 1094 45 1121 40 1042 44 1039 32 746
1781 -13.528724570290276 3.8142567281067712 9.8707738194853096 41 41 44 0.53239156458430459 39 1024 46 1053 41 690 157 653 80 727 76 550 70 592 50 309 47 528 138 457 136 430 51 455 48 313 165 293
1780 -13.546021255940424 3.8180459135289695 9.8799816565539835 41 41 44 0.49921051694286334 39 1023 46 1052 157 652 80 726
1779 0.45074765823248025 2.0348796399061047 10.277422027048594 134 143 138 1.1090270811095617 33 674 46 1046 131 1007 46 1000 89 713 129 808 133 936 39 792 125 524 153 775 37 574 42 993 45 1045 40 996 159 1065 44 967 169 902 134 899 137 919 41 688 60 395 30 184 29 143
1778 -1.4499696665118762 1.6147338683341388 12.416414520380931 226 227 218 0.89649698795205179 65 656 126 763 127 863 46 1035 40 1030 159 1058 122 544 60 503 121 430 30 335 26 498 29 363
1777 -13.607782749355668 -0.4697772911077992 10.156178306804112 109 103 92 1.8051799186895685 99 996 46 1026 89 784
1776 -13.184293285515182 2.6150176029206267 10.049880678336073 96 96 79 1.2501890414634576 65 775 128 940 46 1001 76 401 70 556
1775 -0.0035726889802425092 -1.004359324863118 14.668819776683502 50 47 28 1.1846632359504796 129 600 46 968 131 891 99 628 40 1021 159 993 169 844 137 894 41 659
1773 -13.303637711038874 4.1381062496665271 9.8199621647381132 81 79 76 0.39715104849989197 35 625 36 685 46 941
1772 1.4171619997975307 2.3990491549999762 8.9112740752050374 107 109 107 0.55333794827448113 37 597 46 940 131 840
1771 1.0605744769714889 1.1251579092588355 10.416857964081503 100 106 97 1.9345387879830822 39 1008 46 916 131 1040 159 912
1770 -8.5105756813898914 0.82617587869258435 12.108398677103123 210 191 190 0.24523782518349746 37 785 39 881 99 812 46 911 45 956 40 981 44 871
1765 -8.0276779338618631 4.6459713122377773 12.341805088393691 76 71 52 0.75122271799032547 37 607 133 949 46 844 131 962 45 894 169 646 134 834 125 425 41 573
1764 1.4365555772141294 2.3073808807557756 8.9023394240571658 115 116 109 1.0383984463181808 145 321 46 835 99 523 131 833 159 834
1763 1.1935458560578447 2.2871030488259869 9.6202171577817932 248 255 251 0.49361022761229456 39 671 46 818 131 820 42 881 45 882 40 940 159 811 44 900 134 826 137 844
1762 -11.921385044689703 3.2393086225844154 10.444731306539502 74 68 56 0.78528996598596101 35 758 153 638 46 812 123 453 40 824
1761 0.54348996811891659 1.1189326226041216 9.0263940153567077 156 155 152 1.1999721016959946 99 182 46 791 159 650 131 475
1760 -3.6068320883631517 1.2855496673213613 16.326145493108353 36 36 26 1.7739604255673094 153 591 46 775 131 925 137 816 76 476
1759 -3.0676110747508742 0.46438305101402921 14.109730406576185 203 202 196 0.83023982789549089 128 620 46 765 125 99 133 138 45 167 45 831 40 779 137 682 80 80 76 370 122 202 60 298 26 266 130 116 117 142
1758 -11.814029201263226 -0.45274625968365478 11.106651858770348 71 64 46 1.0766470501368666 99 643 133 763 46 762 131 757 42 959 129 878 40 775 44 606 169 699 157 363 47 277
1757 -0.53142283164240278 -0.6522670603415428 16.928648532903562 55 49 30 0.99013454354437924 39 597 46 757 41 436 76 526
1756 -0.051269166222215869 -0.80328800514607612 14.499175684589423 14 18 0 0.86901132950508408 99 631 46 753 37 662 45 937
1755 -0.021262097405836008 -0.83062851118720471 14.780315553372469 14 18 0 0.2762985824627795 99 630 46 752 45 936 137 790
1753 0.4778372878579038 -1.0786401123226232 13.977916390783706 53 52 28 0.54949634216632226 39 750 46 741 42 806 45 813 159 746 44 721 169 687 137 662 41 520
1752 -13.597214990755852 -1.9950185302724126 10.388950905121034 41 44 33 1.6355443007479444 39 746 153 722 46 740 89 523 40 750 44 714 126 457
1751 -13.485978984506012 -2.5260335226493216 10.482140018356812 40 41 28 1.082516973350673 99 612 46 731 123 520 73 615
1750 -12.536458264040306 -4.7214046748513123 11.014046996016406 110 103 97 1.7413048533950657 127 511 46 718 42 920 129 732
1749 -12.564086648503995 -5.9463900720357463 11.252057298253586 102 101 93 0.38659385704199001 128 571 46 714
1748 1.2806876109051237 2.8488778098457073 10.257734981405301 142 143 150 1.8206847831371018 39 293 46 687 131 835
1747 -9.6298685446706234 3.8077509595525187 11.211342340635964 35 37 32 0.99692862808442195 129 526 46 678 133 543 169 637 137 741 157 330 169 388 76 222 70 137 47 132 51 311 48 186
1746 2.1825166640259903 2.0877878089448623 9.338973105339484 78 80 79 0.73073812082042255 133 525 46 674 131 528
1745 -9.307332053874342 3.2268809916002974 11.939028648620097 55 47 35 1.2345302023365459 39 666 145 840 46 672 131 815 89 434 73 399 123 309 45 724 44 781 157 406 157 407 76 407
1744 -2.3848275176893381 3.3171132769952236 14.905539586820316 62 68 58 0.70970199129119071 37 575 46 666 131 810 36 474 129 675 133 803 45 722 159 799 137 729
1743 1.5047928306316878 1.1937920544384084 11.301505466162464 48 50 58 0.5688199296594183 39 456 46 643 131 465 40 462
1742 0.46468848926831657 0.85760620461653836 8.9690749025993703 161 161 156 0.61055496629718198 39 180 46 637 131 455
1741 -10.473244332457309 0.75984447247290254 10.94182066960899 64 65 55 0.50660861740997853 36 421 39 617 46 626 35 398 131 623 45 682 40 627 134 661
1739 -11.963543381458852 -0.75392297431071331 11.058775560314031 84 87 77 1.1419365491384168 133 626 46 602 159 752 169 576
1738 -13.371225037217059 -1.5197131656717593 10.399548267644908 87 78 70 0.53519286867593419 35 556 128 405 46 596 89 354 73 327 42 811 45 815
1734 -12.247376778309457 3.9558409763686182 10.40917294435271 34 39 37 0.39712725670348409 39 295 128 270 46 524
1733 -7.8639788239491093 2.4913593962018985 10.304481170373942 45 40 33 0.92617737863118443 39 495 134 225 76 213 51 217 48 83
1732 -13.732259493830544 2.3815147376814334 9.997321888425363 65 67 64 0.6172704850249584 39 484 65 157 46 488
1731 -11.989742225924189 0.66841598735845709 10.342876737158425 197 195 191 0.65450082774945884 37 115 39 158 46 441 45 466 40 195 44 453 169 456
1730 -0.49543076326529695 0.95524566559938584 15.176917081254137 50 52 47 0.30906881206484532 129 143 46 433 40 434
1729 -12.10502928512039 0.41874263656356658 10.233688659422919 101 95 105 1.582124347832119 129 439 145 489 46 432 42 487 70 195 165 52 82 109 48 54
1728 -10.280329196183365 0.34250851227722612 11.111280578069669 90 91 106 0.4674073526449774 133 141 46 424 45 169 137 346
1727 -10.260320360914063 -0.16085042661382137 11.23586719828144 59 57 44 0.53284251031602836 37 87 46 417 42 156 44 428 134 81 137 338 157 48 136 36
1726 -0.8543962121836598 -0.54677152863295575 16.83863109545668 16 18 13 1.377011356696012 39 599 133 396 46 406 131 602 99 115 42 671 135 454
1725 -0.85363506020660196 -0.53535362004740061 16.792828530411995 16 18 13 1.3006539592884587 133 395 46 405 131 601 39 598 42 670 135 453
1723 -13.100932329819647 -5.1395653211482966 11.150992308655294 113 105 102 0.82241313610538813 128 19 46 367 153 23 42 409 40 365
1722 -9.2194736433826652 4.4423900077193137 10.205577296552971 106 111 114 0.70581591621328654 129 331 46 354 131 341 42 401 45 371 76 126 41 145
1721 -9.6835591983134819 3.9921952957287141 11.094528181318605 64 65 57 0.69146381168478921 133 702 46 310 40 538 44 538 134 588 159 524 41 128
1720 -9.1874784067937547 3.3523084549241116 10.253268607324573 153 151 157 0.226762707761751 133 282 46 297 131 285 129 284 159 277 137 239
1719 -9.0522436868093745 3.3218470292732647 10.354539505738938 133 127 132 0.22419799140331251 133 281 46 296 131 282 42 350 45 319 40 301 159 271 44 317 169 385 134 438 137 450 76 114
1718 1.3148171504943158 2.1901178743218339 9.2090446438301363 139 138 135 0.43028337066142225 133 272 46 294
1716 -10.241428223094067 2.933706355008129 10.906158743164147 240 230 237 0.47464695296191306 39 261 129 264 145 300 46 273 40 291 47 110
1715 -10.741131124060777 3.0023837572932228 11.134236166423504 76 75 89 0.21931195720054211 37 219 133 258 46 272 128 249
1714 -9.1389677784096417 2.6144981618404439 10.793915108078966 199 201 200 0.28171904463102154 133 517 46 258 131 514
1712 -10.237655924591008 2.4648771987411919 10.163093671419869 181 176 183 1.5733948333896348 50 69 46 249 157 109
1711 -7.2044412101237185 2.4924147228576814 12.975537087072361 169 163 150 0.51026237095153371 133 226 46 229 131 237 42 306 45 284 40 493 159 482 44 497 169 496 134 558 137 419 41 104 157 309 76 87 135 217 70 230 47 221 138 256 136 153 51 300 48 180
1709 -6.0096413998693636 2.1212555511838502 13.008100358338222 92 32 45 0.44649331956265825 129 216 153 216 46 208 131 495 42 281 159 473 44 253 134 394 134 551 137 408
1707 -0.29568439970015864 1.1669716277223317 9.4758303891682782 137 141 143 0.31248392337284325 133 188 46 188 131 201 42 258 45 512 40 229 159 458 44 236 169 479 134 384 137 390 41 230 157 298
1706 -12.189155437967246 0.83107294225882689 10.781831078775008 117 114 107 0.72904420159538696 133 164 46 155 169 319 157 75 70 70 47 73
1704 -10.106732258319354 0.68848867481722664 10.966871440661931 144 156 187 0.12874723418550627 129 145 133 154 46 145 131 151 42 197 45 191 159 125 44 178 169 311 134 347 137 356 49 105
1703 -10.649925160988131 0.60999361968438559 11.137734147049491 62 63 81 0.64516469554146416 35 392 129 144 46 143
1702 -12.166532447333537 0.38964648284437792 10.891378650079035 65 62 71 0.61170381394061635 153 408 46 138 40 170 40 619
1700 -11.799845522158328 0.20323608306457508 10.223795739647892 252 248 251 0.36622921960841992 39 132 46 131
1699 -11.907148417716854 0.18233678313542961 10.199713832496045 217 213 210 0.52541134176821203 153 149 46 129 42 174
1698 -2.9692044982994608 0.46897151069376558 14.837093039209057 145 136 126 0.53898574271558608 36 131 145 171 46 127 159 109 134 93 137 85 80 296 29 29
1696 -10.30556018535861 -0.032926416153607474 11.256254183523181 63 52 52 0.19710008676356541 133 131 46 119 40 423 159 97
1692 -9.2731412020031936 -1.8459464657256337 12.170377859574192 107 106 95 0.6924742410126461 133 83 46 73 131 396 99 85 125 55 42 113 45 92 40 393 159 583 44 95 41 310 157 256 76 265 135 178 70 28 47 164 138 136 136 194 138 301 51 148 48 32 139 8
1691 -7.336644445221669 -1.9811308655438684 12.623788041497379 103 106 99 0.4993650245141687 128 86 46 65 169 423
1690 -8.3010656899938002 -2.6945804378245515 12.099936256872821 171 170 168 0.43882278151387699 129 58 145 73 46 44 40 58 169 273 134 311 137 25 76 18 47 24
1686 -12.562680823169201 -5.9940502258844575 11.022619055625912 105 101 98 0.33157328962416216 129 8 46 4 42 2
1685 -6.7582158028881443 0.91013175715347427 12.42801608795698 52 45 37 1.2347317083667229 37 786 65 648 128 918 127 735 65 506 32 838 126 658 129 901 131 924 89 853 125 647 125 805 73 802 42 1035 42 1078 169 812 134 888 134 924 137 901 80 450 76 584 135 501 70 576 70 609 47 559 136 450 51 510 121 389
1684 -9.3445794342675175 4.4331232308215665 11.943731486065882 29 30 26 1.0256964150084238 32 415 99 718 37 721 36 796 129 825 133 828 46 838 42 1000 45 994 40 949 159 950 44 907 169 751 134 829 137 856 41 483 35 459 80 354 73 553 47 484 136 389
1683 -4.597999367756529 4.4481330358535498 11.920089439995502 68 68 65 1.9416916540879272 37 257 99 279 153 282 35 253 145 341 129 325 129 715 39 317 133 837 36 800 99 862 128 696 35 770 127 472 32 220 32 685 126 401 33 216 129 829 39 829 123 157 123 584 60 117
1682 1.4088976737095631 1.1348941729065725 11.221855754768756 205 206 204 0.67452657358891566 99 164 37 549 153 182 36 430 145 213 129 635 133 911 99 818 37 683 46 456 46 913 131 637 131 928 40 459 159 629
1681 1.9253245392315095 1.8909356693488057 9.8398252344305472 101 109 92 1.0217857762665892 37 810 129 991 39 967 133 1007 99 1015 36 969 145 1111 129 1043 131 942
1679 0.46569342617365467 1.7825053898256349 10.320313116975518 136 144 134 0.53932796498757385 35 743 36 774 145 965 129 801 35 595 133 927 39 787 99 486 46 798 39 652 131 801 42 870 131 504 45 865 40 813 159 926 44 772 169 739 134 815 137 721 41 633
1678 2.8291237411600654 1.3144966485391647 8.360930793667551 135 141 136 1.0848982337584807 37 693 36 643 32 361 133 925 37 564 36 457 153 445 145 685 129 654
1677 0.7053922195215826 1.7576278346127685 10.427806730426303 156 161 162 1.2937823554722863 37 1020 39 1094 133 1141 131 1121 42 1167 45 1157 40 1108 137 1034
1676 -6.4572299831240167 0.12706611004770979 13.455117088036582 84 79 47 2.1496304087017695 99 1101 133 1106 42 1131 45 1126
1675 2.9984983357706905 1.185127414081051 8.4488551701510755 58 52 36 0.451218989821351 37 869 129 1039 133 1083
1673 -5.2941965237611797 3.162935625560535 13.712351928403784 53 50 28 0.70123831468506992 33 783 133 1050 73 817 45 1090 41 716 157 679 80 722 70 638
1671 0.97309017468249404 -1.0703410872793064 13.169963322265641 40 35 13 0.65252184910366307 37 913 133 1029
1669 -9.8671214355737025 3.7815562691386444 11.403365300320742 27 38 34 0.46481566676275826 129 1002 145 1051 133 1014 40 1001 169 879 134 940 137 958 135 478 121 408
1668 1.5083381465266297 0.85556761318923225 9.8546990689051199 82 78 57 0.96928631325127301 37 788 129 789 133 993 46 1073 131 998
1667 -11.948808439287296 0.68330453964316329 10.696940793399317 88 84 91 0.5031534831712452 129 899 133 990 169 859 131 996 157 579
1666 -7.5694661885416412 0.0096505584273902708 12.713204375875016 107 101 85 0.37634151599870391 65 745 127 724 133 984 36 856
1664 2.3942142039272278 -1.4274067521128888 9.9446234670053126 50 61 38 1.7115606382363882 129 744 46 956 131 865 159 1082
1663 2.6236235001347703 -1.5245778579324027 9.8980309832965201 55 57 37 1.0726253649893773 39 922 133 963
1661 1.8315442784794851 2.0271053340929823 9.5109055216193372 93 95 90 2.4597200901391933 37 814 133 939 131 1009 159 1019 46 1006
1660 2.8517293336958995 1.4130544868454677 8.2259824293171988 143 158 155 1.1629132198871475 129 661 133 935 37 410
1658 1.3933353412827054 1.1479454527157325 11.234234658312708 185 191 184 0.20423273343028814 99 819 133 912 46 914
1657 -12.1355454717584 0.14901189706994722 11.018993928678126 86 93 86 1.1492101024591377 129 889 133 895 131 990 42 827 44 855 169 801 41 544 76 469
1656 -5.5591506093621952 -2.862855514693567 13.556628850303674 68 61 51 1.6189123265891072 127 817 153 869 133 877 145 916 131 877 159 872 134 758 121 375
1655 -11.677343669574299 -3.1633397330581738 11.36880966492579 83 87 71 1.6091923901895451 145 772 133 873 169 679 137 884 76 352 70 390
1654 -8.7939832278574954 4.2689797987506886 11.60160666476215 29 28 23 0.62538855008446348 99 857 133 829 42 1002
1652 -9.1762573674025756 3.3176582868975313 10.057060546480052 59 58 59 1.8543149940808858 126 189 145 558 133 820 73 185 42 355 41 569 122 486 138 410 136 433 70 250 51 458 48 293
1651 1.6313527732040005 1.830461427379696 9.4029829846444191 117 117 117 1.7695562394068329 129 669 133 799 131 813 99 497 159 936
1650 1.4983002122037896 1.4405300396044338 11.249590011342768 30 34 43 0.34494880305209058 39 781 133 786 46 792 131 933 159 919
1649 -7.0509495679586225 1.157930901234818 13.148837287211641 51 46 36 1.0760100597562812 36 631 133 777 65 343 73 358 41 210 39 447 135 278 70 323 47 381 138 318 136 289 51 280 121 244 48 281
1647 -4.5007488282656229 -0.02456194883851125 14.606133687718728 149 142 132 0.88492854774228491 37 668 99 131 133 768 32 114 46 115 125 90 137 798
1645 0.42655314340317868 -1.8679403576423426 23.603976452886524 25 29 6 1.8164967782488379 35 693 133 758 153 730
1644 1.722929384317389 -0.89015163052469559 9.7438504611392833 127 127 114 1.7339936468037562 145 444 153 380 133 750
1643 2.0916862845577922 -1.0949907627369773 10.142307123206637 45 48 29 0.32732677757199646 145 919 133 746 37 758 99 903
1642 -11.817762154283715 -3.6152298064734243 11.552401004018968 93 91 78 1.2412157447102707 145 763 133 739 169 675 41 513
1641 -11.817762154283715 -3.6152298064734243 11.552401004018968 93 91 78 1.2412157447102707 145 764 133 738 169 676 41 512
1640 -11.70598118666897 -3.9457389723130518 11.545561782807992 86 88 86 0.90374613234426715 145 762 133 736 45 913 129 857 159 722 44 375 169 669 134 743 137 773 137 879 157 141
1639 -9.6150196975216815 3.9684117742898302 11.052766106116692 59 69 44 1.1369925804706635 129 701 145 565 133 703 46 311 45 569 40 539 44 539 134 589 159 525 41 265 157 232 70 139 136 100
1638 1.481330276268773 1.7029803603848472 11.187641004584256 38 41 41 0.48974527151195496 37 562 129 651 133 671
1636 -8.8754692707528697 1.0266290222958727 11.271437982298364 96 91 98 1.3058945261654258 39 179 133 643 46 160 131 458 42 508 159 433 169 325 134 361 41 76 157 188 76 185 135 59 70 80 47 79 47 296 41 216 70 83 76 69 136 220 51 283
1635 -11.995765323100146 -0.76508857805254082 11.076824627590353 85 82 73 0.79567774664300062 128 417 133 625 45 648 159 751 169 575
1634 -11.695916743665549 -1.8121370875362881 11.285258699311093 55 45 44 0.51719963179207562 37 329 129 598 133 619 46 594 40 399 159 743 145 624 134 631 169 564 137 659
1633 -12.992820784434985 -5.6366896416594869 11.104686427798033 81 79 92 0.76819027836577758 32 267 133 585 169 402
1632 1.2480566170683451 3.5937943524300464 10.931248440004742 104 110 110 1.7250697538739144 145 338 133 562 131 553 37 255
1631 1.3948105568267457 2.5193959669451762 8.8711317180403046 116 118 104 0.24481409150581948 37 241 133 554 46 702 131 543
1630 -7.1650860890295549 2.8287643809239653 12.640326173459373 134 137 120 1.1786024862652398 99 498 133 506 46 491 131 251 42 319 40 506 159 488 44 658 134 705 137 433 47 107 138 85
1629 2.1480177112826495 1.9443631892921398 10.152188682087205 95 100 79 0.1233884776924076 129 670 133 503
1627 1.5805842654273941 1.2539217125973565 9.5510015543116271 140 143 136 1.5830558423912171 129 200 133 479 137 827 42 861
1626 -8.5785543370297894 1.6143808779826909 11.779889381578416 243 254 251 0.54163158410757473 99 187 133 469 39 204 46 191 133 191 45 514 159 653 44 237 137 393 41 229 157 202 76 201 135 142 70 221 47 214 51 193
1624 -9.2351809810811876 1.2881176637642511 9.3000675965579074 214 217 224 1.6529604525007264 37 155 133 466 46 467 45 516 169 342 40 477 41 92 41 231 157 91 138 166
1623 -10.350262328365472 1.4161054894680773 10.217652207803672 216 217 219 0.32337148352520401 37 156 133 465 41 228
1621 -8.5692535492080602 1.4811892309355768 11.866126047623458 78 67 81 0.40450141147416557 39 196 133 458 131 474 42 522 40 469 159 455 134 539 137 154
1620 0.47163353614760489 1.0291915593031631 9.1019286771790853 97 98 98 0.42751346367393456 39 462 133 453 137 823
1619 -8.2981215426604482 1.3275245309764896 11.911736631657808 52 52 52 1.2478506015035438 39 459 127 405 133 451 36 432 131 644 73 361 45 693 40 465 44 470 137 571 80 103 76 195 135 206 122 224 60 196 138 249 136 226 121 155 48 230
1618 -11.879328671033496 1.0772217843996865 10.634119876492436 59 60 55 0.53542575572100504 153 183 133 446 73 359 41 79 122 69
1617 0.37519120257263577 -0.31135747828712734 8.8592734567766467 54 56 43 0.28239781241941131 129 409 133 394
1616 -6.5882660278190484 -2.7943148083163689 13.20150814621101 74 76 63 1.9999019697162659 39 65 133 369 159 574 169 270 137 298 157 244
1615 -8.2288206889600719 -3.7449880375024045 12.29489905037579 245 254 251 0.50191019078731691 50 147 153 355 133 355 46 375 123 22 45 388 138 202
1613 1.5820847800963538 -2.387183960626539 9.9822818290153403 202 205 186 0.42710736023220186 129 365 133 341 131 348 45 4
1612 -12.907433993037964 -5.6304573630253101 11.140806011711437 100 101 99 0.58382885334610046 129 358 133 333 123 10 42 405 45 607 46 364 40 8 44 7 169 404 80 7 153 21
1610 -9.0719423917454378 3.4361427655019638 10.349049585189695 132 131 143 0.41858835267578248 39 288 133 285 45 322 40 304 44 318 134 440 137 454
1609 -9.1940755402967866 3.3511574589670361 10.257326409504016 140 137 156 0.19346940977248892 129 285 133 283 46 298 131 286
1608 -9.1099145732986582 3.3095714230809956 10.33877011343821 55 60 66 0.25454642063715233 129 282 133 279 46 291 42 349 45 556 159 516 169 384 134 436 137 449
1606 1.641393983339978 2.1303238046328667 9.4311265269898019 87 85 86 0.71426773879877192 129 271 133 263 46 281 159 941
1605 -7.5864913292280933 2.9386646094477356 12.902669559932315 155 154 136 0.071394687005593926 99 232 133 242
1604 -5.2893182251623951 2.9638407673182301 13.522741642790123 128 128 114 0.93752114928381403 37 203 133 240 76 212
1603 -6.091347224226725 2.8104860773226785 12.673212600794088 80 67 58 0.94471648420487064 32 177 133 239 40 275 45 298 42 320 44 287 47 323 138 456 51 387
1602 -0.22509541627983637 1.7690650559281329 10.093936084078472 218 223 219 1.3406306903264269 129 497 46 799 45 978 40 814 44 773 159 666 169 874 134 700 137 591 137 917 60 210 130 30 26 285
1601 1.4074904888484543 1.7069851482843006 9.6752454816179441 67 67 59 1.0957757228052378 37 194 39 482 133 230 131 662 42 874 45 870 159 670 44 891 137 599
1599 2.8960141751993658 1.2440787190222298 8.4049187895549018 141 139 157 0.28255432143624126 37 177 129 217 133 217
1596 1.4883881470788038 1.4032145416245618 9.5462407864636045 143 141 133 1.0514114991823142 39 215 133 210 46 474 131 219 42 717 45 706 40 489 159 660 137 717
1595 -0.29981989764160494 1.1269552016340205 9.4871109765974566 253 252 255 0.28351832721528408 129 186 133 186 46 460 131 198 45 508 159 454 137 386
1593 -12.153238276610606 0.70016609073282932 10.399421830444608 123 118 112 0.56314254610235293 145 191 133 160 89 111 122 57
1591 1.6769234255331826 -0.81048155822954482 11.616008722904464 74 66 47 1.1641172434366354 37 62 39 95 133 87 46 592 40 749 159 742 44 712 137 656
1590 -8.1028387041939958 -2.5442926898373828 12.104205111480857 175 187 190 0.38164315729746945 133 63 131 69 42 77 45 64 134 44 137 28 50 152 48 153 165 152
1587 1.1793578753481586 -2.3281588429649878 9.8556929206928316 88 86 74 0.99793748090729295 99 41 37 11 133 342 131 569
1586 0.44884891637135821 2.1335590206527533 10.268377055195058 106 110 107 1.2888034344807895 126 525 37 813 36 782 35 753 145 976 33 395 153 457 129 918 46 497 89 416 46 808 73 165 73 381 159 934 44 895 60 214
1585 -5.7568179748409518 -0.8658143973946365 13.907207969599384 91 83 67 1.5449370370931299 32 886 99 1055 129 1067 39 1041 99 995 153 975 127 924 145 1091 126 823 131 1034 89 848 42 1127 159 1047 169 910
1582 -8.466065605919642 4.5454541903165726 12.330662267013647 40 42 31 1.3159291552857562 145 866 32 571 39 824 33 580 127 466 128 693 129 826 126 553 46 840 131 841 89 454 73 556 123 468 40 841 137 858 157 510 135 391
1581 -9.5533113222764765 1.4126289166093116 9.091086313355742 230 235 243 1.4327787774386982 128 1121 153 1128 145 1184 153 1109 129 1121 39 1092 145 1171 46 1125 89 915 42 1154 45 1144 40 1087 44 1063 41 740 122 651
1579 -13.237813582210617 -1.6548802391598552 9.3373145460685727 156 152 170 2.0341791091791128 65 57 35 79 32 82 33 63 39 404 99 95 37 57 36 85 128 93 126 66 32 89 65 63 33 72 89 64 89 69 125 56 125 61 73 70 73 320 123 236
1578 0.29794824606585618 1.6376102548470211 10.147288508736189 74 86 74 1.9937752141893774 99 1117 37 973 36 1019 153 1053 35 993 145 1149 129 1082 39 1054 65 517 127 749 33 549 133 1116 46 1097 131 1099 89 564 125 518 73 525 123 437 42 1143 40 1075 159 1120 159 1134 44 1066 169 943 134 995 137 1014 41 744 80 462 122 352 60 207 121 166 30 179 26 280 29 202 130 84 117 153 28 307 118 291
1577 -12.95384663755463 1.5161509021363007 10.153741987389353 109 105 94 1.1762249268309219 65 825 37 920 32 849 33 835 39 1011 37 863 126 764 153 988 89 863 89 890 125 810 123 717 42 1081
1576 -8.1696951175587458 -4.5359577190220906 12.39024968008418 125 127 116 2.1401540803942827 128 1148 39 1105 131 1125 73 893 42 1171 40 1111 44 1082
1575 -2.5516680565911956 3.9319235148511309 10.401041271721468 150 167 159 0.53946341610765025 129 1128 39 1102 133 1143
1574 -7.6259474339979159 4.0589543262043977 12.618155612496166 84 78 66 1.0158069137935657 127 1018 128 1127 39 1099 46 1113 125 882 42 1169 45 1160 40 1109 44 1080 41 754 157 718 76 642 135 538 70 666 136 508
1572 1.4235004150167201 1.3467922036596507 10.226008762248236 73 66 66 2.1515731099086524 37 969 39 1090 133 1112 46 1132 131 1118 159 1160
1571 1.4235004150167201 1.3467922036596507 10.226008762248236 73 66 66 2.1515731099086524 37 968 39 1089 133 1111 46 1131 131 1117 159 1159
1569 -1.9515466888460646 4.8152296762139484 12.463220104456775 76 91 96 0.77839190352962662 37 896 39 1034 133 1092
1568 -12.900337427111831 -0.32571340989391062 10.464062952746739 116 114 101 1.0615401359277725 39 999 125 797 126 827 127 927 73 795 123 707 42 1069 45 1068 44 995 76 461 70 528 50 303 138 375 51 428 48 274
1563 -6.0154214787612315 -0.53603772267325278 13.651195325406844 63 50 34 0.8584593065944377 33 748 39 939 125 735
1562 -5.8300365319506993 -0.48521883822415385 13.29116351075319 63 50 34 1.5918591355137199 32 750 33 747 39 938 125 734 80 648
1561 0.73082250662741755 -0.47303807285980137 7.7531461265890496 64 59 39 0.71884491767140513 129 753 39 929
1560 -5.8076075645970899 4.3780886167163189 11.88635535913782 69 68 42 2.1722142129259976 153 656 39 909 46 1019 125 215 33 210 44 975
1559 1.340426341010345 3.1766186744712339 10.469465009993407 114 125 119 1.1569777920245505 37 722 39 906 133 948
1558 2.5880586608034029 1.9283295316480153 8.7307126436651004 53 59 41 1.3595807585108024 129 921 153 242 39 898 133 1012
1557 -13.244585436369736 2.3201029123909711 10.122424592142751 94 89 88 0.60760251862625692 32 665 36 778 153 772 39 894 126 672 125 663 40 929 136 378
1556 0.47600489225399001 1.6085212631616503 10.31685509427718 182 193 189 0.57327167094236908 37 870 39 891 133 1002 46 995 131 1004 42 987 45 1041 40 924 40 993 159 1063 44 963 169 871 134 935 137 916 41 680
1555 2.6142713827697603 1.2470473649716969 8.5991847990727006 132 141 136 0.77115134998684998 37 806 39 890 133 922
1554 -9.8493429332354268 0.89140178143536453 11.275580839163696 52 54 44 0.41314120383008718 127 737 39 883 76 537 51 476
1553 -12.783841177113469 -5.5853565339619706 11.36262295656619 108 110 105 1.6299009229864216 127 683 39 846 131 968 42 915 157 426 80 532 128 738 41 499 135 318 76 333 122 512 136 253
1552 -5.0539104864137503 -6.2442428801897325 13.517527239126336 63 62 49 2.019232344669454 153 848 39 842 122 511
1550 -8.0549675839750741 4.5593326505272405 12.431627300167744 43 46 19 1.0730074369685367 32 418 127 260 39 827 35 464 125 551 73 557 123 330 41 489 80 494 122 276 30 191
1548 -8.5215665383433201 4.3849048177036227 12.300543204158121 62 69 53 0.45872503271382042 153 794 39 819 46 832 131 955 123 461 45 887 40 943 137 848 159 947 76 501 42 998 135 444 157 505
1546 -6.0785283523504861 3.6013786421465932 12.677798505291102 57 43 30 0.70853379016822016 99 701 126 540 39 807 46 504 45 553
1545 -13.071286075986283 3.0283296689386208 9.8642807010954545 95 94 80 0.82402850152743434 50 241 39 801
1544 -8.9190143651851788 2.9954405131273458 11.481581639961915 94 84 59 0.84419204355619015 145 839 39 798 89 577 123 449 157 496 80 478 60 321 138 179 165 130
1543 2.5815591779772555 1.7009792353492048 8.9064343889441169 22 27 20 1.7243574584747876 129 244 39 796 131 943
1541 1.5731637854908602 1.3379152364886095 9.5407942344307077 138 146 133 0.41232617320428888 37 560 39 784 133 666 46 923 131 793 42 984 40 921 159 921 137 913
1540 1.485094697892293 1.255126329587037 9.6689012784022523 122 123 111 0.44787373497053107 37 690 39 782 133 919 46 920 131 1003 42 1041 40 991 159 1059 137 945
1538 -4.3146026255351453 0.17357041920865238 14.499755133738272 47 45 24 0.65027479594631887 36 754 39 763 44 944 76 578 136 463 26 454
1537 0.26671230284518799 -0.51691683930304966 9.3374676203967297 19 20 1 1.0194929229574092 36 383 39 751
1534 1.1968263049594456 4.0279615081450224 10.863584239851647 101 110 109 1.3316580689365698 153 665 39 715 80 186 26 213 123 161
1533 -1.7685408266402749 4.6229282954871938 12.059151435760088 68 81 87 0.93887162180413442 32 432 33 436 39 712 133 571 125 431 73 215 123 334 80 189 60 338
1532 -4.297525891336047 4.1241794868666668 10.326283229789391 154 171 162 0.82291674468120013 153 493 39 708 133 718 123 166 36 279
1531 -7.3076878786208894 4.7027467788966337 12.964021055767324 44 46 33 0.41613415779656943 145 721 39 696 76 422
1529 -11.281044081831629 4.0519539216544684 10.802237840631834 41 46 42 1.3466475645227449 153 481 39 694 42 749 40 681 32 411 125 415 159 695 134 722 157 333 157 334 135 163 122 274 136 179 48 185 165 144
1528 1.1178840649848776 2.2956558640956168 9.5713082257318653 120 126 122 0.42358456171892445 37 430 39 674 133 688 131 679
1527 2.1915995573748992 1.8986939016287234 9.3560470033959522 82 85 81 1.0083994519351924 33 396 39 664 133 245 46 809 131 672 37 214 89 415 26 188 29 144
1525 2.3028680930170791 1.1912945116165559 8.2065616532236394 121 121 127 0.54812709253811054 129 210 39 647 133 669
1524 1.4147923347765754 1.353780818796269 11.188159703764191 150 158 162 0.53307075064647502 35 414 39 640 159 777
1523 2.2126360303556125 0.86872824235711332 8.3730809449040144 98 106 103 0.58981130097867984 129 467 39 630
1522 -11.858606699626936 1.084171128845735 10.652126430881683 70 69 60 0.60864341119243803 99 665 39 627 42 980 44 877
1521 0.58461730251163602 0.88705311709833534 9.0601839954746168 61 66 71 0.61757192992521381 37 548 39 625 125 118 80 100 122 70 121 49 60 71 30 175 60 197 29 196
1520 -8.1209426773311808 0.66870941571143261 12.130056871806156 64 62 58 0.6897860181725054 129 619 39 615 133 634 131 619 134 106
1519 -13.421474245429891 -1.5874438679715903 10.337748156023821 61 58 37 0.16616508489568202 32 309 39 592 42 808
1516 -11.381321561366919 4.0072056563592078 10.64642576109382 38 46 49 0.14364772771333512 129 535 39 523
1514 1.2468003745106637 2.2319689621666958 9.4879151232337264 117 122 123 0.77652036026590443 129 515 39 505 133 271 46 819
1513 -9.3142176889528887 3.1039050915689432 11.325281441747491 97 91 70 0.89212141624715535 50 246 39 499 45 552 129 512 40 293 169 222 137 441 157 323 135 153 138 182 136 162 51 220
1508 -1.8163592061385356 0.66967230881337314 15.003015903618801 148 143 138 0.33468301349232671 145 175 39 431 46 423 131 423 44 433 169 87 137 348
1507 -10.512907435640983 -0.3516010465255156 11.719132202042596 80 76 65 0.42608814460642697 127 114 129 425 39 424 35 117 46 412 131 607 73 98 123 64 42 469 45 655 159 595 44 423 137 525 80 69
1505 -0.83045940381164207 -0.95897452984730025 16.708485298692825 24 25 3 0.9213830669280626 36 381 39 412 40 600 169 570 134 498 137 518
1502 1.8018929001451307 -3.1384282882710557 9.9884719338441883 80 79 76 0.050366704545851515 145 403 39 356
1501 -5.147930126688439 4.9652570290643974 13.274333929612744 164 158 166 0.2816940556121646 129 320 39 311 145 337 133 307 46 334 131 316 42 382 40 328 134 456 137 270 41 395
1500 -5.1620437782119319 4.9781278791450871 13.304770030391804 164 158 166 0.21019000223197321 129 319 39 310 133 306 46 333 131 315 42 381 40 327 134 455 137 269
1498 1.4172097374020205 2.9434562038290095 10.600792476137764 64 72 57 1.2869781347699509 37 237 39 292 133 547 131 832
1497 1.3944364433510523 2.3171233456978761 9.5350773470788024 201 201 200 0.4710738770052782 37 432 39 278 133 694
1496 -9.3368148075845738 3.1518440653839925 10.273071223675904 76 79 88 0.89072106010353203 36 243 39 273 42 346 45 314 44 311 134 246 135 93 70 129 138 188 165 140
1495 1.7536959769042555 2.1256794814456912 9.4474001341243614 92 92 81 0.39844172558139845 37 223 39 268 133 262 131 527
1494 -9.6201024251808587 3.1424762379539675 11.735696820259477 61 49 38 1.6880382173714603 35 222 39 264 46 275 159 678 169 214 134 574 135 151
1493 -10.384894322857589 2.8266645305693183 10.796241826500264 178 179 189 0.18332898314584903 129 262 145 298 39 260 133 253 46 268
1492 -4.7711694241987432 2.9610808246585525 13.506094371950818 126 122 118 0.24860482835296713 39 242 169 505 29 63
1491 -8.2508177038911583 2.5197196959001786 11.793733407114013 60 51 34 2.0058216393382842 127 430 39 231 73 164 125 163 44 774 70 106 121 171
1490 0.11527956534356486 1.7006819480317441 10.166689334922951 180 192 190 0.98685780952922264 129 232 39 225 45 709 44 275 169 498 134 562 137 188 157 317
1489 -0.12656865383173874 1.2972474323168797 9.7022318830811063 204 215 219 1.702213989444747 145 241 39 206 133 195 134 685 45 701
1488 -8.5110948192742821 1.6417692352440787 11.882647121065878 184 195 201 0.39248987007242259 129 197 145 239 39 205 133 471 46 468 42 528 45 515 40 476 159 461 44 483 169 480 134 546 137 581 41 365 157 299 76 310 135 212 50 286 70 336 47 307 136 229 51 367 138 329
1487 -0.29879984104013918 1.1346192791107101 9.5645889184361206 253 249 253 0.7158418492396561 129 185 39 195 133 185 46 182 46 459 131 197 42 523 45 507 159 178 159 453 44 477 134 380 44 230 137 385 41 88 157 198
1486 0.26237472413121665 1.1699174857346926 10.255997168382713 198 205 197 0.70672788518249552 129 178 39 190 133 454 45 500 134 537 46 175 41 361
1485 -10.72349268981273 1.088748192634251 11.109425660317697 68 65 74 0.33342556786288569 36 169 39 184 125 116 73 126 48 171
1483 -10.092944199623616 0.99951251352400317 11.413495023348032 90 91 84 0.16844297112007578 129 163 39 177 133 437 131 457 42 227 40 450 159 437 134 530 137 558
1482 -10.113183151876028 1.0001376027701556 11.426314865485393 90 91 84 0.29114717694329423 127 160 129 162 39 176 133 436 131 456 42 226 45 478 40 449 159 436 169 324 134 529 137 557 41 213 157 187 76 183 135 198 70 207 47 75 136 215 51 172
1481 -8.3184701873060245 1.0466292453436918 12.704172537562096 102 94 78 0.26050757211011827 129 159 39 166 42 224 45 216 40 206 153 176 159 147 169 323 70 203
1480 -9.9649214548690157 0.73990816416251215 11.306801022110985 113 121 124 0.30629633331165895 50 42 39 155 46 149 131 442 45 197 40 187 44 183 169 109 159 130 134 117 41 69 157 68 76 60 70 67 47 195 138 50 51 49 48 61 165 55 49 57
1479 -10.56293409424072 0.37201146310384514 11.120710252297 62 62 54 1.4594748219045994 129 129 39 139 131 143 42 484 73 109 159 607 137 533
1475 -4.3389109720754906 0.038155392717450644 15.037466916796493 153 148 144 0.18094506283084891 35 125 39 127 99 132
1474 -4.2149177120347856 -0.21151576892058643 14.678945537427911 181 176 196 0.31181226655549937 153 136 39 119 40 137 44 139 169 68 134 79
1473 -8.0493466144281332 -1.7142311159328294 13.552199196857062 161 164 161 1.5389616089253562 35 87 39 97 133 390 131 105 42 123 45 105 123 630 73 718 89 776 40 97 159 384 44 110 169 51 134 322 137 319 41 176 157 164 76 268 135 179 70 170 122 530 60 447 136 193 51 146 121 420 30 320 48 102
1472 -7.7887191587093394 -1.6249448056217635 13.215261709039799 161 164 161 0.29171789979584434 35 86 39 96 133 389 131 104 42 122 45 104 40 96 159 383 44 109 169 50 134 321 137 318 157 163 76 267 51 145
1471 -9.147171221062278 -2.0341446393642508 12.953569224734801 182 181 179 1.3509729919112745 39 87 169 429 134 316 76 28 138 32
1470 -12.965361702783637 -2.4138224492534026 10.461938689697259 114 107 97 1.2577123985544707 129 594 153 85 39 76
1468 -11.627572505655259 -3.0843244554409766 10.904312350599607 65 60 47 0.30274087286463019 153 60 46 380
1467 -13.518807091773388 -3.4165718841152022 10.073474844893159 62 53 80 1.1822775686726137 36 45 39 43 46 23 44 378 41 161 76 248 135 110 47 158 136 13 51 18 165 34 82 89
1465 -12.792332891421914 -5.6401824213425069 10.962956795697451 91 94 80 0.20191194589130398 129 354 39 10 42 7
1464 1.6757760519395468 -2.2716380102176301 10.029346827694809 148 151 133 1.9348882925239574 99 351 37 494 36 34 153 40 35 29 127 41 129 735 99 353 128 369 39 720
1463 -8.2183194866211906 0.98239075619381422 11.922489540666716 88 94 109 0.7501677025479041 36 159 128 175 65 119 35 162 127 159 126 113 129 455 37 129 145 498 39 171 133 432 89 119 42 502 45 475 40 447 159 620 44 460 169 321 134 524 137 551 41 73 50 181 70 71 47 72 138 53 51 165 165 112
1460 1.3803442993068538 0.86762730138662958 9.9756721103170563 65 60 54 1.6035081940002289 99 1062 145 1097 129 1102 37 1017 125 743 80 659 60 378
1459 -6.6317963139748235 0.67286077448640302 13.622806868297133 83 72 56 0.92850139121348263 33 897 35 1017 36 1044 99 1105 129 1101 157 710 135 530
1458 -6.6542223203203195 0.68077058629367848 13.657561810197059 83 72 56 0.93799546447169213 33 896 35 1016 36 1043 65 873 99 1104 129 1100 157 709
1457 1.431042485470978 2.1419423759285285 10.344998768086153 56 59 55 1.8051439427425959 37 1003 129 1085 39 1114 133 1130 46 1134 131 1128
1455 2.4927810939316388 2.8177478372744433 8.754497851335346 40 42 41 0.41199505019383581 32 682 39 1066 89 204
1454 2.5160622935599926 2.8163931886066389 8.8959351113829097 40 42 41 2.3419463067078614 32 681 129 1053 89 203
1452 -6.0222622541598332 -1.8348646823226826 14.600490963226857 89 84 66 1.0474507103160748 33 814 127 827 129 1025 126 735 159 1046
1451 2.1578072533502826 -1.4099616683053751 10.472447449353398 48 53 31 0.92128969725575338 36 947 37 844 129 960 39 854 131 977
1450 -13.041092938086615 -2.9450412524638523 10.834027662350222 38 44 32 0.35893510275875862 126 730 129 959 76 446
1449 2.2591035674060498 -1.2558043609284333 9.0137901037787689 52 53 37 0.47571391857631501 145 773 129 958
1448 -2.1780336060413159 4.5538895419384522 12.165381667232554 96 109 90 0.9483934694937467 153 939 129 935 145 1057
1447 1.1499192057666643 3.2039173185739958 10.775134483992314 124 130 123 0.96870449881309784 99 950 129 929 133 947
1445 1.3652074268567462 2.9388445584462461 10.754841485388841 173 168 150 0.62266812893118739 37 818 129 927 39 974 133 1016
1444 -8.7211661206605839 2.9708972965628764 13.275628197328919 55 54 35 1.0379734679218824 127 872 129 915 89 715 42 989
1443 -11.912697194414024 0.63927039066828673 10.681390314916875 91 85 92 1.4932278322423129 153 748 129 900 133 991 131 997 89 552 32 531 123 414 153 588 41 550 157 580 169 860 80 447 60 301 47 378 49 132
1442 -11.993050070739432 0.1309163728609061 10.929885112693832 94 86 69 1.4160860667786279 36 408 128 617 129 888 133 894 42 826 159 1005 44 854 134 878 40 777
1441 -6.5699016322523427 -3.2818491137503525 15.393680302659083 66 59 49 0.99230177215181492 127 818 129 865 133 878 145 917 153 870 169 681 134 856 157 538 121 376
1440 -5.3614240487218714 3.9078170940888937 9.3095758703390779 172 180 175 1.0099432402600945 128 300 129 833 133 957 60 118
1438 -9.5549717483104306 4.3647467873032078 11.743838792594955 24 30 20 1.2959165357074522 153 799 129 824 131 958 40 948 44 906 145 984 134 828 136 388
1437 2.5758572711057828 2.4166152748070169 8.7435192587409016 72 67 48 0.69167900981493935 99 529 153 474 129 822 133 835
1436 1.3595818154511943 2.5269534467520738 9.0872608440563951 80 81 75 0.66045201460900338 37 718 99 710 145 559 129 818 133 1017 39 976 46 1054
1435 -7.4613464762579849 4.6289191630420863 14.812821567727884 42 35 25 0.99521590483527944 128 673 145 851 129 815
1434 -6.0311660653879233 3.1848819655895464 12.731705379501092 38 37 16 0.34990077288135912 33 567 129 812 73 395 121 262
1433 -1.467013923227191 1.1555465839600592 12.335500384124632 238 235 231 0.3906180354513083 153 424 129 791 145 663 131 462 89 385 42 844 45 846 40 791 44 751 137 699 80 96
1428 -9.7034986849477836 4.3011957268528827 11.579642081567576 31 34 15 1.1169376339359272 99 716 126 201 145 715 129 705 133 826 65 401 42 893 159 829 44 796 157 503 76 414 70 481
1427 1.3941709703024157 2.8076340487918534 10.543956203057634 170 167 153 1.2202290574596031 37 234 129 695 39 289
1426 -9.8534990110716763 3.5476747294092443 11.573877166693268 157 160 162 0.67746772543830669 145 708 153 642 129 693 133 692 46 814 131 819 42 878 45 881 40 826 159 805 44 782 169 631 134 711 137 841 41 477 157 410 135 307 76 409
1425 1.5971912267179982 2.1552851455658582 9.3159646495171575 165 166 152 0.45072971711528637 99 694 129 684 39 804 133 811 131 947 159 1023
1422 -8.1735253369112275 2.3629272373220069 12.197234127128807 47 48 34 0.691387185294291 128 226 129 656 133 928 45 861 40 653 44 766 30 125 48 238
1419 -0.51522780168836635 -0.78106938716806751 16.320409165139342 24 24 14 1.5838423505284169 35 368 36 604 129 603 133 761 45 820 42 817 29 181
1418 -0.78600423147268561 -1.0767225208023705 16.189193541597906 22 21 1 1.4150256085243276 36 601 37 518 153 117 129 601 39 753 134 769
1417 -7.9923093962539635 -2.5383275398034275 12.198035359769287 251 255 252 0.54621636934487316 65 472 129 591 89 333 169 551 137 650 41 413 157 345 80 261 135 251 122 186 50 257 60 163 138 360 51 331 121 222 30 152 48 256 165 228
1416 -13.316048922401443 -3.1751438488510928 10.776968206893114 99 97 85 1.0376300756040102 65 42 129 585 73 45
1415 -12.793168894214768 -3.7832095402029333 10.988975149058696 100 101 98 0.24130697630548426 35 326 129 580 89 313 44 697
1414 -12.275320045849487 5.2626341149880522 10.331486950018419 60 52 49 0.1830959837682391 36 290 129 551 39 342
1413 -1.8950653567977054 4.1503236799063492 10.62235912883609 253 255 253 1.0885384191164982 37 269 129 549 39 546 133 321
1412 -9.0054861524370811 4.5122765889385077 10.214029600189708 46 41 40 0.52204302024384497 128 298 129 546 39 327 131 563
1410 -11.885857483600947 3.9803829532151709 10.531901506303299 36 37 46 0.91825742395441579 32 213 129 534 131 697 122 272
1409 2.1108773156120311 2.1666105056392246 9.4093076360076928 83 91 68 0.77525869522568625 37 584 99 251 129 516 133 813 39 808 131 949
1408 -6.0299591158530914 2.643130879000871 12.810139063076575 177 45 74 0.53430626640117185 65 155 126 164 129 499 133 234 46 487 131 509 89 173 125 167 123 118 42 547 45 292 40 267 159 216 44 505 137 592 41 250 157 214 80 142 76 314 135 146 51 302 30 53 130 35
1407 1.4132938801379613 1.464579589916813 9.6878801530404797 78 70 64 0.61149607163401232 37 402 129 492 46 797 42 866 45 708 42 538 40 652 159 788 44 885 137 833
1406 1.5232070709427543 0.98246124358032083 9.6622085249172542 119 118 109 1.022360360011169 37 137 99 454 153 181 129 465 35 168 131 777 40 914 159 911 137 905
1405 1.4756497420620955 0.94365364375248095 9.7052719961273137 164 155 146 0.43908050269688476 37 376 129 463 39 623 133 442 46 778 131 776 42 974 45 961 40 910 159 906 44 954 137 818 131 631
1403 -8.3307887455912919 0.57269402043625162 11.18497039132539 40 39 53 0.24348298594125128 35 391 65 110 129 444 32 335
1401 -2.8505806884015437 -0.15763092680682894 14.730867552185169 56 48 45 0.41283050174147318 128 133 129 426 133 120 40 135 44 140 137 332 76 42
1398 -6.8230639785169824 -3.8092646565395496 14.20627744649418 63 57 54 0.66557274349468198 145 57 153 50 129 380 133 36
1397 -5.1292015907050406 4.8515393059975178 13.303046019321128 248 237 254 0.21567192430033386 37 250 129 311 39 305 46 533 131 542 42 377 45 342 159 313 44 549 169 527 134 277 137 465
1396 -5.138765486130362 4.9270407444788562 13.5318854640075 57 49 63 1.4130055292200949 37 252 129 310 133 302 131 309 42 375 159 701 169 249 134 452 134 839 169 759 41 138
1395 -9.1600166671950412 3.4238673931435888 10.286435632083881 184 189 192 0.28027759715563483 153 260 129 287 39 287 133 542 131 533 42 574 45 558 40 528 159 687 44 529 134 584 137 609
1394 -9.1343644389439973 3.2835616186727803 10.286843891067324 184 181 190 0.45175391556717653 145 324 129 281 39 279 133 533 46 290 131 689 42 571 45 555 40 524 159 514 44 666 169 383 169 516 134 581 137 606
1393 1.5153773830500992 2.2557176841803934 8.9428202323819246 67 62 56 0.53249324004531851 99 254 129 280 133 537 39 514 46 309 159 297
1392 1.1154723821123815 2.2776359502154491 9.7109815653970966 223 223 220 0.29264596389272252 37 226 99 250 129 274 133 268
1391 2.2253671754296001 1.818584778117303 9.4406030575660704 141 140 138 0.44144993018433826 99 227 129 242 39 252 46 262 131 516
1390 0.20711160921324531 1.6973521403985754 10.220694704319291 85 89 84 0.86764517395808471 37 188 129 229 39 223 133 493 46 480 40 494 42 540 45 535 134 413 44 272 169 359
1389 2.9362547966628565 1.3063294106600567 8.3281123702785003 158 155 176 0.49787934795064448 145 266 129 228 133 497
1388 0.43390351266245425 1.6445313315784404 10.269251287276825 181 185 184 0.52346462410673167 37 183 129 226 131 230 159 207 45 277 134 189 137 417
1387 -8.4284749061278177 2.209072673259179 12.6217950181838 95 91 88 0.65393994992206139 37 182 128 219 129 225 131 496 99 204 70 227 47 311
1386 2.3021055741825336 1.2588722980248599 8.1992560416440003 100 101 101 1.2210484180933889 145 255 129 221 133 672
1385 -5.9642721229029032 2.1131739694148304 12.94157090966508 82 20 22 0.55117182132116516 32 155 129 215 131 494 153 215 159 472 157 99 41 98 136 77 51 207 76 83
1384 0.62564562234861976 1.2751424683172627 9.353734395622002 174 171 161 0.86017200944595951 37 167 129 204 39 207
1383 -8.3451124460386161 1.7432958206621716 12.074285084952457 240 244 241 0.51905179175893146 37 162 129 202 45 251 159 191 41 94 135 69 70 94 70 337 136 146
1382 0.43470643491851663 1.0554072060661848 9.0930964685321722 202 205 197 0.47287166793951418 36 176 145 223 129 181 39 193 133 182 131 470 42 709 40 641
1381 -8.2622804608277427 1.4817407302870798 12.605360647820493 85 83 77 0.29083611807542781 37 144 129 180 42 246 41 82 134 156 70 90
1377 -8.3695568046372912 0.66392050312725592 11.800302350980205 77 73 75 0.37621264513608843 145 184 153 161 129 139 39 151 46 437 131 435 42 493 45 459 40 436 159 421 44 442 134 343 41 198 157 275 76 172 135 125 70 198 47 188 138 146 50 175 136 208 51 158 48 116
1376 -8.5790286296485014 0.41836858718258607 11.194914673783414 70 68 82 0.49271931627491256 145 174 129 132 133 142 46 135 42 483 40 430 44 162 159 606 131 422 169 447 134 653 137 534 41 191 157 272 76 162 135 122 70 192 50 170 47 182 138 142 136 128 51 153
1375 -3.7580558772758264 -0.14550081018675065 14.360375667978884 132 129 119 0.9599425397233311 32 107 127 116 129 107 33 98 159 401 169 581 134 506 41 325 157 361 76 367 135 346 70 521 122 45 47 444 136 409 121 33 26 160
1374 -8.8592719520576164 -1.8306298385706299 12.148808036406535 96 97 92 0.35452665332330774 36 78 99 84 129 82 133 82 46 71 131 395 42 111 45 416 159 61 44 93 134 492 137 314 41 174 157 161 51 147
1373 -8.941729767399897 -1.8601805759802195 12.093187368702177 211 211 206 0.69228921441534053 50 161 153 97 129 80 39 86 133 81 46 70 131 93 42 107 45 90 40 89 159 60 76 144 70 169 47 163 138 219
1372 1.9074621740105193 -1.0772009730272758 11.311970808127782 163 164 148 2.1394313060586647 37 53 129 79
1371 -7.9834569637363497 -2.7057353965119999 12.29095119970339 240 239 234 0.28522270847456849 37 40 129 59 39 389 133 370 44 391 80 33 47 153
1370 0.71837131069414351 -2.4366482772148821 9.4990202054700266 122 118 103 0.29631036537435584 145 36 129 18 39 361 133 337 46 362 40 362
1369 -5.2048023150379583 -1.0925574558312723 12.377106280808295 75 60 48 2.6387966498573077 128 999 33 744 129 966 125 730 126 743 123 636
1368 1.7838139443500469 0.23663017128339478 9.4365097684694419 62 53 53 0.26589806095239837 33 658 80 571
1367 2.925590860177087 -3.378296308057378 9.2355509437746619 54 60 41 2.5711195378153988 35 314 128 350 127 509 32 615 126 433 65 24 33 475 99 886 36 827 35 801 128 866 145 888 127 680 32 614 126 593 89 19 123 199
1366 -13.43318854194457 -3.2581664405783708 10.53796694424277 51 52 38 1.7296422703062009 99 1094 37 908 145 1129 32 881 126 859 33 632 65 465 99 900 37 501 36 576 153 716 35 526 128 60 145 769 127 334 32 286 126 37 39 731 89 763 89 884 125 277 73 703 123 373 42 630 45 797 40 733 44 574 80 543 80 739 76 513 70 21 138 130 49 158
1365 -0.27765817778093016 4.0489741460070654 9.900408094285984 248 255 247 0.63388113074167762 65 681 99 964 153 949 35 871 128 957 127 888 33 792 153 1011 35 959 89 730 125 682 123 588 80 610 26 440 28 333
1363 0.1253780109515818 1.2345758224466912 10.177051960292994 253 255 249 0.44552706342704024 37 552 36 437 153 603 128 460 145 671 126 340 33 358 36 438 37 553 153 604 145 672 35 586 39 638 39 639
1361 1.4849712771817438 3.9423435056531293 10.570404182150334 72 80 60 1.1433791739176826 99 730 37 730 33 222 99 1032 36 909 153 941 35 870 145 1059 127 653 128 703 129 938 89 592 125 555 60 242 121 281 30 190 26 363 117 216 28 251 118 305 27 470
1360 0.093348149071649969 1.6182017965172881 10.101772369169387 230 236 238 0.48047145188713214 99 481 36 199 153 442 35 196 128 216 145 681 32 157 33 148 65 519 99 831 37 807 36 773 153 763 35 591 127 617 32 545 126 519 129 652 129 909 39 892 133 923 46 996 131 1006 89 401 125 373 73 373 123 289 42 1044 45 1042 40 994 159 1015 44 763 44 964 169 898 41 681 122 237 60 208 121 167 30 180 26 282 29 204 130 120 117 199 28 229
1359 -8.4979023633180883 1.0408467983282859 11.174319290521908 96 81 110 1.6943405528848232 35 406 33 123 99 450 153 423 35 403 128 180 129 632 46 634 131 633 125 113 73 122 123 83 123 86 145 507 137 563 41 217 76 299 70 209 70 328 122 66 50 276 138 156 138 245 136 59 51 179 121 46 48 121 48 223 165 204
1358 -6.2611920366472713 4.3435940031468654 12.821974699318497 55 51 40 1.8231442860163301 153 651 32 563 33 418 65 396 128 509 129 821 131 953 89 445 125 419 123 465 44 541 169 749 134 719 157 506 157 513 80 350 122 375
1357 -14.45068342116574 -2.3925202733640032 10.011658222067009 99 99 97 1.1884143355045957 36 1079 65 885 33 911 138 515 48 360 165 340 49 181 82 158
1356 -9.9181585256786491 1.21913737265047 11.109502260176289 66 77 68 0.89777632336947799 50 343 126 913 33 898 123 789 80 766 122 649 138 522 51 521 48 364 165 342 139 145
1355 2.1240315085240002 1.7385813027246768 9.9815478172355903 63 61 51 1.1098069327637012 65 829 126 881 33 881 89 803 125 813 73 812 123 721 80 716 122 549 60 466 121 399 30 290 26 428 29 319 130 192 117 203 130 155 28 379 118 352 27 446
1354 -5.1434855591231292 -0.13294681000592407 11.1839569907655 91 89 64 1.6209098142053373 99 1098 33 873 73 838
1353 4.7607514632298544 1.9052754581452611 4.3319750422831129 56 58 53 0.69113985237153519 65 792 33 862 125 832 73 673 123 685
1352 -13.058763960953668 0.97627481514601944 10.361315650528857 123 117 103 1.120397958581296 127 970 33 827 73 804 138 444 35 985 51 480
1351 -8.3150827118215442 0.73084957973917575 11.936860789096936 195 186 191 1.1130766667659211 50 337 33 824 39 1001 134 957 41 704 157 666 80 742 135 498 47 556 136 467 51 508 121 477 30 382 48 350 165 334
1350 1.4120983230931898 0.40371795905183799 9.6343700876542169 93 84 77 1.298235053334899 65 817 33 820 125 739 123 648 60 458 30 327 26 458 29 360 118 464
1348 -12.634379300586398 5.5997010918649242 8.8228996078532589 52 56 38 1.3228960318836134 127 896 33 799 35 887 89 881 125 781 73 781
1347 -13.361312737143352 2.0464704930808342 10.083860090947969 50 52 38 0.36682740312297274 35 851 36 884 33 775 39 962 65 765 76 491
1346 0.9871305229565337 -2.1733503024290983 9.288169200608916 53 52 47 0.8345982260731859 127 815 33 728 89 657 73 611 28 356
1345 -6.4851988616274632 -6.2542219378981354 16.096367408461212 73 71 47 1.7665321216730618 128 870 33 724 153 858 80 534
1344 -11.910925673149542 -5.9049075985044093 10.7767827881468 116 117 111 0.36716308066356657 35 661 33 719 125 585
1341 2.8536657407088408 -2.1875871976239067 9.4432148503639937 45 39 23 1.0851608395956858 32 484 126 605 33 626
1340 -5.9252898169375063 -4.4063259165563657 14.592891932262942 78 73 72 1.4630368150975783 153 862 33 620 129 855 133 864 127 809 125 599 89 648 73 602 123 501 121 367 30 261
1339 -5.9147068966503262 -4.397410680401852 14.567562009420989 78 73 72 1.4188577386701557 153 861 33 619 129 854 133 863 127 808 125 598 89 647 73 601 123 500 30 260 29 344
1338 -12.904908254990325 -6.7567180300351746 11.501517024870827 70 72 64 1.2824809633979353 127 802 33 610 125 582 80 526
1337 -12.452416314011257 -6.5648964632661393 11.166704048652642 70 72 64 1.7380752983708305 127 801 33 609 70 368 76 426 51 399
1336 4.0589361751642308 2.5359608042819124 5.6529592860132727 66 62 61 0.42859744812354128 32 702 65 416 33 594 127 792 73 431 89 596 123 477
1335 1.7576388827626606 4.0398101080688003 10.091159489474347 49 50 42 1.5493193373757104 127 488 33 588 26 95 122 282 121 101 130 97 27 295
1334 1.0516036073007451 3.1674822842416086 10.819478129046519 155 161 146 0.77500906268251712 128 826 33 573 73 187
1331 -9.4210825490166457 -1.5536501453062976 12.345708696646721 121 118 102 0.57003805104229488 127 713 33 511 46 743 131 984 89 671 40 885 44 842
1330 -13.573455182330719 -2.3684480226034301 10.490412019423895 47 51 50 1.5428964206462459 35 537 33 500 127 539 36 588 46 735 153 554
1329 2.3440313902381584 3.894634006131799 8.6480335269078328 119 120 97 1.8358206704453939 126 418 128 335 33 456 125 242 125 243 33 247 73 236 80 204 122 145 60 134 30 69 30 134 26 104 117 53 29 81 28 266 26 109 118 100 118 264 27 302
1328 4.0861539742737145 2.339506401454889 5.6956288563820427 60 63 51 0.31073833014010405 65 219 33 448 80 192
1327 -7.929704202443431 4.5788814703782199 12.524470153548755 43 49 39 0.79857737909313209 99 722 33 429 89 725 76 503
1325 1.451828685928565 2.082072981209131 9.7311956377180966 131 128 120 0.90159467968009444 65 163 126 369 33 400 89 178 125 179
1324 -7.8410561394186518 2.6413448948907803 12.710955586416201 92 83 73 0.78547317157594898 153 770 33 389 131 803 125 165 134 698 41 469 157 395 135 298 138 397
1323 2.8173613090508089 1.4031846439689724 8.3858339271259599 246 243 240 0.36165763711883697 145 830 33 377 99 835 89 158 73 153 80 128
1322 0.71442247006665693 1.2044875993103807 9.3995428155631959 190 184 180 0.63104869742620195 145 232 33 364 122 77 60 77 30 46 130 83 117 152 28 225 118 290
1321 -10.556949859850411 1.054181418281098 10.959782221259003 71 73 73 0.48162047508493089 99 453 128 631 33 349 133 648 125 117 126 119 73 127 44 753 133 780 134 672
1319 -10.473940336937206 0.51088179417536983 10.997129709763856 71 70 64 1.3674643123277415 145 654 33 337 133 774 99 439 89 376 123 266 45 677 169 450
1318 -13.840931427246026 -1.484420002675237 8.7045659096297108 79 73 73 0.74008240319126462 126 294 33 315 49 13
1317 -12.989112292233763 -5.6604637782245248 11.075436345175369 103 103 101 0.24642958761796308 128 576 33 272 45 778
1316 3.1734256078206755 -3.561080724357955 9.075202872650463 113 116 107 0.27298818858859314 65 21 33 267 123 13
1314 -3.1541106457052188 3.4097408617914549 7.1607798493158201 154 168 170 1.3102009706349176 126 416 33 235 65 226
1313 1.2543722602379368 3.518738379027996 10.899840483002739 140 142 137 0.47242147965264009 127 257 145 335 33 205 129 315
1312 1.4673932745813612 2.4994639904126346 8.6342690154558781 81 77 78 1.2769810730038389 65 393 33 191 121 83
1311 -10.699037077457007 2.8788110673996679 11.076166452286266 179 183 191 0.33017100482166167 32 182 35 215 36 227 33 175 60 219
1310 -8.8335690987655759 2.9034698481344949 11.665126049657378 103 97 80 1.5219387040574199 145 295 33 174 129 257 169 511 134 216 137 438 41 256 135 226 44 296 76 97 70 116 76 100 47 109 136 157 121 78
1309 0.35036749821430979 2.0511679078472214 10.348704167706524 171 177 173 1.4313466552784158 32 379 33 162 42 876 40 820 126 162 44 893 80 139
1308 -11.264185790613046 2.5294744264375941 11.052820742275806 207 209 208 1.5043935616739423 128 482 33 160
1307 2.6825713444655594 1.563273990215833 8.4540879535745077 143 145 132 0.57878921924817539 32 171 127 211 33 156 122 89 29 52 28 77 118 65
1305 0.52937048058883285 0.99139083274127426 9.0619931830951721 174 167 161 0.97608930838430652 32 348 33 130 128 457 125 124 80 107
1303 -8.5296775205957509 1.0203056982663008 11.271271306313071 79 75 98 0.74578252125045674 153 422 33 119 129 631 39 452 46 633 131 632 89 121 159 625 134 667 137 559 41 345 157 284 76 298 135 200 70 327 122 65 138 244 121 45 48 222
1302 -8.8074152184980932 0.94177331793032104 11.367985385266969 111 103 117 0.47697883750970538 128 176 33 116 39 167 89 118 42 223 159 428 169 322 137 120 41 205 157 186 76 65 135 131 70 204 122 63 60 65 47 198 138 153 136 137 51 168 121 43
1301 -1.1235111289979742 0.92151587377336208 16.867896408178119 92 91 88 1.0119790454078932 36 139 33 108 41 332
1299 -11.740810910725136 -0.41336385742480997 11.062663414145852 79 74 56 0.46587031595847073 37 342 33 97 45 437
1298 -8.5252605143959777 -1.6205065486705916 12.510628574635284 178 178 178 0.45328846602900913 36 371 127 88 33 71 133 388 45 423 159 589 134 494 157 258
1297 2.7053084391624762 -1.2568659637390061 9.0951742443532346 65 69 52 0.75349557294538727 32 295 127 64 33 49 89 63 73 481 80 273 121 229
1296 -13.136509893572084 -2.621178607608933 10.587553627893834 126 117 106 0.25047638023362112 128 382 33 46 46 386
1295 -13.077985160750094 -2.8440451210535707 10.703454023572313 106 106 95 0.43789262565208686 36 350 33 44 128 591 129 385 145 435 39 573 123 36 44 578
1294 -13.23478552920821 -3.3631795562573399 9.8277762918930254 176 189 197 0.53061932139724677 153 49 33 35 46 377 123 25
1293 -12.936824014426326 -5.6601436456427878 11.474608616858633 120 117 120 0.8384629805395809 65 447 126 434 48 149
1292 -13.059518422006743 -4.2331832599379045 10.91227402022986 128 127 116 0.67618584519002312 153 860 32 619 126 596 36 721 65 597 33 617 169 769 41 506 157 433 135 245 70 497 50 156 138 291 136 329 48 200 165 188 82 121
1291 -11.367823532341594 -3.8749508552192977 10.881258429473691 87 81 83 1.5360395422811659 65 803 99 1040 36 990 127 960 32 825 126 809 65 714 99 896 36 833 128 980 127 696 127 906 126 598 126 719 33 621 33 807 89 841 73 786 123 499 123 617 41 507 169 768 157 530 76 438 135 328 70 384 122 572 122 601 60 488 47 341 138 358 136 259 51 326 165 227
1290 1.3927155371958004 2.7546130653070273 9.1306089694634096 114 114 108 1.6761420772841813 99 1084 37 935 36 902 153 929 35 764 128 683 145 1118 32 676 126 543 65 185 127 772 33 576 129 1090 133 1057 89 200 125 544 80 346 60 104 121 267 26 297 29 215 117 210 118 81
1289 0.40090111497204628 5.7457388204034938 12.614450370391047 51 57 45 2.0938393325274514 32 959 65 925 126 947 125 908
1288 -6.6430335526055986 4.1255478699414851 10.810972167757903 79 83 66 0.99246954690540079 127 1047 128 1157 126 934 89 917 123 795 122 654 60 582
1287 1.4615620274869898 1.9885872157194435 10.253213278725667 143 140 140 0.57139348126013212 32 931 127 1015 128 1124 126 904 33 902
1286 1.1904564117327161 0.85566582348000464 10.722695152334037 96 89 76 0.87028679694706557 32 928 65 856 127 1013 128 1117 126 899 89 887 73 842 123 750 80 660 60 531
1285 -6.089795089415162 -2.7424388456387705 13.426902090887255 93 95 70 0.79210833172517459 145 1164 153 1102 126 897 129 1095 133 1100 131 1106 137 1002
1283 4.809371835930194 1.0269273418986689 4.5222779193532654 87 85 83 0.39502873790101278 65 774 126 843 33 848 89 716 125 819 73 753 123 661 80 596 122 552 60 397
1282 -7.2801413415862841 -3.7232633632290888 12.701590416918778 253 255 251 0.81241676382845029 145 1076 126 812 133 1026 65 600 41 648 80 636 76 562 70 621 47 530 136 460
1281 2.7761477943877013 -3.4180516890411772 8.8400403990027616 52 52 52 1.41880951821559 65 801 126 808 89 882 73 784 73 832 123 696 30 311 130 216 118 448 27 536 161 474
1280 4.7490538062311103 1.7145775642705674 4.4546758837753462 52 57 53 0.72329284777056857 65 554 126 793 125 554
1278 2.3850892980652647 2.9801579258791828 9.0228140918116164 86 84 63 1.8584707997604455 32 865 126 790 125 674 89 587
1277 4.1333437959091555 1.4628696443172076 5.7888048121936215 55 58 41 0.47358344355833337 32 801 127 881 126 788 33 685 125 668 73 537 80 476 60 399
1276 4.7992334773591567 0.9026270869650429 4.4979463923329153 51 53 48 0.40362259777967124 65 521 126 780 73 529 123 561 80 321 122 356
1274 2.8792249194808228 0.56858179330679937 8.5798880560904305 57 52 39 1.8664060454468436 32 837 127 931 126 755 33 759 89 699
1272 4.9847204017466851 -0.89585525617893969 4.6947892255742234 54 57 69 0.65774075129622545 65 608 126 729 33 733 89 520 73 476
1271 -12.92168969099362 -3.6962925923819743 10.900620602084024 50 52 56 1.362925959001368 35 811 36 835 126 722 33 726 46 957
1269 4.7900091296821756 1.108475164084086 4.4889839157361902 62 60 53 0.44630549737000424 65 531 126 680 33 681 89 426 125 535 73 391 123 447 80 469 122 360
1267 2.7368633705344556 0.65417596820794444 8.4579798196758862 73 70 49 0.49190165027240834 65 509 126 660
1264 2.1199567661142198 -1.022507656771497 9.3802788047411276 66 66 50 0.93776156449414416 65 484 127 823 126 622 123 394
1263 2.9037295754036339 -1.4028002657109735 9.0968937457615553 64 65 51 0.94503052866646409 65 475 126 614 33 637 89 521 125 480 127 819 73 477
1262 -6.7865968752051922 -3.854488719992093 15.951402336314361 70 67 60 2.2118198825217994 65 604 128 884 126 609 33 628 129 863 39 850 159 873 134 759 137 782 135 400
1261 -6.9677128034948819 -3.9632866261526689 16.329593776424083 70 67 60 1.9623538626333501 65 603 128 885 126 608 33 627 39 851 133 874 129 862
1260 -11.520834757519747 -4.2034064024792412 11.580970215479605 67 73 70 0.73573729031770685 35 519 36 722 145 912 153 712 36 568 126 597 33 480 89 501 123 364 44 820 70 383 122 411 60 431 47 339 138 286 136 257 165 184
1259 -12.922634627904708 -7.4010147326805527 11.615944657744746 73 73 65 1.5920374637880237 36 709 126 580 89 631 123 605 135 237 165 213
1258 -12.947180784846216 -7.4374550428221395 11.632756933064471 73 73 65 1.4907649251189532 126 579 123 604 36 708 165 214 135 236 136 317
1257 2.3892234884706296 4.3634183875679975 8.7230199818752023 57 54 49 0.96006920941215901 32 704 126 574 33 599 125 448
1256 2.4914482472501533 4.1603359266320652 8.8272881597672281 98 97 77 0.71010368750335784 32 596 126 573 33 597 128 560 89 603
1255 2.2913860268069155 3.7929768229675029 8.6780041830359753 39 42 35 0.83297162653532819 65 564 126 571 73 569 80 505 121 288 28 329
1252 -2.3711837399838038 4.3224102062785308 10.148545495066234 143 156 150 0.881511887514982 35 781 126 562
1249 1.3494184514760728 1.8063946292040405 10.021136204768585 155 158 147 0.58737955429640698 32 786 127 869 128 932 126 523 33 673 89 162 125 154
1248 -13.464478806241244 1.8888521686998951 10.01821036356314 97 98 87 0.41633859244439103 153 764 126 520 41 466 157 489
1247 -11.890450056710804 -0.43714716226363409 11.175698826173765 83 76 66 0.30251523665720453 99 642 126 485 123 256
1246 0.83628001520918183 -0.6648860170916544 9.8011466065049362 35 34 13 0.11994887579036706 127 567 126 479
1245 0.83628001520918183 -0.6648860170916544 9.8011466065049362 35 34 13 0.11994887579036706 127 566 126 478
1244 2.0933213514359217 -1.1269320030846413 9.3291094446258676 35 34 29 0.18977783251183705 65 300 126 459
1239 2.5556874981335276 1.3185993354857537 8.676502907077051 65 65 53 0.32980248689157188 65 362 126 349 125 517 73 372 123 436 80 124
1238 -0.33218530642744615 1.0955217069383427 9.3474311942435282 167 166 164 0.20814003998035158 127 169 128 459 126 338 89 131 73 131 80 110
1237 0.32218662128664866 1.3678982358938159 13.80310154880852 210 211 215 1.5262763070218397 37 681 126 333 133 779 125 120 122 71
2900 -12.675852272985104 -8.2730782681790114 11.631650142348233 85 87 86 0.29692741105160297 153 834 70 359
2898 -3.499010148320004 1.4487965024389386 19.812958549673873 53 62 54 1.6186405980553686 134 352 70 317 41 203
541 2.7930026384675068 1.241850265380146 8.4405034951391347 93 90 85 0.58686986276380415 99 478 153 207 35 190 128 465 127 196
2897 -2.7453068391082645 0.78204493381875806 13.006366833315631 48 58 43 0.74334109014535465 44 170 70 311 40 433
540 -0.20861908963406434 1.2080094591999264 9.6272540673654774 111 116 119 0.47672969635731005 36 182 99 466 153 195 35 417 36 440 145 514 127 179 129 476 133 660 131 648 159 648
539 1.4310181489789719 1.3775185471933324 11.166104735854292 170 173 161 0.30014913820785266 36 181 37 151 153 193 129 192 39 466 46 187
2894 -3.8171301366136294 -0.41475340212834627 14.745908473726132 89 88 81 0.52902607180060435 157 169 70 178 47 169 121 31
537 -8.3719582030871464 0.66322285955739413 11.802646217363179 75 72 93 0.34987773307046277 99 147 153 160 145 183 129 138 39 150 133 422 46 436 131 434 45 458 40 435 159 420 44 441 169 452 134 342 137 541 41 197 157 274 76 171 135 124 70 197 47 187 138 145 136 207 51 157 48 115
2893 -13.392080673851035 -3.1111781807268319 9.7930508965046066 67 68 62 1.7303160198642586 125 32 70 166 123 27 47 162 138 133
536 -8.2864446384040757 0.68162768416158537 12.069331902372973 87 99 110 1.4524360710427786 65 113 153 159 35 149 145 492 127 146 42 492 40 177 159 613 44 171 169 303 137 540 137 544 169 307 41 64 157 60 70 62 135 126 121 239
535 -4.4187779300213395 0.83685772117625479 15.182553141350214 104 95 84 1.0619015606804112 36 142 153 156 145 180 129 443 35 390 133 148 131 432 159 121 134 110 134 656 137 355 137 688
533 -1.4889411381501017 0.74780426312104686 16.00291485677042 51 51 39 0.81915237202181357 99 435 153 151 36 136 126 101 129 438 42 480 157 173
531 -3.8675676937837604 -0.56342237147943197 14.897352635365189 151 138 129 0.15143388946357572 36 111 153 124 145 140 129 100 39 112 133 110 46 96 125 76 42 139 40 125 44 128 134 328 137 66
2887 -9.3240806918546753 0.79548760129925511 10.386292433811761 65 64 65 0.3183527493874454 169 121 70 69 47 71
530 -3.8853627926048824 -0.56838747599722506 14.9513464734514 151 138 129 0.19018676284376534 36 110 37 80 153 123 35 105 145 139 127 109 129 99 39 111 133 109 46 95 131 123 125 75 42 138 45 431 40 124 159 84 44 127 169 288 134 327 137 65 157 260 70 289
2886 -1.8488085329097212 0.65085264097114881 14.529104047133766 140 147 142 1.491296539718453 157 52 70 48 60 53
529 -8.2728374042797839 -2.9617359634235907 12.138190507541546 172 173 171 0.74214270585300546 36 58 153 63 145 68 133 367 131 58 45 399 39 54 40 375 159 366 44 388 169 263 134 477 137 294 157 149 76 15 70 16 70 157 122 22 47 149 138 125
528 -8.261326285854997 -3.0736786658789157 12.149031970555189 169 167 172 0.27076853083123764 36 56 153 61 99 63 35 46 129 382 39 52 133 45 46 32 131 55 42 56 45 396 159 364 44 47 169 19 134 307 137 18 157 23 70 15 51 131
2882 -5.1768982964801813 2.9517098363803873 13.22367942495922 50 42 39 0.30662265617194734 37 208 135 149
525 -8.2321096615491509 -3.5218359421841035 12.227382847189512 168 168 168 0.38183103792510464 37 26 153 48 145 55 129 41 39 38 133 359 46 19 131 35 42 416 45 389 40 368 159 359 44 30 169 258 134 301 137 288 41 9 157 139 76 8 135 1 70 6 138 10 136 2 51 125
2881 -7.870713242496743 -2.8995847995242898 12.415170758870474 255 255 251 0.84785765528825485 157 534 169 773 135 402 137 885 134 757 157 342 135 247 60 276 47 418
524 -7.4041517075233516 -4.2705493213643004 14.24037836250897 254 248 254 0.43526273662874332 37 20 99 45 153 41 128 37
2880 -7.5216627072543645 1.6500530412331713 10.076087809958405 113 117 116 1.0601526088396018 45 526 137 173 41 97 135 71 42 716 46 206 133 488 136 73 47 95
523 1.5441869449558809 -2.2636633044219407 9.990592433058028 122 117 98 1.3159394492813188 36 35 153 39 145 44 127 46 39 366 133 346 46 566 131 14 131 570 42 772 45 777 40 714 44 689 159 0 27 27
2878 -3.5461695081974831 0.35933753700886795 13.788753195032177 254 253 249 1.4324733432731955 37 347 99 428 39 129 134 783 39 875 41 611 157 567 135 460 45 1071 157 632 41 666 70 606
521 2.7296739828175247 -3.527209714028559 8.5996932583867789 97 96 85 0.83387546794283351 36 7 153 4 33 19 125 13 73 17
2877 -5.9311354970311401 -2.4967105237506235 14.076373033232514 42 28 29 1.3270741225953164 65 611 80 550 133 881 131 880 157 541 135 403
520 2.8796896990421073 -3.7992219297000047 9.0779951270733097 131 132 126 0.26516679394412551 99 11 153 2 35 7
2876 -4.5104154696319227 -0.5626607307020548 14.413272667540552 73 60 49 2.1486575111146835 33 324 157 458 135 263 45 131 134 326 46 93 137 64 60 295 47 438 29 183
519 2.7192081509994499 -3.7605545441050641 8.9107889368822519 46 40 40 1.2160376255622414 153 1 35 307 128 5 128 345 73 13 123 9 122 1 30 0 130 1
2875 -7.1813017444207086 -3.6598816920932622 13.603818884464976 170 163 157 1.4147490518900709 153 53 126 36 129 44 39 41 157 140 80 22 76 9 135 166 126 270 131 583 70 4 47 142 138 116 51 122 121 9 48 187 165 215
518 -2.8804130808175983 3.5372642156330238 15.192207278260344 104 110 106 0.68961975685274579 37 217 36 476 153 630 65 385 35 439 128 663 145 546 32 187 33 565 129 509 133 518 131 517 89 576 125 395 65 534 73 394 123 306 159 499 169 373 134 423 80 337 80 474 122 255 121 177 30 128 26 292 29 213 130 92 117 106
2874 -2.8563784535612848 3.0819725461535761 14.537041277767287 196 199 190 0.301053464142293 76 620 135 523 70 657
517 0.10242965828018016 1.530052525297467 10.129767119068001 120 131 133 0.9179069749521771 99 676 36 450 153 440 32 154 126 145 33 144 129 650 133 792 35 193 153 214 131 938 73 142 159 923 80 122 121 61 26 64 130 27
2873 -2.8563784535612848 3.0819725461535761 14.537041277767287 196 199 190 0.301053464142293 76 619 135 522 70 656
516 0.10605354988317844 1.5145110363744922 10.084229145945583 120 131 133 0.97879574169996175 99 675 36 449 153 439 32 153 126 144 35 192 153 213 33 143 129 649 39 785 133 791 46 925 131 937 73 141 42 985 45 1040 159 922 44 882 44 962 169 870 134 894 137 915 41 630 80 121 121 60 26 63 130 26
514 -8.2409917497801146 1.8401758033375688 12.650889043118791 241 249 245 0.23324446807439284 37 163 65 136 99 190 36 189 153 202 35 185 128 207 145 522 127 189 32 150 126 135 33 141 129 484 39 470 133 477 46 470 131 484 89 139 125 140 73 370 123 98 42 530 45 523 40 479 159 466 44 486 169 483 134 549 137 584 41 366 157 300 76 203 135 213 70 338 122 78 47 308 138 252 136 230 51 292 121 162 48 179 165 209
2869 -7.8882619434364489 -1.1156281067478566 17.228879204618142 87 49 46 1.1099693667179122 153 881 135 457 80 646 145 928
512 -8.6988266888073333 -1.9961776551563648 12.156662946361795 215 222 223 1.4717736742059975 50 300 37 649 36 737 65 615 99 904 37 759 153 720 35 542 145 922 127 541 127 707 32 299 145 443 129 868 39 741 39 858 133 882 46 882 89 344 125 483 123 389 42 938 45 927 45 1012 40 876 44 926 169 781 41 596 157 349 80 422 76 516 135 406 70 504 47 491 138 423 136 189 136 401 51 468 48 300
511 -11.924269482124579 0.96690617830855896 10.86057666707171 68 68 56 0.62035166269149444 65 342 37 368 36 423 99 156 153 418 35 399 128 630 145 661 127 395 32 139 126 114 33 346 129 457 39 621 133 778 46 631 131 775 123 82 42 842 45 845 40 789 44 750 46 777 169 718 41 450 157 375 80 300 76 296 76 383 135 281 70 324 70 439 122 341 65 120 50 114 60 193 47 293 138 320 136 219 51 281 48 219 165 201 49 138 82 134
2867 -13.533363532287581 3.9294051171922431 9.6334397696357357 100 92 81 1.0436404101377867 41 640 135 441 76 551 70 561 47 480 138 459 136 431 51 487
510 1.7635112728629749 2.4833501164815646 8.8121078122116785 63 68 36 1.2034163003855154 65 919 99 1172 36 1109 153 1156 35 1075 128 1163 127 1051 32 964 126 946 33 944 89 935 125 907 73 900 123 816 80 808 122 671 60 589 121 517 30 419 26 556 29 432 117 391 28 530 118 566
2866 -13.334139754431195 3.1962543724808294 9.8542573600948487 51 52 47 0.85676850437463037 36 895 135 438 138 400 165 289
509 -9.8631401132527881 1.6816647905640982 9.8548835842935372 233 238 240 0.58241942627007703 65 924 36 1106 35 1074 127 1049 32 963 126 945 33 950 89 943 125 906 73 908 123 823 80 814 122 679 60 595
2865 -13.678392087545856 -1.5858312898303148 9.6321521062623425 70 67 61 0.71716236879177275 76 455 157 662 135 420 41 534 70 512 47 271 138 307 136 350 48 270
508 -9.8631401132527881 1.6816647905640982 9.8548835842935372 233 238 240 0.58241942627007703 65 923 36 1105 35 1073 127 1048 32 962 126 944 33 949 89 942 125 905 73 907 123 822 80 813 122 678 60 594
507 1.9424638220871568 1.3091849508829572 9.0789952726220982 57 53 44 1.6171244644121094 36 1104 153 1153 35 1065 128 1152 145 1205 127 1034 32 955 126 932
506 0.98918634898960534 0.46659010127206918 9.1962309228754968 86 84 61 1.0785188460773067 99 1168 36 1103 153 1152 35 1064 128 1161 35 1072 32 954
505 1.0867390270232913 -0.75714084657861891 9.3981291102789353 36 36 12 1.4036452733445521 65 915 99 1167 36 1102 153 1150 35 1070 128 1159 32 953 126 937 33 938 89 931 125 898 73 895 123 811 80 804 122 666 60 586 121 513 30 417 130 298
504 1.395015139274647 3.5896871920992233 10.216474906627507 75 77 60 1.2171836967967871 99 1173 36 1100 35 1069 145 1209
2859 -17.365838572858834 0.80711606448516238 8.0199604957757362 128 134 122 0.43756065094245494 76 481 135 369 70 443 136 292 51 287 50 117 48 170 49 84 82 68 139 103 140 60 52 84 53 94 142 102 141 45 54 58 83 54 144 53 155 69 55 69 146 83 56 99
502 2.0767046171408428 -1.1106286251502362 9.1791215701815414 27 20 11 0.81162276027875335 99 1166 36 1095 153 1143 35 1063 128 1150 127 1029 32 943 33 913
2858 -17.329178410392373 0.80571591903704975 8.0124105909825669 128 134 122 0.31131475049658447 76 480 135 368 70 442 50 116 47 298 136 291 51 286 48 169 165 165 165 202 49 83 82 67 139 102 140 59
501 2.066672411237688 -1.0810719032133216 9.0611466532466274 27 20 11 0.80943210586881165 99 1165 36 1094 153 1142 65 886 35 1062 128 1149 145 1202 127 1028 32 942 126 910 33 912 89 900 125 868 73 862 123 767 80 763 122 636 60 552 121 476 30 381 26 516 29 401 130 277 117 352 28 502 118 534 27 621
499 -13.350213582005892 3.4154206179231399 10.308834362717713 105 98 93 1.8136082891547913 37 1023 36 1087 99 1150 153 1134 35 1055 127 1036 32 933 35 1040 126 918 36 1072 33 922 39 1097 39 1115 46 1128 89 916 125 865 125 881 73 878
2854 -5.0794834985933885 2.9018192574422264 12.986508508734076 50 42 39 0.59887174169461188 73 172 135 304
497 0.70609549082308121 2.01560663634557 10.912983693890856 177 188 182 1.4663962915976065 36 1069 128 1123 145 1185 127 1005 126 903 33 901 73 848 123 773 80 771 122 616 60 562 121 485 30 387 26 524 29 392 130 281 28 472 30 289 121 433 118 476
2853 -9.0033577615728131 3.0881971022424697 11.806790973591315 67 55 48 1.8211627560634505 41 381 157 497 135 303 70 348 47 324
496 -11.975975639294669 1.3873941653589488 10.529511477772665 93 87 81 1.4841003070474743 65 894 36 1067 35 1037 128 1092 32 930 126 901 33 918 125 874 73 877 123 790 80 781
2852 -7.3355804323302385 1.6649853106756014 10.056107170324246 194 194 186 0.57053385513965726 134 810 137 716 135 294 136 298
495 0.4758162177550877 4.5749571040643549 10.447182218821805 49 55 51 0.74383156935950823 65 883 36 1060 153 1117 35 1030 128 1110 127 1009 32 926 126 893 33 908 89 909 73 870 123 782 122 645 121 470 30 395 29 415
2851 -12.180461553857089 0.64147475804812559 6.3678686339555579 128 130 129 0.3585894104404026 76 384 135 284
494 0.96348366009020348 4.4476030745869668 10.700807236016189 40 50 40 0.62296750628899977 99 1088 36 1059 153 1077 35 961 128 1083 145 1127 127 957 127 988 32 872 126 852 33 860 80 734
2850 -15.15559370470678 -1.4449636987165844 9.3553004651631095 101 101 89 0.36987001113214762 41 434 76 458 135 265 70 520 136 276 51 349
493 -10.59212249842215 2.7411744548162105 10.693657596044256 80 77 78 1.0640423973683328 37 929 99 1122 36 1051 128 1103 127 980 32 902 33 884 39 1019 89 892 125 847 73 850 123 775 80 758 60 542
492 0.77800996707289771 1.0124047180642595 9.7924322888539379 206 207 203 0.68938244365548518 65 875 99 1108 36 1046 153 1107 35 1019 145 1168 32 918 129 1075 125 860 122 639 60 557 121 480 30 364 26 538 29 405 28 511
2847 -12.742949437179332 -5.8024592584701855 11.353256910657358 117 114 102 0.98596085332940975 42 914 76 332 135 238
490 -4.7870438045566051 4.2290440683978519 8.3564688931496072 242 249 242 1.0568692060880842 65 845 36 1035 153 1016 35 1005 32 873 32 910 126 797 35 962 33 795 33 890 89 879 125 833 125 856 73 775 80 689 80 736 122 597 122 633 60 549
2846 -8.4784774901179087 2.7048558622471646 11.020828501617592 59 57 50 1.4011571618779555 44 298 45 306 137 732 135 225
489 -9.5650931065418572 4.2480662561951679 11.527086387757963 41 45 33 1.4042888384602963 37 985 99 1083 36 1033 153 1069 35 1001 128 1105 145 1159 129 1089 39 1062 125 850 41 720 122 620 122 594 60 565 121 490
2845 -8.7404701704839844 2.4444297533302861 9.9554671873344471 178 180 171 0.82724954024894126 133 804 135 224 70 345
488 2.7981216467328904 1.6520899141959255 8.3178780901599332 128 137 131 0.49599139179941798 37 977 36 1026 145 1153 33 841 129 1086
487 3.5240677241816631 1.3192051324620493 7.1368738427696661 59 53 40 0.66886233829958719 65 667 36 1024 153 1059 35 938 128 1072 145 1151 99 1120 126 775
485 -1.4008512496834973 1.2546589998347513 12.615750490359416 234 238 223 0.60340407074458768 37 962 99 1064 36 1011 153 1045 35 987 128 1065 145 1136 127 972 32 843 126 871 33 830 33 876 129 1035 39 1050 133 1073 46 1075 131 1072 73 806 123 751 42 1105 45 1112 40 1052 159 1094 44 1031 169 918 134 982 137 996 41 730 80 748 76 632 135 534
2841 -8.3430058144375714 1.5352521865958262 12.053893012894356 130 130 123 0.92765641796728926 50 235 135 139 47 213 122 229 121 248
484 -1.3997970930915584 1.2530064346490035 12.595917943573982 234 238 223 0.55411867632737677 37 961 99 1063 36 1010 153 1044 35 986 128 1064 145 1135 127 971 32 842 126 870 33 829 33 875 129 1034 39 1049 133 1072 46 1074 131 1071 73 805 42 1104 42 1136 45 1111 40 1051 159 1093 44 1030 169 917 134 981 137 995 41 729 80 747 76 631 135 533
2840 -7.574253091520581 -2.7753127802126709 13.178930653358396 115 115 125 0.44250560602679323 39 67 135 109
483 -1.5908469685404261 0.48268165421248427 14.903489073617253 47 49 49 1.3222988448345099 37 957 65 816 99 1102 36 1005 153 977 37 854 99 998 35 914 128 1005 145 1096 127 929 32 762 126 829 33 818 129 1070 39 1045 46 1090 131 1090 89 851 125 801 73 800 123 710 42 1132 45 1127 40 1067 159 1109 44 1044 169 926 134 979 137 993 41 727 157 708 80 706 122 578 135 529 60 494 65 852 89 885 126 866 80 740 123 745 125 838 121 423 30 326
2839 -7.052093588230588 4.7012291507477419 13.192444822888183 75 78 57 0.39531904026960257 41 134 131 297 135 101
482 -4.0674859146516118 4.0781203495683407 8.0417145807852499 251 255 251 0.31227844274015004 65 796 36 988 153 1017 35 963 128 1048 127 958 32 816 126 798 33 798 89 832 125 778 73 776 123 688 80 690 122 598 60 519 121 445 30 351
2838 -4.087856327674106 2.4684818349990558 12.044588736247681 135 135 133 0.27426388302409821 135 84 70 117
481 3.4617813899992314 2.2660011411642818 7.0459499862706361 47 50 39 1.1349198997837604 99 1031 36 979 153 938 35 773 128 953 127 643 32 803 126 549 33 421 89 201 125 547 123 318 122 260 145 1060
2837 -10.891648736160736 2.8188222941186729 10.965285809710824 184 186 175 2.2735832229515576 44 294 76 211 135 82 45 303 136 81 134 226 51 450
480 2.6474086447026921 2.0655782890881063 8.8386174380681144 62 71 39 1.1852622757641944 65 532 99 946 36 974 153 998 35 860 128 942 145 1044 127 765 32 795 126 679 33 680 73 392
2836 -7.360767239832386 2.7229290026534803 12.666827791974683 126 118 101 0.47727478693204128 41 111 76 90 135 80
479 -3.0391006143509744 3.4010184053441654 14.671095864316937 59 55 46 0.98061386105509996 37 930 99 945 36 972 35 942 65 777 128 1030 126 784 33 787 129 997 39 969 133 1053 42 1087 45 1091 159 1066 44 1017 169 900 134 966 137 982 41 717 157 682 80 673 70 651 60 473 126 844 121 402 29 371 130 197
476 2.8956798052430117 1.2846004539073654 8.4253026402661071 197 212 207 0.31244669340363951 65 761 36 964 153 990 35 926 128 1017 127 939 32 782 126 767 33 772 89 798 125 753 73 744 123 655 80 586 122 548 60 464 121 398 30 285 26 421 29 313 130 187 117 255 28 377 118 413 27 511
2832 -17.808533259617143 0.82780303687154577 8.2583502918852947 42 46 42 0.75230875887005944 76 72 135 61 138 157 51 180
475 3.5389869345962524 0.97244247668967454 7.1959589988725527 47 47 44 0.76644036716646813 99 1071 36 963 153 914 128 925 65 516 145 1140 32 777 73 367
2831 -8.7083537666239241 0.61725138092397436 11.323433527662663 107 99 86 0.6944775793340987 157 62 135 47 134 107 136 47 138 44
473 2.6494641817632187 -1.9488570424139735 13.404984830987754 69 69 50 1.5956721645161906 65 609 99 987 89 519 123 384 122 315 60 286 30 158
2829 -8.6653484395282234 -1.6626778050444981 12.095351377799824 168 161 146 0.60767314904325109 169 46 135 22 137 54 138 33
472 2.2588100992400681 -1.1083738829182006 8.6446106966297283 26 26 17 1.4975253918396989 99 1047 36 946 35 902 153 1029 128 992 145 1078 127 820 32 735 65 734 126 734 33 738 129 1022 37 950 133 1099 131 1105 89 668 125 618 73 621 123 522 80 553 122 531 128 1057 60 449 121 381 30 273 26 397 29 248 130 177 117 238 28 362 27 496 118 338
471 -13.910912248909936 -3.1453404375008267 9.2293151831905114 132 137 143 0.3479578599439172 65 721 36 941 35 898 127 913 33 731 125 713
2827 -8.1868487480237686 -2.5285736937553089 12.304070950029841 251 255 250 0.72527227924561366 169 31 135 14 134 51 70 20 136 11
470 -13.818449895456174 -3.1397460039302412 9.1826485535965503 132 137 143 0.82864739971892898 65 720 36 940 35 897 127 912 32 725 126 727 33 730 125 712 139 96 140 79 141 91
2825 -12.780160213100558 -5.3406583933028315 11.304199232791195 107 107 96 0.33776929792719734 35 669 46 867 76 334 37 750 153 706
468 1.9196876828680469 -3.7795370571888318 10.340874453486141 64 62 50 0.89865297651109211 37 620 65 589 99 977 36 932 153 956 35 802 128 975 153 1019 127 903 32 713
2824 -9.0446923663345444 1.2857935576220352 11.403031853823691 103 95 100 1.0850586285114039 37 142 99 172 35 172 45 234 80 105 76 73 131 187 44 226 159 448 134 154 41 81 157 82 135 135 47 87 47 303 138 160 51 184 48 174
467 3.317256239474653 -3.6328640568433053 9.1040254420372886 42 47 43 0.54177357216226674 65 706 36 931 153 954 35 890 128 974 127 803 32 712 126 709 33 718 89 642 125 705 73 694 123 495 80 628 122 406 60 348 121 294 30 198 26 386 29 292 130 169 117 230 28 350 118 324 27 411 161 386 24 359
466 -3.9860715883729001 4.2335710829131523 7.9741153441098227 208 213 208 0.27523973864540946 65 689 36 926 35 883 127 893 33 710 89 738 73 679
465 -3.782847486966717 4.1263511857161754 8.0069925449904655 252 255 246 0.95198634945946714 65 686 36 924 35 881 127 791 32 595 127 667 126 572 33 595 89 271 126 417 125 567 125 689 73 574 123 484 80 511 80 614 60 417 121 352 30 249
463 -2.2251736659699701 4.9212117256295107 13.21653641725595 98 107 104 1.1624591541965723 37 895 36 907 99 1028 153 937 39 1029 133 1060 46 1085 73 213 26 98
2819 -12.345313731448627 3.7839218690153245 10.328960157490986 96 94 72 0.66248019384860235 73 547 76 496 89 585
462 -5.5955385704088636 4.3915219626466611 11.580785545474331 82 77 78 1.6200450534205411 37 892 36 905 35 868 65 406 128 834 145 989 127 778 32 684 33 693 129 1005 89 457 60 241
2818 -7.3485450679642002 1.5649835319281573 13.442041017099102 144 130 103 1.0579091536367484 65 513 80 460 126 336 127 608 76 487 70 583 47 520
461 3.4987730977588929 1.69785817410196 7.1066059377531854 43 49 44 0.1738238029692957 65 533 36 899 125 534
2816 -12.628159756554053 -4.7710708677200655 11.130331348996597 116 116 100 0.49405820441270371 157 427 76 432 70 376 47 337 138 285
459 -10.425766141336196 2.3794384822999102 10.128834938793618 92 91 88 1.8281965473013686 65 522 36 889 153 779 127 758 32 382 33 164 37 201 133 512 89 569 73 531 123 297
458 -13.311005750430688 2.0442698098478358 10.048405040480299 39 45 41 0.48748277490233832 65 764 36 883 35 850 33 774 39 961 44 1014 76 490
457 0.82022441236647325 1.4659855411846856 10.464490035640637 180 184 171 1.0778010032360144 36 876 153 989 65 760 35 846 128 926 145 959 127 864 32 779 126 834 33 770 89 797 125 751 73 743 123 654 80 666 122 546 60 463 121 397 30 339 26 461 29 364 130 232 117 293 28 430 118 471
456 0.10065054431664545 1.0602459670127102 10.142612663781106 209 215 213 0.98270142306814157 99 931 36 872 153 909 35 728 128 802 145 955 32 658 129 979 133 996 45 1081 40 1027 159 1056 44 1005 169 893 134 960 137 940 41 707 157 698
2812 -13.235280328094106 3.0784210010095165 9.9736017639110486 105 102 93 0.42497561274214551 123 570 76 406
455 -0.64902117718364194 0.9383291167062785 15.214124404145489 92 89 72 0.65270536844710569 37 781 99 921 36 864 153 899 35 836 128 917 145 948 127 732 32 653 129 897 39 946 133 901 46 982 131 995 42 1032 45 1031 40 979 159 902 44 949 134 886 137 813 137 900 41 670 76 581 135 495 118 345 117 249 26 411 28 371
454 3.5854964727788956 0.31086176597294268 7.3020448580480934 52 53 48 0.26515755417625564 99 917 36 858 128 615
2810 -11.997567505246641 0.60992166361634903 10.501715628712056 96 94 85 0.21363040970663283 157 472 76 380 136 286
453 -13.20538435484341 0.024386979774199256 10.366750467623879 43 44 48 0.49244277910496975 65 748 36 857 46 978 123 643 80 652
449 3.0787492024487864 -3.560092955689119 9.2981821830801028 55 54 37 0.73344917364000284 99 976 36 826 153 845 65 448 35 800 128 733 145 1000 127 679 32 610 126 429 126 590 33 471 89 496 125 457 73 454 123 358 80 237 60 149 121 125 30 141 26 247 29 112 130 69 117 82 28 286 26 332 118 205 27 320 24 290 161 308
2805 -6.7133048505401982 4.9861712521436203 13.328924616570626 58 54 43 0.68772992008855716 159 532 76 229 134 451 169 247
448 3.2017730006520493 -3.7263183561061299 9.1639312957220529 159 160 154 0.53003324615593983 99 975 36 825 153 842 35 655 65 256 128 732 127 504 32 468 126 426 33 469 89 303 125 261 73 281 123 194 80 233 122 167 60 146
2804 -11.036893632788839 3.8795862395522858 10.635436016674591 95 93 75 1.3045106952745547 127 252 76 223 135 96
447 3.1356769372421076 -3.7728192614445111 8.9741703030388393 71 76 76 0.49118415145366878 99 882 36 823 153 837 35 652 33 467
445 2.0536078226795822 3.7918190503809832 9.2981087126789017 72 82 58 0.47445037474743373 99 876 36 813 153 826 35 786 89 472 73 563 123 475 60 250 29 153
2799 -7.8464504829683692 -1.881567178635462 12.575942625230617 228 224 223 0.59443677340150103 89 347 76 140 70 277
442 -13.456911100550592 2.8484878186107467 9.7762186027090081 92 89 85 1.3232455046588973 65 780 36 788 153 997 37 879 126 785 33 850 39 970 41 686 157 647 76 543 70 586 136 425 51 448
2798 -7.7935775424368945 -3.3383570195544161 12.382828604673593 254 253 248 1.2172805671219777 41 11 169 259 42 43 76 132 135 5 122 19 60 24
441 1.845365362509777 2.2286294718502808 9.8477410988563481 110 105 92 0.58863925479909751 99 846 36 787 153 784 35 858 128 819 145 979 32 188 80 470 89 427
2797 -8.2928767098204688 1.4289783216629544 12.009587636485998 146 147 133 0.40363252271413608 50 234 76 77
440 -2.7082462236744114 3.3018540075494545 14.820599000794008 70 76 72 0.94747026097856679 37 702 99 844 36 784 153 628 99 690 145 836 65 527 127 625 126 529 33 560 129 917 133 801 46 928 125 531 42 992 45 875 40 932 159 933 134 817 157 594 80 332
438 2.5981402376420735 1.7065833932346628 8.7117053011419134 130 141 124 0.95406442506513967 99 943 36 780 153 777 35 603 128 654 145 975 37 701 32 553 33 392 129 995 39 1057 133 1052
2794 -14.999787965690675 -1.4870790953959518 9.6654993408182062 93 92 74 1.3440747996406768 157 45 76 40 47 47 135 116 138 41 136 31 41 182 76 38 48 44 48 45
437 1.3384149561694769 2.006694373771134 11.040247667475292 161 170 165 0.84001454316651436 99 1014 36 776 153 918 35 853 145 969 129 1042
2792 -8.6753196837301676 -1.8519319427884384 12.13471289125674 170 161 152 0.18872224453122075 137 311 76 27 51 22
434 -0.63980931257505069 -0.54322181849383244 16.483208120100702 63 61 40 1.0888125268368849 37 771 36 751 99 635 145 931 35 701 129 876 39 869 153 736 133 762 46 895 131 985 42 1027 45 1021 40 765 159 997 169 789 134 873 137 898 41 662 157 629 76 594
433 -0.63204583652678981 -0.92780089323221782 16.220826055394088 60 60 42 1.5652138264080937 37 767 99 794 36 749 153 571 35 365 145 635 129 763 133 622 133 979 39 932 46 969 131 896 42 952 42 1025 45 938 45 1064 40 971 44 937 169 848 134 775 134 869 41 602 157 623 76 573
2789 1.5222267859481724 -2.5218857693667185 10.012157888686158 51 49 30 0.95526753451921387 65 717 99 981 36 937 153 962 35 809 128 978 127 905 32 623 128 881 126 721 33 623 89 653 125 709 73 609 123 372 80 411 33 487 125 469 121 218 30 204 26 390 117 236 118 396 118 454
432 -0.62863532902546737 -0.9309619155448674 16.193943303255413 60 60 42 1.6992625642635915 37 768 99 793 36 748 153 570 35 366 145 636 129 762 133 623 133 978 46 970 131 897 39 867 42 953 42 1065 45 939 45 1065 40 972 159 994 44 938 169 847 134 868 41 603 157 624 134 774 76 574
431 0.41896407924149215 -0.58000050264877134 9.2193662853647673 46 40 26 1.0877590071862144 37 764 36 747 35 695 39 931 99 792 42 1062 45 1104 40 1019 44 987 46 964
2787 -2.6732072864160719 -0.053107621553606051 14.880384124236542 245 250 244 0.488047026268286 129 607 169 582 37 85 99 126 36 120 35 120 128 428 127 120 32 109 126 87 129 111 39 122 133 124 46 109 131 415 125 88 45 440 159 405 44 424 169 440 134 508 137 335 157 362 80 290 122 50 29 26
430 -13.500554632762103 -1.4943218788988399 10.350846353719772 56 59 41 0.70347612646939994 37 658 36 746 126 632 33 512 46 745 44 844
2786 -2.3285107455202323 4.4575403254333326 12.902160805480456 60 72 50 1.1621413073680729 33 945 65 912 123 817 125 894 80 801 122 672 121 518 30 420 26 563 29 433 130 300 117 393
429 1.2968014791435714 -1.1061764735287927 12.286463473554432 27 25 4 0.10614550012233073 99 783 36 740
2784 -8.1767284611601276 -2.9103505933136304 12.174833842551083 242 248 248 0.48115121761705748 39 569 131 740 45 801 44 701 80 28 41 292 157 243 123 35 76 241 135 169 70 159 122 24 60 160 138 207 136 184 51 246 121 216 48 194
427 -8.9015516073705285 -2.2405570598021907 11.707960384231091 254 254 255 0.60514439907536832 65 612 36 736 35 684 145 780 32 628 126 616 46 734 39 79 89 662 80 268 80 548
2781 -0.034952442975232832 1.883015604212724 10.163402241431699 0 0 0 0.24795925130768728 37 975 99 1118 128 1069
424 -13.059363801734474 -4.8460040972588576 11.017814030132087 127 119 113 0.77852590630369156 37 752 65 593 36 718 35 674 128 875 127 689 32 479 126 594 33 615 39 847 133 959 125 594 73 596 45 1008 44 920 169 761 41 501 80 629 135 322 70 377 50 207 47 338 136 256 51 324 48 195 165 226 82 120
2780 -8.8569923165373066 2.7467846159748057 12.459085913476889 50 52 44 0.83366866353371216 99 838 127 870 128 937 80 671 76 493 121 332
423 -12.958068359023869 -5.0958889883008016 11.002889110122231 113 115 104 0.71754730321387206 65 591 36 716 138 283 51 322
422 -3.8565586806170709 4.0471750201265868 8.0473669826196872 81 92 95 0.54959825165177445 65 420 36 698 153 690 35 643 128 721 127 665 36 817 32 593 126 570 33 454 89 480 125 565 73 436 123 483 80 377 122 395 60 343 121 292 30 248
2778 1.3989249135596027 0.80725079286154555 9.5259889887990035 68 61 45 0.96593036177428615 65 820 89 857 153 982 121 394 30 282 28 428
421 -1.6403602715892494 4.0559167748179892 9.2501638989436419 93 104 105 0.6120867831906599 65 414 36 693 153 681 35 481 128 546 145 740 127 661 32 238 126 230 125 441 123 169 80 195 122 392 60 251 121 198 121 290 130 128
2777 -13.060459513153024 -3.4082411836567985 10.93465343923603 55 65 31 0.44663242729554309 73 701 128 883 80 637 48 260
420 -10.024403963920111 3.9619651606556441 10.684142409498747 53 53 66 2.3476636158079995 37 720 99 856 36 679 153 797 35 766 128 827 145 860 32 678 126 689 33 578 129 823 39 820 133 946 46 938 131 957 89 588 125 550 73 671 123 582 42 999 45 993 40 947 44 904 41 641 80 607 76 500 70 563 122 561 60 479 47 481 138 460 51 488
419 -9.0670550182190066 3.2314589257935977 10.495122455734993 71 67 68 0.32619696468955095 65 390 99 703 36 671 126 381 33 414 73 410 60 222
2774 -7.5000815472530711 -7.082208003761119 18.152994440678093 68 67 52 1.2417096714835039 125 589 153 857 80 533
417 3.5312931665706508 1.5682535436657759 7.0461330398006572 49 44 38 0.30362959747068602 99 851 36 664 153 635 35 444 128 487 145 845 127 234 32 186 126 172 33 172
2773 -5.1630941003898876 3.8779866790049464 8.5250106876849543 75 79 69 0.36281976132675264 127 658 80 500 122 495 32 810 121 348
416 1.2460528016992756 2.3232740865655388 10.1734217160389 109 110 109 0.76888118670164241 99 509 36 659 35 608 145 698 129 682 37 427
2771 2.1624717088944934 -0.30176337226095368 6.0540461286239795 75 69 53 1.0811688914967852 36 1000 80 436
414 1.4629455310053661 2.0020038803270759 10.964587730164578 58 59 63 1.5040212935350263 37 696 99 939 36 649 129 989
2766 -3.7487337330871089 4.9177115763056731 10.940424068358945 96 110 111 0.45660243255297761 80 199 130 57
409 -13.358678445180209 0.83169225889268161 10.137982328943773 107 107 92 1.0813867498492704 65 511 36 632 153 750 35 721 128 796 89 701 73 516 42 973 44 952 157 478 135 279 36 765 70 436 47 380 138 319 51 358
2765 -11.909422014615513 0.60966781346755994 10.452483499797337 72 71 65 0.23911390875953803 35 395 80 83 76 379 157 471 47 285 136 285 51 357
408 2.9846700941774222 0.69914604621419807 8.3528661403181239 76 75 54 0.46928378941559307 99 659 36 628 35 161
2764 1.685526337976412 -2.6399561960816968 9.7620914451994238 167 168 158 0.85807179780274612 32 39 80 18
407 2.9923451699604859 0.70660636871235172 8.3741186237750718 76 75 54 0.86861954911783734 99 660 36 627 35 160 127 393 32 342 133 1032 153 590 89 122
2763 -8.629433117133372 -2.2988453342594939 12.964708131618732 220 221 223 0.47511186956917895 41 32 157 157
406 -13.971962111235278 -1.7188433092115569 9.0121991496779739 249 250 251 0.71173991215374854 65 299 36 597 35 349 127 552 32 304 125 303 76 359 41 429 70 290 47 267 138 226 136 117 51 260
2761 -13.67809507652715 0.50026498234336614 10.077959357337654 85 79 69 1.172761035255899 41 737 157 711 65 892 36 1083 153 1123 128 1142 39 1087 89 927 135 518 70 645 47 570 48 352
404 -8.2051099508700265 -3.7818896453960593 12.42994392963689 243 254 249 0.62526125074320815 37 632 36 570 123 205
403 -11.604747882837044 -4.029378001918265 10.718678204801488 114 104 106 1.0636318608255173 37 628 65 29 36 566 35 24 128 30 145 756 32 276 126 29 39 848 129 953 169 766 138 288
2759 -13.630422278642907 -3.5323780522908557 9.1916580352364061 105 109 107 0.98251053887557682 65 804 99 982 36 938 35 891 127 907 32 826 126 810 33 808 125 789 41 649 157 656 36 991 126 855 33 865 135 333 135 449 50 262 47 421 138 420 136 333 48 259 165 232 49 122 139 94 140 77 53 152 142 128 141 87 54 107 144 103 83 119
402 3.7775406986101006 -1.8924411807755535 7.4664252163436622 61 55 46 0.53934835577301754 99 755 36 561 145 902
401 3.167191628406905 -3.74436516679885 9.1677105778900412 171 174 167 0.23379656226295445 99 577 36 550 153 527 35 308 128 347 32 260
400 3.3349152573237935 -3.7923113205525065 9.0656502786336297 116 116 116 0.45408752873754848 65 254 99 575 36 548 153 524 128 564 127 502 32 256 126 425 73 279 123 193 80 232 60 3 26 12 29 108 27 162
2756 -6.5322191774621201 -0.20974706262127035 13.683271016457907 92 81 63 0.39070292452781397 42 1128 157 706
399 -13.631175611912631 5.6237248815288998 9.335408679068216 53 57 60 0.50933387844644396 65 237 36 536 125 245
2755 -12.87189240146774 3.4402662605335048 9.9373748578465602 100 97 87 1.5029291872009183 41 733 99 1137 70 650 76 621 138 505
398 -4.140179265195405 4.0118940761420063 8.0230807427496682 250 255 255 0.13201902192988679 65 228 36 534 35 289 127 305 122 146
2754 -14.078446946243291 -1.6368028913419725 10.166045612440632 88 74 65 0.67248905798366021 41 699 157 690 135 488 47 505 136 444
397 1.7001083919709326 4.0513501206131171 9.9711773078120824 85 87 79 0.88790211886766268 99 319 36 525 153 679 128 312 127 290 126 415 89 250 73 222 60 121 28 113 118 192 27 228
2753 -13.498881633675165 -2.1849549573060427 9.3514428003853549 72 71 66 1.4085085197831702 41 724 157 688 135 486 138 427
396 -13.240750367322779 3.7186844686480347 9.9676594228136786 107 101 98 0.75568656281468061 37 446 36 493 153 476 99 709 35 454 128 503 128 676 32 406 126 544 33 575 39 685 46 828 125 200 123 321 44 899 47 118 136 168 51 103 165 81
2751 -5.629008594860883 0.15206500052661381 12.881951264365352 72 50 37 0.48131692187652536 129 1029 157 631 122 539
394 -9.1783371526744695 3.1250548774413125 10.251406704810217 209 202 218 0.45892163262768759 37 590 65 388 99 519 36 489 153 641 35 451 128 497 145 706 127 448 32 197 126 184 33 184 129 692 39 675 133 695 46 673 46 816 131 822 89 437 125 193 73 407 123 128 42 879 45 728 40 827 159 806 44 783 169 743 134 712 137 736 41 478 80 343 76 410 135 382 70 471 122 258 60 220 47 479 138 409 136 386 51 389 48 291 165 267 50 291
2750 0.82177864368795961 -0.9268625696142393 12.405611146021371 11 12 7 0.24374634968959111 125 316 157 612 123 248
393 2.1360252252820913 2.2237797406718012 9.3381409901808361 68 71 62 0.23270797512287666 99 513 36 484 128 491 127 235 32 192 126 177 129 687
2749 -13.443216322463099 -3.3033982360229848 9.7635469924056846 60 62 40 0.80070943598022459 41 654 157 610 135 252
392 1.195194979335491 2.255579311310036 9.5915210763505918 233 233 225 0.36346265110694831 99 512 36 480 153 465 35 443 145 549 129 685 37 583 133 812
2748 -12.018115961686414 0.51448883849054183 10.31611817320386 195 188 188 0.72868574605090397 129 975 157 577 135 363 70 539 48 278
391 -9.1377864673219733 2.9494439276344462 10.985202630822892 62 60 56 0.35958283815334535 37 580 99 507 36 478 153 633 35 441 128 488 127 441 32 189 126 377 33 406 89 431 125 398 73 398 123 307 80 154
388 -9.1516767170389066 2.8019255624425625 11.406388851367737 181 183 173 2.0339725811077827 65 164 99 501 36 473 153 459 35 214 39 254 46 261 131 671 125 392 73 384 42 330 45 305 134 422 126 169 80 149 135 85
2743 -1.2521729402176942 0.12241820864142511 4.2405394887856174 0 0 0 0.89102332442213994 36 862 44 811
386 1.4121634382445956 1.6357753535437802 11.142428747060221 165 172 161 0.68507559478689561 37 172 36 447 145 248
2742 -8.8859012285838812 2.7129123321074422 12.266222512413528 117 111 101 0.40475424989157144 131 664 157 492
385 2.9259287987272433 1.0913891814120844 8.3808249755596904 75 77 70 1.0078741441536352 37 559 99 674 36 445 35 587 37 800 129 908 133 920 125 515
2739 -12.837935946274097 -0.64225475752822603 10.487508271994955 105 100 94 0.81928512894092831 32 836 41 607 126 824 157 461 70 524 165 246
382 0.65979722678617037 1.0033156122355233 9.154946605343028 215 222 215 0.13421202451259062 99 173 36 434
381 -8.4211835722749075 1.1922270665862957 11.805886417653165 252 254 255 0.26385885136939274 50 279 36 429 35 408 127 400 32 537 126 331 123 279 159 633 169 471 169 606 134 674 70 445 51 362
2737 0.12963148974315911 -1.0866083327944054 15.475572075635302 44 47 26 0.41891303140225372 42 949 157 446 40 757
380 -2.5722583526616334 0.83669224957084742 14.749095345074913 106 104 91 1.6617545423785258 65 111 36 419 127 384 126 321 125 105 42 689 45 678 159 611 133 419
2736 -13.307974502116386 -3.2282682232906748 9.8569708149143 126 128 94 1.0829318307296456 41 411 157 441 80 20 76 351 135 255 50 92 138 213 136 268 48 159 49 70 139 80 142 55
379 -2.6461387894550001 0.46145744263585653 14.805609001471179 138 144 141 0.62082807933927886 37 530 99 430 36 406 127 371 33 333 39 612 46 615 131 615 89 370 123 263 45 667 159 603 169 585 41 329 157 366 135 267 41 439 122 204 70 526 30 111 26 346 29 187 130 78
2735 -10.116586274583819 1.161531702096386 11.420790724515667 94 103 102 0.80753605354813285 41 357 157 378 135 285 70 332 136 141 47 82
378 -2.6435788271700438 0.46457066024972438 14.780584459652921 138 144 141 0.66152112962467535 37 529 99 429 36 405 127 370 33 332 39 611 46 614 131 614 89 369 45 666 159 602 44 617 169 584 41 328 41 438 157 365 135 266 122 203 70 525 30 110 130 77
377 -1.9879014881107506 0.075733497697748883 14.778864490760675 187 187 177 1.2191254573099488 37 527 36 400 153 404 35 123 32 116 33 99 129 114 133 128 46 610 131 417 73 101 73 347 42 474 159 94 169 71 134 334 41 185 157 263 76 157 76 278 122 196 125 93 130 76
2733 -13.38565419802647 -1.676020824795794 9.2271363727864504 135 131 146 1.5795780789459741 157 356 76 147 70 288 47 174 138 139 50 101 51 149 48 109 165 103 49 51 82 75 140 37 52 106 53 126 142 106 141 65 54 81
376 -2.455461511087508 -0.043588666826311073 14.882318499636829 247 255 253 0.46277511748211075 37 344 99 416 36 397 153 401 35 378 145 647 127 364 32 325 126 88 125 332 123 68 42 678 169 700 134 644 26 39 29 184
2732 -12.741943568000686 -6.0752821026517783 11.400076655774869 109 102 96 0.76260293440029592 40 855 133 845 157 337
375 -13.890927833073485 -1.440121981377918 10.28779802747434 40 43 23 0.74154756367231667 37 334 99 627 36 380 35 559 153 879 99 791 128 775 127 715 32 505 126 477 126 631 33 519 39 596 89 673 125 630 73 492 123 633 41 535 157 454 70 180 47 366 138 230 136 120 51 265
2731 -12.872672291425182 3.864777766626899 10.127910763008501 36 38 35 0.5774170546344306 33 197 125 204 157 331
374 -13.761985839496303 -1.54110749035017 8.8283593379578704 213 212 226 0.20285559669118491 65 310 36 374 35 357 32 92 126 292 33 312 125 309
2729 -8.2208500854681699 1.2710533645855855 11.956762908201181 144 143 139 0.55704555244345999 41 219 157 292 70 214 169 334 138 325 51 67
372 1.93790966537126 -1.2456766474679981 9.9612619126514392 58 59 41 1.3941878769608802 37 505 36 360 153 552 35 538 65 480 128 763 145 778 32 73 129 390 129 746 46 576 131 585 99 73 89 526 125 484 123 393 80 426 121 139
371 3.0836807787380973 -3.7979801651147693 9.2092852237388971 161 167 157 0.67107686936462208 99 576 36 320 153 526 65 255 128 346 127 320 126 254 73 14 26 11 117 2 28 14 27 6 24 94 161 112
2726 -8.9081169943227678 -3.9448038272286343 11.934893233004933 125 115 122 2.1211119886816894 46 371 157 238 80 538 159 15
369 1.5879669086672816 4.0990105249487661 10.232558025666259 97 97 85 0.80278018842194288 99 313 36 297 145 589 128 542
2723 -2.9751438746560788 3.1485312658406777 15.252199580348206 114 115 102 0.40610564200659327 137 194 159 222 169 364 157 217
366 -12.442263740726064 3.9128996866690433 10.300018800195545 46 43 34 0.79619378738077595 36 259 145 567 35 233 129 702 50 144
2722 -6.3395823101668505 2.2984173792224953 13.078722583698339 166 97 89 0.72525276962281104 44 259 169 164 157 208
365 1.6706759162383618 2.0943621952033307 9.1544961577952328 80 81 74 1.8903198718545753 37 429 36 235 153 246 145 306 32 185 126 372 33 401 129 514 133 687 39 272 46 289 131 678 125 530 123 300 159 814 80 331 121 257 29 59 28 87 27 92
2721 -7.0138122564664283 1.080776716096437 12.826596791231509 115 106 99 0.33629335278826017 44 201 157 185 70 73
364 -9.9483287519017463 2.8496150884759266 10.767523831071589 110 108 93 0.29292851982887586 37 218 99 238 36 231 35 438 126 174 123 124 122 103
2720 -8.2111510008026549 0.91846097740722854 12.050322704838413 147 149 138 0.27426929159254465 41 72 157 184 76 179 47 196 51 53
363 -0.17985722628539319 2.320210667998464 10.327942634237315 249 254 250 0.69129488634816305 99 240 36 229 159 506
2719 -4.2707870723596022 -0.23402866184693988 14.859735725025629 248 242 236 0.23621635504992078 41 48 157 171 76 43 70 181 47 177
362 -10.248090609558794 2.7449285202432487 10.765232374773101 112 112 114 0.81276358065525889 37 213 99 235 36 223 145 544 129 259 46 265
2718 -7.2513977651211503 -3.0099710660673016 13.691321629267341 126 117 118 1.5833545224267411 41 164 48 251
361 2.4642214560533025 1.4582737856388559 8.599708374059265 86 88 90 1.5358872024931955 36 210 153 222 145 687 153 224 35 425 126 152 89 156 125 374 73 151 123 109 122 85 60 86 26 69 130 28 117 103 118 60 27 84 27 205
360 -0.085338212500190219 1.7081590715921577 10.093213178942221 201 207 197 1.3799256042474619 36 205 32 166 39 478 133 498 46 227 131 234 45 713 40 254 40 498 169 738 121 64
359 -0.1656078737410194 1.6988316107695196 10.186974395352403 251 255 249 1.464662475676479 65 145 36 204 128 220 46 658 89 150 73 146 42 719 159 662 129 231 44 499
2715 -8.3038590883565924 1.2111702362589045 8.8048249746593825 0 0 0 0.068569111780957231 131 481 169 343
358 1.5637779835880887 1.342659122679253 9.5143754142500008 150 153 146 0.30402237471869431 99 195 36 194 153 204 35 187 128 210 145 525 129 490 133 665 131 792
2714 -8.2423243314103978 1.2488737786999453 12.079101554920952 71 68 61 0.35540247239850981 50 120 157 81 47 85
3018 -10.107577847088386 0.90445689467085322 10.821161783711291 78 82 81 1.842841950437444 50 180 47 78 49 109
661 2.2643555277810186 3.6418887433442029 8.9245472992018477 86 85 65 1.0160022206507791 65 844 153 1100 35 1029 128 1109 127 989 126 892 33 889 125 831 125 855 73 830 80 733 29 377
3019 -8.7815485418726507 1.2969155539565487 11.408763827741204 103 101 104 0.20032477536724921 50 55 47 88 136 63 51 68
3022 -6.1750472597602455 1.4316493714136564 11.297139558380373 0 0 0 0.094435409956612759 76 79 159 183
665 -7.3877520275966395 2.6007067986913386 12.899219560928019 249 253 252 0.64624212496263289 37 999 99 1133 153 1110 145 1172 129 1123 39 1095 133 1127 46 1108 131 1108 42 1156 45 1146 40 1090 159 1149 44 1067 169 940 134 1002 137 1025 41 741 157 716 76 640 135 536 70 662 47 583 136 496
3026 -13.242600361331705 -1.692819765330549 9.3653353425939709 123 130 118 0.8644314206186946 50 32 47 173 138 36 136 115 51 29 70 176 76 271 41 428 48 41 165 101 49 9 82 62 139 45 52 72 53 81
669 -5.1592741877332289 3.9491320079115875 8.9280689623909648 165 178 184 1.8263463719895607 36 1090 99 1153 153 1138 35 1044 128 1131 65 869 127 1024 32 938 126 890 33 887 89 895 73 857 123 781 80 760 122 630 60 548 121 469 30 394
3027 -13.875857362929526 -1.7810728618748728 8.886560735195042 183 193 185 1.5548847883574231 41 314 50 35 76 273 47 175 138 37 76 36 41 44 51 150 48 43 165 46 49 10 70 34 82 23 139 21 140 12 99 82 53 82 83 49
670 -0.37654087307293826 0.50750932319953168 10.844511723632959 71 65 51 1.4798301148281809 65 908 153 1151 35 1071 128 1160 127 1043 32 961 126 938 33 939 89 926 125 890 73 888 123 803 80 796 122 662 60 580 121 502 30 408 26 546 29 424 130 290 28 522
3029 -10.237620383770455 0.69103608340063594 11.083410301949874 137 143 146 0.37554887752346106 50 177 47 192 48 164 49 106 139 84
3031 -6.0896733768176592 2.1018331776351142 13.070072886177662 169 91 86 0.61112590697109581 41 96 76 82 47 218 70 225 138 169 51 206
3034 -14.121566625461158 -1.8031171959175558 9.8796499535284337 59 58 53 0.71158791502307639 50 103 76 360 47 266 48 42
677 -13.259081242519159 -2.2376037297757789 10.45079131090926 54 57 46 1.1269271091084703 153 374 35 67 128 393 37 324 145 440 126 284 39 399 99 76 46 586 89 338 36 362 125 50 42 646 80 267
3035 -7.7799318182482464 2.3921159785277162 10.301696860330969 159 162 155 0.59384818269365736 50 242 135 377 47 322 136 306 51 301
3038 -5.0152684657746134 -0.28419866203472904 14.424476834268916 40 41 31 0.16737363297267244 35 113 47 365
681 -1.7371992084776497 0.13978828638943108 14.883245827373875 136 134 134 0.78922158020049704 99 133 35 127 145 479
3039 -3.8657255304109195 0.51801183240210258 15.340898378974288 78 74 89 0.54837160866514711 76 466 47 369 136 352
682 -10.448253176394259 0.31594557544396695 11.078217621282864 66 67 52 1.5250072266780401 37 354 153 407 35 137 127 137 33 103 133 410 125 341 40 165 42 177 159 416 137 685
3040 -2.7690734851642311 1.0189285659712111 13.734068026125122 0 0 0 0.43284396431873229 35 156 70 318
3042 -13.456385846333296 -2.5922474331709902 10.516548735433012 55 53 38 0.26842139423132971 135 408 47 430 138 366
3046 -4.2513821224334771 1.0442709026721193 19.105523925828667 61 62 61 1.0070366175170862 40 784 45 840 70 532 47 508 42 836
689 -4.1741793726268561 4.2954207505094866 10.606080439887952 124 136 136 1.8699699104313627 99 292 35 261 127 279 29 80 145 352 153 304
3047 -16.267357481766645 0.64082508845990449 8.5377050164038426 71 69 57 0.92050259912005672 70 545 135 503 47 516 138 440 136 418 51 477
3048 -7.1250430923640042 1.5611905099074181 13.516137528521973 53 55 42 1.3745801755338363 60 500 65 758 80 662 122 543 47 545 51 496 121 396
691 -3.7783349117615912 3.7099959659254993 7.7928923892068482 190 208 205 0.95176014991696201 99 321 35 276 121 109
3053 -11.363103697882066 4.1833947374807492 11.078534877077814 39 46 42 1.5546337430848436 35 762 73 549 123 576 47 400 36 261 99 533 128 510 39 695 60 230 40 944 137 851 136 310
696 -13.098389194348053 -2.1829765074379996 10.575937177584057 108 106 97 1.0047805934243903 37 322 153 557 35 342 145 621 32 298 33 300 129 596 46 737 89 339 73 316 42 649 45 629 44 710 80 420 41 522 135 259 70 283 47 263 51 256
3054 -7.9386984244311192 -2.7833397881908808 12.339967835775136 221 218 212 0.4917339193659046 133 57 46 37 44 60 47 21 169 271 76 17 60 161 138 208 51 247 121 132
697 3.6626581868482275 -0.60892173375525449 7.3462182532939639 81 76 69 0.562434191204777 153 375 35 345 145 779 32 308
3055 -11.698950591177235 -2.5456522267269936 11.412224188048777 67 54 53 0.39009218218935493 36 357 46 584 42 643 44 706 76 256 70 276 47 258 45 627 134 762 138 218
698 -13.737571399875872 -1.823228961428208 9.3071346092052742 138 145 163 0.46316494237615985 65 293 35 346 127 547 128 599 32 302 126 286 89 345 125 299
3056 -9.5028525390480905 3.6724820663353008 11.627627217799704 31 36 29 1.0605558193398379 33 572 45 988 44 663 70 474 47 399 37 441 42 567 99 704 70 353
699 -13.397877814842561 -1.8372224060687667 10.413095562334027 63 59 30 0.39267327567513222 99 392 35 348 73 319 42 658 40 594
3058 -7.7868910871780521 2.736983825188827 12.886243650617295 142 141 129 1.1839584565612402 33 675 89 714 73 662 122 476 47 525 125 166 157 491
701 -13.705402236009439 -1.5716699625086097 8.8917686441965635 75 84 96 0.23524860794958358 65 307 35 356 127 87 36 88 32 305 126 65 33 74 125 59
3060 -6.0769038923580387 1.2645000169259304 11.082080937026285 140 134 112 0.06204686093095621 135 65 47 209
703 -13.199601895530291 -1.4825290182061257 10.49882886156534 100 99 94 1.1574980500334393 65 71 35 361 89 353 42 661
3061 -12.454650322742326 -2.5751729265005694 10.020915316862434 58 55 41 1.4111851122124204 47 493 136 402 76 515
3062 -7.9724656403483074 -2.9982562545590787 12.43440538789673 196 205 204 0.11909064122036961 134 39 138 21 51 132
705 -4.3208994429303988 -0.49964142804720751 14.629677370347785 73 60 67 0.2455540821800701 65 321 35 371 128 420 32 322 33 326 39 418 125 328 40 607 122 42 121 146 30 105
3063 -8.3749139125773571 -1.819157136495221 12.568826932054249 185 192 187 0.5967767038429268 134 58 138 31 51 144
706 -10.149766492388643 1.1112578301772631 11.589959088959365 53 61 61 0.76341567314046144 37 547 153 596 35 405 145 809 32 345 126 328 33 351 129 792 133 910 131 927 42 975 45 962 40 911 169 820 41 451 135 282 70 440 47 382 138 321 51 360
3064 -10.292241639096277 0.64436093246288229 10.786254909395598 110 107 100 0.28808484337278656 41 66 47 67 50 110 70 64 138 48 165 109 49 54
3065 -8.4520662497845596 1.5932282335839745 11.81029870627445 173 183 187 0.15657389576000716 76 80 138 70 136 69
708 2.3842805273915957 1.1276686531779589 8.4452620727282053 79 77 80 2.2383320114019458 36 640 35 420 145 821
3066 -8.6887262982733162 1.6370312661341349 11.43500678919497 202 213 209 0.12920231916337355 134 170 138 73 51 196 48 235
709 1.5465047567041341 1.618096087740597 9.4578322667586043 165 164 160 0.9450872186384105 36 460 153 448 35 424 128 472 145 688 127 417 129 802 133 930 131 940 159 1016
3067 -8.7035758974473367 1.6398051419399675 11.448134120777485 202 213 209 0.17172301036154017 134 171 138 74 51 197 48 236 50 237 165 208
3069 -6.2567554541157628 2.7055333191906006 13.09871993719311 151 57 93 0.5017021116320215 47 104 70 109 138 81 136 80 51 215
712 3.4636127810800508 2.3162658230965758 6.9809375213539822 74 74 67 0.71186684484037432 36 805 153 663 35 473 128 288 127 266
3070 -8.7676111057885961 2.8441762059883797 10.106811009530926 179 184 179 1.3443964566346618 128 259 138 95
713 3.434072009891461 2.3999084433157583 7.0498927531135065 61 56 35 0.84951099464745694 36 517 35 474 145 994 99 731 127 271
3072 -9.9517242989154955 1.3774248810995537 9.8558156823318228 0 0 0 0.1882251945008252 131 480 135 141
715 -3.6395386302947368 4.4795866971723859 8.8109942324307742 241 247 248 1.193205972157058 65 423 35 497 127 668 32 454
3075 -6.9105790997554601 2.8603543066346853 12.897747036458059 52 58 50 0.48446457542048105 47 108 136 155 48 181
3076 -13.338569921629801 3.8610358042217281 10.055720266042867 44 45 29 0.7759264153195744 50 137 80 170 138 187 136 173 165 133 139 74
719 -12.747727890035211 -2.3173489637422713 10.672064549291493 112 110 98 0.14331826436014883 153 555 35 539 127 540
3079 -8.244674422431812 1.0623189061949285 12.11896342297951 120 132 120 0.23918794013901037 135 197 138 242 136 214
722 0.83033183226176854 -0.76501209946891957 8.8186035666257556 67 62 58 0.46762000477159232 37 760 99 782 35 554
3080 -6.2014942530031796 3.5558350550368387 15.572253004654419 89 102 90 0.45780101552726482 137 198 138 263
723 -13.824682149389229 -1.4235877340209655 10.238693625016563 40 43 28 0.70990573928858836 36 379 153 878 35 558 99 626 99 790 128 774 126 476 33 518 37 333 39 595 46 749 89 672 125 629 73 491 123 632 40 598 70 179 76 153 138 229 136 119
3088 -7.8941522727328319 1.2303673097107897 13.151078944311054 83 81 69 0.82618280562796131 70 546 76 478 138 443
731 -3.6151001468270976 -4.2327035849877284 10.021868813033713 66 63 56 1.0157930940337845 99 752 35 662 39 841
3094 -12.414013601779979 1.0301883618446397 10.583796774702961 93 83 82 1.7460799768104507 99 163 129 167 39 182 42 233 76 70 70 87 138 66 40 793 169 327 41 352 157 288 76 187 135 204 49 25 140 61
737 2.8268968691257315 1.4043536223064794 8.3766081978672737 244 250 248 0.262047728016926 36 886 153 767 35 744 127 619 128 646 32 548 126 355 73 152
3096 -8.8907983725925863 2.5666710852180303 10.47579597753084 128 132 132 1.3189858492960991 44 517 169 206 65 161 129 674 40 512 138 80 134 219
739 2.5711451513012076 1.8327418109053535 8.9390050044454252 36 38 35 2.0146549705953603 99 944 35 752 128 655 145 977 127 219 126 166 33 397 65 379 129 998 39 1058 133 1085 89 419 125 173 125 525 123 298 122 247 60 318 121 256 26 287 29 207 27 270
3097 -7.509839260897218 1.6463259044865921 11.002499754131739 236 246 240 0.51693988689814296 37 866 138 503 39 1012 138 510 46 1036
740 3.4959524948004237 1.5923284435319802 7.1112149361818764 84 84 69 0.57459456485171678 99 947 35 755 128 664 145 1045
3099 -7.471094986398974 1.8021310800239267 10.740173840314059 70 67 68 0.87931775705918691 47 471 157 488 159 1098 169 869 159 1014 169 824 153 762 134 963 157 642 135 473 70 551 50 317 48 333 51 499
742 0.11358616461532017 4.0458859080024645 9.8200823545369449 201 204 197 1.3315692346106327 36 811 35 782 127 783 89 471 127 660 125 559 125 683 73 562 130 125 122 139 125 440 117 163 33 232
3100 -12.77037785600259 3.6726656426550885 9.9238720723076153 107 104 99 1.1950857252460998 99 528 33 416 127 636 44 786 40 941 138 185 153 647 157 228 41 384 51 222 165 171
743 -13.082550286841455 -3.8487509809854714 10.828367789991038 129 125 118 0.71431733598502911 37 838 153 864 35 810 128 882 145 1010 127 812 126 601 33 725 129 955 39 921 46 955 89 758 125 600 123 618 42 1058 45 1054 40 964 44 923 44 980 169 839 41 584 80 633 135 331 70 499 47 346 138 361 136 332 48 257 165 189 50 261 49 145 82 122 139 109 140 89 52 139
3101 -7.7248817611959204 1.4219583454736338 12.829179361540985 95 84 70 0.98081467996244365 41 558 138 447 33 664 169 722 76 483 135 432 60 381 165 308 121 247
744 -7.0323991169516171 -2.1639111755919163 15.932891236372615 68 51 43 1.6046241661015954 153 969 35 821 127 825 129 964 157 619
3103 -11.469836614151925 -4.20881323441139 11.234287886158668 119 113 98 0.12898724220895269 47 147 138 124 136 7 51 130
746 -13.913216715022621 -1.2590042706435138 9.7445930144010706 61 65 50 0.86525559951203901 65 626 35 827 126 742 89 674 125 729 123 635
3106 -7.7415143060818652 2.353671605816714 12.832594916537877 89 86 67 0.46716674064701819 138 75 157 104 136 79
749 3.498334434547179 1.6917222643710863 7.1065485169558977 58 47 55 0.47291655109288971 36 900 153 1001 35 862 128 945 145 1049 127 766 32 674 126 532 33 177 89 186 73 393
3107 -9.4657213185992344 3.635654792705477 10.628906375876673 97 100 93 0.88456718445229254 47 239 138 197 136 99 41 263 51 234
750 2.6507425901868382 2.2673323554023384 8.8254193697247487 69 70 56 1.2939437037600707 153 1002 35 863 128 1034 127 882
3109 -13.938036233361101 -1.8731152656839698 8.9549980358550965 249 255 243 1.4446413157493065 41 426 47 172 70 175 76 270 135 182 136 114 49 49 82 61 140 11 52 31 53 26 54 12 83 48 144 18
752 2.3945256209957577 3.8296299091509232 8.6378958447390346 44 51 30 0.50384111005201193 65 566 35 882 128 971 127 790 32 701 126 702 33 706 89 601 125 566 73 435 80 507 122 394 60 340 121 201 30 196 26 316 29 223 130 127 117 166 28 261 118 262 27 385
3113 -6.1174066775149569 2.188146509914207 12.967496038881373 229 132 140 0.16655584083711714 70 102 135 76 136 149
756 0.50444712858567908 1.6385999548833881 10.242566404315554 217 219 208 1.182295279150531 36 1015 65 762 35 925 128 1020 145 1104 127 867 32 851 126 768 33 773 89 801 125 655 73 746 123 558 80 587 122 470 60 390 121 328 30 228 26 423 29 316 130 189 117 257 28 433 118 416
3114 -9.687114384042296 3.3143260739816802 12.101265214196703 116 102 67 1.5396158831801003 50 142 136 159 138 180
3115 -3.9917135074529861 3.558253507129058 15.995245795315379 113 111 122 0.58163560204119413 41 115 136 165
3121 -13.132441482873018 -2.3962588468258343 10.958095643103954 106 101 82 0.75753720360926147 47 353 70 402 136 272
764 -5.1578963522306616 5.0624459891692721 13.391256549434912 168 179 173 1.1391519344707235 65 840 35 1002 126 889 33 857 123 763 80 728 122 625 121 466 30 377 29 412 130 285
3122 -13.143523570714512 -1.7227619847541029 10.65702890132378 58 59 41 1.3571197881537587 135 415 153 971 136 346 45 1063 48 267
765 -12.380629042442607 -6.202742939348556 11.402371237687964 114 110 109 0.77312456115369954 37 947 35 1008 145 1162 33 864 89 898 135 446
3135 -13.544338495364476 3.617964548870364 9.7037201361618557 69 69 63 1.4977460299562695 36 901 128 949 89 722 157 651 138 407 136 427 76 494 135 381 51 486
3137 -5.3492925747091631 -5.4029580656771969 13.918796946136537 0 0 0 0.28531237060707582 137 766 157 518
780 3.082885336335401 -3.8041771116268892 9.1034720857295159 67 78 69 0.80643453232873552 153 0 128 7 32 20 128 6 126 13
3139 -10.777724274650682 1.3869145177164792 10.995204900925581 250 254 254 0.96100274291400078 157 85 135 68 65 759 99 822 36 769 153 757 145 670 35 175 36 635 65 127 127 172 127 745 32 350 126 339 33 355 33 668 39 635 39 779 133 657 131 645 89 795 125 653 73 521 73 654 123 95 45 695 40 640 159 645 40 800 44 756 169 477 134 381 137 387 41 457 157 294 80 112 80 712 76 308 135 209 70 448 122 74 122 613 60 533 47 91 138 163 138 326 136 66 51 70 51 365
782 -13.35150547323647 -3.3686862206854409 9.3351142187688207 237 247 251 0.43850165297458021 65 33 128 46 127 43 39 378 73 36 123 206
3140 -6.2675072842304393 2.6064934626180678 12.717174482462354 241 249 250 1.2715828275855914 65 769 153 993 35 936 128 1024 145 1039 145 1109 37 873 32 788 126 778 33 778 46 1040 37 924 125 759 42 1084 45 1086 169 872 137 950 41 682 157 676 135 474 70 615 136 475 36 466 37 412 99 492 153 453 35 432 128 479 145 533 32 173 126 161 33 390 39 483 133 681 46 485 46 662 131 661 89 171 125 385 73 163 123 117 42 721 45 715 40 657 159 667 44 651 169 622 134 699 137 722 157 398 80 138 70 460 60 89
783 -4.1391627071480022 -0.19364490698412343 14.734215146739217 97 92 91 0.26852215720446793 37 84 99 123 128 134 145 146 127 115 129 106 39 120 133 121 46 105 131 133 42 465 45 439 40 416 159 403 44 422 169 292 134 330 137 334 41 184 157 172 76 156 135 184 70 297 47 363 136 198
3141 -8.5601384786281862 0.93719468727210131 11.971128056471747 157 140 150 2.1854176130448688 50 305 99 813 37 363 36 157 127 157 153 172 129 158 39 443 133 430 46 627 131 771 73 118 123 416 40 443 159 617 44 630 169 601 134 355 159 145 137 550 137 695 41 448 157 282 157 373 76 294 76 477 135 196 70 543 122 62 47 460 138 381 136 365 36 161 37 127 99 154 145 202 129 160 39 172 133 433 46 448 131 453 42 504 45 476 40 446 159 430 44 461 41 206 76 181 70 205 47 199 136 211 51 166 51 435 121 41 121 314 30 171 48 280 165 282
784 -2.0203782171880804 0.47711742628306175 14.766874159989479 209 206 197 1.079631431231399 36 130 37 90 99 431 128 146 145 482 127 131 129 123 39 429 133 630 39 610 46 421 89 102 42 682 40 162 159 412 44 616 134 652 137 531
3142 -7.3191673593118223 -3.9885238235617289 13.092035943343578 113 118 128 0.02799367637666287 41 7 51 2
785 -0.94792989996582011 0.7942946742644148 16.329767360532291 39 39 26 0.92628216054381074 35 141 36 416 128 151 145 177 32 125 129 777 39 433 133 413 46 428 131 616 42 967 159 608 44 622 169 592 45 835 134 514 137 350 41 614 157 368
3144 -9.2078405843855489 -1.8790076197051067 12.323846139928035 152 154 153 0.12103954311987836 44 94 47 35 51 23
787 -1.6213206798723458 0.76313479301710208 14.801431184918135 99 98 86 1.1164013079978821 36 417 128 154 131 147 169 593
3145 -13.14595253985936 -1.6203485046279187 9.218025217735951 76 71 77 0.3907140912233053 47 40 50 36 51 30 49 11 52 73 53 107
788 -4.2837615649033847 1.0863901539977319 15.005763666815017 53 46 30 1.0419989708036579 35 580 37 542 153 170 128 167 65 649 127 388 32 341 129 783 46 773 37 679 131 769 89 698 73 649 42 203 45 842 40 785 159 765 44 872 169 598 134 792 134 925 137 546 41 551 76 475 135 362 70 538 47 509 136 359
3146 -6.9935011348830738 0.61571820957097512 12.664789380506111 80 81 83 0.037718649458592296 157 176 51 41
3147 -15.888320798366239 0.30569715293165955 4.8121056185574753 184 187 188 0.42619169274487401 50 178 136 57 51 58 140 20
3148 -8.4653383632674117 1.2614094212664053 12.093047040780929 168 171 173 0.30969614577078647 50 190 138 68 51 66
791 0.98846806952810284 1.0764612050025857 10.727941850271554 146 144 147 0.85425355202979569 35 169 36 171 153 428 128 184 145 211 32 143 126 121 39 183 133 649 145 666 131 171 130 20
3150 -2.2914100406109701 0.36617324475816865 4.3206306420605758 250 254 251 0.046848582505839675 70 85 51 78
793 0.71055161023460478 1.2105160628836094 9.1610792473673026 88 88 86 0.8668654609025801 35 181 37 159 153 201 128 200 129 483
3152 -9.4458792885066263 3.3006601192256859 11.159754439736597 38 45 50 0.1010828965281988 135 92 51 106
795 -0.18658098214139163 0.98105252606438664 15.186462506640002 91 87 82 0.61896147305485993 99 923 129 898 37 782 39 879 133 902 46 909 131 920 42 1033 45 953 40 908 44 868 41 617 121 316 30 217 26 413 29 259 130 147 117 250 28 372
3155 -9.5360522735522117 1.9851684462946928 11.668425832207683 198 202 201 1.577086829179132 44 251 51 205 42 535
798 -9.3558464791860096 2.6628390015964576 10.296302226261957 207 206 201 0.21737530112843603 36 228 153 241 128 244 125 182
3156 -10.000362325977317 2.460211902736841 9.9949535351204091 83 76 70 1.816249998563729 42 726 99 231 51 211 40 662
799 -9.7855344011401737 3.199528347797794 11.937867597842416 62 45 49 1.7107416105879036 35 221 128 251 99 246 145 301 129 265 39 263 133 259 46 274 125 190 159 245 44 306 42 561 169 213 169 374 134 425 134 573 137 217 157 121 157 122 135 150 121 80
3157 -6.5856608104237679 -3.7802111052874605 13.843037265460575 65 67 66 0.58698225611430932 60 21 122 15 51 237
800 -10.118353241187915 2.993815484313044 10.852874434677808 77 77 81 1.0307643270493196 65 177 153 248 128 255 145 302 32 391 126 179 39 265 46 498 89 433 125 399 73 179 123 125 45 309 138 175
3159 -7.7401840869545895 2.9188320250541109 12.816384643610711 0 0 0 0.82311636009083045 47 106 138 257 159 491 131 253
802 -9.8301569801766782 3.8316611227567563 11.812807655590568 78 88 80 0.50812293784001095 35 453 99 524 128 266 145 555 127 247 32 201 33 190 46 511 123 317 40 523 44 664 41 261 76 218 70 247 60 223 138 268 51 232 48 184
3166 -8.6896879548400321 2.1147903290852699 12.934367719235626 70 72 71 1.6507984851266921 47 388 99 829 138 451 51 484 48 332
3170 -10.128522180658466 1.1038527351819436 10.911801519123268 167 172 190 0.4076377065726553 123 277 41 353 157 377 80 98 76 304 122 343 51 182 133 174 131 176 159 158 42 235 44 214 145 214 169 329 134 366 137 137
813 -8.1677535590090038 -3.7401934619513622 12.684527601058083 182 181 187 1.8572101530761711 99 355 153 358 128 367 36 40 35 33 32 48 126 33 33 30 129 38 145 53 133 358 37 23 46 571 131 357 32 49 89 38 73 41 42 628 45 616 40 566 159 358 134 299 137 287 157 5 76 129 30 92
3171 -13.291087812288126 -1.6447499617628554 10.520078165483712 71 69 54 0.45295293380194868 41 660 145 1086 76 527 135 416 157 625 136 347 51 424 41 600 157 559 48 268 165 243
3172 -13.557560883737013 3.3838786496773428 9.7429012974139173 81 75 67 0.86795505483701951 136 308 138 402 37 883 99 1020 35 948 73 763 41 638 76 546 70 558 125 823 51 453
815 -13.251480694073521 -2.8691405929139999 10.569114833358594 64 62 65 1.6393009242774212 37 314 153 362 128 379 99 65 128 66 145 613 127 54 39 388 32 65 46 581 89 48 35 50 125 283 73 46 42 635 42 638
3173 -8.4570886602400996 1.6037800090481049 11.944299485986519 205 205 205 0.41884789510534737 136 145 137 161 39 200 99 184 46 190 131 479 42 257 45 511 40 230 134 385 51 74
816 -11.703464626073592 -2.5398715816501176 11.418106133350067 69 67 62 0.16711810858906725 35 337 128 385 125 290
3175 -8.1701779026302042 2.2051408826896499 12.575713370575382 53 57 51 1.2697592279736458 32 161 131 228 73 154 123 107 134 688 41 467 157 390 80 130 47 312 138 391 136 300 51 295 37 178 159 474 70 226 121 253 48 286
818 3.6981049165625128 -0.69352548640769196 7.4959793594405957 47 55 35 1.3435555664709975 99 776 128 395 145 617 127 551
3176 2.7063065914247688 -2.0359529333122142 3.6109093136023582 0 0 0 2.1970781517211675 60 8 65 12
819 3.6716148580418513 -0.53460639472395777 7.38257886027165 83 81 58 1.0401741212416122 36 592 128 400 145 920 99 905
3178 6.304754323102796 -1.0497962802117971 2.7390121192588999 65 69 49 0.24643979826181553 60 157 122 177 121 17
821 3.5847243267140665 0.040000884069428609 7.2516356869105723 60 53 43 0.12681728509103718 36 613 153 577 128 424
3181 -1.4726225610482704 0.92000256776455391 11.947076883630139 62 64 41 0.97611043685848509 153 171 121 44 130 18
3183 -9.4080350771199441 3.1616401136439385 11.738841611079254 0 0 0 0.0094178584186514584 129 267 159 504
826 -10.04937407857736 2.0341785723590688 9.5646870602445873 207 211 198 2.0038380004066303 35 427 128 478 33 152 131 245 37 195 135 373 122 355 51 376
3184 6.2043295763764679 -1.1506679135513442 2.516123326502635 62 67 60 1.6058457466321703 60 267 122 415 121 128 29 117 28 37 19 271 21 309 38 296 25 200 107 188 11 201 108 172 15 46
827 -3.0332491337992731 3.1195928002554596 14.995947365977857 74 69 49 0.65521765197226289 35 206 36 468 99 224 128 481 129 502 39 486 133 500 131 663 42 317 45 541 40 660 159 671 44 508 44 775 169 504 134 703 137 596 41 252 41 473 135 86 122 92
3185 1.2866216998736275 -0.83340383613913116 9.4670340027816966 0 0 0 0.82310524228627635 33 317 80 282
828 1.1917319963278974 2.2660753137970251 9.7443750691500579 218 225 214 0.32055625570646379 65 168 128 489 127 440 32 389 126 173 33 176 125 185 80 151 60 97 130 37
3186 1.903114320253827 0.39226756802273788 9.2148069883071582 81 73 55 1.6200697724540714 60 191 123 412 121 150 89 548
3187 0.80907900410291511 1.1072947963434077 10.852527822045682 0 0 0 0.84415988476353598 36 431 41 555 42 979 44 876 169 819
3188 1.8485607263530937 0.97085817795555218 9.6401894356553175 87 81 65 0.40038773215256229 123 421 121 158 30 117 26 277 29 197 130 118 28 304 27 356
3189 0.38420559238105534 1.4189375781993576 9.8150293075685351 202 209 193 0.32582713263254337 80 316 89 563 122 234 123 435 121 164 30 120 26 180 29 138 117 29 28 170 118 162
832 -4.088507007898265 4.2348978295119872 8.0092989699280412 206 215 211 0.37785949966220911 35 498 36 542 128 559 122 292
3190 -0.12786542920815244 5.835519314732152 9.7123419366039538 140 141 129 1.2424186317687347 60 345 65 438 73 263 122 504 121 203 130 205 26 446
833 3.3720985729503106 -3.9003652653599565 9.0937767011464619 52 50 35 0.8336156471196553 35 505 128 563 126 252 89 11 73 277 123 8 27 161
3191 6.1841856663337467 -1.0392345200002835 2.5484732670052606 93 92 72 1.7705597198272038 60 154 122 174 121 220 30 98 26 150 20 128 43 99 38 193 19 168 114 258 113 142 118 24 14 40 24 28
834 2.9217777228607362 -3.2223715872077268 9.5250675315322191 35 33 8 0.45012655828907139 153 533 128 573 127 323
3192 0.48072278648044919 0.66411304854838016 9.1417943657569403 178 175 142 0.40765600459919488 125 510 121 242 29 260
835 0.65297348015598144 -2.3950649851842858 9.5323273756307696 72 68 57 0.27701018830840329 35 521 128 582 32 278 33 281 129 733 125 275 123 209 80 249 60 26 121 13 30 10 26 147 29 13 28 145
3194 -8.9589736347306754 2.9979877897258955 11.67334257776584 77 56 35 0.46773201972592771 50 140 51 219 121 261 48 136
837 -8.1046842932575025 -2.9483653216577221 12.403925188587069 248 249 235 0.6515830566846682 37 645 128 589 44 702
3197 -3.8196812639789357 1.1901609952021659 15.205744003349407 34 37 18 0.55070237583795789 35 840 128 921 129 785 121 317
3198 1.740094277133281 1.5225901880969894 9.4268125465209476 53 56 31 0.47894856298962435 80 589 121 330 89 565
841 0.69788947021690739 1.0691219066161854 10.493775210669071 212 211 217 0.61899548633993096 65 349 128 634 127 603 126 509 33 352 42 978 45 965 40 912 169 818 134 891
3199 -7.4601333339719806 3.5658498428711454 14.805767828084635 66 61 41 2.2750064715472487 157 405 169 198 121 337
842 -8.351860550737392 1.9268145372231418 12.658914327388473 111 102 104 0.8405620107590217 36 193 153 613 128 639 37 395 99 194 127 193 32 151 126 138 33 142 129 489 39 472 133 198 153 205 46 198 131 485 89 143 73 139 42 532 45 703 40 480 159 468 44 487 169 347 134 392 137 399 41 368 157 301 80 120 135 143 70 222 76 391 47 309 136 231 51 201
3200 1.2084336210129394 3.4497516433106892 10.921656726867923 114 119 100 0.90019238117095568 60 405 73 765 80 683 89 819 122 560 123 672 125 768 121 339 30 241 26 435 29 327 130 199 117 303 28 443 118 428
843 2.6120288038804893 1.2531514175685696 8.903546255336364 38 34 30 2.1841594345179853 35 588 36 641 153 760 128 640 145 677 99 199 127 616 32 543 33 546 126 348 125 368 80 313 122 351 123 551 60 204 26 178 29 201 121 325 28 226
3201 -5.4493838800939498 -6.3690332536110033 14.298513448717474 61 43 25 0.81052133936163506 37 745 121 359
3203 5.5064917531348954 0.95882479290856337 3.3668741171523169 53 46 27 0.50030535153220268 73 758 80 678 89 870 122 555 121 403
846 1.8509253977930429 2.0407010097517597 9.8332773895620242 100 103 90 0.79355022395884445 99 842 128 656 126 371
3204 2.1571633806259691 3.4504557720387368 9.4186842771653669 56 55 34 1.1079053784315323 65 787 122 491 121 410 123 333 30 242 26 362 117 270 28 322 118 430 27 527
847 2.5030830175914707 2.7473138903098158 8.8265292436722564 54 55 41 0.37525592895134802 153 802 128 685 126 547
3205 -0.022964473773235464 5.5902335803113967 9.6303324069343201 149 150 132 1.5867387781588131 60 421 65 696 80 387 123 599 121 414 122 297 125 256
3206 -7.5927903632555918 -1.6822757680050693 12.770096875390877 125 138 144 0.17040992274317571 134 956 137 970 138 494 157 660 169 887 48 339 165 316
3207 1.9591325127730668 3.514111592974785 9.6451350219194865 119 115 100 0.65508246043411178 60 514 73 826 121 441 26 473 29 330 117 309 28 447 118 432 118 491 27 564
850 1.5508631870587966 4.1217347271104696 10.589901924874212 32 29 21 1.2250425364380972 36 691 153 672 128 707 127 657 32 581 33 440 125 434 123 337 121 191 26 215 145 876 117 110 28 254 118 253 27 294
3209 6.1407623789915702 -0.32098112306905208 2.4527890768461558 91 93 80 0.85327328717913575 60 553 122 637 121 453 26 405
852 2.4056219987324492 3.9913767290467206 8.6208532599259176 55 46 49 0.47136449264227032 35 797 65 234 128 726 127 669 32 456 126 242 33 458 73 238
3212 1.9204965816785045 1.1501761020264287 8.8654338062332076 77 69 56 1.592501282479557 60 558 80 767 99 1170 121 481 26 520
855 3.5724686117557245 1.1817386461017281 7.1266106705185219 79 81 66 0.32308494177244856 36 887 128 806 145 1037
3213 1.950610914926787 1.0912701730494956 8.5909567221895102 77 69 56 0.66580446546695227 60 559 80 768 121 482 26 521
856 -13.302985465823582 2.3134319853436018 10.147636879054318 99 101 93 0.5411409847612435 65 376 128 809 46 801
3214 6.1681645794686872 -0.52808409043301963 2.4883555105224842 65 68 61 1.4248322487566565 60 570 122 647 121 493 19 578 21 618 43 405 25 581 11 552 107 538 108 566 14 498 15 501 105 455 106 425 12 393 43 383 101 294
857 -9.6132323446196466 2.6737725259272356 10.416878214395389 124 123 121 0.34786666034739144 65 530 153 782 128 816 145 838 127 762 126 676 33 562 33 678 46 670 129 679 89 574 32 387 73 533 73 666 123 567 80 472 122 481 60 400
3215 -1.8511016681336245 3.0464575450900715 11.977153387843451 0 0 0 0.52017824681541702 36 1086 153 1133
858 1.3814682342198932 2.1623645802326905 9.5305914207291771 104 101 92 0.66034671378991971 35 943 65 528 128 818 127 764 32 670 126 530 33 563 89 425 125 532 73 389 123 446 80 333 122 251 60 320 121 175 30 187 26 290 29 210 130 88 118 353 26 354 27 451
3216 0.1410564775767349 5.913670712163233 10.237873902697286 43 43 19 1.3699239340712492 60 584 65 899 73 881 80 802 89 919 122 664 121 506 30 412 26 550 29 428 130 296
859 2.4909109550122368 2.9273193642246857 8.8163306631561298 56 58 40 0.47530064613562689 153 935 128 831 127 645 126 398 89 213 123 142
3217 -0.62706574931499315 -0.36694627877757474 11.450649479371375 37 41 14 2.0788310272434245 122 667 123 812 29 431 130 293 117 380 130 299 28 527 121 514
860 2.4925930468180675 2.9423233480694289 8.8459710722604452 56 58 40 0.52214035837434591 153 936 128 832 127 646 126 399 65 202
3218 -8.3752956869955018 0.90835886451877135 12.37745897155361 53 54 48 0.59599062078244325 136 52 30 35 41 70 48 62 50 113
861 1.6544137974224833 3.5121340173703488 10.150868633136337 70 64 62 1.0295194431431915 65 551 153 1008 128 837 145 1122 32 804 126 690 123 470 80 487 122 385 60 330
3219 0.13420978282808665 1.4107156201765858 9.5450076058678501 116 120 106 0.53245098764756016 89 144 122 79 30 47 65 139 29 42 130 25
3220 0.096696277294035959 1.4361867333087237 9.7093741588410492 116 120 106 0.47567843028450846 65 140 89 145 122 80 30 48 29 43
863 2.1239896644407112 3.9582115506864062 9.3311150563193124 30 40 29 0.12880095023677476 153 953 128 850 122 391
3221 6.1699523722715801 -0.78579028152506913 2.5107467018414873 70 72 58 0.94535288908166049 60 283 121 228 30 101 19 283 114 269 24 113 107 201 105 34 104 59 15 58
864 -13.163365699340318 -3.0771577446186669 10.722395111818402 119 106 98 0.31942627175435412 35 813 50 264 128 886 89 764 76 442 48 205 139 95
3223 2.1908783564881595 1.6690110062922552 9.7045092945763791 48 44 32 0.82963139050210244 80 129 89 403 122 239 30 121 26 181 29 51 118 63
866 -12.99168482322214 -2.499712164392828 10.715053501358961 51 49 37 1.0801587559678476 128 891 32 733 33 638 42 1018 157 547 50 266 136 270
3225 6.1576225990257258 -0.94279589801888264 2.5023068837370936 92 93 77 1.2476808693859414 122 420 30 155 26 258 130 110 20 202 21 321 114 261 25 296 113 256 108 306 28 203 161 193
868 1.4523475094091556 -0.60175668910745983 9.8961022985374889 65 59 55 1.7896300340915943 65 741 128 903 125 631 73 626 40 1080 45 1137 122 439 26 341 29 298 117 187 118 406
3226 6.1670949111931224 -0.9456351307696248 2.5170632774821802 92 93 77 1.3616415742016079 122 421 30 156 29 120 130 111 19 275 21 322 28 204 114 262 25 297 113 257 118 218 24 174 105 182 106 181 104 56 161 194
869 1.3549274942337073 1.4436789632593254 10.48178766732215 163 164 157 0.82613600846285451 35 734 153 913 128 927 127 614 32 661 126 140 33 545
3227 0.21496140950276268 -0.96576182154408563 15.037589341989868 16 19 0 0.77908770503091163 60 177 121 231 125 496 30 164 29 177 28 207
870 0.7215591571619725 1.3514089893168379 9.4889768729682782 105 102 95 1.4768305874915437 36 877 128 928 145 961 127 866 89 708 73 658
3228 -4.574063342178432 3.4613091842726025 7.8258905953519555 51 49 37 0.78035167856934506 60 120 65 217 30 194
871 0.7220953613872314 1.3265381765306861 9.359233961244021 105 102 95 1.0559738068907372 36 878 128 929 145 962 89 709 73 659 130 154 121 327
3229 2.6095779636428325 -3.5626576475953868 8.9561285732756062 255 254 233 0.68053884885526017 127 678 30 197 26 331 130 168 117 228 28 348 118 322 27 410 161 428
872 1.1708816545445186 1.5722405386351705 10.886006147035793 103 102 98 0.48510626281523728 36 880 128 930 145 1034 32 780
3230 -5.8583611924341357 -1.3611028864740418 11.579819846845721 51 47 31 0.58154997037958245 153 566 30 205
873 2.8156134872941747 1.5504616097270218 8.3132057595441555 153 163 151 0.51053224950562126 35 855 153 995 128 934 127 755 65 370 32 664 126 524 33 555 89 408 125 523 73 377 123 441 80 320 122 244 60 211 121 66 30 123 26 184 29 54 28 174 27 207
3233 0.14425548801879604 5.3418762302201355 8.2791127335168042 178 181 171 0.78487486397166661 60 346 89 290 122 400 30 352 80 222
876 -13.442397161682713 3.5182629109308694 9.8580906397760497 42 48 34 0.86066369747506533 37 884 153 1003 128 947 33 687 125 766 123 667 80 681 76 549 135 440 138 406 48 290
3234 -6.8728538043214744 2.524620080943647 12.403204202371136 243 239 244 0.13867645402679954 32 857 33 839 99 1074 123 724 128 1070 30 369
877 -13.442397161682713 3.5182629109308694 9.8580906397760497 42 48 34 0.86066369747506533 37 885 153 1004 128 948 33 688 125 767 123 668 80 682 76 548 135 439 138 405 48 289
3236 -6.6961095878645418 -3.0748763936780157 13.143098597239856 0 0 0 2.2223271380015053 41 17 159 38 42 59
879 4.0929288819301295 2.0817453652843496 5.7139914539895269 45 54 43 0.51318895559287581 35 960 65 552 128 960 32 692 126 691 33 696 89 452 125 553 73 555 122 379
3237 -7.0867323650105849 -0.60547361146459866 12.956193102597993 156 157 152 2.1148445342683249 137 63 48 40
3239 -12.662947747917096 0.82149861585333905 10.602963120758417 68 61 45 0.89638757515286416 42 218 50 45 76 180 48 120 165 59
882 -13.932888505063911 5.4016728368817706 9.6745863425282401 91 82 53 0.53036272342843249 65 797 128 965 89 736 123 689
3240 -7.3858176868535308 1.7041862907309444 10.418170377333254 103 108 114 1.4368193256529054 30 49 48 130 127 199
3241 -12.338488290676928 -7.6039315282858935 11.272512558677898 46 46 39 1.1553585383889191 51 398 123 603 48 246
3242 -12.338488290676928 -7.6039315282858935 11.272512558677898 46 46 39 1.1553585383889191 51 397 123 602 48 247
885 -13.982858557606924 5.6169715019124409 9.652298470175273 71 75 55 0.79698815904676579 35 874 36 922 128 970 32 815 126 801 33 707 89 833 125 780 73 777
3243 -12.950182519236225 -6.0417206662687759 11.154451494063656 81 79 66 0.94668171962058434 80 692 125 586 48 250 51 403
886 -13.788480818764238 -1.6273016473700579 9.4953913585000027 68 68 58 0.65494623190336454 35 824 36 849 128 994 99 992 127 829 127 922 32 740 126 738 33 742 125 724 73 792 123 704 39 862 139 61 165 160
3244 -8.427587106779411 2.0279796743686638 13.119480903371096 0 0 0 2.3460627262943898 136 424 138 330
887 2.9786064954796205 -0.63734026383966358 8.8879573321934888 40 38 26 1.2842193927381818 36 998 128 996 32 745
3245 -7.7934462813583192 2.9476445428137406 13.126770600060654 88 88 77 0.75993659194863405 44 888 153 778 159 929 48 311
888 2.9906688292440395 -0.65707842191589705 8.9543325064678321 40 38 26 1.8449615156312777 36 999 128 997 32 744 126 629
3246 -7.9456067846053449 -2.7510034484164847 12.269115524575742 137 143 142 0.77817793013923175 30 315 60 438 48 318 165 301 50 312
889 -6.2497315090786225 -1.4584404792418826 14.335154323331702 83 67 59 1.814312578593684 37 850 128 1000 129 967 133 977 145 1018 80 645
3248 -7.0229310810354848 0.85771999358673878 12.499098322155929 141 149 149 0.6506202125060655 30 328 121 390 122 459 48 341
891 -6.5315109595640859 3.6783175408995175 13.061559363209598 79 77 62 0.94762822920499001 65 782 128 1033 145 1047 32 798 35 759 42 1052 45 1093 157 683 122 366 121 437
3250 -8.1554767584237471 -3.3166161489015544 12.32152579527931 0 0 0 1.9127829019045515 40 1078 159 1145 41 736 44 1059 44 1074
893 -13.814291918710834 4.2556880317387797 9.6984997690166406 79 83 87 1.9242299311292439 37 936 128 1045 126 888 33 855 39 1063 125 827 157 655 76 552 135 442
3252 -9.6923316276461495 -4.7239103035638133 14.652607145019241 101 106 112 0.65721582228300335 48 7 165 5 50 6
895 3.1624520127394553 -3.3298841599774534 9.3734904536634041 35 38 20 0.93732029266414474 35 965 65 590 128 1051 127 804 32 823 126 711 80 693 122 519 26 450 29 294 130 172 117 282 27 488 24 387 161 430
3253 -8.3984602892472786 -3.3161225186461913 12.740655863383239 0 0 0 0.27273809656441161 47 18 159 36
896 -6.8728538043214558 2.5246200809436412 12.403204202371107 254 255 253 0.13867645402678055 99 1075 128 1071 32 858 33 840 123 725 30 370
3254 -8.3984602892472786 -3.3161225186461913 12.740655863383239 0 0 0 0.27273809656441161 47 17 159 35
3255 -8.5561465370374084 1.2178969948274858 11.807049151349236 47 51 67 0.64153873140842665 48 69 50 119 138 159 165 64 30 116
898 0.98373255842904861 3.3410108813955111 10.742614365635735 104 110 108 0.70876866692267004 65 838 128 1078 127 984 32 906 126 848 33 854 89 873 125 826 73 819 123 734 80 725 122 559 60 512 121 439 30 344 26 503 29 374 130 240
3256 -9.9445196971645959 1.386931320709095 9.2995416663384702 178 179 173 0.55655323663237743 50 124 165 68 82 84
899 -0.30984112466305452 3.9785949228775177 9.92475741992134 254 255 248 0.81364801973509648 35 1003 36 1057 128 1082 123 738
3257 -9.5642302731806375 1.5185964510689933 9.8036270366700649 177 178 180 1.7471886631400002 48 77 165 69 139 68
900 1.0727452961560515 2.2849065228626637 10.814976973621043 111 111 109 0.913129388827566 65 865 153 1096 128 1102 127 979 32 901 126 882 33 883 89 891 125 846 73 849 123 755 80 756 122 617 60 508 121 463 30 371 29 369 130 236 117 336
3259 -8.4537732359632152 -2.0235140134442964 11.227779975954851 143 150 156 0.76455002919073778 48 29 50 157 165 95 139 78
902 3.627961580088225 -0.24528286412144676 7.3683150997459892 56 56 46 0.98510509876319641 35 1036 128 1116 127 996 126 864 33 872
3260 -15.68579765934202 0.44106690146875532 4.7559766724311059 123 118 112 0.43038158788130221 51 176 165 113 139 48 140 22
903 1.5146378654253811 0.99739116584779164 9.904235913441088 136 135 126 1.159898765118007 127 1001 32 929 65 857 126 872 33 899 89 859 125 840 123 713 123 752 80 709 122 583 60 498 121 395 30 329 26 460 29 361 130 228 117 292 28 468 118 519 27 579
3261 -15.709783787103266 0.43500127497049818 4.7585119496740376 123 118 112 0.46267244141998759 47 81 51 177 138 64 165 114 136 60 139 49 140 23
904 1.827468710941645 3.8198935611516784 9.6255390354042714 43 54 37 2.020925983021912 35 1045 153 1116 128 1132 32 924
3262 -9.8582337736501984 3.6962494517130153 11.775835204442501 41 52 38 0.35996676790499077 51 229 138 192 165 143
3263 -7.7876632792889424 1.7386979927903057 11.31275332810147 167 173 185 0.91384028657643013 48 129 51 202 165 169
906 -1.986273152747424 4.4961101181466736 11.228146464359517 246 253 251 1.4441782100603879 36 286 99 557 153 497 35 265 128 532 99 867 37 823 153 942 35 777 65 218 36 688 145 990 127 285 32 436 126 222 33 226 129 834 129 1008 39 913 89 465 125 229 73 220 123 167 60 249 26 370 29 221 117 221
3264 -12.922503809905187 3.7889100838598431 9.9570873039167473 21 25 10 0.78855657666849022 48 139 127 455 165 172 51 225
907 -10.099758406249599 1.7904455481932728 9.3129163062299813 54 48 49 2.1017496308325514 65 666 37 691 128 643 153 616 145 827 32 362 33 551 123 105 42 539 36 459
3265 -9.2559107868261972 3.2738995648806601 10.905252338887593 89 100 85 0.18049253157924069 48 239 51 456 138 344 165 211
908 0.81367837836854373 1.8572499066989305 10.53428180937928 182 189 185 0.89346928632339406 99 1011 36 1020 153 1055 35 929 128 1021 65 766 153 991 145 1036 127 941 32 898 126 771 33 776 129 1083 89 804 125 756 73 748 80 590 122 472 60 394 30 288 26 427 29 318 130 191 117 258 28 437 118 475
3270 -7.0762279695539814 -3.8741368780307779 13.645366202160158 97 101 101 0.65430095027886614 48 248 138 278 165 269
913 -2.9638951676441794 1.9349059990221296 5.3097481068840322 39 45 21 1.9928484885641733 36 684 128 692
3271 -8.1761151247992832 -2.7080786041374014 11.969151645648193 111 121 133 0.38728802159780384 48 254 50 294 165 273
3272 -6.8237761367313663 -3.690687270279843 13.363550989366017 218 228 224 0.11271157865371936 48 296 165 297
3273 -12.398020458341977 -4.4998160544524444 10.817460787116721 58 60 48 1.6636291079442047 33 926 65 900 165 338
916 -11.746290305521303 -4.73974205441296 11.763450825292484 246 251 246 0.89276080296334293 128 24 153 26 145 34 129 364 39 19 133 348 46 369 131 17 125 22 42 411 45 19 40 367 159 348 44 371 169 406 134 460 137 479 41 279 157 2 50 81 60 11 51 241 48 151 165 150
3274 -18.003212916110797 4.5431802243237982 5.459370938185689 130 132 121 0.73518204206136106 51 533 138 530 165 348 49 184
917 1.0812268503526636 -2.4217928446128485 9.8437009426020996 75 73 59 1.1586652595762799 99 37 145 37 129 363 133 339
3276 -8.2847654544856955 2.1237666265339716 12.629763825089999 143 135 128 0.7473841953837721 30 230 48 285 36 198 37 176 153 217 128 217 145 256 129 493 39 216 46 209 131 218 125 149 89 152 36 201 123 103 45 527 40 483 44 492 169 485 137 406 41 370 157 305 135 293 70 224 122 236 136 297 138 389 51 373 165 262
919 1.7046418620871051 -2.0376600875466466 9.8706455733620508 137 135 120 0.60944380012773103 37 17 145 50 39 372
3278 -7.9063070240571971 -3.0049706317906248 11.971424650167942 152 156 158 1.1387804005686042 42 1164 45 1153 138 518 51 527 121 499 48 372 30 404 50 347 165 350
921 -13.139429013141383 -2.2557595260663286 10.533379846702069 69 68 61 0.76727356811366565 128 79 145 89 46 392 40 386
3280 -10.139060892628418 1.5571285924956295 11.670910216058788 246 253 252 1.0533663619547227 169 866 41 677 36 771 37 688 153 759 145 958 46 992 131 1002 65 130 37 556 36 439 153 194 35 415 128 194 145 673 128 638 153 605 127 178 129 191 39 197 39 780 133 659 46 461 46 789 125 134 123 433 42 711 42 857 45 853 40 472 40 806 40 990 159 778 44 643 44 881 169 822 134 383 134 805 137 912 41 223 41 560 157 199 80 581 123 550 76 197 76 388 76 540 76 587 135 210 135 290 135 435 70 217 70 449 70 585 70 612 60 534 47 305 138 164 138 385 138 484 136 227 51 72 51 440 169 148 47 92
923 -4.1129758576061199 -0.53010045608598666 14.607222955973105 80 60 71 0.67829900311114855 35 106 145 141 32 101 133 112 131 124 42 142 159 85 134 72 76 39 40 127 47 167
3281 2.6465619193623526 -3.2086127492668099 7.5649323020870467 40 29 28 1.0971379539924246 121 2 26 14 29 5
3282 6.2200028522106159 -0.69833703749303433 2.5467235200632894 91 85 70 0.96849168160746812 60 285 26 36 27 52 21 333 108 312
925 -8.574131271400999 0.80150771094368101 12.011237991926883 86 85 92 0.5487793278133748 128 166 145 190 126 107 129 147 39 156 42 202 40 188 44 184 169 106 134 113 41 202 76 176 135 130 70 200 60 59 47 191 138 239 136 134 51 161 138 148 48 165 165 163
3283 1.0918630333198223 2.3040056074660265 10.368169227072238 96 87 88 0.39387739055600518 60 95 26 74 28 176
3285 2.0887832289828676 3.2460012838692562 9.1345058698984278 104 98 86 1.3313828607209177 60 228 26 89 121 92 123 156 32 224
3287 6.1702482641234084 -0.72974570227738256 2.4197986851114188 70 64 50 0.28072756262942161 60 357 26 154
3288 2.1502255446084835 3.2100086290632994 9.3731163552904295 47 41 21 0.093280236033259314 123 154 26 206
931 1.1630110569468268 1.1153812659083753 11.116939224199498 112 106 106 0.27932242530554391 37 138 145 212 133 172
3289 1.6702938751948189 3.9109870288814519 10.145604842319965 51 52 36 0.6966545208317485 33 439 126 407 26 214 117 47
932 -7.3501854484015468 1.385631117231537 12.8241488107472 116 111 100 0.80397815789594407 37 139 145 219 129 174 39 187 133 178 46 171 131 183 42 515 45 490 159 165 44 468 169 138 134 148 134 370 137 142 41 220 157 192 76 192 135 64 47 207 138 324 136 225 51 290 48 282 165 258
3290 -1.8953982410444692 4.4218195289698201 10.155012769032076 101 90 94 0.76792597654094918 60 128 26 230 29 85 117 63
933 -1.5165785748520162 1.3598495432682751 12.356074027615414 219 220 214 0.61223239515734496 37 143 99 461 145 221 36 433 127 168 32 145 126 123 33 129 129 177 39 461 133 452 46 457 131 467 131 779 123 91 42 242 45 494 45 848 40 466 159 639 44 472 169 608 134 376 137 146 137 822 157 480 80 106 122 227
3292 0.78079430534164973 6.7761491717845912 11.157433491744646 78 75 70 0.20450793002254833 122 159 26 242 121 204 30 138 60 260 29 228
3293 6.297425231975768 -1.72680152626984 2.7636481389693013 64 64 56 0.7638489617457298 121 293 26 252 60 347 113 239
3294 -3.2433616693167928 0.73048414486138202 13.052196081428415 59 50 41 1.3043531667061596 65 336 127 383 26 270 117 146
937 -5.8472101342062777 2.637127196927973 12.862673363529419 163 49 80 0.69116941513513452 37 198 99 219 145 277 127 214 33 161 129 240 46 486 131 508 159 486 44 504 169 361 134 416 137 424 41 248 157 313 135 221 70 235 47 321 138 258 136 235 60 90 51 381 121 72 30 127 29 57
3295 -0.43493331024122817 1.2866869140243244 9.9938294695045204 120 114 116 0.36315636923686573 60 202 80 311 122 231 123 283 26 279 125 135 65 132 73 136 89 137 29 137 117 151 28 224
938 -10.227174791510329 2.4464998152910917 10.288494509755946 187 190 181 2.1565451332919316 35 208 145 285 32 176 33 165 89 174 125 172 37 205 165 127
3296 -2.2901770929946159 4.2973733103063418 11.30047913422092 99 100 97 0.64874781290090322 65 214 80 184 122 133 123 163 26 310 125 222
939 1.278073039109807 2.2768619797858261 9.4805330592330765 153 156 141 0.48693632694977479 37 229 145 313 129 518 133 690
3297 0.87781526275118682 -0.55947568431260741 9.0149327495094447 14 18 3 1.3589054487829006 122 327 123 401 26 343
3298 1.380210910021201 2.3153978802839528 8.9034240807057259 122 115 98 0.9452139350503046 30 237 60 403 26 357 121 263 130 157 117 207 28 314 118 421
941 -4.6878676403221755 4.77184884084153 12.460784629232688 66 76 78 2.1180558022302565 37 258 145 343 39 830 46 853 131 705 46 704 42 1010 45 595 131 322 40 555 40 955 159 710 44 562 44 915 42 614
3299 1.9628612370309282 -3.6471087132920812 9.902157100137833 36 30 0 0.13178387877223741 60 430 26 387 29 293
942 -4.3341726283806006 4.3100556569827528 11.488161707174596 66 76 78 1.3508162297083117 36 272 37 259 40 556 45 596 42 615 44 563
3301 2.9345156333892808 1.4890477865648415 8.5184972090242983 67 63 56 0.67932690538952201 30 232 60 393 121 331 26 425 29 317 117 296 28 436 118 417 27 512
944 1.3383770906236514 4.280175681608025 11.063389051923799 58 67 49 0.10258466700764153 36 289 145 367 129 550
3302 6.1126823105555177 0.69587655843740437 2.3012458278751096 90 78 64 1.2399962778448825 122 643 26 466 27 449
945 -1.6444980072902793 4.1559551807457016 9.7635150115863691 215 241 238 0.19315872158905825 153 315 145 377 126 225
3305 0.84098587454235452 2.3773512926015004 9.9576105661179657 146 142 139 1.7402227975777071 30 418 60 588 121 516 26 561 122 669 29 440 130 305 117 390
948 -7.8806017366759473 -1.4512105887787381 12.606926119706305 69 65 63 0.41433809230410901 128 101 145 456 131 107 123 54 42 125 159 77 44 112 169 53 165 159
3310 6.1649586864238799 -0.97358778777300925 2.4383268573169508 72 68 57 0.84907952048730073 121 19 29 20 117 11 118 26 21 201 20 34 113 21 27 47
3311 -3.3775978979044958 1.2088004315391834 16.561649931142799 68 67 54 0.20696394118349948 99 151 29 34
954 -8.2846284798078376 1.1775138717307316 11.944950306489904 92 89 90 1.3427812691165659 99 158 128 452 145 505 37 134 129 633 46 163 45 486 40 460 159 630 44 467 169 326 169 331 41 78 157 79 70 81 70 88 50 186 47 84 51 63
3312 0.49201866177060849 1.049557806172118 9.8897214320780744 171 162 163 1.5952097369223557 30 42 60 73 29 37 28 223
3313 2.672435732700464 1.9192873084831514 9.2012202326989563 100 98 77 0.40145307812822084 89 176 29 56 27 210
3316 6.1927040034518432 -1.0515344094628385 2.4808911036222328 68 66 57 1.2556723191594692 121 219 29 118 20 127 43 155 19 274 114 257 113 140 118 22 12 35 104 52 27 44 24 107
959 -9.9178250640338028 2.5460455522944581 10.134899849358389 65 60 64 1.5631504784440224 145 543 133 247 42 328 45 723 41 475 80 146 70 465
3317 6.1852197171067216 -0.87696126135383612 2.4766413089489814 66 66 53 0.86546627119112074 26 152 122 424 29 121 117 85 30 157 43 103 21 324 114 165 28 150 25 206 108 308 14 47 15 53 106 37 143 38 24 31 27 186
960 -9.2590524372805341 3.4106876853927761 10.229759790347368 214 207 219 0.81882768483640411 99 526 153 259 145 557 129 525 133 699 42 573 45 730 44 528 169 638 137 608 134 583 48 144 138 107
3318 6.2085643441367511 -0.40677392945359553 2.4513839619102913 69 62 56 2.1290169406797363 29 123 19 391 60 492 121 383 25 317 11 217 107 323 108 420 14 204 15 231 105 306 106 62 106 266 105 195 10 44
961 1.4432398460133196 2.7180633697105971 8.936470811732125 142 146 126 1.6032491409267944 99 272 145 577 129 308 133 560 131 331
3319 0.008241474792405775 1.4779004715226354 9.7273551705235199 218 214 213 0.29363677354169948 89 400 29 140 117 101
962 0.35957166433102655 4.2613519487147391 10.280354618673512 171 180 172 1.5445336434629766 153 503 145 591 60 122
3320 -0.43267449328103141 4.3017359704044109 9.0169090273521491 195 190 187 1.1904865940707017 35 645 122 151 29 163
963 -1.5565125188914901 4.3466417618595328 10.037000159130347 247 251 252 1.0555693739389631 99 316 145 592 126 234 33 449 99 872 80 501 121 107 121 286
3321 -2.5470566652673683 3.8421093734423728 8.0704348947141717 76 76 75 1.2666447261495213 35 492 29 164
3322 1.8627727277348864 0.63306600295523974 9.667867050698284 82 72 57 0.97474869608512726 122 340 29 193 27 352
965 -11.727630940958207 -2.7924430920484049 11.321932753278931 89 91 82 0.62762834193255046 37 504 153 549 145 614 46 729
3325 0.64337622762592273 0.39132641800806578 9.2119655759669143 43 37 23 1.4783477368293403 26 457 127 930 29 304 130 227 26 496 117 248 28 467
3332 1.5354233062972407 -2.4878184376844161 10.132658948583972 55 49 36 0.67046586694081145 145 412 32 46 29 14 127 327 122 21
975 -13.606706384461869 -3.4366803408995423 10.768199998579943 117 111 105 0.50212628418462868 65 463 145 768 125 476 73 304 123 371
3335 1.8412259747037583 -1.0985462931543446 11.21671259356687 51 46 19 0.58121159344007789 26 260 29 175 159 983 130 72 27 258
978 -13.67314952466762 -1.9206360924443835 10.409373230222583 39 41 32 1.26531454582154 153 721 145 785 127 549 126 463 65 482 89 522
3336 -6.9422992536529105 4.6675844558748061 12.869713758889816 24 20 8 0.87553718073521336 60 240 73 424 130 96
3338 1.4694151865251861 -0.74829648405270655 8.3726593724974538 19 19 1 2.0449315078148844 159 973 130 114
981 -1.6213966934300887 1.2505952568448526 12.35630636121852 49 51 46 0.5218310787806727 99 817 145 810 41 621 60 309 30 174 29 264
3340 1.4118965461784641 -0.044181696631339376 9.8694508400167926 48 42 23 0.69743009729673167 73 729 130 181 28 425
983 -9.329312980576459 3.2649104215925981 11.641223758357224 51 48 43 0.86448938123733132 99 693 145 842 126 681
3347 0.69876765706842914 4.5416438167452986 10.952377452561745 16 21 9 1.3866744849933328 33 450 117 50 28 122
990 -2.2630523494881709 4.1309387119713801 9.1510256027621839 163 183 184 1.069647359784154 153 509 145 879 128 321 32 242
3348 -8.8615613599585643 1.097896805046626 8.7738348620215838 0 0 0 0.31222233060502769 127 171 145 512
3349 -3.0438522147244931 0.81418370874499379 13.660902226389425 52 47 28 0.0088637738235518241 60 192 117 147
992 -12.296530652848551 -6.3220674227805933 11.159922441512869 98 98 90 1.4370378370312025 36 712 46 860 89 636
3350 -1.8021115398572478 4.4339353507979009 10.44150164872384 98 88 100 0.2460716161583632 26 227 29 161 121 105 130 53 117 172
993 -12.798956881575975 -5.8661209583455847 11.246346952120017 54 50 37 0.6744538545588733 35 803 145 899 129 946 89 752 73 691 70 371 122 508 136 251
3351 2.2771980527574831 5.536230391171264 8.7388615408927652 39 36 21 0.6274746754998487 29 227 117 180 26 325
994 -12.798956881575975 -5.8661209583455847 11.246346952120017 54 50 37 0.6744538545588733 35 804 145 900 129 947 89 753 73 692 70 372 122 509 136 252
3355 1.3844092167601818 -0.34941641192724043 10.166463528969873 40 32 19 0.55741724011520477 29 299 117 242 118 408
998 -5.8415147541822163 -0.78582367862002678 13.866577363846829 92 86 62 0.34366964271895445 65 742 145 930 137 895
3356 0.16569300212270921 1.2016561254451341 9.8910123899496725 227 220 220 0.47084096696546618 26 418 29 266 117 253 121 249
999 -6.3084327980863684 1.7303395264756398 13.612600522498905 51 45 31 1.6149039321715906 65 658 99 933 145 957 36 874 32 773 157 586
3357 -5.6779779851262626 4.150442104989513 18.829889776458639 31 26 32 0.94126753373863603 29 322 123 566 117 262 122 479
3358 1.4799647697822134 2.6150061093876982 8.9088914770269074 50 45 26 0.60476691035220675 30 238 117 265 29 214
1001 -6.1110680525134367 4.6163168971761124 12.836332233031104 97 86 67 1.076859133093155 35 624 128 952 153 934 145 985 32 572 32 683 126 400 33 582 129 930 133 1018 125 552 42 1118 45 1119 40 1062 159 1077 44 1021 99 724 37 723 80 360 122 386 60 334
3359 2.1905430351774724 3.1683800673137759 9.4792729581118529 47 40 22 0.88793344069033642 30 298 60 407 117 268
1002 2.4726407853681596 3.0011172570597817 8.6901394258555396 55 56 52 1.9386870112127053 99 960 128 700 33 433 65 201
3361 -1.1042163969386234 4.3929642845378885 9.9001868625678533 220 213 221 1.0860714654419046 26 564 29 441 121 520 130 306 117 394
3365 2.6340174058454693 0.90474366641280801 9.1529870918476277 36 28 7 0.99615259208915186 29 133 121 159 28 221
1008 2.640522579165828 1.5253369120759399 8.5645784354701799 71 76 62 0.83418124984476527 37 875 145 1038 133 1084
3368 1.7463890171312246 0.65797046584777075 9.728810542801261 33 25 14 1.3519068807249912 73 648 28 373 80 451
3369 6.7078510071177817 -2.058711412561542 1.7294988055091558 144 142 143 0.11733695532724259 29 400 28 417
1012 -7.2801413415862841 -3.7232633632290888 12.701590416918778 249 254 250 0.81241676382845041 65 599 145 1075 126 811 133 1025 41 647 80 635 76 561 70 620 47 529 136 459
3370 -0.3508657872571202 4.5365663929374387 9.8697362023041677 164 140 162 1.032818467239963 60 517 28 483 121 444
1013 2.5854548385800142 -0.66887838988384629 8.0975579441799059 53 56 39 0.78929247564615235 99 1051 145 1082
3371 -0.32962095042311079 0.98510151011035718 10.035498842547588 228 203 222 0.2488213408144464 26 518 29 404 30 363 117 353 121 458 130 278 28 487
1014 2.8494401599566821 -0.3194452473020909 9.1215452951579543 60 58 45 0.32053120032346677 153 1034 145 1089
3372 0.39059169549047246 0.41990238548725412 9.0873487274151827 64 62 56 1.2665513306970981 126 651 73 641 26 409 29 255 130 146 28 369 28 426 65 335 127 594 33 535 89 549 125 343 73 353 122 338 121 238 153 897
1015 0.64704463597805806 1.1637498092642862 9.1581743673607932 95 89 84 0.27459992117916643 153 1049 145 1100 127 936 32 848 33 834
3373 2.4771966789593263 1.9025884155652717 8.9965676032030757 57 57 44 0.96720672058492496 80 787 123 794 26 539 117 368 28 507 65 878 36 1098 153 1132 35 1054 128 1144 32 932 126 916 33 904 33 920 89 905 125 863 125 880 73 867 123 774 80 772 122 642 60 563 121 486 30 388 26 525 29 408 130 282 117 354 118 537 27 605 27 624
3374 2.9441974076344852 -3.3977570457104553 8.0084515827419054 70 60 50 0.93587720557475917 30 2 117 1 118 7 161 170
3375 2.7103058858463593 1.5581501701041061 8.10823088619407 49 44 40 0.40151841572833741 28 81 118 67 27 209 123 114
3380 1.4062755834694556 3.2210963415437224 10.042306590325008 94 85 78 0.85527718066333658 26 201 118 302
1023 -3.8153665230357805 0.20963679554611481 14.152987059285524 72 67 56 1.003933628304007 36 618 153 582 35 571 145 938 65 747 99 916 37 775 36 755 153 886 128 909 127 848 32 523 126 311 126 643 33 100 33 754 129 886 39 873 46 904 131 909 89 542 89 685 125 738 73 346 123 644 42 963 45 1027 40 776 159 1003 44 853 169 797 134 877 137 676 41 610 157 463 80 442 80 570 76 531 135 459 122 446 60 296 47 553 136 464 121 386 30 322 26 455 26 494 29 301 130 225
3383 6.750369151897897 -2.0374277859868783 2.142623771332886 93 87 81 0.8019035306704716 130 248 118 393
1026 0.7462209929828183 1.0203124818085745 10.118960105131595 209 212 212 1.4750059740692036 35 409 153 599 128 453 145 664 37 135 36 170 127 604 128 635 32 346 126 332 33 353 65 350 129 637 125 361 73 128 123 280 60 72 121 157 30 41 26 175 118 228
3386 6.3808715457803213 1.60322553201385 1.5153302615664872 72 68 56 0.23753708166299448 130 272 118 437
3388 1.4090661069488368 3.5992118776096129 10.593218067666371 35 27 16 1.2861113382680276 117 305 130 241 118 487 27 461
1031 -11.399382330861046 -4.3246714327738616 11.443376741529198 211 217 209 1.5672021168796544 153 30 127 30 80 15
3389 0.64882203640619918 0.98235470865701813 9.8600507920853637 154 137 153 0.59817933180559191 28 503 118 535 26 519 60 497 73 807 123 712 80 708 125 807
1032 -11.738609488982037 -4.342726419263232 11.435861381752719 109 110 115 0.61096850919900336 50 82 127 31 47 146 51 129 48 97 49 41 82 87
3390 0.57758443641561241 4.483955994501752 10.667355110573411 51 57 57 0.93324263235672045 65 683 128 964 145 998 73 677 122 496 65 560 153 682 126 565 60 412 118 372 153 324 127 492 32 448 89 258 125 442 73 228 123 172 80 197 122 285 117 51
1033 0.73221907302061073 -2.498391688136028 9.5239946112902896 47 41 42 0.55753205903751379 35 22 127 36 129 362 46 558 131 723 122 20
3391 3.1659308072936554 -3.5810267013420489 9.1126334493898415 77 67 52 0.61445923947627923 65 22 122 4 27 12
1034 -13.767824843496969 -3.4294750027812646 9.1173550551461098 240 251 247 0.7287693403723251 35 36 36 339 99 357 127 39 33 282 82 19 141 31 83 46 144 44 144 62
3395 7.7646129214102446 -0.32775559810037974 -1.0589803125305872 11 10 15 1.2840607096302368 28 159 27 198 27 196
1038 -13.176682644625853 -1.4128624205881202 9.2263285517776499 169 168 164 0.12757646307409001 37 66 127 95
3403 17.308493658145149 -2.6685953905258919 3.3509920149352856 116 117 121 1.5766777894756405 27 334 24 313 20 280 38 488 21 433 43 299 43 164
1046 -4.5601574905553388 3.4607088270886019 7.8796977502486785 172 180 176 2.8288766577921471 99 301 127 283
3408 6.5120405278261897 -0.16263031767696032 1.745286303034814 92 91 80 0.91015801089544512 30 361 117 291 118 343 161 349 27 441
1051 -13.499081875962798 -3.3376825331889393 9.3807450805507262 94 110 107 0.88659899120506824 36 340 99 51 128 49 127 329 39 380 125 27 41 287 135 173 138 212 136 186
3410 1.9768911026413742 3.1905363025324052 9.7824745107296724 82 74 70 0.6769158189751715 26 504 30 345 27 559
1053 -11.623947710039493 -1.812755963254387 11.234720200049111 68 73 51 0.53866906543941706 153 563 127 346 37 328 46 593
3420 -12.316090703915238 1.0627691455237591 10.881616150771938 80 86 80 1.1278207152489756 48 68 49 26 128 181
3424 -15.55532567812943 0.17795772513457728 5.1759658822794394 116 114 102 0.46944807471475303 138 316 49 133 139 83 54 97
3425 -15.551896338504447 0.57787686590659471 5.9266173343151438 68 76 53 1.6456860146666645 48 221 52 123 82 82 140 70 142 109 55 78 56 109
1068 3.3338267608452568 -3.7911694478086035 9.0585995123844025 134 136 123 0.44767718684751667 36 549 127 503 32 257 60 4 73 280 26 13 27 163
3435 -14.161363652179725 -1.6468051531338903 8.6067957688063483 199 209 215 0.88816091502100747 50 169 47 360 51 473 165 161 82 127 65 735 36 950 125 623 49 100 32 833 140 81 52 130 53 146 141 83 54 103 83 109 144 97 54 110
1078 2.1495105532891712 -1.2120636467533932 8.8455359861601313 72 71 51 0.23022543123242303 65 478 127 706
3437 -14.750622961056637 -3.7518238348057098 9.3121231690694941 144 146 141 0.19414250604280048 41 10 139 11
1080 -1.5034098151772717 0.71312238653782178 16.188965331360343 54 56 47 0.7206580157589495 145 944 153 893 127 728 131 913 169 590 99 807
3439 -9.5442694258801222 1.306280254521162 8.920745876517179 136 137 131 0.59647806618987242 49 61 50 56 82 83 139 67
3440 -14.68212155560691 0.35079952803354253 5.2655295439986443 121 118 101 1.8644341212652802 47 379 51 278 139 85 70 438 138 317 138 241 140 58 50 44 52 82 82 34 52 49 53 44 155 67 55 31 55 52 56 71 56 96 155 79 111 43 166 67
1083 2.4513150038110214 2.2481967893524084 9.0964616560660829 78 76 55 0.43466385461702861 65 537 128 946 127 767 33 683 73 538 123 308 126 379 80 338 89 432 125 400
3447 -15.056372622397431 -0.035198497226295269 5.3772466652095217 179 175 166 1.6043949239810373 48 361 142 140 141 99 83 121 155 107 146 98
1090 -6.4957447288198491 2.0668329071061096 13.871023731839136 63 50 49 1.0283631941661333 35 736 36 879 99 935 153 915 127 865 32 781 33 771 125 752 41 678 135 471 122 545 60 504 136 456 30 337
3448 -12.029001728921749 -0.88235668315648841 10.350680364060297 49 46 26 1.2021678271181355 136 277 139 114
3449 -16.072634435723028 0.033726652212840408 4.8772665659809222 105 106 102 0.72846756384181777 48 117 49 17 82 29 165 111 140 19 50 176 53 42 141 19 54 27 155 48 55 25 146 59 56 66 166 43 111 26
1092 -4.7388989134078816 4.2131852036672317 11.316702882325664 80 76 66 1.6055980867890951 36 799 127 883 133 1059 131 1057 30 300
3452 -16.619811212851396 -6.279258948416393 8.742828311143608 100 110 101 1.5227010906358114 49 178 140 99 54 121
1095 2.5223040455937231 3.9537561475008682 8.7040725957701959 97 100 73 1.1937191025663536 128 1050 127 892 35 796 32 820 125 779
3455 -17.119645406333479 -0.066687749923882628 7.6641771296241341 125 132 124 1.6209277038957128 48 362 49 182 140 109 52 148 83 123
1098 -13.68490568220709 -2.4751146594192059 9.3916619966695354 66 71 77 1.0033001726644453 36 948 99 988 127 917 126 732 157 544
3456 -13.528104699624333 -3.0859966898925526 8.8264721237006665 119 146 194 0.83311957817820348 65 38 32 285 33 39 127 331 140 35 50 97 41 290 76 250 135 112 70 165 47 161 138 132 51 141 48 104 165 100 49 46 82 56 99 362 37 309 139 44 52 66 53 103
1099 2.9835626809834634 -0.89343764227973066 8.8514145605351793 51 45 28 0.68475726327324782 35 976 127 921 32 832 33 740
3465 -17.357535019853742 0.76024462356778455 7.7867369322465851 50 58 42 0.74648786733862371 47 203 49 82 52 101 51 178 53 134 155 80
1108 1.4876138076214052 4.7094202495439887 10.479228879111636 77 77 51 0.87081991899323929 35 1031 128 1111 127 1010 32 911 33 891 73 860
3485 -15.712658582133983 0.0838444635553455 5.0115566520319712 91 92 86 1.0158181621783242 48 59 53 91 54 55 146 74 56 67
1128 -10.522192948584287 0.73640424773838098 10.98119851283815 67 67 65 0.53749840584646258 37 120 32 136 89 113 169 314
3487 -13.116714556180709 -2.7959636261301326 9.7644950814029023 13 13 5 1.5693974662150689 140 66 53 120 142 104
1130 -8.5972535982520366 2.6624561558145858 11.151871873611993 172 178 174 1.4471012449926182 128 239 32 178 129 252 39 249 133 683 46 259 125 391 73 382 44 515 44 516 159 232 137 600 80 329 135 83
3489 -13.697549007351581 -1.7066731098415333 9.3046034106224802 20 15 11 1.2130151732873227 52 120 82 76 53 125 142 94 141 38 54 66 54 80
1132 -10.006816138532709 4.3346002926910971 11.614076982705177 52 55 36 0.74691326869959085 37 601 32 216 99 537 126 391 153 485 33 204 76 323
3491 -17.429111212916702 -0.29939998135725265 7.5611868449735544 0 0 0 0.98988229935954164 51 537 165 351 139 146
3492 -16.042450609954749 0.34501634364782546 4.7404810410419502 176 175 166 1.3478123406393507 49 21 138 60 82 33 47 77 136 139 53 45 49 107 165 255 139 101 140 57 50 179 56 38
1135 -13.284358932378648 -3.0247899610786146 8.6303271151720971 122 154 192 0.37401733823159289 65 37 32 284 33 38 127 330
3493 -13.722108871124012 -3.0222722060219485 8.9877027534324387 208 214 214 1.0101421759774927 50 166 82 71 140 53 41 655 157 536 76 512 138 297 50 215 136 337 51 340 51 418 48 207 165 193 49 97 82 92 139 97 140 67 52 119 53 121 142 90 99 604 83 84 144 48 83 17
3499 -17.321539420643109 0.38675321065679619 8.0785648547541182 94 95 97 0.93634245253306525 53 92 142 76 141 20 83 76 144 31 155 65 146 84 56 36 56 105
3500 -13.99937424966687 -1.7596022505700033 9.1020121090694293 65 67 64 1.0472712791419947 82 24 99 621 142 93 141 54 144 68
1143 2.4980640218316839 1.552370357998236 8.6168969745587756 126 114 102 0.82902111259194522 127 420 128 474 153 452 32 371 33 380 65 149 28 173 27 206
3501 -14.686743905517122 -1.741789248397726 8.7113495701177648 23 25 12 1.2859918478499923 53 88 142 107 144 78
1144 1.6356675342647169 2.1587837627092399 9.3528859995659435 167 165 153 0.33348187527458739 65 167 32 390 126 374 89 184 125 394 80 150 30 57 130 89 27 94
3502 -17.506388250806516 0.3139493680191881 7.8705507773967653 142 151 153 0.61041450369167372 82 80 142 108 141 71 54 84 83 99 144 87 155 93 55 88 146 92 56 113 56 115
1145 -9.8610770998391555 2.9187775872743345 10.631780877884216 84 84 85 0.97314810956675013 37 424 99 508 128 256 32 392 35 223 36 234 126 180 39 266 46 499 45 310 42 562
3509 -17.472179875999331 2.5161156463383105 -8.4669436231099713 82 81 75 0.8280022557258867 52 134 140 103 142 136 141 94 53 149 82 140 53 160 54 113 83 105 144 101 155 94 155 101
1152 4.3042592573707612 -0.36931777892401746 6.1263997116898601 51 52 51 0.45752469507177629 128 900 32 511
3510 -17.472179875999331 2.5161156463383105 -8.4669436231099713 82 81 75 0.8280022557258867 52 135 140 104 142 137 141 95 53 150 82 141 53 161 54 114 83 106 144 102 155 95 155 102
1153 4.3134958328141098 -0.37782090893068943 6.148809335042948 51 52 51 0.7683507663775403 128 901 32 512 35 551
3517 -10.942314594920088 -2.589592766785481 -1.1134677223779723 197 193 191 1.2920884622536872 52 71 141 63 54 78 142 133 166 74
3525 -13.098598034644795 -2.8271401000539718 9.544871919847191 52 54 50 0.97557576295880111 53 16 142 15 141 35 135 174 136 113 48 105 82 70 140 52 142 105
1168 -12.902618037965302 -0.99910117206435711 10.54418333968929 111 106 102 0.30994103752673841 99 796 127 718 32 643 123 527 39 868 51 267 47 275
3530 -4.0307954314545436 -0.32128222630504782 2.0908085300361838 19 22 4 0.38904634713004632 53 71 54 45 144 63
1173 4.1690839334489311 1.6954927889838896 5.9112817598730967 51 53 37 0.088454879425274982 128 951 32 675 35 867
3531 -19.010813482360739 0.55383186757075076 6.7080767075958407 22 27 20 0.28092292587659884 49 58 54 56
1174 -13.759969696573533 4.7609836734625306 9.8483340813603295 54 51 44 0.72457370490996253 36 908 32 686 39 985 73 774 33 698
3532 -17.251499937881146 -1.4566712331406126 -8.6760982171875423 125 126 108 0.5040681634411448 49 102 52 99 53 113 82 96 140 55 141 68 142 98 54 70 83 88 144 74 155 76 55 76 56 103
3533 -17.251499937881146 -1.4566712331406126 -8.6760982171875423 125 126 108 0.5040681634411448 49 103 52 100 53 114 82 97 140 56 141 69 142 99 54 71 83 89 144 75 155 77 55 77 56 104
3541 -15.991085084192868 -1.3013055154976862 -7.2766515434359746 70 64 53 0.59523182144739506 82 131 142 126 49 162 52 133 140 94 141 85 54 106 83 104 144 92 155 91 55 87 146 88 56 112 166 70 111 51
1184 1.524347378525424 2.3043666165063361 8.9379773258270721 72 69 60 1.2819845159183427 65 673 32 797 33 409 89 579 80 679
3544 -16.211656204707136 -7.066269981604961 -6.9081571887894606 18 22 8 0.73483917378686581 82 88 54 76 142 82 55 65 54 62 166 62 111 39
1187 2.5033870316735318 3.7423716037328032 8.6518144057457764 97 94 82 0.38097492250418463 65 685 32 817 33 796 125 685
3557 -13.711152838235952 -1.5739731614539421 9.0641320050923504 183 181 180 1.3431006410262938 99 910 37 657 36 743 35 691 127 712 32 503 65 67 126 475 33 510 125 310 41 533 157 558 76 454 135 344 70 410 50 220 47 361 138 308 136 274 51 348 48 211 165 245 49 128 82 108 52 129 53 156 165 305 139 120 140 101 142 138 141 98 54 120
1200 -2.415015061861026 -0.44768339425699316 13.579169502012427 62 59 45 0.41392132786120378 65 906 32 945 121 500 30 405
3562 15.293784409040653 -1.0902933166870563 2.432408046707546 10 14 1 0.94372981217797147 27 62 24 39 20 51
3569 18.549587713588565 -3.4425903429118465 2.5287911626971136 13 21 10 1.1687853833532296 27 426 24 236 20 274 43 226
1212 1.6691014432257163 -3.9409460096086844 10.264355679577442 40 42 41 0.099014554732114859 145 394 126 20
3570 16.618614078754817 -2.9046035088785187 2.5874227467615269 80 79 85 1.3314496418348412 27 429 24 239 20 275 19 294 43 163 21 342
1213 -11.487437260864899 -4.7595456379202847 11.40286037923231 108 110 122 0.77897694054048838 128 23 126 23 45 17
3573 16.100238127567955 -3.6008763707616276 1.5270028698489706 252 246 248 1.0362433196693643 27 420 24 307 20 271 19 287 21 335 43 223 38 310
1216 2.7893236848053999 -1.23453708593135 9.2615431951190743 40 41 25 0.50579380899715098 32 296 126 50 33 298 89 66
3574 18.02194669244772 -3.1465169737791903 2.392724254907602 71 73 60 1.1130819076090046 27 497 24 312 20 277 43 228 19 296 21 213 38 212
3577 16.420514609978063 -1.7877947626243023 1.6602136207663896 53 44 35 1.8951348003991435 27 507 24 324 20 290 43 235 19 305 38 411 25 321 14 209 15 236 12 64 11 226 10 146 109 202
1220 -0.061195739044175732 1.2145749477499055 9.3253654386337832 110 112 124 1.2890064542562296 99 469 126 130 125 136 26 60 130 23 29 39
3580 16.405385163519057 -2.5792181737367135 1.7007125899989326 13 15 11 0.44694402512338521 27 546 24 372 20 354 43 353 19 522 21 516 38 490
1223 2.3490875786760776 1.5383411612863427 8.6985449137343895 84 76 73 1.280329513922791 35 599 126 154 33 151 32 168 80 132
3600 12.021450361418523 0.67506143185451684 0.75501520693073554 200 151 145 0.66089574786936511 24 133 20 146 43 56
3601 8.1348837180197506 0.58895062741153525 -0.037881077089498755 111 107 96 2.0801135122618386 24 194 20 151 43 183 19 210 107 103 105 75 161 287 109 84 110 86
3602 8.0288630340434715 0.57357522868811694 -0.089090075493822668 111 107 96 1.8908985998382115 24 195 20 152 19 211 110 87 109 85 107 104 105 76
3608 11.772541302325383 0.62571144420259162 0.80363732259606102 255 216 207 0.71102950035220513 24 262 20 304
3611 7.2863331411760246 0.83382614615553807 -0.89351894516651253 50 50 56 2.0651251717456729 24 273 20 323 113 485 43 192
3615 8.2500185450776229 1.0825235276760912 0.13101032048745312 54 44 43 1.6416748407634032 24 380 20 381 43 326 19 490 21 468 38 509 19 336 38 251 115 580 110 430 109 224 21 131
3621 6.4572076710654844 -0.67687008242898905 2.2257384068482153 92 81 69 1.8684883623164834 24 393 20 435 15 519
3629 7.9787552579459442 0.87167006103151989 0.2609820829249061 216 207 198 0.96764687423981555 43 443 38 621 20 473 24 441 115 710
3637 11.925790920280336 2.1060450757444111 -0.92368704103895938 121 108 92 0.55982217047096972 24 383 20 328 43 263
3638 11.925790920280352 2.106045075744416 -0.92368704103895816 121 108 92 0.55982217047104177 24 384 20 329 43 264
3639 11.76519755500262 2.1575011330222207 -0.89146705553772365 21 18 10 2.1289831733551146 24 385 20 330 43 136 19 230
3640 14.087487366332413 -3.9387143957927702 0.88965779282352908 54 43 35 0.53781777608212444 24 302 20 345 19 380
3645 10.302577873307159 2.288630709750592 0.72866692996885363 137 130 124 1.0178231118907526 24 422 20 455 43 421 19 588 21 626 38 597 110 511 109 554
3648 13.569388455020736 -4.1667253655154344 0.82919105795169978 88 79 72 0.95830492035945203 24 227 20 341 43 286 21 504
3650 6.0010040641535776 0.86352191972544601 -0.73694871524034411 205 196 187 0.54342234360569053 20 460 27 640
3653 13.570386177440465 -4.5096780781580108 1.019752271386825 222 216 217 0.6972596275521572 20 120 43 7 19 13 38 23
3655 17.3173596527635 -3.5605508009665923 1.9636754943052013 72 70 57 1.0553516306251789 24 25 27 185 43 27 20 39 19 42 20 37
3657 7.9943147864279016 0.42876185747672757 -0.7151417804054061 59 57 51 0.70568053053927537 24 58 43 60 114 85
3658 7.9444881611583087 0.35933343951522145 -1.0287373763936072 50 51 37 1.7627432420871516 20 72 24 60 43 63 114 212
3661 15.470513956508325 0.62550525144470637 2.3297255320702015 214 162 140 1.6433738957513466 20 67 27 91 43 112 19 199 21 93 38 94
3662 8.1035371810186483 0.64764757469212497 -0.052432831912977901 49 49 35 1.7309351772422525 24 135 43 120 19 212 21 237 38 245 110 208 107 107 115 287 105 227
3663 6.9657585664930082 0.5606556353465334 -0.53387489387832698 60 57 48 1.0157807554411082 27 285 43 123
3665 11.90107333379842 2.0114952703529121 -0.82315184945167852 117 89 65 1.0714179160534576 24 286 43 134 19 355
3669 8.7937562860396969 -1.9932490865388262 -2.5300409759205644 140 129 111 0.30163112000943282 20 264 43 156
3670 8.7417302628147073 -1.9145558436505559 -2.8187068567434483 79 69 60 0.062606370222237057 20 269 43 157
3676 8.1122916275755372 0.51634493176435547 -0.9540025002604704 79 79 87 1.9159616962233803 20 312 114 411 43 185
3679 10.608566786416963 3.1241616497698543 0.56438270317479355 49 44 46 1.9090508145477596 20 249 43 207 114 444 21 278 24 221 19 361 110 224 38 274
3680 9.0730253289469225 -2.0407815756981464 -2.6423328355317852 68 59 50 1.1951320703690138 20 268 43 221 113 405
3681 9.2636407951484347 -2.0500756573986401 -2.6825810743071945 135 122 107 1.4716034907657414 20 347 43 222 21 336 38 311
3682 17.54103350356953 -3.5103633787397368 2.3608364918542812 28 25 21 0.7840957364274761 20 273 21 340 19 291 24 370 43 225 38 313 38 406
3687 8.6562996763128499 -2.2859686689142826 -2.7433584632383354 139 126 118 1.464046719715673 20 395 43 288
3688 15.0670810839626 -4.383029419674016 1.8396009626714362 154 148 133 1.7291124987722382 20 399 43 290 19 515
3689 16.860273827795545 -3.2315415737034687 2.3909889629374055 169 154 159 0.93730848198360228 20 401 24 371 43 295 19 463 21 513 38 487
3691 16.554121189039719 -2.5999969399867009 2.7654235151846382 35 34 31 2.1989805369084032 20 352 24 315 43 297 21 344 19 297
3692 17.240549821308836 -2.6599209518990561 3.3337189591423746 126 117 118 1.0541128642886373 20 281 24 314 43 300 38 489
3695 7.3449828785290707 -1.6165856865058275 -0.19760568909545631 57 54 49 0.79196321580238993 20 266 43 349
3697 16.636746031812621 -2.2546127643501692 2.2043417473333315 22 24 13 0.74036318445487748 20 356 43 357 19 465 21 518 38 491
3698 18.03751353171214 -0.92569035215440276 2.0798076934572896 66 46 40 1.4750636526919692 20 403 43 358 19 525 21 570 38 540 25 486 14 453 11 486 15 466 12 350
3699 7.9974075683283523 1.3115786877221198 0.075023391511340951 232 222 212 2.0939209924559146 20 411 43 372 19 499 38 522 115 506 110 389 21 381 38 358
3700 8.4731456358668655 2.015490671351067 0.30433587421206265 212 204 193 1.189476888354069 43 374 19 542 38 577 19 565 110 494 115 591 20 414 21 582
3701 9.2038104487170926 -2.2055460722572069 -2.6829262793410251 62 62 54 1.702785743397689 19 520 38 535 113 532 43 382 20 416 21 564
3704 9.0904266674809033 -2.2836860067621201 -2.7726127560460814 40 43 24 1.6925996242176222 20 434 43 398 19 553 38 557 113 550
3714 10.297408417679041 3.1664488151546761 0.65087120195011994 213 207 208 1.3939686255249666 20 471 43 433 19 605 38 615 110 527
3717 12.130470134883838 -2.1512796761227309 -0.041039985998105169 18 21 10 1.3835201507364747 20 466 43 440 21 653 38 619 27 643
3721 7.9888355239211819 -0.40693832154069981 -0.02656002023950136 120 113 110 1.3518376500631697 43 175 20 137 19 193 24 120
3727 13.625004831599595 -4.1767173096483754 0.84764916784522804 83 69 58 0.7925088828842366 20 342 43 287 21 505
3734 15.911051457768995 -1.9642622298056893 1.7406115759485481 86 89 78 2.0306379403610038 27 338 19 55 21 53 25 64 110 52 38 59 14 63 15 71 43 167 109 48
3736 13.175361760390595 1.0535715792418283 1.4075670054147631 154 112 119 0.22638615717115942 27 218 19 87
3741 9.0609461078128444 -2.2560075860587068 -2.6790212227887062 57 53 38 1.2323160187471263 20 123 19 173 113 235
3742 17.018269343378009 -1.3170174934623633 1.751541298379502 65 57 47 1.0195858118075967 20 295 24 249 19 191 25 324 14 302 15 326 12 204 10 51
3745 6.3553263131054489 0.64771988269925929 -1.2591326472434905 72 67 71 1.510346312703968 19 224 21 371 38 127 114 493
3746 6.5826053009917489 0.7582657416690961 -1.2509976504659102 141 115 87 2.594927451071122 19 226 21 255 21 254 115 408 25 120
3750 7.2497639825341258 0.393168183398452 -1.3943301479357524 74 83 104 0.93709251154268058 43 122 19 329 114 89
3755 3.0281802697691123 -0.095129958201483303 -1.9467466849920823 53 46 38 1.3327730711082022 122 595 19 416
3759 7.613361068550959 0.34876828521646969 -1.0932325735633268 29 29 27 1.1059498606782727 43 314 19 485 21 458 38 505 114 487 161 411
3760 7.4059965130203258 0.51083441181685219 -1.1500948875199912 133 123 122 1.5225798561181514 43 321 19 488
3771 5.9659075924028953 1.922768712666354 1.6872672672856619 88 68 64 2.128923946814155 19 567 107 534 101 310
3777 2.9813524482376641 -0.12134575862621809 -2.0132591829055437 54 48 36 0.93170857900475235 122 488 19 206
3778 6.221851562606818 -1.6114867697386153 2.58622286452308 49 42 37 2.2263296568031614 20 192 19 264 104 173
3793 17.911256761350064 1.6242696805190502 3.279342076762235 99 54 61 1.7161054687609583 19 327 28 318 21 363 38 342 115 284
3796 6.3424281094444446 -1.741732402772862 2.7250415849142549 58 47 41 0.88785480438562425 21 413 38 392 25 380 108 403 105 296 104 171
3802 6.028694902956909 0.32466588822547926 2.3252224666045489 102 74 70 1.1322612090368884 19 526 43 359 21 524 38 503 114 516 25 487 11 487 107 491 108 502 105 417 106 396 12 278 10 263 100 172
3813 6.1729831941955959 -0.81269151071133783 2.4418214654834607 101 79 68 0.99052917885792324 19 281 21 330 122 429 25 302 12 41
3815 5.9271801177325116 0.57138573906042567 2.2081803549741239 95 67 56 1.1046436163765834 19 320 21 355 25 225 107 230
3824 18.224033717604222 -1.1808031163084354 1.9355965656446408 54 45 35 1.2772481833435858 27 351 38 80 11 80
3840 6.9629509694842593 0.93938698905452267 -0.52181543096720806 134 117 101 1.4897784437525872 43 195 115 301 110 295 27 296 109 227
3860 10.59819214072343 -2.8311686174038257 -2.5433290053692095 161 161 151 0.39689532229549651 114 254 115 341
3869 11.460698205994767 -3.0482326231806671 -0.13316317185569673 86 72 64 1.271839377810986 114 460 25 392 11 323
3872 12.453589795376955 -0.25595306090781395 -2.6022614577179133 46 46 36 2.1656924370705899 20 368 114 485 113 436
3903 17.018652125543383 4.0915620248477484 -3.2702666738349335 0 0 0 1.3032092053344242 20 391 21 485
3906 3.3132512685366176 -3.6528150231408643 8.7369994032830807 0 0 0 0.31533091628609938 24 3 118 8 117 3
3907 6.167254588880863 0.36746509644366537 -1.0759562609078226 121 125 122 0.13294170397612459 114 90 118 184
3908 6.6128644336898379 0.41114022544248768 -0.8136875973782508 47 53 49 1.5377973593628393 27 219 114 216 108 237
3909 6.1543710381483621 0.30671247098966381 -1.0413700637061192 110 117 101 0.17717374802018732 114 306 118 295
3910 6.1543710381483621 0.30671247098966381 -1.0413700637061192 110 117 101 0.17717374802018732 114 307 118 296
3911 6.1656170946359294 0.36903872648669905 -1.047329505819907 111 116 107 0.081976509631528416 114 410 118 359
3912 11.449092798972027 -3.2709386452787936 0.11395070718300561 99 93 74 1.0702915536192139 27 486 114 253 110 240
3918 6.1772249250155493 0.87845688481921436 -0.84680198128037598 209 210 202 1.3057183693489625 114 607 118 570
3919 6.1672545888808665 0.36746509644366609 -1.0759562609078202 121 125 122 0.13294170397613084 114 91 118 185
3922 5.5097886151212316 0.71183560015257985 -1.2870891885152187 208 208 198 1.6721382735594159 28 499 114 533
3924 6.225130155701609 0.78038745847322821 -1.0100328324612851 124 124 113 0.12329415897484522 114 329 118 373
3927 15.726832896671748 -2.2550043524397876 1.3005565265143482 141 134 135 2.1306955690521785 20 132 25 58 24 115 110 179
3928 7.312441868388043 -0.85783824587603952 -4.4616548410974888 67 59 49 0.25025849421260182 38 327 25 82 107 82
3931 7.5285034152028709 0.76595968709116613 -1.3062531238969084 51 54 56 2.6748843823567303 21 248 38 351 25 113 11 130
3935 7.8736999464340949 1.1777604493457308 -0.32287820614301865 45 39 44 2.653404552065088 21 258 25 123 110 299 109 108
3936 6.0483935957895856 0.59792396971180939 -1.7571115113207747 89 71 57 0.71963826670162467 21 259 114 332 25 124
3938 7.0646203282056321 1.4544831085848682 -0.68915747804314575 62 71 68 1.4490034246626684 19 134 21 270 38 268 25 143
3939 7.4979021225727971 1.7332067303842298 -0.56111197835441851 54 53 51 2.6029838949802881 38 270 25 145 19 360 115 312 110 222
3940 6.5322997358675323 1.525595383682997 -0.97572880748097934 118 120 114 2.2805945558557923 19 433 21 280 25 151
3941 6.9699762724492844 1.6125367872259866 -1.5628389387883703 44 38 30 0.73877349366852563 107 148 15 153 106 121
3942 6.3933570314048032 -1.7123299838940105 2.8243280844990504 85 75 76 0.56034687614122403 38 290 25 190
3944 6.3065706198871609 -1.4543614870569244 2.6792359176504341 90 81 76 0.75208382802085083 38 292 25 195 19 269 11 19 108 167 104 38
3945 6.1992146076638059 -0.73480329855470683 2.4743705475403885 71 62 55 0.64936221100811109 38 306 25 209 21 331 15 60 105 186
3595 8.2696614598419753 0.73444860970313486 -0.034157709305246427 117 123 114 1.4410329608461669 24 64 20 76 21 121 161 76
4704 10.1835851482002 -1.9821593317598185 -0.12824934188262527 30 31 37 2.6622649256951574 19 384 25 396 15 221 38 484 10 135
4718 12.017562370389014 -3.3613276383297368 0.36810879454659456 41 40 45 1.2587072146534706 11 409 14 365 15 317
2361 2.5498451299027725 -1.3812769258260675 10.054606481456267 6 13 3 0.053681127122439602 131 1024 159 1039
4721 6.0300373194180263 0.11653688418553926 2.3137570073757545 101 95 77 1.9695900940965625 19 524 38 499 15 331 21 447 105 311 15 240 106 202 12 277 10 152
7 -8.5098365617820857 1.3942553085103939 11.952248389720364 220 221 229 0.40439259213666728 65 352 50 282 99 668 153 601 35 583 129 794 39 776 133 782 89 390 123 428 40 797 169 724 134 800 41 453 157 481 80 458 76 485 135 370 122 345 60 312 47 467 136 374 51 439
2364 1.1983318481228626 2.5025179466939207 9.4456474397241887 69 80 71 1.2148871330041788 40 1097 42 1161 159 1140 45 1150
4722 7.0138794092733825 0.27100402935514245 -0.87069220838143691 82 70 90 1.9823839784965394 14 381 15 341 11 438 21 530 25 417 38 431 19 405 12 288
2365 -8.1931146067360245 -3.2150972538630977 12.354322225148019 228 235 238 2.0741092066694296 42 1163 45 1152 159 1144 44 1073 138 517 51 526
4726 6.8697743297078393 2.028737449230309 -2.6723877087704802 43 42 36 1.1471351607272882 107 470 15 371 106 303
2369 -7.984942790335503 1.800907943706705 10.844204415076913 205 211 207 1.2490486575372448 37 175 127 198 153 212 133 489 159 659 133 490 169 615 157 97
3619 7.3561575754765416 1.0613288493624071 0.14093315064753642 118 102 86 2.2024790238223408 24 382 20 408 19 534 38 548 21 578 161 420 113 521
4728 5.8633416612668352 0.40558683650751448 2.1164478421235247 105 98 80 0.59694973806862417 11 488 15 411
14 -9.0770389475544029 -1.914730391938821 12.055779050741972 233 236 245 0.25530726357392952 65 620 50 322 99 906 37 761 36 841 153 873 35 686 128 896 145 923 127 711 32 633 126 619 33 642 129 870 39 859 133 972 46 963 131 981 89 665 125 620 73 620 123 521 42 1022 45 1013 40 968 159 990 44 929 169 782 134 860 134 912 137 890 41 597 157 553 80 552 76 522 135 411 70 569 122 434 60 444 47 494 136 403 51 469 51 492 121 378 48 320 165 303
2371 0.042104468588159312 1.3727893520146393 9.6899212783644693 196 208 204 0.70869880912551275 37 170 39 473 159 656 46 202 42 275 45 260 44 248 169 487 137 585 137 713
3623 8.0343506505967053 1.0861814281122641 0.13790755075269087 220 210 203 1.7057581447167358 24 406 20 439 43 411 19 561 21 575 38 567 21 605 115 668 110 490 109 500
4732 5.755133804981817 1.810725783207239 1.9953892880969126 65 58 48 1.4134994747163163 11 502 25 451 15 428 105 425 107 533 106 364 10 216 12 300 143 268
18 -12.040532827238371 -4.8422357642363005 11.633024294488964 225 229 230 1.3568143699435622 65 712 99 893 37 753 131 971 40 962 159 967 169 833 134 842 137 876 41 581 50 256 51 409 48 253 165 220 49 114 82 117
2375 -11.864823380725865 -4.6698057818282228 11.564442240829337 247 247 241 0.39394055146763285 159 5 44 13 169 2
3641 14.20988147281339 -4.3875343311321986 1.2701926287431908 53 53 41 0.53950027892889196 24 362 20 396 43 346
4750 6.7813831601064969 -1.8494434137660682 -2.3564481333665368 67 65 50 2.0422355709824704 110 149 15 45
2393 -10.366838137510134 0.48044216086726549 10.912311263026529 67 66 53 1.1107984040381038 42 187 159 417 44 436 137 351
3642 7.4393344450410623 0.81938890069828751 -1.2298771915776776 251 244 242 0.10167272083364218 24 400 20 410
4751 8.654135988886928 -1.2453349408990781 -0.45428369366598476 0 0 0 1.0933902666898423 107 320 108 320 115 241
2394 -13.396867098064117 0.34362626817232866 10.176211187967047 79 73 61 0.70555822167288085 40 171 127 142 44 438 42 183
3644 7.8734301355786585 0.8080332364473396 -1.3370361538384565 27 33 24 1.0119957252887088 24 408 20 440 113 564 161 515
4753 7.4431483268320164 0.15773310440965729 -0.77099915437213218 253 238 218 1.2754771759096419 11 354 14 226 15 249 109 387 12 217 25 414
39 -3.9340825819344536 0.053161534930875207 14.428317159433401 169 163 149 1.6074993660898662 65 93 99 134 32 115 129 429 46 116 42 961 46 901 45 943 40 421 40 894 44 734 134 84 41 437 157 265 76 369 135 185 135 423 44 429 70 523 47 506 47 541 136 446
2396 -8.5026539604268496 2.1031102566021187 12.782150206353679 99 92 77 1.5925323937183899 129 213 133 485 44 491 145 254 169 155 134 393 137 407 46 212
4755 14.482270379333794 -1.8880350137793196 0.88062651005114978 39 40 44 2.3191018618392962 14 296 20 285 15 324
2398 -9.4404310380923917 2.1684012076337704 9.4070145667321583 190 182 195 1.556467468245571 39 237 44 511 49 36
4758 5.8855252811184178 -0.74728312420242138 2.2268075001419687 72 67 63 0.13680703650741446 14 53 15 57 105 33
44 -9.2078315685642877 3.272275365553388 10.225526587291814 228 223 230 0.20114372849172985 65 182 99 256 37 443 36 246 153 472 35 231 128 264 145 553 127 245 32 199 126 185 129 522 39 508 133 697 46 513 131 688 89 198 125 194 73 183 123 131 42 735 45 729 40 668 159 684 44 665 169 633 134 713 137 737 80 157 76 320 70 354 122 259 47 326 136 243 51 309 48 240 165 212
4217 7.8129136175154503 0.48602213703832109 -1.0105689014230133 53 64 64 1.5013304517027 20 155 114 219 113 299 19 98 161 215
3651 8.0898317428702153 1.6373262990355246 0.31370507435884332 214 205 196 1.2526069345694903 24 443 20 475 43 444 19 612 21 657 38 622 115 711 110 530 109 577
4760 6.5467667928324182 -1.9514682765234839 -6.3918753011550349 160 165 159 0.5915077343724483 107 202 105 37 104 193
2403 -3.5660402377494194 1.0334068928860669 14.967285968751215 76 76 70 1.064518066912957 35 154 99 441 44 628 36 148 70 536
3110 -13.164063381110987 -1.6614453719875544 9.1428894809890409 153 145 146 0.71357505749005079 135 114 138 138 136 116 48 108 50 100 165 102 49 50 82 74
753 -3.9729122950754312 4.2227528443573821 7.9535410121025434 210 213 212 0.28193817337093491 36 927 65 690 35 884 127 894 33 711 89 739 73 680 123 595 122 503 60 418 121 353 30 250
4219 7.8381762954541809 0.80212015427426575 -1.2516494896219328 28 30 36 2.5857854526894379 20 225 43 130 114 320 113 304
3652 12.822561092462863 -4.2663825998856488 0.4164335243686797 142 142 140 0.9124617093765881 20 5 43 5
4761 12.365316506605252 -1.733428335700901 1.044919355025774 130 135 132 1.2015382135920438 114 49 115 74 105 43 106 58
2404 1.1771970956422231 1.5907207395076726 9.34465317953571 112 115 108 0.96423941574313032 46 233 44 653 137 428
3111 -3.141941958247465 0.34739107814918518 14.656036828166993 148 162 163 0.42983283835306285 134 89 136 122
754 -13.67103431398589 5.9382269033436685 9.3390843031634461 91 88 69 0.4550765200486262 65 694 35 886 127 895 32 821 126 802 33 713 89 834 125 693 73 681
4220 8.4108328747166592 0.94426514125452488 -1.3374441114043727 80 79 84 1.5956627794304818 43 132 113 305
3654 15.796149628073618 -3.2225254767570899 1.5291307523596498 72 70 57 1.4456302018788645 43 26 19 41 20 35 24 22 27 182
4763 10.624787809903554 1.306783618150033 0.48011468596419549 0 0 0 1.736168617036941 20 221 107 241 105 84 113 444
2406 -5.2043759006909491 3.9967133430465176 10.635680769778693 46 40 29 1.2353026487843173 39 313 42 611 45 594 44 681
4765 6.6291018300168858 0.69366973311186431 -2.5614859467006075 55 51 35 1.1925628022179415 21 265 105 96 19 233 38 145
51 -13.657248086367648 -1.3150696128227322 8.560443587006267 99 99 87 0.86031839601849602 65 72 99 403 70 39 47 272 51 152
2408 -12.932268656409274 -2.031452140930357 10.737789412234752 97 86 86 1.1450595700066635 46 883 44 715 41 424 138 222 51 257
4769 16.149287637478267 -3.7136815491930197 6.7505104759025434 194 200 198 1.5479601747217786 115 222 105 180
55 0.3834518082605719 0.83744552263825345 9.0501765246819943 252 253 255 0.96981629566551197 65 121 99 444 37 369 36 424 153 593 35 400 128 447 145 660 127 396 32 344 126 325 33 347 129 456 39 773 133 642 46 630 131 773 125 355 73 124 123 274 42 697 45 684 40 448 159 622 80 94 122 68 60 68
2412 -4.1813165374232737 0.82023285056203399 14.576149604057806 97 99 81 0.29681327987790818 39 769 46 907 44 866
3119 -3.2182762080841547 1.015627197533864 6.2533267655592066 0 0 0 0.66195829800363104 157 113 169 629
762 -13.632946973887401 -2.2401908826740895 10.53347924983256 49 51 39 1.0970857742634665 37 952 153 1083 35 972 128 1088 127 993 126 861 39 1040 46 1066 125 836 41 697 157 621 76 575 135 414 70 602 47 496 138 426 136 405 51 472
4228 7.0604322241154112 0.5932520668445157 -0.27571868549352591 113 123 116 2.0625363280500189 28 389 14 387 15 418
3667 13.474427059230694 -4.3236006506131952 0.79938974646639238 48 50 47 0.3230257814077972 20 187 43 147
4776 6.8118870324195129 0.70875795366333882 -1.4242710499967548 249 246 251 1.7622081488041832 107 247 108 361 105 237
62 -8.6686689264300174 1.1352504644077173 11.026516724312444 220 235 242 0.22546634896156736 65 346 99 457 153 598 35 410 128 633 127 401 126 329 129 638 39 455 133 448 46 642 131 640 73 360 42 705 45 692 40 637 159 635 44 638 169 472 134 533 137 567 157 291 80 101 70 334
3126 -6.7604101305554867 -3.8396747375695539 13.900094748625547 94 100 87 0.59929272818883761 76 509 138 467 48 337 51 489 165 314
769 2.5338523878806498 1.1631936227828488 8.7374558523537118 45 40 37 0.67859614810365454 36 1047 153 1092 35 1021 128 1096 65 877 127 1003 32 919 126 902 33 900 89 904 125 862 73 866 123 771 80 770 122 641 60 561 121 484 30 386 26 523 29 407 130 280 117 367 28 504
4235 8.8047440316198475 -2.2819887152851197 -2.7979855346322307 47 36 44 0.53611406299057351 20 340 113 403
3668 8.9035462455618202 -2.1777480522519124 -2.5175381170527662 160 149 148 1.4112323677233027 20 194 43 150 113 319
4777 5.8024747764060329 1.5286523908572178 2.0877328211132196 94 83 83 0.70577990198417828 107 253 105 240 12 103
4236 13.036493205717921 -1.9924839605926181 0.32656314976932094 32 35 21 0.46020653370869891 114 468 113 415
3671 15.819969446553529 -3.6663667329248724 1.7228070449496899 153 144 149 0.72933042484706734 20 270 43 160 19 180 21 34
4780 6.7458944843508863 0.99221940330036251 -4.4451951705960804 76 72 61 1.5787832001395592 110 404 105 257
3672 16.297460681152128 -3.4102792036519789 1.9958018197339749 118 113 110 0.76426040675600782 20 201 24 169 43 162 19 289 21 339 38 312
4781 6.4878365283684252 1.8367194324932608 -1.0534004615184394 27 33 21 0.096410510623663681 107 273 105 263
67 -4.119046859072764 4.2003063998300192 10.550607747923218 170 182 178 1.590289169172421 65 216 99 552 37 613 128 295 129 718 125 430 30 64
2424 -7.3731550283170444 2.7352222398021611 12.839213947770014 158 153 142 1.0966682840845199 131 246 133 235 40 269 44 283 70 234 47 103 165 128 131 247
4782 6.454033756449463 2.2743053616109412 -0.20006460938624415 89 83 71 0.70038783337985 107 389 105 271 104 242 15 289 143 118
68 -4.2155676273073324 3.9823377546343615 7.9899106387583982 107 109 107 0.31722921443289581 65 419 99 570 36 533 153 688 35 493 128 555 127 494 32 450 126 238 33 451 89 478 125 443 73 232 123 342 80 203 122 290 60 252 121 202 30 136
2425 -11.972123276149624 0.21695716210856039 10.168043026470436 105 96 107 1.5098865636738774 37 95 46 132 42 478 40 166 44 620 37 351 99 648 126 98 73 103 129 612
5323 -21.53794486381333 3.239235544879298 -12.848064214281857 171 162 157 1.678867705826544 52 143 53 159 54 118 82 155 141 93 142 135 144 107 83 120 140 107 83 94 155 40
2966 -11.059012877358336 2.6744963611302168 10.644897880080011 44 39 44 1.1328493516215636 131 513 70 110 76 403 45 876 51 379
3674 7.9888355239211775 -0.4069383215406997 -0.026560020239503389 120 113 110 1.3518376500631497 20 138 43 176 19 194 24 121
4783 6.6717721278525612 2.145449926341858 -1.3982546056688596 44 40 24 0.96060706047833833 107 391 105 274 12 250
2426 -9.9304600642461285 1.3821692716399541 9.0381619586765076 63 56 72 1.6786996575017001 40 919 46 993 129 984 128 205 145 518 33 367 39 783 89 399 44 760 41 629 122 232 122 547 47 522 138 449 51 483 48 284 49 168
3675 17.359604775288403 -1.0336835013798191 1.593395266290861 19 18 9 0.74460677669090425 20 299 43 178 19 311 24 327 25 325
4784 6.8789267709238242 -1.0960819386685676 -2.4372453448366858 79 77 58 0.96227050242162537 108 324 105 308 106 195
2427 -10.371895924152394 -0.01619209737652302 11.616300170337565 75 75 54 0.54098997579950869 126 95 129 609 45 661 40 613 145 160 127 125 46 122 44 611 127 124 46 121 41 51 76 280 135 186 70 49 70 50 51 268
3134 -8.7279427794765567 0.55125845449857047 11.500501870437581 62 67 63 1.5153833734800752 145 803 46 771 42 969 45 951 40 903 44 862 136 205 37 103 145 178 129 135 133 145 46 139 131 427 42 189 45 179 40 173 159 418 44 166 137 352 41 59 157 59 76 52 135 45 70 59 47 60 138 43 51 42 48 53
4243 10.395458289056799 2.8595432263466858 0.39670442835825903 35 40 33 1.847290509340916 20 332 24 354 114 443 113 459
4793 6.766160419015546 0.68559201425579208 -1.4819588210197931 220 221 239 1.8204492494930891 107 446 105 380 108 510
2436 -6.9278674741435964 -3.7566176063480459 13.400263657484196 188 191 184 0.37344939150578277 44 29 169 7 47 8
3685 13.784849204378364 -4.4526044733109762 1.186698873473909 197 190 184 1.0595515683265941 20 259 24 294 43 284 19 375 21 420 38 400
4794 13.470416440219994 3.1250455570016236 2.2929264095059754 119 124 119 1.9471515981563026 11 539 15 476 25 502 105 384 106 362 12 361 104 363 10 282 101 210 102 305
2437 -6.9278674741435964 -3.7566176063480459 13.400263657484196 188 191 184 0.37344939150578277 44 28 169 8 47 9
3705 9.3186047530063849 -2.2896423510888386 -2.5436298964851805 148 139 131 1.6814812047504344 20 443 43 401 19 574 38 558 113 551 21 595
4814 6.6313295034849986 2.4234764937575894 -1.4207596744860256 50 44 24 1.7230827459895544 14 279 105 284 106 143 104 135 101 97 105 286
2457 -5.6719362636154989 2.7828341589170602 12.188390892895995 48 31 23 0.38085905228598754 131 258 169 203 134 214
3164 -7.0441986410306701 1.1776592549927221 12.707250258752715 57 56 60 1.2836425421004742 60 195 126 507 51 437 122 220 30 173
4273 10.251551017581162 3.120525133673953 0.49042027647643405 115 111 110 1.76835831536055 114 138 43 79 19 142 20 103 24 153 113 228 21 162
3715 11.699922078376069 -3.5370313202741408 -0.08530566964540702 42 43 26 1.8638832200816196 43 435 19 606 24 412 21 650 38 617 27 631 114 584
4824 12.212325244496643 2.1472736151393472 4.0179146720484118 205 214 210 2.4274301205863016 109 403 105 378 106 359
3174 -11.638670629863357 -4.5396507829198551 11.033690947755479 84 74 80 1.2668594534335014 159 3 51 9 134 1 49 1 48 21 82 46
817 -11.707442386185765 -2.5394591297328137 11.422747771854024 69 67 62 0.27723778654794007 35 338 128 386 33 48 39 582
4283 5.5194571586639327 -1.2146292463108379 -2.5585509392009933 40 42 25 1.8770464384081997 110 27 109 29 25 34
3729 9.1463741670818308 -2.1926273499090736 -2.6214052394401581 85 77 65 1.4938966147399668 19 27 38 45 113 5 20 16 43 18
4838 9.6487959397655771 0.84152201437785945 0.76736847972679478 35 41 31 1.8094159775578371 11 124 14 234 15 259 113 195 106 103 12 92 104 215 23 147
3731 8.7445668085266011 -1.8803446821644718 -2.6457526725696101 144 134 113 1.2184148307077634 20 25 43 102 19 37
4840 5.7130726788563386 1.1869505384783774 -1.8139065951020428 0 0 0 0.35031367689959747 109 254 110 312
3737 7.7584786849846852 0.3510616065160671 -1.0915049551402716 54 56 47 1.3073151425536307 43 64 19 93 114 213 113 193
4846 9.5192395050011935 -1.2182543148952707 -0.12917242196179882 101 100 105 1.3025299590896031 105 48 106 194 115 247 102 65
2489 -0.87599416414975551 -0.37696844641790483 16.74926938172052 19 18 15 0.94351326503604616 46 604 129 605 169 697
3196 -6.8723776553105154 -0.41689123709321285 15.191890524991845 52 42 17 0.65996602759195322 131 903 121 305
839 3.5580591707004703 0.3935484790403232 7.2470212855587945 85 76 69 0.22093642542401151 36 623 128 623 145 942
4305 5.7192323620023089 0.75460225944967174 -2.5505166245123436 0 0 0 1.5294002696677811 38 456 115 522
3739 7.0052768365333664 0.59354208841565248 -1.1354939257320473 72 88 112 0.86688593812310977 43 126 19 104 38 116
4848 7.3344387747455579 1.581101898352866 -0.84097046761744843 51 49 63 1.5845208489829281 105 334 107 371 108 457 106 229 10 165 104 231 101 80
134 0.35521060391713477 0.73422893408793888 9.1050585325299256 85 84 83 1.6052249124868807 65 510 99 924 37 787 36 763 153 749 128 1010 145 806 127 736 32 839 126 504 33 661 129 903 39 951 46 1072 131 1037 89 555 125 511 73 736 123 542 40 1049 159 1090 42 1134 44 1046 45 1130 134 990 137 1008 80 452 60 194 60 461 121 318 121 393 30 281 26 414 29 306 130 185 117 251 28 374
2491 -11.920064137845356 0.52964613581736153 10.43061679578131 72 66 71 0.88669863264262361 46 435 169 713 41 196
3740 11.061610112149713 3.6175849510578404 0.66993852438385038 111 112 100 0.52049991465366896 20 175 19 144 38 155
4849 7.517059698614216 1.6448108651724382 -0.84490277648897882 26 35 34 2.1631863360957597 107 143 108 376 12 120 106 230
2492 -3.9424607108559533 0.98029456708841167 14.776549019809851 89 84 62 1.1948984223996402 131 622 145 657 169 714 153 589 134 658 157 470 40 625 42 494 47 455
4852 7.4613160777576546 1.8065012106686655 -4.7414302976950795 72 74 52 0.39274735920363324 14 274 105 276 106 241
2495 -6.2520848050028013 4.7209534161636837 12.714548737096282 48 33 19 0.33285907446967683 159 958 169 758 157 516
3202 6.153772528955038 -0.71925464449931986 2.4925444681583371 88 86 71 0.95172124297795546 60 442 122 525 121 379 43 224 21 429 114 463 11 331 113 341 107 307 108 415 14 292 15 321 105 301 12 194 104 61 143 47 27 262
4311 6.3080457058706765 0.77542753902660622 -0.43566339389528647 0 0 0 0.37265259792398542 21 577 115 641
3744 7.3653707396628452 0.63704315870289485 -1.1370004062814423 76 78 89 0.82104416894613508 43 189 19 216
4853 7.0698014361458155 2.1442353603837292 -4.6691865892901925 76 78 65 0.61237233435494154 15 301 106 245
4856 5.1839422989374651 -0.19803674034386745 -6.6318252097129147 138 139 139 1.1062108367752987 15 353 12 226 104 225 143 93
2499 -3.9918050682681221 0.83675296599252325 13.974686723005764 94 90 79 0.22661871830624411 36 761 99 810 169 806 32 530
4857 5.7719005865890871 2.6360833360991558 2.0300319810550111 53 51 34 0.88806410599729879 14 420 106 305 143 276 101 216
4858 7.4596041971598517 2.0973520462435924 -6.2665643471276988 126 131 127 1.4393054377989347 15 305 12 256 106 312
3208 6.045531667715573 1.2673441698460353 2.2562694151224405 94 89 70 0.99943944089125114 60 515 122 632 121 442 30 347 26 436 29 328 130 200 117 269 118 361 28 392 161 367 24 267 27 376
851 -4.8959589635235243 4.4589708664863039 9.668177631845488 147 162 157 1.6653820218369479 35 637 128 712 32 445 125 237
4317 6.7224188583764137 1.4976927736760275 -0.85293296933241214 236 243 237 1.7207881562947456 11 501 25 546 109 533 110 495
3756 15.679999351235058 -2.3616891446587363 2.1650751706167743 89 80 76 1.4156326586000927 20 282 19 464 38 538 21 568 43 355
4865 9.9025467654786006 0.96462393473526098 0.90165459370672896 117 121 107 1.122291503311017 14 386 113 375 12 352 10 271 101 202
2508 -7.8081987189363629 2.2072177101673378 10.17885332711343 189 191 181 0.76971644968860564 159 1151 169 944 137 1027 138 526 51 531 48 370
4866 9.8642741367274311 0.96453543535424924 0.86480048942717425 117 121 107 1.7283129428208657 11 440 113 376 12 353 104 356 10 272 143 329 101 203 100 178 23 213
2509 -9.3257050223798945 4.0206087143624938 10.746512066652594 60 64 45 2.1580314312976365 35 460 145 870 127 465 36 262 129 710 153 272 39 297 133 834 46 695 42 365 45 998 40 544 44 544 169 754 131 539 159 832 134 832 137 755 41 390 76 119 70 356 47 241 136 245
3758 6.0364078066897653 0.49622962593980191 2.3911290923863593 58 41 29 1.2832280269293694 43 247 19 480 25 328 21 354
4867 5.8567950009784573 1.7637929952647977 1.5673885642475287 94 87 79 0.74910672728253658 11 500 105 426 106 363
153 -13.052750683083691 1.9482671154863214 10.130403985087142 102 100 98 1.3698612270184627 65 828 99 1009 32 852 126 837 33 837 76 542 35 849 138 450 51 442
2510 -9.0403546802270718 -1.9868908301368329 11.717201144331003 95 91 90 1.5718338688552094 129 866 159 989 65 291 99 385 145 445 127 344 89 343 125 296 73 479 45 1061 127 708 128 893 129 962 131 1030 159 1043 169 780 134 859 137 932 41 595 157 549 157 618 80 44 70 600 135 452 60 35 47 492 47 533
3762 6.2773543849176887 0.61183677104285139 -1.5664372350284723 241 239 235 2.0185048479534102 43 371 19 498 21 473 38 443
4871 6.6597810364590382 0.89370640913841248 -1.0520064506861875 108 124 124 1.8468319902887691 105 422 107 499 108 513 106 406 104 412 10 307 143 379 101 308 102 343
3764 9.0184975975417547 1.7979907627039207 0.33093182163226298 129 124 120 0.86289956384448985 43 331 19 502 21 476 38 447 110 392 109 412
4873 6.9865264484561731 1.5357134971861905 -1.1274027341961679 27 34 31 1.5196620931004949 105 460 107 542 108 574 106 412 143 337 101 265
3766 6.4468189691876754 0.61916141569347105 -1.140113001945398 38 40 29 2.2646926237793852 19 532 21 538 38 510 114 492 43 327
4875 5.79491398609838 1.8181902280399227 0.18479337396844472 235 247 241 0.29141094308711335 14 407 106 416
4876 5.6464924688809113 2.606409147610881 1.3659883737510634 89 80 66 0.83154452853995975 14 474 15 440 106 418
4877 6.6399206830096897 1.4974238664026651 -1.0699872867487605 236 245 241 1.3055645873084882 105 461 107 552 108 580 106 427
163 -13.4881381695721 -3.2704095791701313 9.2337909265886928 254 255 250 0.99006255853178582 65 805 99 1044 37 907 35 894 127 909 32 828 126 814 33 809 125 790 41 651 157 608 76 511 135 404 47 423 141 78 54 101
2520 -8.6208460601472385 1.06121955878851 11.19865965762583 100 94 122 0.22476885430911783 159 155 134 136 137 132
4881 7.7533076294315197 -0.65640963654408646 -6.0334514620499666 140 140 132 1.0890211288083502 107 559 106 443 10 303 102 364 100 218 97 262
2524 -9.1752883176966442 3.0406660106273757 11.928212332908544 114 97 76 0.84727551678702084 40 285 44 304 134 222
4882 7.9625982948287914 -1.6878335542536578 0.014959355063597336 0 0 0 3.3623257281920913 20 464 43 424
3232 -6.5095871753817605 3.942016718286153 13.419094468693425 41 34 16 0.88300201580872584 45 1048 30 296 40 1000
875 -3.7949520320332732 2.8163075237879145 12.3241514817124 62 57 55 0.55840036653444824 36 970 128 939 123 664 130 196
4341 6.8602752932792503 0.24379939798139769 -3.5882533597413171 51 48 31 1.6283803495003923 38 252 108 101 109 101
3774 6.9212222319544772 0.46225419976327503 -1.1832849975143143 66 83 111 1.8766972841748979 43 409 19 586 21 604 38 594 114 593 25 572
4883 7.5380404732200974 2.500407274389536 0.46177148044409089 81 79 67 1.2707449991088655 15 544 106 451 104 465
169 1.943660128422162 2.2407991018261257 9.2548508029918839 44 44 36 0.71388968169673006 65 779 99 1078 37 979 126 845 89 814 73 756 80 676
2526 -9.5907071549379452 3.2466745017173526 12.044101066756413 110 89 74 1.0316328642909234 46 276 134 234 135 88 51 100 47 113 44 307 121 81
3775 12.86934866494324 -1.2912331746561445 -0.11712585710662002 18 21 10 1.1080406909850342 20 436 19 593 21 636 38 608
4884 39.008352716440605 -21.660166094118612 24.259617336167683 136 145 140 1.9925114198511791 14 531 108 588 115 701 106 452
170 -13.541217324791818 3.6357485941012313 10.218361296301143 98 97 79 1.4990884226242966 65 836 99 1080 36 1030 153 1067 35 951 128 1077 127 983 126 884 33 886 39 1059 125 825 73 852 123 733 157 702 135 510 47 565 136 458 48 345 51 514
2527 -8.9977571259731217 3.0232214801852111 10.609148596700424 38 34 31 1.7700380018289807 131 269 159 260 134 239 157 128
3776 6.2782643646485496 1.5092882003384269 -0.83830766016966873 133 134 128 1.2969439384861163 19 568 21 587 38 580 25 455 38 553
4885 13.015118553390939 0.96140717508454865 1.9020484535376267 40 43 32 1.0048159798395342 15 546 105 481 106 453 12 473
2528 -11.031281207889112 4.0722152099451394 10.734427082077527 92 89 98 0.39079353550766854 159 528 169 239 134 260
3235 -4.2273956956615608 4.4106411936547651 10.640324652723962 64 60 61 0.24230565146484612 145 361 30 67
878 -13.534261535151922 4.4327805042611041 9.7467117241890815 35 36 35 0.7141825611046505 65 786 128 955 127 886 32 806 39 984 89 825 123 680 76 554
4344 6.404671747049222 1.0225977900766989 -3.5212590317088468 0 0 0 0.02086931618702325 21 285 38 165
4888 10.385565528549026 -1.9383660103179159 0.19006018397115038 0 0 0 0.33868186957880492 15 225 19 40
2531 -7.7969921058414702 -3.084431882789882 12.351131518998853 252 253 255 0.42897554633807256 44 386 45 395 134 306 137 493
4347 6.4329343541245043 1.8774144722262465 -0.97986710075477046 188 186 183 2.0474949089474319 25 171 109 149
4889 12.347675953144226 -1.8003949331554481 1.2069783742048432 96 101 98 1.2226283050487328 14 370 15 400 25 399 12 341 11 423 10 255 109 450 110 417
4891 10.429975530815424 -1.1358885351375894 0.32612918770254173 23 30 24 0.79104840931134468 107 327 115 463 106 272 104 197 101 33 102 67
177 -9.8705972159629844 0.84844888837525989 11.648438389552728 111 110 92 1.4685593151408547 65 853 99 1106 37 959 36 1009 153 1085 35 1018 128 1090 145 1133 127 969 32 890 126 868 126 898 33 874 129 1074 39 1047 133 1071 46 1091 131 1070 89 901 125 839 73 841 123 748 42 1102 42 1135 45 1129 40 1069 159 1091 44 1047 137 972 80 744 80 765 76 602 70 632 122 608 60 556 47 561 138 509 51 511
2534 1.5273047196949328 0.86897900483996937 11.356362922230307 44 46 30 0.32079832775686212 40 181 44 173 134 341 137 104
4892 6.3892136162544491 -3.8366429637779249 1.8708571799358416 104 107 98 0.19758496390595465 15 377 106 319
2535 0.99758241869784881 1.0230963997115001 10.053475047395576 135 138 128 0.65828995719288397 40 983 44 635 134 363 45 689 42 847
3784 16.39323923928746 -3.6878319328664291 1.4772386308740086 91 68 59 0.89138491582570278 20 28 24 106 21 39
4893 6.7295073655711013 0.26058304810844379 -1.1350414570946827 110 85 100 0.98736301483653421 105 372 107 431 108 537 106 352 104 297 101 142 143 259 102 178
179 -8.3281411403730807 1.7500345674512796 11.750932513920201 252 255 253 1.1161980503474802 65 863 99 1112 37 967 36 1049 35 990 128 1098 145 1143 32 894 126 878 33 880 39 1075 133 1082 128 1016 46 1093 131 1046 131 1094 125 843 42 1141 40 1073 159 1118 44 1053 50 346 169 930 134 993 41 731 157 712 80 753 76 634 135 531 70 655 60 537 47 577 136 489 51 524 48 367
2536 -0.22655913375646136 1.2236046220398209 9.5011195839488796 196 206 207 0.20654573045906779 45 250 134 389 137 396
3785 10.717914459015905 0.71800682719475828 0.079930602465282219 22 33 34 1.083199797427594 24 62 21 105 38 110
4894 11.998674550122329 3.1015949715578279 2.4821070685571063 199 211 201 0.73180295592301048 15 548 106 458 12 477
2537 1.2279846481374299 1.462565414993708 9.559927827638246 55 55 56 0.33621848736152837 45 530 134 409 137 414
4895 11.998674550122415 3.1015949715578501 2.4821070685571462 199 211 201 0.73180295592301781 15 549 106 459 12 478
2538 -8.8928742798181588 2.8581943189842378 10.733837876002207 61 47 46 0.26991731793660689 145 548 134 427 137 603 157 224
4897 7.1273527156082608 -4.0141615699883451 -2.3059125120404027 146 147 121 0.81456540282479695 15 11 12 9 10 13 101 7 97 103 23 16
183 0.68116959418467971 4.0802182837718473 10.16550047657017 173 185 182 0.61157687183464626 65 870 99 1129 36 1058 153 1099 35 1028 128 1108 145 1161 127 1008 32 925 126 908 89 896 125 854 73 858 123 765 80 761 122 629 60 545 121 467 30 393 26 541 29 411 130 286 117 369
2540 -11.640196764818546 -3.2728746693849349 10.840622299277692 89 99 90 0.22224145867316747 131 365 134 472
4898 7.7051938864590506 -4.2399961805724367 -2.172949066590466 60 59 54 0.87953325685906247 14 170 12 10 104 17
2541 1.4446516613848774 -1.2083888176425419 11.416337364552497 54 57 31 1.3582732850055055 44 704 45 622 134 480 42 936 137 888
4904 18.957334700499235 -2.8409928855679389 3.3083573272380242 38 40 42 1.3334838182239936 11 215 14 199 15 63 25 315 108 321 12 50
190 -7.6113349874340024 4.0298789857506678 12.598673521029545 88 83 64 1.0958649072440538 65 896 99 1151 37 1024 36 1088 153 1135 35 1041 128 1128 145 1188 127 1019 126 919 33 923 129 1134 39 1100 133 1142 46 1114 131 1123 125 883 42 1170 45 1161 40 1110 159 1153 44 1081 134 1010 169 958 137 1029 169 946 41 755 157 719 76 643 135 539
2547 -6.7570101664147248 1.6423577498377531 12.426820234824286 56 49 31 1.3906094440243226 40 807 42 858 44 482 134 544 135 211 159 651
3797 17.203142633052323 -1.291223160351058 1.5841336741571959 25 21 10 1.5234652183288677 20 297 21 442 25 406 14 305 11 231 15 329 12 275
4906 13.052413382498273 -1.3869388587321603 1.3512205890151283 0 0 0 1.0427273518239901 105 206 114 288
2549 1.0844233171699014 1.4558005791993929 9.4961745385833769 115 123 110 0.82858705984294978 40 492 45 275 134 556 137 416
4908 9.0653668284805207 1.2041006039427571 -0.25466994412763944 29 34 26 1.5308196017538309 105 93 12 99
194 -10.473616156767687 1.0743552722446827 11.562451501641592 63 77 77 0.76224495007868498 65 911 99 1158 37 1032 36 1096 153 1125 128 1151 145 1204 127 1044 32 950 126 939 33 940 129 1141 39 1117 133 1147 46 1130 89 928 125 892 73 896 41 760 80 799 76 647 135 543 70 671 47 588 136 505
2551 -1.3982602383419902 3.1273934327499746 14.74346004636797 249 255 253 1.3697641260156956 40 509 169 506 134 569 42 321 45 299
3258 -9.7303285440807592 3.3237564808281554 12.38467993561493 63 59 41 1.3903653379442904 76 215 165 80 47 112 51 98
901 -13.410056585525037 -3.1043991454870392 9.5196549437517124 63 78 65 0.9607388955088183 65 872 128 1113 32 916 126 896 33 893 89 899 125 859 73 861 76 612 135 513 70 640 47 551 138 492 136 461 48 340 165 317 82 152 139 136 52 146 54 122
4367 6.523397232554311 0.26268411286151044 -2.5283057152340604 79 73 51 1.5240283238191805 19 418 109 314 107 112 108 239
3801 12.096622266648197 -3.3621843499310424 0.13373178974797825 94 76 61 1.082458967010123 19 455 27 538 43 348 21 507 38 533
4910 6.4746609593942752 1.0399039709595508 -2.5221902926174917 44 45 24 1.3826385999173847 15 268 110 400 109 419 12 114
2553 -10.004886511589072 3.2268610807583187 11.897071654820536 53 46 32 0.37999344056807699 131 520 134 575
4912 6.8908355322816455 1.5690550587365237 -2.5509113279278042 45 42 25 1.6663451012963382 108 387 12 129 101 87
4913 7.7516694357957387 2.1591727860811019 -4.8090102239887527 79 75 66 0.47306214426305693 105 158 12 147 15 297
4914 11.979735321655705 -2.4076262409649156 0.050791451582014743 0 0 0 0.28486280334038971 114 370 113 260
200 -1.7277454008200013 0.68361297293956869 15.115335893166506 38 36 37 0.12146153319434921 65 104 37 97 70 187
2557 -2.6450413829496031 -0.091580248044642057 5.9617356172328728 100 93 88 2.2186595209693145 35 119 134 610
4915 9.877953074137487 0.27939542410556351 0.17858154254483055 51 34 37 1.8634376393179723 106 96 107 340 12 216 105 369 105 219 10 65 143 256 15 248
201 -12.008198447015607 0.66837354553230177 10.357123151424089 202 205 198 0.71006307508065269 65 115 37 114 153 168 128 163 145 192 33 110 39 157 133 427 46 440 89 106 42 210 45 465 40 194 44 452 169 455 39 439 80 299
2558 -11.990009208532225 -2.6524050709338445 11.086627037208066 100 91 82 2.1721887575414858 42 82 134 622
3808 7.1845335707260727 0.60315570819641173 -4.8655173992526848 62 50 33 1.1673364346506894 19 589 21 627 107 541
4917 7.0316196582630335 1.2757597645302858 -4.5877064438698989 50 48 36 2.0775445135509192 109 428 12 239 106 233
203 0.5349824309791078 1.0767480746924172 9.0948843328904783 165 160 158 1.41234279066298 99 177 37 148 131 476 45 851
2560 0.2922883886878484 0.99329148222573471 10.352103692762553 178 188 189 1.7947772898019767 40 631 131 461 42 846 134 796 44 633 41 209 169 716
3809 15.951308509271406 -3.0548641655993212 1.4888329625880818 25 26 12 1.3503607841785084 20 447 21 631
4918 6.2656620833699277 2.3922612551674023 -0.31165201145268639 64 61 42 0.53190182386186258 15 294 12 251 10 175
2561 0.77363505335647309 1.2365583171028041 10.505286433710751 182 195 194 0.42435058849584051 40 471 125 129 169 609 134 680 45 506
3268 -13.082933652836456 -2.3018052032767753 10.746924363131901 37 32 22 1.0110319646490045 39 928 89 770 135 336 165 240 139 113
4377 6.796839789647894 0.48069130034476226 -0.69382453833195146 0 0 0 2.4681328221416217 115 486 27 374 108 441 109 398
3810 11.631059219114043 3.5396881702790131 0.72973801375436931 34 38 22 0.25923992303463184 19 597 20 463 43 422 38 606
4919 6.4328777221517432 2.8339950384579544 -0.20874042311397378 63 59 55 0.43952094989413193 106 308 12 254 143 215
205 0.58182362365176532 1.3057265327778846 9.4400529021229218 127 122 125 1.6926016413765335 99 193 37 164 145 246 129 203 39 471
2562 -8.4611224504204756 4.632282775094092 12.874454713049218 66 67 59 1.7261261217607462 45 888 134 721 40 946 44 905 135 388
4920 6.3519119907546067 2.7968345297154746 -0.24643325555297366 63 59 55 0.52305156705704492 106 309 12 255 143 216 101 99
2563 -2.7971574018060066 5.1808501466274555 14.446456157884267 46 52 38 0.1560255289765404 42 904 134 731 44 802
3814 6.0556772262554679 0.0402678504971693 2.3390879562070226 90 71 65 0.76963970517767955 19 309 21 351 38 322 11 232 108 334 14 73 12 72
4923 7.8925560491297659 0.25412250587967039 -0.74914380379052647 23 14 17 1.1129786176752958 43 249 12 287 10 68
3817 6.3054923044421436 -1.958319438498026 2.7383752414211928 79 72 44 1.3826103191510821 19 369 21 498 38 387 25 377 11 401 107 292 108 401 15 203 106 253 12 183 143 21
4926 6.4742402392128868 2.2059472718879074 -0.16411552249080577 62 61 46 0.94271011467881149 107 388 12 311 104 239 10 171 101 95
2569 -11.795672361712223 -0.5789709884062032 11.101361689916219 60 60 50 1.1167773770769682 40 889 45 941 46 760 134 781 44 942
3818 5.9666331831302761 0.72402840873178365 2.2866238229841334 81 63 63 0.63194889099192553 19 404 21 529 107 428 105 317
4927 6.3710341549702214 2.2899427608038536 -0.3119792892331455 68 63 53 0.60395177831500435 14 417 107 466 12 312
2570 -2.4959342018918931 0.88792712967646636 13.737534647621603 60 61 55 0.092834889218516861 45 954 129 781 134 790
4928 7.4795835857804498 2.3803852961356733 -4.764753813604214 44 51 42 1.0419633633731913 106 310 12 316 10 233
2571 1.1124308644321603 2.3127851804304758 9.7790759205669886 252 254 249 0.30207947273398589 40 667 42 880 44 785 134 824 137 738
4930 6.648800930022027 0.85315964196685756 -1.1898520087215492 33 41 35 1.4115313344507567 106 403 104 410 10 324 143 377 101 306
2573 1.1261004178606535 2.4656521293076454 9.6868136181376361 96 103 95 1.0310495305008622 44 794 134 838 45 885 137 854 42 887
4931 13.714306057959691 3.1858119109863061 2.3958545982323409 121 121 109 2.0304417095858498 105 383 106 361 12 360 104 362 25 501 10 281 101 209 102 304
2574 1.7212726847735176 -1.3199710382524037 11.339576194987004 61 53 31 0.21993152846481409 42 935 44 826 45 803 134 853 137 886
4932 8.2743354227766481 1.0130658650920539 -6.2848798582661685 55 55 46 0.76400944304553964 15 481 12 365
4934 8.2671512339352997 -1.0167115211454454 -5.2944644396796301 54 58 39 0.92047069158748951 14 486 12 396
220 0.68613382723663052 1.0597508348844107 9.1406137052744452 198 206 193 0.43078372794825281 99 463 37 383 36 436 127 170 89 130 123 93 80 109 30 44 26 55 117 95
2577 -11.554597036766141 -4.3769118843481234 11.329832442641351 97 97 76 0.059142373316281846 159 1037 134 907
4393 5.7392941224496168 -1.1784212112131269 -2.4395304268485623 0 0 0 2.2782427154338123 21 596 115 653
3826 6.249623992478317 -0.93820700260473999 2.5525419912401914 89 75 66 0.82845732151420648 19 276 43 158 38 302 107 197
4935 9.630656520142411 2.4444830534458424 0.17111593052632262 231 244 240 1.984083402633428 106 414 12 411
2578 -8.3792269664591501 0.96755741462894829 11.908881420947081 201 196 202 0.241734177396568 44 951 45 959 169 815 134 927 47 515
3828 6.1687122238409886 -1.6839259921704337 2.4728644233359032 55 47 34 1.8625895135208836 20 189 38 391
4937 6.1422339602514526 2.1603010454849394 1.3504184122786089 0 0 0 0.093177978585623294 21 612 25 461
2580 -5.9446056810522139 -2.0198821320223983 14.599511474950839 92 90 69 0.67785487945982137 37 912 40 1044 134 954
3829 6.2415950660948312 -1.4985928002554934 2.6003275647754176 56 45 38 1.3660930781697354 19 267 20 196 38 396 25 291 11 197 15 208 106 170
4938 8.398177784143396 -2.3947613556845346 -0.88215784460930702 40 39 23 1.0546756115035352 14 362 15 497 12 428
4939 7.3870451511190689 2.0646396001797953 -5.0858770190651725 71 71 43 1.1962159718265291 15 516 12 443 143 410 101 316
225 2.8747819876262763 1.1796170195029263 8.4436922572005351 44 47 69 0.36713343377166641 99 475 37 398 36 446 65 360 153 612 35 421 128 463 145 247 145 676 127 615 32 357 126 347 33 368 129 647 133 667 89 397 125 370 73 371 123 284 80 314 122 233 60 205 121 163 30 177 26 179 29 41 130 24 117 30 28 227 118 235 27 267
2582 1.7265233265703546 -1.4130769095398621 11.65700883713683 61 57 32 0.38180663399636594 42 1093 45 1103 134 975 40 1041
3706 9.2652361674509702 -2.2710247300888837 -2.5481223469123777 148 139 131 1.4937481956772884 20 444 43 402 19 575 38 559 113 552
4815 6.5786627445923358 2.3811251588687146 -1.4371276487917046 50 44 24 0.63379566820670397 14 280 105 285 101 98
3138 -7.8512173536924097 1.8543820445296022 11.295917853413258 116 113 122 2.4801790279646672 99 201 133 209 40 241 136 232 37 173 145 250 133 484 46 204 126 350 35 590 145 526 46 656 65 518 123 557 35 740 42 276 40 482 44 246 137 404 44 762 41 95 41 369 47 94 138 254 138 390 136 71 122 82
781 -8.2129763042300699 -3.8548057106677054 12.280928512591325 208 217 215 0.22728497336310818 37 19 128 35 145 45 129 34 39 375 133 354 46 374 131 578 42 413 45 385 159 556 44 374 169 408 134 463 137 482 41 155 157 4 70 1 47 11
5356 -17.27791461570078 0.92743440709022662 7.9624934440337967 80 86 92 0.057722033492172399 55 55 146 77 56 88
2999 0.92717854777896158 -2.356150297733556 9.3978926816508146 100 99 77 0.58376598686434666 128 979 60 434 121 370
3422 -9.9861964148404532 0.80018665143079637 10.742105069351261 10 26 12 0.035389012384241643 138 52 49 59
1065 -1.7192581831887142 4.0399228374263645 9.35769199641725 169 187 183 0.85548189228783689 65 411 128 545 145 590 127 487 32 443 125 233 26 117
4531 6.5548110860511111 -0.38173797930062509 -2.4333271353759351 80 73 64 0.61035903924756574 11 237 38 418 108 229 14 217 105 63 104 83
3990 6.7739704335521091 1.4960484560544085 -0.96730595195365121 34 43 24 2.1044863986858147 21 642 25 589 11 573 15 510
4945 11.131707255419498 0.74658537604716524 0.69930072512881325 26 34 16 0.57474723827941399 106 444 12 461 10 344
2588 0.47055543281180873 1.0218177428387349 10.410538376080185 176 186 188 0.83776535014655218 46 636 45 687 40 792 159 626 44 752 169 717 134 797 46 912 169 817 159 770 137 700 137 819 41 553
3707 9.1606055092049576 -1.9848488038715917 -2.5318484167719486 61 49 37 1.5034477216827957 20 446 19 577 21 617 38 585 113 553 43 404
4816 6.697690049762878 -1.5223731614423663 -2.5438348639947246 20 17 12 1.4737817036644456 15 398 109 518 11 526 107 485 14 441 105 413 106 335 12 337 104 345 10 197 108 530 143 308 101 178 102 236 100 164 98 199 23 172 115 630 110 453 21 594
102 0.58771777379284773 -2.6851546970394899 9.4877357720296605 255 252 255 0.49446985336408711 65 269 99 761 37 623 36 562 153 537 35 514 128 580 145 749 127 515 32 480 126 439 33 481 129 730 39 844 133 850 46 863 89 314 125 271 73 298 123 366 80 243 122 307 60 271 121 213 30 202 26 333 29 240 130 174 117 232 28 351 118 391
2459 -8.6699165182740483 0.41295184329261181 11.238269257079008 68 55 77 0.39562788160659246 159 111 169 297 131 144 134 98 137 347
5073 9.5327652900020166 -2.496789769226734 -0.34940746619639029 140 140 135 0.42045002419668254 113 241 161 176
4946 5.4728469989599136 0.33748807123140667 -1.6938643379627085 142 167 174 1.6512478670107777 14 533 15 542 12 470 104 467 106 454 143 444 101 368
232 2.1358873923073389 2.216363449416515 9.3269210025321811 57 63 59 0.35436832036712218 99 514 37 433 36 485 127 236 126 178 129 688 39 678 46 824 131 827
2589 -8.8902966865597222 2.7218333195453308 11.627968395243439 161 162 154 1.8334196850574391 39 248 129 248 153 233 46 254 40 277 134 706 65 524 99 840 42 991 45 874 137 727 121 75
5075 6.8473382398538156 -1.0797277562992864 -1.4002599500078183 127 129 128 0.29093029526080849 118 330 161 188
5078 13.217351056443578 0.18950341661754669 1.9685079647259542 58 58 54 0.97742704003321212 114 203 161 208
4537 7.2968808289952314 1.2171803572854194 -4.6368321982432184 65 68 44 1.0685049038416681 107 268 108 276 106 125 11 381
3996 6.5332308098968896 0.091238175040579642 -2.4700842295419276 77 72 50 0.96362542709226773 19 411 21 459 38 433 25 335 11 359 115 483 109 397 107 348 108 352 14 233 105 224 106 213 101 57
3839 6.2508838063426708 -1.0841376391163369 2.6209719327032288 64 52 37 0.73893089943160351 19 272 21 311 38 297 26 30 43 97 25 203 107 192 14 39
4948 19.63334283897894 -2.099260533739788 3.9590039287523138 87 90 81 1.9662128034562731 11 221 14 205 15 73 115 369 12 59 25 65 106 197 105 205
4123 3.2918003433563046 -0.11688369804000481 -2.3003779593575371 155 146 115 0.14305555649614132 43 196 115 410
5206 2.6206728175515517 -1.9531516277177485 -7.1462999332993205 153 154 148 1.3133327900469829 101 288 102 279 100 158 98 194 23 166
4665 6.74404954043343 0.69347069101516157 -1.0649942109096995 46 48 50 1.3552239775914312 107 354 108 359 105 234 106 221
4825 6.4725256732203578 -3.2814349452498615 1.8980335008240368 102 100 99 0.74919070868602011 15 447 106 321
2468 -8.3706853397976264 2.7461240634545336 10.663851463104846 70 55 32 1.6251525169288077 159 677 41 122 76 103 39 262 48 84
3432 -15.885214717239428 0.59878920586274997 4.615240820648423 151 154 148 1.9967810624341491 48 327 49 166 51 494 165 322 82 112 140 84 140 97 52 110 53 133 53 158 142 118 141 76 50 182 54 98 83 92 83 113 155 100 155 104 142 101 55 89 55 96 146 94 56 107 166 72 111 47 111 56
4541 6.2651421268193452 -0.85437687001597007 2.6297938492859325 88 82 69 0.3753928894888624 107 200 108 310
4538 7.224520966117419 1.9600321829665539 -2.5468817626238316 38 35 18 0.94978414589397142 107 278 108 283 14 270
3997 8.4359390080149002 -1.1272240554520254 -0.44989598319815821 99 96 91 0.66647719464212196 43 354 25 529
3118 -5.4978809285398036 0.4370483732144716 4.9864406770248246 91 100 92 0.38184515721956191 76 301 136 217
761 -14.103384436427746 -2.8962537944876328 9.080497207371252 255 255 251 0.93361531498001415 65 848 35 970
5336 1.4503031386855998 -0.91667016153860859 9.9255692384075314 26 20 15 1.2812978166711717 137 1020 36 844 153 874 35 822 128 899 37 953 145 1012 127 831 65 738 32 738 126 740 33 646 129 1024 133 1103 131 1089 89 779 125 727 73 624 123 525 159 1126 80 559 122 534 60 361 121 303 30 274 26 399 29 297 130 140 28 363 117 239 27 499 99 1049 145 1083
622 -4.3469162225909352 4.4294170636404511 11.962372189968933 68 67 75 1.1209257758712272 99 863 153 804 35 629 36 686 128 697 145 988 36 801 127 647 32 427 126 212 33 431 129 830 133 952 89 225 65 207 122 124
4955 6.3395799709351364 1.6581777733335814 -1.0859941921946774 186 196 188 1.5230084057265851 105 129 104 122
241 -1.6608953921244733 4.1123415679283628 9.9640982559017921 110 119 116 0.10230565982649351 99 558 37 472 36 292 153 310 35 269 128 309 145 588 32 232 126 223 129 721
2598 0.39866804307414294 0.80919659645240893 9.0377293338180476 101 96 88 0.43403330588385464 134 118 169 453 137 109
5090 9.3843082853561874 -2.2298269464173917 -0.67966748499933805 84 70 61 0.019278438968226726 113 406 161 318
3854 7.1927686553017729 0.74162262662644607 -0.91081319453250509 82 92 84 2.5583978070284155 20 84 114 109
4963 7.2824082922719624 -3.8912369952149817 -2.1662160752458868 97 105 94 0.6968361250386278 12 265 104 270 143 228
3730 9.1985878545300448 -2.214962032490031 -2.5214527276498431 136 125 119 0.51570803194665515 20 195 19 28 38 43 113 131
4839 7.1515515118496253 1.5911733010530473 -0.9461009214135131 244 249 252 1.7863296705784122 105 254 108 378 106 112 104 120
125 -14.02422792565944 -1.8630094414239053 9.0807620977559687 157 159 172 1.0507504271729742 50 219 65 617 99 907 36 843 35 687 127 709 32 634 126 618 33 641 125 617 49 98 82 107 52 128 53 145 142 131 141 82 142 122 54 102 54 109
5096 6.0517162252655492 1.116934427051216 2.3464949235305856 0 0 0 3.1566359631443133 43 364 113 479
4014 6.1786023958022458 -1.4844143648597588 2.5341581247412281 67 68 63 1.5078285027832579 20 197 11 198 12 188
3132 -11.600446969884723 0.71254925502136679 10.417505586427415 89 87 80 1.4009996048150317 46 151 131 156 40 198 136 54 157 71 76 61 47 70 51 52
5350 -14.7473406075916 0.22099685191362681 5.3902871180579917 16 20 21 0.59261712550892642 142 75 55 51 146 33 56 70 144 30 166 44
2993 0.47312335731815663 1.6818001154993238 10.375546672837887 172 179 163 0.79588443770480155 65 763 73 747 80 588 89 802 122 471 123 559 125 656 60 391 121 329 30 229 26 422 29 315 130 188 117 256 28 432 118 415
636 -4.9217966818562111 4.1331949357781035 9.5002220852757304 93 103 103 0.68284587565674737 37 824 153 943 35 778 65 557 128 841 32 694 126 693 89 727 125 679 73 560 123 586 122 389 60 410 121 344 30 246
4008 7.0569297283478809 1.5883326735478431 -0.77408869402988245 245 250 252 1.7027818062726781 25 266 11 160 109 245 14 129 15 148
5117 8.0516444297562 1.3005999366084524 -0.127089383138309 91 85 79 0.52802363262210672 113 566 161 503
4990 10.921909465289765 -1.4107977361847266 0.61182968818548378 68 72 58 1.3224453097548989 12 58 109 197 10 45
2633 -6.2502887862916179 3.6052489344619518 12.980306185769047 34 24 15 0.3818817032582747 127 446 137 735 33 413
4862 6.8136233680145866 -1.4735626897882073 -2.581946038993145 151 145 128 0.98559551166730097 14 444 106 337 12 340 143 244 143 314 101 182 23 205 97 218 98 238
148 -7.9204705247324148 -1.4365395036662534 12.878456806945593 81 66 71 1.2037629132100189 65 737 99 993 37 848 36 952 153 972 35 906 128 995 145 1088 99 1053 127 923 32 743 126 822 33 743 129 1026 39 997 133 1030 46 1025 131 1066 89 778 125 726 73 721 123 634 42 1095 45 1106 40 1045 159 1108 44 990 169 908 134 977 137 991 41 698 157 661 80 643 76 576 135 487 70 623 122 576 60 490 47 552 138 495 136 462 51 503 121 421 121 451 30 356 48 347 165 330 165 339 48 359
2505 -10.767371631097163 3.0428018708260298 10.957919160234336 73 70 53 1.3544458272173632 159 1136 169 901 134 967 157 681 135 509 136 487
4037 14.185182038559258 -1.2280089102027154 1.8271141821749708 23 26 19 0.93174299730806465 20 360 24 248 27 345 110 353 14 300 11 340 15 404 12 274
4735 8.3488453320171843 0.10675010361620958 -6.3284657197602225 133 136 116 0.70322056968075763 14 488 15 471 107 495 12 356
2378 -6.0378452852433711 -2.2589566422739291 11.12746106294918 70 71 73 0.98087748359678206 42 67 46 40 44 57
3085 -6.1700596901108815 2.2982329466039189 12.724350991361117 145 68 58 1.8065427693246727 76 397 138 395 70 554 136 380
728 3.4660174675571085 2.1805578881635901 6.9794663587346371 53 49 37 0.41634022585622049 65 186 35 627 73 188
4194 8.8937089402079472 -2.3896189855602818 -0.75667119533954763 206 205 210 1.1459925737961214 114 4 113 128 161 119
4992 3.7685278952278707 0.67500555554025254 -2.0390311877981215 28 39 34 1.8184169373393031 108 581 10 84
278 2.4066179634552718 1.4515059108565458 8.4857854945753175 155 161 147 1.8122151886304054 99 938 37 808 36 647 145 966 129 914 39 964 133 1006 29 141 130 85 28 172 118 172 27 361
2635 1.4033014490422129 2.4638459444057479 9.7646412132060956 95 101 91 1.0402868725624057 42 746 45 886 137 746
3702 17.39461418691214 -2.7470575534429482 2.3727711525734589 26 29 19 0.64893854182035227 20 417 43 384 19 557 38 536
4811 8.2653929768567647 1.4426484105007857 0.11011415281632765 34 40 28 1.1637028836500534 11 590 14 528 15 547 12 474 10 354
2454 -7.5096340848047642 1.6727312889410555 12.845225997486791 75 64 46 1.4995112354911895 44 479 169 149 76 200 70 92 70 220 131 200 136 228 51 291 137 391 165 207
5068 13.461594176931406 -0.13726632824314897 1.8850519187147032 99 102 97 1.6330127425483032 114 201 161 139
354 0.47956134641989873 1.0782924595654066 9.0646692939185662 109 117 110 0.28843663486966065 37 385 99 178 36 177 153 189 145 227 129 474 39 636 128 190 133 656 131 783
3986 8.7200669295976567 -3.6689895079470318 -5.254096306002987 31 30 27 0.88607696404058967 38 582 19 570 109 515
3761 6.1063149352180126 0.59217616511325677 -1.2857717350448372 255 255 253 1.6288498472447508 19 494 38 512 114 557 21 542 43 369
4870 6.6597810364590408 0.89370640913841304 -1.0520064506861864 108 124 124 1.846831990288796 105 421 107 498 108 512 106 405 10 306 104 411 143 378 101 307 102 342
5127 9.7936192931692894 -1.8710563068567307 -0.16678142223300485 46 37 22 1.6951404381368764 113 462 161 440
4586 6.181953541948312 1.7477010430829865 -1.0105973681397391 0 0 0 0.01658395906260323 11 297 25 368
3988 7.4832867753832994 -2.042378615770934 -4.7826928568856353 24 22 9 0.46319556007002594 21 614 38 583 25 580
4872 11.872176034857416 2.4761877670593724 0.97595119310703982 33 40 30 0.6917638155927216 15 427 106 411 12 407
5129 9.3461795865715089 -1.8639118867449469 -0.24788471574660351 27 30 21 0.99192722419355683 113 568 161 510
4588 6.5995557125331699 0.8795757589705695 -0.89499300025433459 112 114 116 1.9699587468884303 11 142 109 473 14 249 15 351 12 402
4047 7.1294137354571081 1.0347731986469573 -4.5401902578665796 74 71 58 1.4399183714753101 19 439 25 360 11 377 107 372 108 270 14 327 10 90 143 104
4819 6.1634849905924716 0.42480363603988819 -1.2463401090424739 168 177 172 0.71139477847909149 107 350 105 228 106 219 104 219 143 193 101 67 102 181
2462 -8.3062491694446621 1.2407993291806296 11.870092853442355 192 193 177 0.45838871411191118 40 213 42 238 44 220 45 488 46 166 169 333 47 206
3169 -13.646830586682256 -0.53269310086699972 10.29641087232948 100 92 76 0.50112326904730575 126 912 51 504
4278 6.4692764667874449 -0.078824713794538315 -2.452751990325639 54 50 25 1.3177588923126584 19 323 115 388 110 202 25 229 38 337 21 97 109 309 14 92 15 107 104 93
3994 6.1433315538985518 -0.44432633451667475 2.3919729809678945 21 24 21 2.0053723442337672 19 390 25 316 21 432 114 467 107 319 108 419 105 196 106 267 108 418
3769 8.0379924069633635 1.0852202487236682 0.13029992957859507 234 228 220 1.984093346869807 24 407 19 562 21 576 38 568 21 606 115 669 110 491 109 404 109 501
4878 5.554710854200045 2.2294596171164507 1.8203684411150505 53 52 50 0.59921830470049287 15 486 106 428 12 374
2521 -5.4938276537669894 2.9913534819102612 13.899069105543909 137 128 121 0.1519497040091736 134 208 136 158
3787 6.1378783292970622 -0.96484624045630896 2.3894631674401698 72 55 49 0.96289602287598752 28 39 43 19 21 200 113 20
4896 5.8697439765634734 1.7455235893851677 -1.0656756523998923 0 0 0 0.58365135627754228 11 592 14 530
182 0.046523871487893331 2.2300716653862493 10.066404182850263 175 184 178 0.44259421046299646 65 833 99 1123 37 978 36 1027 153 1095 35 997 128 1074 145 1154 127 981 32 903 126 842 33 846 129 1087 39 1078 133 1117 46 1100 131 1101 89 868 125 821 73 816 123 727 42 1159 45 1148 40 1095 159 1137 44 1069 169 945 134 1004 137 1015 41 746 80 720 122 618 123 756 60 541 121 464 30 373 26 528 29 410 130 262
2539 -3.6927132609908404 5.2170359397320656 14.15680842001761 44 51 42 0.19795750874532403 159 317 134 457 137 271
3503 -13.764505210456822 -1.8576682861266105 9.3932195429132452 24 21 14 1.6523979823701815 49 126 142 121
1146 1.365663514392248 2.5398813990110916 8.9614630370292723 166 160 148 1.0286245907187823 153 645 32 402 35 617 121 82
4612 6.3472178417298251 2.3861419467444485 -0.23958480544326241 89 88 74 1.0862247700156107 107 393 14 155 105 282 12 146
4071 6.1600739916246434 0.16624382758746117 1.9118077545057532 104 99 88 1.4419187621676626 38 563 11 529 106 395 12 398
3703 8.1840783787278379 1.3994562642790962 0.203194849469718 228 218 206 1.0959210902760368 20 428 43 390 19 563 21 608 38 572
4812 6.5071060316138256 1.0023554735658637 -2.5550735783021734 42 41 23 1.1616076498777304 25 449 11 372 105 247 107 368 108 257 106 108 21 551 38 526 19 430
98 -11.351732213865686 3.9932713081052125 10.907960817202374 96 92 77 1.1994237674393433 65 543 99 712 36 677 153 793 145 983 32 211 126 546 33 689 39 521 133 701 131 831 125 203 42 884 45 883 159 824 153 649 134 825 137 846 70 476 122 270 123 138 138 269 129 700 136 177 169 520 51 393 48 183
2455 -6.3395823101668505 2.2984173792224953 13.078722583698339 192 113 109 0.72525276962281104 44 260 169 165 157 209
4271 6.1717623762113112 0.5148594501039514 -0.83235840019357676 0 0 0 0.97856933671638546 114 611 118 568
3419 -5.8503784842319932 0.38108350619957387 4.5835922549790027 61 69 55 1.0037064237819113 48 66 49 22 82 37
1062 -9.8962946700787722 2.408867574771151 10.145405730748609 194 203 203 1.7041965144006908 65 378 127 436 33 168 89 570 73 661 138 454
4528 6.1997082803574779 -1.1085156925868203 -1.2344594978166492 130 117 104 2.1790358907291791 110 163 108 189
5199 6.9300783295120247 2.1048858861674158 -0.34508646039855917 40 39 23 2.0615739347271753 12 307 143 273 102 199
4942 6.0487225940106049 2.5892288707714712 1.7424082982448683 94 85 73 1.176277997338707 15 528 105 475 12 455
3087 -10.337867679604365 0.79254172798422717 10.939408723288787 69 71 61 0.39313624545840636 169 810 138 437 165 281
730 -12.13584353524368 -8.3881236470516409 11.2399228558718 75 75 75 0.43031746304937979 65 576 35 649
5305 5.7085506793394929 -4.5164002546105557 -1.6105549215775812 70 71 65 1.5576448299107106 98 226 23 197
2948 -8.9742082085703654 4.1743034848784539 9.6060643436688924 57 58 75 0.97229255675038961 39 835 125 675 126 792 122 493 60 481
591 3.5712181225668065 0.76182598541890734 7.2028375494464134 79 80 64 0.69592535018956503 99 821 153 597 128 456 35 582 145 811 36 174 127 404
4714 6.48031074301809 2.290073720543905 -0.18704657489935053 90 85 65 0.43450722455430241 107 390 15 290 104 243
4971 5.7695129657381736 2.1209787690188366 2.005632538690691 96 83 64 0.99100616584896384 12 367 14 405 104 366 101 212 25 510
4953 28.433480079884287 -7.8155194634683234 14.624322865964709 172 180 172 1.2879683101512276 19 169 104 33
3303 -1.7706637825986147 4.7245964576445019 10.233323989171396 244 238 248 0.4940407308168891 30 350 60 518 121 443 122 596 26 514 29 379 130 246 117 347
946 -2.6856545816244695 4.5212710492270034 10.218823666786601 142 153 157 1.7856150733898175 99 561 145 378 32 235
4412 10.591692097481946 -3.0281574695005498 -0.0063997070126842956 51 58 45 1.5523437084998573 25 26 14 28 110 151 109 20
4820 6.6857246788131537 0.24217389033391024 -0.96821977959661054 35 33 34 0.577511055985928 43 115 107 342 105 318 106 211 108 86
106 -13.409731253881398 -2.9822130633940973 9.8466231882547088 178 183 192 1.733860650660483 65 275 99 773 37 643 36 579 153 718 35 530 128 759 127 528 32 488 126 450 33 496 39 853 46 880 89 510 125 279 73 308 123 512 41 589 80 545 157 539 76 444 135 334 70 395 50 165 47 351 138 299 136 338 51 252 48 209 165 237 139 111 140 65 52 105 53 139 142 114 54 93
2463 -8.494583617772296 2.2854253696034807 12.624306023489121 105 101 92 1.036471799789646 45 272 145 683 169 353 137 410 157 103 76 393
3427 -19.397162822025766 0.64334000683183457 7.4886225060896674 32 37 15 0.069265034923247842 70 208 49 60
1070 -13.342587027812877 -2.9229994197924625 9.9183910787812035 67 71 52 1.5381074726223283 37 644 127 531 32 489 39 733 46 726 33 43 89 325 80 414 138 135 136 188
4536 6.4535407609109212 1.4699897464654108 -1.7373586169492508 247 253 244 1.6870994734306215 38 382 108 274 105 125
4950 8.937031955274966 0.43047118120964351 -0.83454335029296856 17 33 51 0.98462147424148538 107 346 12 221
4409 8.3146475873290573 1.4230073969329395 0.051011133773108897 44 42 35 1.4425814048806525 21 646 43 428 24 432 20 459 43 419 19 596 21 641 38 605 25 608 110 518 109 570 106 456 104 471 161 502
3693 11.25902557863596 1.547496488804837 -0.8837814008132453 49 49 50 1.2985368500830132 20 427 43 328
4802 6.1700088221788265 0.44117163770158341 1.9178916926595131 97 93 88 0.46054934956985394 11 532 114 543 105 441 25 535 104 409
5343 -17.243184056532449 2.3658353237759857 -8.1399720183665725 88 87 67 0.76141962785834327 52 56 53 58 155 57 141 72 49 112 111 21
2986 -4.0854466039262753 1.0653164388106775 17.256516674338322 71 78 61 1.0640155275314094 33 341 32 336 26 271
629 0.69122292497000715 -2.2567870016748008 9.5525910007478974 47 39 43 0.88218863345116372 36 834 153 863 35 678 65 605 128 751 127 813 32 720 126 724 33 629 129 1014 73 465 123 513 73 610 80 415 122 423 60 436 121 374 30 269 26 391 29 242 130 176 117 283 28 418
3977 5.941580345590066 0.99053351498692421 2.2165421356485844 99 88 68 1.2496925449796616 21 534 25 493 19 529 11 441 107 439 14 388 15 345 106 354 12 290 104 298 114 521 143 263 101 201 102 180 100 130
4712 7.426956222765023 1.5203262155150767 -4.6973103312297679 41 49 28 0.97540301951747321 14 268 15 286 105 341 11 462
4117 10.421308739670291 3.0925927831074382 0.48325603553834823 0 0 0 0.93321642231246249 24 152 114 340 113 315
5226 6.9707401261456647 -4.1582291087726952 -2.2986283003004946 49 54 45 0.60266759986105634 101 225 102 271 100 148 98 186 97 207 120 73
3576 16.447434898895878 -1.7966144611284711 1.6708759814242757 53 44 35 1.8045618196068653 27 506 24 323 20 289 43 234 19 304 21 439 38 410 25 320 110 264 14 208 15 235 12 63 11 225 10 145 109 201
4685 3.9949107283509839 -0.70646548940240106 -1.8987013174661849 104 114 105 0.2105905624660408 21 189 15 64
4715 7.6330720807319006 2.1228976238167432 -4.785319780639421 75 72 60 0.52089362757538826 14 345 15 298 105 159 12 148
4972 4.276967167521966 0.7092256783528279 -6.7865228197033733 181 177 182 0.87546444803095225 12 376 104 372 10 231 143 347 101 215 102 202
2615 -8.7765506621308322 1.080833108070635 11.225829346076226 242 253 255 0.5403504716362888 40 458 42 511 137 374
3718 12.378129842332356 -2.2171840697348437 0.016295992233314995 18 21 10 0.65279958386854897 20 467 43 441 19 610 21 654 38 620
4827 7.2799827271364759 -4.3333523719025813 -2.2786401306805621 51 55 45 1.6244016291622942 14 1 106 6 105 0 104 10 104 11 10 9
2470 -8.2720800591135877 -1.7699697512586559 12.141532773987475 180 185 181 1.3049213255200687 42 112 131 94 159 63 137 315 50 158 136 20
3177 6.2943055389808347 -1.0481887725173564 2.6239334280577626 87 92 83 0.60460678398788525 60 155 122 176 121 16 30 19
4286 8.6038631844119973 1.3593507471347985 -0.64727512109422991 44 40 11 1.2881365197101098 24 211 110 114
5084 12.655881034102199 -2.0964350951118069 1.6080996926827198 141 142 146 1.4650526002679378 114 278 161 255 115 234
4002 6.5566697610218476 -0.11549353651673294 -2.4517264263020784 81 78 61 0.93034690443494972 38 237 11 104 21 230 115 386 110 276 109 73 108 79 19 322
4957 6.3689550646732114 -1.8101945040047802 2.7339295169310494 85 86 70 0.82896901054401984 25 189 38 390 104 170
243 -0.22113104552382942 4.0325764924221517 9.68571940192383 207 213 211 1.2837301083277659 99 312 37 476 36 300 153 318 36 299 127 659 35 636 32 583 126 226 33 589 89 593 125 439 123 473 26 102 117 115 117 165
4061 6.5536535106704816 0.30138799042641523 -2.4867407477549452 50 44 29 1.323842257793272 21 536 25 494 11 495 19 530 38 546 110 429 107 442 108 446 109 499 15 419 105 375 106 357 12 292 104 299 115 620 143 265 101 68
5066 11.581456629889766 -2.5414740518933994 0.59753341497396195 82 59 53 1.6495408178787327 114 168 161 125
352 1.4761596981530183 0.93942139000619829 9.7535449221864923 166 165 144 0.22656044886055016 99 452 36 167 145 504
2709 -8.1789519973994942 -3.3324954276348397 12.490803541720387 238 237 232 1.1550392387566455 40 45 157 14 138 14 133 39 48 13 165 10
3984 8.3445977839870302 2.6712129775858831 1.2088070626319216 150 140 141 0.20128791965613058 20 248 25 548
3131 -14.010652158328604 -2.3097299860712273 8.9812419307025806 249 254 249 0.18592451841780502 47 586 136 502 51 536
4240 8.1590659635694092 0.53046697291997424 -0.82195130315491194 43 58 61 0.007733762498653202 24 338 113 440
5349 -17.096674841092543 0.14200792413084268 5.961499661059972 100 108 111 1.1068229368177884 83 32 155 26 55 26 166 23 56 29
2992 2.5214851912062124 0.93037073383750701 8.730405396181073 69 73 55 1.2143936543528029 89 704 122 465 125 650 60 383 121 323 33 544 30 224 26 417 29 310 130 152 27 549
3859 6.2224129724907247 -1.1956932857728888 2.524349150492204 76 72 61 1.2085672183191858 21 421 114 252 19 377 25 293 38 295 107 296 108 305 104 46
4968 4.3246036004177979 0.77234590764716893 -6.8064248163140073 131 129 136 0.90265088901216284 12 314 104 312 10 174
2611 -8.9695393286268938 -1.9509194483557004 12.549620049821131 173 174 168 0.191503509577302 45 91 137 312
3719 8.0770481580665425 2.1882637024892144 0.58281129615934324 148 142 130 1.5687166045460377 20 476 24 439 43 445 19 613 38 623 21 658
4828 7.7873779253277711 -4.4223426826315277 -2.0758707250513493 148 150 137 1.248703683868793 14 4 106 9 12 6 104 156 10 122 143 141 101 111
3151 -7.1211186175271539 2.4051860708737407 12.61737270310417 123 129 126 1.02846735315048 157 105 51 85 48 131 165 75
794 2.7883734866759617 1.1431265974247815 8.6569508280019569 54 55 41 0.68856110328139108 99 827 128 204 127 187
5369 -10.702506557537751 -0.05998358367578243 3.8016408506607995 105 106 111 0.71262254439223971 56 27 166 21 111 10 155 64
3012 -10.043253398937726 -3.9426843860135965 14.300668026564416 253 254 251 2.4332781313210514 41 16 60 20
655 -1.4794278139797925 2.6170285665946462 12.236327721551651 250 251 242 1.276429241943968 36 1025 99 1076 153 1062 37 927 127 874 126 782 33 845 39 1056
5085 12.793058819389234 -1.8894607161613157 2.0255957608438035 123 123 130 1.0710675413163544 114 283 161 256 115 240
3130 -12.357576119880617 2.3810904490711886 9.8504267247050521 116 111 92 1.8193891667639042 42 1168 138 512 136 486
773 -13.205293144767934 -1.3068217459420031 10.462709956727114 58 58 44 1.6974696376211609 36 602 153 732 99 629 35 362 37 517 65 313 145 633 127 354 126 305 33 81 33 319 46 754 89 529 125 313 73 328 123 396 42 814 45 639 45 816 40 760 70 296 76 152
4239 11.809991642398526 0.16164543832448361 -2.7553032675618514 67 56 28 0.68971522840510979 20 373 113 439
5348 -16.197474768306037 -3.2071101314129651 -8.5912609350796103 65 64 46 1.0612933316028696 54 69 83 73 144 73 155 63 55 74 52 107 53 111 82 95 140 54 52 98 146 81 56 93 56 94 166 63 111 41
2991 2.7704036308246018 -1.3900761658568721 9.3548204322694843 27 26 19 0.46746828976213378 65 614 73 619 89 664 122 435 60 358 26 395 29 244 130 139 117 186 118 282 27 425
4967 13.971442077547099 4.1174856282785752 2.4495339912927245 86 92 80 1.142232934319054 21 271 104 305
2610 -11.614111568528218 -4.1035436104379519 11.136246332800919 209 200 201 0.26474136378908575 44 18 159 13 137 284
4832 6.5170872519470953 -2.3367368523662106 -6.3270624054272977 158 167 159 0.60207277959067784 107 295 106 26
2475 0.27059656861586012 1.7148237430594531 10.072874136642909 56 61 78 0.32268180946946645 40 257 42 544 45 537 169 501 134 564 137 423
3182 -10.383429946265059 1.8482891914650554 11.754533642658307 255 254 251 2.4903824020322087 159 784 121 57
825 -7.353877916603615 2.5258586292888379 12.739718920444965 254 255 255 0.14854648176138588 65 372 128 475 127 423 126 359 33 383 89 411 125 380 73 158 80 322
4291 6.8914384209258426 -1.4975306295544339 -2.4614231005089433 160 158 137 1.1417133655618736 25 42 38 202 108 186
4007 6.8313139964168457 0.54550999415463208 -3.633697427895958 56 50 35 0.59076441128670487 38 262 11 148
4829 6.4579702443125599 -2.5914380976003013 2.2429494555712517 92 95 85 0.8473524507417235 108 292 106 16
115 1.6221084206165908 2.2117486027214261 9.0563403135386285 65 63 64 1.0450188676243255 65 535 99 852 37 713 32 193 126 533 33 179 39 901 133 944 46 1013 159 1028 122 362 121 176 29 145 130 91
2472 -3.1368584747544173 1.1056199439430716 15.224105280247031 71 69 47 1.4451072312832534 133 636 145 194 169 454 137 360 136 284 65 118
3853 7.9660223770060643 0.67200173908925143 -1.2209549405880464 29 53 82 1.9632507642599708 24 139 114 101 113 301 161 292 20 158
4962 5.7908476966154945 1.4101659558940807 -1.4108710661100934 0 0 0 2.4187311438538703 11 454 110 407
2605 -5.7705600293931809 2.4978246164240256 12.93621086014817 163 116 111 0.014142797256804854 45 285 137 185
5100 6.96167852730958 -0.54923684990200672 -1.3835529934568949 101 101 100 0.17448664895404781 118 462 161 397
3450 -17.118127646710587 -6.8094733069738762 9.2201942705744653 92 99 91 1.1959438711076433 47 334 140 46
1093 -13.524929151633122 4.4300859351641799 9.7403034641554704 39 42 37 0.65373215433452403 65 785 128 954 127 885 32 805 39 983 89 824 123 679 76 553 138 411
4559 6.4330034819197586 1.813740231265331 -0.96156186487962725 22 30 32 1.1164155642249258 107 457 105 390 106 293 10 221
3864 5.8020829284937969 0.56624052187017115 -1.3864561396755044 144 125 102 1.5331225057453002 114 434 21 379 38 356
4973 7.1045951745263478 -3.9121502653007543 -2.290806552118398 60 66 56 1.0240805832731505 12 384 104 382 10 244 143 294 102 274 98 265 97 12
2616 0.12387851073745546 1.1633999036305032 10.414951289651535 207 219 207 0.35424701026743227 45 235 137 379 134 373
3323 2.628292367207715 1.0255754921710769 9.0377878068413935 46 38 17 1.2443305737759791 125 364 29 198 65 353
966 -13.087867126945669 -1.4089661946705594 10.414368254976186 84 86 72 0.38956138044187527 153 569 145 631 46 748 40 758
4432 6.3935144807248978 -1.6880828641919208 -2.3908399897960435 70 65 59 0.79947388665585573 110 148 107 28
5087 6.6705036974744498 -2.8031596028228121 2.0892196956039171 125 120 117 2.1088501484484192 24 292 161 309
4005 6.3385420666110139 0.75881075841633727 -0.98307938052797428 122 112 87 1.8821217855793346 21 380 11 137
3594 8.2696614598419753 0.73444860970313486 -0.034157709305246427 117 123 114 1.4410329608461669 24 63 20 75 21 120 161 75
4703 11.386573256790083 -2.2869569496960098 0.065358914858042419 220 237 245 1.3540242146013921 11 329 14 291 25 306 109 285 110 249 10 32 15 220
4960 12.05195883093441 -0.38343466625663258 0.86204934075142126 48 34 31 1.973825665954162 14 78 20 363 106 205 108 336 143 252
246 -3.7757815668343051 -0.36848660679800427 14.946443028310206 62 44 46 0.57667471255877245 65 631 99 413 37 522 36 392 153 128 153 738 35 372 35 703 128 614 145 472 127 362 32 106 126 484 33 328 129 422 39 419 133 399 46 606 131 605 89 539 125 329 73 504 123 404 42 676 45 654 40 610 40 768 159 395 159 753 44 602 169 435 134 501 137 67 137 794 157 262 80 287 76 364 135 183 70 515 122 331 60 179 47 502 121 233 121 307 30 165 30 207 26 345 29 250 130 142 117 188
2603 -7.212093356230203 2.2932503576733931 12.918501820568702 60 58 38 0.41342953051687542 46 216 137 177 47 313
3728 6.1413784794117179 0.60753617519199699 1.8877896292078638 98 83 80 1.0640508034537655 19 527 21 602 114 547 11 491 108 557 105 418 14 458
4837 11.624686542838457 0.51266601591364991 0.31524161876398205 180 185 191 1.4060285324272197 15 417 106 100 104 97 143 187
2480 -11.850293359090696 0.1991717428549841 10.487062456600016 95 93 81 0.80849953863494206 39 133 169 588
3133 -10.036381913330548 1.4780735434129317 9.0723490699680269 94 88 77 1.7592456573961035 135 437 47 547 136 423 37 921 50 328 153 1093 145 1144 37 865 60 505 165 324 139 142 82 154
776 -9.2816717445643437 -1.734655757491276 12.469750814982826 84 79 75 0.86793360230554317 65 304 35 548 128 399 145 625 126 290 33 306 39 748 46 890 89 527 73 486 123 238 42 944 45 931 40 751 159 744 44 837 169 566 41 526 157 355 80 50 76 447 135 338 70 282 70 403 122 192 60 171 47 435 138 365 51 344 48 210 48 304 165 304 48 322 50 323
5351 -15.463029156349988 1.5853462148324744 -6.714140363925007 0 0 0 0.091766820355714193 54 125 83 124
2994 2.3430844005073892 1.3425183156420459 8.2256610751378645 166 167 153 1.6397186805730675 65 664 80 463 89 404 125 657 60 392 30 286 26 284 130 233 117 201 117 294 28 431 118 350 27 550
637 -4.0145709824689053 3.9211568692261274 8.0204450857898042 139 151 150 0.29611819287561325 36 923 153 951 35 793 128 966 127 788 32 700 126 701 33 702 89 734 125 563 73 571 73 678 123 481 80 612 122 500 60 415
4713 6.4885165026041305 0.97086139716361219 -6.6111885252792391 125 127 126 1.6139158261302853 14 338 15 288 105 270 104 129
3861 13.070569114071647 -3.6183424480645305 0.64328204010010326 89 83 59 1.7053716690749887 24 230 114 256 110 152 25 201
4970 4.3420850978519709 -1.8431906718681272 -6.6270121679812473 147 141 142 1.14943595998736 12 331 104 336 10 195 143 240 101 176 102 159 100 110 98 152 97 121
3722 7.7711246420481768 0.42791638231105805 -1.2411053877168106 17 20 27 1.8555209905504735 43 184 19 328 21 366 38 344 114 409 113 374 161 366 25 337
4831 6.5170872519470953 -2.3367368523662106 -6.3270624054272977 158 167 159 0.60207277959067784 107 294 106 25
2474 0.26446088760842973 1.7090820283434556 10.047609514267961 56 61 78 0.36676554114873594 40 256 42 543 45 536 169 500 134 563
3438 -12.691706884650406 3.6606558434125485 9.5148105895815256 49 48 28 0.48879261186630879 49 67 139 57 50 139
1081 0.43191229406426679 1.0549988489705926 12.624963880340905 85 79 64 0.41492883686976501 65 651 127 738 32 343 123 543
4547 7.4419534019591937 1.4225567951108027 -4.6805971505072197 39 44 21 0.90279373635731275 107 383 108 390 14 334 105 340 15 284 12 137
4701 7.5664943408062291 1.4054297529509401 -4.6807976221074599 68 68 53 0.60166566726277781 14 141 15 165 105 132 12 133 104 123
4958 9.9232166528689074 -1.7859187991599934 -0.49974707745838648 26 30 33 1.4389501250661045 108 317 104 192 143 163
4417 6.6271296873179386 -1.4763213575667078 -2.621457775221494 164 152 143 1.4605359986434918 115 446 107 310 108 188 14 192 105 35 105 302 109 185 10 38 110 159
5215 7.3504366636009077 1.3515502670599759 -5.1425071063848415 18 22 7 0.82048844131978393 143 386 102 349
5198 7.1772358955894857 1.432515775145927 -1.0654127193714524 133 136 130 2.2038988085797766 104 114 102 193
3754 8.2692783089880475 0.73755584970179722 0.0094321886245055907 120 115 112 1.4192560020229568 20 313 19 414 21 461 38 435 107 437 161 290
4863 7.9520154291170666 -1.5509529797010706 -5.9662392526931276 128 129 124 0.54571005482231583 25 568 106 342 98 78
2506 -6.0571161933670146 -0.94990124047386015 14.586490417052762 91 80 59 1.8090969378359216 42 1126 169 909
3884 6.1222095206656952 0.95987758470046947 1.8770058747032317 81 74 64 1.3098363412329179 21 625 114 576 25 576 11 536 107 549 104 438
4993 7.4407193413482329 1.5795465528079395 -4.6873662556905682 61 60 39 0.071964222976843073 14 269 105 267 10 104
279 2.7304308706655336 1.9247756821100825 8.8571732431019061 40 42 29 1.1462394766161832 99 847 37 816 153 631 129 919 39 896 133 1010
2636 1.7881010125852788 -1.8985309856814587 11.893914781114116 72 66 42 0.72093753073728362 40 730 44 822 137 779 42 783
3343 -3.8136184876415564 4.068362648212406 11.421472813975619 38 37 22 0.96779013263076086 29 420 30 375 60 566 121 489 123 762 130 284
986 -10.245659493602696 3.9359967611631514 10.58290975103777 41 47 33 1.9974731139936257 35 622 145 859 99 536 45 992 40 838 80 489
4452 6.8451057143972251 0.013812269707407872 -4.7367649065606585 64 62 50 0.47959260488814448 110 466 107 443
4988 6.6505639649385486 -2.2747933948922787 -6.3404613927572733 117 118 116 0.036691040169274707 106 31 10 30
274 0.10681307842016477 1.0573829749443457 10.144902117674286 198 204 200 1.3871292079301241 99 930 37 792 36 871 153 908 35 727 145 954 129 978 133 995 46 985 159 1055 44 955 44 1004 169 892 137 939 41 706 157 697
2631 0.52632957272028569 1.0415400141535767 9.1061059939533386 156 157 145 0.13492042965865492 159 642 137 702
5286 1.276867864949871 -2.2189660326672995 -7.9101457363811383 142 139 132 0.5247641607821143 98 267 100 243 97 249 23 203 120 80
2929 0.45021529053627302 0.53998451155258353 8.8919730856342589 80 81 69 0.18594617015435122 33 109 122 59 30 36
3666 11.209765073333308 3.4828893459716128 0.80677259937622581 201 194 193 0.68200396382180339 20 173 43 140 19 140 38 152 110 128
4775 6.811887032419528 0.70875795366334138 -1.4242710499967504 249 246 251 1.7622081488041179 107 246 105 236 108 360
3923 6.1335613369918409 0.28976021030434829 -1.029281537158468 47 52 32 0.77690119209946618 114 84 118 244
5032 12.935662043016949 -4.0230440476299778 0.65169975293301619 0 0 0 3.2151852645227645 114 248 115 332
318 2.6309725507592989 2.3246797063347144 8.6682022199212323 66 63 48 1.7798627520101926 99 1126 37 983 126 683
2675 -6.9711691834752996 2.57488180763101 12.429652280574869 143 136 130 0.16833577642375705 169 187 41 110 70 107
5059 8.8827404559818657 -2.4115812031283785 -0.73831051172313078 96 103 109 0.48959517006054432 113 4 161 5
345 -13.86184783234811 -3.0562618863299336 9.087432021299481 235 254 250 0.39343436262709625 65 41 36 52 127 51 33 40 125 33
2702 -7.3571487893663337 1.8804637417426453 12.129166580291519 86 78 62 0.92167794034741668 125 878 41 751 80 784 136 506 121 504
3950 7.6673378300111281 1.1037464668788559 -0.33385087408962694 126 114 92 3.0213745164064125 38 355 25 248 110 296
3077 -7.7597442691778911 -2.945118278362485 12.26125536695182 248 255 253 0.47044333029991148 157 24 138 204
720 -13.515256989509684 -2.3142142988993224 10.445316762863893 43 45 32 0.8239611123812326 153 553 35 540 99 378 127 538 36 587 33 296 39 584 125 481
4186 5.2173662806184726 0.41753863011596709 -1.885494993443916 137 125 98 1.221264621982713 38 137 115 412
3625 15.224851455321465 -2.9364690382046463 1.3004787187758862 23 28 15 2.3091301084557023 27 618 20 448 43 417 21 632
4734 7.0280701833296053 -4.1845084536456039 -2.3066063752315191 44 48 34 1.1765664495443908 14 425 15 446 105 401 106 376 12 382 104 378 10 243 143 292 101 226 102 272 100 149 98 187 97 208 120 74
5302 12.285855400956722 -2.1522311421834366 0.72488139170908361 56 59 50 1.4204957794279554 10 198 14 369 25 480 11 478 109 365 12 338 110 343
2945 -6.4965102345937682 4.5631661910740311 12.980138604154291 74 68 54 0.50726392069769799 135 311 122 380 121 276
588 -4.4232756046978432 -0.59328667477375718 14.55492168249144 155 136 130 0.84426357401600671 36 387 99 637 153 574 145 466 129 766 39 600 46 403 89 534 126 309 65 322 125 325 73 339 131 120 42 818 45 827 40 766 159 592 44 727 169 694 134 638 137 666 41 538 157 456 80 286 76 456 135 421 70 570 47 499 136 406
4193 6.7218834006266928 0.69051992071346702 -1.3892202614975029 141 137 134 1.7639746347963146 114 228 113 96 43 133
3030 -9.990503907594567 0.99622152477092063 10.899899853636558 63 69 95 0.048465390771738379 169 131 47 202
673 1.2228103294880464 2.3586953268486321 9.6427528956743735 130 124 124 1.2380752969598419 36 790 153 787 128 823 145 981 127 628 65 536 32 557 126 534 33 570 129 924 37 711 131 950 39 810 89 430 73 178 73 396 159 816 40 671 45 732 42 738 45 731 137 743 121 178 26 192 29 64 27 214
5248 6.9785156897649951 -1.5346263260551882 -2.4579791907477087 43 40 25 0.60497288921284476 101 357 102 394 100 313 98 334 97 304 23 263
4737 6.068957593048137 2.018602679941762 1.234277471986863 221 230 229 0.77836854935014577 14 509 15 483 105 449 105 464 12 416 104 442 10 313 143 341 101 270 102 309 100 229 98 289
2380 -10.391996179227373 -0.21312768263452547 11.196676393753251 60 52 41 0.67776175778454029 50 38 44 144 169 75 76 45
3885 6.2959954073463313 0.53864324283526821 -1.4602919039107363 28 45 29 1.2986422963484188 19 587 21 607 38 569 114 578
4994 7.3286541611469138 2.2169639056328183 -4.7218069935610076 71 68 51 0.37592997360976566 106 246 10 112
2637 -0.0069505957873027746 -0.65047541137084108 12.720723375413401 14 14 12 2.2535807392002578 45 934 46 750 157 551 137 788
4453 6.2427276445719757 2.2572454964591495 -0.31957714548349347 90 83 65 1.1820400756451506 11 465 107 469 14 340 106 302 104 245
4016 6.9707536288812602 -1.4170687551267733 -2.5200168050544507 150 148 134 1.0279537555666178 25 211 11 211 107 207 108 42 14 196 105 40 106 53 12 48 10 40 109 33
5125 6.6793273330990175 -0.99700701466796682 -1.4118405351500058 180 178 175 0.17135262325551817 118 507 161 392
4043 6.5304816229812594 0.48988835055654006 -2.4936358896176998 72 66 49 1.4957949460433471 19 496 38 516 11 363 115 583 107 357 15 263 105 326 10 81 109 407
3025 -14.177854990057618 -3.8886936981677627 11.822780880574449 111 109 97 1.0906669005200778 46 724 47 155 129 739
668 -2.2054452038134262 3.4200574853887309 12.963157028782847 61 63 53 1.1364951970390116 127 1035 126 933 128 1156 33 934 89 930 125 893 73 890 123 807 122 663 121 505 30 410 26 547
5243 6.0855350701614839 0.26082599202025325 -1.6819577838584883 143 158 153 0.85710684570100582 107 561 100 222 98 284 120 122
4702 7.5664943408062291 1.4054297529509401 -4.6807976221074599 68 68 53 0.60166566726277781 14 142 15 166 105 133 12 134 104 124
5083 11.617515978011351 -2.3272918109826319 0.44339574689553957 119 91 77 1.1569369913025827 114 174 161 247
4699 5.4851767912889446 1.8997069089793348 1.7470977536070706 96 90 74 1.1485354412653022 14 263 15 155 106 120
4956 7.8603009078372237 2.3094087294221848 -4.8597647274284164 77 76 55 0.12557494723948764 106 149 104 138
242 1.5018097030881694 4.2093060827694062 10.623804170674271 88 94 71 0.53445041033361651 65 222 37 473 36 294 153 313 35 635 128 540 127 484 126 412 33 443 129 722 89 466 125 558 123 472 60 248 30 193 26 366 130 98 117 217 28 257 118 308 27 227
2599 -10.088777435333638 1.2131252286776113 11.391469498572821 125 126 131 0.19006457955192793 131 180 159 161 137 139
3306 1.5389983407630945 -2.2402565697869807 10.135792048579338 36 27 20 0.27228509279494006 121 20 26 25 122 183 130 6
949 -13.217033795482232 -0.75918780674938635 10.269497329996382 107 103 92 0.52757252826501377 99 116 145 468 153 122 40 411 39 113 44 599
4415 3.6836571021530076 0.45055012589810561 -1.1867437203606925 0 0 0 1.8909450347014802 21 160 110 474
4944 12.208781224009552 -1.3924761931465131 0.90080737779456488 18 24 12 1.0783044348598021 11 565 14 516 15 531 25 596 109 562 110 514 12 460
2587 -10.918828728599619 3.465248546363827 13.026832593884203 68 60 37 1.3118871476448335 129 263 133 256 134 228 133 255 159 241
5201 10.906389259669236 -2.821430624806105 0.67420562227189418 28 28 18 0.097829034723139002 104 275 102 225
4660 7.219281295109786 0.16303564281114571 -4.8164614145330642 65 64 46 1.3916768446995817 38 612 14 519 21 640
3838 7.4885239249685682 1.4442922547474999 0.52610357887945258 214 206 203 1.8763249572239167 19 608 43 430 38 618
4947 12.41828299831128 -2.3575836220074327 0.66750021335876975 100 105 98 1.1568359333543814 15 223 109 190 12 43 110 170
3798 15.149818343973681 0.81250772184604836 2.4136277735643241 40 32 29 1.2423829991480342 27 364 21 454 25 415 115 573 109 386
4907 6.4381826190482734 0.1808287244649282 -1.2258290447070321 249 216 213 0.60471750437847993 105 220 106 210 107 234 104 95 101 55
193 -2.2961243594641449 0.28258114615951085 14.869626432897073 252 255 246 0.315917007092058 65 907 99 1157 37 1029 36 1082 153 1144 35 1052 128 1141 145 1196 127 1031 32 947 126 929 33 932 129 1132 39 1110 133 1138 46 1121 131 1115 125 889 73 887 123 802 42 1174 45 1164 40 1113 159 1157 44 1085 169 951 134 1008 137 1032 41 758 157 724 80 795 122 661 60 579 121 501 30 407 26 555 29 423 130 295 117 383
2550 0.77427688398151251 1.3094267783843188 8.7781092186518315 115 123 110 0.73430055170981723 40 246 42 295 45 276 134 557
5164 6.7475832975022128 1.541837897395687 -1.068048205696724 226 243 246 0.74554208389480114 104 417 143 338 101 208 102 255
3417 -13.087659451106918 -1.5560832804966171 9.2455083698428275 53 59 56 0.080938605861122753 51 31 49 12
1060 2.8941650052495063 1.4263512955552613 8.2591306301149778 76 76 77 0.32023309737407513 65 147 127 419 122 86 26 71
4526 6.4376671351146513 -1.2590843119221395 -1.1976190991689304 64 64 54 1.928931148323632 110 245 108 185
5065 8.3320773931665322 2.5041756481067661 1.1846101603829891 188 179 180 0.88835928308247925 21 553 161 104 19 508
351 -12.117373402830482 0.47362476426865591 10.917524068104377 238 237 245 0.41078001507077599 37 102 99 144 36 138 153 152 35 146 128 155 145 487 127 145 32 129 129 442 39 144 133 417 46 431 131 617 42 489 45 456 40 432 44 165 169 451 41 61 41 193 157 273 80 81 76 168 135 123 70 196 47 189 138 45
2708 -0.92772022210939986 0.45348979035641579 16.906369213578614 17 26 23 1.8690176472191877 137 680 41 542
4524 6.2586007087623425 -1.4163149946252547 -2.5535668115220393 36 36 29 1.8825133335286395 109 281 108 183 25 299
3983 5.9133685870451265 1.3507670440864357 2.160169393666028 97 78 64 1.3977288629356053 114 529 11 497 15 473 105 420 12 358 104 358
4523 7.0856814220069673 -1.6620548080890101 -2.4560546443628253 158 153 141 1.1362247733132258 11 204 108 182 14 189 15 52 105 183
3982 6.0331866230438651 0.51133790197451112 2.2868336909345439 95 80 76 1.4128813000348228 19 560 43 360 114 544 25 534 11 489 14 456 106 398 104 408 10 265 143 325
3129 -8.2561430670877183 1.3385345969252875 11.258729210929042 117 110 93 0.1247643429247258 135 521 136 484
772 -7.3632394316635787 2.5342848814610988 12.75031084977009 252 246 244 0.41553789748639358 65 373 99 683 37 567 36 462 153 619 35 202 99 489 153 450 128 476 145 690 127 424 32 372 126 360 33 384 129 660 39 655 133 677 131 802 89 412 125 381 73 159 42 869 45 863 40 811 44 769 169 734 134 695 41 468 80 323 76 399
4238 13.321599454704495 0.66048301311577018 -0.21553180832168864 13 12 8 1.2692973314441893 27 584 113 438 24 264
4522 6.3847858651574692 -1.4815617737920193 2.7842871774414708 81 80 62 0.47164367612591662 38 293 108 168 19 270
3696 7.3449828785290707 -1.6165856865058275 -0.19760568909545631 57 54 49 0.79196321580238993 20 267 43 350
4805 5.930795211022982 2.2509631570586146 1.3601609652439757 72 74 52 1.2842465618598276 11 561 105 465 10 227 102 350 100 291
91 -6.1637384821924188 2.9374892051630845 13.043188658359485 58 53 47 1.0088167770793468 65 669 99 688 37 416 36 469 153 627 35 604 128 813 145 696 145 835 127 624 32 556 32 667 126 527 33 398 129 809 39 241 133 800 46 805 131 941 125 528 73 383 123 299 42 553 45 543 40 931 42 1048 159 931 44 966 169 628 134 708 137 838 41 634 157 495 80 328 76 94 76 589 41 684 42 1086 135 148 122 249 70 618 136 239 121 335 30 56 159 490 130 195
5089 6.8496009477447117 -2.0029386538839096 2.2104777424441138 86 79 70 1.7656495167315633 20 258 161 316
3980 6.0954218367803108 -0.37813099230896263 2.4080684883700245 95 86 70 1.1535337431038046 20 358 25 528 12 345 114 510 143 320 101 125
3411 1.9768911026413742 3.1905363025324052 9.7824745107296724 82 74 70 0.6769158189751715 26 505 30 346 27 560
4520 6.3276083919018395 1.4376151700285502 -1.7696516103445945 68 71 78 0.82609638802565633 19 256 21 286 38 280 108 146
5088 9.5788089344671885 -2.435641221458789 -0.38107420146860865 54 54 59 1.3288089730225825 114 459 161 315
3979 6.1052209037488767 -0.37924914119194592 2.4250910920455309 95 86 70 1.1134235201106886 21 566 114 509 25 527 113 417 108 555 12 344 102 291
4803 7.7119591858205521 1.4043930068072077 -0.69186203766371879 77 89 80 1.889286644190149 105 445 106 409 104 413 10 308 143 380 101 264 102 302
89 0.42238750806629982 1.8948039603140647 10.276748617755201 146 153 146 0.56823449476490828 65 150 99 684 37 570 36 650 153 227 35 429 128 227 145 531 32 374 33 155 129 805 39 790 133 796 46 803 131 507 42 872 45 869 40 274 40 816 159 796 44 778 169 826 134 816 137 837 41 566 121 67
2446 -10.442658348709029 0.65135142308663918 10.894146165328628 112 109 104 0.71849410291963178 131 149 169 105 135 129
3153 -7.2940076203748241 1.1551550555126497 12.695236772328633 122 122 120 0.1640224968812044 41 77 70 79 51 173
796 3.0465345339319989 1.325831099704424 8.5538024133679702 135 131 130 1.269703249469792 153 443 128 218 129 224
4262 9.0389548203602033 3.1697483746074391 2.4335737846015144 185 180 175 2.4219545681131347 115 692 113 549
5060 20.357513237327673 -0.8038199393936416 3.9489383140288576 8 9 4 1.6465103035779989 113 52 114 67 161 52 28 160
346 -8.8896297344399837 -1.932888976157507 12.080941580277598 125 133 136 0.51662629120952741 50 160 36 76 153 96 35 73 128 397 145 447 127 74 33 59 133 80 89 62 73 65 41 306 157 253 76 143 70 279 47 260 138 216 136 192 48 157 165 157
2703 -1.5179104448798233 2.4785597678697688 12.068200682786712 245 249 242 2.2260407542835545 42 1113 44 1016 45 1089 169 876 137 979 36 221 99 500 35 211 128 238 129 504 39 245 133 509 46 250 131 511 42 322 45 546 45 983 40 508 40 819 159 226 44 514 44 890 169 507 134 420 137 199 41 685 41 732 157 680 45 1135
4516 6.378989748992411 0.64940680525089001 -1.3335346739449681 0 0 0 0.43861820971408938 25 247 115 406
4799 8.1250336541174288 -3.3369730827853417 -4.9029355868379323 19 25 16 1.3721533771593499 25 557 105 434 11 550
85 0.23831112494384052 1.7215882708090466 10.144834724738139 82 87 90 0.90722203572574567 65 146 99 678 37 565 36 458 153 447 35 201 128 223 145 686 127 205 32 165 32 367 126 151 33 378 129 655 133 673 89 159 73 150 41 379 122 84 44 501 131 505 121 65 30 51 117 35 28 74 118 169
2442 -8.180941432937189 -1.6656079269989152 12.788415741849366 178 172 159 0.46407933588882716 44 106 45 102 169 48 135 21 70 29
3095 -11.575267556895506 0.92635415448777703 10.326626288285885 192 186 179 1.0539127272571762 35 842 99 927 89 702 73 738 138 481 135 466 70 610 47 542 136 451 82 146
738 1.8893197181742445 1.9753545473072704 10.395592647211508 97 108 94 0.70763818787340005 36 652 153 622 35 750 128 936 145 279 33 557
5313 13.379339522135751 2.8976555565454905 2.4392309491434712 15 18 7 1.6109992244577021 102 397 23 276 98 338 100 305 101 354 15 526 143 424
599 -12.013975751646027 3.2630856822705891 10.50505303410524 71 67 55 0.62943974106936795 36 487 153 639 127 630 129 813 46 813 40 825
3947 5.9812145905168119 0.60754248427663105 2.1790739007085156 95 84 80 0.97571509532375134 19 201 21 358 25 227 108 343 38 427 14 225 106 90
5056 7.3476442280068639 -1.0216335725204941 -4.4501230335943962 54 53 43 1.4017820678497088 21 441 38 324 11 342 108 428 105 210 106 78 107 332 109 376
342 -13.098770821280583 -3.2701731549838904 9.6613515376645296 54 57 64 1.0570568635684447 37 29 36 44 153 52 128 52 39 382 99 602 46 20 46 721 41 409 76 247 135 253 157 611 70 272 47 30 135 12 51 137 49 43 140 39 52 91 53 69 141 30
4515 7.6395358194981435 0.71464928326798238 -1.3139421052491751 33 33 43 2.043672418755015 109 99 108 100 110 210
3946 7.4414774700524662 -1.0465209608886896 -4.5290098488841641 50 43 24 1.3544375208710155 19 307 21 350 38 323 25 221 11 229 107 226 108 222 14 213 106 77 15 83 143 68 12 73
5055 11.395175843134325 2.4331482637858226 0.78578553509234927 21 31 20 2.5734463443240836 19 602 20 469 43 429 43 437 113 578 114 602 161 522 115 705
4514 7.5576041145455033 0.66524265962524687 -1.3603007239796423 197 201 217 2.0003407264181901 109 97 108 99 110 101
5082 9.620260159849531 -2.4053504009373361 -0.44768046108749177 103 86 76 0.18066073005264133 113 323 161 238
3973 5.7544714658416476 1.9226632599620195 1.3673447879217484 45 36 27 1.2795280154816964 19 509 25 457
3943 6.4274185296796222 -1.7254642574032015 2.871150826243023 85 75 76 0.79981537452760765 38 291 25 191 11 195 19 262
5052 12.95121610122394 -2.1042943661920623 1.4001878307126958 0 0 0 0.97934712608199503 114 589 115 683
5079 8.1799898176032322 1.3074881134453491 -0.05995744310105143 109 92 76 1.3665662349281043 113 306 161 222
3970 6.9579194709482612 1.493551859130162 -0.79063704105093535 47 45 50 1.783532691397721 25 448 11 373 115 519 110 438 14 325 15 271 109 477 12 231
3937 7.6061473517886666 1.6648780654247666 -0.50246437419857948 62 71 68 2.7931004335417042 19 135 21 269 38 267 25 142 115 185 110 305
5046 10.895015484176684 -2.7888350397922586 0.44554617786617279 203 182 169 1.5757942414027644 114 503 161 389
332 -12.013646781462324 0.59141517216067141 10.406408676110789 158 161 152 1.7596833703549708 50 342 65 910 37 1030 153 1145 127 1033 32 949 126 931 39 1112 123 805 80 798 70 661 138 520 136 494 51 529 48 369 165 345 49 189 139 148
2689 -13.301951113544304 -3.2315827147593552 9.8544537696199264 117 115 130 1.0720071396497954 41 410 157 440 80 21 76 350 135 254 50 93 138 214 136 267 51 139 48 158 165 158 49 71 139 81 140 51 142 56
3934 6.253162274839954 0.70177468665959297 -1.0038682572653321 110 94 71 1.1451083732478218 19 344 25 117 38 354
5043 11.94829749385511 -1.7585123173325832 0.31022245359464157 0 0 0 1.2838130440209163 114 469 115 553 108 421
329 -13.538658789889237 -0.80563187846423745 10.321836307127725 99 96 79 1.2783318332092397 65 890 33 895 153 1104 125 871 44 1060 157 691
2686 0.0089513387517277353 1.2497075710137151 9.5526865346849856 179 194 201 0.7132197472264965 134 390 169 484 41 367 157 302
4502 4.7007017461366933 -0.38911872591910024 -2.0313726722312695 0 0 0 0.39343841671365876 113 500 118 512
5070 6.8971346931257163 0.71076901473036835 -1.4177500510828269 251 246 242 0.76162729731855872 113 215 161 157
356 -8.3785095534026404 1.5682841144381106 11.950714065341137 79 74 83 0.43526447965189602 37 153 65 131 99 181 36 184 153 434 35 179 128 195 145 517 50 236 127 181 32 147 126 128 33 138 129 478 39 467 133 462 46 463 131 647 89 136 73 135 123 282 42 525 45 509 40 474 159 647 44 481 169 340 134 542 137 579 41 225 157 200 80 115 80 116 76 199 135 140 70 219 122 76 60 200 47 212 138 165 51 192 121 54
2713 -10.230161506152459 0.020663754963789773 11.252082337552688 192 154 169 0.087258789640620657 42 162 157 49 133 132
3961 6.8542609173358118 0.3993498333753896 -3.5664219128062298 54 44 34 0.38828568184138385 19 354 21 383 25 350 11 271
5035 12.601728793611979 -2.2805616032830516 0.67088189748652227 237 197 184 1.0772092259164092 114 275 115 363 161 248
321 1.5656054639036026 1.4427214788569689 9.590074783886454 138 135 128 1.2946809778046982 99 1113 37 996 36 1050 153 1094 35 991 145 1145 129 1108 39 1093 133 1126 46 1126 131 1120
2678 -9.78045856206937 3.8057011438821342 11.74112209733924 79 79 65 0.32759438106452443 145 554 41 260 70 246 47 236 51 231
3385 6.4204322763635977 1.0828072881427897 1.574254133422845 80 72 59 0.45621935300529115 29 395 118 426
4494 5.3642793842213248 0.5102793709739476 -1.5820510846827807 0 0 0 2.1895372509248632 27 647 113 577
5062 6.7968033060175808 0.2928612935264297 -1.122884224759803 0 0 0 0.85586931770379771 43 61 118 77
3953 6.7363033137374488 1.3907420690820234 -0.93015992165372596 133 130 125 1.7297412598526727 11 157 115 420 110 307 109 241 14 125 15 142 25 261
5030 12.968904985083439 -2.1929903586637018 0.73190105991231647 0 0 0 0.02581864601964759 114 178 115 66
316 1.7582915585706214 1.661530137701102 9.4662136325000628 46 51 22 1.0669197391611702 99 1013 37 974 36 1021 153 1056 35 934 128 1068 145 1107 127 976 32 855 32 897 126 773 129 1041 129 1111 39 1055 39 1076 46 1098 123 560 80 465 130 190
5057 6.9184961716551179 0.83303251929505961 -3.6468468350932839 54 50 38 1.7817657487898815 21 481 11 370 108 368 106 227 12 107 109 415 143 96
343 -13.504031532291158 -3.0556117967753393 8.6156198266094606 145 152 178 0.14155881884479948 65 35 36 46 32 54 33 36 125 29
3948 7.1399331764057949 -0.3547596024446838 -4.4124108832790494 46 40 22 0.23495196672729909 38 239 25 230 108 82
5025 11.059004559555015 -3.1579895378252703 -2.6826533912655468 0 0 0 0.53571252162178074 114 9 115 27
311 -9.7190419776126777 1.0318933497543092 9.1886248652002109 90 84 78 1.6880847006749813 99 1132 37 963 36 1066 153 1087 128 1091 127 998 126 900 39 1073 41 708 42 1106 70 633 138 499 136 470
2668 -8.3379390344278352 -1.8664538377736468 11.856394861467418 220 220 218 1.3269652852243143 137 309 169 40 41 38
5024 5.8992270641248474 0.51832100958297345 -1.7722941140946684 0 0 0 0.83326213063962484 38 519 114 579 19 537 21 579
310 -8.3126480784204997 0.86938944556166475 12.447896684525146 70 65 45 0.67732148360015243 65 855 99 1061 37 960 36 1007 153 1086 35 918 128 1063 145 1134 127 968 32 891 126 830 126 869 33 826 129 1073 39 1048 133 1109 89 852 125 804 73 840 123 711 42 1100 45 1131 40 1070 44 1048 169 916 41 728 157 696 80 745 76 601 135 520 70 630 122 609 50 339 60 495 47 558 138 498 136 469 51 517 121 457 35 982 30 384 48 353 165 336
3914 6.7362034975741043 0.8823092581062677 -0.18487349893786043 114 104 94 1.7035769427149514 27 526 114 555 43 368 115 642
5023 6.4683060042388769 0.57940940747684355 -1.6357441163440751 0 0 0 1.1897394731093147 38 511 114 556 19 492 21 541
309 1.869236244477229 -1.1165734711574471 9.7995281862203445 12 16 0 0.7714031552409909 99 1048 37 951 36 995 153 1032 35 975 128 1058 65 811 145 1130 127 920 32 831 32 883 126 821 33 813 129 1062 39 1036 133 1102 46 1064 131 1088 89 847 125 796 73 720 123 706 80 701 122 533 60 450 121 382
2666 -7.3859975604444346 -4.4896318607196504 15.354567413305592 109 102 90 1.088362497433627 46 18 41 8 76 6
3647 12.909509302856495 -4.353623679441017 0.42691975493922041 70 68 79 0.82117959967327803 24 7 20 4 43 3 21 11 38 19
4756 5.6818644098084778 0.55939514645107191 -1.5677390036401468 241 247 251 1.4363597502480563 14 317 15 349
5013 6.6497440328592026 1.9644478546378696 -0.40439252318387092 95 101 89 0.90058623521592751 10 225 12 372 10 289 101 90
3363 0.58744444566356502 7.1332857888395189 12.068995010379037 68 70 59 2.6687025793775194 65 246 123 188 117 181
1006 -8.8761811256533285 0.79911465780592883 11.450831482882789 99 95 83 1.0251243686725307 37 859 145 1028 33 761 129 1031 39 950 133 1033 131 1036 159 1051 159 1089 169 889 137 971 157 669 76 583 135 502 70 631 76 603 47 560 136 449 121 424
4472 14.348109644084147 -0.91391161800451881 0.77368479429297854 0 0 0 0.93856006501219236 27 350 115 267
4752 15.147956163533646 -1.8445054082376027 0.95051187794293723 90 89 95 2.0095992313193203 11 224 20 287 15 233
3102 -8.4727617649150169 -3.9364737457158712 13.149387473168543 248 253 249 0.25639596925654545 47 143 70 3 136 1
745 -13.94605985850786 -1.436797117001148 9.0223959928556052 39 46 62 0.64923774161457892 36 850 99 911 35 825 126 741 65 812
5320 -13.567882893381196 -0.9790431264710221 -2.7035918195823991 173 176 169 2.0609182745127343 53 131 144 81
606 -1.6944521930559082 4.1993910003751047 9.926677169240218 205 206 226 0.23732561729522639 65 224 99 736 153 677 128 541 127 485 32 439 33 230 89 252 125 438 123 168 80 194 60 124
4211 12.052085897747469 -3.2405701882874816 -0.024841971290196774 47 40 24 2.0345692570617926 19 21 113 245
3900 6.5212707912725962 -0.16282242164245264 -2.4579474745375958 46 46 36 0.89749597549292748 19 399 21 452 38 423 11 349 25 329 110 367 108 340 14 222 15 246 106 208 12 85 115 476
5009 9.12158163896469 0.24732371453569166 -0.10524386461104553 0 0 0 1.7741345935099471 14 500 109 548 115 665 11 554 25 586 110 509
5382 -16.887223355594685 -2.7856448383781323 -4.4227999364304207 178 175 168 0.40831557900671772 166 71 111 54
295 2.0818715547469928 2.9175259413780745 9.2043683075891121 115 118 99 0.56474165861120895 99 859 37 893 36 798 153 801 128 830 145 986 127 775 32 680 126 686 129 933 133 954 73 544 125 671 80 483 122 262 60 326 30 189 30 240 26 200 29 278 130 159 117 212 28 390 118 427
2652 -6.0205257574116446 -2.7189693918866222 13.311758495015541 102 95 87 0.46373201238788248 129 1096 133 1101 137 1003
3897 6.7527280022987402 0.66535360552633649 -1.3572534063553654 173 174 165 1.643901316162711 43 191 113 383 114 429
5006 6.7031868600363218 1.956995531506792 -0.40231299080666794 98 103 92 1.5627943165813203 12 371 10 288 143 345 101 273 102 315
292 -9.0742867846754596 3.0962754892831086 10.511769344639763 47 46 41 0.68951520219280205 65 781 37 882 36 894 153 999 35 861 128 1032 145 1046 127 879 32 796 126 789 129 999 39 973 133 1013 133 1054 46 1007 131 1053 89 818 125 764 73 761 123 666 42 1053 42 1090 40 998 159 1103 44 970 169 904 134 972 137 985 41 636 157 650 76 547 135 477 70 591 122 556 60 510 47 527 138 458 136 428 121 436
2649 1.2553047256750001 -0.80014849891711282 9.7854447230610031 0 0 0 0.16676144936105464 37 652 40 1016
5004 11.613761018035502 -2.1338843698529399 -0.02386238946234235 22 20 8 1.0958575252975156 109 488 10 254 110 486
2647 0.67361064230594314 1.1957805953065559 10.561795863571135 184 196 192 0.13139847677238911 134 893 137 910 41 624
3354 0.18246785594632514 1.569813627723752 9.7330351965400546 169 168 163 0.34720450917462881 26 283 30 181 130 121 117 200
997 -12.518010192895526 -3.9938996711715937 10.879444293784145 114 110 108 0.27061326103393607 50 212 145 913
4463 8.1988652133163971 -3.8019489667732262 -4.8757160468992611 24 25 14 0.90653704143022984 25 519 107 515
5003 11.568058697169819 -2.1294335350715325 -0.015914271783660078 22 20 8 0.83722612429093735 109 487 10 253
5376 -16.686472072443106 -4.3156849384050515 -16.228010841913733 56 53 38 0.75865811824515461 56 17 111 3 155 19
289 1.3698058015925525 1.5297326176842758 11.096463122146332 142 154 144 0.36788260841158243 99 934 37 868 35 735 145 960 129 983 133 1000
3353 -0.26092340071753573 1.3069765586920128 10.500858663070586 226 227 233 0.30167047849041834 30 176 117 197 28 306
996 -12.914315500683571 -4.4411292459303482 10.867315080239024 126 125 107 1.6310516760420766 35 675 65 453 145 910 127 693 33 478 129 851 133 961 46 869 89 498 42 921 45 1009 169 765 80 536 128 745 135 325 76 436 157 526 50 209 136 258 48 198 165 187 82 106 140 76 50 210
4462 7.7037718665849697 -4.0456248958724137 -2.2380829276007832 77 72 67 0.6777907060010544 11 512 107 512 14 478 15 448
5001 6.6543604755984029 1.9190039506946039 -1.3978551513209521 34 37 16 0.43672745286790426 108 472 10 228
287 0.60380778202282537 0.77197560875719862 9.0542730224174761 72 69 55 1.2839520703417182 99 926 37 861 36 870 153 904 35 723 128 920 145 953 32 533 129 904 129 1033 39 952 133 1035 46 1031 40 1050 42 1103 159 1052 28 219
3633 14.471979713945553 -4.6888794049861113 1.303437605933522 73 72 69 0.68377790282620388 24 226 20 188
4742 7.9114990973560326 -0.28430267004671028 -6.0990467971412103 135 136 120 1.4573363453468082 11 555 14 501 15 505 143 375 100 223
28 -13.283947349675499 -3.4148439252100369 10.730821867516818 114 114 109 1.2079272461851771 65 871 99 1093 35 969 32 915 126 895 125 858 41 696 41 723 80 762 76 567 135 484 157 687 50 321 47 490 157 658 138 472 136 438 51 491 48 319 165 302 49 173 82 151 139 135
2385 -10.101565331065064 1.1326886148601949 11.415923042872095 100 105 101 0.35181934640451146 131 174 159 443 44 211 169 469 134 140 137 134 157 289 47 83 136 142 51 181
3890 6.1806631742316371 0.74130557125449836 -1.6372651033118721 27 36 19 1.9454859512102574 21 647 19 603 38 613 25 588 11 572 107 539 115 690 108 573 14 505 105 444 104 359 10 275 110 510 109 530 12 438 114 608
4999 6.6678655245440899 0.67650077091372252 -1.5733189276771173 246 252 255 0.43294263031644947 104 224 106 358 10 211
2642 1.1266908528793762 2.4897178759480436 9.5735419404468605 111 119 108 0.30196332586458419 40 840 45 997 137 862
4740 11.290578622819437 -2.5430065162772948 -0.13918732833357392 81 55 40 2.2708317653955792 11 523 25 562 15 499 109 447 12 392
2383 -12.876589155391226 1.0268992944630335 10.981051974030693 198 191 191 1.0326110660298813 125 112 44 209 82 40
3888 13.614115661131772 -2.4582277651446609 0.44570079822176972 23 26 15 2.3918518597843015 24 427 114 601 115 682 113 576
4997 7.2122594325998666 2.0200802124173873 -6.1760419506605375 119 127 112 0.25617462947240138 104 142 10 178 143 125
4739 8.3586452115614662 -5.176467036655124 -4.7937680442620323 24 30 12 1.3893818479069058 14 475 15 487 101 284
25 -8.6079329511777853 1.4103251860350092 11.723476563830497 102 99 94 0.64061139019931312 65 822 50 332 99 1006 37 917 36 961 153 984 153 1047 35 921 128 1011 145 1098 127 932 32 846 126 832 33 831 129 1037 39 1009 133 1038 46 1033 131 1074 89 861 125 808 73 808 123 715 42 1108 45 1113 40 1028 159 1096 44 1033 169 895 134 984 169 920 137 973 137 999 41 709 80 710 76 604 70 634 122 584 60 499 47 562 138 500 136 472 51 513 121 460 48 343 165 337
2382 -10.080936887411385 0.87091422085429748 11.461168200956655 72 85 60 0.17508169021230957 159 138 44 195 169 122 134 121
3887 6.4512939360541965 0.64324386921125587 -1.684238268529112 182 188 181 0.63564847874019059 19 538 38 520 25 346 11 139 107 127
4996 6.4317575203265713 1.8454663435952077 -0.98283649934235351 133 136 129 1.50387403260611 12 306 15 363 14 331 10 168
3346 -2.6004711322474181 5.5049141276804052 9.5720952683443166 132 137 127 1.9157202363228227 65 913 73 902 80 810 89 937 122 674 123 818 125 896 60 591 121 522 30 423 130 302 29 436 33 936
989 -4.940926922781375 4.0261127701389556 9.2815594942312032 150 170 169 1.3725459739061405 36 689 145 874 129 835
4455 8.1367357463374379 -1.9610881559865294 -5.9875423424989016 125 125 115 0.92522324125369082 11 479 107 487 108 499 14 446 105 362 10 139 98 155
4987 15.252218405820317 -3.898961883869219 1.3850956912467471 69 77 54 2.5300926266065602 105 28 10 24
2630 -2.2741378925405118 0.98190358090365981 15.086187342898631 53 55 41 0.80206546250397392 42 837 137 690 70 534 76 376
4984 15.837584051641311 -2.1949738585547229 1.9231739519154587 101 103 102 1.8103302823277689 108 500 104 286 11 527 14 448 12 343 15 462 25 530 143 248
2627 -2.9990532102012732 5.1988265644461196 14.226542841375228 80 89 81 0.86663961508661536 129 322 159 707 137 627 131 702
3334 3.18702186776247 -3.7683091926517296 9.2320759517577606 163 167 148 0.48891087871205252 32 469 122 168 60 147 121 121 29 6 99 578 153 528 35 309 128 348 32 261 28 15 27 9 24 2
4443 6.477893501061887 -2.1111661798928525 2.9270370691703342 62 58 49 0.86864328157240978 25 375 38 386 107 291
3616 7.2522535582108061 0.84331760239356834 -0.98255673025436852 252 255 251 2.1323916759652142 24 344 20 383 113 486
4725 5.6680749131615906 2.1633231831205815 1.8989890667458784 91 84 76 0.84921097381277655 14 330 15 360 10 223
2368 1.4703054264010589 1.995864931119252 11.169212919880309 28 31 35 2.0467498836250035 37 407 39 657 133 679 131 805 159 928 40 928 46 999 42 1045 137 723
4982 8.0813519076600748 -3.5542904321409257 -4.6564532680330988 65 66 49 1.5345783667841826 25 602 104 460 143 430
2625 1.2719469501640701 2.5947135776617425 10.143516273437628 138 141 134 0.56969189100291551 40 533 45 568 137 615
3614 8.2841116897193992 1.093608589074732 0.15459519534208324 54 44 43 1.6399406428886751 24 379 20 380 43 325 19 335 21 467 38 250 21 130 109 223 115 579
4723 6.4566580094627284 0.34927812980863016 -0.90953765947423204 29 25 22 0.60202156857529054 11 493 14 383 25 491 15 344
3073 -6.2765648983217321 2.215168977803764 13.308856857882919 58 24 28 0.45955399939714842 70 99 138 170 51 81
4182 10.828722884357614 3.3968459738298105 0.64181693690014341 174 170 171 0.76601910406214058 20 104 114 240 113 230 110 130
3871 9.717406290600179 -0.54976287243759769 -2.4729495905525933 74 69 49 1.4051656714988814 21 353 114 481
4980 7.4401046341265786 0.15324537615839301 -0.86275402191371398 250 255 244 1.2524557365089093 105 472 106 434 107 547 104 450 101 339 102 366 97 297 120 151
2623 0.35248862330340541 1.1648453415331321 10.116301388502515 186 197 199 0.49413094090002524 46 177 137 574 41 362
3330 -2.7789354584979491 3.8902702690872886 9.294338671603116 87 86 98 0.53381587060707236 30 421 73 892 121 519 29 434 130 301
973 -11.569436460270373 -4.2452183512444117 11.465055818734484 165 166 161 1.0430027036932967 37 630 153 709 145 757 99 764 33 479 129 737 133 733 131 860 123 201 42 922 159 860 44 817 169 534 134 740 137 771 80 408 76 337 122 410 47 249 138 205 48 152 165 224
4439 5.739033488101092 1.6742296778805632 2.0006628734635319 66 51 28 1.1852382963021044 25 259 107 139 12 109
4977 13.13007154973576 3.7944185392932401 2.5226885684363953 159 166 158 2.2044900378165471 12 440 14 466 106 365 107 501 104 419 11 541 25 544 105 446 109 418 143 343 109 532
3327 1.0105840078393113 2.0196333884528892 11.670934073365611 90 79 70 1.3281270487145413 60 539 80 755 125 844 29 366 28 434
4436 8.1991697404529376 0.30380441843783584 -1.1727791412619071 212 231 201 0.25629691435667917 110 80 107 97
3610 7.3504457031632278 0.84321122660751657 -0.85660465107124995 50 50 56 1.2018569772557206 24 272 20 322 113 484
4719 11.329017596290463 -2.0430787461824993 0.26947100396144269 15 22 19 1.0230245159740718 11 54 14 195 25 310 109 290 110 252 15 322 10 37
2362 1.752480797126426 -1.3239709699765767 11.044818816253223 63 63 39 0.65560763185461457 46 961 159 1042
4976 6.2095734272130931 2.1348723119310704 1.5842775888364335 78 74 62 1.3536796627086571 12 414 104 418 10 314 102 311
3326 2.0145810413490071 3.4120888331023882 9.2695526117156906 116 108 89 0.56887428430606013 26 472 35 957 153 1075 29 329 117 308 28 446 118 431 27 563 118 490
969 2.8435590987123618 1.4071977691276651 8.3195254191297714 127 138 134 1.612705322524159 37 409 145 691 129 659 133 678 133 932
4435 7.9679593899273966 0.28922591181178325 -1.2213647312140017 212 231 201 0.87095074964220898 110 79 107 96 105 73 106 101
4966 6.6242612868435646 1.8722078753947724 -0.91944857383704515 17 22 12 0.80637965305928783 106 294 104 304 10 222
2609 1.1845437463240212 2.3770832138570168 9.6033381071499075 151 157 157 0.014167483585257113 44 327 137 247
4708 6.5503187933215434 0.26020021543200106 -0.89090274074456532 255 235 231 1.1909089614973114 11 248 14 309 25 333 15 254 12 220 10 163
3856 10.986078316000158 0.48618947347388664 0.36953904213070532 167 131 121 1.8444035954081075 20 144 114 204
4965 6.7634912043226922 0.87786173722441696 -0.93833973999499576 26 32 18 1.3829825426393381 105 328 106 402 104 300 143 376 101 305 102 102
251 2.690730496520688 1.3990813766801256 8.3741745008494828 236 248 249 0.31107757456314278 99 680 37 566 36 646 127 415 32 368 65 364 126 353 33 374 129 803 89 153 125 375 73 148 80 125 26 67
2608 -5.4513546358361697 3.048416996308247 13.574360034955903 54 47 31 0.065809946021025301 44 292 137 200
4964 7.9031300694792561 0.24108893228005771 -0.70800015112074577 0 0 0 0.12184339193037766 15 414 110 461
2607 0.16777694631680884 1.7059587996812879 10.042797082265013 179 184 190 0.065320696058080441 42 310 134 200 137 191
4959 8.278537982763412 -1.3082422081212366 -6.0544899270179071 58 56 41 0.10603568712035799 107 490 104 202
245 -13.394160900767289 -3.4269594449100906 9.1725485946414569 95 94 102 0.26781133596646478 99 356 37 498 36 571 126 268 125 467 73 297
2602 0.06525327654395241 1.5253598582367121 10.050790805149145 122 132 134 0.80135996179658853 159 199 137 176 41 101 45 267
4954 9.2299416806557275 -1.4719571420184525 -0.12957389439847816 117 121 114 2.4109898764631068 110 254 104 65
240 -3.0122931335435785 4.1408188383637805 10.321878047534003 130 141 143 1.8370186393866408 99 555 37 470 153 307 36 284 35 264 145 586 127 282 129 548 133 577
2597 -12.647818481020659 -5.2434977878418518 12.269838035167268 245 247 254 0.90026864879553481 40 15 137 1 41 6
4698 5.5746284417818419 1.9457993186281435 1.8321203926630887 96 90 74 0.50616361484206929 14 262 15 154
3588 17.340599247707683 -2.1783724224858245 2.8404164688702394 14 20 8 0.98966702386265926 27 637 24 429 20 458 43 427 19 600 21 635
1231 1.0667180176755413 4.4237510369755171 10.842159633935752 42 43 37 0.54721647422630926 35 275 153 319 126 228 33 237 26 99 28 117 118 94
4697 7.4948913571604683 0.93075724518652458 -4.6953484210191938 51 50 48 0.37224415082444345 11 287 15 145 106 111
4696 7.4948913571604683 0.93075724518652458 -4.6953484210191938 51 50 48 0.37224415082444345 11 286 15 144 106 110
3586 14.537461994105815 -0.028942909181951096 1.9663417863485559 252 202 191 2.1613157540018064 24 414 20 450 25 584 110 516 109 563 11 568 27 623 21 622
1229 1.843528504584651 3.5340439845132106 9.6048625996645622 132 135 128 0.25577319816521088 153 667 126 217 129 939
4695 7.1336204851494909 1.4760172805104523 -0.88350441644769862 167 184 185 0.89574222325016051 107 257 105 251 106 228
4154 14.12280178434122 4.2327587970647729 3.9496541816327175 213 215 207 1.1347734147009718 11 559 115 673
3585 14.088833357316945 -0.03795894055057869 1.7569929658506194 252 202 191 2.1675487647320062 24 413 20 449 25 583 11 567 110 515 108 578 27 622
4694 6.9911321513761999 0.71371108919785087 -1.19633697988173 36 38 51 0.11973514369585413 109 405 15 123
3044 -5.9338532943153171 -4.4458580458150747 14.989093738348506 85 77 58 1.1895423361839699 134 742 47 486 138 465 157 523
687 2.9343881177626057 1.313932628924378 8.3917747120573036 217 215 237 0.35006932406269797 36 454 35 199 32 158 126 146 33 146 125 144 29 44 117 32 27 78
5262 3.4669299962794322 -1.1992692482852487 -2.1312245985784939 36 25 7 0.9372803987671372 102 155 98 56
2905 -5.0080916149175279 -0.27746076664802977 14.403611357788963 47 43 26 0.266601437632145 35 112 37 83 70 415 47 364
4153 6.5530525252001652 0.58220271769447218 -1.5035583141261359 34 46 35 1.782686212697834 11 537 25 540 115 670 14 461 15 469
4693 11.163747699723706 1.2679923494234255 0.58352829371234005 150 151 143 1.5421947236561186 15 122 105 233 107 444 106 285
3043 -6.3853966989038806 2.1276007087607196 13.567032248661691 44 40 18 0.32646863276332161 76 204 47 470 42 271
686 2.9318796941008864 1.2787213019733035 8.3667478919111762 217 215 237 0.93655389522102839 36 453 35 198 145 260 37 185 129 223 133 220
4152 7.2228241466735987 0.89077931117918496 -0.16327586502389219 0 0 0 0.32901035073944279 25 497 27 590
4692 6.5913012355600928 0.27169903061729489 -0.91696442371755338 101 60 59 0.38537199772918695 11 249 14 96 25 235 15 113
4690 7.5850586316020729 0.2627363562625703 -0.68209156114628922 250 219 213 1.0100208914188564 110 206 15 108 109 78 115 124
4688 18.415899890077881 -1.9807112259489816 3.5276123677321323 96 100 93 1.6852315527495789 11 222 14 206 25 66 115 370 15 74 106 198 12 60
4681 11.285451121973605 -3.3361118058842774 0.0015808495659700838 191 191 181 0.97937933982498115 11 199 14 26 15 35
3571 16.729955733390621 -1.0907148627629684 1.7057555555979611 13 11 16 1.2518923852186812 24 252 20 210 43 177 19 195 38 78 10 53 110 66
1214 -13.41150727482475 -3.4621600432255795 9.3650641403458863 108 123 139 1.4938568441772653 128 43 126 31 70 17
4680 11.941039475713222 -1.964895948416856 0.73590942182760544 134 139 145 1.3199401753814013 11 579 25 595 109 543 110 504 14 515 15 518 10 330
4675 11.931115949665907 -2.2669755398173934 0.49466815093694488 118 110 123 1.5872693031591558 11 210 25 212 14 193 15 222 109 189 10 35 12 42
4673 6.9234801078787465 1.5476818306468301 -0.81623092720840895 249 255 255 1.8359959682125393 25 265 14 128 15 147
3023 -6.739944348047838 2.4955577863399498 11.42856372965508 153 152 148 1.0531050664864354 37 202 47 105 127 217
666 -7.3877520275966395 2.6007067986913386 12.899219560928019 249 253 252 0.64624212496263289 37 1000 99 1134 153 1111 145 1173 129 1124 39 1096 133 1128 46 1109 131 1109 42 1157 45 1147 40 1091 159 1150 44 1068 169 941 134 1003 137 1026 41 742 157 717 76 641 135 537 70 663 47 584 136 497
4132 12.453589795376953 -0.25595306090781389 -2.6022614577179142 39 31 34 2.1656924370705912 20 367 114 484 113 435
3563 17.254146611418246 -0.65548020607286805 3.3569547737833192 54 56 45 1.841856681561834 27 197 24 45 20 55 21 68
1206 -13.383983758539509 2.4414854366173109 9.8503722766438599 75 69 57 1.1980100208183262 65 523 99 687 36 656 153 776 35 602 32 555 37 700 128 812 126 526 33 393 39 791 46 927 127 760
4672 6.8519714850888374 1.4123357835146066 -0.80527251227954277 127 146 145 0.83484369219855259 11 282 14 123
4669 12.247432832351638 -2.5509785906401552 0.50044035317483959 113 117 103 1.3202146972713571 11 45 109 32 14 46 15 218
4668 7.2378411221251255 -0.47234575617425378 -4.4667725378825702 39 33 27 2.014988889812888 38 544 25 490 21 528 108 434 108 505 38 426 25 413 105 315 14 379 106 92
3558 17.39397492782189 -3.860163520088522 2.0202916803911544 54 46 45 0.84737948743707769 27 38 24 21 20 32 43 24
1201 1.3596541139291147 -1.0275810685321582 10.062652635208968 65 64 41 2.1523854206120898 36 590 145 783 32 303 153 561 127 348 33 67 129 867 73 329 125 489 134 974 137 966 60 41
4667 5.931351017166838 0.24734676276864381 -1.7175896360640066 91 101 106 1.4213145642386895 107 560 108 584 102 338 104 451 100 221 98 283 97 226 120 121
3017 -8.2013926180304839 0.622494309740386 11.988401504057721 101 96 93 0.1358602039687509 50 107 47 61 51 43
4126 6.6559402793900322 1.4793597856422374 -0.930954082496389 42 48 53 1.0605447380835005 11 163 115 421 25 149
4662 7.2491655542592 -2.4691154569264042 2.4822812722370435 0 0 0 1.8851380396520103 28 519 43 434 24 424 38 616 27 632
4661 10.706871666266583 -1.8032447655123576 -0.21965376750977314 16 21 15 1.8413124498662468 11 581 109 561 110 520 14 523 25 605 108 567 15 534 12 464 10 331 105 414 106 391
3547 -15.89560502533808 0.5033069510377427 4.6746923113377186 131 136 132 0.4186430319532688 53 48 83 53 146 39
1190 2.8772034791166465 0.75961329254609555 8.6702829609934327 50 48 36 0.80077843126807036 35 984 32 841 126 759 33 828
4656 5.9531295878426009 1.9840800418336024 1.1517524973401174 226 232 232 1.166975319795883 108 551 14 508 15 482 105 448 105 463 12 415 104 441 10 312 143 340 101 269 102 308 100 228 98 290
3545 -17.780656337404743 -0.1484507394808757 7.8241468141117316 93 99 93 1.9201177033328551 53 166 142 142 48 363 49 183 52 149 82 161 54 124
1188 -14.300710368477347 -1.6838376752722186 8.6722880976721974 211 217 235 0.49227502327217093 36 951 32 834 82 128 52 131 53 147
4654 15.489746025938699 0.45369593799052471 1.8657423305389782 255 254 240 1.9917198051336511 15 525 105 473 106 435 12 452 104 449 10 337 161 496 100 280 98 311 97 296 114 571
3543 -13.460351473280701 -1.5506096445464055 9.3364483643645091 3 8 4 0.94049848015009119 51 33 52 95 82 64 53 127 47 44 54 94 142 115 141 74
4652 7.7624226499201958 -4.2183688644205422 -2.2127957245840402 70 71 65 1.1582690704891057 11 547 107 511 14 477 15 490 105 451 106 378 12 383 104 381
3542 -17.590879176565299 -0.19878024529388852 7.7593570378740857 118 117 115 0.91358432364577968 53 165 141 101 142 141 136 504 47 581 82 160 140 113 54 123
1185 -5.5105389932864703 3.920310610356236 9.9490813521804018 81 75 61 0.88844255893489144 37 938 99 1086 32 807 39 1030
4651 6.6227280364739372 1.7382637060218247 -1.1202084819580898 118 128 119 1.3478190684636799 11 545 14 468
4110 12.928139543635876 -2.6689944458142065 0.56397114934926296 110 113 106 0.81471391169873253 114 39 115 231
3540 -15.991085084192868 -1.3013055154976862 -7.2766515434359746 70 64 53 0.59523182144739506 82 130 142 125 49 161 52 132 140 93 141 84 54 105 83 103 144 91 155 90 55 86 146 87 56 111 166 69 111 50
1183 -6.8624508915862377 2.976670224100372 13.250741207753837 78 73 64 0.5190289542911849 145 1041 32 793 133 1008 89 813
4649 6.2846345559607943 0.6212984484113877 -1.6307233145683926 228 230 227 1.905735633619706 110 433 115 688 14 462 15 350
5217 6.7031010742377815 0.10154287357768019 -1.0911173865345496 255 254 236 1.7342302206983462 101 340 107 548 43 418 108 570 102 365
4108 10.884596805905037 -2.8040985283613122 -2.4561902057049485 135 135 120 0.040540117563641766 114 255 115 219
4647 6.3710341549702205 2.2899427608038536 -0.31197928923314622 73 67 56 0.60395177831493407 107 467 14 418 12 313
4646 6.3668786929503645 0.88526148255358239 -6.5453895941476707 157 155 159 1.437915021068348 107 465 14 416 105 344 12 140 143 112
4105 5.4737911923237093 0.50755667352779021 -1.8582020250252766 28 29 14 1.3559765128412207 19 231 38 138 115 173 21 145 109 110
4645 11.305528240537226 3.3812257610368248 1.9446270377965866 124 128 119 2.1995281371247857 115 674 14 403
4104 6.0344237392118796 0.70987168061597228 -0.63626972395400772 108 107 87 1.9848664536497165 114 115 110 108
4644 5.8228438565366014 1.4490770805236337 2.0553263670861677 98 91 83 0.72767998266939027 11 445 14 394 105 382 10 212
4103 13.9591675945817 0.78260709592874456 1.6724354140573208 163 127 125 1.1704266108897385 19 84 21 96 27 213 38 103 115 119 110 76
4637 6.2650606234089983 2.2646641970861898 -0.30230114198647545 98 87 72 0.82967826926948673 107 468 14 339 106 301
5205 2.6146701446671607 -2.3824092641700534 -7.0847673843960619 143 148 150 1.0433116109148917 101 231 102 277 100 155 97 174
4096 10.600520229626081 -3.0271325484559628 -0.17793139252218326 55 48 46 1.9573119957740319 11 200 114 150 15 37 12 27
4636 7.063551937806853 1.0167394852976723 -4.5141215212341272 73 74 60 0.77652782155787214 19 440 107 373 14 328
3524 -16.554907649038491 1.0636705427106632 7.8399180537088817 7 15 4 1.0279494827090978 53 148 141 96 144 106
1167 -3.5752783627592954 -3.052035091823726 9.7537840638182445 71 59 62 2.723090755251528 35 677 32 621 89 650
4633 17.11719272970068 -1.3156787775599097 1.7769760154631884 135 117 111 1.0523865896483997 11 228 20 296 14 303 15 327 12 205 10 52
4630 6.4351307339117225 -1.559347923628744 1.7654682293182591 103 105 120 2.3739111038236569 107 18 14 288
4629 5.9952682959178292 1.9995554146391603 1.2702520843814231 86 82 87 1.2016905933736683 108 386 14 265 15 158 143 203 101 211 105 337 100 135 98 115
4088 7.2806870612901298 1.4509320243865733 -0.64061520318536391 62 67 71 1.888931022549462 25 506 11 499 19 539 110 471 14 396 109 507
4628 6.5089879230103804 0.84873860344216734 -0.90869288066072018 112 114 116 0.67254081700811474 11 143 14 250 15 352
3518 -14.455948851895453 0.10180718668208766 6.3517262611462106 121 121 121 1.9837244423263891 49 79 141 70 83 75
1161 0.25130643898866167 4.026251845127371 9.776845849016258 209 216 208 0.80646165529052349 153 678 32 585 89 594 123 339
4627 6.5746457977073041 0.27544571934925677 -2.4752507476574794 49 45 34 0.59529667174440704 115 578 14 237 143 87
4624 5.9707738525542986 0.58347310151905563 2.172535121893107 95 92 77 1.8984801134791822 21 357 14 224 105 215 15 243 106 89
3512 -5.0084717367507565 -1.1582478322333498 1.5496753103263157 38 40 28 1.0170001440824472 53 9 141 2
4621 6.1949795268200694 -0.43951651123481239 2.5117162350359727 92 92 77 0.29171861582371283 108 319 14 203
4616 6.4617995559182271 -1.8529037179727803 -6.3171944140267167 119 120 124 0.5799444973745892 107 205 14 190 106 51
4075 6.078404987384987 1.3541061584671652 1.8415540537103874 100 90 82 1.1398247293932808 114 596 11 571 14 504
3504 -14.973990602298153 0.53440433809551957 5.5223235304846447 56 61 45 1.1727900708691783 53 142 142 127 70 548 141 60 56 108
1147 -8.2872434123920353 4.5665366977329294 12.417773858953096 48 48 24 0.84099853746108033 35 461 153 488 32 417 129 707 46 842 40 842 45 746 134 831 70 565 121 279
4613 7.6244813061671763 -4.1881677219523432 -2.1827460705334873 58 59 63 0.74999181450074981 107 174 14 169 105 6 104 16
3498 -16.257980219228966 0.84192137912082443 4.8249509019572789 76 79 84 2.1653208020041572 53 50 142 42 166 57
1141 -4.448951976489683 1.2476905239287124 19.753670661466643 84 80 80 1.5172967158429094 127 386 32 337 26 167 117 88
4607 6.2042825723053232 0.64575322755863784 -1.6642580896014056 0 0 0 1.124685994675839 110 298 115 509 14 115
3497 -15.880665794999516 -0.020728383291371083 4.7817739470429794 199 197 200 0.37734735018961452 53 41 142 37 54 26 83 31 144 28 155 25 55 49 146 58 56 26 166 41 111 25
1140 -3.7492318957729145 0.41545922649686506 14.33836546183041 254 255 246 0.23680720711684819 99 427 32 331 37 348 39 130 131 141
4606 7.5054723946940873 0.34664687617048584 -1.3819151590486016 195 202 208 1.1268449407295904 115 396 14 99 11 123 15 117
4065 6.2100178943315001 1.8454342348074591 -0.90602629745958296 56 52 48 1.0072163303653741 25 552 11 508 14 412
4604 7.3665068096506374 -1.1170564586949732 -4.4812498057846675 73 71 56 0.89939151902379011 21 349 25 218 14 72
4063 6.1617336238359632 1.7514265575272565 -0.84438379050983181 37 38 42 1.3787269724185875 11 505 14 408 15 361 109 511
4603 7.3769825415019961 -1.1210335305419201 -4.4960112562252128 73 71 56 1.820463505330904 21 348 25 217 14 71 107 75 109 204
4062 5.7890304509116284 1.6582469044875261 2.0193098495415733 95 86 77 0.89761031038203931 25 543 11 498 107 500 14 463 12 298 106 290 101 76
4599 6.664146566680909 -1.4893012602667053 -2.579633190588098 41 37 25 0.71036687960750455 108 34 14 52 105 36
4058 6.2438222748575649 2.0762515264324639 0.080704306287502692 95 97 85 1.9977184189349433 25 464 11 459 107 385 15 364 101 92
4597 10.876130211224066 -2.9308698920929839 0.20980984565788072 86 94 83 2.1210116631369083 11 28 25 199 14 30 15 40 12 28 109 180
4595 7.8445517202949242 -4.4398978955810344 -2.0856575028115829 152 159 151 1.6117876990750923 11 0 14 5 106 10 12 7 10 123 143 142
3484 -13.706171520567128 -3.2004107339611907 9.0385787837071376 138 140 153 0.10082564842262903 99 53 53 72
1127 -2.5837604711715625 0.91794310936046641 12.834193299537288 92 95 87 1.9263204106466503 99 150 32 135 130 17
4593 6.2879230542800695 0.79922621502069646 -1.0770380694459494 30 37 27 0.73894783655399132 11 538 25 587 14 489 15 472
4592 9.698876199484241 1.2077724828837726 0.62457630999463964 0 0 0 2.2918998737696032 21 644 109 564 108 571 19 601 38 610 110 521 114 606 115 697
4591 6.3733509728881543 1.8271896815743252 -0.87907307717283412 155 161 157 1.546651631139268 107 506 108 552 105 392 10 226
4050 6.4270672119455474 2.093897148964567 -0.1539800107205333 91 87 78 1.0328486941785131 11 387 107 462 108 473 14 335 15 367 105 343 106 298 104 237 143 211 101 93 102 200 100 136 98 120
3481 -13.245300884385262 -2.5953984104516565 9.7608342252339835 42 43 35 2.1541623045542431 157 248 48 106 52 68 99 68 46 385 36 352 41 418 165 39 76 25
1124 -13.883806235016504 -1.6508214124919522 8.8448675639215626 152 166 176 0.51179414261567269 35 83 36 368 32 86 99 91 52 75 53 87 142 96 141 55 83 70 144 70
4590 6.3173477402379907 1.5949141122727495 -1.4551343776276717 118 126 115 1.1440335189149746 107 504 108 549 105 428
4049 7.28982031410691 1.2866903834339429 -4.6454017816879185 47 47 33 1.5863677454194134 25 463 11 384 107 379 106 232 15 280 12 238
4587 6.4388737673443295 0.66397220116993749 -1.3457055973367869 249 253 255 2.0210389646210594 11 362 110 470 14 316 15 348
4585 3.2808928742083396 -0.16516802372704278 -2.3066161005607895 0 0 0 0.083853921925265029 43 114 115 484
5153 7.1978685309608412 2.0971634200536879 0.059879911092038232 149 163 146 1.6570879343079568 10 316 12 441 143 344 101 314 102 313
4044 5.8407619492178879 1.5736098007334236 2.077318550560268 75 62 41 1.2119338700924698 25 443 11 368 14 254 105 244 106 289 12 227 107 363 104 227 143 194 102 107
4583 6.0096934506709099 -1.2168721370161675 -1.2176238627942753 156 156 158 1.5338153166495707 110 32 108 180
4582 11.230226930943477 2.4593302787477778 1.3013677418706371 120 127 120 2.0092085287864667 115 304 108 126 105 246 19 128
4041 7.2408987598772994 -0.43109942390115463 -4.4545344376761005 40 43 26 1.4460107152421209 38 425 11 352 108 344 106 91
3472 -15.520025804800055 2.6554647334837611 4.9014898443488883 94 95 90 3.365616590982464 51 452 52 124
1115 -1.6003481080402215 4.4812011733132096 9.7792542822804567 249 253 253 0.3315121856105035 99 330 153 331 127 302 153 831 128 554 32 451 126 239 33 453 89 479 125 445 73 434 123 175 122 289
4581 10.752717254139958 2.3286101662585148 1.0787686528129705 120 127 120 1.7116808585605336 115 303 108 125 105 245 19 127 21 475 19 501 38 446 109 411 110 391
4570 4.4352922384510114 -1.3464434845049429 0.0061983784117937025 92 84 82 1.9639714711909155 109 558 108 564
4029 6.3411224000219812 1.5257521589312648 -1.2416570750315892 91 92 96 1.9969376092797493 25 361 11 293 15 156
3460 -17.293161507365141 0.3837178164129274 8.0664540149171557 89 94 90 0.89595946032276741 49 81 50 111 82 81 52 81 53 93 142 77 141 21 83 77 83 91 144 32 155 66 146 75 56 37 56 106 146 85
1103 -13.576229789659029 4.1944780111715927 9.819245229795186 41 45 48 1.2921607171965064 37 888 99 1024 153 1006 127 951 36 978 39 978 73 770 123 678 135 385
4569 5.697081633024264 1.1214747568107268 -1.7294144669216291 0 0 0 0.19530190761136734 109 567 110 519
4028 7.1299834993521616 1.1530676806741131 -2.555255426714711 71 67 42 1.3068716008179355 114 500 11 283 107 369 108 374 14 124 15 140 105 249 12 112 143 99
4563 5.9865632553592532 0.75110649673546637 1.7139665715748647 82 79 58 0.64500280159084733 11 492 108 538
4022 7.2625909400605773 -0.41970099748400513 -4.5104325080545014 60 62 48 1.8721070195728344 21 356 38 334 11 242 25 331 14 227 106 94 109 214
4562 5.0651413541360046 -1.0379815965469381 -2.5656378959633042 0 0 0 0.3411812202482209 25 526 110 483
4560 6.6138553187598763 1.9050100308952393 -0.93633787372275412 152 152 154 0.8932160717106612 107 384 108 519 105 264
4554 7.8738838046960824 -0.21928497605038688 -5.9957077480748886 56 54 42 0.30684532011209936 107 441 108 507 143 264
4013 6.1058939484852184 1.7803331394106297 -0.82583701222659445 112 113 115 0.94534109342721273 25 277 11 178
3444 -15.814502870440727 0.49542133970463087 4.8505875234521509 93 93 85 0.011762449245290515 48 309 139 117
1087 2.8393940621350366 -1.6375904142496351 8.5511629682576764 65 66 31 1.414766742612219 128 984 127 816 32 728
4553 6.1988988087826291 -0.54849177921944836 2.4173112321971364 88 83 83 0.77025230890916985 21 514 38 486 108 496 15 228 105 193
4552 6.7080541643289289 -1.7674142306315965 2.2256454148656877 94 95 78 1.2380363970177601 107 474 108 486
5120 11.561417850987707 1.8077182473337476 -0.84825442379892746 0 0 0 0.91576099082038975 20 454 27 629 43 413 24 434
4011 6.2607786457471981 1.8369932716740802 -0.72354812989971573 173 177 178 2.2094461374091505 25 168 11 171 109 345
3442 -16.42890617732618 0.85511743251300376 7.9316597785716301 20 23 12 0.53808016925036384 70 446 139 104
1085 4.1091498946832949 2.0886311100844912 5.7443837608921351 49 52 58 0.39282612650684462 128 961 127 781 32 693
4551 6.7426199466846999 1.9104976496762742 -1.6349360235019896 36 36 15 1.5326907552067994 108 474 15 173 12 310 104 310 10 229
5119 18.554751134180744 -0.13453370702040074 3.104191397266657 248 206 196 2.1606332791343243 114 592 161 513 105 471 106 442 113 557 107 558 15 523 12 450 10 334 100 302 98 323 104 461 97 295 14 518 143 420
4010 6.9890264438259981 0.87246388523454332 -4.585413225933622 72 70 45 0.27633209471139553 19 435 11 164
4550 6.5039667942748682 1.8492911262150844 -1.1162599772870616 129 132 123 0.33884007176906827 107 459 108 469 105 393
3431 -12.804148755398671 -2.4093091904973023 9.3157536706278119 14 17 8 0.55547544673997218 51 253 82 72 52 93
1074 2.0521867627316399 2.250126950042219 9.6909873835673768 63 68 47 0.59090602984068119 65 169 128 821 127 626 32 673 126 531 33 568 89 428 123 305 125 396 122 254
4540 6.2031635753638703 -1.1916668199648792 2.5171800966001072 86 82 71 0.29497502874508413 114 251 108 304 104 45
3430 -3.250051364501108 0.32246740035875282 3.7196879965730578 140 143 137 0.38671904627473752 49 141 82 41
1073 -13.754788612315926 -1.550026531206582 9.3304438692124592 54 60 74 0.9679164308295275 99 399 127 556 36 89
4539 7.7144940239686122 -3.0549153678780891 -4.3339570994708021 67 66 47 1.4739074433280415 19 368 38 388 108 298
3998 7.6087290432530601 -2.0080965105193163 -4.927814492285969 69 72 60 1.498920992326332 19 172 21 203 11 39
3421 -13.73348183546679 -2.7372230908119017 9.5796279687476371 52 57 50 1.3706749927762649 41 417 76 255 49 47 70 167
1064 -6.6152922609179097 4.6853708768242672 12.978977986416931 50 51 44 1.2145758759012915 99 725 145 722 127 468 39 698 133 833 123 331 45 754 35 246 36 509 40 320 40 549 99 543 44 675 169 645 134 448 137 753 41 491 157 422 121 187 73 203 130 95
4530 6.3939473608538604 -0.8692994565789075 -4.1824820265079907 0 0 0 0.23217296247397318 109 302 110 268
5098 12.636276949577807 -1.6834601631991237 1.8026262614733912 42 49 42 1.6151019881586639 114 377 161 395
3989 6.362078258562903 -0.43224176420351484 2.1684920176027971 104 93 83 1.3138077239273376 38 603 25 582 107 545
4513 7.5464695149568994 0.35588707658931273 -1.3531834591004839 198 198 205 1.2104604849194835 115 397 108 93 110 207 109 87 14 100 15 118
4510 14.353771360844581 0.46816731168333842 1.5743028224563027 24 17 15 2.3834311190500594 25 536 115 635 20 404 21 572 110 370 115 571 43 248 109 468 38 543 24 405
4509 12.481514535572543 -1.4810222461680731 0.42447240951970433 104 101 101 1.6751243327893612 27 339 114 189 115 254 113 161 108 56
5077 19.750184632610456 -1.3521597952249425 3.8281536061401842 11 22 6 1.6979176189835252 115 379 161 203 114 297
3968 6.5897442355977143 0.37731291362923486 -2.4974021072121015 72 63 47 1.2324101307013593 21 471 25 427 110 384 108 356 14 105 105 231
4508 7.3885804754603317 1.0739444892239622 0.19184221070739979 116 102 89 1.9372000021151057 20 407 19 533 38 547 113 520 114 554 43 367 161 419
5076 11.80020350334498 -2.5018891059590511 0.44009473228229073 205 167 164 0.45365398503289767 114 272 161 191
3967 6.5426468665276536 0.15620686463392652 -2.4883915943456585 54 49 27 1.0725747442496663 19 486 21 532 38 506 25 422 11 439 110 428 109 469 107 435 108 440 14 312 15 258 105 323 106 218 12 222 104 213 115 618 143 190 101 64
4507 8.1775271085368573 0.71740393338627995 -0.040821878441759774 90 90 79 1.9859381546490356 24 266 20 314 43 252 19 415 21 462 38 436 110 378 109 399 107 438 115 487 105 374 161 291
4506 7.5801143562289681 1.1503525495797113 0.44437774326442314 205 199 189 1.4447089648981302 43 129 20 86 24 141 113 303 161 219
3965 6.1022408269843789 -0.22778250534999084 2.3683255741212301 92 78 76 0.90270999881668368 19 468 38 493 25 404 11 338 107 414 15 238 105 203 12 66 10 48 143 174
3394 6.1858969333740781 -0.87668928071584129 2.4767501943541212 64 52 40 1.0139273374119582 117 86 43 104 19 176 21 325 28 151 114 166 25 207 14 48 106 38 143 39 24 32 27 187
1037 -13.231867657259725 -1.4174850869302769 9.2606214260570692 169 168 164 0.14149523512265447 37 65 127 94 39 99
4503 4.7150861651592129 0.42637651353422307 -1.7064985819316243 0 0 0 2.5933011612169432 113 548 118 531
3962 6.5367120331066921 0.7769379691699001 -2.5392444189051857 47 43 31 1.3214804328254055 19 425 21 389 38 364 25 353 11 276 107 252 108 364 14 253 15 135 105 239
4501 4.7007017461366933 -0.38911872591910024 -2.0313726722312695 0 0 0 0.39343841671365876 113 499 118 511
5069 13.461594176931406 -0.13726632824314897 1.8850519187147032 99 102 97 1.6330127425483032 114 202 161 140
355 -0.25485132549522715 1.1410138305217001 9.5143113009862379 238 251 252 0.78969446363566242 37 386 36 178 39 463 137 576 41 458
2712 -13.365984653019941 -3.066716821933948 9.775441890911523 59 56 65 0.19914562928702581 41 22 157 30 76 21
3960 6.9428807328036672 0.73892631185516289 -1.5783839135143436 237 229 226 0.75691047575918324 21 580 25 347
4490 5.5626566825250841 0.17495712165355748 -1.5739131588693078 0 0 0 1.232563531379355 27 279 113 298
5058 8.2047427850308718 0.2475658946499848 -0.72040419712218295 27 30 24 2.5163189253334823 115 638 15 503 12 437 43 387 107 429 105 370 106 349
344 -13.504031532291158 -3.0556117967753393 8.6156198266094606 145 152 178 0.14155881884479948 65 36 36 47 32 55 33 37 125 30
2701 -11.813186138054991 2.4972760189605627 10.427161849900214 91 86 80 2.5087232483240913 41 745 136 490 165 347
3949 6.5160707047801223 0.017785308663466861 -2.5092921099809238 83 75 61 0.96478156476483068 38 343 25 236 19 407 21 457 11 250 115 480 110 373 109 312 108 351 14 97 15 112 105 222 104 98
3377 1.1212746409631607 1.3307245371803429 8.315246234614774 60 43 49 1.1243270874507023 26 66 28 67 118 165
1020 -2.5486765651581469 3.9670181495031445 10.362664665338858 162 175 174 1.0371330944399801 36 1075 99 1140 145 1176
4486 5.5895813196028259 0.22191513873311186 -1.5888541215264902 0 0 0 0.8525168581987943 27 113 113 74
3376 0.81217275544862988 1.4838582325873542 9.5299032412841775 60 43 49 0.26437195064035635 65 143 118 164 89 147
1019 -8.9858044823639496 4.2760040227782019 10.205922054521244 40 48 57 0.73119698421617274 128 1079 153 1070 145 1160 33 856 129 1091 125 828 123 735 122 626 60 544
4485 5.5895813196028259 0.22191513873311186 -1.5888541215264902 0 0 0 0.8525168581987943 27 112 113 73
3367 6.751057020236348 -2.4947270259382868 1.7312105273399756 125 122 113 0.99964161447761135 28 346 43 416 20 433
4476 14.226413402412415 1.1427215394639507 -2.7225932801902206 0 0 0 3.0236898677360911 20 423 114 552
3366 6.2133498691874713 1.6489940394411493 1.6434535382307993 83 76 65 0.97074456007940335 26 372 28 334
1009 0.94994586276746285 4.0438050308401223 10.565144551449 94 100 103 0.91313718342603134 65 789 145 1061 89 826 125 771 123 681 80 686 30 301 26 476 130 202 117 311
4475 11.746548028884028 3.646730712657277 1.1780030539107098 0 0 0 1.0598295250430192 20 388 114 582 113 493
4473 13.381987788638707 -4.4118908919142843 0.57945227524223208 0 0 0 2.5351020238666395 20 6 114 6
3362 6.2130324905251308 -0.98815209975720142 2.5216577350342559 69 70 60 0.85679743152659815 26 33 29 19 117 10 60 158 122 179 121 18 118 25 11 34 20 33 27 46
1005 -8.0463100581486486 -2.5921265062016068 17.843945364306979 65 60 57 1.8719626222849146 35 820 145 1013 153 968 129 963 89 772 128 894 157 620 121 418 30 317
4471 10.84163823979276 -3.2987001306640513 0.024204059488842997 0 0 0 0.0022246292053928903 27 164 110 15
4454 6.7053118773289704 -1.5277987035213352 -2.5368090765640905 40 41 25 1.0495050946705478 107 484 108 529 14 440 15 397 105 412 106 334 12 336 104 344 10 196 143 307 101 177 102 235 100 163 98 198 97 181 23 171 110 452 120 61
3339 -2.9836658383594385 0.77160598734758279 14.624911342853544 98 91 73 0.33502770040035162 32 529 130 117 137 687
982 0.6830195119260507 1.049462159084106 9.3097911067380412 207 213 207 0.65744293265127807 35 729 153 754 145 816
4448 5.7771816519752806 0.82202543866469002 -2.5843856510504448 0 0 0 0.25827626377773727 109 330 110 401
3333 3.0105838111811973 -3.712643979235362 9.1453107344257489 73 73 64 1.2518612496071422 36 551 153 530 35 310 127 321 126 255 125 262 123 11 29 109 33 264 80 9 126 427 117 80 161 171
4442 6.701656646596402 1.5611735862720497 -1.6631529903115467 243 245 239 1.0277677294210108 11 295 107 267 108 273 14 133 105 124 106 123
3328 0.31040099811594818 2.2393681178222145 10.367087797193015 0 0 0 0.030271107897446949 30 372 35 1022
971 -6.2683383072253092 4.8844376045816622 12.979698131423921 87 88 75 0.60711343780329741 36 510 145 724 131 963
4437 6.5995052231485225 0.74145048655555001 -1.596127949922004 113 103 84 1.0276382858218751 11 146 107 131 14 117
3291 5.9424701957193422 1.9211472420133304 2.0341366270947998 66 57 50 0.85425125561630311 30 251 26 232 121 355 29 226
934 0.87184990168231902 1.2542443396668228 10.574536971732913 202 203 195 0.28371006137073207 35 177 145 228 129 187 125 130
4400 5.4966934120180486 -0.49934610207755747 1.3660955479088315 87 86 73 0.38978938356339093 115 681 109 560
3286 0.40147319589684305 3.4121849318826767 7.5538977864518548 255 255 255 0.75615019023953689 121 106 26 112 28 193
929 -8.3883652461851455 0.99541000701142368 11.816958552978383 235 221 246 0.18611682579289632 36 162 37 128 99 155 145 203 129 161 39 173 133 434 46 449 131 454 42 505 45 477 159 431 44 462 41 207 76 182 70 206 47 200 136 212 51 167
4395 5.4146127052837141 -0.308085521363262 1.2408244478517581 88 77 64 0.099190943137292986 115 658 109 524
3279 -8.3953670855101272 0.82131509398344971 11.933455211420748 230 234 237 1.3138428097760653 36 626 37 784 99 811 128 627 145 804 127 600 32 532 126 499 33 344 35 397 36 146 145 493 39 880 133 905 46 438 46 910 131 439 131 923 125 352 73 354 123 415 42 1034 45 461 45 955 40 438 40 980 44 449 44 870 169 807 134 887 137 815 41 552 157 63 157 473 80 448 122 339 60 302 51 275 121 240 121 313 48 279 128 170 145 195 127 152 129 151 39 159 133 428 46 152 131 447 42 500 45 470 40 441 159 425 44 456 169 317 134 351 137 362 76 178
922 -8.389541648962922 -1.6268102274043841 12.507242724487675 202 199 192 0.55000571436463486 37 60 145 108 129 90 46 77 131 101 44 409 169 282 137 317 41 43 122 34
4388 6.6023937621126274 0.84363365671535828 -0.36731101259349863 0 0 0 0.55568284782221189 25 499 110 469
3266 -13.115475470897659 -7.9144283110362599 11.838668701041161 0 0 0 1.9616379755971041 65 579 76 425
909 -9.986403729101621 1.1966579738235588 11.628357981716892 108 105 91 2.0983305839595672 153 753 35 724 128 801 36 634 153 430 145 1031 35 843 127 406 32 771 126 760 33 128 33 763 129 641 39 884 133 994 46 984 131 641 125 745 123 419 40 794 159 637 44 878 134 677 41 620 80 305
4375 8.623694426408024 -1.2685742697693745 -5.0591012301522138 0 0 0 2.0435540636085303 19 471 110 355
3251 -8.3403392166388564 0.98558175383539071 11.548373791537013 137 152 161 0.95493311975905504 50 115 42 225 45 222 40 208 47 74 138 58 44 203 46 159 48 63 131 164 159 148 134 127 137 121 157 77
894 -1.7206473632403332 4.4568133797185974 9.3298211971401859 254 255 246 0.91372880107802512 35 879 36 989 128 1049 125 688 123 593 122 502 60 342 29 285
4360 5.4994387191944369 -1.5380655240370595 1.8346220568908227 77 68 59 0.96610523107427271 115 323 109 271
3224 -6.9393979590020534 2.2035780883420637 9.8459006028627165 0 0 0 1.0018072734666608 121 170 137 203
867 -12.99168482322214 -2.499712164392828 10.715053501358961 51 49 37 1.0801587559678476 128 892 32 734 33 639 42 1019 157 548 50 265 136 271
4333 9.2792144174614677 -2.6213819819866786 -0.63304249523326916 57 66 49 1.7972578711442075 115 20 109 19
3211 6.0974309786330663 0.47770137242775235 2.3532063462149151 91 89 77 0.92981307829662663 60 538 122 615 121 462 30 368 26 424 29 314 27 445 28 378 20 365
854 2.0926900108483522 -1.1685286525271914 9.6604891341015282 25 24 15 0.80742997901368074 153 872 128 766 36 735 126 460 65 301
4320 9.510303083360764 2.9719822354885554 0.60605687832095989 253 255 250 0.97957340679908644 20 431 110 498
3210 6.1401920556709388 -0.34270866269154704 2.461411822938099 91 93 80 1.7461011596335918 60 554 122 638 121 454 30 358 26 404 29 357 130 223 43 385 19 556 21 619 38 560 28 368 20 357 11 528 21 598 107 523 14 449 15 463 105 439 106 393 104 400 10 298 143 319 100 209 161 342 24 373 27 437
853 -11.630472490167293 -4.3979349570096824 11.016917407382765 250 254 254 0.74500960921838533 50 204 128 743 145 908 39 723 133 856 40 863 159 858 169 762 134 844 76 433 135 323 70 494 136 326 165 222 82 103 139 106 140 73
4319 10.89809665762847 3.6824575435595475 1.3839251794428744 253 255 250 0.56214352694321701 20 430 114 583
3195 6.1973680482549236 -0.65036797016715686 2.5487796295576537 57 60 51 1.1073966765464809 122 573 121 301 27 191 20 43 19 288 21 430 25 308 107 312 108 314 105 189 105 303
838 0.42557566770255839 -0.42466998001665668 9.2383305970990861 36 31 24 0.74826065335033964 153 880 128 609 145 791 129 874 133 888 159 1044 134 950 137 968 169 906 131 983
4304 6.8392911441091906 0.59598443290190684 -3.6416210648778105 75 69 53 0.3662907536620808 11 365 21 387 108 362
3193 0.47719802757192342 0.6672370157347971 9.1560300925232241 178 175 142 0.39053533587012434 123 417 125 509 121 243 29 261
836 -6.7888267768949531 -3.7417525518282333 13.936952735562249 192 186 168 0.61559552326889622 37 638 128 586 145 766 127 522 129 741 133 742 46 723 131 868 125 602 133 869 73 463 42 930 45 790 159 867 159 977 44 824 134 752 137 640 157 432
4302 6.5465995231363108 0.37216929139559007 -2.4945194004468316 73 68 46 1.3498665411676913 21 472 110 385 108 357 14 106
3168 -9.9275405577599578 1.6605197028595835 9.3035501596712287 208 208 196 0.66664601671841284 50 316 138 487 51 498 48 331 165 310 49 175 139 138
811 -4.0623203548006899 4.2735015346111807 8.1912215446967345 189 195 197 0.31690284254614071 35 298 128 333 123 179 122 152
4277 6.5207091493093161 -0.11924132408707359 -2.4517712387335968 72 70 49 0.96711742703024639 110 275 109 72 105 65 19 321 115 385
3163 -15.843658390028999 0.11199457578106822 4.8998873486634711 182 183 178 0.2293971607123273 47 510 136 414 51 432 138 433
806 -4.1409185943383147 3.8340829878578244 8.0808833504404234 182 203 202 1.2023056671988916 153 508 128 320 126 233 30 76 30 77
4272 20.030206571398793 5.093207889353514 1.9010645524021881 23 27 13 2.5343972739702991 24 438 113 582
4263 6.8843358305809357 -1.5573257642816463 -2.4208104046009526 152 149 130 1.1907365522788966 11 525 109 520 107 520 14 439 15 458 105 411 106 388 12 335 104 343 108 528 143 306
3136 -5.3492925747091631 -5.4029580656771969 13.918796946136537 0 0 0 0.28531237060707582 137 765 157 517
779 -11.546750234089656 -4.4529390061555594 11.697018276858392 41 41 37 0.82590297256020073 99 36 36 335 153 540 145 413 32 38 129 573 39 561 46 567 131 575 125 270 73 24 123 362 42 777 45 785 40 722 159 553 44 15 169 532 134 739 137 770 41 405 157 338 76 336 135 241 70 266 50 150 138 284 136 255 51 323 48 192 82 102
4245 17.168383459748799 -0.83602248236345811 1.7772466514836611 56 42 31 0.25076930582111268 24 396 109 460 110 423
3123 -4.0489618662909228 -0.28701647190961432 14.637669244295603 130 133 121 0.31862059423142541 47 443 70 413 76 277 136 349
766 2.5818530273484237 -1.2541752306142417 8.5054638418897355 26 24 9 0.78926499149693563 153 1082 35 1011 128 1087 32 882 126 820 65 810 33 811 89 773 125 795 80 642 60 445 30 271 26 452 130 220 28 422 27 545
4232 10.76738704769577 2.8422549746385344 0.52049037204621418 47 50 41 1.0973203843875756 114 441 113 397 43 270
3120 -13.295504385634489 -3.6851982743851557 11.2961787470943 116 114 97 0.89057492078020939 41 586 47 422 136 266
763 -5.7310668431952552 -2.2423837819420847 14.281560519662245 89 85 62 0.99737283349692829 65 850 35 974 33 869 129 1065 39 1039 159 1085 169 907 134 952 137 990
4229 11.550349853194346 2.0584801473840657 -0.23461085552141192 117 91 68 1.2553537301097593 24 282 113 386
3117 -10.165481021615307 0.91000301480615031 11.092661640870704 68 68 68 0.82478322931040982 39 619 70 75 135 277 136 213 48 166 49 136
760 -13.009651120268799 -3.3202869934524548 10.582661109334973 126 120 108 1.401103646993751 99 1092 35 968 123 743 41 695 76 566 49 172 82 150 139 134 52 145
4226 11.434856055631002 -1.1815828385328533 -0.026347711003509643 71 68 48 2.2468834213126843 114 289 115 372 113 352 104 74 108 218 143 61
3116 -13.408165676724629 -1.9436484014259943 9.5144137556417867 93 91 85 0.24704466633842811 138 223 136 195 51 258 47 264 70 285 76 356 41 423
5334 6.7267704072720482 1.4849785447935817 -1.585859208679018 21 24 16 1.7797358917626558 19 598 21 643 25 590 107 535 108 562 106 413 10 284
2977 -13.564300831759567 3.7612594841262221 10.053338786330221 82 80 68 1.1615836557656456 128 675 153 475 127 635 37 593 99 527 32 404 126 384 39 686 46 680 89 442 89 584 125 199 44 901 41 639 157 500 76 411 135 308 70 472 50 243 47 397 138 342 165 292
620 -7.1451596097967327 1.3130629934906553 13.188780303834021 117 113 102 0.8394205863748796 36 767 37 682 65 512 153 752 35 725 145 812 32 538 126 508 133 781 46 780 89 556 73 517 123 420 42 977 45 964 40 915 159 772 145 667 44 875 169 720 134 799 137 821 41 556 157 479 76 479 135 367 70 547 122 463 47 463 138 445 136 419 51 481 121 321 30 220 48 342 130 186
4225 14.785515836821032 -1.8284223694613726 1.6704292963266245 22 25 16 1.2828025705995976 114 379 115 462 113 350 161 265
4221 12.677196527149146 2.5274824205134054 0.4531655860760555 147 124 100 0.44821219079509977 24 214 113 310
3104 -12.925448436533838 -2.2830024648009819 10.204450024455577 90 86 64 0.44374081162916806 138 34 136 23 41 302 47 165 51 27
747 -13.072797191790418 -1.0971648001665182 10.493023066265254 45 47 37 0.77958475672233307 50 272 35 829 125 732 73 723
4213 11.96728209550654 -1.8330080691038395 -0.35863905460885581 23 23 11 1.5111974567254698 20 279 113 267 27 430
3098 -8.3765403166198613 -3.3281348090281826 12.254589812086886 150 151 151 2.1407478810932656 135 6 157 9 76 12 70 11 136 4 51 242 138 203
741 3.5050051352944811 2.1740064511016093 6.8900093987592266 80 76 65 0.41493078908533298 36 906 65 189 35 769 127 642 33 419
4207 9.7249295749343094 2.5776114244582327 0.13925648147840555 176 173 170 1.2426936359392811 20 101 24 148 113 226
4195 9.0542272169512934 -2.389277477865555 -0.66511719205538922 67 68 73 0.80433097917522145 114 147 113 130 161 120
3083 -10.076333848333643 2.1135552536265569 9.5306329425394303 91 91 83 2.0481531218023252 41 471 50 239 70 341 145 275 138 334 135 375
726 -11.911514363835693 0.48345821892407037 10.964803849173997 88 84 88 0.90600493698765905 37 676 35 577 131 992 40 905 44 948 134 883 51 356 82 132
4192 6.874634973434989 0.76627937953322212 -1.0269269212643695 236 230 224 1.4001997011479146 114 121 113 92 161 80
3074 -11.224332601546935 3.1656320522312003 11.511918852473499 71 71 71 0.52870846634804247 70 115 76 99 138 174 42 730
717 -7.3844746049737449 -3.4699943498790926 13.588120745589915 115 109 100 1.4240610291359057 36 574 99 360 35 525 127 49 128 59 39 730 133 364 89 321 125 31 125 34 36 575 42 785 45 796 159 732 41 407 157 241 76 341 135 243 169 542 70 380 47 415
4183 15.213911046553079 -2.4391234282027829 1.8261096975169946 54 55 53 1.5107086801453427 115 242 113 157 114 181
3050 -14.940735864720393 0.32805309480832612 5.5594411819111613 104 112 102 0.95925274652697012 50 325 70 646 47 571 136 483 51 512 48 326 165 321 49 164 82 139 139 126 140 96 52 142 53 157 142 134 141 92 54 111 83 118 144 105 155 103 55 97 146 95 56 118 166 73 111 57
693 3.2624048514771053 -3.9718171175654362 9.1098565604343342 57 58 66 0.26672806913355807 65 9 35 304 32 18 126 9
5268 2.3284842241530366 -0.95692823087651857 -2.3167511303418529 24 25 11 1.6446485612596895 100 201 102 230 98 235
554 -2.361158884637486 4.1710885459709477 11.102032569983622 104 113 112 0.62188945936983298 37 611 153 291 99 727 35 258 145 584 73 208 126 403 80 182 122 130 26 308
4159 7.1351184602569866 0.68374078575528796 -0.11677911014730072 0 0 0 2.1328403043691764 21 655 27 645
3036 -12.404872370425807 -4.7799913752274596 10.659154418452836 124 120 108 0.87548678635457566 40 861 41 500 50 206 47 336
679 -13.2078345654385 -1.7319779805808164 9.3496789446154374 173 170 178 0.55458260491683586 65 58 35 80 127 81 99 90 32 83 33 64 39 405 89 65 125 57 73 321 123 235 80 271
4145 14.303270329001244 -2.4216484840974193 1.3854818212214675 153 150 157 0.78020232150322288 114 508 115 607 113 504
3033 -6.5412179367269241 2.8171400719029496 12.951648552176529 146 147 142 1.2751818428722574 45 297 47 223 138 176
4142 6.5016974527367672 0.48790336569721476 -2.4929590340982402 65 63 50 1.5608640925662212 19 497 25 433 115 584 110 432 109 408 107 358 105 327
3032 -6.1707558613473417 2.6077862750167737 12.492563445358387 131 131 134 0.59582843623947079 157 215 47 222 169 362
675 -13.42419500512645 -3.3824994358601841 9.2727938706795996 245 254 255 0.97565427703068963 99 358 35 39 128 45 127 42 157 147 39 36
4141 7.6747747591616857 0.32419709764229476 -1.2714599382112848 21 27 23 1.0595715480749324 115 577 110 376 107 347 108 439 15 256 105 319 106 216 10 70 14 232
4137 6.6231848181378012 1.4912789348433106 -1.1157424311770909 27 37 29 2.2323787523338394 25 268 115 524 109 338
4130 12.87068845230703 -2.0666688999777976 0.46449589691936127 99 108 105 0.75587785764111126 114 374 115 460 113 414 161 339
3020 -8.1235372894942746 1.4623114020776384 12.483587432174181 90 92 79 0.25177322625076437 137 147 47 89 169 141
663 -5.0180108783789148 -0.3053503652988232 14.729512298676005 76 69 43 1.310614676122227 37 1015 153 1105 39 1071 37 991 133 1124 45 1140 136 503
290 2.7317739700997654 1.4835256452426335 8.3535888985178328 60 60 65 0.44838008158395576 99 940 37 876 36 777 153 769 35 749 128 808 145 971 127 752 32 549 65 367 126 522 33 553 129 990 133 1046 89 406 125 520 73 375 123 290 80 319 122 240 60 209 121 168 30 122 26 182 117 104 28 171 118 171
5377 -15.978323617002475 -0.013827811635290585 4.8114055710880832 192 198 198 0.15551631773845742 166 40 111 24
4129 13.64981215389275 -2.5487509079751485 0.73693384004029128 27 27 32 0.57778653883386277 114 371 115 459 113 342
4118 10.796466290463286 -3.3191992905365373 -2.7698189429343962 166 160 146 0.30768923323368913 114 455 115 333
4114 13.675727155629904 0.84159911342805904 1.6431166385768756 141 95 102 1.9528110191759103 27 215 115 282 110 203 11 247
4112 10.872224935091388 -1.2622152566873579 -0.067846916202869229 114 108 113 2.1217066600495103 20 208 114 188 115 253 108 55 106 66 107 59
4102 15.326037125432894 -0.53895407808488316 2.4180367806491985 0 0 0 1.4507624315606316 27 199 20 56 24 124
4101 13.245785895552608 -1.9748858004022203 0.37882290053096002 37 34 49 1.5177618031030633 114 184 115 76 113 268 14 201
5207 6.4647471009008397 0.0079249592407513603 -1.2819918336833971 30 21 19 1.1354737064073834 101 199 104 348 106 399 107 527 143 326 102 296 105 368 108 504 97 259
4098 13.422814621779164 -3.8885795105696515 0.71540523543278844 0 0 0 1.9055430486786917 20 124 114 13
4093 12.304048614817498 -1.7683305501897166 0.24643662516032161 63 73 74 1.5462360721917934 114 376 115 365 113 344 161 340
4079 6.0039699009956928 1.7397991430696003 1.78642739082604 99 85 81 1.3896013351967127 25 599 11 582 105 476 104 462 102 384 98 337
4077 6.0931559100350174 1.806353701476844 -0.83861622256307589 62 58 47 1.2710656399508637 25 592 11 577 14 511
4076 6.446080839120107 1.4694352041537586 -0.95072494322487666 226 230 233 1.9444875968537876 25 601 11 575 14 506 109 572 15 511 12 410
4069 8.1917804302926154 -1.8878473588432689 -2.4138112632848423 158 151 133 0.40693960973684673 25 564 114 568
4068 8.1917804302926154 -1.8878473588432689 -2.4138112632848423 158 151 133 0.40693960973684673 25 563 114 567
4067 8.4675359883380299 -3.5481015555427278 -5.9787319130928394 111 113 100 1.8273025404166741 25 558 11 518 106 382 10 249
4064 6.1564189515054002 1.7568530207956514 -0.93719088202939227 170 171 173 1.5573577913760699 11 506 109 512 14 411
4048 5.7039093408209389 2.1467122297621848 1.9207714009264698 92 84 68 0.63583542578835317 25 462 11 383 12 240
4039 6.5985079649196914 -0.16320320738324096 -2.4575896013095351 52 50 35 0.49948517251373259 21 451 11 348 110 368 107 339
4036 6.1192362206725344 -0.2326871683520759 2.389211518638529 96 88 80 0.76745092209593846 19 467 38 492 11 337 107 413 15 237 106 196 143 173
5143 8.1948399651594368 -4.424446965396478 -4.809981900986072 23 27 15 0.18462228617806259 106 380 143 353
4034 6.1971863802879605 -0.71618075940565462 2.5454812415436119 93 89 77 1.0958756926144801 27 261 11 330 104 60
4031 5.6787907191620377 2.1265702550097254 1.8284794520128491 73 62 34 1.4845373752501605 25 366 11 296 107 382 105 339 12 131
4027 6.4843771207312715 0.4443307993904303 -2.5326249674934456 41 46 23 1.7842318243915127 19 493 21 375 38 442 11 263 14 113 14 246 106 223 104 222 115 497 109 319
5135 8.9341443798033993 0.28496600405430428 -0.57425404422370308 19 17 37 0.91827978790454645 104 296 143 185 97 130 101 136 102 88 120 23
4026 6.4968881854541571 0.45406316493665366 -2.5334111888517952 41 46 23 1.4865760870732798 21 374 38 441 11 262 110 288 115 496 107 245 14 112 105 86 109 318
4025 6.5140872294945327 0.025757776804544972 -2.4679312054082612 55 44 38 0.9300176130229334 19 409 21 365 38 432 11 251 110 372 109 392 107 344 108 350 14 230 106 212
4023 6.0061051882423344 0.61930482047743696 2.2684319430178674 84 69 61 0.72223411277876381 19 401 11 243 105 216
4004 5.9692278284890214 0.80847679436249853 2.1417411041483283 76 64 68 0.51582135368769044 19 208 11 120 38 242
3992 6.4017175704199527 -0.89800694557879224 2.2238361980238275 92 82 73 0.63545480973637181 19 591 25 594 107 543 106 431
5072 8.9600378649289141 -2.3795033726317421 -0.66670449242538232 184 187 194 0.63857552653842553 113 129 161 175
3963 6.2688098665861034 -1.9373879650986434 2.696379058276781 89 80 65 1.0920779878939106 21 499 25 376 11 402 108 402 15 204 12 184 104 163
5067 6.8309930125355853 -0.39240485976110706 -1.333244599644454 29 34 27 0.40238900944614264 118 221 161 133
3958 6.5554098590248433 -0.16247895712332494 -2.4593288449154436 51 45 33 0.89665308649729514 19 400 25 330 38 424 115 477 108 341 15 247 106 209
5064 7.4807205561431163 1.1485089153950632 0.29671355993723192 104 93 86 1.4638791572836982 115 163 161 78 19 111
3955 6.1495527586400129 -0.83360050301000521 2.4672658761014574 98 84 73 1.7799854754773128 24 112 25 301 28 208 121 300 113 261 14 50 21 326 105 184
5063 7.7441804443153615 0.44123618927538899 -1.0369153123179768 137 134 134 0.29515142833806829 113 71 161 74
2706 -11.347654965768152 1.358082263911409 11.253581835490341 98 99 95 1.3556352885526679 35 845 99 1004 127 742 39 955 46 987 73 740 41 455 37 145 127 609 128 189 126 124 129 182 133 654 46 458 131 471 125 125 123 92 42 520 45 502 40 467 159 450 41 222 76 196 76 484 135 289 50 280 60 199 60 384 47 465 138 162 51 188 51 364 48 70 48 229 49 140 139 105
3954 6.9782212597017965 1.5377101620165488 -0.74469286140384605 230 226 227 1.2069850734455294 25 262 11 159 115 311 110 221 109 243 14 126 15 146
5061 5.7406494766334966 0.12179841198247199 -1.8007492980444411 0 0 0 2.586112175713402 27 107 113 194
347 -13.4083149564413 -1.9441825558180454 10.461168747440603 58 59 54 1.6027505128740698 65 56 36 80 32 79 89 59 153 378 37 513 125 51 125 54 73 61 45 635 44 405
2704 -7.0694011698797263 2.4155674913706933 12.88123468201937 60 57 40 0.96474268303066346 133 225 46 225 42 304 45 280 40 250 44 268 169 494 137 182 41 372 129 496 45 860 70 229 47 99 138 255 51 299
3952 6.8008072291090897 1.3438405924562349 -0.89961871093886536 127 128 123 1.8211205553344836 25 258 11 280 115 419 110 304 14 122 15 139 109 239
3016 -9.3650401133646746 0.32011589815403074 12.446689503290228 115 103 89 0.16869406892870417 133 139 47 55 129 125
659 -6.6324164157604404 1.6127943405935301 13.504057377472648 87 80 52 1.4907317145329475 37 965 65 860 99 1110 153 1090 128 1094 145 1138 126 875 127 1000 129 1105 46 1077 73 845 42 1138 45 1132 40 1071 159 1116 44 1050 137 998
3015 -4.6038567047891563 -0.050048983379274783 14.601884934468222 67 65 51 0.63939622117885797 70 43 169 293 47 48
658 -6.4968481784086904 1.573353811020999 13.269831075909149 87 80 52 1.7663865758576256 65 859 99 1109 153 1089 128 1093 145 1137 126 874 127 999 73 844
285 -11.5184765649815 -4.3673228170325666 11.158528417640261 91 88 83 0.76735508896390181 99 895 37 837 36 832 153 859 35 808 128 879 145 1007 127 807 32 718 126 717 129 950 39 920 133 960 46 953 131 973 42 1015 40 963 159 969 44 921 169 835 134 906 41 582 157 525 76 508 135 399 70 568 47 487 138 356 136 327 51 464
5372 -6.7176024576671676 -0.91414238924200053 0.66595596254532752 0 0 0 0.028731719964140135 55 66 146 69
3011 2.6913809142674059 -3.6483047410993001 9.329249504262151 83 81 76 1.2312365807307191 33 268 65 20 122 169 60 265 33 270 89 306 125 265 80 235 122 303 121 122 29 171 130 105 130 135 29 236 117 184 28 284 118 388 28 349 117 229 27 318
3010 -8.2140575521454231 1.7885425863788125 14.157131166223367 161 153 136 1.4957524965446158 36 636 153 433 33 136 89 135 137 158 60 313 36 770 37 797 65 655 153 911 126 668 39 956 46 990 123 431 169 863 41 627 135 434 136 455
280 1.4097411661307162 2.2161743770824076 9.4760978883659472 89 92 80 1.7587791215854709 99 850 37 817 36 661 145 841 129 922 133 1011 46 1050 40 1035 42 1117 159 1071 137 986 45 1095
5367 3.1541962634912788 -0.02982804140289708 -2.2852210514260491 9 11 0 0.80286345816955607 98 325 120 149 100 279
3009 -7.3399581734129171 -1.9039709017664941 12.263049379718712 218 225 226 1.6294259620633025 44 86 135 18 60 284 35 343 145 784 126 285 129 749 133 755 123 232 169 558 80 270 138 26
652 2.9325911240576827 -0.060099076699856625 8.7660661744287047 36 36 13 1.7448728427969444 65 634 153 1036 128 1059 127 925 33 749 89 684 73 636 123 531 80 564
3008 -2.1614415196411563 3.8365837804287701 9.5264435432165211 134 153 147 0.60586904927830831 65 898 73 880 89 918 122 655 123 797 126 935 60 573 30 411
651 -8.0515225267983705 -3.9084147672164367 12.427402557690023 250 253 248 0.67999057639790872 153 1023 128 1053 145 1074 39 989 133 1065 46 1061 131 1062 42 1092 45 1100 40 1040 159 1083 44 1025 169 885 134 949 137 965 80 698 50 336 30 355 165 328
3007 1.9549665851630067 1.4019002626187944 8.7888917343192983 65 66 47 0.53399403604407436 65 895 80 786 122 653 123 793 60 572 30 403 121 496 33 933 29 418 130 291 28 513
650 -8.7170257979320898 -3.9296364632767244 11.99739459456041 254 254 252 1.1271173991285386 37 906 153 1022 145 1009 128 750 129 1016 45 1099 169 837 134 948 137 928 41 646 80 697 60 525 30 353
3006 2.5482821617480993 1.13868254854704 8.4738782488870186 68 68 40 0.47729866706358653 65 876 73 865 80 769 89 903 122 640 123 770 60 560 125 861 121 483 30 385 26 522 29 406 130 279 117 366 125 875
649 -8.6981261648678352 -3.9173915679706051 11.978738748442817 254 254 252 1.0848071736278417 37 905 153 1021 145 1008 128 749 129 1015 45 1098 169 836 134 947 137 927 41 645 80 696 76 560 70 597 60 524 138 491 136 435
276 -13.404838091469935 1.5801526661658698 9.999408389996935 109 102 93 0.46554588440267125 99 828 37 803 35 847 125 750 44 960 41 628 157 588 80 665 76 488 135 371 70 549 50 283 47 469 138 387 136 376 51 366 48 283 165 261
5363 -16.217753640444666 -1.9352408577039648 -7.3555919808475103 14 17 5 0.377725997478773 53 112 141 57 56 83
3004 0.56117641279481534 1.0703943513493899 9.1747546591828968 108 105 96 0.60843714086743972 65 823 73 809 80 711 89 860 122 585 123 716 60 501 121 428 26 497 130 230 117 332 28 469
647 3.3269878069111898 -3.9760490541158418 9.0698763151490311 56 56 32 0.76659837945971854 65 702 153 1018 35 889 128 973 127 799 32 711 33 717 89 637 125 701 73 593 123 491 122 403 121 207 30 140 26 328 29 235 130 134 28 283 118 272 27 409 161 306
3003 -6.7564253641902843 0.56129157036907662 14.785456225133112 63 46 31 0.76431157763785773 46 1029 122 542 60 456 126 647
646 1.2536515166972766 4.4292932908823728 10.889097059174887 43 46 35 0.55561853089749647 36 986 65 793 153 1015 145 1126 32 814 33 861 89 830 125 775 73 675 26 439
273 -12.273168822241528 0.59067615433318577 10.365910693092504 108 100 101 2.0840169873030097 65 503 37 783 36 420 99 658 153 412 35 393 128 441 145 656 127 731 99 809 32 764 126 653 33 340 33 659 129 446 129 782 46 624 89 693 125 104 125 642 73 642 123 74 123 535 42 971 45 841 133 775 40 909 46 772 44 869 41 339 41 445 80 82 76 292 70 433 138 380 136 287 51 434 48 118 48 216 165 254 49 55 49 134 82 133 82 138 139 116
5360 -11.200223118416616 -2.0240297763981423 -5.9769880402626061 3 7 1 0.3870832120088098 141 14 56 19
3002 -3.0195484410912066 0.041794779268131931 17.4152497139345 244 248 231 1.3816023043069883 32 648 60 454 30 209
645 -13.555276633617698 4.1823257766106812 9.8036853534448571 42 38 35 1.2881221042533491 36 977 37 887 99 1023 153 1005 127 950 39 977 46 1018 73 769 123 677 41 692 157 685 135 384 70 562 48 314 165 295
3001 5.0016249393092496 -0.42848160861443335 4.8248060991930783 46 47 42 0.99808524408134158 73 793 125 728 60 451 89 780
644 -6.2512265882377367 2.59847662809196 12.620978561936756 229 242 243 0.52228594616697255 37 874 65 770 153 994 35 937 128 1025 37 925 145 1040 145 1110 32 789 126 779 33 779 46 1041 125 760 42 1085 45 1087 169 873 137 951 41 683 157 677 135 475 70 616 136 476
3000 -7.8836102033462181 -2.7207017865758498 12.174664757584665 191 188 187 0.66897691500398671 157 537 60 437 137 887 169 774 121 373 30 314 48 317 50 311 165 300
270 1.2480778464068416 4.3168992195219138 10.962942365915039 40 45 53 0.4131643881049476 65 410 37 731 36 692 128 537 145 875 127 483 99 734 126 411 33 442 125 435 123 336 60 119 121 192 30 131 26 307 29 152 28 258
5357 -16.575477600041634 0.62646741251081572 5.2700760722721629 50 56 51 0.46146028773242914 55 101 155 108 146 99 56 124
2998 1.9125696406432906 -3.6748376026891929 10.716272300819838 51 49 34 0.56176506955078709 65 711 80 694 122 570 123 697 125 706 60 432 30 312
268 -9.237440013191744 3.0329155769856597 10.351080770483334 58 57 55 0.92943004513912442 65 541 37 706 32 558 39 803 131 945 73 540 45 986 159 938 134 820 80 480 122 365 60 322
5355 -16.04839461662975 -2.8821961658537458 -8.5161662630710602 29 32 25 0.66402770530659228 53 35 142 73 146 73 52 79 82 77 140 42 166 53 111 36
2996 4.0023506208758963 2.956475466997424 5.4976521804204639 57 58 45 0.26224098382737204 33 801 60 419
266 2.8272630746058121 1.3985982336800453 8.4018455757082258 246 251 245 0.70180541536588126 99 834 37 695 153 766 36 885 128 645 145 829 127 618 32 547 126 354 33 376 129 911 133 929 89 157 80 127
5353 -17.379997949649102 -7.9711672167964434 9.6569845045811515 0 0 0 0.62726657910926487 55 43 142 9
2995 1.3038104663562899 2.7893225165341815 9.3266751682841615 137 140 127 0.48382268526553357 65 783 122 485 60 404 30 239 130 158 28 386 118 358
638 -10.169035344457173 -8.9569872869523479 24.326748864307124 95 95 83 0.95093359126199117 65 709 153 959
2989 1.2972907812630834 3.9138540146482867 10.907851314343917 41 50 33 1.5863104744379957 32 431 60 336 121 278
632 -3.6176448558240435 0.35818174391900864 14.101562814377191 255 255 251 0.76358791582273455 36 756 37 671 99 804 153 890 35 713 127 853 32 651 129 890 39 876 133 893 42 964 45 1029 45 1072 40 897 159 894 44 945 169 798 134 784 137 803 41 612 41 667 157 568 157 633 135 461 70 607
259 -11.826722864472902 -4.5150552681007845 11.082461637707919 112 104 104 2.0548556549950283 36 565 35 516 128 579 99 349 153 25 37 300 145 33 127 512 126 437 39 367 125 462
5346 -16.506255506013982 1.4102263124243326 4.9209965124902419 79 78 76 0.78584721250511436 52 112 55 83
2988 -10.284663792750214 2.4917317728871575 10.278216628442173 48 50 45 0.56531335248636738 36 657 89 420 60 319
631 -6.7936136142055563 0.3208879521552731 14.861897655581416 63 53 44 1.4040113964839309 36 861 153 888 128 911 127 849 89 786
258 1.7757315493119508 -2.333935902613185 9.9588582986080745 146 146 133 0.48137218011990701 99 599 37 626 145 606 126 34
5345 -16.952543431758645 2.9617571273618579 -8.6907895332861322 94 86 82 0.53069407930814805 52 114 83 59 155 71 54 100 82 85
2987 0.37396401290221254 -0.70859051777784776 9.5583046712263311 0 0 0 1.6926431294214102 40 966 42 1021 45 1060 46 962 44 986
257 -1.6512804149910623 4.6256516714342197 12.076192955658337 250 255 249 1.0767756808195155 99 553 37 614 36 515 35 260 128 297 127 278 145 731 32 226 126 218 33 221 129 544 39 707 133 717 46 857 131 714 89 241 125 432 123 335 80 190 122 278 60 244 121 99 30 243 26 314 29 220 130 44 130 161
5344 -17.40581766185764 2.3970635064759835 -8.2963173808101729 88 87 67 0.60753949018045617 141 73 155 58 111 22
2985 2.7903944616714096 0.087114024743527321 8.9419942077785688 54 59 29 0.80887330501568755 32 753 60 185
628 3.0879057795274529 -3.408415914087588 9.5496658745310228 33 34 14 0.99170616878910955 36 711 153 849 35 660 145 892 99 750 33 275 123 17
2984 0.63604230466146117 -0.8512283007285274 12.289354123929549 22 23 4 1.1536929756940775 44 932 125 495 60 176 30 163 29 176
627 3.8789153509375249 -3.0039493940577242 7.8785319269584644 48 52 53 1.0221669001791283 99 883 153 841 35 657
254 1.5299208375772402 2.1828361403516356 9.1659610198713519 96 100 93 1.2092772447247468 99 695 37 586 36 482 153 466 35 445 37 708 128 490 145 702 32 191 39 899 133 814 46 1010 131 1014
5341 -14.770092026764146 0.41235040419775287 5.3511104472887876 24 24 14 1.0440765753648025 142 78 155 50 55 32 146 38
2983 0.73966444449605628 4.2131255613430332 10.205420451803809 161 171 158 0.76991313024084884 122 140 127 289 60 123 121 196 30 66
626 3.1491196403529256 -3.8148844542728457 9.0591474048907976 70 81 70 0.71791737380863885 36 824 65 445 153 838 35 653 127 676 126 424 126 584 33 468 89 302 125 455 73 278 123 354 80 231 122 166 60 145 121 120 30 89 26 244 29 107 130 104 117 132 28 12 27 247 24 288 161 111 24 95
253 2.2659859370510924 1.8633062140482768 9.4334056565867197 52 44 41 0.65564770936842187 65 156 37 576 133 685 46 671
5340 -17.415820300710553 0.035177330242713953 8.1232722259404202 88 90 87 1.8304607821446455 144 27 155 47 56 84
2982 2.1567360223302328 3.2703056771447425 9.3470435949209243 53 50 31 1.7958503398256707 99 554 153 298 60 114
625 2.0271559066713198 4.166140647653406 9.71034473233758 72 77 65 1.1030477982783746 36 697 65 417 153 832 32 591 89 476 125 444 123 480 60 130 121 199 30 133 26 223 29 222 28 259 118 261 27 384
252 -5.8835453708886156 2.7302593193877303 12.69418901157732 168 146 131 0.55667338681284351 65 160 37 573 35 207 128 483 145 695 127 218 126 368 129 668 133 682 46 804 131 807 125 175 73 167 123 119 45 868 137 726 122 93 47 475 29 209 130 87
5339 -16.120174801551226 -7.2745933814608899 -6.971830630537605 120 118 105 0.80130269233187645 52 61 53 10 54 5 142 54 155 44 49 92 82 69 140 47 55 6 56 6 166 0
2981 2.7153827948875953 1.1910441376335372 8.4910479765453299 100 99 96 0.25820772081050147 80 315 89 398 123 285 125 516 60 82
624 -6.3946966943274859 4.4264988378977739 10.659398477787832 76 77 70 1.5522469867435129 99 289 153 809 145 872
2980 -3.7102002159693304 0.75386699498333809 15.373612045777104 99 107 86 2.2577856291186289 32 128 33 338 60 54 47 451 76 374 30 34
250 2.8282369634395677 1.3176390629832866 8.3379435495515946 120 133 125 0.58865809315647788 99 484 37 563 36 456 153 444 145 684 129 653
5337 -15.576427426341477 0.17458973614161674 6.4004612977790218 168 170 174 0.5158103736425268 54 28 146 61
2978 -9.1925948173171026 -3.5708967115605419 13.441772973912572 0 0 0 0.0076725610924505399 50 253 122 18
248 1.260583415968171 1.1510739351293808 11.095613380238843 117 120 116 0.39253863268310529 99 458 37 551 145 509 159 631
5335 6.6408865795769083 -1.5056265166961189 -2.4467999079380625 138 136 118 1.4598104328701715 11 524 115 652 109 519 107 519 108 527 14 438 105 410 106 387 12 334 104 342 143 305 100 162 98 197 97 180 23 170 15 457 110 481 120 85
2976 -13.511873246117952 -3.4288784735256272 9.4526505207692946 229 233 247 1.1303798487237116 65 34 99 50 37 25 36 43 35 40 128 47 127 44 32 51 126 35 33 31 39 379 89 36 125 26 73 37 123 207 50 26 41 158 157 22 76 16 135 9 47 29 138 28 136 12 51 16
2975 -8.2908582760626217 -2.7812740699237271 12.134281753068295 160 160 156 0.4572878356105492 65 46 99 66 37 39 36 347 153 363 35 48 128 70 145 433 127 335 32 290 126 43 129 588 39 572 133 610 46 580 125 45 73 311 123 217 42 634 45 620 40 573 159 734 44 577 169 414 169 549 134 616 137 643 41 293 157 343 80 254 135 170 76 246 70 269 122 311 50 295 76 346 60 277 47 253 138 359 136 263 51 414 121 299 30 267 48 255 165 274
618 -4.3574851261960399 -0.47471734434471835 15.14298774300187 89 67 62 1.038242684194864 99 913 153 737 37 772 35 702 128 906 145 933 127 839 32 644 126 636 33 655 129 877 133 980 46 973 131 987 89 677 73 629 123 529 42 1028 159 999 44 940 41 605 157 561 80 562 169 792 122 440 60 363 136 443 121 306 30 277 26 401 117 240
2973 -8.928059645374061 2.846006065081323 10.865755655154908 72 71 61 0.86089611344128891 50 320 159 1018 169 742 134 900 37 931 32 904 33 786 40 1034 44 1019 137 954 41 635 157 595 76 544 135 379 70 588 138 455 138 489 136 426 51 485 48 312 165 291
616 -0.80221955544315449 -0.72384236688454651 16.5713746837549 30 27 17 0.41697460579236528 37 769 153 734 35 698 145 793 129 764 39 934 133 890 42 1066 45 1066 40 973 45 1019 159 995 44 992 169 850 137 896 137 933 157 627 76 592 135 515
2972 -13.710704454581816 -3.3272536593110935 9.1773245419499094 139 145 145 1.7371263794038554 65 461 99 897 36 727 126 606 33 490 125 472 41 510 157 340 135 171 76 244 70 161 50 162 47 156 138 128 51 248 165 155 48 100 49 75 82 90 49 95 53 137 142 120 141 81
2971 -8.5550075348744379 1.1442275572580385 11.034968240722247 105 111 125 0.58051174922889714 50 189 129 171 45 231 44 219 41 80 76 191 135 133 70 213 131 179 159 160 169 332 134 369 137 378 157 191 47 205 138 158 136 143 51 65 48 173
614 1.3009879294584443 -0.88228971522270727 9.7966312587693221 33 30 15 1.5723587305218651 99 781 153 727
2970 -10.21727755747502 1.3979260108464908 11.573770974031918 54 59 59 0.57917263455263412 50 327 129 1036 65 654 99 1005 37 796 36 873 153 910 35 920 99 1066 128 923 128 1066 145 1032 127 861 32 844 126 664 65 514 33 768 129 982 39 887 133 1037 46 988 46 1032 131 1042 89 794 125 747 73 741 123 549 42 1037 42 1107 45 1035 40 986 159 1095 44 958 44 1007 169 862 134 961 137 942 80 661 76 539 76 586 135 470 70 611 122 466 60 385 47 519 47 546 138 448 136 422 136 454 121 426 48 330 165 307
613 1.3281297979982012 -0.92993212675164172 10.200327662937752 33 30 15 1.4276652372331133 99 780 153 726 32 306
2969 -9.1678654659950798 2.8109720788069805 10.203864162662994 187 193 192 0.9411283157716086 42 1051 131 1010 37 815 65 778 99 848 36 893 153 924 35 859 128 822 145 1043 127 878 32 794 126 786 33 849 129 920 129 1045 39 799 133 1009 46 929 89 869 131 1051 125 822 73 818 123 665 45 984 40 939 40 997 44 969 134 970 169 877 137 957 41 687 157 648 80 677 76 545 135 476 70 589 70 619 122 589 50 329 153 1063 46 1049 42 1089 60 509 47 549 138 490 136 478 51 500 48 336 165 325
612 -8.1176578812397597 -1.7352276432042695 12.671102403195976 152 154 155 0.31640868848862541 36 739 37 655 153 724 44 719 137 785 41 525 136 339
2968 -11.598235074450587 -4.5631061714138843 11.31336969400293 249 250 251 1.554804423842602 131 16 159 4 169 1 99 31 39 17 131 15 76 5 51 10
2965 -13.250742864469061 -1.0261751177007874 10.438691613987936 101 102 93 1.2288775919186525 35 700 89 675 157 359 126 634 36 385 153 572 32 317 127 571 128 610 126 306 33 320 39 756 125 71 125 322 128 411 73 337 45 821 40 763 44 725 70 299 51 266 70 417
608 3.2087976039191979 -3.516604534639201 9.2955066764819563 93 96 76 0.52722073115901213 65 450 99 884 153 698 35 658 128 735 145 885 127 507 32 470 126 431 33 472 89 497 125 458 73 456 123 360 80 403 122 304 60 266 121 208 30 143 26 250 29 172 130 107 117 134 28 287 118 274 27 321 161 310 24 291
2964 -13.706675959367089 -3.3412038342355355 9.178408871325404 133 136 140 1.5141375400638828 76 245 135 172 70 162 65 462 99 898 36 728 33 491 125 473 41 511 50 163 157 341 47 157 138 129 136 111 51 249 48 101 165 156 49 76 82 91 53 136
234 1.4088670664628928 2.2171946837253862 9.1461050964083981 239 239 245 0.50359269875332813 99 516 37 435 36 666 153 469
5321 -19.148335558636138 2.9411555119740584 -10.540371382565333 100 94 88 2.271326686698941 53 144 54 99 141 77 142 111 144 88 155 89
2962 -11.66341651485614 -2.091586760059748 10.377615869601275 87 80 76 1.7669921984545216 128 597 122 430
605 -1.7578012414729214 4.1346104371750574 9.9276277427233257 104 115 122 0.26794045883000694 36 521 153 675 35 478 128 536 65 220 145 735 127 482 126 408 89 249 125 230 73 221 80 193 122 281 121 195 30 132 26 226 117 169
2960 -2.6736894757720235 0.63023819030497674 14.781642672956234 120 114 113 0.44859730235785256 33 532 65 501 129 775 122 337 37 673 65 641 99 806 36 757 35 575 127 727 126 650 33 531 46 905 125 639 42 831 45 949 40 900 159 898 44 859 169 802 134 881 137 808 41 545 157 569 80 575 76 532 80 446 60 300 60 371 30 215 117 247
603 -6.1875097936260826 4.3715601630331813 12.688302392698597 59 52 42 1.3267947505107358 37 600 99 540 153 650 35 240 32 562 65 395 129 820 125 418 40 540 157 512 76 228
230 2.676069252613559 1.5721603688286145 8.4266881748991125 95 101 87 1.0479142067194314 99 223 37 417 36 216 153 455 128 230 145 537 127 212 126 156 33 157 129 672 133 516 122 90 29 53 130 31 28 78 118 66 27 85
5317 -15.863156772359167 0.10048846430618739 4.7466206199041787 160 160 162 0.43419166303609424 52 48 53 43 144 29 155 28 55 27 146 60 166 26
2958 3.0894983727402137 -3.5322227792717191 9.1876320727874923 61 64 48 0.68005085530866916 65 23 127 322 122 171 65 449 126 430 73 455 128 734 123 359 80 236 60 150 121 124 30 142 26 248 29 111 118 206
601 -9.2689430841609468 3.1859791912364277 10.187689423099645 82 74 85 0.81027759320055959 36 792 153 643 35 452 128 668 145 849 32 198 37 437 129 814 39 809 125 538 65 674 40 829 169 829 134 823 157 413 76 495 138 347 165 268
2957 -6.3620059524976726 3.5366924596259586 13.229869588657749 36 37 28 1.7500644995164936 133 810 73 403 123 452 65 540 157 498 153 637 89 435 122 364 36 663 137 840 121 265 30 295 46 931 40 938
600 -9.1700853584985413 3.1189848606138897 10.238082271968153 197 196 210 0.24825910767588497 65 387 153 640 35 450 128 496 145 705 127 447 32 196 126 183 129 691 46 815 131 821 89 436 125 192 73 406 45 727 47 478
2955 -7.9946817224631168 -2.8728911872721019 12.066681687583278 218 218 213 0.95493441231431164 134 999 135 526 137 1019 157 705 169 937 122 635 60 569
598 2.2318426245677179 2.2247357286556784 9.3545401543734279 63 56 50 1.1322136838947918 36 486 37 709 153 636 129 519 39 900 133 941 46 936 131 951 73 397
2954 -7.9946817224631168 -2.8728911872721019 12.066681687583278 218 218 213 0.95493441231431164 134 998 135 525 137 1018 157 704 169 936 122 634 60 568
597 2.4330057377545091 1.5856779376829606 8.6888434906412879 66 60 48 1.6353415378670597 153 620 145 532 35 204 127 621 32 550 33 554 39 1016 125 378 123 291 80 133 121 68 27 86
224 -0.011938362733060745 1.2995031195929048 9.6143076574428843 63 67 78 0.73245898593591974 99 470 37 394 36 188 153 436 35 184 128 206 145 521 127 188 32 149 129 485 39 643 133 663 46 793 131 790 125 139 159 780 134 808 42 862 45 702 169 732 137 828 26 177 29 40 28 169
5311 5.8022852953133439 -1.0201014785269886 -1.5258638865386143 43 49 36 3.2772597202892562 23 231 100 168 102 290
2953 -10.034993223862111 3.5006231327475938 11.107844940357548 156 155 153 1.4760425437657021 80 603 128 1035 122 591 125 540
596 -7.854984009677489 2.5640139016826233 13.545305718757247 154 141 125 1.1938077633761173 65 368 153 617 35 597 128 648 127 620 126 356 33 379 89 407 73 376 44 764 76 396 70 457 122 354 60 212 47 390 138 394 136 303 51 445 121 254
223 0.15229646386671139 1.2984583844557067 10.191314923798737 187 192 198 0.81010022026936668 99 468 37 393 36 185 35 180 127 182 32 148 126 129 65 133 129 643 39 641 133 190 46 466 131 650 42 712 45 697 40 644 159 652 44 484 169 611 134 683 137 709
5310 0.60770962529990513 -2.228271000417458 -8.2725941165227841 147 142 138 0.35526156133978853 97 248 98 266 23 228
2952 0.036155326898573481 1.273476088881647 10.178849175831164 245 254 249 0.3995807746418108 127 933 122 586 60 502 121 429 30 334 29 362 130 229
2951 -5.3257605284013421 -1.7316857615009129 12.78477810777685 60 57 38 0.54662279991283758 73 714 145 1014 122 575
594 -8.5059054016361557 1.5427734887344551 11.912759745564655 252 250 254 0.45935730239760653 36 638 99 672 153 607 65 358 127 409 32 354 33 361 133 785 46 788 131 787 89 395 125 366 42 856 45 971 40 804 44 758 169 729 134 803 137 826 76 390 70 451 47 386 138 328
221 -0.25111062239321913 1.1462500723842577 9.521003733230577 251 252 255 0.42966412781855889 99 464 37 387 153 431 35 178 36 179 145 513 127 174 32 146 65 129 126 126 33 134 129 475 39 464 133 456 46 646 131 646 125 132 159 646 41 459
5308 7.0197871857262717 2.1364219701828637 0.58652426267598812 137 138 144 1.4498202542899152 10 219 23 221
2950 -5.1082497917874417 0.14796826019532835 11.964502839662057 60 47 29 0.18249421096734364 129 1028 122 538
2949 2.4632628373790273 -0.19658735949650602 -1.8033482411241855 91 81 83 0.47391809787227779 80 292 122 528
592 -13.392838428378651 1.2420286278208184 10.102543129114856 111 104 74 0.69583307270561467 36 435 99 669 153 600 35 585 128 637 65 354 127 607 33 133 39 633 126 337 46 784 37 685 89 558 125 362 42 852 40 917 44 755 41 456 80 457
2947 -5.8071698962806497 -0.23899971891124441 13.302492514876995 61 47 36 0.17734308022391138 129 881 122 442
590 -10.146557927823157 0.99784407174773959 11.588031775597976 47 49 49 1.4712866894579197 99 445 153 592 36 425 128 451 126 110 33 118 129 629 39 618 46 629 125 111 123 85 44 749 159 905 137 817 41 449 80 95 51 279
217 -13.929791893644476 -1.6539324378136424 9.3022863124795379 61 66 72 1.5926760566770106 65 309 99 98 37 331 36 373 35 89 126 69 41 432 76 361 157 557 135 342 70 292 50 104 47 176 138 227 136 118 51 261 48 160 49 52
5304 0.66294358730036573 -0.84366460280560196 -8.1304934293130131 122 118 116 0.69402640749088662 97 192 98 247 23 180 120 47
2946 -5.8071698962806497 -0.23899971891124441 13.302492514876995 61 47 36 0.17734308022391138 129 880 122 441
216 -13.277269152416931 -2.3552499188732727 10.397704768720644 71 75 81 0.23228656826805477 99 377 37 320 36 361 65 49 128 388 127 342 145 438 39 395 89 336 123 39
5303 0.66294358730036573 -0.84366460280560196 -8.1304934293130131 122 118 116 0.69402640749088662 97 191 98 246 23 179 120 46
2943 -1.706744146202593 2.5885679349458348 12.395960720365942 68 80 68 0.35044207189654974 33 394 80 468 122 359 60 215 121 255 26 288 30 54 29 208 130 122 117 156
213 -0.046933903456385796 4.255525819744606 10.211469479865668 174 184 185 1.6658934421469442 99 314 37 284 32 442 33 233 153 501
5300 0.82212643913090344 -1.4354859741827388 -8.299421652047732 144 143 140 0.12653672705430025 98 200 23 137
2941 -4.3954243848706076 -0.36967726870707057 14.460915484300598 133 129 117 0.2735973860051561 33 526 169 793 122 330 121 232 26 402
2940 5.6227791191793886 -0.28023162907364979 3.4709676275807722 84 83 63 0.87809688688505294 65 629 73 628 122 329 89 783
583 3.0370856596469604 -3.6343775449262239 9.1922575972747929 111 117 92 0.44616114660384737 36 553 99 580 153 531 35 506 65 260 128 567 127 506 32 262 126 257 33 266 89 15 125 264 73 283 123 196 80 11 122 170 60 12 30 3 26 142 130 68 28 17 118 126 161 173
2939 0.40222467822269226 -0.1972538117736892 7.1487268073653905 0 0 0 0.6779757102781282 131 884 145 792
209 -10.399356444963869 2.7228184678021448 10.706464853152806 80 75 82 1.9779222056335266 65 525 37 212 36 472 99 843 153 781 35 213 128 660 128 814 32 179 126 528 129 677 39 494 39 663 133 519 46 494 131 519 89 181 125 529 73 173 123 445 42 332 45 549 40 515 44 301 80 148 122 250 60 96 60 398 48 133 165 77
5296 9.9518822006002345 2.8714610527938662 1.2134103628178925 32 20 20 1.8993410492143532 10 101 23 103
2938 -0.078894756110299086 -1.2776199117763287 19.158247130417262 23 25 11 0.99498239052352544 129 761 122 319 121 143
581 2.8065195200335111 -3.8895984283218534 9.3784097793687184 194 180 213 1.3007531083057216 99 579 153 529 28 9 161 108
2934 -5.4652277798232136 4.4929228792859091 10.003675391846146 123 137 139 0.97931325986700912 33 446 89 473 122 286 125 234
204 -0.39730621010517325 1.1707698236095192 9.5598144706327517 118 120 124 0.35211940996539887 99 180 37 150 145 229 129 190 39 465 133 459 46 462 131 477 42 526 45 510 40 475 159 457 44 645 134 543 137 578 41 461 157 485
5291 8.7607895846853427 0.12249270328318325 -0.70155355101496164 38 40 35 2.1269365508701408 102 367 97 283 11 589 25 612 107 564 109 574 110 528 115 709 108 591 106 445 12 468 143 422
2933 -6.9570187677075985 4.6243285872637374 13.061059995209781 62 72 56 0.99328712282452969 134 592 122 273
2932 -11.672552091598893 3.8786819134049302 10.500703292593887 78 75 70 0.0075839612683521488 129 532 122 268
575 -1.8120540800260616 4.647631711035193 12.002018995018013 74 81 74 0.41727784737894691 99 297 153 495 131 716
2931 2.2468577431236465 2.0271036146848371 9.2933907771082431 58 57 41 1.5194595643591233 80 327 153 783 122 248
574 -2.4575382637270788 1.0413380587883954 3.1514751247177495 38 45 53 2.9472126857684016 99 530 153 477
2928 0.1587502323891184 0.38838882801332286 6.7761852242719529 102 109 91 0.015359131549526657 42 681 122 56
571 -6.060875410070226 2.4765085717648705 12.649455967682316 112 71 69 0.74472928672860328 65 371 153 451 128 477 32 373 33 159 133 676 89 413 125 159 123 112 159 792 169 619 134 561 157 312 80 136 70 342 47 472 138 488
2927 -4.5599503468450013 -0.11141147619907742 14.730946139588969 127 132 108 0.82312012657445699 44 142 122 46 42 471
2926 -8.5002952123174875 -2.1693575198188721 11.728181879082122 248 255 254 1.1791135179154482 159 375 30 15
569 -6.0403277899731806 2.2477606858238812 12.991934919343141 81 31 35 0.73470391830974124 37 181 153 446 36 202 99 210 35 422 145 265 32 365 129 495 46 476 131 498 125 151 123 108 42 536 169 490 134 400 159 477 157 306 157 391 76 86 135 77 122 238 47 97 136 302 29 206
196 -9.2362877736830953 3.2767132487308661 11.467608266971611 52 52 42 0.82493820035201515 65 918 99 1161 37 1040 36 1108 153 1155 35 1068 128 1155 145 1208 127 1050 32 958 126 942 33 943 39 1121 46 1136 89 934 125 901 73 899 123 815 42 1177 45 1168 44 1087 41 761 80 807 76 648 135 544 70 672 122 670 60 597 47 590 138 529 136 507 51 538
5283 1.3872050604859485 -2.6934719903239133 -7.9228872242410091 175 170 166 0.74150530585536778 100 196 97 170 23 165 120 58
2924 -10.240390577213869 -0.097207638013863173 11.354660056889401 51 54 42 0.7560617396685051 127 965 70 422 157 464 135 349 138 373 136 353 51 426 48 271 165 247 49 151 139 115
2923 -8.2453452452763791 -2.6398730155028707 12.33329322828936 121 126 127 1.3779708120198642 70 18 46 49 131 68 40 61 169 26 47 25
566 -7.3051407372688759 1.0064422852412147 12.641359118347578 102 91 87 1.0590174739129727 36 629 37 365 65 340 99 443 153 415 35 159 128 629 145 497 127 601 32 138 126 503 99 814 33 113 129 625 39 445 133 640 46 447 131 627 131 772 73 357 123 80 42 696 45 843 40 628 159 621 44 631 169 604 134 525 137 370 41 342 157 374 80 92 76 382 135 428 70 544 122 216 60 375 47 461 138 436 136 366 51 474 121 241 30 219
2922 -11.77134823972756 0.73011094055340298 10.846583031223245 90 83 69 1.7287043416966583 76 535 135 464 32 655 129 622 128 169 37 119 46 625 131 444 45 208 40 203 159 764 44 629 44 747 169 600 134 519 134 660 41 447 41 619 169 809 157 372 80 86 41 671 70 435 70 575 122 452 76 582 50 229 47 512 138 432 136 416 136 448 49 108 49 156 82 111
192 -7.5272338550538702 -3.4939444724843831 12.586006112889102 251 255 252 0.67920822509957046 65 904 99 1156 37 1012 36 1093 153 1141 35 1061 128 1137 145 1194 126 926 33 930 129 1140 39 1107 133 1145 46 1129 131 1127 89 923 125 888 73 885 42 1173 45 1163 40 1112 159 1156 44 1084 169 948 137 1031 41 756 157 721 80 791 76 644 135 540 70 667 122 659 60 577 47 585 136 499 51 534 121 510 30 415
5279 5.6940067268228143 1.7643204168055151 0.44584355658708602 137 145 151 3.2794935084606198 143 107 98 258
565 -3.9636690431856678 0.8173738037491951 14.40062563937375 89 80 73 1.1903423346205202 36 141 153 409 128 625 99 657 37 541 145 655 127 382 126 497 129 780 39 613 133 773 46 620 131 766 125 345 42 835 45 838 40 624 159 610 44 627 169 707 137 812 41 546 135 272 135 355 70 533 122 212 70 312 76 166 26 269 130 79
2921 -9.183622307720146 3.229648305360278 10.125307418930163 55 52 67 0.56865616980651168 135 159 157 131 36 245 133 278 131 687 42 570 40 300 44 316 70 132
2918 -10.43616882220755 0.99678676841016245 10.946991746970498 80 80 68 0.73191746271823177 135 366 157 582 70 580 153 983 47 517 138 442
561 -8.2710131738809771 -2.6135981329456888 12.163824022140464 245 255 253 0.85063448050218016 36 351 37 315 99 372 153 367 35 334 128 381 145 436 127 338 32 493 128 592 153 548 129 590 39 574 133 611 46 582 131 588 123 223 123 379 42 639 45 621 40 574 159 738 169 550 134 619 137 646 41 412 80 257 80 418 135 250 70 271 70 389 122 185 76 349 50 258 60 162 47 348 138 292 136 265 51 332 121 221 30 150 48 199 165 229
2916 -1.9184847450610785 0.99032781846114182 14.526744709649478 45 46 40 1.7775281518766106 42 838 76 473 70 574 41 549
2915 -11.893107519705033 0.18975702339479647 10.260619689237728 241 235 214 0.22366810892788044 89 788 70 573
558 -1.494911764584077 4.4199607348623413 9.8640142082973483 245 247 250 0.17351097975556251 36 305 99 322 153 326 145 383
2914 -4.0649273789341906 -0.47228686154099764 15.038049366129856 68 49 57 0.29645638647236422 157 562 70 572 47 537
184 -13.249856439403031 4.2037149826501174 10.026418982517768 104 96 85 1.6192171309714496 65 897 99 1139 36 1074 153 1115 35 1042 128 1129 127 1020 73 879 123 796 41 734 80 777 135 512
5271 6.4970454156501152 -1.8963918795372634 2.2737862843875747 64 63 46 1.4063638829809726 106 383 98 268 38 555 19 512 21 591
557 -1.6683807686563372 4.1882722123421932 9.832696941155227 228 226 247 0.26177804984876391 99 308 153 314 145 376 126 224
2913 -10.862583916099704 2.0454989491387026 9.8389089307845712 95 87 84 1.0573817119392841 40 926 133 1005 70 553
556 -1.735600448693329 4.0276423103345698 9.8525880910743471 162 178 176 0.47602758750121765 99 302 153 309 145 368
2912 -7.196864851325639 2.3301043648495567 13.006217914063056 62 61 57 0.63158943351255581 39 786 135 295 70 552 138 452 157 393 136 377 51 444
555 -9.3647704902149638 4.5882186655820689 10.570732479452525 51 54 46 0.31562757660253865 36 277 37 265 153 295
2909 -7.7228087908150327 2.7432700007000066 12.596180267210606 94 81 72 1.0468835620546184 135 376 157 399 70 459 136 382 51 451
552 -5.4070227752419546 4.5273660659952721 11.749271272435209 78 79 71 2.4872190624976396 37 459 153 283 99 548 133 711 159 964
2907 -13.532475689439629 0.70731896286421259 6.9161153284395835 137 140 133 1.6024319455511702 135 430 70 441
550 -4.5474871721218415 4.4328716268390593 11.750733531922986 72 72 64 1.9910485746911371 37 256 99 278 153 281 35 252 145 342 39 316 46 342 42 612 45 360 40 337
2904 -14.613745039491338 -1.6960131462857795 9.7075458476745098 192 189 171 0.54073099597907182 135 419 70 412 47 362
174 1.5076404148321727 -2.1667370545578195 10.01176762746735 55 55 43 0.93263017986046493 65 724 99 1091 37 948 36 1039 153 1025 35 967 128 982 145 1128 127 910 32 878 126 858 33 810 129 1092 39 1035 133 1098 46 1106 131 1086 89 766 125 791 73 705 123 623 40 1101 42 1162 45 1151 80 641 122 523 60 439 121 377 30 270 26 392 29 296 130 219 117 284 28 419 118 510 27 540
5261 35.257796308599723 -12.772138294155544 12.905487987298402 88 98 80 1.2769416839068808 105 407 143 144 98 16 23 122 120 36
547 -5.1325094418275565 4.8891527938694033 13.761391621844457 91 90 81 0.45957329704303501 36 268 153 274 99 544 35 248 145 723 127 469 33 213 129 712 39 303 46 321 46 697 89 222 65 204 42 900 40 689 159 698 44 676 169 647 134 727 137 754 41 394 157 423 130 42
2903 -12.767526125424572 -3.2241388305502592 10.90673895484432 120 112 106 0.14791437037310184 157 344 70 391 136 187
546 1.6431841605884976 2.1470253502270489 9.1132347186756277 167 160 148 0.52594070483858635 37 431 153 250 145 312 129 517 39 676 133 691 159 943 131 685
1233 -13.46859447041137 -2.9155708205061885 10.537488690734403 44 45 40 1.0343735592128844 99 609 128 378 126 277 33 288 46 728 89 513 73 470 123 213 40 740 80 253
1221 -9.8426580616818526 1.4392188545491005 9.0798553127400119 237 241 249 1.7778965849112773 145 523 126 137 133 482 80 317 46 654
1193 -3.5245277868008813 -1.205947307716855 8.5336835338014687 93 87 75 1.3537364547005784 99 1096 32 885 33 871
1192 -3.5245277868008791 -1.2059473077168545 8.5336835338014634 93 87 75 1.3537364547005912 99 1095 32 884 33 870
1151 -13.673237572712134 -1.5460024803682135 8.6436535611604768 247 252 255 0.63082325089353342 32 502 76 276 41 532 70 293 50 105 47 269 135 343 138 140 136 196 51 263 48 110 165 104 140 40 52 96 53 109 142 97 141 39 54 68 83 71 144 71
1149 2.4090606951151718 4.0147323898933918 8.6935494985350257 56 53 39 0.38403891540167784 65 233 32 457 126 241 33 457 73 237 123 177 122 147 29 83 117 170 27 304 118 266
1111 -12.376413958344729 -6.0506911617427201 11.587129641548946 120 114 116 1.3304535355452967 99 1145 128 1133 127 1025 129 1129 125 884 47 573
1107 1.5196931505154265 1.4701696264844841 9.6437634848555636 154 157 146 0.9709117680121736 65 826 128 1122 127 1004 32 920 126 879 89 864 73 810 123 719 80 713 28 470 27 581
1106 -6.4135261508954917 0.19845747435268751 13.366707536630425 95 87 66 0.49620984782529526 99 1100 127 997 42 1130 60 555
1105 3.62697252376761 -0.24770546115056261 7.3668671492018154 65 64 46 0.97974407964101706 128 1115 127 995 126 863
1104 -4.3730421726668185 3.8990699654113419 10.6084553843808 80 74 60 0.56441023761258713 65 839 127 986 125 852 65 867
1101 2.7967604975080484 1.6975449718509819 8.4599736175663427 147 144 135 0.45132446803623755 65 771 127 943 126 781 33 842 89 807 125 816 73 751 123 660 80 669 122 550 60 468 121 400 30 292 26 429 29 320 130 194 117 259 28 380 118 419 27 514
1100 0.64413723101613618 1.1703657905285489 9.1832120382958262 115 107 96 0.15373137870020787 153 1048 127 935 32 847 33 833
1097 3.2710571134271036 -3.8347257026632944 9.0838368680375545 130 131 126 0.44180708961589249 65 704 127 902 126 807 33 804 89 754 125 703 73 693 123 612 80 626 122 513 60 427 121 363 30 259 26 384 130 215 117 281 28 416 118 386 24 386 161 429
1096 3.2732031438777613 -3.8463991274283211 9.1218329330289905 130 131 126 0.25050363779368562 65 703 127 901 126 806 125 702 123 611 80 625 60 426 121 362 30 258 29 343 130 214
1094 -13.85057205468784 5.0921426641670289 9.6698008461587186 84 82 64 0.62044406731591306 35 780 99 962 127 891 126 697 89 735
1088 -13.6679590286231 -1.6287417281749923 9.421306449497207 66 77 61 0.44716012802848099 65 736 127 828 32 739 126 737 33 741 89 846 125 723 73 791 123 703
1086 4.0397601514562442 2.1801379251861759 5.8091056143422959 56 54 42 0.36653307951060637 128 845 127 782 80 362
1079 -6.005633717503442 -0.42064667204704548 14.056183631723517 93 89 70 0.96881069599017944 37 773 127 720 32 645 126 637 131 902 35 704 89 678 159 884 169 795 134 875
1077 -8.8107961642290995 -4.2976338733893931 12.321061523044746 126 125 123 1.1490905745543161 145 755 127 694 32 618 129 852 133 1024 131 1023 134 908
1076 2.5632510984469024 3.014625897794744 8.7901903086457995 91 90 80 1.3908465860565435 153 810 127 648 125 216 33 583
1072 -13.714957882586996 -1.8230571604090242 9.2956781551841772 152 152 178 0.38382152767175365 36 594 65 294 128 600 127 548 126 287 33 304 89 346 125 300 73 318
1071 -11.725866640708254 -2.5541715712479838 11.44176887321713 76 64 52 0.32281523953819075 145 619 127 536 32 294 123 226
1069 -11.602804354623476 -4.3094589247910982 10.801424462376719 119 115 130 1.4123967546455605 37 627 65 454 145 754 39 722 73 294 80 405 123 497 60 428 136 107 76 4
1066 -2.3120385191904065 4.3775745587650094 9.9415887366924185 175 186 188 1.7483557284381066 35 483 65 225 127 491 33 241
1061 -10.493637448568956 2.4395530595587953 10.272109313122829 89 87 92 1.7407925626905296 145 540 127 433 122 94
1059 2.6913520831832796 1.4100164597863001 8.4231158125386898 244 244 238 0.16130514324546219 65 365 127 416 32 369 33 375 89 154 125 376 73 149 80 126 26 68
1057 1.4930730208922018 1.0318725026428339 9.731951979560538 139 136 126 0.37994535924363831 128 636 127 403 32 540 126 335
1056 -13.866489013951705 -1.6681245555357256 9.3762939243149255 166 174 187 0.82344246780374086 99 97 127 350 73 325 33 70 65 303
1055 -13.885357334359838 -1.693915663754479 9.3942419068098957 166 174 187 0.31067004759173195 65 302 127 349 126 468 33 69 89 348 125 304 73 324
1052 -14.022701436133701 -2.6838323249893441 9.5798829896673574 84 94 95 1.140997569165253 36 353 65 471 128 380 127 337 99 371 32 66 126 45 33 45 125 44 73 471 123 33
1049 -13.702065425527763 5.7716855448242628 9.4903771073436243 74 75 63 0.44122996390283614 36 540 99 333 127 311 128 558 126 420 33 251 89 281 73 247
1048 -2.8738105212136085 4.029174091183652 8.6332170955413989 177 190 191 0.16178494917670239 35 282 127 298
1047 0.1786610231268401 3.8209093449633516 9.152909250637201 195 202 194 0.28126239145694731 35 273 127 288
1045 -8.788546846904433 2.7097963481191361 10.619430534554683 112 123 113 0.62106498718272085 37 216 128 243 153 238 127 231 133 251 89 185 42 336 40 288 134 231 137 439 41 121
1044 -8.8675448643819887 2.9474130331388304 11.842046991586042 68 57 43 1.2995746362711824 145 296 127 228 129 508 44 300 134 572 157 320
1041 2.9065751968980318 1.379332228461799 8.3741300499556264 104 108 111 0.49144275298258328 128 471 127 204 32 163 126 150 33 373 73 147 123 106 122 83 30 50 30 182 28 73 27 81
1040 -3.6828200579778687 0.45958422409758259 13.630709023807894 140 136 127 0.39878649914854175 35 135 127 136 145 173 157 51 130 14
1036 -13.724102054351127 -1.5562727594479309 9.2758941140049114 41 63 76 1.102971968104294 65 311 128 98 127 91 126 70 33 314 126 474 127 555 89 350 125 65 73 487 123 239
1027 -1.6272102166511646 4.4289029446521972 11.877935848711614 94 102 103 0.65171256988898618 99 550 37 463 153 292 145 729 99 866 153 808 39 705
1025 2.896457543319614 1.3602624609046265 8.2612451735924424 73 71 84 1.1104011693391549 99 487 37 403 36 645 153 917 35 745 128 644 145 528 35 596 128 470 127 203 127 751 32 162 126 149 33 552 129 912 133 931
1024 3.524060873882684 1.3168692593456055 7.1361640871299334 34 36 30 0.43259444406402203 35 995 65 668 128 1073 145 1152 35 939 99 1121 126 776
1021 -9.5338336568777926 1.4110172951423117 9.0802969128348963 231 235 244 1.4672385862099802 128 1120 153 1127 145 1183 129 1120 39 1091 46 1124 89 914 42 1153 45 1143 40 1086 44 1062 41 739 122 650
1007 -10.389990770110712 0.8139329121463591 10.953172827493434 62 69 57 1.0883357291914391 35 839 99 1002 145 1029 159 1053 70 578 169 811 138 438
1003 2.451744286905071 3.0090503743363186 8.6038098966975696 55 56 52 2.1123616655132205 99 961 128 701 145 992 32 576
995 -11.631670924335127 -4.3982781860205691 11.018013085681893 253 255 250 0.7736840491378123 50 205 128 744 145 909 39 724 133 857 40 864 159 859 169 763 134 845 76 434 135 324 70 495 165 223 82 104 139 107 140 74
987 1.2956827088769232 2.8063928054510039 9.277259351341927 136 139 130 0.096278685015394286 99 858 145 863
985 -10.360275830021443 3.9692227116169767 10.66218538215116 41 47 33 1.6442325532782374 35 621 145 858 45 991 40 837 80 488
984 1.0793907625836243 2.5091491473732797 9.9645218890099123 145 148 141 0.67112196032577676 36 791 99 853 145 846 129 925
980 3.6236350313786114 -0.37627629661364537 7.2301750157425611 48 47 45 0.76966479137119004 36 600 99 785 145 789
974 -11.744662164890453 -4.0978880994465383 11.493296165374208 60 61 54 0.90687261187130164 37 307 153 542 145 760 126 267 33 483 129 738 133 735 46 569 131 862 89 312 73 29 123 204 42 924 45 786 159 861 44 695 169 662 134 741 76 439 50 259 47 342 51 327 48 197 165 186 49 118 82 119 139 93 140 75
972 -4.3652082794415454 3.8493639444731751 8.1583978342144654 184 200 199 2.0728233526831144 128 314 145 741 153 505 126 229 125 236 60 132 122 144
958 -7.1017175730889495 2.8580421461870098 12.84373430021666 59 58 40 0.90846597520198935 35 209 99 225 145 538 32 383 65 380 39 487 46 490 131 510 89 177 125 388 73 168 159 930 44 657 44 777 41 474 157 402 80 143 76 404 70 463 138 259 138 339 129 241 51 382 121 172
957 -6.3000381236666918 2.5003412455723808 12.72755586613599 85 78 70 0.40507463206388244 35 203 36 463 37 408 99 216 145 530 32 169 126 157 33 158 129 498 46 484 131 659 89 168 125 379 73 379 123 110 45 714 45 864 40 655 40 812 134 560 134 696 137 719 41 376 76 313
951 -9.1437874695314711 0.56649737643581588 12.303394143393268 105 97 97 0.57201784847238035 37 357 145 488 127 378 46 429
950 -4.9884538946137091 -0.51750347828901955 14.437408958475061 58 52 30 0.2257433504504027 36 390 145 469 127 110 32 102 153 125 129 419 40 608
947 -7.3230966493139684 -3.4554406777715307 13.288016540657249 72 71 66 0.57481033510277812 128 58 145 429 131 47 45 39 40 42
927 -10.507789979610932 0.92663927054300199 10.929369563608383 61 62 50 0.38148596931908479 35 163 145 201 39 174
920 -6.7616366165567916 -3.6247962105687268 14.030644084690802 46 46 38 1.0209750078466671 65 272 145 61 33 33 129 49 39 46 46 574 44 380 169 412 41 284 122 17 70 265 138 279 136 254 30 201 48 249 165 270 130 173
918 -8.2197888495739875 -3.8575580361533146 12.287192185622843 188 211 211 0.26091671148162315 37 18 128 36 145 46 39 374 129 33 133 353 46 373 45 384 40 24 44 373 169 407 134 464 137 481 41 154 157 3 70 2 47 12 138 115
910 -2.5718777326839222 -0.14919912694422718 14.88224110648442 64 63 68 0.75201633782277244 36 954 99 914 35 706 128 907 37 524 65 323 99 124 36 119 153 580 35 374 145 476 145 935 37 664 127 117 127 579 127 722 32 324 32 646 126 487 33 656 129 769 39 121 39 998 133 765 46 609 46 763 131 608 89 540 89 679 125 330 125 633 73 342 73 631 123 406 123 640 42 466 40 417 159 596 159 756 159 1086 169 579 134 642 137 796 122 47 30 27 30 166 30 208
892 4.1413183481123728 1.4707022022302267 5.8211454326539744 47 46 31 0.49611520769638517 35 949 65 538 128 1036 127 880 32 800 126 787 125 667 73 536 80 475
890 2.9389041343924216 -0.42302703041827955 8.7161998088476089 43 42 21 1.8705615109114959 153 1033 128 1003 32 835 126 746
881 -13.502142227222906 5.1439619652384234 9.5827221432028811 29 34 27 0.62598416537127732 65 795 128 963 123 687
874 2.7583239720581783 1.7099713138108663 8.8179561892420022 93 93 86 0.6463107190751527 35 856 153 919 128 938 127 757 32 552
865 -5.2772372226042705 -2.553182989961873 12.876551827534936 80 66 55 0.81875689807249064 65 730 128 890 127 705 89 660
823 -2.051576651048419 -0.021047269947571605 14.777541692566391 252 252 244 0.81379221832301418 37 345 128 429 39 123 46 764 89 95 169 439
822 3.5847243267140718 0.040000884069428609 7.2516356869105891 60 53 43 0.12681728509106752 153 578 128 425 36 612
810 -4.0515657498105782 4.2689645893375516 8.1802193441667086 189 195 197 0.32926381195404741 35 297 128 332 32 249 123 178
808 -2.5792373190890197 4.313280790607763 9.4771332062829305 170 181 185 1.0385939635570722 36 527 128 323 35 279 127 293
804 -4.004240642964306 4.2666555651875822 10.716932048345768 177 190 191 1.5300578386790014 153 494 128 296 39 711 29 79 130 45 145 585
803 -10.350513619820177 4.1856332889184875 10.928709730148329 75 79 55 0.32914062870799954 37 454 128 281
801 -9.763525869092657 3.6106858872701784 11.484302137088852 50 52 51 0.42114571955218588 37 438 99 521 153 255 128 263 126 186 131 682 129 277 133 696 125 195 73 184 42 733 169 514 157 328 135 230 70 245 136 242 121 86
797 -6.4065741837516645 2.6645577304335499 13.459552515300727 73 41 34 1.3494730323980666 35 428 128 229 127 210 33 385 133 228 131 243 73 160 40 258 42 311 44 276 134 196 137 189 157 394 76 88
792 -0.13753149935413705 1.1598704321702249 9.5811131317777463 242 252 243 1.0442230243282307 99 179 128 193 127 175 153 432 125 133 73 133 44 644 40 643 45 854 40 805 28 167
786 -8.7528483821195486 0.52610744026080714 11.367944600877841 225 194 238 0.50653155971448061 128 153 145 653 39 436 129 615 131 916 42 688 45 675 40 621 159 901 44 624 134 789 169 706 137 811 41 336 157 469 76 287 135 358 70 314 122 211 50 172 60 189 138 236 51 272 121 237 48 214
771 -6.6193006133689885 4.4097076847134637 11.863817260546773 85 83 70 1.3531532685134315 65 880 35 1043 128 1130 127 1021 32 935 126 907 123 778 80 775 122 644 30 392 121 465
770 3.7169767288783095 -1.4926785684405812 7.6130089904252118 52 49 44 0.8348539453756032 65 807 153 1118 35 1033 128 1086 36 1063 145 1190 127 991 32 880 126 860 33 867 89 767 125 793 73 707
768 -6.3326789439386157 -1.2019989253014758 13.589832667745471 88 81 65 1.1930557580605115 36 1041 37 955 65 851 35 1015 128 1089 127 994 129 1099 133 1104 125 837 123 768 42 1125 45 1123 40 1066 169 925 137 1004 76 614
755 2.8424968114739637 -0.51977305635170656 9.0688370704939736 62 59 40 1.0020876693812257 153 973 35 908 128 1001 127 833 32 748
751 -14.40016921627644 6.0421945698106585 10.264249014877835 80 81 85 2.0120325540088992 65 693 99 970 35 876
735 0.60964326663680357 0.68211831438120341 10.366477135722624 103 96 85 1.3315772504020995 65 644 35 719 126 654 89 696 125 644 73 646 123 540 122 457 60 373
734 -4.4255364447954184 0.65092754833176103 14.865860841258369 73 64 48 0.93533663406805778 65 639 99 808 35 716 128 791 145 946 127 591 127 854 126 648 129 892 133 899 131 914 89 692 73 638 42 1031 45 950 159 899 44 860 169 803 134 882 137 809 41 616 157 571 80 445 80 573 135 425 70 608 122 336 60 370 30 212
732 -3.8017917722340187 -4.4197572635377158 10.463897673018542 66 63 56 0.30335808694175842 37 746 99 753 35 663
729 -1.9700242771838941 4.6981754052656175 12.699364513988236 96 106 101 0.2414290138909867 99 865 35 632
727 3.5000491939580476 1.5691477479936042 7.1115467194832238 85 84 70 0.99768594192541071 36 789 35 610 153 786 128 817 127 233 32 184 126 171 73 169
725 -10.439038940472672 -0.2459106552576997 11.507560177103244 100 94 82 0.70844965207754607 37 526 99 645 35 569 145 646 127 581 129 112 39 604 73 505 123 258 42 821 44 733 169 701
724 -13.610213511316735 -1.3064369016654556 10.353844552455763 54 57 50 0.81400525151723446 65 625 35 560 128 607 73 623 123 246 42 951 45 643 46 600 40 761
714 -3.3466048188456159 5.4818682080007095 12.031315910831452 101 112 114 0.041208983017472348 35 488 128 548
702 -13.592936143810538 -1.6654215127719441 10.491607489293411 59 59 51 0.34799397045136188 37 332 35 360 145 453
700 3.6683050110264284 -0.53826559445597033 7.370903428062805 82 75 65 0.69049128406929894 36 593 35 354 128 401 145 921
694 2.0760708490226172 -4.3444989178040192 14.181036350766213 131 129 119 0.51885476459320179 153 536 35 320
692 -1.6407012474858986 4.358809999614925 9.5768911345873615 101 102 105 0.38086392694758042 99 328 35 287 128 550 127 493 65 418 32 590 126 568 33 452 89 600 73 572 80 374 60 341 121 291 30 306 26 444 29 336 130 165 117 275
680 3.6836449513840321 -0.46385584626124921 7.4703517339538852 86 79 71 0.61139270202717544 36 598 153 382 35 92 128 403
671 1.407532899374295 2.217446509105943 9.1353063015154472 239 239 240 1.0069313486536773 65 170 36 665 153 468 99 515 37 434 35 448 128 492 145 843 127 442 32 393 126 378 33 178 129 689 39 507 133 531 131 690 46 826 125 188 159 819 80 153
667 -0.027371824828391931 1.030614564004785 9.9414378427616263 247 249 245 0.43104546516480391 65 874 153 1126 128 1143 127 1014 126 914 89 902 125 873 73 864
664 -7.3641811520921765 1.316833061671393 12.805042521203992 156 149 127 1.4540484328890164 36 1065 37 994 99 1131 153 1106 128 1118 145 1167 129 1104 39 1072 133 1110 46 1107 42 1137 42 1150 45 1142 40 1085 159 1130 169 938 134 1000 137 1011 41 738 157 715 76 630 135 535 70 653 47 582 136 495 138 521 51 530
657 2.9861791184003921 -4.1775015047681645 9.5842184731688498 46 40 39 1.086545691694899 36 1061 153 1079 35 1007 128 1084 127 990 32 913 126 853 33 863
656 -10.332468273662856 3.2944556776324228 11.045604141303848 72 75 64 0.94885086881814751 36 1053 99 1124 153 1064 35 1023 128 1075 145 1156 127 982 126 883 33 885 89 906 125 848 73 868 123 758 80 773 122 619 60 564
283 -4.9245730249322621 4.1348140322032716 9.5002995288279397 83 91 104 0.76014445056214974 65 558 37 825 153 944 35 779 128 842 32 695 126 561 126 694 89 728 125 680 73 561 123 587 122 390 60 411 121 345 30 247
5370 -17.154737983559794 0.18368960089494527 6.8041966302216448 156 158 160 0.45157927720147656 155 27 166 28 111 31
648 1.5335930890648701 -3.7196501758321054 10.349157590368508 41 40 20 1.4203697158414168 99 1089 153 1020 128 976 32 824 80 630 26 385 28 464
640 -13.027533237023542 0.77538534859926789 10.358573801296401 117 112 107 1.5194210881012564 50 306 153 981 126 831 33 823 39 1006 125 806 123 749 135 429 138 439 165 283 41 673 45 1110
633 -7.1480010570871677 1.3712013183278378 12.86736954286639 72 62 61 0.34696835885262906 36 768 37 684 99 820 153 907 35 726 128 803 145 956 127 741 32 539 126 662 33 542 129 906 39 885 133 916 46 915 131 999 89 557 125 649 73 519 123 425 123 548 42 981 45 967 40 916 159 1011 44 879 169 821 134 892 137 908 41 557 157 583 80 455 80 580 76 482 135 431 70 582 122 464 60 382 47 518 138 446 136 420 51 482 121 322 30 223 48 328 165 306
617 -0.80460436231469767 -0.71928654255696145 16.568009989606043 30 27 17 0.41499299395359124 37 770 153 735 35 699 145 794 32 320 128 611 129 765 39 935 133 891 46 972 42 1067 45 1020 40 974 159 996 44 993 169 851 134 872 134 913 137 897 137 934 41 661 157 628 76 593 135 516
610 0.69292352352539777 -2.5602904423244719 9.5919065164242454 73 60 52 0.93769173208888279 37 625 153 708 128 880 36 936 145 1005 127 810 32 622 126 720 33 622 129 949 89 506 125 466 73 608 123 504 80 410 80 542 122 419 60 354 121 298 30 93 30 268 26 251 26 335 29 115 29 295 117 235 28 353 118 394
604 -8.001327334435544 4.613206589248664 12.597920686684745 45 48 36 1.0979703456596959 99 721 153 655 145 869 32 419 33 428 39 905 46 939 131 959 89 724 73 766 45 892 159 954 76 502 70 595 60 408
231 1.4506261786842936 2.1337212812282371 9.6035577885669046 108 111 100 1.0982674672853223 99 239 37 423 39 668 145 547 133 524 42 996 40 828 159 803 137 843
5318 -14.032347907472397 -3.1812364193500384 8.9346780731985493 49 55 76 0.46648959172272098 83 47 141 4 142 89 144 46
602 1.3949218168590398 2.3760715249973181 8.924211230965847 171 168 151 1.2457846196492603 36 672 153 644 35 616 128 671 127 449 26 195
585 -7.9984616323007094 -2.5339670341989744 12.211954291956799 248 255 254 0.2533337539411028 36 354 37 506 153 550 35 336 145 616 129 592 39 576 131 744 89 332 42 790 45 806 40 576 169 552 137 649 41 414 80 260
212 -4.8341936277842397 3.8991090915889099 8.4117901222553186 177 192 196 1.2891696686254484 99 559 37 279 153 500 128 311 37 474 32 438
5299 0.57641418114370879 -1.4961789833618384 -8.3737377232727148 147 144 137 0.28863674506442333 97 123 98 151 23 136
579 -1.4990001829923028 4.3348151347229313 9.8140686601856419 88 91 100 0.23783912525987677 36 304 153 507 35 278 128 547 145 594 127 296 121 108
206 1.5259502804780216 1.3148341574527667 9.5839495834299022 104 110 98 0.87668353185191339 99 473 37 169 145 242 39 644 133 664 46 921 131 791 42 1042 40 920 159 920 137 948
5293 9.7674695189526144 -6.3342185961108033 -0.092346456854837639 101 103 92 1.7393981802823208 100 194 102 268 23 196
573 3.5661896071011343 1.5339485927448209 7.0054243589024043 84 79 76 0.62693407249502764 36 481 99 697 153 464 145 844
5342 -13.059539310134053 1.4507838911935946 -7.8446198090227668 16 11 5 0.93177076196910336 144 55 155 56
255 1.5330442118962317 2.1879887341055313 9.1890459593607865 96 100 93 1.2475078932432517 99 696 37 587 36 483 153 467 35 446 128 253 145 703 129 686 46 1011 131 1015 159 1074
5324 8.2894296750477459 0.43056159988618981 -0.71564238229890387 0 0 0 1.1518649792294571 115 133 161 73
237 -12.364240978372749 3.6839676728881408 9.8109655133071278 45 41 42 1.9982389475766542 50 141 37 447 165 136
5322 -13.829849302189478 -1.9812468900494105 8.8467468916179719 126 126 128 0.52593075773396392 53 155 144 95 140 80
235 1.4143895505506376 2.3022592605416983 9.2004768968678832 122 124 120 0.35944860587125044 99 520 37 440 36 488 153 470 35 449 128 493 145 704 127 443 32 195 33 182 129 521
2592 1.7407016328821063 -2.2696506984495457 11.758060852525425 51 51 39 0.32907193175705379 40 723 159 554 44 692 42 778 45 612 134 736 46 719 131 580 137 632
5316 -3.5173860784589452 0.065136354800313642 2.3078639290040588 0 0 0 0.0012923245320774228 54 24 141 40
229 2.7886658103024247 1.4475111986164564 8.4590648164711162 112 113 118 0.19703827175167773 99 215 37 411 145 529
2586 -0.5708725954512065 1.1115475204899326 15.612620868212533 61 66 52 0.7800008805322235 36 150 134 114 129 148 46 623 159 131 44 744 169 309 137 106
227 2.8454922016292241 1.2253776397148588 8.4358765502203106 232 230 250 0.64094820391898222 99 477 37 401 36 448 153 438 35 188 128 641 127 411 129 648 133 668 125 142 28 64
222 -0.19983866424379843 1.187015880426489 9.5027330376667223 103 109 108 0.79885983026099228 99 467 37 391 36 183 153 196 35 418 36 441 145 515 127 180 129 477 133 661 46 648 131 649 42 859 45 855 40 808 159 649 44 759 169 730 134 682 137 706 41 561 157 486
2579 -8.4455089927406721 1.2386407384825742 11.903299316799046 181 187 193 0.35674760431431007 37 791 134 930 138 482
5306 0.29458634254493432 -2.406066185658386 -8.2732032676921161 147 143 144 0.2118957142956103 97 211 23 199 120 77
219 -8.2824331335202501 1.0820997876637684 11.845902428505603 216 206 209 0.76042494807430872 50 275 37 370 153 177 145 206 129 164 39 450 133 440 46 632 131 463 42 699 45 685 40 630 159 628 169 465 134 670 41 346 157 286 39 626 80 454 76 186 135 132 47 294 138 243 51 282 48 220
2576 -9.9472032184769468 3.8227811447357607 10.513413392028278 32 28 12 1.0330984316816934 159 1029 169 830 134 901 137 853 157 502 135 443 136 434
2572 1.1777786057524451 2.8084728008041107 10.499008575420456 35 38 36 0.68861785111344609 42 748 45 742 134 836
214 0.74708231022930205 -2.3173425614553858 9.5289356071655966 87 86 56 1.2200253880225846 99 40 37 301 153 33 145 414 127 38 129 569 39 15 133 340 46 559 40 708
5301 1.4181182053212575 0.83219916114290005 -2.0157222567904092 164 153 159 1.1480487829119852 97 87 23 159
5298 0.8423700461927679 -2.9778082783613233 -8.0932982293589468 157 157 148 0.9162443818679854 97 166 98 132 23 118
211 1.5147177612142042 2.214216370740735 8.9639958149874719 247 251 254 0.93859983325196228 99 253 37 230 36 240 153 252 35 227 145 318 129 276 39 510 133 532 46 830 131 693 33 180 159 827 121 79 29 65 130 90
5297 0.79749542839306531 -2.9453208249415379 -8.0516762284971612 157 157 148 0.81655011034239966 97 165 98 131 23 117 120 37
210 2.7407536404595194 1.7469552761273963 8.2748078153791003 114 119 116 0.75863416549930174 99 241 37 222 133 526
5295 1.2705844291646355 -2.1626679169068517 -7.9263070058809095 178 175 170 0.15073458266463219 100 103 23 30 120 11
208 2.8686515192995858 1.2806652362379016 8.3715536120402092 233 237 249 0.78992261035647637 99 208 37 184 153 219 35 197 128 215 145 259 32 156 129 494 133 492
2565 1.7580985462641514 -2.2864266369136956 11.806387924136953 64 61 47 0.34103495300629078 44 693 134 737 45 613
207 0.37704702291062719 1.6343273248364056 10.333908848498652 75 80 76 1.0982765950315745 99 207 37 179 36 200 145 263 129 222 39 217 133 491 46 478 131 797 153 614
202 -1.4959896298970681 1.4793733563590437 12.32789658679587 214 211 203 0.91522307221855037 65 128 37 147 153 191 35 176 145 226 127 173 32 351 145 819 33 132 129 184 39 194 133 184 46 786 131 194 89 133 125 131 123 281 42 253 45 238 45 972 40 468 40 802 159 451 44 228 44 880 169 336 134 378 134 681 137 383 41 86 157 195 122 348 121 52
5284 -1.7847879349103766 -0.39864337195271149 -3.7841963171745903 133 132 137 0.019774125174392865 98 192 97 213
197 -8.6260534144374894 2.778329139894371 12.647559200736953 63 64 46 0.95935274298621509 65 916 99 1171 37 1038 36 1107 153 1154 35 1066 36 1097 99 1159 128 1153 128 1162 145 1206 127 1045 32 956 126 940 33 941 39 1119 46 1133 89 932 125 899 73 897 123 813 80 805 122 668 60 587
2554 -10.004886511589072 3.2268610807583187 11.897071654820536 53 46 32 0.37999344056807699 131 521 134 576
5282 4.0417563027596222 -0.38251134190685743 -1.5373929946471228 54 56 46 0.8205801758668918 102 75 97 125
195 -10.705800638215807 3.1257520595102051 10.878987657847626 79 81 67 1.0493111645448805 65 917 99 1160 37 1039 36 1099 153 1148 35 1067 128 1154 145 1197 127 1046 32 957 126 941 33 942 129 1133 39 1120 133 1149 46 1135 131 1129 89 933 125 900 73 898 123 814 42 1176 45 1158 40 1117 159 1162 44 1078 41 753 137 1028 80 806 76 635 70 664 122 680 60 596 47 578 138 527 136 491 51 532 48 374
2552 1.0116269288350876 1.5488295791526661 9.0306359074933518 55 51 50 0.6612946724391956 42 318 134 571 45 542
191 -7.4953968649278266 -3.4776737759504694 12.539239851716026 251 255 252 0.81261070775452304 65 903 99 1155 37 1011 36 1092 153 1140 35 1060 128 1136 145 1193 126 925 33 929 129 1139 133 1144 89 922 125 887 73 884 80 790 122 658 60 576 121 509 30 414
189 -3.4029638628675469 0.11426024644447676 14.136572316273224 254 255 250 0.34412554856916694 65 891 99 1149 37 1016 36 1081 153 1122 35 1051 128 1140 145 1180 127 1030 32 946 126 928 33 917 129 1118 39 1109 133 1137 46 1120 131 1114 89 913 125 872 73 875 123 788 42 1165 45 1155 40 1103 159 1147 44 1076 169 950 134 1007 137 1021 41 750 157 723 80 780 76 646 135 542 70 670 122 648 60 571 121 494 30 406 26 553 29 422 130 294 117 381
2546 -10.258091948555432 0.91916077991742806 11.658591030618629 32 36 36 0.88507165071543847 44 459 133 162 134 523
188 -7.6005000006579788 -1.2078240767245669 12.616461252500724 87 83 74 1.1489426678422363 65 889 99 1148 36 1080 35 1050 128 1139 32 944 126 927 33 916 33 931 129 1131 39 1108 89 925 73 886 123 801 41 757 157 722 80 794 76 645 135 541 70 668 122 660 60 578 47 587 136 501 121 512 30 424
2545 -10.333374156821712 0.033167076367863695 11.629634611655632 81 80 62 0.60325679296993229 44 156 129 116 134 511
187 -13.286324796555389 -3.0134626439465397 10.302148532929833 71 72 41 0.81427346837116554 65 884 99 1147 37 1013 35 1034 128 1138 127 1011 32 927 126 909 33 894 89 910 125 867 73 872 123 784 80 779 153 1121 76 626 135 527 47 569 165 329 49 180 82 157 139 141 140 108 52 147 141 100
2544 -11.786908258721727 -0.41315308851471649 11.09184756034974 53 48 23 0.27830285510201846 45 438 159 397 134 505
186 -8.6315524571031901 -3.710080585367165 12.098851511522936 251 255 252 0.59382227381407393 65 901 99 1146 37 1027 36 1077 153 1119 35 1048 128 1134 145 1191 127 1026 32 940 126 923 33 909 33 927 129 1130 39 1106 133 1136 46 1119 131 1126 89 920 125 885 73 882 123 799 42 1172 45 1162 40 1102 159 1155 44 1083 169 947 134 1006 137 1030 41 748 157 720 80 788 76 638 135 532 70 659 122 656 60 574 47 579 138 528 136 500 51 525 121 507 48 371 165 349
2543 -5.041118189100378 -0.52578244415984654 14.583521117521434 57 50 30 0.19159261075612025 42 673 46 603 134 499 45 650 47 358
185 -1.6596087951753127 4.3610674900002433 10.543186958060813 252 254 253 0.78938888530689544 65 843 99 1141 36 1056 35 1027 128 1107 127 987 32 909 126 891 33 888 89 878 89 897 125 853 73 829 73 859 123 739 123 764 80 732 122 631 60 516 121 468 30 378 26 512 29 396
180 0.29901946948430497 1.6659747712071089 10.173486204798992 102 109 101 0.61163323962059979 65 827 99 1116 37 972 36 1018 153 1052 35 992 128 1067 145 1148 127 975 32 895 126 836 33 836 129 1081 39 1053 133 1115 46 1096 131 1098 89 865 126 880 125 812 73 811 123 720 42 1142 40 1074 159 1119 159 1133 44 1065 169 942 134 994 137 1013 41 743 80 715 122 587 60 506 121 432 30 340 26 500 29 390 130 259 117 334 28 489
5267 3.4639331212688429 -1.2930406633595426 -1.9021318342159301 19 24 16 1.3040160039102504 100 199 102 228 98 233
553 -9.1344537581346348 4.2852955733705924 10.14460407583783 89 101 101 0.38587275308710262 37 260 99 283 153 290 128 289 145 348 127 274 129 541 39 534 133 569 46 540 131 557 73 210 42 617 45 600 40 558 44 564 41 397 76 230 122 137
178 -8.8522131558866075 1.8635969697659749 12.394630437083405 252 255 253 1.338613714449286 50 345 65 862 99 1111 37 966 36 1048 35 989 128 1097 145 1142 32 893 126 877 33 879 39 1074 133 1081 128 1015 46 1092 131 1045 125 842 42 1140 40 1072 44 1052 80 752 76 633 70 654 137 974 159 1060 137 946 60 536 47 576 136 488 51 523 48 366
5265 6.7207403512536281 0.61056546292584735 -1.5282831029122959 115 130 136 1.2106684703899122 101 205 102 183 98 167 97 63
549 2.0842002599107858 3.0694666933672994 9.1044294132467272 134 135 119 0.97662882093340198 65 198 99 551 35 255 129 333
5263 3.7115744727117375 -1.1986097919052698 -2.0149048941605647 113 100 83 0.99953269809990175 102 50 98 58
176 -13.91723864270725 -1.5476640696653579 10.432476486542075 60 58 37 0.86455993631601202 65 887 99 1097 37 990 36 1064 153 1103 35 1035 128 1114 127 1012 32 917 126 911 33 914 39 1070 46 1089 89 911 125 869 73 873 123 786 42 1123 40 1081 42 1146 44 1040 41 725 157 663 80 792 76 595 135 489 70 624 47 539 138 475 136 445 51 493 48 323 165 318
5260 3.757026387305396 -0.81572406422558752 -1.8326596689164447 64 75 61 1.1929516085262959 102 332 100 208 98 274
173 1.3065961934410304 4.153033191211378 10.994369657346851 33 42 38 0.36762184013215898 65 788 99 1087 37 986 36 983 36 1034 153 1010 35 956 128 1047 145 1125 127 956 32 871 126 851 33 791 129 1060 89 827 125 772 73 771 123 682 80 609 122 562 60 480 121 411 30 302 26 477 29 331 130 201 117 310 28 450 118 495 27 566
2530 0.57875645465568037 -0.96756840280632772 9.3603601453051226 228 229 233 1.635081912209378 159 41 134 300
172 -9.759955707974763 4.1220440715031064 11.103470223125896 56 55 50 1.5604684202689354 65 866 99 1082 37 984 36 1032 153 1097 35 1000 128 1106 145 1158 127 985 32 907 126 885 129 1114 39 1061 46 1102 89 893 125 851 73 854 123 761 80 759 122 621 60 567
2529 -7.2521005811341279 4.854489444917184 13.222598580408187 33 31 17 0.33323612218069593 42 369 134 265 46 318
171 -9.1627246021924194 3.524461178365343 10.609839084602228 51 56 49 1.3337051455223505 65 837 99 1081 37 933 36 976 153 1068 35 952 128 1038 145 1116 127 948 32 864 126 846 33 852 129 1047 39 1022 133 1118 46 1081 131 1102 89 872 125 824 73 669 33 574 123 669 42 1116 45 1118 40 1060 159 1138 44 1038 169 934 134 1005 137 1017 41 719 157 703 80 724 76 609 135 524 70 639 122 558 60 475 47 567 138 506 136 479 51 515
5258 10.648935157077851 -2.668416553443171 0.91434639748130953 82 89 71 0.66628068641844562 143 153 100 108 98 144
544 -8.2980163734328816 2.3187694034819204 12.479203278699257 165 163 151 0.37117363648541651 36 206 37 190 153 223 128 225 145 269 127 207 32 167 126 153 33 150 129 233 133 495 46 222 131 499 89 161 125 153 42 297 45 529 40 249 159 478 44 495 169 355 134 405 137 415 41 371 157 307 80 131 76 311 135 296 70 340 122 241 60 87 47 314 138 332 136 301 51 374 121 169 48 287
168 0.247051007776489 2.126857902372878 10.269568891226699 199 205 195 1.4933681238029395 65 832 99 1077 37 928 99 1016 153 1061 128 1026 145 974 36 781 127 978 32 554 32 792 126 839 33 558 33 843 129 994 39 1018 133 937 133 1051 46 1047 131 1077 89 810 125 817 125 845 73 814 123 726 42 1088 45 1092 40 1058 159 1101 44 1018 169 923 134 969 137 983 41 718 80 719 80 757 122 551 60 317 60 396 121 401 30 234 26 464 29 273 29 393 130 234 130 261 117 335 28 309 28 490
5255 6.2021971096777007 -0.26005448376938339 -0.82686687028114714 49 56 46 1.1503182573268456 101 337 102 363 143 419 100 300
167 0.36859535055309489 1.3679947486903123 9.6922810851903378 213 225 221 0.68537765479597201 65 663 99 1070 35 924 128 1014 145 1102 127 938 126 766 89 707 125 749 73 657 123 554 122 468 60 388 30 227 26 420 29 268 130 153 117 254 28 376
5254 3.412654206613944 -0.94667590065830443 -1.8106687808586461 88 98 90 2.295640661138016 102 360 100 277
5253 2.303568486826383 -0.37354588703123681 -2.2161983416289313 20 33 14 1.6972859130142073 102 166 100 170 98 208 97 220 120 88
166 0.36536143429063145 1.3714453087835927 9.7621120429853825 213 225 221 0.53208859817055687 65 662 99 1069 36 1014 35 923 128 1013 145 1101 127 937 32 850 126 765 33 769 89 706 125 748 73 656 123 553 122 467 60 387 30 226 29 267
2523 -9.0512907804244733 2.7711081749655602 11.131690900429495 144 147 142 1.2009440316294064 39 255 159 238 134 221 137 437
5252 7.4514249102476509 -4.7913587596078422 -1.3600930769596791 71 77 59 1.4793229700330104 102 403 100 331 23 281
165 -4.3747479369254387 -0.13764984207239367 14.649222393924843 159 154 134 0.34727286182594874 65 814 99 1057 36 1004 153 1040 35 979 128 1061 145 1093 126 826 33 816 129 1069 39 1044 133 1068 46 1069 131 1068 89 850 125 799 73 797 123 709 42 1097 40 1047 159 1088 169 912 157 693 80 704 122 604 60 527 121 455 30 360 29 403 130 254
2522 -2.9740475591014013 3.4452011319079343 14.959380776315125 35 39 22 0.88930933643011933 125 184 134 217 76 111
164 -4.34921122396171 -0.14357264051010266 14.587443840692529 159 154 134 0.49151723211010628 65 813 99 1056 37 956 36 1003 153 1039 35 978 128 1060 145 1092 32 887 126 825 126 865 33 815 129 1068 39 1043 133 1067 46 1068 131 1067 89 849 125 798 73 796 123 708 42 1096 45 1124 40 1046 159 1087 44 1043 169 911 134 978 137 992 41 726 157 692 80 703 76 615 76 628 135 528 70 652 47 580 136 492 30 359 26 517 29 402 130 255
5251 8.4347952902110492 -4.4846921006674201 -1.0170889586389575 67 69 54 1.8586552232361513 101 367 100 326
162 -7.0586520174241674 -3.8938798356240487 13.620555924069158 197 191 192 1.0423393906584608 65 846 99 1043 37 949 36 992 153 1024 35 966 128 1054 127 962 32 877 126 856 33 866 129 1019 39 990 133 1027 46 1023 89 883 125 835 73 833 123 742 42 1057 45 1101 40 1012 129 957 159 1041 44 1026 169 838 134 909 41 694 157 606 80 738 76 591 135 480 70 622 122 602 60 526 47 550 138 514 136 481 51 516
5249 7.2638426948556232 -1.579207087716354 -2.4045582733949411 43 40 25 0.29659654258960505 102 393 100 314 97 303
5247 5.2131529408915309 -1.321047278582238 -1.7193615877912312 19 23 9 1.5424174549904801 143 416 100 312 101 291 102 330 98 332
160 1.0989519619926706 4.2943263279778101 10.823957435514599 160 168 171 0.35191604285446915 65 791 99 1036 37 902 36 985 153 1013 35 873 128 959 145 1065 127 890 32 812 126 795 33 794 89 829 125 774 73 773 123 684 80 688 122 494 60 409 121 343 30 303 26 438 29 332 130 203 117 314 28 451 118 435 118 496
2517 -3.9831662068628702 -0.53063144496198988 15.058399582253326 85 52 56 0.8934067223197707 40 128 42 144 44 130 45 136 46 98 134 73 41 47 135 30 47 357 157 261 136 24
159 1.0966257759213123 4.2882337783574949 10.797146682480211 160 168 171 0.20277589638033008 65 790 99 1035 37 901 36 984 153 1012 35 872 128 958 145 1064 127 889 32 811 126 794 33 793 129 1009 89 828 125 773 73 772 123 683 80 687 121 342
5246 25.972585658768669 -9.1624072833309302 8.5130527981859565 29 41 19 1.8507930506009094 10 340 15 312 101 355 102 391 100 309 104 384 101 322 143 396 104 458 143 428 98 316 23 254
158 -9.2460431512116905 4.4536585434258491 10.091713026448375 208 208 221 0.32643694390041139 65 841 99 1030 37 941 36 980 153 1072 35 954 128 1080 145 1124 127 954 32 868 126 849 33 858 129 1058 39 1032 133 1094 46 1086 89 875 125 829 73 827 123 736 80 729 122 627 60 547
5245 6.1907649349671674 -2.8358812887969123 2.1710869752750934 65 64 46 0.20062177208027845 143 412 100 294
157 -9.2460431512116905 4.4536585434258491 10.091713026448375 208 208 221 0.32643694390041139 65 842 99 1029 37 942 36 981 153 1073 35 955 128 1081 145 1123 127 955 32 869 126 850 33 859 129 1057 39 1031 133 1093 46 1087 89 876 125 830 73 828 123 737 80 730 122 628 60 546
5244 6.3794499882891431 -2.2065961103821845 2.2219866264342829 64 69 51 1.0677848497393205 105 453 100 244
5242 -0.59127399029075089 -0.23205430093506413 -2.8989217791561566 65 66 52 1.423833223821755 101 242 100 211
155 2.8068801239149344 1.8447418285177271 8.3913338766597807 41 46 32 0.94330774108907511 65 670 99 1018 36 1052 153 996 35 945 127 877 32 861 89 717 125 665 123 564 80 598 122 478 30 185 26 353 29 274 130 123 117 205 28 310 118 238 27 450
2512 -8.6329124506623618 2.784242810086254 11.612734695459435 116 100 80 1.402856724209891 145 541 127 224 129 506 133 684 169 510 145 292 159 496 157 318 122 100 121 76
151 -11.801695554766475 0.68230570227411247 10.40266834196035 89 85 72 0.26407465925376383 65 753 99 1001 37 858 36 959 153 980 35 838 128 1009 145 1027 127 858 32 768 126 757 33 760 39 949 89 792 125 741 73 735 123 651 80 656 122 581 139 125
5238 7.0120582818112434 -4.1049754057362033 -2.1848504023556732 105 108 97 0.51473325453263674 101 169 102 219 100 150 98 189 97 169 120 75
5237 2.9532535645480777 -2.2119478564316615 -0.51057865289585702 0 0 0 2.4425034103426109 10 186 101 109
150 -11.953931710932226 0.69667786335957405 10.523884136865206 89 85 72 0.57426511501417454 50 315 99 1000 37 857 36 958 153 979 128 1008 145 1026 127 857 39 948 46 1030 42 1077 45 1078 40 1025 44 1001 41 672 76 536 135 427 70 577 47 513 138 435 136 417 51 475 48 307 165 280 49 165 82 145 139 124
2507 0.73960834645341078 1.4402397404716738 10.258984942068125 145 153 155 1.5371051938608526 40 1055 42 1110 45 1115 169 931 44 1035 134 986 137 976
149 -2.9679346664240214 0.1892771255037668 14.730290580805757 158 157 139 0.4877566263997814 65 746 99 997 37 853 36 955 153 976 35 912 128 1004 145 1024 127 725 32 757 126 750 33 751 129 971 39 941 133 1031 46 1028 131 1035 89 785 125 737 73 730 123 642 42 1071 45 1070 40 1022 159 1049 44 997 169 855 134 918 137 935 41 665 157 665 80 653 76 596 135 491 70 625 122 540 60 455 136 482 121 422 30 323 26 456 29 358 130 226 117 289
5236 4.7678228179502167 0.17581199524823921 -1.3763279906795185 75 84 76 1.0805384983618835 101 137 100 127 102 246
5234 2.5740145800620415 -2.4128037310603134 -7.1072613531914959 177 180 173 1.1650972185310526 101 228 100 104 97 29 23 29
147 -13.209757603789523 -2.5297209056166352 10.639081172076995 121 118 107 0.66471507065198643 65 808 99 989 37 845 36 837 128 989 145 1079 127 918 32 731 126 818 39 994 89 768 125 719 73 708 123 702 45 1058 40 1017 157 616 76 517 135 409 50 268 47 433 138 367 136 340 51 421 48 264 165 238 49 148 139 112 140 91
2504 -9.8036284913319136 3.7551770648326812 11.354551103667911 28 35 20 0.3128124474958231 145 1052 169 880 134 941 137 959 135 479
5233 19.325732426582082 -7.2547806861208368 9.1681824606025941 171 180 170 2.0067898100998596 107 7 100 98 98 188 23 225
146 -13.360678863631978 -2.7442259528289275 9.6031298793050865 57 71 58 0.71784012392731034 65 727 99 986 37 843 36 945 128 987 127 916 33 734 89 845 125 718 73 789 123 701
145 -6.9281770712781947 -3.3864435845426817 13.852949808393864 42 45 24 0.50724992119577494 65 723 99 985 36 942 153 964 35 899 153 1026 128 986 145 1077 127 915 32 726 126 816 129 1021 133 1066 131 1063 89 844 125 715 73 788 123 622 42 1060 159 1106 36 994 44 982 169 905 134 976 137 988 157 657 122 522 60 433 121 417 121 449 130 276
144 -13.354299372606372 -3.1964418022239101 9.364081291399927 66 64 56 1.0167122511936386 65 718 99 984 37 840 36 836 35 896 128 983 127 911 32 724 126 726 33 729 89 760 125 711 73 700 123 619 41 652 157 609 135 405 70 501 47 424 51 416 52 126 141 79 141 88
5231 8.6249440934467057 -1.9788228970092228 -0.33665349829355101 118 102 81 0.80985646832357572 107 32 100 36 98 147
143 -13.723354770626283 -3.3470920515796605 8.9950589049604819 250 254 253 1.0339906288700109 65 716 99 983 36 939 35 893 127 908 37 839 32 721 126 723 33 727 125 710 41 650 157 607 76 565 135 450 70 599 50 301 135 249 47 488 47 532 138 421 136 437 51 465 48 301 165 276 49 146 82 125 139 110 140 78 52 127 53 153 142 129 141 89 54 108 83 107 144 93
5230 7.0451612676245636 -4.1179185067998905 -2.3616427056683249 111 111 101 0.59859398812481235 12 177 102 144 100 15 98 15
141 -1.5907209989863675 4.3796404199839332 9.9101746431467461 85 92 103 0.30133203686824445 65 563 99 969 36 920 153 825 35 788 128 847 145 1067 127 786 32 697 126 700 33 591 33 701 89 599 73 568 123 479 80 504 122 498 89 733 121 351 30 305
2498 -6.0288641689358409 -0.65235910750147019 13.792203634644537 56 40 30 1.1956223942404767 127 838 169 790 30 275
5227 7.9890501313888045 2.5261316588164058 1.5119811955555311 0 0 0 2.4360231859722399 14 404 15 359
140 -1.5974216676338697 4.3899134645594531 9.940248017173186 85 92 103 0.37563733601347482 65 562 99 968 36 919 153 824 35 787 128 846 145 1066 127 785 32 696 126 699 33 590 89 598 73 567 123 478 80 503 122 497 121 350 30 304 26 485 29 335 130 204 117 322
138 -4.6600411936768653 4.1018879011281273 9.1703124677048233 174 183 175 1.2072345056102627 65 221 99 963 37 827 36 809 153 821 35 634 128 844 145 996 127 887 126 410 33 441 89 251 89 470 125 436 73 430 123 474 80 371 122 284 30 70
5225 7.3998329367974174 2.2824267550654698 -5.1067220481419566 65 65 51 1.1702115443282006 12 444 104 443 102 351 106 419 143 389 101 276
137 -7.1185357815643817 2.9388780197613689 12.920483095951715 63 59 58 0.81991077418243796 65 773 99 942 37 878 36 890 153 920 35 940 128 1027 145 1112 37 926 127 873 32 859 126 841 33 781 39 966 39 1017 133 1047 46 1045 131 1076 125 761 73 663 123 662 45 1088 40 1032 159 1064 44 1015 169 899 134 937 137 980 41 715 157 678 80 672 135 508 70 637 122 554 60 470 47 564 138 513 136 477 51 520 121 435 30 342 48 356
2494 -6.5921167407119796 4.9881633407066035 13.212422191121709 48 33 19 0.54669891561871931 159 957 169 757 157 515 76 555
136 -8.8091183492600074 1.127110780512911 11.247299860068857 182 208 210 0.55385827772968788 65 652 99 929 153 905 33 663 129 977 39 954 133 1036 89 703 125 648 159 1054 44 1003 169 891 41 622 157 670 76 538 135 468 70 581 47 544
135 0.61432268123598388 0.74531074393551155 9.2228212241951866 78 71 68 1.6150152996861118 65 754 99 925 37 860 36 869 153 903 35 722 128 919 145 952 127 859 126 758 33 662 129 1032 133 1034 89 793 125 742 73 737 123 652 80 707 122 582 60 496 121 425 26 415 121 319 29 262 130 149 117 252 28 427 28 218
5222 24.607070204570984 -8.760010821365551 7.9438881524350098 29 37 22 1.3797588284997035 10 341 15 313 143 397 102 392 104 385 101 323 100 310 98 317 23 255
133 -13.345686748184235 0.56262677396140548 10.148011120790235 108 107 96 0.80750514567876686 65 643 99 922 36 867 153 978 35 837 128 1007 127 856 32 654 126 756 39 947 46 983 89 791 125 740 73 733 123 649 44 1000 42 1076 45 1077 41 618 80 654 157 578 135 364 70 540 47 457 138 315 136 364 51 431
2490 -11.966901080343208 0.50508654008857734 10.454499633711272 72 66 71 1.1070814601199241 50 108 169 712 51 159 49 80 82 79
132 -4.1143236803382601 0.63899329992928222 14.647856408795622 108 108 93 1.0167344887437348 65 640 99 920 37 780 153 896 128 913 145 945 32 652 126 649 129 893 39 943 133 898 46 981 131 991 73 639 42 1073 45 1074 40 1023 159 1007 44 998 169 857 134 920 41 700 157 634 80 574 135 493 121 311 30 213 26 407 29 303 130 182 117 245
5219 2.4501111401631204 -2.0210275953328534 -7.0641130945839699 174 176 173 0.050427154886553763 101 362 102 376
129 -2.7480180681055999 0.0087137418557255136 14.79705461889175 249 247 239 0.40352389915739573 65 633 99 915 37 852 36 854 153 885 35 834 128 908 145 1021 127 844 32 752 126 749 33 750 129 970 39 940 133 982 46 976 131 988 89 683 125 736 73 635 123 641 42 1070 45 1024 45 1069 40 976 159 1000 159 1048 44 996 169 852 134 915 41 664 157 630 80 568 76 577 135 490 70 642 122 537 60 365 121 309 30 280 26 453 29 356 130 180 117 286
58 0.65846783876360637 0.86545653244449361 9.1645855162868308 249 250 254 1.3426360503212089 65 122 99 449 37 545 36 633 153 594 35 581 128 798 153 751 145 662 145 807 127 162 127 860 65 821 32 657 126 116 126 761 33 121 33 764 129 630 129 790 39 622 133 644 46 452 89 125 89 858 125 357 73 125 73 652 123 275 159 624 40 456 80 303 122 221 60 69 121 47 30 115 26 171 29 130 117 94 28 162 28 301
5144 7.2455529298376584 -0.87212058516620838 -4.8343641546521345 65 63 40 0.70877845553816465 12 397 143 371 100 216
57 -8.7567891057202925 1.0170458335093002 11.313271884432504 248 252 253 0.46991088564494893 65 345 99 448 37 373 36 427 153 421 35 402 128 450 145 502 127 398 32 142 126 327 129 459 39 449 133 439 46 451 131 460 89 124 42 507 45 481 40 453 159 439 44 465 134 528 137 556 80 302 70 326 47 292 51 175
2414 -7.7492880191225932 2.2429480710561802 11.121775675831856 113 117 100 1.2733490285215521 125 758 44 887 80 466
1165 -12.793171082464276 -6.2461316598638019 11.310830677717012 67 67 65 1.125172583298881 99 891 153 851 32 613 129 945 123 609 135 316 136 250 51 316
2413 -4.1813165374232737 0.82023285056203399 14.576149604057806 97 99 81 0.29681327987790818 39 770 46 908 44 867
1164 -12.697635382248951 -6.2131186637717635 11.244338771902465 67 67 65 1.1548680070228448 99 890 153 850 32 612 129 944 123 608 136 249
1163 2.3513218476633355 3.7737987402002897 8.7724336603306412 91 89 74 0.66810922908414516 127 664 128 719 32 592 125 562 123 174
1162 2.2970646512034238 4.0209568536188574 9.5906503976803013 86 87 67 1.4135536179474826 35 794 36 816 32 589
53 -2.7529600228500692 0.5250876702574937 14.601895507209115 255 254 248 0.42931765834454305 65 100 99 432 37 352 36 411 153 406 35 386 128 147 145 483 127 373 32 121 126 100 33 334 129 434 39 430 133 411 46 617 131 421 125 339 73 350 123 265 42 685 45 669 40 616 159 604 44 618 169 586 134 512 137 532 41 440 157 466 80 297 76 371 135 351 122 205 70 527 60 186 121 149 30 168 26 347 29 188 130 145 117 246
5137 7.0109257291778002 0.14094852048395068 -1.0825450404028405 255 255 243 1.0688211812121533 104 209 105 316 106 347 108 435 106 97 107 233 106 284 143 257 102 245 97 190
50 -14.078995768151618 -1.5910810751075817 8.890365711206293 241 253 255 1.0731614616634002 65 65 99 398 36 87 35 355 32 91 126 68 33 76 125 64 51 264 82 65
1158 -9.5781938837184022 4.4250770029050761 11.898028877513559 45 45 37 0.67367463036092023 36 681 145 717 32 569 33 579 46 837 42 897 159 949 169 750 137 855 76 416 47 483
49 -8.5065652041635005 -1.7872565965584262 12.676252458184708 158 157 155 0.45663955775452381 65 60 99 394 37 56 39 406 133 386 131 595 123 50 45 96 40 90 159 587 169 45 137 511 122 32
5136 5.7784518964980833 0.37899807695627258 -1.4354730616972662 63 78 83 0.62881865727105646 104 217 105 229 143 191 101 65 102 92
1157 -10.802520253475047 4.0662040034885703 10.845946914000804 53 59 45 1.4460472024756577 35 619 36 505 99 714 32 564 33 200 131 836 37 598 44 791
47 -8.1696596587676034 -2.9025694356080738 12.157243853887064 243 243 244 0.59795991140346161 99 366 37 313 36 345 153 361 35 330 145 431 129 586 39 568 133 607 46 578 131 739 89 326 123 34 42 631 45 800 40 570 159 733 44 54 44 700 134 613 137 641 41 291 157 242 80 27 76 240 135 168 70 158 122 23 50 255 47 252 138 206 136 183 51 245 48 193 165 183
5134 6.9503428788808534 2.404921398040484 -4.7146705611101645 75 76 55 0.046942191238629041 104 256 143 129
46 -13.286599784252724 -3.2179407335330916 10.65860014729965 74 75 69 0.64452602338417775 65 276 99 364 153 547 35 528 127 526 126 448 46 725 89 43 73 464 65 277 125 37 89 42 123 376 45 49 40 51 169 267
5133 6.8393220716267349 0.98044246193025009 -6.7566229297858156 0 0 0 0.6841523493072903 104 236 106 238
45 -1.5804738851590441 4.379564998621408 12.006162565431161 209 215 215 1.1389083776123243 65 213 99 285 35 472 127 273 126 404 35 774 39 832 46 855 125 220 122 127 26 217
2402 -10.435676695176843 -0.41608939196183214 11.754825501660013 106 98 79 0.35933327716863173 39 423 46 410 44 605 137 672
43 -10.678372732479875 3.059906169572622 11.344987710628752 242 246 245 0.12655799670956702 65 172 99 243 35 220 89 190
1150 -12.918463431266508 -1.8662231771932152 10.693712479547219 111 110 105 0.64938423672527223 128 602 32 500 126 462 125 487 45 812 44 717 70 287 47 170
1148 -1.8348383475054033 4.0726501495690988 9.1297366861074991 94 104 107 1.179335856283565 128 318 153 685 32 447 126 235
37 -4.0359264534362493 -0.40249691787617775 14.771010615526425 86 75 78 0.37157322383766794 65 84 99 121 35 110 128 422 32 103 126 85 33 92 133 398 89 89 44 601 122 43 60 45 30 106 29 23
5124 9.6839532269220143 -1.7455599096375856 -0.13332593805912346 77 55 39 1.3905598679586402 113 338 161 335
36 -13.274481171315806 -1.6114977407505604 9.3446235609051254 178 170 187 0.51438009901256887 65 64 99 96 37 58 36 86 128 94 32 90 126 67 33 73 89 70 125 62 73 71 123 237
5123 6.7977812656196139 -0.95639148224952619 -1.4981655768271518 64 53 45 0.26647306347622424 118 333 161 246
35 -8.9894226418713803 -1.7914174849094278 12.209054883492115 220 216 218 0.72096216580301387 50 263 99 86 153 98 35 78 145 104 126 61 129 401 39 90 133 383 46 397 131 397 89 68 73 68 123 48 42 441 45 419 40 397 159 585 44 406 169 563 134 630 137 510 41 311 157 354 80 46 76 266 70 281 122 190 60 170 47 262 138 300 51 343 121 136 48 206 165 192
2392 -4.2166723109511528 -0.10890227057008683 15.122244884171378 149 144 128 0.46705838801833632 145 149 44 425 80 72
5121 8.058497764906944 0.43398322792730371 -0.58817260507271141 62 63 48 1.6735127547877084 24 57 161 148
34 -8.8914786251601257 -1.9319980444293834 12.074283532956011 128 129 128 0.45541657971192639 50 159 99 81 37 54 36 75 153 95 35 72 128 396 145 99 145 446 127 73 33 58 129 78 39 402 133 79 46 68 131 389 73 64 42 105 45 89 40 390 159 59 44 402 169 427 134 315 137 506 41 305 157 252 76 142 70 278 47 259 138 215 136 191 51 143 48 156
2391 -11.826964921977705 -3.2223737967110235 11.451487565886284 98 94 87 0.62212928146033286 129 383 44 387 134 476
2390 -10.533921138061176 2.7803359121973514 10.833962869141624 183 181 180 1.4183860810512414 42 329 50 70 44 297 157 319 135 223
2389 -2.5071548473992458 3.1854633909740317 14.872151869597115 50 53 44 0.36235880448809166 37 204 44 289 157 218
1122 2.983549524840206 -4.0419843023692499 9.5395064571278425 47 46 27 1.554979831799514 99 6 32 19 125 260 128 860 30 88
1121 0.66043030460728946 -0.54400789873505984 9.2714949385563532 18 17 3 1.0673167207795546 128 1002 153 974 65 740 127 835 145 1020 33 651 126 745 129 965 133 975 131 1065 89 782 125 733 73 727 123 528 159 1107 134 988 137 989 80 560 122 438
12 -11.612689208319281 -4.4064525439981814 11.244689874211286 102 105 96 0.48929126849931737 65 596 50 293 99 894 36 831 35 807 32 717 33 616 89 646 125 708 73 698 123 616 80 632 122 516 60 429 138 355 51 463 48 298 165 221 49 144 139 108 140 87
5099 12.624952795003242 -1.5636421606894448 1.9651373337507498 68 69 71 0.27612496562409505 114 471 161 396
1120 1.9003935278148494 4.1375670098083734 10.258759821266597 26 33 27 1.6237206903637169 35 1058 128 1147 99 1154 36 1091 153 1139 145 1189 127 1039 32 939 126 922
1119 2.0541336219619595 3.4733458847778436 9.1787208297200937 141 143 128 1.3736469941959566 37 829 99 306 153 499 127 478 153 946 145 1063 32 691 126 221 33 587
5097 8.1093467185191717 2.8664340078013866 2.3123357357155609 169 162 159 0.63587459316814621 21 585 161 385
10 -7.2807461641436957 1.7453269532559652 10.846954510367155 140 140 134 1.4737215242235659 145 822 128 642 46 924 73 143 99 200 41 465 41 562 37 399 36 881 125 654 51 371 70 453 165 312
2367 -0.41764376068314152 1.1168093548620339 9.4666936604800487 250 251 247 0.6201154936137343 46 181 131 196 40 222 159 175 129 188 131 473 159 452 169 476 134 159 134 379 134 540 137 152 137 384 157 197
1118 -13.453102057472007 1.5085296676687625 10.098450113488873 109 105 97 0.79247679304235097 37 557 36 444 153 611 127 410 65 135 35 182 128 462 32 356 126 131 126 346 99 183 39 469 46 650 89 561 125 138 73 369 40 648
1117 -3.8672190337907808 -0.26222536927724083 14.297320210076721 147 144 137 2.0391287720646605 65 86 99 414 37 341 153 399 35 111 128 423 145 473 127 363 99 415 153 129 36 393 33 95 129 102 129 423 39 420 39 421 36 115 133 627 46 607 46 608 131 606 42 677 40 771 159 594 44 603 44 729 169 437 169 578 134 502 134 503 137 331 137 522 137 673 41 322 41 323 157 360 76 365 135 345 70 518 47 442 136 408 121 32 117 15
8 -11.597867275162344 -4.1485359727675677 11.204965829151222 167 167 156 0.69035291886113692 65 458 50 208 99 766 37 629 36 567 153 710 35 518 128 748 145 911 127 517 32 482 126 438 33 279 129 853 39 727 133 862 46 871 131 974 89 499 125 464 73 458 123 363 42 923 45 909 40 866 159 971 44 818 169 767 134 846 137 878 41 504 157 527 80 407 76 437 135 326 70 382 122 409 60 350 47 340 138 287 136 328 51 325 48 196 165 185 49 116 82 105 139 77 140 63
5095 7.1244118690134774 0.34475095168048908 2.8505039171678908 85 77 75 1.0316259586370378 24 330 161 358
1116 1.7089152082983095 2.0252633095136741 9.4315955386169534 55 55 45 1.7597945737245684 35 941 128 1029 65 772 99 1017 37 880 36 892 153 923 35 857 36 971 128 941 145 1042 127 944 32 860 126 840 33 844 129 1044 39 1020 133 1087 131 1079 46 1080 89 811 125 818 73 754 159 1122 80 670 122 553 60 469 121 333 30 293 26 465 29 367 130 235 117 297 28 439 118 477 27 552
6 -10.269498095737305 0.26226008099650061 11.2253353431266 248 246 248 0.1887515102216458 65 334 50 273 99 653 37 535 36 621 153 584 35 574 128 621 145 798 127 590 32 527 126 492 33 530 129 773 133 770 46 768 131 763 89 368 125 338 73 349 123 411 42 829 45 833 40 782 159 896 44 858 169 704 134 786 137 806 41 441 157 467 80 444 76 373 135 353 70 427 122 448 60 368 47 373 138 377 136 356 51 354 48 275 165 251 49 155
2363 -7.9368566334043713 1.7246720109686462 11.551130014682611 248 255 247 1.1278003708644506 37 867 39 1013 46 1037 159 1061 137 947 137 975 138 504
1114 -9.9928356641913929 1.3041872569411705 9.2244033529016747 254 255 251 1.2898079477582118 65 356 153 610 127 610 65 659 99 823 37 798 126 345 33 363 129 1038 39 958 45 973 169 867 80 583 157 638 135 292 122 349 50 284 60 201 60 462 138 386 51 441 51 497 48 233 165 260 49 142 82 113 139 118
5 -8.8854540900091621 -1.8881465269920357 12.214719144462173 125 132 119 1.0816130378661437 65 295 50 314 99 778 37 651 35 546 145 787 32 497 39 744 133 883 125 485 73 483 123 233 80 272 135 335 70 506 122 189 60 169 47 429 138 424 51 419 121 226 30 154 48 302 165 277
5092 9.5995714562860375 -1.7551864604022278 -0.036363296948332596 40 35 26 1.1302405756646148 113 337 161 334
1113 -4.9540489167050161 4.6914655760503656 8.9237578639424004 247 253 251 1.391306044104357 35 1059 127 1041 32 951
4 -12.013917622404826 0.46747592087082546 10.617813644195088 168 173 177 0.5828362745874327 65 106 99 438 35 389 37 675 99 656 153 747 128 624 145 802 127 380 32 126 126 316 33 106 129 894 39 766 133 900 46 906 125 344 73 352 123 413 42 970 45 952 40 904 44 863 169 805 41 548 157 575 76 474 135 361 70 537 50 174 47 376 138 314 136 360 51 355 48 215 49 104 82 110
5091 6.9023101304092149 -1.7990433767408571 2.5079556102414591 80 78 59 3.0780468677499142 20 343 161 326
545 -10.445291629195209 2.8436109353340835 10.846480410416243 177 176 186 0.25648875824934841 37 215 99 236 153 243 128 246 145 297 129 261 39 259 133 252 46 267 131 262 42 335 40 287 159 243
60 -8.3572783168989471 1.0873178910070513 11.753212177975435 79 79 87 0.3674771716871395 99 451 37 375 36 166 153 425 35 164 128 179 145 503 127 163 126 117 33 120 129 461 39 451 133 444 46 454 131 634 125 114 73 123 42 700 45 686 40 632 159 627 44 634 169 466 134 531 137 561 41 347 157 285 76 300 135 202 70 329 50 277 60 67 47 295 138 246 136 221 51 284 51 359 48 224 165 205
2417 -1.6523816812993901 0.88262575084455364 15.583689272282543 78 78 66 0.63342118965302296 39 945 44 947 134 922 41 669 157 636 76 579
1110 1.9353967599214053 3.4362632376922395 9.7315402778486995 146 147 130 1.5880222743151502 65 881 127 1022 32 936 126 920 33 924 73 855 123 779 80 776 122 622 60 513 73 825 121 440 30 390 130 267 118 542 27 614
542 2.901377170904718 1.2182310555443827 8.4209357930716049 217 220 220 0.61840516066926743 99 202 153 208 128 212 129 211 133 211
2899 -13.438096776815415 1.2712522675043114 10.123585007241736 106 99 88 0.38149689171080858 157 385 70 335 51 187 47 304
2485 -7.470700559639373 -4.4817044363974574 14.829897682336769 255 255 246 0.70489201769139531 159 724 169 664 134 745 137 775 157 429
1139 -11.955970080088719 -1.0082842082976518 11.462295069894438 105 101 92 0.17361900471530503 99 634 127 357 32 319
2387 -0.35624726136584517 1.2771120133614244 9.7055293380226058 194 204 206 1.1777873783186821 46 469 44 238 169 612 134 548 137 583
5102 9.2026746188935338 -2.0510507530702453 0.061139717107232303 38 44 42 1.5565531881291494 113 498 161 436
15 -13.045995196818174 -1.8740424060692575 10.633702082095803 52 51 57 0.90280993208783045 65 621 37 762 32 635 125 721 157 556 50 216 138 305 51 347 82 126
2372 -5.3893634893155697 -6.0192113998973467 14.501132780305991 57 58 54 1.9926118776924326 33 805 131 855 35 664 153 704 133 849
1125 -13.929442256314916 -1.6419746524209846 8.8639749330699047 152 166 176 0.28457467180109336 35 84 36 369 32 87 126 291 33 68 125 58
16 -13.360128147798029 3.907427999135817 9.7332684071011322 47 52 43 1.104022524181282 65 675 99 952 153 930 33 690 123 673 76 412 50 288
2373 -4.1515402623820377 5.6756099239972864 15.207855592156211 58 58 42 2.1657504947546791 45 900 159 959 131 1017 44 913
1126 -12.272478790908581 -0.57068920714828464 9.549004798068971 92 93 79 0.42892586146999812 127 360 32 104
5104 11.931465972436545 -2.3946047580655905 0.41391037481484755 31 33 12 0.47166158831611693 114 506 161 441
17 -13.360128147798029 3.907427999135817 9.7332684071011322 47 52 43 1.104022524181282 65 676 99 953 153 931 33 691 123 674 76 413 50 289
2374 -12.200526075378498 -4.890726191320768 11.504645594915488 126 116 115 1.1052298022800102 42 22 45 609 133 12 44 12 41 151 135 103 157 1 169 253 134 0 137 0 136 106 138 13
19 -13.147375577233939 -3.3088856516943488 10.754467815120336 130 122 111 0.60522593446770712 65 722 99 899 37 841 36 943 153 963 35 812 128 985 145 1011 127 914 32 727 126 728 33 732 129 1020 39 924 39 993 46 959 89 761 125 714 73 702 123 620 42 1059 45 1056 40 1013 44 981 169 840 80 638 70 502 47 489 82 123 82 137 140 100
2376 -6.5185028539712313 -2.9463430855547621 12.118362718461761 127 119 114 0.89851454574625877 46 29 44 41 76 11
560 1.6692473927130078 -2.4643430483015978 9.9705446457174052 168 164 138 0.26623927959193783 99 350 153 352 32 277
1129 -8.2498415174831408 1.9821384123109422 12.673428863631507 165 163 164 0.50667031492735393 37 171 99 196 127 194 32 152 126 143 39 209 46 201 131 211 42 534 159 194 44 245 169 349 134 173 41 235 157 303 135 215 70 223 122 81 47 216 47 310 138 168 136 148 51 293
20 -11.654521636198293 0.27322083060641156 10.316645455341463 76 76 76 1.696314554670908 65 749 50 304 99 999 37 855 36 957 153 891 35 915 37 915 128 1006 145 943 127 928 32 763 126 828 33 758 129 972 129 1030 39 942 39 1000 133 988 46 980 89 789 125 800 73 799 123 646 42 1030 45 1030 129 891 44 946 80 705 157 574 41 668 169 804 135 426 70 535 122 577 76 580 135 462 47 453 138 430 138 480 136 412 51 430 48 306 165 279 49 163 139 121 82 153
5107 7.784547838629468 0.54295382504181799 -1.0572207281637405 132 128 124 0.37957827087961993 113 478 161 460
21 -11.645736624048432 -4.633012187878415 11.580814641920858 209 218 215 0.89551965533496114 65 802 99 980 37 836 36 935 153 960 128 977 145 1006 127 904 129 1013 39 988 133 1023 46 1021 131 1022 89 840 125 787 73 785 123 698 45 1097 40 1010 159 1080 44 1024 169 883 134 945 137 963 41 644 157 605 80 631 76 559 135 448 70 598 122 569 50 310 60 487 47 531 138 471 136 436 51 490 48 316 165 299 49 171 82 149 139 132 140 98
5108 7.7592014977342014 0.9011083582183943 -0.2282784995744043 39 44 39 0.76428286065310636 114 577 24 397
1131 -9.1889604215519753 3.4122527999732899 10.38760977127421 74 80 88 0.65623236990074285 145 556 32 200 126 190 129 524 133 539 123 132 76 221 41 125
5109 5.4602392822958086 0.45773395579529202 -1.5728558795700003 0 0 0 2.2519380238593385 27 532 113 488
22 -13.015693585915846 0.10547684001974927 10.455807428678796 120 122 111 1.089294232872466 65 815 37 914 145 1025 32 760 36 859 126 752 33 756 73 798 45 1073 41 615 135 271 70 531 50 274 136 357 48 276
2379 -10.465752996231318 -0.5254871343580888 11.728276782213381 82 72 60 0.34540655920160634 39 117 44 136 137 521 131 604
563 -0.62021993535619446 -0.75121060577561749 16.528717018859517 30 26 15 1.4621148855838217 36 603 99 408 153 391 35 367 145 638 129 602 133 624 46 601 39 107 131 600 42 669 40 603 159 591 169 574 76 452 134 778 121 145
23 -10.178706571797058 0.50339997554358862 11.429277390644733 43 57 42 0.70571307978335585 65 818 50 331 99 1103 37 958 36 1006 153 1084 35 981 128 1062 145 1132 127 967 32 888 126 867 33 822 129 1072 39 1046 133 1107 46 1070 131 1092 125 803 73 801 73 839 123 746 42 1133 45 1128 40 1068 159 1111 44 1045 169 914 137 1006 41 702 80 741 76 599 135 496 70 627 122 605 60 530 47 554 138 497 136 465 51 507 48 349 165 333 49 186 139 143
5110 7.9132190272924436 1.6849438370723726 0.26789644000058765 191 187 181 2.2699434349621712 113 527 161 467
1133 -5.9199730918740618 4.3334967260614317 12.19349753034804 59 50 42 1.322285775072785 36 266 127 464 37 247 32 217 46 322 123 464 42 371 45 581 40 547 44 546 60 329 121 277
5111 7.819372303530117 1.7020382439116353 -0.062221032458535649 119 116 106 2.5001307012133145 113 455 161 469
24 -10.221308235681416 0.50054613379481039 11.462155204506832 43 57 42 0.74297745986971053 65 819 50 330 33 821 129 1071 46 1071 131 1091 125 802 159 1110 169 913 137 1005 41 703 157 694 76 600 135 497 70 628 122 606 60 529 47 555 138 496 136 466 51 506 121 456 48 348 165 332 49 185
2381 -8.2307267233809522 0.70283767220018423 11.906108309634552 210 210 208 1.1315756905192087 99 148 44 172 41 199 50 226 157 180
26 -8.3596296923917119 1.5604483551707915 12.290558828706335 61 61 58 1.3998414702513555 65 824 99 1068 37 919 36 875 65 657 99 1007 153 912 153 1088 35 733 145 1099 127 862 127 974 32 660 126 833 126 876 33 669 33 832 129 1077 39 1010 133 1077 46 1078 131 1044 131 1093 89 862 125 809 73 655 73 846 42 1109 45 1114 40 1054 159 1115 44 1034 169 921 134 985 137 1000 41 710 157 699 137 1012 169 928 76 605 135 505 70 635 122 612 50 344 60 386 47 563 138 501 136 485 51 519 121 324 30 284 48 355 48 365 165 343
5113 12.853103174008618 -2.0076855401538976 1.8121748352975879 133 135 130 1.09246408511138 114 539 161 479 115 632
5114 12.853103174008618 -2.0076855401538976 1.8121748352975879 133 135 130 1.09246408511138 114 540 161 480 115 633
27 -10.316314441130524 1.2845669175752557 10.927341981193203 73 85 73 1.409451950016509 65 858 50 326 99 1065 37 916 37 964 36 1012 153 1046 126 873 33 767 133 1074 46 1076 89 888 73 843 123 753 159 1113 76 585 122 611 123 714 136 453 51 495 48 329 165 323 65 757 49 179
2384 -10.090067865748095 1.128251998631743 11.407977487183263 100 105 101 0.27078044388591305 131 173 159 442 44 210 169 468 134 139 137 133
1137 -13.160830545777273 -2.5018717567153472 9.611418967277622 169 173 198 1.1115706919741457 153 368 32 292 125 286
1138 2.6442035427584138 -1.148830241085693 8.7490984205835147 64 62 50 0.83708170334177578 128 593 32 297 33 504
5116 5.6522626994419589 0.51178956441479551 -1.5183678307816186 0 0 0 0.28530082735857543 27 628 113 565
29 -12.006189852556844 0.59286890630581024 10.401205680851191 198 196 183 1.7449244715480521 65 909 50 341 37 1031 153 1146 127 1032 32 948 126 930 39 1113 125 891 123 804 80 797 70 660 138 519 136 493 51 528 48 368 165 344 49 188 139 147
1170 1.3216137254335398 2.1568673932897617 10.115840173521054 170 172 168 0.81801269315868386 65 381 127 875 128 1028 32 668 126 673 33 559 33 676 89 421 125 390 73 170 123 120
61 -8.4168639962838192 1.1874466758284996 11.795971180942988 244 249 252 0.33383152328045879 50 278 65 347 99 455 37 550 36 428 153 427 35 407 128 455 145 508 127 399 126 330 129 636 39 628 133 650 46 639 131 638 89 387 125 359 123 278 42 704 45 691 40 634 159 632 44 637 169 470 169 605 134 673 137 701 157 290 80 306 76 306 70 444 122 222 47 301 51 361 121 245 48 227
5148 7.4232904236555504 -0.24359451872262128 -4.8687383672129521 65 64 41 0.55443506948750187 21 638 143 405 102 370
1171 2.1505482541532448 2.0576114662710525 9.4538790436188425 112 114 97 0.53299080004144284 127 876 128 815 32 669 126 675 33 784 89 572 123 563 122 477 121 334 30 235 28 311 27 363
1172 2.5516984597412984 2.043995029845449 8.8613276665940379 35 38 29 1.354401329052761 128 944 32 671 73 385 123 303 60 218 29 211
63 -8.5381675992237582 1.272013321396156 11.816859653918883 84 82 92 0.62914274707290752 50 281 99 459 37 380 153 429 35 413 128 458 145 510 127 402 32 144 126 334 33 126 129 640 133 653 46 644 131 642 89 389 125 122 73 363 123 87 42 706 159 774 44 754 169 607 157 382 41 359 80 307 76 385 135 287 70 447 122 225 60 198 47 464 51 289 51 363 135 205 121 156 48 228
5150 6.1564203272344518 2.0082784259324558 1.2647311121304712 215 222 215 0.53997633915125542 104 452 143 425 100 287
5151 6.1564203272344518 2.0082784259324558 1.2647311121304712 215 222 215 0.53997633915125542 104 453 143 426 100 288
64 1.4442033795875919 1.3297666134618495 9.5663271832607464 131 128 122 0.59331753119866748 65 137 99 472 39 645 133 789 46 922 131 936
2421 0.51136817401244727 1.0025167597834601 10.094168087272269 189 203 203 0.94345132669963361 40 1084 42 1151 45 1141 159 1092 44 1061 137 1009
65 -5.787078180838753 2.6064855935303575 13.126364514585166 89 71 62 0.41967353405192453 65 374 99 491 37 568 36 464 35 205 145 692 127 425 32 375 126 361 39 481 39 656 133 680 46 661 131 660 89 170 73 161 123 116 134 697 137 720 122 91 121 71 29 55 130 33
2422 -7.4080099884860937 -4.073236353659075 12.809460918513006 126 126 124 2.0035367104582931 36 724 73 699 42 780 145 421 40 867 44 979 128 1052 40 1011 159 1038 169 884 134 946 157 604 135 398 76 558 70 596 60 16 138 466 48 315 51 501
1177 -6.732135672725434 -0.039964733390634131 14.869667783918748 69 57 50 0.47311604503086202 145 1022 32 755
1178 -6.4443200688996392 -0.083410281416806856 14.345065390024871 69 57 50 1.3059403459605472 37 851 145 1023 32 756 80 651
69 -3.93138704452014 4.013265745718317 7.9845526351787761 250 255 254 0.22485799817404434 65 229 99 573 36 537 153 518 35 291 128 557 127 496 32 247 33 245 89 268 125 241 73 235 123 344 122 149 60 254
5156 8.0459987072573078 -5.7520565817606943 2.7992467548582551 146 156 145 1.8912283507380294 12 472 104 469 143 441
1179 -6.4135496434471593 0.88424380570930794 14.031250997864138 73 65 54 1.2798014302718959 128 915 32 766 73 643
70 -7.116159003233772 -3.4946710474388927 13.515396429837391 97 92 89 0.89160035480850108 65 273 99 603 37 500 36 573 153 546 35 327 128 371 145 426 127 333 32 53 126 272 33 285 129 583 39 565 133 605 46 575 131 584 131 735 89 317 125 276 73 306 123 210 42 629 45 791 40 569 40 732 159 567 44 573 169 540 134 473 134 611 41 406 157 339 80 248 76 338 135 242 70 379 122 178 60 153 47 412 138 415 136 324 51 404 121 212 30 146 48 297 165 298 130 137
5157 14.440780209932303 -3.6887338728319947 1.5861727503180221 79 78 56 2.3955613564594773 104 176 108 177 101 17
1180 -6.409387159377153 0.88193235705687467 14.021587761732899 73 65 54 1.8566132245492453 128 916 32 767
5158 13.604671288103262 -2.9264591446919503 1.0397302580227183 46 28 8 1.8560363096496326 108 187 101 21
71 -6.7115758849231284 -3.3459449687143379 13.969103344335153 98 92 81 0.45365590484036394 65 466 99 605 37 640 36 577 153 719 35 527 128 757 145 770 127 525 32 486 126 445 33 494 129 743 39 732 133 745 46 878 131 738 89 511 125 280 42 933 45 916 40 871 159 871 44 825 169 770 134 756 137 780 41 514 157 436 76 440 135 327 70 496 47 413 136 325 51 405
2428 -8.7044213761887104 1.0466785723059444 11.20778044806541 246 252 253 2.1689037430214158 37 378 128 182 153 180 145 209 129 466 39 453 133 445 46 455 42 510 45 484 40 457 159 441 44 466 65 344 99 447 37 372 36 426 153 420 35 401 128 449 145 501 127 397 32 141 126 326 33 348 129 458 39 448 133 438 46 450 131 459 89 123 125 356 42 506 45 480 40 452 159 438 44 464 169 464 169 467 134 532 137 373 137 555 41 344 41 350 157 283 157 287 80 301 76 297 76 303 135 199 135 203 70 325 70 330 122 342 60 380 47 291 47 297 50 184 60 70 138 322 136 216 51 174 51 288 121 153 121 320 48 172 165 284
1181 -13.351741257226932 1.4816851511980853 10.189272117765276 42 42 44 0.29805933158785547 153 987 32 775
5159 10.783859766041173 -1.9591676993672331 -0.24094295722350795 23 20 19 0.57120576184933591 105 191 106 185 101 27 107 316
72 -7.7492061911450421 -1.986304804406485 12.459919905274649 222 231 230 1.316797069087049 65 292 99 617 36 589 127 343 39 740 46 738 89 58 125 297 73 63 123 230 40 748 45 926 41 421 136 336
2429 -10.103741223564601 0.82333536684319752 10.943351978217198 164 160 183 0.58309280620771842 50 230 128 173 123 78 145 198 131 162 42 211 45 209 159 141 44 458 145 199 131 161 42 212 45 210 159 136 44 457 169 459 169 460 128 172 134 353 134 354 159 135 137 111 137 364 137 365 41 341 157 281 76 295 135 276 70 321 122 215 47 289 138 240 136 288 51 277 48 217 165 199 60 303 49 135
1182 3.547979381060733 0.97624690479716281 7.2276950086555631 60 59 54 0.77502459250742495 128 924 32 778 126 514
73 -13.529845385157932 -0.90775047190049729 10.245495749149542 115 109 96 1.3443284004704732 65 491 99 636 37 520 36 752 127 719 39 870 46 894 125 498 73 627 45 826 70 183
2430 -11.662117285125245 -4.5305136987095667 11.545418256730219 237 234 234 0.38997329026953742 133 16 46 12 131 19 45 22 44 372 65 28 99 33 134 6 137 2 80 14 50 18
5161 7.8412283202354356 -0.47726541232213421 -0.66270398430934441 20 27 12 1.6992484690208971 106 278 107 419 101 128 102 171
74 -4.4679275292369223 -0.61600124587982652 14.693126487733799 164 150 147 0.61277588447782994 65 80 99 638 37 77 36 388 153 575 145 467 32 99 32 516 126 81 33 86 129 767 39 601 46 404 131 121 89 535 125 326 73 340 123 251 42 819 40 767 159 593 44 728 169 287 169 695 134 325 134 639 137 667 41 539 157 457 76 457 135 422 70 571 122 193 47 500 47 536 136 407 136 442 26 339
2431 -13.448945862622853 -2.034220366266291 10.424088781684986 69 71 57 1.657469870317116 36 74 153 376 145 448 125 298 44 403 127 76 128 85 39 588 42 650 37 511 45 634
75 -4.3117005329487395 -0.4919067786106483 14.625118404122427 81 67 64 0.53081864773911891 65 320 99 639 36 608 153 394 35 370 128 419 145 643 127 359 32 321 37 663 126 82 33 325 129 604 39 417 133 397 46 759 131 603 131 756 131 901 125 327 73 341 42 672 45 649 40 606 159 394 44 600 169 696 134 640 157 459 76 363 135 264 70 411 122 41 60 178 47 439 136 345 30 104 26 340 29 182
2432 -12.958277704734359 4.1426100490758664 10.700252569834795 32 26 26 1.448696258286565 44 537 135 161 70 248 51 111
76 -2.8604528062505694 -0.070445983101390663 14.808152212074976 254 247 243 0.42090548408631084 65 326 99 644 37 343 36 396 35 377 145 645 127 119 32 108 33 330 129 606 39 425 133 401 46 413 125 331 73 343 42 470 45 656 40 418 159 597 159 757 44 607 169 438 134 507 134 643 137 527 137 674 41 326 80 289 76 366 70 414 122 48 60 47
2433 -13.527726345868224 -2.576713773221353 10.528488369447835 29 34 26 1.7916563746227887 39 734 65 607 36 733 128 762 37 647 99 611 145 777 127 537 32 494 39 735 46 730 73 472 73 614 123 519 35 535 42 937 45 925 127 533 33 499 80 416
5165 6.3467151293792732 3.160492728395869 1.8784785838083278 68 67 47 1.4938764817076786 143 349 101 217 98 261
78 -10.26365654738456 0.26126722041683997 11.220206664782628 237 251 251 0.10274572356963874 65 333 99 652 37 534 36 620 153 583 127 589 46 767 131 762 89 367 42 828 45 832 40 781 137 805 49 154
2435 -11.786531817331987 -4.3170052049044783 11.684509386786502 82 84 71 0.32588273896319181 159 14 169 4 134 295
79 -2.5194896380079519 0.55329659826259958 14.885364900708531 254 255 250 0.75865021514692821 65 500 99 654 37 536 37 672 36 413 153 585 35 387 128 622 128 790 145 651 127 374 127 592 126 495 33 335 129 774 39 877 133 771 46 769 131 910 89 371 89 689 125 506 73 351 42 830 45 834 40 898 159 762 44 742 169 703 169 800 134 787 137 683 76 465 122 208 122 449 60 187 60 369 121 235 121 310 30 169 30 211 26 408 29 302 117 143
5166 8.9144406262935423 -1.4765208380731305 -0.73546516521076777 13 20 26 1.223947065307939 104 395 106 392 143 317 101 241
80 -12.410423001943432 0.76586049740254292 10.525608507971258 206 203 198 1.0895268187179281 65 117 99 661 36 151 37 121 153 414 128 444 37 362 145 496 127 150 127 389 126 502 33 538 129 152 129 788 39 442 133 639 46 446 89 109 125 354 73 356 123 271 42 216 39 160 45 212 40 444 44 632 80 84 80 449 49 20
5167 6.7332555577632407 1.6649998267115875 -0.96609926983549343 210 219 211 0.85852976239660839 104 365 143 339 101 268
81 -9.9346044793084634 0.85778932693740517 11.232177854343895 48 56 56 0.36431236921390409 65 339 99 662 128 628 145 805 129 787 42 841 60 304 138 382 65 507 73 513 136 369 51 436 121 315
1191 0.80495788694314307 2.4379856540746103 10.376511518066994 191 196 187 0.72498735845958706 145 1114 32 862 33 788 80 674 60 472 29 370 130 238 117 298 28 473
82 -8.476556992309515 1.3930846771882075 11.918214248391573 205 205 211 0.3257804014009808 65 351 99 667 37 686 153 602 35 584 145 815 129 795 39 775 133 783 46 783 131 932 89 391 125 363 123 429 40 796 159 915 169 725 134 801 137 824 41 454 157 482 80 459 76 486 122 346 60 311 47 466 136 373 51 438
2439 -7.9348139066811321 -3.1209107186488079 12.367505113495866 249 250 246 0.10223073296182605 44 45 45 45 169 17
1194 -8.3140810547284119 0.73503537493761195 11.935601119181491 204 195 205 1.1376890481304145 50 338 32 889 33 825 39 1002 123 747 134 958 41 705 157 667 80 743 135 499 70 629 47 557 138 508 136 468 51 509 121 478 30 383 48 351 165 335
1195 4.17169886619123 1.0400179741817506 5.8711769234175284 48 49 35 1.120839874778087 128 1099 32 899 126 769 89 710 125 658
86 -10.082733617128946 1.8733110738779615 9.4829961242970047 216 217 214 1.4174694015313261 99 679 145 967 127 418 32 366 50 238 80 592
2443 -1.7597035465811521 0.013066259613109131 15.162667947178191 124 126 125 0.14191652463370641 129 113 131 134 169 70 137 74
1196 -13.643380200549061 2.5205796784854391 9.8256805689539739 101 103 92 1.0677465343050057 127 1006 32 900 128 1101 33 882 125 864 157 701 76 607 135 506 47 548 70 614 138 453 136 457
87 -6.9974517876382114 2.5086529976917413 12.892835039801872 74 64 72 0.59058027390518986 65 369 99 682 37 406 36 461 153 618 35 426 128 473 145 689 127 421 32 370 126 357 33 154 129 657 39 654 133 675 46 659 131 800 89 409 125 377 123 292 42 868 45 710 40 925 145 831 159 791 44 768 169 618 134 812 41 564 157 490 80 134 76 398 135 374 70 555 122 357 60 213 47 392 121 70
2444 -8.8107898121857406 0.49650611752810547 11.495267654040141 186 186 176 0.22655843829330649 159 115 169 93 134 101
1198 -7.5538943574562776 3.0969391772186992 12.139379187165501 87 86 76 1.2324703123242928 127 946 32 905
5177 8.6624769375194752 0.56849196061146978 -0.71291986645902128 135 150 148 1.4113733646574158 10 353 104 468 106 455 143 445 101 369 102 401 100 329
90 -7.3302312567194265 2.5851329391799984 12.550423130595719 100 92 78 0.29550199084913459 65 375 99 686 37 569 36 465 153 621 35 431 128 652 145 693 127 426 32 377 126 364 33 388 129 662 39 658 39 789 133 795 46 800 131 804 89 414 125 384 73 380 123 294 42 871 45 866 40 815 159 794 44 771 169 737 134 813 137 836 41 470 157 397 80 324 76 400 135 299 70 458 47 473 138 399 136 381 51 449
2447 -11.999303977779636 0.66168139759973488 10.633320226105194 161 154 140 0.6746973276095547 44 181 169 107 42 205 41 67 157 69 49 19 40 185 82 32
92 -8.4569428270507334 2.7035077613122858 11.175741955986814 57 48 48 1.5278943884013392 99 689 37 209 35 212 127 223 126 168 129 810 39 662 46 492 89 423 40 663 135 301 122 252 138 84 136 237 51 303
2449 -8.3000498387203727 0.82156797014201599 11.965282039344073 187 188 180 1.0982285998812702 42 207 44 191 169 111 45 194
1202 -8.5524771533913562 1.5459595711723213 11.934864984638763 251 249 253 0.90182082115714235 36 637 65 357 99 671 153 606 35 416 127 408 32 353 37 152 145 234 126 344 33 360 129 194 39 199 133 784 46 184 46 787 131 202 131 786 50 194 89 394 125 365 73 366 42 524 42 855 45 970 40 473 40 803 159 456 44 480 44 757 169 339 169 728 134 382 134 802 137 389 137 825 41 224 157 386 76 78 76 389 135 291 70 218 70 450 47 211 47 385 138 327 136 68 136 295 51 191 48 125 165 123 165 206
93 -9.5363500591549784 2.6614431644975496 10.347132661922778 123 117 112 0.30857737791569329 65 529 99 691 35 754 127 763 32 386 126 677 33 561 33 677 89 573 73 532 73 665 80 471
2450 -2.9043637790501649 1.0329298572088619 13.174598419115258 39 36 17 0.45377398163482197 133 161 169 115
1203 2.8027205628687537 1.3132935568438417 8.3184226017341931 122 127 122 1.1978682123743782 37 692 36 642 32 360 65 144 127 412 126 351 33 372 133 924 125 148
94 -9.7401700774881146 3.4943566549477629 11.414201888492491 175 186 180 0.1866101961780447 65 391 99 698 36 669 35 612 128 824 127 631 32 396 126 382 33 185 89 196 125 405 73 411 123 314 80 344 122 368 60 324
2451 -10.112820270877444 0.94581878240771045 10.92445896642805 162 165 179 0.46939579407478532 44 205 50 48 169 129 134 130 137 126 48 65
1204 1.8107984122748169 3.8074405501794151 10.16253298231827 44 45 41 1.1634058278837118 65 555 128 839 99 869 36 806 153 816 128 704 145 732 36 690 32 689 129 941 27 381 121 282
95 -9.1722530268996181 3.3076571593719901 10.796462892310927 175 186 180 1.2576492194103657 65 392 99 699 37 710 36 670 35 613 128 825 145 982 127 632 32 397 126 383 33 186 129 926 133 943 131 1013 89 197 125 406 73 412 123 315 42 995 159 1022 44 971 169 745 134 822 137 921 157 600 80 345 70 559 122 369 60 325 136 429 51 457
2452 -6.9967343665394326 1.5986069691892195 13.031718250643276 51 44 34 1.0577807575730911 42 252 169 144 37 146 76 387 137 705 121 53
96 -9.7476640805102566 3.861699435025276 11.604753972569098 53 57 51 0.72324950309043945 65 184 99 706 37 592 36 492 127 452 32 403 89 582 80 349 60 328 47 238 138 270 51 310 48 242
2453 -8.3571068967267781 1.4717388555614879 11.875808085552098 190 191 184 0.43611955510790623 50 193 169 145 157 86
97 -9.7016376458764348 3.9390913114655017 11.34420484702099 195 204 202 0.66077810112429136 65 188 99 711 37 595 36 498 35 455 128 678 153 646 145 855 127 637 32 407 126 387 33 193 129 817 39 813 46 829 131 830 89 441 125 409 73 414 123 319 42 997 45 989 40 830 159 945 44 902 169 639 134 718 137 845 41 570 157 501 80 161 76 499 135 383 70 477 60 226 47 402 138 412 136 387 51 395 121 272
5184 7.4507761557529797 -3.0605156453438394 -1.0622308302466927 0 0 0 0.96807679829219639 12 426 104 386 104 445
1207 -6.2254305278873838 2.5164810473237167 13.238651619024145 50 42 28 0.68285205273136329 35 932 36 968 37 923 99 1012 145 1106 32 853 65 830 128 1023 153 1054 145 1105 127 942 126 838 33 838 129 1040 39 1015 133 1043 46 1039 131 1075 89 867 125 814 73 813 123 723 42 1112 45 1116 40 1057 159 1099 159 1100 44 1036 169 897 134 964 137 978 41 713 157 674 80 718 76 606 135 507 70 636 122 588 60 507 136 474 121 434 30 341 130 260
1208 2.0541336219619595 3.4733458847778436 9.1787208297200937 139 142 126 1.3736469941959566 153 945 145 1062 32 690 37 828 99 305 153 498 127 477 126 220 33 586
99 -9.751498365080046 4.319094605476903 11.617811837207297 36 44 25 1.1514965700513053 65 402 99 717 145 716 128 515 129 706 133 827 123 326 42 894 159 830 44 797 157 504 80 174 76 415 70 482
2456 -2.8806966903259279 3.0367672724617081 15.194100417963419 149 144 138 0.49002876303426229 45 291 169 188 134 415 157 314 41 378 76 402 135 300 70 466 121 73 30 52
100 3.1277228068952283 -3.7014295457578874 9.2090978768535656 68 66 68 0.31753749638432677 65 258 99 747 36 552 153 697 128 566 127 505 126 256 33 265 89 13 125 263 73 282 123 195 80 10 60 10 121 3 130 67 117 81 161 172
5187 8.1006620955305966 -0.15553179361019401 -0.58417283262908093 252 255 248 1.3814810237421651 105 470 106 441 101 352 102 382 107 557 100 303 98 324 97 294
101 -12.938874183783108 -6.3848206623218404 11.256188739821109 113 110 99 0.93293012385238361 65 581 99 751 35 659 128 736 145 895 126 587 33 470 129 726 133 844 39 917 46 950 89 635 41 498 70 370 138 277 51 314
5188 38.023421683568841 -12.521801766582511 13.385360149604974 30 43 25 2.0168541810503484 10 348 106 447 107 563 101 366 98 345
1211 3.2296234045347951 -3.9041409427531724 9.1017002787040866 167 160 166 0.48147345541902614 35 6 126 11 33 261 125 9 123 5 121 118 30 86 26 9 29 2 28 197
5190 11.547902044472655 -3.0745764286073443 0.97345813730295772 53 60 42 0.087191440023299621 104 175 102 44
103 0.58772996012993728 -2.6846584785925831 9.4871934228029122 255 252 255 0.51281410352874601 65 270 99 762 37 624 36 563 153 538 35 515 128 581 145 750 32 481 33 482 129 731 39 845 133 851 46 864 89 315 125 272 73 299 123 367 80 244 122 308 60 272 121 214 30 203 26 334 29 241 130 175 117 233 28 352 118 392
2460 -10.147706675360508 0.73182482021036355 10.917430114883079 61 61 68 0.73388726843274132 40 192 42 206 169 315 157 278 70 68 47 69 138 151 136 51 51 164
5191 10.974004437974918 -1.6028920044765362 0.33034928583043849 34 39 33 1.257369139843592 106 56 107 321 143 52 105 305 102 61
104 -6.6935965823389614 -3.7050155018511983 13.420350712674431 70 70 66 0.49730442505674111 65 459 99 770 37 636 36 726 153 714 35 679 128 753 145 915 127 703 32 485 126 440 33 488 129 859 39 729 133 867 46 874 131 864 89 504 125 468 73 460 123 368 42 928 40 869 159 864 44 821 169 667 134 748 137 777 157 430 80 409 76 435 135 321 122 306 60 268 51 402 76 335 40 726 121 296 30 200 130 171
105 -13.462124563756477 -3.004588276772679 9.8851650009325152 178 183 192 1.6761245687565627 65 274 99 772 37 642 36 578 153 717 35 529 128 758 127 527 32 487 126 449 33 495 39 852 46 879 89 509 125 278 73 307 123 511 41 588 80 412 80 544 76 443 70 394 50 164 47 350 138 298 51 251 48 208 165 236 140 64 52 104 53 138 142 113 54 92
5192 6.7521934855459396 0.37652278541008538 -1.074450267748509 67 50 45 0.91399735033755969 101 63 104 99 105 226 106 102 143 85 102 91
107 -7.9372940214063217 -1.8803883299553508 12.640089652971374 233 239 239 0.84245184272544038 50 298 65 481 99 777 37 650 36 738 35 545 128 768 145 788 32 498 126 620 33 508 39 860 133 884 46 887 131 885 125 302 73 485 123 392 42 940 45 1014 40 878 159 877 44 831 169 783 134 861 137 891 41 521 157 550 80 424 76 519 135 407 70 505 122 316 60 287 47 426 138 422 136 400 51 466 48 299
2464 -7.8558612911491972 2.5185193179708496 12.817063375559197 95 82 66 0.16250416796775582 99 214 169 358
108 -13.698883845561909 -1.5741610243114765 8.8515460617002191 253 254 251 0.62105643190382032 50 168 99 786 41 433 76 362 70 294 47 270 138 228 136 197 48 161 165 195 82 93 49 99 139 99 140 68 52 121 53 140 142 123 141 75 54 95 83 101 144 90
2465 -8.7803020272591681 2.7506715960230159 11.688156172008316 62 51 40 0.32958276539309356 129 249 133 511 159 492 169 369 153 235
109 -13.262028728943113 -0.45384161927925182 10.31371912111924 115 111 97 0.89294916773422439 65 632 99 801 37 774 36 753 153 884 35 705 128 784 145 934 127 721 32 647 126 639 39 872 46 975 125 500 73 630 123 530 42 957 45 1023 40 891 44 848 41 609 80 563 157 462 76 460 135 348 70 421 50 222 47 370 138 311 51 352
2466 -2.7305837676476337 3.2585036143274899 14.449232146082776 57 57 47 0.81167936611759284 42 327 169 371 137 436 157 222
1222 0.40786652403910539 1.6628418115736971 10.10582951555658 106 107 111 0.66133221161410372 127 201 128 221 126 147 153 220 89 155 125 150 123 104
113 -10.110110810949172 1.321785853543916 9.3190473986089248 255 255 248 0.88487469295621768 65 660 99 824 37 799 153 609 65 355 127 611 33 362 39 959 80 309 80 582
5200 6.4638189689663959 2.1180765518648461 -0.12533679824953181 64 58 41 0.93460837055886226 107 463 102 201 100 137
1224 -13.557771058231619 2.2943958382676568 9.9512822466736388 82 80 68 1.0617749486086698 99 218 126 160 44 503 80 141 128 480
1225 -9.040923611875991 3.1165773781173676 10.253368847650435 151 158 151 0.38208828529740863 128 261 126 182 133 815 131 823 45 987 159 940 169 744 134 821 137 842
116 1.7651113933425981 -3.8751428165403063 10.198544620915321 247 246 249 0.52967257729022132 65 262 99 888 37 833 36 555 153 702 35 507 128 569 128 737 127 508 32 473 126 260 33 271 89 16 125 267 73 19 123 198 80 12 122 172 121 123 30 90 26 140 29 110 117 79 28 8 118 124 27 159
2473 -7.6302166294048606 2.4157570338377226 12.745566485960238 157 146 128 0.82019976859590027 44 765 131 501 169 495 60 315
1226 2.53165348868853 2.462011395406825 8.8389932955549977 61 55 43 1.0122826683745776 32 401 126 187 125 408
117 -12.999711290810243 -5.3946575224072131 11.069970013775954 131 122 123 0.52806264416035031 99 892 37 749 36 829 153 958 35 805 128 868 145 1004 127 805 32 716 126 712 33 613 129 948 39 918 133 958 46 952 89 757 125 591 73 695 123 614 42 1014 45 1052 40 959 44 919 169 832 41 578 157 520 80 627 76 431 135 319 70 490 50 254 47 335 138 352 136 320 51 406 48 252 165 217 49 115 82 118 139 90 140 71 52 125
5204 6.7163278519043565 -1.9647244523361707 2.4347682829068029 0 0 0 1.2315111299478905 15 452 101 233
1227 -1.6101037812372949 4.2226057884564598 12.07353457590237 209 215 211 0.10526336935270122 128 284 126 209
2476 -2.6829918601712262 -0.048090060847162115 6.028956260633854 100 97 82 1.6090369846620631 35 121 169 544
1230 -5.4295512624082951 3.9460911727358536 9.1463099653726339 182 187 196 0.10315077727550812 32 229 126 219
122 -12.793521849625487 -2.9789704342972039 10.880478058298358 112 102 109 1.5458658818163276 65 726 99 902 37 842 36 944 153 868 35 683 128 761 32 829 126 611 129 745 39 926 46 960 89 658 125 792 73 706 40 1015 44 984 169 775 157 443 76 445 135 256 70 503 47 425 138 296 51 341
1232 -13.453349904208034 -2.9151213807889871 10.528194119897977 44 45 40 1.3657672082358658 99 608 126 276 128 377 33 287 46 727 35 531 89 512 125 284 73 469 123 212 40 739 80 252
123 2.6792946180648776 -1.4804756061287394 12.120983244835998 56 56 27 2.0245033348337289 65 477 39 857 123 390 60 288
5210 9.4402781457913729 2.6085383484942928 1.0370094281302285 133 144 135 1.5422206515722383 10 315 15 532 101 313 102 312 100 260 23 252
1234 3.210432745791286 -3.0430102876132019 20.755128932102416 78 70 57 1.1789060627603474 153 967 126 280
1235 -13.680115048928288 -1.7570529990666031 8.6904275374669027 237 251 253 0.49985568091919819 36 591 99 619 126 288 82 63 50 33 52 94 53 83 142 91 54 17 83 68 144 67
126 -7.632819166576569 -1.703218136037294 12.827013460520245 223 222 227 0.41398244218239771 65 622 99 908 37 847 36 846 153 970 35 823 128 898 145 1015 127 826 32 737 126 736 33 739 39 930 133 1028 131 1031 89 775 125 722 73 717 123 629 42 1063 45 1062 40 1020 159 1045 44 989 169 886 134 955 137 969 41 658 157 659 80 555 76 572 135 485 70 601 122 529 60 446 47 534 138 493 136 439 51 502 121 419 30 319 48 338 165 315
5213 7.168330640964677 0.49769777203454985 -4.9147295984357999 53 56 36 0.25050932906440038 104 440 102 344
1236 -13.740446204040001 -1.6603586070423282 10.332848410151065 47 49 35 0.50417093722407613 37 515 126 293 145 629 33 311
127 -8.6990923747218165 -1.6054997051656754 12.26385396135456 215 214 210 0.33854646100593427 65 623 99 909 37 763 36 742 153 875 35 690 128 770 145 926 127 830 32 637 126 623 33 645 129 872 39 861 133 887 46 891 131 982 89 670 125 625 73 622 123 523 42 1023 45 1016 40 970 159 992 44 933 169 787 134 865 137 893 41 599 157 555 80 557 76 525 135 412 70 508 122 437 47 495 138 425 136 404 51 471 121 380 48 303 48 321 165 278
2484 -12.752587002659123 -5.2996882640264023 11.263362717080158 99 102 93 0.18510264139454072 99 758 169 656
5347 -14.701360757463837 2.2860247871075812 -7.2458131057398498 89 84 80 1.6902885815143378 52 136 155 105 53 151
260 -6.8777329616812484 -3.8073625077826168 14.085337355230751 175 170 153 1.1007901646152622 65 460 37 637 35 523 128 585 145 765 127 521 33 489 129 740 133 741 133 868 46 722 131 867 89 505 125 601 73 462 123 503 42 929 45 789 159 866 159 976 44 823 169 537 134 751 137 639 157 431 80 539 60 352 136 399 121 368 30 262
2617 -0.042004009827033707 1.6236146829579756 9.908091873577014 200 212 208 0.49170783544420743 44 498 45 532 137 420 41 246
5352 -16.79005855735765 0.28156365350352153 7.6074371685682189 127 128 137 0.16184242042392294 55 50 155 49 146 31 56 69
265 1.4761565400700469 1.548586493248445 9.4531615300567555 67 71 70 0.36160288725209738 99 677 37 694 36 644 153 615 35 593 128 469 145 828 32 363 126 352 129 800 39 893 133 926 46 998 131 939 89 151 42 1083 137 949 118 58 27 80
2622 -8.3422923997901517 0.86389126185107457 12.081635496266314 110 117 128 0.7805251619456165 35 157 127 154 153 167 137 547 80 87 60 61
5354 -15.783334625655785 -3.0072012230953287 -8.2856687887202796 22 23 20 0.57408620884967287 53 33 142 72 146 54 52 78 144 21 140 41 141 56 56 62 166 52 111 35
267 2.8921106891287951 1.5496643458478487 8.2183503624073158 54 56 45 0.74955501959644388 99 941 36 888 153 623 35 600 35 751 128 935 145 973 127 756 32 551 126 358 33 556 129 996 89 410 123 293 122 245 30 124 26 185 29 142 130 86 28 80 27 208
2624 0.50641492614515715 1.1583633226823149 9.274482114607725 146 158 149 0.081278733752796456 159 460 137 580
5358 -16.575477600041634 0.62646741251081572 5.2700760722721629 50 56 51 0.46146028773242914 55 102 155 109 146 100 56 125
271 3.1146196552758663 -3.4357814863366558 9.3958078762465771 60 64 51 0.88709751971524187 99 887 37 740 36 554 145 887
2628 -8.1663829968594275 -4.07558821901491 12.192353578620095 113 117 124 1.7592728150187449 129 736 133 349 137 633
5362 -14.064956547982685 -7.4131951430823291 -4.2938112212526525 25 33 20 1.9858672777084743 141 29 56 56
275 1.5024723177961123 1.2126042981817693 11.009150293440882 57 55 60 0.81486848434259296 99 932 37 795 145 813 129 981
5364 -15.448677863597251 0.47848610948460918 5.9322799295288373 14 19 6 0.14572963069987196 55 53 56 86
277 2.6424114568712533 1.2762085665108558 8.6774473470514852 116 130 114 0.99618647822067674 99 937 37 805 36 772 153 761 35 739 128 804 145 963 127 748 32 663 126 518 65 142 33 548 129 986 133 921 39 889 125 371 122 235
2634 1.2590795492134166 2.4871058298271218 10.140308830989925 113 123 117 1.5548193583828351 40 669 42 882 45 321 137 742
5368 -6.8125231187891613 -0.55700410080680574 0.049751078586725908 8 8 0 0.036717453103401562 146 19 166 9
281 -2.1753367730606437 4.2328729759935362 10.965599160363805 144 155 151 0.56593377693662339 99 957 37 822 36 982 65 679 153 940 35 869 128 956 127 953 32 870 126 692 33 697 125 676 73 672 80 499 121 284 29 282 130 160
2638 0.12493436800960817 -0.85443310689840701 14.494544923600342 14 14 12 0.98733670771796811 37 660 46 751 137 789
5371 -16.232138386965623 0.67789982373834012 4.7808213361044904 111 112 117 0.81531166915817677 155 31 166 32
284 1.4563705578448232 4.2017062796958582 10.939676236669484 22 40 16 0.65291197180738902 65 408 37 826 35 633 127 656 32 579 126 559 129 940 89 464 125 557 73 559 80 369 122 280 60 246 121 190 28 255
2641 1.240648511009504 2.4928712490936209 9.6860259261174892 97 100 93 0.328634868700038 42 890 137 859 45 745
5373 -15.955489833073976 0.33233103944177222 4.7922766204717373 79 80 84 0.68822999684660835 155 29 166 55
286 -1.6062637105149495 0.88397472811015276 15.469443508424714 86 83 68 1.0989366126659388 65 642 37 856 153 898 35 835 128 914 145 947 127 855 32 765 126 753 129 973 39 944 133 989 131 994 89 790 125 643 73 734 123 536 42 1075 134 921 157 635 80 655 122 451 121 387 26 410 29 305 130 184 28 370
2643 -3.0950865990200169 5.2695980586125977 14.643950758715462 47 47 39 0.36760300552341485 42 903 44 801 137 866 40 953
5375 -17.370432068951985 2.0154150441596541 -8.0701311401922453 14 25 8 1.0660115869651201 55 103 56 122 146 101 166 76
288 0.032609281220275579 1.2354537402255066 9.9881996348958495 251 255 250 1.3572660404902903 99 1008 37 862 36 962 153 986 35 922 128 1012 145 1033 127 934 32 774 39 957 133 999 46 991 131 1001 42 1040 45 1037 40 989 159 1057 44 959 169 865 134 934 137 944
5378 -20.040930607915001 3.0097789065202072 -11.195962021249287 100 96 86 2.5939488307925291 53 118 111 33 54 75
291 2.525441938282071 1.6597392484661369 8.8497117947974431 34 30 30 0.90573785260010042 99 839 37 877 36 654 153 625 35 601 128 653 145 833 127 427 65 152 32 378 126 158 33 387 129 992 133 1045 89 166 125 160 27 87
2648 1.0577397575388248 2.5386696937750863 9.6083318943815037 78 85 87 1.2816356728334313 40 1005 42 1054 45 1050 137 925 44 972
293 1.3449613629193833 3.4993249616447391 10.945521154828231 38 49 44 1.2101376436886235 99 1025 37 889 36 903 153 932 35 767 128 828 145 1054 127 639 65 398 32 568 126 390 33 423 129 1049 39 980 89 206 123 139 80 164 121 270 30 60 26 361 29 70 29 280 130 93 117 160 28 249 27 378
2650 1.3609064306692835 1.7546542825413241 9.6066637175455902 54 55 47 0.61958975905096747 39 965 40 1033 137 981
294 1.3457693661040744 3.4730547177586506 10.882039149005152 38 49 44 1.1780132128372731 99 1026 37 890 36 904 153 933 128 687 145 1055 129 1050 133 1058 131 1082 39 981
2651 1.0273466398096913 1.7090485113429243 10.603325107464926 101 111 102 1.6677122511717684 40 1056 42 1111 45 1134 137 1001
296 2.081698335242149 2.9193706677682072 9.2003811043285939 115 118 99 0.59707089112634459 99 860 37 894 145 987 126 687 129 934 133 955 73 545 80 484 29 279 28 391
2653 1.2380061233245363 2.3703947569622228 9.8578813952790298 211 211 221 0.36069232559812076 40 1096 42 1160 45 1149 137 1016 44 1070
301 1.1246100603659825 1.3314382016822919 10.764305447893451 105 107 102 1.4806506401682742 99 1067 37 918 36 1013 153 1091 35 1020 65 861 128 1095 145 1139 127 1002 32 892 33 878 129 1078 133 1076 89 889 125 841 73 847 123 754 80 751 122 614 60 535 121 461 30 367 26 499 29 388 130 257 117 333 28 488 118 520 27 580
2658 0.4660087160388337 0.7641601802218192 9.0612036599483332 172 170 163 2.2915915401830746 39 162 133 158 45 680 131 150 42 496 137 692 39 175 133 165 40 445
303 2.388396651916656 1.2751283294439519 8.2580431100247544 67 66 73 0.6324563563050758 99 1010 37 922 36 882 35 742 128 805 145 1035 127 750 32 544 33 370 123 287
304 -13.425920218130601 3.9768999062653525 9.9702040926346154 92 90 70 0.74672438791740892 99 951 37 934 153 796 35 866 128 950 127 773 32 677 126 688 33 692 39 904 89 820 125 673 123 581 80 684 157 602 76 498 70 560 50 290 47 398 138 408 51 390 165 266
306 1.9159260022471056 2.8730481065707876 9.1205125312548088 33 35 24 1.4461980489826733 99 955 37 937 36 797 153 800 35 768 65 394 128 684 145 1056 32 802 128 1044 33 789 129 1051 125 670 123 573 30 188 26 359 29 372 130 198 117 301 27 556
2663 0.0037324114622569243 1.7798874211246307 10.075686202129924 182 184 183 1.9577040891954067 37 872 36 967 153 916 35 852 128 807 145 964 65 366 128 647 32 785 126 521 33 670 129 910 39 963 133 1004 89 405 73 527 134 987 65 831 36 1022 153 1057 35 994 127 940 32 854 35 930 89 866 125 815 123 722 80 717 30 231
308 1.1532810745776827 3.7547303551837459 10.876426540363203 122 132 123 0.48080437462877734 99 1027 37 943 153 1007 128 1046 127 952 32 867 33 790 129 1055 39 1033 133 1062 89 823 125 769 123 675 80 685 60 478 121 409 30 299 130 242 117 306 28 478 118 486
2665 -8.4542787577087264 0.60417420515744602 12.030905057511035 217 212 232 0.84978786890132818 36 140 37 105 153 153 129 136 39 145 133 147 46 141 131 429 42 490 45 180 40 175 159 419 44 440 169 302 134 340 137 353 39 768 65 109 127 596 131 918 89 377 44 865 169 709 134 885 41 192 157 178 76 167 70 194 47 184 138 237 136 204 51 154 48 114 50 173
317 0.95359336003523054 3.0088792007107545 10.439967910047041 94 98 100 1.9491165670768398 99 1127 37 982 145 1117 126 542 39 1079 133 1119 131 1103 60 103 26 81
2674 -8.1708768955323112 2.4300325833837717 11.601283374521557 101 98 85 0.98917346881779733 39 230 41 108 127 429 30 126
319 1.461211658984368 -2.6497903169346513 10.061514273353575 47 49 24 1.3001833328542931 99 1090 37 988 129 1061 133 1097
2676 -3.747343363733179 0.022942649294269632 14.256361640916381 149 144 136 0.64695190665058466 134 82 169 294 41 186 157 264 76 279 70 301 121 34 26 38
320 1.5858357916653645 0.97651491586429173 9.6184149103951579 138 142 136 0.83921239839462647 99 1107 37 995 36 1045 129 1103 39 1088 133 1125 46 1123 131 1116 159 1158
2677 0.24174138198770972 1.5471963086205562 10.254543448472742 79 90 93 0.35768469593813867 134 401 41 238 40 487 42 285
322 2.8562943135933705 1.3116973659098692 8.3437313688625245 143 150 143 0.41200421959070144 99 1114 37 997 145 1146 129 1109
2679 -13.45533972314246 -3.3496342555261678 9.3436679059544954 87 90 98 0.9756881170153251 128 50 41 288 157 148 48 30 142 57
323 2.8562943135933705 1.3116973659098692 8.3437313688625245 143 150 143 0.41200421959070144 99 1115 37 998 145 1147 129 1110
2680 -13.378473183598379 -3.0433823330957828 8.7618971990754488 123 146 197 0.44019890233127013 50 96 41 289 76 249 135 111 70 164 47 160 138 131 51 140 48 103 165 99 49 45 82 55 139 43 140 34 99 361 52 65 53 102
324 2.0920775578235302 2.0597073115013744 9.9703577205514069 93 96 85 0.57614059354280667 99 1135 37 1001 36 1070 153 1112 35 1038 128 1125 145 1186 37 1021 32 921 129 1125
325 2.0741784047665588 2.0449940252052943 9.8809392224220165 93 96 85 1.0767774336015443 99 1136 37 1002 36 1071 153 1113 35 1039 128 1126 127 1016 32 922 126 905 33 903 129 1126 26 526 29 409
2682 -10.321762417867399 0.12436416443515644 11.319172010105785 0 0 0 0.20178004190835169 50 223 131 611 137 677 49 101
326 1.4524989107458064 2.2256109647954827 9.150308507906173 170 171 175 0.80697574466411981 99 1125 37 1004 35 947 145 1157 129 1113 39 1098 133 1131 46 1137 131 1122 89 719 123 448 80 600
2683 -9.8884278165358435 0.75277108153727079 10.872374214620926 53 58 60 0.7044517226607091 50 228 41 340 47 288 51 276 44 188 76 177
327 0.73256499453896884 3.2321110300222853 10.587916975378112 166 178 175 1.0542126665926583 99 1128 37 1005 36 1055 35 999 145 1175 39 1080 133 1120 131 1113
328 1.6978529168007226 -2.3910028433414059 10.025502834024225 141 143 129 0.59798625517841986 99 1130 37 1010 36 1038 153 1080 35 1010 128 1085 145 1163 127 961 32 876 126 857 129 1115 39 1104 133 1135 89 843 65 806 73 787 123 744 65 847 73 835 122 603 26 493 29 384 130 250 117 327 118 509
330 1.5399637540041804 2.4485665941016408 8.9987536365234124 54 57 51 0.68166785462842305 99 1138 37 1025 36 1054 35 1024 65 879 128 1104 145 1174 127 1007 32 923 126 906 33 906 129 1127 39 1101 133 1133 89 907 125 849 73 851 123 759 60 543
2687 -9.2642208177833716 3.2875456671395784 10.715302861929356 56 56 53 0.83597122885425923 159 807 41 383 157 327 42 565 44 309 45 313 76 217 135 229 80 155 65 389 73 409 126 380 70 351 99 702 122 106 60 221 47 325 138 346 136 171 51 391 48 292
331 -8.4626249019983373 -3.653838874501961 11.899196673547937 253 255 254 0.60416838276853424 65 902 37 1028 36 1078 153 1120 35 1049 128 1135 145 1192 127 1027 32 941 126 924 33 910 33 928 89 921 125 886 73 883 123 800 80 789 122 657 60 575 121 508
2688 -7.1825496684545591 -3.2005522037408207 13.300905232701718 124 121 109 1.0414757091502287 40 737 159 573 41 408 39 567 76 342 135 167 70 385 138 353
333 1.9387510889757409 3.3037813554499209 9.4275983585134995 123 126 119 0.34031589614787544 99 1162 37 1033 145 1198 129 1137
2690 -13.336064727552808 0.95744303215412974 10.120747060052524 89 90 73 1.9662669152852239 127 740 41 452
334 1.9478903386791693 3.3423411089917301 9.5172056777643537 123 126 119 0.94547779998587955 99 1163 37 1034 36 1089 65 882 153 1137 35 1057 128 1146 145 1199 127 1023 32 937 126 921 33 925 129 1138 73 856 123 780 30 391 130 268 118 543
335 1.1125886767458619 -1.7971700205867911 9.5722871428780429 51 49 18 1.2208070925040586 99 1164 37 1037 36 1101 153 1149 65 914 128 1158 145 1201 127 1042 32 952 126 936 33 937 89 924 125 897 73 894 123 810 80 803 122 665 60 585 121 511 30 416 26 560 29 430 130 297 117 388
2692 -3.6394192671860677 -0.21521285959481104 14.504365139639939 254 255 249 1.1215558817888225 40 890 42 820 44 604 45 942 46 898 41 540 40 415 42 463 45 146 80 70 70 519 47 504
336 -13.196118299250701 -2.5276311435450864 10.631919890922136 109 107 86 0.65532442852061967 99 990 37 846 36 838 35 817 128 990 145 1080 127 919 32 732 126 819 129 1023 39 927 39 995 89 769 125 720 73 709 45 1059 40 1018 44 985 157 617 76 518 135 410 50 267 47 434 138 368 136 341 51 422 48 263 165 239 49 147 140 90
2693 -2.9785975836838321 0.84096509994163726 13.658813789640543 62 62 54 0.16728723080441271 39 771 41 547
339 -11.672915880945153 -4.481295137709826 11.463816645296069 96 97 99 0.25208423211280784 37 12 36 27 145 411 129 571 39 370 133 596
2696 -9.8212812489281358 1.0719936865394011 11.548870367133876 0 0 0 0.4096162626531954 40 1026 137 938 47 543
340 1.5905393344983485 -2.3206387224055511 9.9756971724264769 76 71 75 0.56019909426727732 37 303 36 33 153 36 35 28 128 38 145 416 129 572 46 561 131 725 42 768 45 770 40 709 44 810
2697 -9.0144031207477902 1.3804698438905945 11.353409238404566 121 111 99 0.60827297211539955 131 1000 159 1013 41 625 135 433
357 -8.2173626631841117 1.6471861490346948 11.957037222878547 69 64 58 0.57362264366172377 37 158 65 359 36 187 153 200 35 419 128 461 145 240 32 355 126 132 33 139 129 481 133 472 46 192 131 482 125 137 42 529 45 518 40 234 159 462 44 485 169 481 134 388 137 394 41 232 157 204 80 312 131 934 76 202 122 350
