1773244921.729120 0.001901196 -0.014543852 0.006602706 -0.008065211 -0.001271859 -0.001857176 0.999964952
1773244921.757010 0.004522107 -0.025874568 0.013339119 -0.012055520 -0.002098963 -0.002478210 0.999922037
1773244921.789845 0.003206370 -0.013203925 0.010659220 -0.007553194 -0.001348544 -0.002284244 0.999967992
1773244921.828674 0.003657457 -0.017653000 0.016330458 -0.009190712 -0.000956798 -0.002612282 0.999953866
1773244921.857349 0.002761162 -0.019589722 0.018290861 -0.009460575 0.000100222 -0.002783844 0.999951363
1773244921.895301 0.004190285 -0.011966252 0.016135398 -0.007812349 -0.000445037 -0.002598284 0.999966025
1773244921.923451 0.006145883 -0.017439436 0.023295760 -0.008789547 -0.000349274 -0.003724219 0.999954402
1773244921.963152 0.006119518 -0.009754889 0.019897545 -0.006655324 0.000054631 -0.003362786 0.999972224
1773244921.991185 0.004832254 -0.014604205 0.021987975 -0.009130307 0.001540028 -0.004007180 0.999949098
1773244922.023464 0.006483180 -0.016871605 0.029382797 -0.009955004 0.002051431 -0.004074817 0.999940038
1773244922.062540 0.007153097 -0.015995754 0.030779552 -0.009582515 0.002609811 -0.004387995 0.999941051
1773244922.089548 0.005329269 -0.012065583 0.028401699 -0.008129770 0.004815272 -0.004335398 0.999945939
1773244922.131875 0.005791898 -0.011109870 0.030334624 -0.007690802 0.005544398 -0.004657497 0.999944210
1773244922.157620 0.004018496 -0.009843887 0.028436767 -0.007911192 0.007445359 -0.004075406 0.999932706
1773244922.191542 0.004408794 -0.010036637 0.030631397 -0.008339274 0.008246099 -0.003872241 0.999923766
1773244922.230537 0.006292969 -0.012092195 0.036316469 -0.008909047 0.008063882 -0.004610113 0.999917150
1773244922.258052 0.006373461 -0.011962584 0.038262863 -0.009217645 0.009086533 -0.004533576 0.999905944
1773244922.297312 0.006196767 -0.012313047 0.039852396 -0.009446229 0.010148639 -0.004755056 0.999892592
1773244922.324501 0.007379374 -0.014101816 0.045758881 -0.010501767 0.010801190 -0.004984851 0.999874055
1773244922.365594 0.006540993 -0.013149107 0.047292002 -0.010079726 0.012421171 -0.005004104 0.999859512
1773244922.390634 0.005346565 -0.011239704 0.048653610 -0.008865609 0.014439346 -0.005783616 0.999839723
1773244922.424308 0.007518786 -0.011788882 0.050767619 -0.009673717 0.014517008 -0.005768448 0.999831200
1773244922.464006 0.008188361 -0.011725345 0.053190455 -0.009932118 0.015105211 -0.005731388 0.999820173
1773244922.491231 0.007821636 -0.010845811 0.055129927 -0.009603840 0.016196875 -0.005910772 0.999805212
1773244922.530590 0.007550779 -0.011445363 0.055940822 -0.009949376 0.017459415 -0.006008182 0.999779999
1773244922.556646 0.007299992 -0.011725418 0.058072601 -0.010284458 0.018907264 -0.006096735 0.999749720
1773244922.591770 0.007923808 -0.011384149 0.060811512 -0.010404385 0.019726334 -0.006274193 0.999731600
1773244922.636601 0.006873417 -0.009433564 0.060358495 -0.009525357 0.021008128 -0.006341579 0.999713838
1773244922.658664 0.006742965 -0.009114237 0.062731802 -0.009642693 0.021930302 -0.006437631 0.999692261
1773244922.696554 0.007325628 -0.007738994 0.064761885 -0.009025878 0.022058964 -0.007301684 0.999689281
1773244922.724481 0.006981603 -0.007367306 0.067005768 -0.008883728 0.022951975 -0.007562963 0.999668479
1773244922.764225 0.005939591 -0.007883306 0.068237223 -0.009569331 0.024151547 -0.006880687 0.999638796
1773244922.791340 0.007037492 -0.007872677 0.070644043 -0.009519318 0.023892501 -0.007141505 0.999643683
1773244922.824197 0.008241366 -0.007100197 0.073541649 -0.009065672 0.023663469 -0.007601485 0.999650002
1773244922.863951 0.009706117 -0.006461779 0.076363094 -0.008635899 0.022963958 -0.007699136 0.999669313
1773244922.891553 0.006639582 -0.004096361 0.073485717 -0.007689413 0.025243459 -0.007289875 0.999625146
1773244922.932648 0.004627672 -0.004336344 0.074443504 -0.008148782 0.026680466 -0.006890603 0.999587059
1773244922.958715 0.004887961 -0.004260410 0.076130979 -0.008351951 0.026822990 -0.006457347 0.999584436
1773244922.991724 0.006269138 -0.003763102 0.077589579 -0.008138156 0.026163569 -0.006505657 0.999603391
1773244923.030584 0.006028805 -0.002316603 0.074303254 -0.007358883 0.026012177 -0.006500945 0.999613404
1773244923.058910 0.002789797 -0.003387732 0.075287774 -0.007770319 0.027745556 -0.006674551 0.999562502
1773244923.097582 0.003980579 -0.003773956 0.077429414 -0.008146530 0.026928470 -0.006933308 0.999580145
1773244923.126395 0.003979933 -0.003288622 0.079010867 -0.007989011 0.026909044 -0.006321263 0.999585986
1773244923.164059 0.003938416 -0.003310811 0.080452226 -0.008180915 0.026862020 -0.006889496 0.999581933
1773244923.191339 0.002940860 -0.001777429 0.081450284 -0.007303686 0.027187001 -0.006141929 0.999584794
1773244923.224601 0.000700704 0.001179251 0.082779348 -0.005760095 0.028027250 -0.006415145 0.999569952
1773244923.265027 0.004744309 0.000217530 0.086549826 -0.006016982 0.025024656 -0.006535015 0.999647379
1773244923.291791 0.002298328 -0.001137912 0.085302278 -0.007192527 0.025997998 -0.006865850 0.999612570
1773244923.331357 0.002422546 -0.001133300 0.086451590 -0.007081738 0.025071569 -0.006164493 0.999641538
1773244923.360017 0.002788868 -0.001595367 0.089728668 -0.007782020 0.023763333 -0.006482558 0.999666333
1773244923.391727 0.002076079 -0.001297227 0.089362308 -0.007208148 0.023627469 -0.006529392 0.999673545
1773244923.430825 0.001946385 -0.001760147 0.091393203 -0.007934218 0.022921868 -0.006317846 0.999685824
1773244923.458449 0.001167532 -0.002153654 0.092862979 -0.007716594 0.022575226 -0.006924948 0.999691367
1773244923.498293 0.000280318 -0.002378817 0.094249599 -0.008688198 0.022294322 -0.005339999 0.999699414
1773244923.532938 -0.000255193 -0.001891761 0.095355064 -0.008184479 0.022185836 -0.006418120 0.999699771
1773244923.565091 -0.000805757 -0.002267389 0.096261926 -0.008562139 0.021870676 -0.005624996 0.999708295
1773244923.591846 0.000331740 -0.001583112 0.098835848 -0.008193108 0.020368109 -0.006175724 0.999739885
1773244923.625959 -0.000406083 -0.001453085 0.099795632 -0.008556717 0.020000828 -0.005517048 0.999748111
1773244923.665540 -0.001982134 -0.001186704 0.101462930 -0.008081735 0.020228721 -0.006009600 0.999744654
1773244923.692662 -0.003547759 -0.000703693 0.103577726 -0.008196367 0.019803634 -0.005809423 0.999753416
1773244923.734228 -0.004464718 -0.000415107 0.104777604 -0.008143712 0.019660709 -0.005985527 0.999755621
1773244923.758627 -0.001100236 -0.000456495 0.107432455 -0.008581034 0.016605286 -0.005310906 0.999811172
1773244923.792681 0.000167991 0.000907506 0.110465847 -0.007234076 0.014942408 -0.006314088 0.999842227
1773244923.831576 0.001135638 0.002436722 0.112134509 -0.006887772 0.013389701 -0.005417351 0.999871969
1773244923.859360 0.001183179 0.005620890 0.114661202 -0.005548769 0.012045761 -0.004532667 0.999901772
1773244923.898199 0.000607862 0.006977380 0.117190257 -0.003994482 0.011221657 -0.005828321 0.999912024
1773244923.926219 -0.001026163 0.005195399 0.119147167 -0.005344241 0.011164640 -0.005302943 0.999909341
1773244923.965107 -0.000626246 0.005461236 0.121464215 -0.005543782 0.009848183 -0.004553690 0.999925733
1773244923.993046 0.000157696 0.005099801 0.123905063 -0.005602218 0.008258702 -0.004575745 0.999939740
1773244924.026070 0.000533853 0.005768908 0.125737891 -0.005462293 0.007142582 -0.004440826 0.999949694
1773244924.067082 -0.001479434 0.005739374 0.125847042 -0.005929647 0.007618424 -0.004043484 0.999945164
1773244924.093751 -0.001807080 0.005902433 0.126341864 -0.005986790 0.007111674 -0.003812860 0.999949515
1773244924.132378 -0.001804726 0.005862764 0.128210157 -0.005938983 0.006097374 -0.003746263 0.999956727
1773244924.159140 -0.001734279 0.005399572 0.130536988 -0.006488221 0.004796986 -0.003501605 0.999961257
1773244924.193390 -0.002760731 0.006012368 0.131491035 -0.006139958 0.004579678 -0.003710346 0.999963760
1773244924.232248 -0.002647345 0.006945250 0.134663731 -0.005769043 0.003167832 -0.003560025 0.999971986
1773244924.260026 -0.003962441 0.006238951 0.135966018 -0.006674408 0.003069283 -0.003182937 0.999967933
1773244924.299808 -0.004959519 0.007239783 0.136680633 -0.006222561 0.002866213 -0.003268727 0.999971151
1773244924.326914 -0.006167043 0.008041759 0.138831586 -0.005771027 0.002532895 -0.003688681 0.999973297
1773244924.364947 -0.006811060 0.007506112 0.141427279 -0.005738811 0.001935340 -0.003397846 0.999975860
1773244924.392850 -0.004739023 0.006535588 0.143652186 -0.006736616 -0.000297044 -0.003336062 0.999971688
1773244924.426698 -0.003954954 0.007421768 0.146251976 -0.006508401 -0.001759045 -0.002287567 0.999974668
1773244924.465952 -0.004562589 0.007617577 0.148111612 -0.006500969 -0.002277054 -0.002484564 0.999973178
1773244924.493696 -0.004544939 0.007525436 0.149759904 -0.006970136 -0.003023032 -0.002490001 0.999968052
1773244924.533756 -0.005385296 0.007417718 0.151184991 -0.006597752 -0.003560028 -0.002329898 0.999969184
1773244924.560636 -0.005393872 0.007674634 0.153084114 -0.006924441 -0.004391268 -0.003025555 0.999961793
1773244924.593189 -0.008161371 0.008155420 0.154025510 -0.006457280 -0.003380694 -0.002745983 0.999969661
1773244924.633832 -0.010303942 0.009711856 0.155646384 -0.006143484 -0.002781257 -0.002697647 0.999973595
1773244924.660063 -0.004578883 0.009293243 0.159961656 -0.006185800 -0.006761540 -0.002456303 0.999954998
1773244924.700528 -0.004932649 0.011445814 0.162004888 -0.005299261 -0.007467916 -0.002004037 0.999956071
1773244924.726366 -0.005558356 0.012057491 0.162883624 -0.005075825 -0.007530755 -0.002313229 0.999956071
1773244924.766449 -0.007038889 0.010501759 0.164084509 -0.006242915 -0.007023704 -0.002437037 0.999952853
1773244924.794061 -0.003407539 0.009321399 0.167469651 -0.006847033 -0.010028754 -0.002667074 0.999922693
1773244924.826964 -0.001432064 0.010251887 0.170832008 -0.006875893 -0.011638601 -0.001347555 0.999907732
1773244924.867732 -0.001964562 0.011238373 0.171944216 -0.006423835 -0.011810405 -0.001576163 0.999908388
1773244924.894371 -0.006871145 0.012217763 0.171455353 -0.005631614 -0.008949902 -0.001868311 0.999942303
1773244924.933285 -0.004851285 0.012254436 0.175045907 -0.005968753 -0.010461447 -0.002031969 0.999925375
1773244924.960660 -0.002992342 0.012136485 0.178189874 -0.006134335 -0.011851035 -0.001889397 0.999909163
1773244924.993897 -0.006479444 0.012221966 0.178304225 -0.006372381 -0.009784169 -0.001994479 0.999929845
1773244925.033605 -0.006504271 0.012411945 0.180076122 -0.006501530 -0.009583847 -0.001678969 0.999931514
1773244925.060637 -0.007248939 0.013231585 0.181444570 -0.005880524 -0.009048463 -0.002446222 0.999938786
1773244925.100770 -0.008259132 0.012735198 0.182484001 -0.006412006 -0.008384950 -0.002246469 0.999941766
1773244925.127505 -0.006968596 0.013403112 0.183873072 -0.006136488 -0.009148150 -0.002653069 0.999935806
1773244925.167334 -0.007051981 0.012257592 0.186434954 -0.006810845 -0.008863301 -0.002902340 0.999933302
1773244925.193029 -0.007543455 0.013219096 0.187579453 -0.006620279 -0.008584119 -0.002304167 0.999938548
1773244925.227124 -0.009181481 0.012438197 0.188843548 -0.007248953 -0.007211495 -0.002800484 0.999943793
1773244925.265841 -0.009115016 0.013266668 0.190358102 -0.006768904 -0.007230705 -0.002596524 0.999947548
1773244925.294606 -0.007657911 0.013722614 0.187830985 -0.006144841 -0.007597415 -0.002858778 0.999948144
1773244925.333160 -0.007422037 0.013936436 0.189226940 -0.005880579 -0.007721908 -0.002871218 0.999948800
1773244925.361445 -0.008857601 0.013829288 0.190734938 -0.006308460 -0.006694164 -0.002981875 0.999953270
1773244925.394148 -0.008984728 0.013590346 0.191714972 -0.006531127 -0.006419692 -0.003032931 0.999953449
1773244925.433952 -0.010726733 0.013783501 0.192895129 -0.005903849 -0.005139833 -0.004104070 0.999960899
1773244925.461932 -0.010568255 0.013794774 0.194457963 -0.006920576 -0.004919537 -0.002477859 0.999960840
1773244925.500015 -0.009100759 0.014035328 0.195929289 -0.006188239 -0.005900934 -0.002990940 0.999958932
1773244925.527441 -0.009065549 0.015055148 0.197501913 -0.006266182 -0.005561685 -0.002796314 0.999960959
1773244925.566585 -0.008997701 0.016180690 0.199715331 -0.004696141 -0.005210476 -0.004296538 0.999966145
1773244925.594101 -0.008692222 0.015915919 0.200851828 -0.005508758 -0.005220098 -0.003001805 0.999966681
1773244925.626814 -0.006724530 0.015656842 0.203432545 -0.005986805 -0.006219201 -0.003202256 0.999957621
1773244925.668713 -0.004806112 0.015378242 0.205597639 -0.005928013 -0.007314730 -0.002958946 0.999951243
1773244925.694991 -0.009528955 0.015326988 0.204836875 -0.005958342 -0.004030331 -0.003207785 0.999969006
1773244925.733066 -0.013019340 0.017521018 0.204803601 -0.004250849 -0.001402615 -0.003878452 0.999982417
1773244925.762004 -0.013392511 0.016919080 0.206445292 -0.005077943 -0.000846357 -0.003351066 0.999981105
1773244925.795174 -0.014168971 0.018191421 0.207825169 -0.004524838 -0.000138403 -0.003417064 0.999983907
1773244925.833846 -0.014498169 0.017410090 0.208651170 -0.005056156 0.000407135 -0.003863788 0.999979675
1773244925.862070 -0.016318033 0.018234354 0.209432840 -0.004906254 0.001751204 -0.003374802 0.999980748
1773244925.902140 -0.009864000 0.017585682 0.213125229 -0.005314096 -0.002166978 -0.003442153 0.999977589
1773244925.928654 -0.009450738 0.016654063 0.215326682 -0.006254604 -0.002372862 -0.003577420 0.999971211
1773244925.967929 -0.014775671 0.019044895 0.215283766 -0.004836402 0.001465793 -0.004066704 0.999978960
1773244925.995891 -0.010649999 0.017183721 0.218182594 -0.006541446 -0.001161697 -0.003226415 0.999972701
1773244926.028889 -0.010586319 0.017766109 0.219836548 -0.006021042 -0.000816166 -0.003981315 0.999973595
1773244926.068094 -0.009839200 0.018136853 0.221353441 -0.006186908 -0.000991636 -0.003383579 0.999974668
1773244926.094184 -0.011284314 0.017288588 0.222145349 -0.007256269 0.000359625 -0.003422405 0.999967754
1773244926.134429 -0.011676622 0.016874004 0.223185837 -0.008070202 0.000889232 -0.002889474 0.999962866
1773244926.161818 -0.011069621 0.017430607 0.225178525 -0.007381659 0.000973687 -0.004041835 0.999964118
1773244926.195786 -0.010995113 0.018677823 0.227362782 -0.006939116 0.001365553 -0.003807022 0.999967754
1773244926.235411 -0.010129613 0.018630330 0.228851467 -0.007161593 0.000863419 -0.003077924 0.999969244
1773244926.262279 -0.011938003 0.019195220 0.229730099 -0.007044033 0.002998634 -0.003722470 0.999963760
1773244926.302267 -0.012304666 0.019448815 0.231197044 -0.006792230 0.003771360 -0.003945139 0.999962032
1773244926.328305 -0.014866695 0.019788109 0.231671244 -0.006649395 0.005848253 -0.004392264 0.999951124
1773244926.367781 -0.012442224 0.019620238 0.234066024 -0.006922861 0.004557552 -0.003572690 0.999959230
1773244926.395651 -0.013128672 0.019457560 0.234534085 -0.006952879 0.005464761 -0.003963080 0.999953032
1773244926.428695 -0.011083672 0.019479504 0.237901077 -0.007190617 0.004941158 -0.004171939 0.999953210
1773244926.468499 -0.010553036 0.020641921 0.239449307 -0.006403157 0.005195493 -0.003977913 0.999958098
1773244926.496357 -0.011476218 0.020136770 0.239996627 -0.007351324 0.006007821 -0.003897980 0.999947309
1773244926.534565 -0.010952279 0.019770727 0.241610110 -0.007650561 0.006415148 -0.003639905 0.999943495
1773244926.561749 -0.010931728 0.018738847 0.243112445 -0.008602787 0.006787803 -0.003204935 0.999934793
1773244926.595843 -0.011389445 0.018908421 0.243901804 -0.008548026 0.007545126 -0.003624205 0.999928415
1773244926.635819 -0.011261092 0.021383913 0.245359138 -0.006572025 0.007920893 -0.004719107 0.999935865
1773244926.661661 -0.010108205 0.022272814 0.246796429 -0.006507929 0.007509017 -0.004052286 0.999942422
1773244926.703885 -0.010855319 0.022435395 0.247885734 -0.006015194 0.008434663 -0.004923558 0.999934196
1773244926.729874 -0.010501109 0.021942582 0.248003811 -0.006582675 0.008624407 -0.004668643 0.999930203
1773244926.769273 -0.010772971 0.021376327 0.249340549 -0.007187874 0.009425680 -0.005011925 0.999917209
1773244926.796479 -0.010027906 0.022227712 0.250469208 -0.007056881 0.009326528 -0.004352425 0.999922097
1773244926.829724 -0.010297885 0.022592682 0.251724571 -0.006919906 0.009987840 -0.004643839 0.999915361
1773244926.871011 -0.012899285 0.021534303 0.251785517 -0.007978301 0.012091956 -0.004314093 0.999885738
1773244926.896660 -0.012053790 0.023498405 0.253700435 -0.006346235 0.011996127 -0.005768755 0.999891281
1773244926.936391 -0.010586451 0.023415901 0.255040467 -0.006558114 0.011584627 -0.005185994 0.999897897
1773244926.963189 -0.008810149 0.023703992 0.256929636 -0.006496138 0.010889182 -0.005815495 0.999902666
1773244926.995986 -0.010435998 0.023753906 0.258380353 -0.006809388 0.012656981 -0.005130971 0.999883533
1773244927.035389 -0.010465487 0.023690108 0.258899122 -0.006823577 0.013326482 -0.005674660 0.999871790
1773244927.063300 -0.010706475 0.023090865 0.260037959 -0.008086535 0.013982278 -0.005411880 0.999854863
1773244927.102256 -0.010885516 0.023432240 0.261328042 -0.007561820 0.014531693 -0.005632911 0.999849916
1773244927.130409 -0.011044795 0.023283921 0.263095796 -0.008234344 0.014814864 -0.004799983 0.999844790
1773244927.169654 -0.010901352 0.023851167 0.264828563 -0.007701048 0.015660185 -0.005577015 0.999832153
1773244927.196512 -0.010715317 0.024081009 0.266598970 -0.007701586 0.016047755 -0.005674621 0.999825418
1773244927.230212 -0.011932704 0.023993690 0.267233878 -0.008043720 0.017685290 -0.006074399 0.999792755
1773244927.270115 -0.012240487 0.025281383 0.268197715 -0.007111404 0.018726839 -0.006642750 0.999777257
1773244927.295514 -0.009284091 0.026620293 0.271513551 -0.006644251 0.017971698 -0.006449488 0.999795616
1773244927.336649 -0.009247559 0.026130797 0.273743570 -0.006827090 0.019119261 -0.006250966 0.999774337
1773244927.363415 -0.007641927 0.025813010 0.276070118 -0.007613482 0.018884767 -0.005630306 0.999776781
1773244927.398192 -0.010790210 0.027093867 0.276015222 -0.006468005 0.021681724 -0.006718253 0.999721408
1773244927.439633 -0.010639828 0.026824050 0.277038127 -0.007003237 0.022267055 -0.007135221 0.999702036
1773244927.464011 -0.011053836 0.026951713 0.278829277 -0.007050730 0.023204377 -0.007179590 0.999680042
1773244927.504699 -0.011145948 0.027119715 0.280333012 -0.007141868 0.024256779 -0.007198565 0.999654293
1773244927.531094 -0.011408148 0.026800934 0.281879604 -0.007638649 0.025151828 -0.006900542 0.999630570
1773244927.569275 -0.011228277 0.026940530 0.283846200 -0.008362938 0.025640571 -0.006281129 0.999616504
1773244927.597591 -0.011417846 0.026838625 0.285158157 -0.008542545 0.026202945 -0.006671475 0.999597847
1773244927.629889 -0.009292310 0.027835451 0.286045045 -0.007877986 0.025310112 -0.006787096 0.999625564
1773244927.670345 -0.009274154 0.027861515 0.287226290 -0.007889438 0.025570845 -0.006959441 0.999617636
1773244927.701362 -0.009350679 0.027930565 0.288149118 -0.007782525 0.026011629 -0.006761924 0.999608457
1773244927.736593 -0.009485727 0.027926058 0.290127635 -0.008200574 0.026727840 -0.006804622 0.999585927
1773244927.764731 -0.009340541 0.029758874 0.291997671 -0.006711488 0.026963338 -0.007598116 0.999585032
1773244927.797752 -0.010060310 0.030494431 0.292802602 -0.006572773 0.027353866 -0.008127135 0.999571145
1773244927.837488 -0.008963922 0.030585650 0.295070410 -0.006165235 0.026901882 -0.008428367 0.999583542
1773244927.863661 -0.008590456 0.029270235 0.296669394 -0.007880850 0.027181551 -0.006997680 0.999574900
1773244927.905402 -0.007436072 0.029222513 0.298649430 -0.008113685 0.026566844 -0.006707382 0.999591589
1773244927.930324 -0.008403797 0.029274708 0.299834847 -0.008033314 0.027239691 -0.006794690 0.999573529
1773244927.969797 -0.007865876 0.029625986 0.301151454 -0.008221165 0.026712058 -0.006199264 0.999590099
1773244927.997470 -0.007534551 0.029441096 0.302478433 -0.008196332 0.026195770 -0.006370989 0.999602914
1773244928.031236 -0.007907148 0.029152408 0.303819865 -0.008735120 0.026134025 -0.006292168 0.999600470
1773244928.070419 -0.010806104 0.029821232 0.303048015 -0.008008533 0.027701752 -0.006817536 0.999560893
1773244928.098017 -0.011398751 0.031466804 0.303493530 -0.006792091 0.027435377 -0.007608240 0.999571562
1773244928.137264 -0.008777790 0.030676063 0.307035446 -0.007536839 0.025517253 -0.007056752 0.999621034
1773244928.164533 -0.008116986 0.030337572 0.308403313 -0.007919413 0.024629934 -0.006220155 0.999645889
1773244928.198790 -0.006883363 0.030131828 0.310752302 -0.008319709 0.023558980 -0.006300923 0.999667943
1773244928.237317 -0.009430499 0.031755310 0.310912699 -0.006942349 0.024924897 -0.006877077 0.999641597
1773244928.265878 -0.008459141 0.031571161 0.313192278 -0.007578983 0.023533696 -0.006092255 0.999675751
1773244928.303510 -0.008342854 0.032149114 0.314759940 -0.006795179 0.023414794 -0.006777199 0.999679744
1773244928.331252 -0.009228081 0.031858038 0.314779937 -0.007610257 0.023293635 -0.006208478 0.999680459
1773244928.370277 -0.009239414 0.032386180 0.316117942 -0.006850197 0.022888478 -0.006650554 0.999692440
1773244928.398525 -0.009486955 0.032385238 0.317543656 -0.007068885 0.022486368 -0.006163466 0.999703169
1773244928.431101 -0.010668652 0.032555133 0.318462223 -0.007141374 0.022585288 -0.005785368 0.999702692
1773244928.470354 -0.012801662 0.033423763 0.319209248 -0.006174369 0.023805158 -0.006639615 0.999675512
1773244928.497935 -0.012861287 0.035324365 0.320345581 -0.005345818 0.023067368 -0.006571723 0.999697983
1773244928.537928 -0.011905087 0.034482505 0.323230088 -0.005983195 0.021838209 -0.007183049 0.999717832
1773244928.565304 -0.012719356 0.033723902 0.323535919 -0.006381846 0.022372512 -0.006118851 0.999710619
1773244928.598506 -0.013654783 0.035748571 0.324373960 -0.005017736 0.022651648 -0.007242080 0.999704599
1773244928.637797 -0.010154614 0.033856422 0.328087807 -0.006538149 0.019995524 -0.006570051 0.999757111
1773244928.664716 -0.008958213 0.033988383 0.330455452 -0.006801579 0.019064961 -0.006002677 0.999777079
1773244928.703484 -0.011006758 0.034542862 0.331032366 -0.006252326 0.020158771 -0.007058984 0.999752343
1773244928.732337 -0.012811276 0.034833152 0.331413239 -0.005941539 0.020840609 -0.007387438 0.999737859
1773244928.770564 -0.011497382 0.034976915 0.334491313 -0.006117581 0.019919155 -0.007066502 0.999757886
1773244928.798018 -0.011397740 0.035169508 0.335518658 -0.006446680 0.018953267 -0.005363673 0.999785185
1773244928.831309 -0.010587801 0.035231873 0.336978167 -0.005983594 0.018010208 -0.005947479 0.999802172
1773244928.873024 -0.011842031 0.035925835 0.338257551 -0.006017298 0.018588146 -0.005880287 0.999791801
1773244928.898128 -0.013061684 0.035749841 0.339135885 -0.006401381 0.019099439 -0.005801762 0.999780238
1773244928.939198 -0.013519318 0.035708711 0.340447098 -0.006636825 0.018992577 -0.005159685 0.999784291
1773244928.966029 -0.012198430 0.035550520 0.342882425 -0.007035026 0.017970683 -0.004815855 0.999802172
1773244928.998130 -0.011757039 0.037052911 0.345107079 -0.005828547 0.017345916 -0.004874615 0.999820650
1773244929.037556 -0.012315891 0.037298348 0.346041441 -0.005579566 0.017486604 -0.005335692 0.999817252
1773244929.065131 -0.012875615 0.035841335 0.346942455 -0.006833615 0.017688392 -0.004420262 0.999810398
1773244929.104743 -0.013402679 0.035064269 0.347907126 -0.007342001 0.017698728 -0.004486005 0.999806345
1773244929.132738 -0.013091964 0.035613853 0.350680023 -0.006886368 0.017240997 -0.005021945 0.999815047
1773244929.171212 -0.012561064 0.036523443 0.351919949 -0.006607148 0.016470432 -0.004856629 0.999830723
1773244929.197986 -0.012358470 0.038646486 0.354256004 -0.004488914 0.016253520 -0.006094635 0.999839246
1773244929.232007 -0.011864431 0.039008159 0.355386376 -0.004798938 0.015682377 -0.006062093 0.999847114
1773244929.271669 -0.013389725 0.039144404 0.356590748 -0.004427340 0.016630366 -0.005655057 0.999835908
1773244929.299568 -0.014809643 0.038010396 0.357507288 -0.005417542 0.017483160 -0.005131572 0.999819279
1773244929.338517 -0.015465199 0.036279049 0.357861847 -0.007508097 0.017799506 -0.005053371 0.999800622
1773244929.365995 -0.015726041 0.036060695 0.359071344 -0.007677738 0.017632548 -0.004006410 0.999807000
1773244929.399217 -0.015598887 0.036662024 0.361830354 -0.006940140 0.017596174 -0.004310463 0.999811769
1773244929.437897 -0.015194977 0.036464274 0.362599075 -0.007235524 0.017395191 -0.004396316 0.999812782
1773244929.465447 -0.014049693 0.036842808 0.364223927 -0.007075979 0.016529927 -0.004271761 0.999829173
1773244929.504981 -0.014517663 0.038210191 0.365698189 -0.006505033 0.016735498 -0.004307076 0.999829531
1773244929.531617 -0.016370805 0.043367729 0.366969079 -0.002766686 0.017987506 -0.005072443 0.999821484
1773244929.572858 -0.015975354 0.042541407 0.367958456 -0.003887169 0.017590046 -0.004729751 0.999826550
1773244929.599950 -0.015465747 0.043763936 0.370196968 -0.003183983 0.017223051 -0.004691164 0.999835610
1773244929.632654 -0.015936632 0.043507926 0.372397482 -0.003221412 0.017348973 -0.005176083 0.999830902
1773244929.673598 -0.015205817 0.044929765 0.373567998 -0.002643401 0.016391488 -0.005269022 0.999848306
1773244929.708510 -0.015672153 0.042855699 0.375277549 -0.004209226 0.016895266 -0.005255910 0.999834597
1773244929.738236 -0.014054646 0.041782059 0.377027839 -0.004790028 0.015359876 -0.004687554 0.999859571
1773244929.766448 -0.014630192 0.041926369 0.378244907 -0.004812568 0.015334501 -0.004960828 0.999858558
1773244929.799788 -0.014334895 0.042450566 0.379950017 -0.004742377 0.015076617 -0.004765718 0.999863744
1773244929.839324 -0.016179129 0.042778384 0.380660057 -0.004363286 0.016094990 -0.005583073 0.999845386
1773244929.866434 -0.016381130 0.043225549 0.381649196 -0.004037094 0.016398160 -0.004596632 0.999846816
1773244929.906535 -0.015703412 0.042533759 0.383276135 -0.004561090 0.015572897 -0.004801360 0.999856830
1773244929.933465 -0.015399372 0.042395156 0.385458469 -0.005117852 0.015183064 -0.004545294 0.999861300
1773244929.966623 -0.016168892 0.043213405 0.387098759 -0.004548434 0.015942302 -0.005618721 0.999846756
1773244930.005517 -0.016769245 0.042664118 0.387714744 -0.005343756 0.016035028 -0.004700808 0.999846101
1773244930.033748 -0.017167216 0.041981079 0.389444113 -0.005930460 0.016151618 -0.004670406 0.999841034
1773244930.072421 -0.017181821 0.041687604 0.390961885 -0.006211602 0.015908236 -0.004471036 0.999844193
1773244930.100659 -0.016780764 0.043536447 0.392362505 -0.004811841 0.015476787 -0.004574724 0.999858201
1773244930.139629 -0.016792795 0.043393783 0.394162804 -0.005126251 0.015471443 -0.004885016 0.999855220
1773244930.166692 -0.015820634 0.042612389 0.395732075 -0.005742656 0.014712078 -0.004335668 0.999865890
1773244930.199698 -0.015611102 0.043788973 0.397015810 -0.005409306 0.014292176 -0.004349858 0.999873757
1773244930.239964 -0.016615849 0.044111148 0.397630841 -0.005334886 0.014896848 -0.004148043 0.999866188
1773244930.266624 -0.016015157 0.043896735 0.399592698 -0.005880335 0.014148355 -0.004266309 0.999873519
1773244930.307480 -0.017203905 0.044678580 0.399840206 -0.005269060 0.014782476 -0.004659070 0.999866009
1773244930.333605 -0.017018922 0.045716409 0.400562704 -0.004259533 0.014327152 -0.004565481 0.999877870
1773244930.372714 -0.018419884 0.045406543 0.401405007 -0.004503330 0.015582574 -0.004458182 0.999858439
1773244930.400496 -0.019225795 0.046209283 0.403126836 -0.003870688 0.015942052 -0.004531825 0.999855101
1773244930.433776 -0.020250203 0.046508919 0.403244019 -0.003819981 0.016535934 -0.004655386 0.999845147
1773244930.472832 -0.016231038 0.046220247 0.407832325 -0.004104175 0.014029490 -0.005379551 0.999878645
1773244930.500018 -0.016971786 0.045405686 0.408477336 -0.004944831 0.014849043 -0.004963361 0.999865174
1773244930.540120 -0.016208328 0.046381723 0.410549551 -0.004097840 0.014864902 -0.005308351 0.999866962
1773244930.566081 -0.017272498 0.047877699 0.411358595 -0.003312386 0.016082436 -0.005544438 0.999849796
1773244930.601154 -0.016447477 0.047133468 0.412698358 -0.003752547 0.015846834 -0.005291377 0.999853373
1773244930.639521 -0.016921442 0.045739174 0.414707571 -0.005302013 0.017161762 -0.004663035 0.999827802
1773244930.667353 -0.017034952 0.045328829 0.415783226 -0.005466122 0.017663278 -0.004615693 0.999818325
1773244930.707236 -0.015822425 0.046608362 0.416553825 -0.004755253 0.016459001 -0.004798556 0.999841690
1773244930.734886 -0.017334513 0.047251608 0.417026371 -0.004175520 0.017441956 -0.005643250 0.999823213
1773244930.768158 -0.016892001 0.047244586 0.418658257 -0.004407934 0.016996339 -0.004680145 0.999834895
1773244930.807529 -0.017197780 0.047691852 0.419981092 -0.003746676 0.016951164 -0.005177190 0.999835908
1773244930.834210 -0.017038099 0.046963327 0.421798229 -0.004642475 0.016785227 -0.005102090 0.999835312
1773244930.875032 -0.017764674 0.047288373 0.422160566 -0.004662437 0.016830634 -0.005042651 0.999834776
1773244930.901152 -0.016933585 0.048962258 0.424442768 -0.003660878 0.016456034 -0.004777720 0.999846458
1773244930.948436 -0.016442623 0.047227681 0.425742716 -0.005433970 0.015707510 -0.004022854 0.999853790
1773244930.968775 -0.016793391 0.047180779 0.427231908 -0.005194117 0.016191540 -0.004114361 0.999846935
1773244931.000947 -0.015703294 0.047375765 0.429230094 -0.005434843 0.014833121 -0.003948953 0.999867439
1773244931.039960 -0.016087776 0.047771562 0.430384099 -0.005292084 0.015087256 -0.004240681 0.999863207
1773244931.067771 -0.017192438 0.047820996 0.430317760 -0.005431044 0.015729394 -0.003704319 0.999854684
1773244931.107849 -0.016605232 0.048948348 0.433006406 -0.004909674 0.015768144 -0.004140823 0.999855042
1773244931.135105 -0.016583916 0.049038664 0.433490843 -0.004854566 0.015362193 -0.004547065 0.999859869
1773244931.168327 -0.017163575 0.048081756 0.434770018 -0.006008401 0.015529600 -0.004342004 0.999851942
1773244931.209255 -0.016398147 0.049530081 0.435498863 -0.004685538 0.015139423 -0.004284604 0.999865234
1773244931.234838 -0.016325491 0.050322667 0.436721325 -0.004186065 0.015188485 -0.005294091 0.999861896
1773244931.272989 -0.016856661 0.048834506 0.437390625 -0.005556135 0.015474607 -0.003529409 0.999858618
1773244931.301023 -0.016995773 0.048914596 0.437589318 -0.005609579 0.015833085 -0.003961079 0.999851048
1773244931.344387 -0.016882081 0.047978751 0.439208210 -0.006342297 0.015880981 -0.004341755 0.999844372
1773244931.368306 -0.017003551 0.045569707 0.440768331 -0.008705460 0.016033061 -0.002489399 0.999830484
1773244931.403054 -0.016770599 0.047205336 0.441363811 -0.007213662 0.016157763 -0.003257428 0.999838114
1773244931.441310 -0.016548540 0.048206236 0.443576097 -0.006825746 0.016183350 -0.003886687 0.999838173
1773244931.468531 -0.017453846 0.050878409 0.444458693 -0.004463872 0.017605605 -0.004203386 0.999826193
1773244931.507484 -0.017521570 0.051406845 0.445526749 -0.004178884 0.018025668 -0.004842428 0.999817073
1773244931.534997 -0.016465178 0.051840343 0.447342694 -0.003907497 0.017956058 -0.004726293 0.999819994
1773244931.568600 -0.016557273 0.051428415 0.449102998 -0.004689105 0.018990563 -0.004326513 0.999799311
1773244931.607488 -0.017032877 0.052392919 0.449857593 -0.003651798 0.020155335 -0.005040976 0.999777496
1773244931.635663 -0.017951494 0.052432716 0.450901151 -0.003887403 0.021875933 -0.005548256 0.999737740
1773244931.674969 -0.018937018 0.053569932 0.451936245 -0.002945214 0.023308923 -0.006005175 0.999705911
1773244931.702428 -0.018016001 0.052875914 0.453223765 -0.003777176 0.023528859 -0.006077609 0.999697566
1773244931.741488 -0.016928403 0.053245507 0.455326080 -0.003636662 0.024062373 -0.005873343 0.999686599
1773244931.768735 -0.014761796 0.052256681 0.458029211 -0.004905704 0.023409119 -0.005532835 0.999698639
1773244931.802331 -0.014103578 0.052334599 0.459508508 -0.004567738 0.023800787 -0.005116996 0.999693155
1773244931.841752 -0.014014680 0.052901238 0.461377680 -0.004267120 0.024739407 -0.005879859 0.999667525
1773244931.867573 -0.016335340 0.054830469 0.461036325 -0.002783532 0.027203973 -0.006990914 0.999601603
1773244931.908853 -0.016942410 0.054768745 0.462399215 -0.002993461 0.028578319 -0.006580004 0.999565423
1773244931.935939 -0.017078707 0.056053098 0.463360161 -0.002007956 0.029321242 -0.008398198 0.999532759
1773244931.977978 -0.016429661 0.055011414 0.465311706 -0.003370354 0.029755013 -0.007136323 0.999526024
1773244932.002146 -0.016130378 0.054815948 0.466685772 -0.003282694 0.030558622 -0.007530945 0.999499202
1773244932.034839 -0.016924798 0.055462115 0.467475146 -0.003202309 0.032062672 -0.007470747 0.999452770
1773244932.074455 -0.015313625 0.056037452 0.469970256 -0.002839060 0.031648695 -0.008212849 0.999461293
1773244932.102627 -0.012384387 0.053626068 0.473278880 -0.005458665 0.030427361 -0.006004279 0.999504030
1773244932.142255 -0.014499225 0.054873496 0.473614544 -0.004556123 0.032934964 -0.006948769 0.999422967
1773244932.168863 -0.016475592 0.055404209 0.473703861 -0.003913136 0.035122443 -0.006976214 0.999351025
1773244932.203954 -0.015349232 0.056129605 0.474498630 -0.003670707 0.034687161 -0.008146471 0.999358296
1773244932.249994 -0.013962153 0.054550797 0.477160960 -0.005534286 0.034454148 -0.007356542 0.999363899
1773244932.269934 -0.014722992 0.056755714 0.478355736 -0.003454213 0.035427000 -0.008244309 0.999332309
1773244932.309427 -0.014381953 0.056516312 0.479714632 -0.003746134 0.035706319 -0.007600719 0.999326408
1773244932.336782 -0.013993461 0.058083568 0.481307000 -0.002966830 0.036284555 -0.008876082 0.999297678
1773244932.378246 -0.012675781 0.056704767 0.483808905 -0.004121669 0.036041889 -0.007306296 0.999315083
1773244932.404588 -0.013045710 0.056762818 0.484959424 -0.004676799 0.036810618 -0.006473985 0.999290347
1773244932.436956 -0.013501223 0.057001352 0.485886753 -0.004506045 0.037647944 -0.007567734 0.999252260
1773244932.476986 -0.014314607 0.057583347 0.486725271 -0.004284660 0.038564581 -0.007961934 0.999215245
1773244932.502823 -0.013477292 0.058552593 0.488658130 -0.003334517 0.038475230 -0.009270847 0.999211013
1773244932.543288 -0.013697997 0.057858568 0.489464104 -0.004337125 0.039147127 -0.008058631 0.999191582
1773244932.569984 -0.015459195 0.057650853 0.489984274 -0.004727872 0.040828139 -0.007525450 0.999126673
1773244932.603168 -0.014187273 0.057856575 0.492134959 -0.004603385 0.040411130 -0.007512409 0.999144316
1773244932.643013 -0.014657032 0.058342926 0.493783623 -0.004512553 0.041271646 -0.007673579 0.999108315
1773244932.670153 -0.013754018 0.058491711 0.495526493 -0.004313686 0.040808767 -0.007803108 0.999127209
1773244932.709546 -0.011632234 0.058264114 0.498438895 -0.004872060 0.039839502 -0.007576709 0.999165535
1773244932.735752 -0.013749629 0.059729263 0.498694688 -0.003569869 0.041491777 -0.008674076 0.999094844
1773244932.774749 -0.011902489 0.058802605 0.501687825 -0.004695219 0.040636022 -0.007330622 0.999136090
1773244932.803298 -0.013468809 0.060003206 0.501830101 -0.003834378 0.041698638 -0.008445858 0.999087214
1773244932.836532 -0.013979089 0.060037646 0.503109932 -0.004076339 0.042045671 -0.008076183 0.999074757
1773244932.876600 -0.014718216 0.060412813 0.504447222 -0.003774242 0.042289622 -0.007784096 0.999067903
1773244932.902254 -0.014244225 0.060680278 0.506199419 -0.003412071 0.041287988 -0.008181719 0.999107957
1773244932.943737 -0.014479294 0.060865182 0.507772386 -0.003923221 0.040799543 -0.007963069 0.999127865
1773244932.977918 -0.014231171 0.060426991 0.509682417 -0.004316657 0.040595479 -0.007071460 0.999141335
1773244933.002860 -0.013767757 0.061281875 0.510995030 -0.004225472 0.039237902 -0.008126556 0.999187887
1773244933.041822 -0.013826676 0.061475351 0.512447596 -0.004054452 0.038157273 -0.007199729 0.999237537
1773244933.068991 -0.012891132 0.062052656 0.514981389 -0.003656663 0.036202144 -0.007740944 0.999307811
1773244933.109372 -0.011999398 0.061668735 0.516803384 -0.004519848 0.034798101 -0.007442282 0.999356389
1773244933.136477 -0.012599632 0.062114719 0.517745972 -0.004529319 0.033832982 -0.006892619 0.999393463
1773244933.176216 -0.014090691 0.062490750 0.518938661 -0.004196487 0.033559516 -0.007061221 0.999402940
1773244933.203699 -0.011986203 0.063340575 0.521854877 -0.003730366 0.031222316 -0.008129510 0.999472439
1773244933.237526 -0.011628540 0.063114896 0.522847950 -0.003916629 0.029536691 -0.007234287 0.999529839
1773244933.277181 -0.012376290 0.063031726 0.523951769 -0.003720999 0.028778393 -0.006433753 0.999558151
1773244933.302725 -0.012398014 0.062857941 0.524503946 -0.004018957 0.027649634 -0.007385325 0.999582291
1773244933.343745 -0.013308056 0.062113240 0.525940835 -0.004947234 0.027188176 -0.005636099 0.999602199
1773244933.370249 -0.014615986 0.061719801 0.527045012 -0.005325147 0.027094895 -0.005669837 0.999602616
1773244933.404004 -0.014855953 0.062638313 0.528067172 -0.004563147 0.025678858 -0.006121524 0.999641061
1773244933.443002 -0.015117997 0.061423182 0.529531837 -0.005394819 0.025021136 -0.006052592 0.999654055
1773244933.470993 -0.015459811 0.060975470 0.530205488 -0.005813344 0.023901284 -0.005532370 0.999682128
1773244933.510156 -0.016638601 0.060207911 0.531432807 -0.006248134 0.023575380 -0.005235338 0.999688804
1773244933.537788 -0.017166246 0.060802191 0.531647384 -0.005711489 0.022579735 -0.006072474 0.999710262
1773244933.576199 -0.019209512 0.060152642 0.533398867 -0.006247459 0.023038564 -0.006317559 0.999695063
1773244933.604008 -0.020420471 0.059694428 0.534650922 -0.007102264 0.022360949 -0.005844673 0.999707639
1773244933.637968 -0.021056255 0.059370916 0.534947217 -0.007545605 0.021678928 -0.005399577 0.999721944
1773244933.678212 -0.018383503 0.061745927 0.539029598 -0.005702697 0.018418111 -0.005569617 0.999798596
1773244933.704532 -0.018967390 0.061481055 0.540278733 -0.006713512 0.017668640 -0.004841985 0.999809623
1773244933.744820 -0.019475514 0.063627392 0.542093337 -0.004976191 0.016833905 -0.004992496 0.999833465
1773244933.771575 -0.021339539 0.064715423 0.542918742 -0.004493653 0.017455172 -0.005662080 0.999821484
1773244933.805061 -0.022822173 0.065476775 0.544456303 -0.004106476 0.017651396 -0.005598260 0.999820113
1773244933.843364 -0.022699777 0.064997450 0.544481218 -0.004462803 0.017087882 -0.006432967 0.999823332
1773244933.870141 -0.024208780 0.065545946 0.546833515 -0.004225000 0.017761324 -0.005409593 0.999818683
1773244933.911223 -0.022857910 0.063453332 0.550225198 -0.006496900 0.016757715 -0.004442780 0.999828577
1773244933.938288 -0.023009682 0.061938543 0.550255895 -0.007257386 0.017050780 -0.004918289 0.999816179
1773244933.977334 -0.021646947 0.061564263 0.553795874 -0.008415409 0.016544640 -0.004430641 0.999817908
1773244934.005025 -0.021483563 0.062807955 0.554995000 -0.006744913 0.016798848 -0.005392010 0.999821603
1773244934.037663 -0.020769019 0.063458547 0.556686699 -0.007053071 0.016625976 -0.004540106 0.999826610
1773244934.077333 -0.020402269 0.064924739 0.558341086 -0.005805679 0.016195698 -0.005108529 0.999838948
1773244934.110665 -0.020436777 0.066566311 0.560900271 -0.004604235 0.015858516 -0.006542945 0.999842227
1773244934.143857 -0.020073395 0.067238033 0.562279224 -0.004277453 0.015928252 -0.006546243 0.999842584
1773244934.172141 -0.020561121 0.066857994 0.563220382 -0.004799237 0.016395066 -0.005718326 0.999837697
1773244934.205319 -0.020030864 0.066535249 0.564507127 -0.005067164 0.015778868 -0.006219066 0.999843359
1773244934.245339 -0.019127101 0.065045312 0.567563832 -0.007129835 0.015513814 -0.004999082 0.999841750
1773244934.271108 -0.018102292 0.062883906 0.569745123 -0.009164712 0.014923134 -0.004272736 0.999837518
1773244934.311436 -0.018380009 0.061979312 0.571059942 -0.009678075 0.015160903 -0.004349767 0.999828756
1773244934.337925 -0.019665327 0.064780816 0.572403014 -0.008085654 0.016170461 -0.005032384 0.999823868
1773244934.379245 -0.017549166 0.065177456 0.574314594 -0.007696593 0.014187831 -0.004967130 0.999857366
1773244934.405516 -0.015845437 0.064378619 0.576029778 -0.008339211 0.012966771 -0.004468156 0.999871194
1773244934.438668 -0.013990459 0.065464772 0.578564584 -0.007761104 0.011420598 -0.005115713 0.999891579
1773244934.478871 -0.014839629 0.063320450 0.579424918 -0.009670880 0.012006911 -0.003324415 0.999875605
1773244934.505576 -0.018551439 0.067308351 0.579055429 -0.006577213 0.014430954 -0.005793115 0.999857426
1773244934.545054 -0.020699497 0.065290414 0.580535948 -0.007825031 0.016501250 -0.004875617 0.999821365
1773244934.573306 -0.021165026 0.065423466 0.582055509 -0.008383302 0.017176613 -0.005214905 0.999803722
1773244934.605810 -0.020203514 0.067527354 0.583937347 -0.006644902 0.016411789 -0.005796302 0.999826431
1773244934.645000 -0.020632632 0.065306127 0.585031688 -0.008989482 0.017017987 -0.004696010 0.999803782
1773244934.672454 -0.021208027 0.064844102 0.586528838 -0.009988719 0.017281689 -0.004352292 0.999791324
1773244934.711549 -0.020580474 0.066171274 0.588978767 -0.008842317 0.017064335 -0.005174712 0.999801934
1773244934.739344 -0.019960064 0.067268819 0.590971470 -0.008504200 0.016317917 -0.005004229 0.999818146
1773244934.777650 -0.019721411 0.067108676 0.592529237 -0.008824701 0.016047243 -0.004654905 0.999821484
1773244934.805825 -0.019536624 0.067307085 0.594230115 -0.009164155 0.015578480 -0.004503578 0.999826491
1773244934.839460 -0.017873414 0.066422664 0.597359776 -0.010840613 0.013740922 -0.003595708 0.999840379
1773244934.879447 -0.018630549 0.068442412 0.598816693 -0.008701589 0.014187423 -0.005099574 0.999848485
1773244934.905607 -0.018868176 0.068210475 0.600867629 -0.009207351 0.014024801 -0.004399868 0.999849617
1773244934.945752 -0.018934021 0.067893907 0.601269960 -0.009502130 0.014105593 -0.004509179 0.999845207
1773244934.972908 -0.019121956 0.067836531 0.603691936 -0.010200172 0.014178704 -0.003893894 0.999839902
1773244935.006365 -0.019203160 0.067494102 0.604983270 -0.010528737 0.014010464 -0.003796687 0.999839246
1773244935.047724 -0.019370729 0.067396745 0.606896877 -0.010991042 0.014232389 -0.003261561 0.999832988
1773244935.072026 -0.019536629 0.067329854 0.608905971 -0.010951430 0.013666019 -0.004144175 0.999838114
1773244935.112510 -0.019589903 0.067305066 0.609554589 -0.011219600 0.013973245 -0.003958030 0.999831617
1773244935.139586 -0.019835141 0.067310750 0.611778617 -0.012206534 0.013909820 -0.004280211 0.999819577
1773244935.179312 -0.022022136 0.070499845 0.611667335 -0.009287906 0.015290531 -0.005015823 0.999827385
1773244935.205674 -0.022940164 0.070223130 0.613029480 -0.009796727 0.016171815 -0.004773707 0.999809802
1773244935.239441 -0.019073505 0.070172869 0.614664614 -0.010459675 0.012631541 -0.003745519 0.999858499
1773244935.278574 -0.022414798 0.069698609 0.615758896 -0.010932865 0.015579186 -0.003981914 0.999810934
1773244935.306116 -0.022328584 0.070736349 0.617168844 -0.010159798 0.014953716 -0.004300863 0.999827325
1773244935.348035 -0.022612067 0.071501926 0.617979586 -0.009477620 0.014992865 -0.005175275 0.999829292
1773244935.372705 -0.025865808 0.071740896 0.618394375 -0.009076555 0.017343562 -0.005155892 0.999795079
1773244935.406871 -0.023753092 0.070960164 0.620388925 -0.009925698 0.015646139 -0.004547991 0.999817967
1773244935.445857 -0.022054350 0.070826568 0.621948063 -0.010736851 0.014134210 -0.004758564 0.999831140
1773244935.473191 -0.023275146 0.071555272 0.623000443 -0.009833200 0.014583546 -0.005117086 0.999832213
1773244935.514756 -0.023312002 0.072418809 0.624335468 -0.009571403 0.014203344 -0.004448334 0.999843419
1773244935.550698 -0.025437310 0.072169326 0.624899328 -0.009735246 0.015938884 -0.004954272 0.999813318
1773244935.580874 -0.029764909 0.072157994 0.624367714 -0.010221167 0.019439740 -0.003934636 0.999751031
1773244935.606444 -0.023067648 0.072904184 0.628464878 -0.009048373 0.013441500 -0.004540478 0.999858379
1773244935.640406 -0.023252817 0.072988421 0.629441142 -0.009414330 0.013315101 -0.005411409 0.999852359
1773244935.679885 -0.024149198 0.072396040 0.630677164 -0.010291798 0.014092964 -0.004295377 0.999838531
1773244935.707087 -0.023599843 0.074508831 0.632307947 -0.008436576 0.013333738 -0.005378101 0.999861062
1773244935.745763 -0.024436325 0.073790476 0.633347869 -0.009370655 0.013861349 -0.004511339 0.999849856
1773244935.772844 -0.024064543 0.074785300 0.634749651 -0.008292573 0.013169627 -0.005688952 0.999862671
1773244935.807465 -0.024109885 0.074499853 0.636227906 -0.008875901 0.013183150 -0.005201831 0.999860168
1773244935.846978 -0.024649236 0.073620543 0.637437522 -0.009754674 0.013231223 -0.004882002 0.999852955
1773244935.873084 -0.024626613 0.073803276 0.638855875 -0.009870160 0.012867826 -0.005336221 0.999854267
1773244935.911901 -0.024611868 0.073675074 0.640038013 -0.010329169 0.013042804 -0.004978304 0.999849200
1773244935.940805 -0.025144368 0.073345073 0.641281962 -0.010479216 0.013572830 -0.005786127 0.999836206
1773244935.979802 -0.025570182 0.073813096 0.642566979 -0.010208328 0.013724436 -0.005645308 0.999837756
1773244936.007487 -0.025927298 0.073533848 0.643301129 -0.010618621 0.013829819 -0.005489751 0.999832928
1773244936.040168 -0.027071957 0.072598770 0.644731820 -0.011726795 0.014630760 -0.004645106 0.999813378
1773244936.088962 -0.028612468 0.074392647 0.645519078 -0.010266571 0.015537196 -0.005466892 0.999811649
1773244936.108392 -0.027184481 0.074525990 0.647526145 -0.010500949 0.014491942 -0.004831017 0.999828160
1773244936.151924 -0.026022758 0.074160010 0.649582744 -0.011295924 0.013525085 -0.005273578 0.999830842
1773244936.179525 -0.026052801 0.075762853 0.650752783 -0.010085964 0.013195245 -0.005145548 0.999848843
1773244936.218813 -0.023777537 0.076035678 0.652946413 -0.010195335 0.010863340 -0.004772941 0.999877632
1773244936.240618 -0.024037285 0.077228501 0.654540062 -0.009082596 0.010904713 -0.005441398 0.999884486
1773244936.274713 -0.023465086 0.077938147 0.655521810 -0.008934229 0.010054645 -0.005458006 0.999894619
1773244936.312087 -0.023824630 0.076780133 0.657494426 -0.009923412 0.010663943 -0.004603214 0.999883294
1773244936.340709 -0.024923105 0.076792747 0.657976329 -0.010691731 0.011079365 -0.004854187 0.999869645
1773244936.380307 -0.025559228 0.076769032 0.658995748 -0.010350886 0.011481663 -0.005080968 0.999867618
1773244936.408135 -0.026584314 0.076383293 0.660164416 -0.011519893 0.012162271 -0.004588649 0.999849141
1773244936.440072 -0.026864545 0.077749528 0.661153972 -0.010478891 0.012092954 -0.005408461 0.999857306
1773244936.480576 -0.026362918 0.077914640 0.662802517 -0.009844534 0.011858622 -0.005290420 0.999867201
1773244936.507327 -0.029109126 0.077117726 0.663484454 -0.010878820 0.013811766 -0.004583893 0.999834895
1773244936.547657 -0.029110169 0.078981884 0.664252460 -0.008869862 0.013431215 -0.005251682 0.999856651
1773244936.574664 -0.029121267 0.079353034 0.665553927 -0.009133826 0.013359601 -0.004941412 0.999856830
1773244936.613948 -0.026580460 0.077758595 0.668450236 -0.010619399 0.011306418 -0.004912931 0.999867618
1773244936.641452 -0.026178122 0.077207536 0.669384003 -0.011675769 0.010829191 -0.003450232 0.999867260
1773244936.674932 -0.027375150 0.077945337 0.670494258 -0.010758474 0.011698729 -0.004211129 0.999864817
1773244936.714386 -0.028296132 0.076288663 0.672398627 -0.012872764 0.012299623 -0.003872214 0.999834001
1773244936.741773 -0.029218428 0.078712389 0.672299564 -0.010771607 0.012725277 -0.004590081 0.999850512
1773244936.781302 -0.029413437 0.076708324 0.673756361 -0.012799506 0.013011605 -0.004849172 0.999821663
1773244936.807655 -0.029726299 0.075822942 0.674524784 -0.013393117 0.012770312 -0.004854427 0.999816954
1773244936.841767 -0.028680323 0.078922912 0.676834822 -0.010696963 0.011891150 -0.004609458 0.999861419
1773244936.879941 -0.028159577 0.080036454 0.677199602 -0.010494797 0.011108821 -0.003724618 0.999876261
1773244936.908046 -0.028719608 0.080159105 0.679380238 -0.010066990 0.011353278 -0.003930773 0.999877155
1773244936.948505 -0.029746497 0.078255847 0.681019843 -0.012854582 0.011745267 -0.003872965 0.999840856
1773244936.974656 -0.030001493 0.077770129 0.682059944 -0.012418116 0.011840301 -0.003727917 0.999845862
1773244937.014463 -0.030019514 0.076632425 0.683378756 -0.014044883 0.011890965 -0.003804959 0.999823391
1773244937.041101 -0.030130574 0.075811535 0.683986068 -0.015004569 0.011774899 -0.003046633 0.999813437
1773244937.076087 -0.029200479 0.074098185 0.685983360 -0.016495273 0.010506403 -0.002712491 0.999805033
1773244937.115070 -0.027832406 0.077799201 0.688484550 -0.013433124 0.008873534 -0.002950835 0.999866009
1773244937.147351 -0.027351432 0.081410550 0.689292252 -0.009878648 0.008293378 -0.003953860 0.999908984
1773244937.181056 -0.028500617 0.082748629 0.690725029 -0.009032238 0.009114939 -0.003991524 0.999909699
1773244937.208625 -0.028829422 0.083585083 0.691532135 -0.007916509 0.008862836 -0.004696650 0.999918401
1773244937.241206 -0.029306248 0.082941763 0.692264438 -0.009168299 0.009064103 -0.003573793 0.999910533
1773244937.280940 -0.029184438 0.082824983 0.694181561 -0.009167250 0.008742802 -0.003946335 0.999911964
1773244937.308447 -0.029655483 0.083043233 0.694837987 -0.008978826 0.009006433 -0.004467845 0.999909163
1773244937.349207 -0.029336393 0.082827419 0.695747733 -0.009505872 0.008406128 -0.003399763 0.999913692
1773244937.375371 -0.029530177 0.082296349 0.696948051 -0.010158745 0.008311883 -0.003422288 0.999908030
1773244937.414640 -0.029915895 0.084411159 0.698408246 -0.008033087 0.008250357 -0.003877737 0.999926209
1773244937.441683 -0.029505532 0.083624013 0.699004650 -0.009049893 0.007540135 -0.004150566 0.999922037
1773244937.475092 -0.028799014 0.085566320 0.701071203 -0.007243899 0.006570101 -0.003991387 0.999944210
1773244937.514986 -0.030704211 0.083516985 0.701308846 -0.009339566 0.007980283 -0.003995159 0.999916553
1773244937.542714 -0.028859187 0.082377657 0.703447938 -0.010776197 0.005869020 -0.003502010 0.999918580
1773244937.582903 -0.029106764 0.081944570 0.703801692 -0.011549672 0.005850738 -0.003420722 0.999910355
1773244937.608037 -0.029391952 0.082280941 0.705280483 -0.010917673 0.005525433 -0.003579707 0.999918759
1773244937.642612 -0.029025374 0.084212914 0.705853760 -0.009149501 0.004950494 -0.003476304 0.999939859
1773244937.682109 -0.029189352 0.087692559 0.707746387 -0.005921606 0.004709305 -0.003810979 0.999964118
1773244937.709450 -0.029071189 0.087260470 0.708774924 -0.006988304 0.004218511 -0.003385191 0.999960959
1773244937.750133 -0.028323032 0.086028561 0.710360527 -0.007809537 0.003177324 -0.004449474 0.999954581
1773244937.775697 -0.028225496 0.085694633 0.711047471 -0.008573174 0.002785345 -0.003871705 0.999951899
1773244937.816054 -0.028267426 0.085284211 0.712721646 -0.008773063 0.002303144 -0.002957627 0.999954522
1773244937.842053 -0.030195329 0.082180776 0.712424159 -0.012048393 0.003597755 -0.003013600 0.999916375
1773244937.876171 -0.029700365 0.084295034 0.714963615 -0.009844843 0.002659497 -0.003953043 0.999940157
1773244937.916325 -0.029518420 0.083904207 0.715950251 -0.010881594 0.001876680 -0.003184174 0.999933958
1773244937.941772 -0.030164596 0.083909117 0.716661274 -0.010604157 0.002057286 -0.003786561 0.999934494
1773244937.982266 -0.031681564 0.085453093 0.718150914 -0.009475606 0.002831769 -0.003919702 0.999943435
1773244938.009925 -0.031300120 0.089802019 0.719429910 -0.004697098 0.001971750 -0.004248628 0.999978006
1773244938.048275 -0.032885894 0.089287706 0.719736576 -0.005692896 0.003039597 -0.003884034 0.999971628
1773244938.076630 -0.032355443 0.087491058 0.721014619 -0.007596862 0.002327702 -0.004114592 0.999959946
1773244938.109764 -0.031429473 0.085171834 0.723066747 -0.010062423 0.001082584 -0.003230992 0.999943554
1773244938.150010 -0.030582972 0.082461938 0.725270808 -0.012991913 -0.000111005 -0.002414779 0.999912679
1773244938.184223 -0.030796079 0.087839946 0.725415170 -0.007634567 -0.000779508 -0.003384963 0.999964774
1773244938.216513 -0.032644451 0.089673102 0.725760281 -0.005865283 0.001373073 -0.003753684 0.999974787
1773244938.243304 -0.031760771 0.088603653 0.727852702 -0.007545035 -0.000148761 -0.003296764 0.999966085
1773244938.277193 -0.031102473 0.087911889 0.729200006 -0.007566801 -0.001754613 -0.003743518 0.999962866
1773244938.317567 -0.033084061 0.088081025 0.729402721 -0.007861817 -0.000667137 -0.003676039 0.999962151
1773244938.343747 -0.033085693 0.087531656 0.730715871 -0.007968795 -0.001314360 -0.003794048 0.999960184
1773244938.382935 -0.031465087 0.086917862 0.732253492 -0.009509863 -0.003728110 -0.003233921 0.999942601
1773244938.410566 -0.031837590 0.085871689 0.733767092 -0.010464127 -0.004206152 -0.002354881 0.999933660
1773244938.453274 -0.032743238 0.085795954 0.735244691 -0.010724790 -0.004198003 -0.003143457 0.999928713
1773244938.479792 -0.033896208 0.087413661 0.735616088 -0.009576199 -0.003630036 -0.002594229 0.999944150
1773244938.510324 -0.034784406 0.086175740 0.737351298 -0.010486444 -0.003595969 -0.002912548 0.999934316
1773244938.549903 -0.032137595 0.087969810 0.739127696 -0.008980474 -0.007153246 -0.002867475 0.999929965
1773244938.576288 -0.034047130 0.088366233 0.739972293 -0.008748882 -0.006658773 -0.002471599 0.999936521
1773244938.615691 -0.034111291 0.087954685 0.740674794 -0.009349002 -0.007505601 -0.002275711 0.999925554
1773244938.644212 -0.034649689 0.087965928 0.742463827 -0.009146945 -0.008026440 -0.001796480 0.999924362
1773244938.676401 -0.033969309 0.088422440 0.744289100 -0.009404456 -0.009960160 -0.001199411 0.999905467
1773244938.714772 -0.035120033 0.089728147 0.744022131 -0.007422416 -0.010303728 -0.002043513 0.999917269
1773244938.743347 -0.034681916 0.090134352 0.746110499 -0.007562511 -0.011703781 -0.001054027 0.999902368
1773244938.783026 -0.034011517 0.088371165 0.747413754 -0.009167630 -0.013586385 -0.001109272 0.999865055
1773244938.810203 -0.034583677 0.089296341 0.747869253 -0.008149334 -0.014498313 -0.000883363 0.999861300
1773244938.850782 -0.034817703 0.089337938 0.748797596 -0.007877503 -0.015408885 -0.000697501 0.999850035
1773244938.877202 -0.033389706 0.090523526 0.750626802 -0.007191411 -0.018074902 -0.000878621 0.999810398
1773244938.911284 -0.036750264 0.090833418 0.750924885 -0.007093721 -0.016412923 -0.000575343 0.999839962
1773244938.950550 -0.036334652 0.090536237 0.752360761 -0.007514685 -0.018364597 -0.001229038 0.999802351
1773244938.987129 -0.035409525 0.091267265 0.753713250 -0.005985653 -0.020860571 -0.001416622 0.999763489
1773244939.016169 -0.033897430 0.094147429 0.755164742 -0.003455066 -0.024303570 -0.001906535 0.999696851
1773244939.043717 -0.033290457 0.094406217 0.756050169 -0.003030030 -0.026883997 -0.000936801 0.999633491
1773244939.076894 -0.035687938 0.093780257 0.756942689 -0.003946921 -0.026557567 -0.000310514 0.999639452
1773244939.116337 -0.036803134 0.090188287 0.758125246 -0.007861356 -0.027818946 -0.000243734 0.999582052
1773244939.144803 -0.036354616 0.089706674 0.759351134 -0.008471182 -0.030550802 0.000652944 0.999497116
1773244939.183824 -0.035388276 0.093192145 0.761121750 -0.004755078 -0.033872910 0.000435968 0.999414742
1773244939.211498 -0.037558876 0.092707157 0.761822462 -0.005433322 -0.034480844 0.000454946 0.999390483
1773244939.249498 -0.036315694 0.093919002 0.763881862 -0.004604955 -0.038053483 0.000051869 0.999265075
1773244939.277592 -0.036304995 0.094893597 0.764547348 -0.003612493 -0.040896364 0.001054522 0.999156296
1773244939.311603 -0.036796518 0.095385492 0.765909195 -0.003038993 -0.043103870 0.000949907 0.999065518
1773244939.350777 -0.037555434 0.092605665 0.767273068 -0.006710087 -0.045034170 0.002670322 0.998959363
1773244939.379576 -0.037707295 0.092258722 0.768116057 -0.006666471 -0.047450535 0.003009976 0.998846829
1773244939.417128 -0.039380308 0.092118293 0.769449711 -0.007524811 -0.048574179 0.003360471 0.998785555
1773244939.445136 -0.039436586 0.090862222 0.770113766 -0.008916128 -0.051166240 0.004279860 0.998641193
1773244939.477280 -0.038443692 0.090918832 0.771505892 -0.008564553 -0.055087563 0.004172275 0.998436093
1773244939.516560 -0.039634094 0.090574697 0.772395313 -0.009893558 -0.056708645 0.005114500 0.998328626
1773244939.543358 -0.039514039 0.090691417 0.774024606 -0.009363119 -0.059728552 0.005208774 0.998157144
1773244939.583844 -0.039249033 0.091164924 0.774756730 -0.009365516 -0.062877066 0.005999328 0.997959256
1773244939.611719 -0.042797219 0.091418929 0.774253130 -0.008520569 -0.062336769 0.005645334 0.998002827
1773244939.651085 -0.041287497 0.092518181 0.776102960 -0.007996792 -0.066598073 0.006323011 0.997727811
1773244939.677794 -0.041141368 0.091876343 0.777249932 -0.008227799 -0.069448344 0.006428897 0.997530878
1773244939.710922 -0.040730342 0.095682509 0.778342068 -0.004650033 -0.073318079 0.006438490 0.997277021
1773244939.750834 -0.040821277 0.093678191 0.779117703 -0.006503169 -0.076239221 0.007304593 0.997041583
1773244939.778134 -0.039501086 0.090572037 0.780891657 -0.011241854 -0.080725111 0.008054858 0.996640444
1773244939.816467 -0.041220047 0.092399187 0.780691743 -0.008133305 -0.082077093 0.008185329 0.996559203
1773244939.844626 -0.041592494 0.092827752 0.782113254 -0.008231904 -0.085240811 0.008895325 0.996286690
1773244939.878064 -0.041477159 0.092908517 0.782970726 -0.008063582 -0.088850349 0.008935854 0.995972276
1773244939.917594 -0.041705556 0.092715614 0.784238517 -0.007857629 -0.092050530 0.008922883 0.995683372
1773244939.945820 -0.041894108 0.091900244 0.784884512 -0.009463965 -0.094982602 0.010522978 0.995378315
1773244939.985359 -0.041959822 0.091806620 0.786008835 -0.009770873 -0.098728150 0.009827124 0.995017946
1773244940.011508 -0.041717336 0.093008325 0.785699129 -0.008660354 -0.102533124 0.010534554 0.994636118
1773244940.051401 -0.042450510 0.093318000 0.788464189 -0.007845924 -0.105892077 0.010665623 0.994289517
1773244940.079932 -0.044027306 0.094425790 0.788157105 -0.007426376 -0.107944123 0.012180110 0.994054615
1773244940.112483 -0.046715461 0.095376544 0.788909435 -0.006564519 -0.109097928 0.011921131 0.993937850
1773244940.151962 -0.046230853 0.095135160 0.789960265 -0.006674238 -0.113310978 0.012333835 0.993460596
1773244940.178203 -0.045796022 0.095340438 0.790700734 -0.006320343 -0.117859378 0.013290571 0.992921233
1773244940.220313 -0.045824230 0.095568016 0.790756643 -0.005765195 -0.121459514 0.013674391 0.992485464
1773244940.245919 -0.045765400 0.096008718 0.791162908 -0.005640208 -0.125915170 0.014136376 0.991924226
1773244940.280297 -0.044344649 0.096439727 0.793872237 -0.005220227 -0.131927103 0.013649669 0.991151690
1773244940.320815 -0.044053033 0.097463101 0.794588447 -0.004541685 -0.136622012 0.015712885 0.990488231
1773244940.345612 -0.048498288 0.097279735 0.794524789 -0.004823370 -0.135938004 0.015597146 0.990582824
1773244940.385966 -0.050893918 0.096270494 0.794468343 -0.005907391 -0.138488784 0.016152425 0.990214646
1773244940.412945 -0.047415495 0.096378371 0.796750009 -0.005624676 -0.146609217 0.016534183 0.989040315
1773244940.451632 -0.052258149 0.098714173 0.795888305 -0.003181064 -0.146371216 0.016822871 0.989081562
1773244940.480415 -0.052090392 0.098950334 0.797012508 -0.003383355 -0.151180461 0.018053815 0.988335550
1773244940.513542 -0.051032379 0.099664956 0.798876047 -0.003218541 -0.157348737 0.017738936 0.987378538
1773244940.552744 -0.049749345 0.100111455 0.801107228 -0.002671029 -0.164144441 0.017512467 0.986277223
1773244940.578422 -0.049041986 0.101197787 0.802605033 -0.001578379 -0.170105964 0.018185761 0.985256672
1773244940.620089 -0.049059898 0.102494918 0.802887678 0.000057798 -0.174678862 0.018236097 0.984456599
1773244940.646229 -0.051417828 0.100330919 0.801908016 -0.002739438 -0.176853016 0.019392574 0.984042406
1773244940.678666 -0.052746326 0.100097664 0.800613940 -0.002765128 -0.179489136 0.018934527 0.983573854
1773244940.718561 -0.053603575 0.098417625 0.801335573 -0.005025724 -0.183475107 0.020110199 0.982805789
1773244940.746770 -0.054370031 0.097176552 0.802327156 -0.005762595 -0.188082978 0.020021757 0.981932163
1773244940.786009 -0.057204574 0.098261036 0.801246583 -0.004868742 -0.189679638 0.020800810 0.981613576
1773244940.812723 -0.057890952 0.098182842 0.800525784 -0.004884438 -0.194319084 0.021607541 0.980688214
1773244940.852793 -0.058447599 0.096707314 0.800850391 -0.006331784 -0.198814079 0.021807864 0.979774117
1773244940.881459 -0.058771923 0.095088229 0.801606655 -0.008132509 -0.203693584 0.023168081 0.978726745
1773244940.913318 -0.058220208 0.097382046 0.803319514 -0.005615307 -0.210455164 0.024926092 0.977269590
1773244940.952415 -0.058349460 0.098445788 0.804817557 -0.004730534 -0.216291323 0.026044900 0.975969970
1773244940.979782 -0.057500184 0.099318288 0.804448247 -0.004027300 -0.221645519 0.026534500 0.974757910
1773244941.020534 -0.056902975 0.099673010 0.805497766 -0.003495499 -0.228402302 0.026739107 0.973193288
1773244941.047161 -0.055937529 0.099324286 0.804847419 -0.003854997 -0.234346345 0.028076973 0.971739948
1773244941.087936 -0.057128757 0.099505059 0.804712594 -0.003353769 -0.239217907 0.029020531 0.970526338
1773244941.113635 -0.057441533 0.099270381 0.805190802 -0.003505560 -0.245030090 0.027792441 0.969110727
1773244941.146704 -0.057029903 0.100425720 0.806776524 -0.002082463 -0.251961946 0.029192129 0.967294514
1773244941.194726 -0.056629479 0.099425748 0.807867169 -0.003566580 -0.258703798 0.030006183 0.965483963
1773244941.213592 -0.055498421 0.098109797 0.807286978 -0.005098006 -0.264954299 0.030364221 0.963769317
1773244941.254883 -0.057035953 0.095189728 0.807061851 -0.008328955 -0.268607616 0.034243565 0.962604761
1773244941.280165 -0.058048725 0.100438088 0.807814777 -0.002332385 -0.274142653 0.032939471 0.961121917
1773244941.314016 -0.059421957 0.096737623 0.807579041 -0.006078645 -0.277704716 0.033640999 0.960058033
1773244941.353365 -0.057569772 0.100082926 0.808200598 -0.002446500 -0.284805208 0.034223896 0.957971156
1773244941.380795 -0.057953775 0.102450810 0.808307052 -0.000077109 -0.289870948 0.034789454 0.956433237
1773244941.419294 -0.058373988 0.102753118 0.809442520 0.000386437 -0.294333488 0.035802927 0.955031812
1773244941.447782 -0.057572484 0.102001972 0.810386658 -0.000088339 -0.299595833 0.035478760 0.953406334
1773244941.488551 -0.058830053 0.098781914 0.808087230 -0.004181853 -0.301208198 0.036801536 0.952838778
1773244941.514107 -0.062011003 0.095242284 0.806839347 -0.007156021 -0.301154613 0.037637006 0.952805400
1773244941.547684 -0.062195718 0.097884536 0.807001412 -0.004266767 -0.304896563 0.039539933 0.951554775
1773244941.591102 -0.059967875 0.100981578 0.807492018 -0.000879913 -0.310795397 0.038269732 0.949705660
1773244941.620628 -0.059175014 0.100200526 0.808498979 -0.001879650 -0.315895081 0.038565792 0.948008120
1773244941.655547 -0.059563369 0.098266780 0.809808016 -0.004196252 -0.319517225 0.039486919 0.946748078
1773244941.682196 -0.060921937 0.100332201 0.809696734 -0.001953872 -0.322667569 0.039814789 0.945672572
1773244941.714501 -0.060371906 0.099786796 0.811261058 -0.002673435 -0.328212023 0.039693411 0.943765938
1773244941.755563 -0.058211595 0.097897410 0.813687325 -0.005085569 -0.335855335 0.040307373 0.941036999
1773244941.780917 -0.060676754 0.098854333 0.813273370 -0.003343017 -0.337887317 0.042342901 0.940227628
1773244941.818972 -0.058105588 0.098524973 0.813532233 -0.004271016 -0.345797122 0.042702839 0.937327325
1773244941.846442 -0.058354914 0.099661671 0.812583804 -0.002555292 -0.351015061 0.043131590 0.935372412
1773244941.889503 -0.062748849 0.099786729 0.810763061 -0.001889058 -0.350978404 0.042874113 0.935399652
1773244941.914961 -0.064068377 0.099501066 0.810081720 -0.002563908 -0.354953974 0.043130189 0.933884859
1773244941.947593 -0.066475838 0.099751025 0.809641480 -0.001085497 -0.358243644 0.043066472 0.932633698
1773244941.986665 -0.066992819 0.100263558 0.809125423 -0.000840989 -0.362538189 0.044429116 0.930908918
1773244942.014223 -0.065644622 0.098675363 0.810317397 -0.002403585 -0.368824422 0.045428768 0.928385198
1773244942.055119 -0.067423284 0.096784920 0.809797585 -0.005124432 -0.372715622 0.045861509 0.926797450
1773244942.080873 -0.067346126 0.097633190 0.808905125 -0.003148473 -0.377368420 0.046995498 0.924864650
1773244942.114094 -0.067784190 0.096411236 0.808017433 -0.005184123 -0.381632417 0.048218843 0.923041046
1773244942.154356 -0.071309507 0.094058320 0.806124806 -0.006359844 -0.381358951 0.049173485 0.923096359
1773244942.181922 -0.064238101 0.103410751 0.812703371 0.002863089 -0.396011621 0.048786622 0.916944087
1773244942.221011 -0.063945621 0.104899608 0.815665007 0.004268981 -0.401798278 0.048657395 0.914424598
1773244942.248634 -0.060010701 0.108254306 0.818674386 0.007429205 -0.410687685 0.048589133 0.910450161
1773244942.291502 -0.063890487 0.105187714 0.813433468 0.004492378 -0.408956707 0.050462328 0.911146402
1773244942.315747 -0.065214783 0.104257219 0.813526988 0.003780118 -0.411720693 0.050951317 0.909876764
1773244942.349606 -0.067122638 0.103051610 0.814930081 0.002915717 -0.415486097 0.049864396 0.908227026
1773244942.390249 -0.067496628 0.099615015 0.813369274 -0.000814504 -0.418496609 0.050860658 0.906792760
1773244942.421215 -0.067824930 0.096530430 0.811653674 -0.003839129 -0.421616226 0.050219789 0.905374527
1773244942.455314 -0.070268840 0.096914828 0.810700476 -0.003607503 -0.423739344 0.052469909 0.904255927
1773244942.482173 -0.074635029 0.095333569 0.807447910 -0.003954376 -0.423283875 0.053489350 0.904408097
1773244942.514417 -0.080276698 0.093587384 0.803860307 -0.006281011 -0.420743704 0.055070866 0.905484676
1773244942.556106 -0.069320977 0.100184172 0.810548007 0.000580521 -0.437911659 0.053899013 0.897400677
1773244942.583737 -0.067448020 0.102468632 0.814262927 0.002828839 -0.445471466 0.054873940 0.893608451
1773244942.621134 -0.063896567 0.106214166 0.818012834 0.006403403 -0.454472095 0.055312682 0.889018893
1773244942.648094 -0.060794115 0.110001884 0.823039055 0.009958302 -0.463535964 0.055994783 0.884250998
1773244942.687887 -0.065549135 0.105627060 0.816524506 0.006085980 -0.460261434 0.056530174 0.885960877
1773244942.713953 -0.072077125 0.097389698 0.810997963 -0.002585508 -0.455076665 0.055866271 0.888694286
1773244942.750070 -0.077433050 0.097477943 0.802106619 -0.000977617 -0.451205730 0.055831898 0.890671253
1773244942.792567 -0.076244354 0.099844404 0.807454228 0.000390878 -0.458487809 0.058744401 0.886756957
1773244942.819482 -0.072954029 0.104685321 0.810171008 0.005420422 -0.466714621 0.059620265 0.882379472
1773244942.855648 -0.073872000 0.103768699 0.809467316 0.004313780 -0.469244093 0.060634196 0.880973816
1773244942.882338 -0.075867593 0.099101111 0.809238434 -0.000088491 -0.471063673 0.059620675 0.880082071
1773244942.915196 -0.075712323 0.100433916 0.807963848 0.001677462 -0.475256622 0.059779022 0.877812505
1773244942.955769 -0.075125575 0.099599868 0.808616996 0.000125004 -0.480096549 0.061053943 0.875088394
1773244942.983098 -0.075521201 0.100182325 0.810563445 0.000115474 -0.485519648 0.061684672 0.872046828
1773244943.020765 -0.076355904 0.099365644 0.813296556 -0.000918804 -0.491029561 0.062671781 0.868885159
1773244943.049395 -0.073870212 0.100828357 0.814160407 0.001308551 -0.498707891 0.062893435 0.864484310
1773244943.087813 -0.078152359 0.105271891 0.810619950 0.006627921 -0.498775482 0.062139906 0.864475369
1773244943.114894 -0.076621056 0.102619961 0.811373413 0.003917583 -0.504635155 0.064201288 0.860933363
1773244943.148382 -0.076512486 0.100295842 0.810786903 0.000939126 -0.508597612 0.065341860 0.858520865
1773244943.188726 -0.077485085 0.100573331 0.810635924 0.000983589 -0.512093008 0.065670706 0.856415272
1773244943.216496 -0.077317446 0.100827925 0.810921550 0.001798557 -0.516740203 0.066349335 0.853565514
1773244943.254555 -0.076602250 0.100027397 0.811264038 0.000295279 -0.522115767 0.066392064 0.850286484
1773244943.281460 -0.075826585 0.100020118 0.810486436 0.000669828 -0.525499582 0.069243506 0.847971141
1773244943.316066 -0.077269256 0.099533692 0.810014725 0.000465001 -0.528849781 0.066780955 0.846083879
1773244943.356899 -0.079263747 0.099117987 0.809296310 0.000466084 -0.531672060 0.068215974 0.844198525
1773244943.383818 -0.081626594 0.098856091 0.808202744 -0.000241660 -0.533515394 0.069124036 0.842960954
1773244943.427767 -0.083631724 0.098395243 0.807375550 0.000167255 -0.536372602 0.068214968 0.841220021
1773244943.449809 -0.080154091 0.099168405 0.810418308 0.001123489 -0.545551777 0.068582103 0.835265517
1773244943.488511 -0.080938905 0.098664165 0.810451865 0.000967213 -0.550011694 0.068905964 0.832308948
1773244943.515656 -0.082010895 0.098044507 0.810251057 0.000401217 -0.553030074 0.069155201 0.830286145
1773244943.549106 -0.081689179 0.099082977 0.810323358 0.001288269 -0.557886779 0.070964165 0.826876521
1773244943.588673 -0.079775929 0.099509872 0.810484767 0.001229884 -0.563747346 0.072538011 0.822754920
1773244943.616200 -0.077248126 0.100350335 0.810611069 0.001997567 -0.569446921 0.075141512 0.818584144
1773244943.655128 -0.082241431 0.099435091 0.805293262 0.002620457 -0.567765117 0.072668314 0.819972694
1773244943.682122 -0.088950768 0.098788992 0.801050127 0.001918949 -0.566230416 0.072837584 0.821020186
1773244943.717368 -0.085415885 0.099515460 0.807538211 0.001846977 -0.577425778 0.074651375 0.813021064
1773244943.754334 -0.076346129 0.103063174 0.816674113 0.004255795 -0.591953099 0.077577211 0.802218914
1773244943.782483 -0.084525466 0.104337402 0.816115379 0.005234805 -0.591456592 0.077213600 0.802614272
1773244943.824231 -0.073078826 0.106200024 0.829203486 0.007377664 -0.610465288 0.076244861 0.788330138
1773244943.851468 -0.075786188 0.106771350 0.818994164 0.008211634 -0.607044160 0.081637308 0.790420949
1773244943.888674 -0.080140442 0.100973673 0.811535299 0.003164276 -0.604961336 0.078609966 0.792358637
1773244943.916816 -0.098337114 0.094030015 0.797347486 -0.001406403 -0.589589179 0.072506130 0.804441094
1773244943.949802 -0.093494773 0.091726907 0.800484836 -0.003171289 -0.598588884 0.073288776 0.797690392
1773244943.990923 -0.086191684 0.090857454 0.802810192 -0.004127845 -0.605756104 0.071673423 0.792404771
1773244944.017200 -0.086832643 0.096008681 0.803916633 0.000084761 -0.610169590 0.075709343 0.788645148
1773244944.056195 -0.089137822 0.098666959 0.805889189 0.002584821 -0.613721013 0.078911446 0.785565317
1773244944.084176 -0.086021662 0.099869817 0.808926523 0.002742688 -0.620055258 0.081712306 0.780286551
1773244944.117451 -0.083897755 0.099450462 0.810819805 0.003630362 -0.624796391 0.080701612 0.776597440
1773244944.156206 -0.086155802 0.098392844 0.808704853 0.002163580 -0.624738991 0.080202237 0.776700795
1773244944.183441 -0.087577105 0.096820146 0.807635128 0.000778260 -0.626190186 0.078203574 0.775738001
1773244944.222056 -0.090094507 0.096494526 0.805289567 0.001748800 -0.625786483 0.077874623 0.776095212
1773244944.249817 -0.090940177 0.095674418 0.802395284 0.000772547 -0.626097977 0.077372253 0.775895834
1773244944.289758 -0.093047768 0.094120666 0.801689863 -0.000808275 -0.626941264 0.076581180 0.775293052
1773244944.317271 -0.092576087 0.093582839 0.800924778 -0.001612950 -0.628469706 0.078145795 0.773896992
1773244944.349833 -0.092081755 0.094785653 0.805626452 -0.000481700 -0.635519028 0.077045418 0.768231273
1773244944.389256 -0.091483623 0.094651476 0.807084143 -0.002113611 -0.639406562 0.077990428 0.764900208
1773244944.416852 -0.092110723 0.097767204 0.805018306 0.001480860 -0.639707983 0.082621373 0.764163136
1773244944.456153 -0.092741705 0.097372390 0.805021048 0.002639542 -0.642648399 0.081474885 0.761812210
1773244944.484313 -0.093035147 0.099384971 0.804501593 0.004266134 -0.645229042 0.083876349 0.759359002
1773244944.516534 -0.093358636 0.102342658 0.809015751 0.005582297 -0.651938021 0.085816026 0.753379881
1773244944.557066 -0.096242994 0.098740913 0.803601146 0.002431879 -0.649469793 0.084316961 0.755694211
1773244944.585054 -0.097764581 0.096587449 0.802623749 0.000994405 -0.651575863 0.082249105 0.754110754
1773244944.623421 -0.098190092 0.094330832 0.801781476 -0.000467573 -0.653946102 0.080071449 0.752291739
1773244944.651220 -0.099090301 0.092569664 0.801517069 -0.001529050 -0.656933486 0.078105167 0.749890387
1773244944.690214 -0.099725083 0.091790065 0.802009523 -0.001724632 -0.660033107 0.077305838 0.747246325
1773244944.716519 -0.100054078 0.092200428 0.803058267 -0.001271873 -0.663840771 0.077584788 0.743837655
1773244944.751820 -0.100160465 0.094074652 0.802263916 -0.000306119 -0.664742351 0.080996439 0.742668927
1773244944.790188 -0.099822976 0.096624047 0.801920772 0.001902370 -0.665941238 0.084140643 0.741241515
1773244944.817979 -0.100018702 0.096793845 0.802116871 0.001474511 -0.667753577 0.085044317 0.739506900
1773244944.856156 -0.100231037 0.096436232 0.801892757 0.000916006 -0.669410229 0.084683709 0.738049984
1773244944.884512 -0.098236278 0.098715708 0.806086838 0.002509629 -0.674502552 0.087009661 0.733123004
1773244944.918251 -0.101653449 0.096118718 0.801707566 0.001353001 -0.672053456 0.084488288 0.735665739
1773244944.956726 -0.101775251 0.096529901 0.802194118 0.000999103 -0.673793733 0.084837243 0.734032452
1773244944.984586 -0.102018401 0.096533522 0.803115070 0.001267443 -0.676168978 0.084559351 0.731876731
1773244945.024586 -0.100009993 0.098591447 0.806693792 0.003339635 -0.680284977 0.086670503 0.727797687
1773244945.051667 -0.104122132 0.096352309 0.801300645 0.001185898 -0.676740944 0.085725851 0.731212258
1773244945.090144 -0.104613438 0.096539184 0.800835490 0.000908656 -0.676984429 0.086392291 0.730908811
1773244945.118855 -0.105572000 0.096150540 0.800316095 0.001426547 -0.677425146 0.086024910 0.730542839
1773244945.150952 -0.105484575 0.096349329 0.800355554 0.000701433 -0.677959144 0.086649328 0.729974568
1773244945.191884 -0.107031636 0.095937602 0.799418867 0.001212249 -0.677897990 0.086279392 0.730074465
1773244945.218073 -0.106800199 0.096597537 0.801725745 0.001476592 -0.680862546 0.086368248 0.727299511
1773244945.257586 -0.107735202 0.096689776 0.804441571 0.001734450 -0.684504032 0.085277498 0.724002063
1773244945.283642 -0.107437842 0.096116461 0.807043910 0.001696313 -0.687738836 0.083169259 0.721176326
1773244945.318620 -0.108333595 0.095890693 0.809365392 0.000985179 -0.690948367 0.082314253 0.718201816
1773244945.356469 -0.109246239 0.094934367 0.804814935 -0.000000118 -0.685220182 0.083536118 0.723529518
1773244945.385015 -0.110814638 0.094020605 0.801106453 -0.001029734 -0.681752861 0.083948873 0.726749301
1773244945.424533 -0.111154839 0.093820214 0.799850583 0.000157016 -0.680761635 0.082763091 0.727814436
1773244945.451060 -0.112966731 0.093863823 0.799508631 -0.001635906 -0.681050003 0.084518030 0.727340937
1773244945.491056 -0.114255160 0.094338425 0.798856139 -0.001247361 -0.680581868 0.086118355 0.727592170
1773244945.518874 -0.113609806 0.094945543 0.801106930 0.000844757 -0.682717741 0.084641494 0.725762725
1773244945.551095 -0.115529612 0.094666101 0.804035008 -0.001037098 -0.685763717 0.084326111 0.722921968
1773244945.591413 -0.116091974 0.094108917 0.806014955 -0.000467848 -0.687779367 0.082182787 0.721252620
1773244945.617990 -0.117301181 0.093942732 0.802647412 -0.000784304 -0.683551848 0.083252065 0.725138187
1773244945.658245 -0.118381731 0.094172925 0.802035987 -0.001100942 -0.682474673 0.084147684 0.726048410
1773244945.685887 -0.119282216 0.093746230 0.800673366 -0.001147517 -0.680458844 0.083154961 0.728052020
1773244945.725752 -0.119999960 0.093615204 0.802271903 -0.001110008 -0.682094157 0.082727306 0.726569057
1773244945.752690 -0.122121423 0.094301574 0.803362608 -0.000558203 -0.682677150 0.083234519 0.725963950
1773244945.785346 -0.121955931 0.094471470 0.804880261 -0.000173865 -0.683517277 0.082201056 0.725291073
1773244945.827185 -0.123945355 0.095363259 0.803848207 0.000033185 -0.682918668 0.084570423 0.725582540
1773244945.852026 -0.125468642 0.094772197 0.802012086 -0.000416759 -0.681023598 0.084414683 0.727379501
1773244945.891356 -0.126685336 0.094696209 0.801341116 -0.000630760 -0.680372298 0.084739439 0.727950871
1773244945.918751 -0.128833264 0.094267480 0.801003993 -0.001028773 -0.680339158 0.083888374 0.728079855
1773244945.951483 -0.129366651 0.092711203 0.803084135 -0.003041179 -0.683189213 0.080896877 0.725740314
1773244945.992636 -0.129787982 0.091319725 0.803903878 -0.003563642 -0.684696674 0.078166552 0.724615574
1773244946.019501 -0.129949644 0.089173824 0.805415034 -0.005855386 -0.687019825 0.074142605 0.722822487
1773244946.058196 -0.131667346 0.087393731 0.805639505 -0.006551677 -0.688182712 0.071792543 0.721947014
1773244946.085533 -0.133649006 0.093779817 0.802738488 -0.001756079 -0.685136855 0.083244853 0.723639905
1773244946.124500 -0.135154262 0.093903437 0.802489758 -0.001633767 -0.685288966 0.083525255 0.723463833
1773244946.152135 -0.136330396 0.095136963 0.802683532 0.000171784 -0.686017513 0.085148349 0.722585440
1773244946.185128 -0.136552721 0.094451383 0.802293539 -0.001026076 -0.686185241 0.084384695 0.722515106
1773244946.226613 -0.137671143 0.093779519 0.804152787 -0.001369083 -0.689396918 0.082936868 0.719619036
1773244946.252806 -0.138278291 0.092503376 0.803788066 -0.002396573 -0.689756751 0.081054300 0.719485998
1773244946.291461 -0.138487011 0.090965271 0.804536998 -0.004317340 -0.691766620 0.078576930 0.717820287
1773244946.319148 -0.140951931 0.089800373 0.803907037 -0.005307898 -0.691595972 0.078454107 0.717991471
1773244946.352728 -0.141633406 0.089379877 0.804488242 -0.006500515 -0.693263292 0.077245951 0.716503143
1773244946.391268 -0.141179278 0.089940220 0.805099070 -0.005314566 -0.695110142 0.077304229 0.714715123
1773244946.423047 -0.142652720 0.089835778 0.805334151 -0.005639249 -0.696997702 0.076988392 0.712906182
1773244946.459975 -0.145803064 0.091419548 0.803307712 -0.004264593 -0.695577323 0.081675857 0.713780880
1773244946.487047 -0.146992534 0.091776542 0.802429497 -0.004020823 -0.696010947 0.082266107 0.713291526
1773244946.525813 -0.148226917 0.090291075 0.803949654 -0.005381871 -0.699239433 0.079702027 0.710410297
1773244946.553437 -0.149464682 0.091589056 0.803860366 -0.003818769 -0.700737596 0.081962749 0.708684921
1773244946.586796 -0.150993258 0.092602946 0.802186668 -0.002922222 -0.700477779 0.084317461 0.708669841
1773244946.624381 -0.152139366 0.092044838 0.803061187 -0.003188226 -0.703314304 0.083450668 0.705956638
1773244946.653553 -0.152623057 0.090835348 0.804029882 -0.004750986 -0.706110179 0.081041463 0.703433156
1773244946.691869 -0.155173436 0.091907926 0.802821100 -0.004132646 -0.706479549 0.083592705 0.702767253
1773244946.720717 -0.156071275 0.091942042 0.802460313 -0.003697348 -0.707439065 0.083911225 0.701765776
1773244946.753755 -0.156923816 0.091034591 0.802116513 -0.004606767 -0.708566010 0.082796626 0.700755060
1773244946.793422 -0.157685280 0.089542359 0.803099215 -0.006897070 -0.711226821 0.080038927 0.698357105
1773244946.819386 -0.159120277 0.090755463 0.803533435 -0.005155772 -0.713095129 0.082798481 0.696141660
1773244946.859630 -0.160949722 0.092755035 0.801878035 -0.003539703 -0.712451279 0.086047642 0.696416795
1773244946.886562 -0.162519410 0.092706740 0.803688645 -0.003516403 -0.716422558 0.086060397 0.692329347
1773244946.926590 -0.163022980 0.091275841 0.803935170 -0.005135429 -0.718114436 0.083601527 0.690866172
1773244946.953906 -0.163918599 0.090971664 0.803819180 -0.004760906 -0.719080329 0.083100393 0.689923942
1773244946.985982 -0.164468139 0.091703057 0.802158952 -0.004397002 -0.717765927 0.084662147 0.691104174
1773244947.026315 -0.166098997 0.090881333 0.802991569 -0.004892328 -0.719863534 0.083500616 0.689057469
1773244947.054458 -0.168029517 0.092897281 0.803026795 -0.001754084 -0.720863283 0.086889267 0.687606931
1773244947.092889 -0.168666989 0.092301317 0.802460253 -0.003773046 -0.721318543 0.086357199 0.687188268
1773244947.119768 -0.169663236 0.091598049 0.802894056 -0.003442682 -0.722955465 0.085034102 0.685633063
1773244947.153651 -0.170894146 0.091521010 0.803521633 -0.004800163 -0.725084662 0.085062608 0.683369279
1773244947.193433 -0.172018141 0.090800479 0.802562892 -0.004711030 -0.724650145 0.084474787 0.683903515
1773244947.220416 -0.173158377 0.089864165 0.801311016 -0.005890778 -0.724530160 0.083652623 0.684122443
1773244947.262155 -0.173808157 0.088517480 0.799441040 -0.006725201 -0.723136544 0.081639238 0.685830355
1773244947.287493 -0.174924791 0.087636203 0.797690332 -0.007295750 -0.721888065 0.080825604 0.687234700
1773244947.327585 -0.177528232 0.091389291 0.801319420 -0.004307731 -0.727792263 0.086394027 0.680320442
1773244947.354325 -0.178753853 0.091936812 0.801350474 -0.003991921 -0.728468835 0.087273791 0.679485500
1773244947.387587 -0.180548549 0.091518238 0.802667439 -0.005402007 -0.731188595 0.086838670 0.676604152
1773244947.426149 -0.181416631 0.091275916 0.801236629 -0.004460132 -0.730059028 0.086293593 0.677899301
1773244947.454265 -0.181784153 0.091936737 0.800021589 -0.003363303 -0.729003966 0.087359592 0.678903639
1773244947.495032 -0.183828995 0.090802222 0.801182151 -0.004589546 -0.731590867 0.085158750 0.676388800
1773244947.521467 -0.185467035 0.089844793 0.802372396 -0.006133723 -0.733950317 0.083843827 0.673980355
1773244947.561599 -0.185942948 0.088449344 0.801823914 -0.008357951 -0.733828962 0.081902124 0.674327374
1773244947.587427 -0.187839717 0.090560697 0.801421940 -0.005489517 -0.734174430 0.085477643 0.673536479
1773244947.620654 -0.189171746 0.089884952 0.801964283 -0.006975374 -0.736033976 0.083753966 0.671707213
1773244947.660248 -0.190484405 0.090058774 0.801508248 -0.005975348 -0.735920489 0.084671892 0.671726048
1773244947.687492 -0.192007005 0.089545399 0.801832736 -0.007494576 -0.737842858 0.083552971 0.669739246
1773244947.728693 -0.193042010 0.090770118 0.800848901 -0.005090985 -0.737193525 0.085906722 0.670178890
1773244947.753914 -0.193818897 0.089907192 0.801027060 -0.006886399 -0.738278389 0.084385037 0.669161201
1773244947.787938 -0.194904685 0.090925872 0.800435364 -0.005555046 -0.738096952 0.086370960 0.669120371
1773244947.827839 -0.196637690 0.091964424 0.800432742 -0.003938322 -0.739328027 0.088259496 0.667524338
1773244947.853881 -0.197721720 0.091023058 0.800028503 -0.005283491 -0.739696085 0.086854577 0.667291641
1773244947.893504 -0.198524296 0.090679072 0.799371362 -0.005068853 -0.739701211 0.086583570 0.667322814
1773244947.920378 -0.200002760 0.090993151 0.799403071 -0.005133802 -0.740939081 0.087105259 0.665879548
1773244947.960521 -0.201243773 0.090798356 0.800293803 -0.005388668 -0.742933869 0.086729385 0.663700461
1773244947.987685 -0.202431589 0.091042802 0.799856067 -0.005123710 -0.743309379 0.087192491 0.663221300
1773244948.021245 -0.203569204 0.090050220 0.800300360 -0.006831993 -0.745128632 0.085823804 0.661340296
1773244948.061995 -0.204785883 0.089613438 0.800761640 -0.007194258 -0.746628821 0.085207485 0.659722209
1773244948.087725 -0.205574989 0.090072580 0.799300849 -0.006543771 -0.745604217 0.086454630 0.660724699
1773244948.128705 -0.207023427 0.090332516 0.799701750 -0.006387026 -0.747111797 0.086881846 0.658964813
1773244948.155178 -0.208125204 0.090500996 0.799174130 -0.005972147 -0.747486293 0.087318309 0.658486247
1773244948.187599 -0.209189802 0.090597205 0.798566163 -0.005476221 -0.747762382 0.087711699 0.658124685
1773244948.229780 -0.210729510 0.090158664 0.799203634 -0.006167246 -0.750201464 0.087218665 0.655402660
1773244948.255160 -0.211886197 0.089455821 0.799605906 -0.007263521 -0.751889467 0.085820705 0.653639257
1773244948.294751 -0.213646576 0.090164304 0.800059259 -0.007341317 -0.754104435 0.087294050 0.650885820
1773244948.320775 -0.214481071 0.089401551 0.799154818 -0.007505042 -0.754356802 0.086048238 0.650757432
1773244948.361228 -0.215561435 0.090565622 0.797541380 -0.005045685 -0.753910065 0.088310875 0.650995672
1773244948.389007 -0.217118680 0.090569377 0.797400415 -0.005661905 -0.755830586 0.089093298 0.648652852
1773244948.421434 -0.217927858 0.089368820 0.797629416 -0.006948341 -0.758382022 0.086555116 0.646000564
1773244948.460661 -0.219931066 0.089381300 0.798400998 -0.008257598 -0.762195349 0.087314203 0.641378462
1773244948.487946 -0.221285135 0.088765837 0.799095929 -0.009409620 -0.765757322 0.086726360 0.637185752
1773244948.529584 -0.222622007 0.087804601 0.799069107 -0.011051113 -0.768671274 0.085165419 0.633852661
1773244948.555801 -0.223186374 0.087704420 0.798049033 -0.011101158 -0.769669533 0.085637800 0.632575512
1773244948.588288 -0.223928124 0.085636735 0.797932625 -0.013016921 -0.772264719 0.081376873 0.629933059
1773244948.629393 -0.226366490 0.088297606 0.797174215 -0.009708510 -0.774228573 0.087526776 0.626749516
1773244948.655700 -0.227482989 0.089393519 0.796342909 -0.007994322 -0.775722742 0.089762121 0.624606371
1773244948.696382 -0.228926048 0.088884547 0.795972407 -0.008035125 -0.777957857 0.089070901 0.621919096
1773244948.723037 -0.229842484 0.089907125 0.795276761 -0.006896281 -0.779768229 0.091425695 0.619318366
1773244948.762459 -0.230728492 0.088629521 0.795785666 -0.009854888 -0.783436000 0.089923650 0.614853382
1773244948.788678 -0.232081920 0.088782601 0.795150638 -0.009011112 -0.785166979 0.090442188 0.612577975
1773244948.822950 -0.233137816 0.088196740 0.794585466 -0.009001221 -0.787028313 0.089820847 0.610276639
1773244948.862648 -0.234352648 0.088511527 0.794114530 -0.009008009 -0.789293528 0.090614103 0.607226253
1773244948.889172 -0.235884309 0.088329129 0.794474244 -0.009587849 -0.792846620 0.090712823 0.602555811
1773244948.928395 -0.236156419 0.087857224 0.793365717 -0.009532033 -0.793665290 0.089835554 0.601609588
1773244948.956338 -0.237397432 0.088823505 0.792848766 -0.009379786 -0.795333624 0.092942804 0.598930717
1773244948.994347 -0.238077104 0.088283204 0.792747557 -0.010280331 -0.797617316 0.092044815 0.596010625
1773244949.021555 -0.238123566 0.086883731 0.791977346 -0.012099891 -0.798768759 0.089798942 0.594775677
1773244949.054784 -0.238634408 0.085918702 0.791446447 -0.013575299 -0.800259292 0.087981127 0.593009293
1773244949.096316 -0.240786701 0.087606348 0.792212605 -0.010761907 -0.804450870 0.091386914 0.586848676
1773244949.123422 -0.241940171 0.088314474 0.791045010 -0.009464256 -0.805359244 0.093465775 0.585295618
1773244949.161751 -0.242856294 0.088043898 0.790822923 -0.010192441 -0.807527184 0.093270324 0.582320094
1773244949.189814 -0.243963644 0.088193171 0.790340126 -0.009778328 -0.809299290 0.094224997 0.579707444
1773244949.222275 -0.244497523 0.088445812 0.789613426 -0.008966249 -0.810429871 0.094768628 0.578050017
1773244949.261069 -0.245276526 0.088182203 0.789162934 -0.010191914 -0.812091112 0.094665028 0.575710595
1773244949.289092 -0.246151969 0.088121496 0.788921833 -0.008922321 -0.814203858 0.094986737 0.572686613
1773244949.328823 -0.246971577 0.088305607 0.788500786 -0.009594613 -0.815864980 0.095744893 0.570179939
1773244949.355852 -0.247593179 0.087504551 0.788722992 -0.010081559 -0.818487108 0.094236493 0.566653907
1773244949.396655 -0.248629719 0.088324681 0.787897110 -0.009460935 -0.819790304 0.096206598 0.564445376
1773244949.422772 -0.249539167 0.087814845 0.787640810 -0.009626328 -0.821814895 0.095785610 0.561562717
1773244949.457103 -0.250273883 0.087848954 0.787489712 -0.010091046 -0.823874414 0.096114524 0.558472037
1773244949.495421 -0.251170218 0.087749347 0.787057579 -0.009713198 -0.825530469 0.096676014 0.555930614
1773244949.524215 -0.251653492 0.086890846 0.786680460 -0.011014688 -0.827293098 0.094734862 0.553615510
1773244949.562991 -0.252342761 0.087593883 0.786462307 -0.009959682 -0.829218388 0.096602142 0.550423265
1773244949.591794 -0.253295749 0.087911308 0.785975099 -0.009308165 -0.830930352 0.097588405 0.547672033
1773244949.624772 -0.253987432 0.086923949 0.785989344 -0.011322127 -0.833343148 0.096039042 0.544231117
1773244949.661539 -0.254821181 0.087265693 0.785381138 -0.010748697 -0.834856629 0.097130887 0.541723549
1773244949.689754 -0.255492240 0.087272614 0.785257816 -0.010074315 -0.836728215 0.097239658 0.538821578
1773244949.730415 -0.255420983 0.087511353 0.783998549 -0.009690361 -0.836830676 0.098248027 0.538486600
1773244949.756198 -0.256208599 0.087229617 0.783233404 -0.009500890 -0.838333726 0.098073415 0.536179006
1773244949.796267 -0.257418633 0.087586410 0.783131242 -0.009188371 -0.841069520 0.099105179 0.531691611
1773244949.823264 -0.257955670 0.086713880 0.783166111 -0.011549617 -0.843496501 0.098397292 0.527918875
1773244949.857598 -0.258401155 0.086465389 0.782869756 -0.012191263 -0.845363736 0.097958997 0.524991214
1773244949.896009 -0.259566844 0.087304786 0.781975746 -0.009906836 -0.847133458 0.099957839 0.521800101
1773244949.924537 -0.260078669 0.086768299 0.781640232 -0.010496694 -0.849033117 0.099275813 0.518822789
1773244949.962107 -0.260622859 0.087166421 0.780961573 -0.009545946 -0.850726843 0.100641690 0.515794456
1773244949.990575 -0.261428833 0.087088823 0.780760765 -0.010415505 -0.853134632 0.100961603 0.511722088
1773244950.023888 -0.261811078 0.087695666 0.779605687 -0.008195410 -0.854216635 0.102463759 0.509654641
1773244950.063090 -0.262567967 0.086902261 0.779532850 -0.010468363 -0.857180893 0.101200834 0.504866064
1773244950.090526 -0.262805849 0.086860970 0.779329956 -0.009463284 -0.859436929 0.101619318 0.500951290
1773244950.129934 -0.263161540 0.086643308 0.778643608 0.010560181 0.861601830 -0.101882279 -0.497142643
1773244950.156989 -0.263827860 0.086984813 0.778237939 0.009598539 0.864169538 -0.103218019 -0.492407322
1773244950.196127 -0.264144421 0.087090738 0.777488589 0.009686630 0.865962446 -0.103772834 -0.489128202
1773244950.224429 -0.264454603 0.085461020 0.777979672 0.012488897 0.869767249 -0.100404739 -0.482978016
1773244950.258028 -0.264978617 0.086658150 0.776572049 0.009146167 0.870841563 -0.103750989 -0.480402946
1773244950.296021 -0.265701175 0.086890727 0.776100636 0.008774825 0.874055982 -0.104412772 -0.474391282
1773244950.324664 -0.266286135 0.086731561 0.775664091 0.008989315 0.877088070 -0.105456613 -0.468523800
1773244950.363542 -0.266595542 0.086740434 0.774714530 0.009323683 0.879756808 -0.105501607 -0.463476479
1773244950.391170 -0.266818345 0.086775765 0.773985744 0.008493936 0.882398546 -0.107508622 -0.457976669
1773244950.424648 -0.267052203 0.086374551 0.774083853 0.009404644 0.886539936 -0.106140293 -0.450214028
1773244950.463749 -0.267548293 0.086969763 0.773519516 0.007823524 0.889632583 -0.108552910 -0.443518728
1773244950.491323 -0.268484205 0.086626485 0.773148179 0.009711564 0.893717468 -0.108751722 -0.435141146
1773244950.529835 -0.268927872 0.084772632 0.774331927 0.010931576 0.899100959 -0.104688302 -0.424898058
1773244950.557687 -0.270258367 0.084773108 0.774118662 0.011713749 0.903932571 -0.105169773 -0.414376616
1773244950.596860 -0.268165499 0.087654278 0.770439446 0.005036447 0.902079642 -0.112872288 -0.416517496
1773244950.623426 -0.268175542 0.086468868 0.770695508 0.007404007 0.906311035 -0.110092454 -0.407952309
1773244950.656815 -0.268216699 0.085325181 0.770563245 0.009284804 0.910154223 -0.107989170 -0.399839252
1773244950.698668 -0.268611491 0.085896276 0.768908679 0.007017537 0.912642241 -0.109766260 -0.393683016
1773244950.725322 -0.268964469 0.087795511 0.767316580 0.004100580 0.914426565 -0.116484761 -0.387606114
1773244950.762824 -0.268760741 0.086027443 0.767768323 0.007356726 0.918629706 -0.112340190 -0.378741384
1773244950.791968 -0.268934876 0.085793033 0.767326236 0.007496327 0.921642363 -0.113240384 -0.371073902
1773244950.825572 -0.268990815 0.085404955 0.767000794 0.009564348 0.924772739 -0.113127887 -0.363188595
1773244950.867459 -0.269153953 0.085277595 0.766336441 0.009530626 0.927270710 -0.113727197 -0.356572956
1773244950.892059 -0.269465327 0.086117916 0.766195059 0.005731859 0.929472983 -0.114682943 -0.350563616
1773244950.933022 -0.269173652 0.086290479 0.764478207 0.006005276 0.930446327 -0.116468571 -0.347373843
1773244950.959284 -0.269314408 0.086119063 0.764429450 0.005970282 0.932992041 -0.116629362 -0.340423018
1773244950.997329 -0.269586414 0.085820213 0.764109969 0.006916618 0.935202420 -0.116658926 -0.334274232
1773244951.024799 -0.269626826 0.085690022 0.764137805 0.006331225 0.937398732 -0.115983464 -0.328316003
1773244951.058492 -0.269365788 0.085132763 0.764571786 0.007903337 0.939445853 -0.115943536 -0.322391212
1773244951.100970 -0.269631565 0.084348097 0.762568593 0.008284544 0.940413535 -0.115572311 -0.319682270
1773244951.131561 -0.269647539 0.084583104 0.762449145 0.008883494 0.942191601 -0.116902322 -0.313894868
1773244951.163636 -0.269689947 0.085246056 0.762379467 0.008023829 0.943950832 -0.118518233 -0.307970524
1773244951.192103 -0.269775361 0.084274963 0.761635423 0.007313167 0.945444465 -0.116812684 -0.304032981
1773244951.224785 -0.269917101 0.084164910 0.761075735 0.007588433 0.946939170 -0.117287189 -0.299152762
1773244951.264123 -0.268891990 0.084937543 0.759777427 0.006370040 0.947066486 -0.119182214 -0.298027098
1773244951.291339 -0.268902808 0.084691666 0.759622812 0.007266318 0.948622406 -0.119426139 -0.292916596
1773244951.332727 -0.268974364 0.084694028 0.759204626 0.007623958 0.949971199 -0.119870514 -0.288318783
1773244951.358629 -0.268972397 0.084765598 0.759291887 0.006210362 0.951611161 -0.119575284 -0.283018380
1773244951.398420 -0.269045204 0.084597304 0.758960724 0.007894997 0.952965319 -0.120029174 -0.278186649
1773244951.424273 -0.269483835 0.084370919 0.758151889 0.006352579 0.954356015 -0.120411836 -0.273249388
1773244951.459698 -0.269516528 0.084257782 0.757984519 0.005565957 0.956033409 -0.120354310 -0.267365038
1773244951.498343 -0.269297123 0.084024429 0.757673979 0.006452151 0.957228303 -0.119895779 -0.263243794
1773244951.524903 -0.269325078 0.084002689 0.757580757 0.005810915 0.958969057 -0.120318487 -0.256647646
1773244951.565697 -0.269739270 0.083804935 0.756860375 0.006669784 0.960984170 -0.120582797 -0.248846695
1773244951.591550 -0.269938052 0.083350271 0.755770683 0.006536400 0.962391019 -0.121177897 -0.243056834
1773244951.631653 -0.269949555 0.083338648 0.755733252 0.005513005 0.964317799 -0.120319419 -0.235762462
1773244951.659235 -0.269957840 0.083324097 0.755684257 0.005521248 0.966057062 -0.121399395 -0.227959305
1773244951.692500 -0.269953340 0.083341375 0.755721450 0.002185646 0.967925131 -0.119732969 -0.220862284
1773244951.731946 -0.269966960 0.083305031 0.755636334 0.004055840 0.969426394 -0.121764444 -0.213001028
1773244951.759587 -0.270064890 0.082954600 0.755122781 0.003631637 0.971305430 -0.120478615 -0.205030173
1773244951.799269 -0.270087421 0.082955651 0.755081534 0.000654475 0.973147213 -0.120663956 -0.196020961
1773244951.826639 -0.270093083 0.082913995 0.755020022 0.001168711 0.974759281 -0.120426752 -0.187990174
1773244951.859691 -0.270087600 0.082956672 0.755064011 0.002868969 0.976150870 -0.122458465 -0.179234833
1773244951.899370 -0.270967811 0.081325203 0.752033174 0.001165402 0.978196859 -0.119342826 -0.169961214
1773244951.926406 -0.270973921 0.081307173 0.752023220 0.001667189 0.979513049 -0.119782574 -0.161875293
1773244951.964132 -0.270970970 0.081315085 0.752039015 0.001404666 0.980677128 -0.119759083 -0.154687539
1773244951.992129 -0.270989776 0.081313580 0.752006352 0.001448237 0.981756032 -0.120479316 -0.147097737
1773244952.032271 -0.270979702 0.081260324 0.752002060 0.000377690 0.982593596 -0.120501280 -0.141382828
1773244952.059989 -0.270978689 0.081266426 0.751993716 -0.001077232 0.983470678 -0.120203808 -0.135408029
1773244952.092055 -0.270982534 0.081242964 0.751972914 -0.001775615 0.984274447 -0.120168224 -0.129461497
1773244952.140276 -0.271005034 0.081302278 0.752015114 -0.001634395 0.984945297 -0.120703720 -0.123736501
1773244952.161936 -0.271022737 0.081290558 0.752040982 -0.001722982 0.985641956 -0.120848164 -0.117909387
1773244952.200049 -0.270985514 0.081279323 0.751984596 -0.002839094 0.986113906 -0.120774694 -0.113950558
1773244952.227413 -0.270999879 0.081278168 0.751975417 -0.001389053 0.986706078 -0.121267311 -0.108182423
1773244952.260202 -0.270994186 0.081271805 0.751975238 -0.002871108 0.987170935 -0.120942757 -0.104202621
1773244952.300231 -0.271074891 0.081359021 0.752035499 0.000110353 0.987615108 -0.122495882 -0.098036408
1773244952.326192 -0.271057725 0.081322193 0.751996160 -0.002665964 0.988102734 -0.121552624 -0.094185129
1773244952.364688 -0.271082371 0.081351928 0.752004921 0.000059824 0.988553584 -0.122223750 -0.088448420
1773244952.393008 -0.271093518 0.081357881 0.752075195 0.000296076 0.988868535 -0.122934818 -0.083820857
1773244952.437269 -0.271122932 0.081350148 0.752110600 -0.000808261 0.989407837 -0.122167021 -0.078400321
1773244952.459717 -0.271088004 0.081310384 0.751996040 -0.001192788 0.989625275 -0.122606561 -0.074886784
1773244952.493202 -0.271104932 0.081315316 0.751961172 -0.001678126 0.989931703 -0.123035841 -0.069961660
1773244952.533299 -0.271654427 0.080618374 0.751059532 -0.000546967 0.990505636 -0.121798709 -0.063744277
1773244952.560710 -0.271603048 0.080592349 0.750931501 -0.001863145 0.990797698 -0.121496007 -0.059624646
1773244952.600686 -0.274194658 0.078383453 0.748348594 -0.001536008 0.991603136 -0.119539961 -0.049305964
1773244952.626485 -0.274219334 0.078365400 0.748421550 -0.002165621 0.991828918 -0.119582072 -0.044394098
1773244952.660828 -0.274185449 0.078327499 0.748239636 -0.001393764 0.992017269 -0.119931243 -0.038939182
1773244952.699976 -0.274195611 0.078314021 0.748208165 -0.002365493 0.992285669 -0.119343229 -0.033477958
1773244952.727180 -0.274099350 0.078285635 0.747928858 -0.000547135 0.992337167 -0.120254129 -0.028381675
1773244952.768214 -0.274072051 0.078224525 0.747813165 -0.000675602 0.992511570 -0.119925231 -0.023199584
1773244952.796226 -0.274852425 0.077638306 0.746717513 -0.003347643 0.992769718 -0.118919641 -0.015975980
1773244952.834384 -0.274919689 0.077693991 0.746765137 -0.001148604 0.992780685 -0.119515054 -0.010066417
1773244952.860239 -0.275473446 0.076835610 0.745940685 -0.003212869 0.993063211 -0.117466010 -0.004111191
1773244952.893717 -0.275573283 0.076863050 0.745898604 -0.004557221 0.993110895 -0.117087312 0.000756212
1773244952.933923 -0.289091498 0.078883894 0.753313005 0.006606808 0.991899371 -0.121923707 0.035022292
1773244952.960997 -0.289224803 0.078807667 0.752943516 0.005995839 0.991775990 -0.121308386 0.040357191
1773244953.000360 -0.289173841 0.078457721 0.752512813 0.006208637 0.991610706 -0.121107504 0.044749942
1773244953.028060 -0.289186895 0.078337781 0.752248943 0.006575141 0.991454363 -0.120584823 0.049338270
1773244953.060664 -0.289443791 0.078179643 0.751741409 0.005401422 0.991154194 -0.121134922 0.053949546
1773244953.100606 -0.289357245 0.078010909 0.751620293 0.005437267 0.991110384 -0.120062768 0.057057787
1773244953.127765 -0.289890170 0.077605739 0.751126707 0.004355423 0.990891099 -0.119382456 0.062158309
1773244953.167329 -0.290145308 0.077319443 0.750670314 0.004680110 0.990760684 -0.118149236 0.066424191
1773244953.193853 -0.290158838 0.077155091 0.750411868 0.004517497 0.990570486 -0.118168652 0.069180317
1773244953.234337 -0.290289521 0.077085055 0.750126243 0.004306885 0.990397692 -0.117946044 0.071989991
1773244953.261142 -0.295563728 0.077470347 0.749161839 0.005538402 0.989129126 -0.119525097 0.085478574
1773244953.294548 -0.295468509 0.076902919 0.748944521 0.004870464 0.989176571 -0.117852792 0.087273665
1773244953.333957 -0.295726240 0.076827429 0.748516202 0.004607679 0.988935769 -0.117694698 0.090181321
1773244953.361206 -0.297274619 0.077893689 0.747688830 0.005327116 0.988028944 -0.120730922 0.095888019
1773244953.400972 -0.297307014 0.077915296 0.747369349 0.005644136 0.987826109 -0.120909937 0.097716324
1773244953.427915 -0.297636926 0.077344038 0.746847212 0.004764205 0.987711251 -0.119392164 0.100743949
1773244953.461372 -0.297617316 0.077552311 0.746851683 0.004955201 0.987550616 -0.120084353 0.101483867
1773244953.500474 -0.297850072 0.077333853 0.746393502 0.004606945 0.987401307 -0.119561933 0.103548601
1773244953.528266 -0.297891289 0.077415176 0.746154904 0.004682553 0.987241268 -0.120164551 0.104370512
1773244953.568034 -0.297958374 0.077268153 0.745893419 0.004419214 0.987222254 -0.119601801 0.105204947
1773244953.594283 -0.297998160 0.077429608 0.745782495 0.004192559 0.987118244 -0.120411783 0.105266429
1773244953.636589 -0.298011363 0.077006146 0.745619953 0.004357883 0.987295210 -0.118741691 0.105497032
1773244953.661715 -0.298191547 0.077038996 0.745176673 0.003823911 0.987142801 -0.119292930 0.106318660
1773244953.694985 -0.298311234 0.076885700 0.744931161 0.004026840 0.987164140 -0.118642986 0.106838673
1773244953.733669 -0.298341453 0.076771654 0.744790256 0.003607276 0.987176180 -0.118575796 0.106817335
1773244953.761382 -0.299990147 0.076621346 0.744043469 0.003838018 0.986686707 -0.118016340 0.111833498
1773244953.801364 -0.300019175 0.076402813 0.743951857 0.003043812 0.986722410 -0.117784284 0.111788191
1773244953.827702 -0.300169945 0.076121703 0.743602812 0.002833375 0.986750007 -0.116628528 0.112757422
1773244953.862262 -0.300334454 0.076257467 0.743210971 0.002937567 0.986494005 -0.117636532 0.113941289
1773244953.900834 -0.300386488 0.076131023 0.742936790 0.002987066 0.986443102 -0.117284968 0.114740387
1773244953.928728 -0.300378650 0.076219037 0.742681146 0.002867289 0.986341000 -0.117552713 0.115345903
1773244953.967870 -0.300783813 0.075992189 0.742505729 0.002321976 0.986181676 -0.117123231 0.117143132
1773244953.995995 -0.305681884 0.074967109 0.740540624 0.002813500 0.985046446 -0.114911318 0.128339186
1773244954.034322 -0.305772454 0.074921638 0.740376949 0.003023247 0.984911382 -0.114639208 0.129608169
1773244954.060852 -0.305856019 0.074759275 0.739901066 0.002548433 0.984686255 -0.114282690 0.131627992
1773244954.094799 -0.305288911 0.075059727 0.739659488 0.003096181 0.984564304 -0.115563236 0.131410390
1773244954.134026 -0.307029009 0.074366376 0.738734484 0.002511733 0.983970165 -0.113370195 0.137635693
1773244954.161144 -0.307023466 0.074566118 0.738370240 0.002808279 0.983563066 -0.114652596 0.139465123
1773244954.202192 -0.307214081 0.074545711 0.738134563 0.003056759 0.983335853 -0.113772057 0.141764358
1773244954.229723 -0.307360470 0.074111812 0.737676740 0.002009562 0.983044684 -0.113066278 0.144343749
1773244954.263076 -0.307864010 0.074123465 0.736953139 0.002730080 0.982608259 -0.112500943 0.147706106
1773244954.305673 -0.307944000 0.073967382 0.736506402 0.002099022 0.982245862 -0.112769112 0.149906129
1773244954.328552 -0.308185965 0.073561780 0.736310184 0.001638072 0.982045472 -0.111056529 0.152480975
1773244954.368530 -0.308363110 0.073128864 0.735928476 0.000963709 0.981837392 -0.109571427 0.154882267
1773244954.394771 -0.309156686 0.073130831 0.735005558 0.001442386 0.981219113 -0.110317774 0.158230990
1773244954.437585 -0.309567988 0.073706716 0.734417915 0.002508129 0.980409265 -0.112574525 0.161611915
1773244954.464207 -0.309705287 0.073668867 0.734114468 0.002222528 0.980038881 -0.112873420 0.163641408
1773244954.494483 -0.309955657 0.073583573 0.733784914 0.002116518 0.979632914 -0.112940021 0.166010529
1773244954.536363 -0.312312245 0.073138312 0.732425272 0.002840734 0.978674531 -0.110983580 0.172831476
1773244954.561912 -0.312186688 0.072966635 0.732110083 0.002468829 0.978507698 -0.110732011 0.173939511
1773244954.601355 -0.312514544 0.073253237 0.731609166 0.003274477 0.977891266 -0.111702919 0.176749572
1773244954.629349 -0.312622011 0.073337272 0.731194854 0.003042806 0.977509201 -0.112204298 0.178540438
1773244954.663402 -0.313093901 0.073423706 0.730221093 0.003431321 0.977072656 -0.112358622 0.180811271
1773244954.703262 -0.313258231 0.072821446 0.729947209 0.002112426 0.976953804 -0.110342309 0.182705715
1773244954.729523 -0.313419133 0.073059872 0.729504585 0.003183325 0.976460218 -0.111423120 0.184662387
1773244954.768338 -0.313649476 0.073087573 0.729017675 0.003029000 0.976103485 -0.111051038 0.186762974
1773244954.796541 -0.314365804 0.073171675 0.728039026 0.003510342 0.975454867 -0.112114333 0.189488247
1773244954.835941 -0.314483732 0.073466532 0.727514148 0.003792147 0.975026369 -0.112801328 0.191272244
1773244954.862231 -0.314479291 0.073320858 0.727205396 0.003599034 0.974844277 -0.112792477 0.192206770
1773244954.895376 -0.314634115 0.073296510 0.726859272 0.003784415 0.974645734 -0.112185828 0.193560496
1773244954.936790 -0.315223575 0.073071264 0.726027131 0.003485086 0.974203229 -0.112242296 0.195748776
1773244954.963302 -0.315453708 0.072976135 0.725571275 0.003687956 0.973947465 -0.111484364 0.197443530
1773244955.002237 -0.315656155 0.073073767 0.725132704 0.003723508 0.973663986 -0.112474099 0.198277980
1773244955.029984 -0.315855742 0.072922304 0.724587679 0.003895422 0.973519921 -0.111637831 0.199451238
1773244955.062312 -0.316533566 0.073052019 0.723774731 0.003744409 0.973035216 -0.112566121 0.201288849
1773244955.101615 -0.316712946 0.073008902 0.723327935 0.004172141 0.972946942 -0.112277977 0.201867253
1773244955.130423 -0.316739082 0.073240124 0.722770512 0.004611345 0.972835660 -0.113250278 0.201851159
1773244955.169157 -0.317102313 0.073059455 0.722284555 0.004207619 0.972730398 -0.112747140 0.202647194
1773244955.197209 -0.319490731 0.071484879 0.721808732 0.002866969 0.972085297 -0.108551599 0.207986832
1773244955.235413 -0.319775999 0.071430139 0.721196353 0.002874911 0.971990049 -0.108994380 0.208200306
1773244955.263108 -0.319918782 0.071322791 0.720550656 0.002817611 0.972063005 -0.108159840 0.208295614
1773244955.296822 -0.320236504 0.071308061 0.719852030 0.002782079 0.971919954 -0.108885355 0.208585188
1773244955.336655 -0.320576310 0.071514584 0.719156265 0.003240734 0.971830130 -0.108667508 0.209110051
1773244955.364022 -0.321164906 0.071990579 0.718330741 0.003627823 0.971343160 -0.110791110 0.210248947
1773244955.403252 -0.321956664 0.071819194 0.717554808 0.003464362 0.971079588 -0.109610550 0.212079972
1773244955.431165 -0.321584463 0.071534626 0.717306852 0.003084721 0.971475959 -0.109644406 0.210245252
1773244955.463781 -0.322250724 0.071071446 0.716652274 0.003326707 0.971201599 -0.108403385 0.212144092
1773244955.503267 -0.322242349 0.070755959 0.716236234 0.003297920 0.971380413 -0.107972927 0.211544544
1773244955.530741 -0.322616637 0.071071066 0.715603888 0.003622565 0.971220493 -0.108555421 0.211974770
1773244955.570862 -0.322395027 0.071493767 0.715082526 0.003886236 0.971165478 -0.110347547 0.211295873
1773244955.596162 -0.323023617 0.070441611 0.714542508 0.002676324 0.971206307 -0.107418105 0.212632418
1773244955.636734 -0.323914945 0.070280381 0.713433802 0.002715266 0.970701337 -0.107011303 0.215128049
1773244955.663908 -0.324057579 0.070359468 0.712849319 0.003126982 0.970590770 -0.107695162 0.215280071
1773244955.697091 -0.323949009 0.070161410 0.712353170 0.002606728 0.970764518 -0.106575392 0.215060756
1773244955.736296 -0.323978931 0.070070028 0.711866677 0.002509785 0.970703006 -0.107153960 0.215052083
1773244955.763767 -0.324064672 0.070026256 0.711192369 0.002860215 0.970662594 -0.106512368 0.215548187
1773244955.803052 -0.325860232 0.070381656 0.709919155 0.003050898 0.969399691 -0.108226977 0.220322132
1773244955.829727 -0.325964749 0.070013069 0.709451795 0.002966563 0.969502568 -0.106510743 0.220706612
1773244955.863485 -0.326619387 0.070117697 0.708588600 0.002946435 0.968963504 -0.107522942 0.222575411
1773244955.902792 -0.326966554 0.070040807 0.707841992 0.002738651 0.968777418 -0.107109055 0.223585382
1773244955.930373 -0.327361584 0.070519760 0.706900477 0.003551975 0.968342602 -0.108808026 0.224634767
1773244955.970851 -0.328150243 0.070482112 0.707053721 0.003234123 0.967962921 -0.108284041 0.226521283
1773244955.996544 -0.328292459 0.070509978 0.706519961 0.003205613 0.967868090 -0.108484283 0.226830736
1773244956.038509 -0.328770816 0.069727026 0.705865502 0.002750117 0.967727721 -0.106687114 0.228283435
1773244956.063329 -0.329122603 0.069848403 0.705272257 0.002884139 0.967486262 -0.106579341 0.229353160
1773244956.098119 -0.329470128 0.069750287 0.704458952 0.002853984 0.967151582 -0.106982589 0.230574027
1773244956.135698 -0.329450995 0.070334978 0.703817546 0.003215468 0.966910183 -0.108233169 0.230997771
1773244956.164858 -0.330052674 0.070452087 0.703128517 0.003228744 0.966363549 -0.109305151 0.232773170
1773244956.205343 -0.329982668 0.070500515 0.702594459 0.003992314 0.966380417 -0.108661219 0.232992828
1773244956.231720 -0.330114067 0.070522629 0.702010751 0.003374884 0.966047645 -0.109642647 0.233921155
1773244956.264903 -0.330499083 0.070020989 0.701340854 0.003090921 0.965659082 -0.108083509 0.236243486
1773244956.304155 -0.330421209 0.070318162 0.700754821 0.003229475 0.965263128 -0.109267525 0.237312600
1773244956.331719 -0.331133932 0.070207909 0.699996114 0.003339655 0.964503706 -0.108948223 0.240523770
1773244956.370036 -0.331393093 0.069867626 0.699308813 0.003016761 0.964090526 -0.108133301 0.242543772
1773244956.398075 -0.331263155 0.069731727 0.698933065 0.002850673 0.964016736 -0.107613429 0.243069679
1773244956.436800 -0.331386834 0.070251480 0.698208272 0.003692797 0.963409305 -0.109592050 0.244578078
1773244956.465028 -0.331561476 0.070120573 0.697558701 0.003951695 0.963010073 -0.109065607 0.246375099
1773244956.498484 -0.332771987 0.069558918 0.696912050 0.002968111 0.961892784 -0.107942261 0.251200885
1773244956.537406 -0.333023787 0.069636397 0.696159840 0.003262358 0.961278141 -0.108213857 0.253423482
1773244956.564432 -0.332985580 0.069586724 0.695592999 0.003118233 0.960922837 -0.108762302 0.254535615
1773244956.603634 -0.333335996 0.069185302 0.694811165 0.002937602 0.960448205 -0.106919765 0.257096767
1773244956.632070 -0.333542198 0.069680937 0.694087088 0.003430978 0.959682524 -0.109350756 0.258920938
1773244956.670498 -0.333689392 0.069639124 0.693529487 0.003518536 0.959266484 -0.108663850 0.260744274
1773244956.698969 -0.333744019 0.069579452 0.692861319 0.003168052 0.958794236 -0.108996712 0.262341917
1773244956.731277 -0.334046096 0.069508374 0.692140222 0.003266982 0.958222270 -0.108135231 0.264775783
1773244956.771277 -0.334102809 0.069447368 0.691358626 0.003173426 0.957715571 -0.108769074 0.266345799
1773244956.797847 -0.334349692 0.069394894 0.690706730 0.003064232 0.957170248 -0.108102247 0.268569678
1773244956.837808 -0.334227234 0.069292337 0.690043390 0.003213308 0.956833303 -0.108408295 0.269643098
1773244956.864933 -0.335179210 0.069034591 0.689127803 0.003077719 0.955656588 -0.107785188 0.274031639
1773244956.898335 -0.335340053 0.068573758 0.688534617 0.003025817 0.955274463 -0.106314175 0.275932819
1773244956.937297 -0.335571885 0.068848483 0.687724411 0.003302399 0.954514325 -0.107593156 0.278056085
1773244956.965834 -0.335942864 0.068789557 0.686684847 0.002827890 0.953684270 -0.107173502 0.281055510
1773244957.004341 -0.335630059 0.068796270 0.686341822 0.003070161 0.953503728 -0.107967913 0.281361222
1773244957.030871 -0.335993618 0.068510309 0.685420215 0.002568279 0.952796102 -0.106627457 0.284259588
1773244957.070496 -0.336237580 0.068930842 0.684949875 0.003164495 0.951974094 -0.108651027 0.286234587
1773244957.098380 -0.336167336 0.069019631 0.684404194 0.003580788 0.951593816 -0.108219661 0.287654132
1773244957.133854 -0.336430937 0.068851463 0.683537185 0.003093573 0.950781643 -0.108841956 0.290100247
1773244957.172510 -0.336467952 0.068525493 0.682789505 0.002980197 0.950329781 -0.107133135 0.292210281
1773244957.199353 -0.336664021 0.068789802 0.682008862 0.003433178 0.949547291 -0.108478718 0.294245750
1773244957.237532 -0.336391062 0.068951979 0.681613445 0.003933347 0.949256957 -0.108750612 0.295074672
1773244957.266084 -0.336801291 0.068418168 0.680560231 0.003143243 0.948348641 -0.107579358 0.298415184
1773244957.299531 -0.337592572 0.068613887 0.679698706 0.003552518 0.947046220 -0.108499885 0.302189678
1773244957.339623 -0.337807387 0.068475828 0.678811848 0.003650649 0.946279347 -0.107739285 0.304851323
1773244957.366293 -0.337979317 0.068645962 0.677857399 0.003977034 0.945339382 -0.108978562 0.307313174
1773244957.406427 -0.338036001 0.068642102 0.677101791 0.004300342 0.944736242 -0.108295701 0.309397787
1773244957.432639 -0.338204920 0.068591468 0.676343918 0.003934616 0.943901718 -0.109107696 0.311656207
1773244957.470602 -0.337863356 0.068424433 0.675750375 0.003965612 0.943677545 -0.108353697 0.312596351
1773244957.499810 -0.338352263 0.068494059 0.674449563 0.004635168 0.942424774 -0.108534560 0.316282034
1773244957.533161 -0.338424116 0.068240002 0.673902810 0.004376097 0.941933870 -0.108268999 0.317835093
1773244957.571271 -0.338371038 0.068461299 0.673056304 0.005148897 0.941186428 -0.108644694 0.319902986
1773244957.599119 -0.338420630 0.068400264 0.672415853 0.004602392 0.940554142 -0.109247856 0.321561188
1773244957.640844 -0.338248789 0.068496436 0.671668053 0.005246263 0.939950228 -0.109286420 0.323299408
1773244957.664909 -0.338338554 0.068287313 0.670800686 0.005063822 0.939132392 -0.109090544 0.325735927
1773244957.699568 -0.338182330 0.068266124 0.670259535 0.005279903 0.938634276 -0.109124921 0.327153742
1773244957.745830 -0.338142753 0.068111815 0.669752777 0.005681891 0.938250661 -0.108142808 0.328570426
1773244957.767459 -0.337547898 0.068204902 0.669473171 0.005762628 0.938249886 -0.109036632 0.328275710
1773244957.806203 -0.337333053 0.068186827 0.669133067 0.005861913 0.938022137 -0.108610556 0.329065144
1773244957.833850 -0.336821944 0.068225436 0.669012427 0.005581963 0.938044012 -0.109607197 0.328676909
1773244957.874342 -0.336382151 0.068290807 0.669001758 0.005658505 0.938269079 -0.109923586 0.327926755
1773244957.899936 -0.335899174 0.068599924 0.669191837 0.006285387 0.938678563 -0.110318050 0.326608241
1773244957.932133 -0.335913599 0.068292111 0.668688118 0.006258065 0.938320577 -0.109591126 0.327879727
1773244957.977980 -0.335931212 0.068491623 0.667779565 0.006229591 0.937305450 -0.111229897 0.330223501
1773244958.001220 -0.335578293 0.068283498 0.667637706 0.005964349 0.937400877 -0.110405304 0.330234289
1773244958.041755 -0.335596591 0.068027094 0.666994870 0.005536254 0.936695695 -0.110063545 0.332350045
1773244958.068906 -0.335326672 0.068108872 0.666547179 0.005812207 0.936419487 -0.110478446 0.332985520
1773244958.100460 -0.335266113 0.067832634 0.665956020 0.006199428 0.935909629 -0.109570213 0.334707588
1773244958.140767 -0.334624112 0.068044141 0.665997267 0.006087125 0.936282873 -0.110531598 0.333346844
1773244958.167680 -0.334330142 0.067956805 0.665709555 0.006111355 0.936117053 -0.110823244 0.333715022
1773244958.214018 -0.334135383 0.067821056 0.665229559 0.006184108 0.935736656 -0.110206902 0.334982187
1773244958.234323 -0.333858550 0.067697406 0.665011942 0.006127672 0.935756087 -0.110020854 0.334990114
1773244958.272909 -0.333652377 0.067639127 0.664628804 0.005906258 0.935491383 -0.109761640 0.335817426
1773244958.300861 -0.333596289 0.067609556 0.663887739 0.005871401 0.934808969 -0.109962322 0.337647736
1773244958.333805 -0.333306849 0.067708060 0.663448155 0.006141684 0.934476674 -0.111196980 0.338158041
1773244958.376243 -0.333053678 0.067543790 0.663224041 0.006269163 0.934472084 -0.109715655 0.338651776
1773244958.400412 -0.332611680 0.067578025 0.663163126 0.006561642 0.934659541 -0.109942213 0.338055074
1773244958.439662 -0.332449079 0.067338601 0.662772715 0.006519398 0.934517562 -0.108927980 0.338775963
1773244958.468558 -0.332185477 0.067332245 0.662311971 0.006176291 0.934036374 -0.109349765 0.339971334
1773244958.517132 -0.331890851 0.067353770 0.662092149 0.006219513 0.933916569 -0.108940035 0.340431035
1773244958.538771 -0.331815243 0.067234598 0.661380887 0.005918935 0.933095694 -0.109614208 0.342464715
1773244958.568557 -0.331554532 0.067123078 0.661055446 0.006279721 0.932977438 -0.108378015 0.343173146
1773244958.607505 -0.331277847 0.067215502 0.660675049 0.006303842 0.932685316 -0.109313414 0.343669772
1773244958.634367 -0.330873132 0.066942155 0.660654783 0.006329677 0.932874024 -0.107853845 0.343618363
1773244958.673484 -0.330573142 0.066924646 0.660288632 0.006258079 0.932689190 -0.107771531 0.344146699
1773244958.701130 -0.330383271 0.066693813 0.659819782 0.006291368 0.932351768 -0.107155904 0.345250964
1773244958.734313 -0.330331385 0.066756092 0.659117818 0.006651894 0.931552351 -0.107586704 0.347262174
1773244958.773769 -0.330253363 0.066697069 0.658585191 0.006281290 0.930948019 -0.107503243 0.348911643
1773244958.801555 -0.329996675 0.066514216 0.658257604 0.006053052 0.930726469 -0.107519187 0.349501520
1773244958.840261 -0.329790413 0.066364363 0.657796323 0.005589341 0.930343330 -0.106977969 0.350693256
1773244958.868133 -0.329543352 0.066417821 0.657391310 0.006043768 0.930048525 -0.107166931 0.351409316
1773244958.899947 -0.329256058 0.066351727 0.657053232 0.006198638 0.929803073 -0.107143477 0.352062672
1773244958.940512 -0.329013884 0.066137329 0.656537890 0.005927757 0.929524124 -0.106319159 0.353052467
1773244958.967888 -0.328739047 0.066322386 0.656134963 0.006232488 0.929140568 -0.107069664 0.353829116
1773244959.006704 -0.328390956 0.066287369 0.656180561 0.006002046 0.929458082 -0.107001595 0.353018880
1773244959.034454 -0.328087926 0.066206381 0.655795336 0.006265145 0.929243684 -0.106501311 0.353729308
1773244959.074017 -0.327779114 0.066114046 0.655404508 0.005867958 0.929038048 -0.106430046 0.354297221
1773244959.101926 -0.327528417 0.066020548 0.655044377 0.005997036 0.928795278 -0.106092721 0.355032086
1773244959.134158 -0.327285677 0.065678775 0.654563069 0.005678215 0.928553462 -0.104223087 0.356221467
1773244959.174429 -0.327156961 0.065616921 0.653985083 0.005149925 0.927942514 -0.104506060 0.357735485
1773244959.201171 -0.326953053 0.065688625 0.653504372 0.005546611 0.927450478 -0.105418809 0.358736306
1773244959.240399 -0.326642215 0.065575480 0.653387189 0.006031703 0.927750409 -0.104587510 0.358195841
1773244959.269240 -0.326425254 0.065759614 0.652850032 0.006186709 0.927125156 -0.105494544 0.359543532
1773244959.301427 -0.326049328 0.065918073 0.652493834 0.006163628 0.926863909 -0.107162863 0.359724075
1773244959.341428 -0.325813085 0.065576836 0.652171195 0.005903908 0.926833510 -0.105552986 0.360282332
1773244959.367838 -0.325535834 0.065579608 0.651841462 0.005810434 0.926561177 -0.105298489 0.361058056
1773244959.408815 -0.325272143 0.065442920 0.651438236 0.005913019 0.926223934 -0.105519399 0.361856192
1773244959.435107 -0.325036436 0.065458454 0.651041985 0.006405251 0.925859571 -0.105732992 0.362716973
1773244959.474021 -0.324963927 0.065039940 0.650780499 0.005893770 0.925923765 -0.102794841 0.363405675
1773244959.501744 -0.324698329 0.065124869 0.650465727 0.005724223 0.925705671 -0.104203187 0.363562822
1773244959.534693 -0.324395239 0.065218359 0.649999976 0.005888859 0.925262451 -0.104576677 0.364579737
1773244959.574775 -0.324196339 0.065008305 0.649736047 0.006195591 0.925242782 -0.103415444 0.364955664
1773244959.602187 -0.324017018 0.064467698 0.649454713 0.005688829 0.925276220 -0.100540154 0.365681857
1773244959.641443 -0.323790789 0.064599261 0.649060726 0.005287685 0.924841106 -0.101423398 0.366543621
1773244959.668692 -0.323530823 0.064604327 0.648666978 0.005408804 0.924543858 -0.102084726 0.367107689
1773244959.702685 -0.323364615 0.064412251 0.648508966 0.005520452 0.924617171 -0.100743182 0.367291987
1773244959.741477 -0.323146343 0.064316079 0.648219883 0.005713261 0.924432635 -0.099991471 0.367958397
1773244959.768422 -0.322885603 0.064249068 0.647849500 0.005942327 0.924197853 -0.100074865 0.368521392
1773244959.808919 -0.322603226 0.064142667 0.647466302 0.005670375 0.924015820 -0.099503830 0.369136274
1773244959.835761 -0.322311997 0.064003550 0.647036731 0.005255078 0.923824131 -0.099012546 0.369753778
1773244959.876499 -0.322031379 0.063807800 0.646651387 0.005094923 0.923616529 -0.098349452 0.370450944
1773244959.902735 -0.321769089 0.063721485 0.646287203 0.004689411 0.923417151 -0.097730078 0.371116608
1773244959.935528 -0.321530402 0.063458398 0.645945072 0.004803512 0.923226357 -0.096648254 0.371872395
1773244959.975543 -0.321290284 0.063801184 0.645953298 0.005739185 0.923396766 -0.098146312 0.371042818
1773244960.003645 -0.320985854 0.063781209 0.645540774 0.005538859 0.923062742 -0.098120354 0.371882856
1773244960.045656 -0.320664704 0.063730508 0.645088673 0.005542677 0.922837377 -0.098287128 0.372397661
1773244960.069965 -0.320483565 0.063821301 0.644475341 0.005315469 0.922074497 -0.099127047 0.374064505
1773244960.103707 -0.320033908 0.063627906 0.644307613 0.005492568 0.922380567 -0.097519763 0.373729557
1773244960.146843 -0.319734752 0.063555300 0.643891335 0.005190943 0.922137141 -0.097235657 0.374408036
1773244960.171278 -0.319379032 0.063997224 0.643496633 0.005161633 0.921676874 -0.100177579 0.374765992
1773244960.209096 -0.319274366 0.063787170 0.642785907 0.004965425 0.921086729 -0.098922029 0.376548767
1773244960.234698 -0.318969727 0.063690260 0.643077672 0.005137756 0.921905339 -0.098304287 0.374700487
1773244960.275362 -0.318526506 0.063664518 0.642834425 0.005204600 0.921901941 -0.098621592 0.374624461
1773244960.302211 -0.318262696 0.063713446 0.642267525 0.005310370 0.921359003 -0.099175803 0.375810444
1773244960.336768 -0.318017721 0.063732669 0.641771555 0.005378370 0.920836329 -0.099462196 0.377013087
1773244960.378578 -0.317705035 0.063483700 0.641506314 0.005518811 0.920790732 -0.097750574 0.377569616
1773244960.403449 -0.317587256 0.063046567 0.640990198 0.005193009 0.920480132 -0.095702581 0.378854066
1773244960.442109 -0.317266196 0.063248366 0.640428305 0.005567325 0.919863462 -0.097217500 0.379959077
1773244960.470134 -0.317082644 0.063242361 0.639775634 0.005514694 0.919257462 -0.097517028 0.381347328
1773244960.503243 -0.317139626 0.063103735 0.639666378 0.004631100 0.919635773 -0.096143037 0.380795270
1773244960.541902 -0.316827774 0.062998459 0.639372885 0.004430862 0.919625163 -0.095934652 0.380875885
1773244960.569418 -0.316533208 0.062858716 0.639109075 0.005171526 0.919608653 -0.094812781 0.381187201
1773244960.609173 -0.316169679 0.062688440 0.638714910 0.004677325 0.919350505 -0.093864240 0.382049978
1773244960.636427 -0.316092551 0.062738717 0.638152957 0.004719506 0.918647289 -0.094391666 0.383608013
1773244960.675702 -0.315864861 0.062890023 0.637759686 0.004041064 0.918141365 -0.097233765 0.384116709
1773244960.703424 -0.315573245 0.062730804 0.637392640 0.004794244 0.918174028 -0.095544748 0.384453595
1773244960.736692 -0.315270364 0.062671863 0.636983871 0.005122130 0.918023229 -0.095320530 0.384865075
1773244960.775652 -0.315948248 0.062964380 0.638113737 0.004295107 0.919554949 -0.096425407 0.380923092
1773244960.803027 -0.315779388 0.062964633 0.637864232 0.004912426 0.919474959 -0.096263386 0.381149590
1773244960.842382 -0.315785468 0.063152134 0.637944579 0.004874889 0.919681251 -0.097520337 0.380331963
1773244960.870293 -0.316310823 0.063549951 0.638693392 0.005909730 0.920823157 -0.097597361 0.377524227
1773244960.902236 -0.315260172 0.063509755 0.638124943 0.007520678 0.920633674 -0.096429937 0.378256947
1773244960.943562 -0.315346658 0.063543960 0.638298690 0.006185821 0.920952976 -0.097806886 0.377148718
1773244960.971025 -0.315147638 0.063857950 0.638366103 0.007656734 0.921310365 -0.098675527 0.376020879
1773244961.009562 -0.314865410 0.063382328 0.638137460 0.005370524 0.921146989 -0.098016992 0.376632422
1773244961.037011 -0.314712703 0.063429654 0.638357997 0.004258058 0.921701550 -0.098733149 0.375099868
1773244961.075633 -0.314670205 0.063228048 0.637937486 0.005001647 0.921509504 -0.097437836 0.375900328
1773244961.103970 -0.314571917 0.063115031 0.637637734 0.005039764 0.921198845 -0.096861303 0.376809180
1773244961.136637 -0.314392686 0.063095227 0.637518346 0.005212773 0.921357751 -0.096842609 0.376422852
1773244961.176177 -0.314293385 0.063234672 0.637404263 0.003653914 0.921494722 -0.098034747 0.375796944
1773244961.203599 -0.314183176 0.062907971 0.637322068 0.004627438 0.921871424 -0.095479950 0.375519902
1773244961.242283 -0.313999176 0.062884517 0.637052178 0.005221487 0.921676934 -0.095319502 0.376029968
1773244961.270286 -0.313596845 0.062846847 0.637167513 0.005180322 0.922379851 -0.094954044 0.374395877
1773244961.302949 -0.313530117 0.062867545 0.637171805 0.005424377 0.922737241 -0.094743766 0.373564124
1773244961.342530 -0.313401103 0.062786683 0.636940300 0.005298899 0.922819793 -0.094186917 0.373502880
1773244961.371213 -0.313338459 0.062765226 0.636940300 0.005414707 0.923000693 -0.093771808 0.373158455
1773244961.411190 -0.313228130 0.062871568 0.636964917 0.005202949 0.923507214 -0.094993427 0.371595979
1773244961.437845 -0.313097119 0.062807694 0.636738956 0.004593429 0.923256934 -0.095042765 0.372212917
1773244961.475812 -0.313040257 0.062486362 0.636413276 0.004866503 0.923267901 -0.092100859 0.372921139
1773244961.504975 -0.312999249 0.062665828 0.636483073 0.005155556 0.923536062 -0.093147129 0.371992111
1773244961.538173 -0.312792718 0.062776119 0.636567116 0.005001356 0.924116671 -0.093931623 0.370351434
1773244961.575523 -0.312066436 0.062907040 0.635814786 0.004655449 0.923525095 -0.095329151 0.371472895
1773244961.604590 -0.311900318 0.063007586 0.635795951 0.004266797 0.923837483 -0.095913678 0.370549142
1773244961.643880 -0.311766207 0.062935941 0.635659218 0.004633917 0.923941910 -0.095300443 0.370442539
1773244961.670687 -0.311671138 0.062950023 0.635439992 0.004106018 0.923867583 -0.095716767 0.370526791
1773244961.705467 -0.311506331 0.062863298 0.635400057 0.004734691 0.924244463 -0.095149338 0.369724661
1773244961.742840 -0.311361074 0.062741980 0.635055482 0.004809994 0.924191713 -0.094253555 0.370084912
1773244961.771570 -0.311271727 0.062769040 0.635005295 0.004824120 0.924341798 -0.094596818 0.369622052
1773244961.811116 -0.311139554 0.062802531 0.634962857 0.004914537 0.924659729 -0.094699398 0.368798405
1773244961.837230 -0.311041504 0.062754244 0.634793282 0.005072460 0.924682021 -0.094222173 0.368862659
1773244961.876199 -0.310491472 0.062821686 0.634375393 0.004623952 0.924707830 -0.095070064 0.368586034
1773244961.905351 -0.310338736 0.062793583 0.634305120 0.005127559 0.924978673 -0.094335645 0.368088275
1773244961.937862 -0.310293019 0.062850878 0.634225309 0.004425854 0.924824059 -0.095509566 0.368183076
1773244961.977068 -0.310122162 0.062831908 0.634279311 0.004229344 0.925357342 -0.095250599 0.366910398
1773244962.005567 -0.309905767 0.062792614 0.633888364 0.004286685 0.925094008 -0.094720893 0.367709994
1773244962.042998 -0.309808493 0.062800884 0.633726180 0.004335254 0.925122619 -0.095325984 0.367481083
1773244962.071793 -0.309656292 0.062808111 0.633635521 0.004318770 0.925316632 -0.095497698 0.366947740
1773244962.105477 -0.309563637 0.062633403 0.633682191 0.004286237 0.925755024 -0.093668804 0.366313219
1773244962.145266 -0.309341013 0.062788501 0.633481741 0.004316306 0.925872386 -0.095175758 0.365627259
1773244962.172467 -0.309146196 0.062716767 0.633213341 0.003989148 0.925814033 -0.095016718 0.365820110
1773244962.211336 -0.308881044 0.062694266 0.633040667 0.004127390 0.925869286 -0.095090531 0.365659505
1773244962.238674 -0.308759809 0.062681273 0.632894754 0.004402571 0.925785840 -0.094911903 0.365913808
1773244962.279425 -0.308600962 0.062686890 0.632869482 0.003941885 0.926201046 -0.094984278 0.364848018
1773244962.306531 -0.308472455 0.062631659 0.632631481 0.004693264 0.926175952 -0.094659291 0.364987224
1773244962.339524 -0.308304906 0.062621392 0.632470250 0.004591051 0.926230609 -0.094611794 0.364862174
1773244962.377287 -0.308243454 0.062584415 0.632370472 0.004330499 0.926287830 -0.094408758 0.364772707
1773244962.405488 -0.308071017 0.062667869 0.632230639 0.004691231 0.926346719 -0.095223710 0.364406675
1773244962.444574 -0.307886302 0.062562808 0.632160306 0.004810418 0.926776230 -0.094236113 0.363568813
1773244962.471836 -0.307789028 0.062667616 0.632079959 0.004083762 0.926842451 -0.095068797 0.363191962
1773244962.506338 -0.307486057 0.062557414 0.631735444 0.003691646 0.926757634 -0.094539225 0.363550574
1773244962.543018 -0.307356805 0.062530912 0.631535172 0.004014037 0.926629186 -0.094299912 0.363936603
1773244962.571927 -0.307168782 0.062502831 0.631447196 0.004014601 0.926916122 -0.093548894 0.363399208
1773244962.612606 -0.307046175 0.062465686 0.631391883 0.003807002 0.927168846 -0.093567185 0.362751514
1773244962.640366 -0.306889832 0.062371004 0.631190002 0.004119321 0.927212834 -0.092517838 0.362904757
1773244962.680983 -0.306741744 0.062454473 0.630979061 0.003314755 0.927067459 -0.093351699 0.363070726
1773244962.706152 -0.306581259 0.062457241 0.630898595 0.003288361 0.927303016 -0.093950570 0.362314224
1773244962.739595 -0.306557894 0.062499646 0.631041646 0.003770691 0.927613139 -0.093592726 0.361607492
1773244962.779665 -0.306331933 0.062358625 0.630690873 0.004173578 0.927554727 -0.092705682 0.361981332
1773244962.806351 -0.306207150 0.062244833 0.630397022 0.004047037 0.927461505 -0.092009306 0.362399042
1773244962.844730 -0.305945814 0.062449794 0.630434573 0.003592184 0.927839279 -0.094178878 0.360876322
1773244962.873074 -0.305803180 0.062484194 0.630304098 0.003370048 0.927969456 -0.094404638 0.360484511
1773244962.912136 -0.305675864 0.062481932 0.630092144 0.003526902 0.927951276 -0.094324052 0.360550970
1773244962.939646 -0.305590451 0.062358521 0.629969895 0.003598168 0.928244293 -0.093196824 0.360088885
1773244962.971985 -0.305373490 0.062475409 0.629706383 0.003275119 0.928165913 -0.094829872 0.359867483
1773244963.016843 -0.305149496 0.062451761 0.629740596 0.004074373 0.928773105 -0.094057754 0.358492851
1773244963.039552 -0.304992378 0.062524714 0.629786849 0.003562571 0.929118752 -0.094937064 0.357368946
1773244963.078891 -0.304854870 0.062488578 0.629697442 0.003904218 0.929366112 -0.094231896 0.356908590
1773244963.106150 -0.304636478 0.062493522 0.629562020 0.003932474 0.929610789 -0.094239667 0.356268525
1773244963.139024 -0.304529727 0.062438011 0.629133582 0.003733569 0.929267526 -0.094185628 0.357179165
1773244963.178691 -0.304391801 0.062350653 0.628904045 0.004013036 0.929285109 -0.093830697 0.357223749
1773244963.207662 -0.304256976 0.062284134 0.628877282 0.003945717 0.929647923 -0.092892289 0.356525213
1773244963.245347 -0.304049462 0.062269434 0.628854096 0.003463896 0.930158556 -0.093106046 0.355139881
1773244963.272631 -0.303869933 0.062287632 0.628883004 0.003979073 0.930597842 -0.093113348 0.353979886
1773244963.313648 -0.303696394 0.062266920 0.628867209 0.003583285 0.930973828 -0.092973270 0.353030890
1773244963.339215 -0.303610653 0.062348794 0.628211141 0.003426889 0.930127978 -0.093649320 0.355077535
1773244963.373335 -0.303412378 0.062296119 0.628094733 0.004199616 0.930432141 -0.093606956 0.354282618
1773244963.410953 -0.303240001 0.062177427 0.627997279 0.003795571 0.930670440 -0.092595264 0.353926837
1773244963.439469 -0.303092539 0.062176034 0.627764165 0.004149046 0.930637598 -0.092949294 0.353916347
1773244963.478304 -0.302911162 0.062246747 0.627543032 0.003801938 0.930453777 -0.093764096 0.354188681
1773244963.506141 -0.302778780 0.062259607 0.627391875 0.004010032 0.930570722 -0.093708239 0.353893787
1773244963.541179 -0.302596092 0.062260952 0.627294719 0.003866293 0.930757225 -0.094125442 0.353293657
1773244963.584694 -0.302448392 0.062194340 0.627038360 0.004036329 0.930706084 -0.093832791 0.353504270
1773244963.607347 -0.302292943 0.062177788 0.626844049 0.003897410 0.930643082 -0.093876742 0.353659958
1773244963.655223 -0.302089483 0.062268540 0.626954079 0.003770226 0.931141794 -0.094653644 0.352138311
1773244963.674192 -0.301980019 0.062204786 0.626555324 0.003885746 0.930833101 -0.094083555 0.353104591
1773244963.712906 -0.301763177 0.062268194 0.626557589 0.004548640 0.931167662 -0.094269641 0.352163821
1773244963.739791 -0.301616669 0.062135443 0.626517236 0.003891676 0.931395113 -0.093807578 0.351693243
1773244963.773185 -0.301477671 0.062243737 0.626254380 0.003872388 0.931115448 -0.094714053 0.352190584
1773244963.813932 -0.301371574 0.062141635 0.626173019 0.003944898 0.931219995 -0.094078988 0.352083564
1773244963.839437 -0.301211774 0.062086232 0.625976443 0.004229376 0.931275070 -0.093518049 0.352084130
1773244963.879535 -0.301051795 0.062120579 0.625811279 0.003801492 0.931345999 -0.093858793 0.351810575
1773244963.907444 -0.300932139 0.061989442 0.625656068 0.003989118 0.931338727 -0.093320496 0.351970822
1773244963.939973 -0.300798714 0.062002584 0.625517011 0.004091870 0.931361079 -0.093296923 0.351916879
1773244963.979348 -0.300592065 0.062045082 0.625323355 0.004312661 0.931459188 -0.093540326 0.351589769
1773244964.006463 -0.300415099 0.062005617 0.625227690 0.004001320 0.931646347 -0.093508743 0.351105571
1773244964.048343 -0.300235242 0.062046714 0.625196457 0.004227814 0.931917906 -0.093716629 0.350326002
1773244964.073729 -0.300102770 0.061998874 0.624764204 0.004234348 0.931445181 -0.093704008 0.351584285
1773244964.116711 -0.299928725 0.061985072 0.624837875 0.004094461 0.931857467 -0.093274154 0.350606292
1773244964.142572 -0.299814582 0.061936576 0.624686301 0.004069491 0.931765139 -0.092968807 0.350932956
1773244964.175407 -0.299536586 0.062054146 0.624399364 0.004142568 0.931672692 -0.094249867 0.350835830
1773244964.214252 -0.299373448 0.062081944 0.624162793 0.004046331 0.931501508 -0.094922870 0.351110041
1773244964.240195 -0.299205482 0.062104858 0.623981118 0.004200580 0.931445122 -0.094992518 0.351238847
1773244964.284978 -0.298959553 0.062054280 0.624026179 0.003985741 0.931896031 -0.094641559 0.350138336
1773244964.307756 -0.298898488 0.061930288 0.623690963 0.004110607 0.931580901 -0.093494445 0.351281792
1773244964.345881 -0.298697710 0.062048420 0.623553276 0.004224061 0.931571722 -0.094691508 0.350983948
1773244964.374682 -0.298493683 0.061989337 0.623490870 0.004443332 0.931687236 -0.094382174 0.350757957
1773244964.408252 -0.298326045 0.062035464 0.623353183 0.004664306 0.931748807 -0.094458595 0.350571007
1773244964.448691 -0.298090458 0.061996520 0.623241782 0.004214858 0.931874752 -0.094757073 0.350160956
1773244964.474552 -0.297965825 0.061789915 0.622986317 0.004749242 0.931671977 -0.093247071 0.351097941
1773244964.514473 -0.297754437 0.061903138 0.622889876 0.004170590 0.931806624 -0.094289705 0.350468844
1773244964.541492 -0.297639668 0.061957724 0.622616172 0.004525838 0.931478083 -0.094978511 0.351151109
1773244964.575573 -0.297436357 0.061924074 0.622373819 0.004576808 0.931349456 -0.095050879 0.351471990
1773244964.617166 -0.297256619 0.061895873 0.622339666 0.004482080 0.931499362 -0.094847701 0.351130694
1773244964.642913 -0.297200501 0.061785385 0.622278452 0.004537181 0.931362092 -0.094013646 0.351717979
1773244964.686139 -0.296951890 0.061953727 0.622056901 0.004520720 0.931325197 -0.095621951 0.351382107
1773244964.709151 -0.296761930 0.061875924 0.621881843 0.004713636 0.931319475 -0.095251106 0.351495475
1773244964.751917 -0.296651125 0.061838299 0.621738374 0.004939915 0.931310952 -0.094306149 0.351769656
1773244964.774736 -0.296422392 0.061902627 0.621731162 0.004261503 0.931377530 -0.095826536 0.351190805
1773244964.809097 -0.296275228 0.061818551 0.621458173 0.004546469 0.931102455 -0.095360182 0.352042586
1773244964.848163 -0.296140879 0.061966628 0.621375084 0.004391632 0.930976748 -0.096659377 0.352022618
1773244964.875999 -0.295970380 0.061858483 0.621313035 0.005265739 0.931162238 -0.095410913 0.351860583
1773244964.914789 -0.295829475 0.061867326 0.621094882 0.005074834 0.930916846 -0.096069515 0.352333218
1773244964.941783 -0.295649022 0.061858706 0.620949864 0.005398029 0.931006789 -0.095969714 0.352117866
1773244964.974157 -0.295412719 0.061884049 0.620853186 0.004817342 0.931074321 -0.096669547 0.351756126
1773244965.016845 -0.295266867 0.061926343 0.620727122 0.005077519 0.931009293 -0.096806079 0.351887107
1773244965.042539 -0.295125663 0.061928637 0.620448887 0.005196610 0.930819511 -0.097224012 0.352271914
1773244965.081009 -0.294978708 0.061807703 0.620389640 0.005223576 0.931003034 -0.096217774 0.352062672
1773244965.108979 -0.294800282 0.061796188 0.620351493 0.005153339 0.931128919 -0.096712574 0.351595044
1773244965.151788 -0.294647455 0.061817922 0.620156586 0.005266592 0.930803835 -0.096887916 0.352404803
1773244965.176423 -0.294554472 0.061837178 0.619920731 0.005118656 0.930503011 -0.097155564 0.353127182
1773244965.209643 -0.294412553 0.061805267 0.619813502 0.005619538 0.930436850 -0.096155897 0.353567123
1773244965.247454 -0.294300616 0.061722070 0.619651973 0.005496384 0.930392325 -0.095746629 0.353797287
1773244965.274875 -0.294040859 0.061797600 0.619775951 0.005590175 0.930906832 -0.095805198 0.352423817
1773244965.316517 -0.293805748 0.061751422 0.619940341 0.005683805 0.931479931 -0.095727257 0.350926161
1773244965.342516 -0.293724835 0.061718337 0.619458199 0.005899401 0.930748820 -0.095649749 0.352878094
1773244965.375589 -0.293589324 0.061768569 0.619225562 0.005323912 0.930576921 -0.096343122 0.353151888
1773244965.415364 -0.293413579 0.061781395 0.619166493 0.005592338 0.930672169 -0.096009381 0.352987677
1773244965.442130 -0.293308437 0.061652824 0.618974805 0.005088073 0.930540800 -0.095781013 0.353403330
1773244965.481592 -0.293128610 0.061734781 0.619162440 0.005306134 0.931041360 -0.096200898 0.351964742
1773244965.508261 -0.292818367 0.061599851 0.619385779 0.005507566 0.931869507 -0.095288083 0.350012958
1773244965.557385 -0.292753905 0.061738789 0.618576169 0.005269005 0.930554152 -0.096717149 0.353110433
1773244965.575958 -0.292607009 0.061670963 0.618361056 0.005365931 0.930425167 -0.096547410 0.353495121
1773244965.609036 -0.292428970 0.061717860 0.618332624 0.005244810 0.930546939 -0.097103924 0.353023648
1773244965.649674 -0.292330503 0.061593022 0.618304491 0.005425259 0.930693984 -0.095901184 0.352962017
1773244965.675758 -0.292167485 0.061691944 0.618131220 0.005522844 0.930525064 -0.096891597 0.353135318
1773244965.715696 -0.292081684 0.061651587 0.618071675 0.005361825 0.930603504 -0.096098006 0.353148043
1773244965.741932 -0.291731060 0.061722092 0.618158400 0.005840142 0.931018829 -0.096771896 0.351859361
1773244965.775602 -0.291703641 0.061652515 0.617796659 0.005989782 0.930489838 -0.096216157 0.353405118
1773244965.816669 -0.291480631 0.061635356 0.617802441 0.005725557 0.930608034 -0.096414588 0.353044093
1773244965.843927 -0.291362226 0.061590470 0.617332399 0.005634759 0.929959059 -0.095975108 0.354870737
1773244965.884361 -0.291162968 0.061502725 0.617400110 0.005343381 0.930288672 -0.095623605 0.354105324
1773244965.910746 -0.291106761 0.061595254 0.616994381 0.005697934 0.929592252 -0.096027099 0.355815351
1773244965.949743 -0.290966123 0.061636426 0.616895735 0.005568747 0.929406345 -0.096639186 0.356137305
1773244965.976812 -0.290834725 0.061543681 0.616786540 0.005996930 0.929240048 -0.096174024 0.356689662
1773244966.010187 -0.290689111 0.061439663 0.616482794 0.005953548 0.928822398 -0.095324866 0.358003795
1773244966.052315 -0.290443420 0.061519399 0.616603553 0.006267478 0.929199398 -0.095932052 0.356856138
1773244966.075202 -0.290272683 0.061562866 0.616379142 0.005629815 0.928760767 -0.096569233 0.357835323
1773244966.116690 -0.290052027 0.061457187 0.616278410 0.006235555 0.928816199 -0.095474139 0.357975215
1773244966.143342 -0.290010154 0.061480381 0.615929723 0.006312560 0.928062081 -0.095488042 0.359920830
1773244966.176843 -0.289757073 0.061430685 0.615944803 0.006082103 0.928307176 -0.095511809 0.359285861
1773244966.220698 -0.289545566 0.061496105 0.615788877 0.006515768 0.927886486 -0.095719345 0.360308319
1773244966.243171 -0.289348066 0.061504357 0.615669131 0.006148380 0.927716076 -0.095905259 0.360703826
1773244966.283884 -0.289331228 0.061331287 0.615524530 0.006660330 0.927242339 -0.094472557 0.362287492
1773244966.310317 -0.289124697 0.061409228 0.615211725 0.006268017 0.926627278 -0.095418207 0.363617897
1773244966.349576 -0.288988531 0.061446629 0.614980459 0.006035101 0.926065266 -0.095875449 0.364930928
1773244966.377079 -0.288791865 0.061409526 0.614966691 0.006078233 0.926119506 -0.095061094 0.365005583
1773244966.411497 -0.288555026 0.061387390 0.615013540 0.006054159 0.926251650 -0.095155850 0.364645839
1773244966.449533 -0.288399935 0.061349653 0.614802599 0.005717702 0.925727606 -0.095191069 0.365970463
1773244966.476883 -0.288316637 0.061314322 0.614470065 0.006289127 0.924944520 -0.094514847 0.368110090
1773244966.522864 -0.288146913 0.061322398 0.614376783 0.006217727 0.924660921 -0.094622254 0.368795455
1773244966.542903 -0.288161188 0.060942505 0.614365637 0.005779123 0.924582601 -0.091569461 0.369768262
1773244966.580631 -0.287758470 0.061219860 0.614463806 0.005539568 0.924665093 -0.094040386 0.368944675
1773244966.761564 -0.287185669 0.061534233 0.613357484 0.006887357 0.922146857 -0.096627228 0.374514282
1773244966.797788 -0.286785305 0.061459526 0.613232493 0.006770886 0.922033846 -0.096262231 0.374888420
1773244966.812699 -0.286864877 0.061571818 0.612717152 0.006957641 0.920658529 -0.096995801 0.378062516
1773244966.849831 -0.286708951 0.061831582 0.612389207 0.008194642 0.919778705 -0.098520644 0.379781038
1773244966.877719 -0.286548853 0.061489210 0.612475872 0.006939625 0.919994116 -0.096493885 0.379804641
1773244966.917494 -0.286256969 0.061303586 0.612781346 0.006608196 0.920914352 -0.095298752 0.377877384
1773244966.943779 -0.286130369 0.061631724 0.612407506 0.007958511 0.920003414 -0.096811362 0.379681438
1773244966.977181 -0.285874218 0.061551061 0.612141013 0.007723867 0.919514596 -0.096677326 0.380902559
1773244967.019278 -0.285716295 0.061309565 0.612241387 0.006356597 0.919717073 -0.095537804 0.380726427
1773244967.043670 -0.285405606 0.061565533 0.612169862 0.006579277 0.919571340 -0.097920939 0.380469173
1773244967.085294 -0.285358250 0.061328065 0.611783981 0.007193744 0.918874979 -0.095099308 0.382848829
1773244967.111725 -0.285258174 0.061293054 0.611832082 0.006884730 0.918817699 -0.095368192 0.382924944
1773244967.150004 -0.285106033 0.061303392 0.611828387 0.006450883 0.918787837 -0.095314115 0.383017659
1773244967.176617 -0.284852445 0.061080951 0.611750126 0.006198646 0.918752491 -0.093912683 0.383452564
1773244967.210890 -0.284756958 0.061381783 0.611552954 0.007017324 0.918065548 -0.095903605 0.384589255
1773244967.251026 -0.284603775 0.061406504 0.611578405 0.007151369 0.918017626 -0.096130967 0.384644389
1773244967.277784 -0.284364462 0.061423950 0.611554444 0.007000119 0.918134093 -0.096006289 0.384400249
1773244967.319701 -0.284245968 0.061325785 0.611328363 0.006823407 0.917627573 -0.095629476 0.385704696
1773244967.344133 -0.284100533 0.061185401 0.611305118 0.006664795 0.917540133 -0.095001966 0.386070341
1773244967.378183 -0.284070671 0.060894299 0.611159801 0.006553841 0.917200744 -0.092664115 0.387444466
1773244967.422598 -0.283818662 0.060809113 0.610957980 0.006235091 0.916955531 -0.092596896 0.388045698
1773244967.445811 -0.283687592 0.060606517 0.610855341 0.005064237 0.916689992 -0.092049338 0.388819546
1773244967.489043 -0.283577144 0.060403887 0.610502720 0.005060483 0.915881574 -0.090165272 0.391159236
1773244967.511330 -0.283137619 0.061065234 0.610840261 0.006869860 0.916646183 -0.094374172 0.388337612
1773244967.545625 -0.283039927 0.061085008 0.610876560 0.006805114 0.916605234 -0.094761744 0.388341010
1773244967.585109 -0.282862216 0.060996316 0.610520959 0.006987992 0.915827453 -0.094151482 0.390316278
1773244967.611982 -0.282803386 0.060993638 0.610485196 0.006572248 0.915642858 -0.094522685 0.390666664
1773244967.651448 -0.282642543 0.061099023 0.610248864 0.007125933 0.915070891 -0.095451601 0.391769588
1773244967.679021 -0.282522351 0.061152287 0.610105276 0.007385093 0.914508164 -0.095372990 0.393095791
1773244967.717962 -0.282376409 0.061076730 0.609940350 0.006878353 0.914143085 -0.095904142 0.393824309
1773244967.745619 -0.282276034 0.060963470 0.609873891 0.006691171 0.913990378 -0.094865821 0.394432873
1773244967.779367 -0.282131493 0.060839526 0.609668195 0.006617550 0.913625181 -0.094355144 0.395401508
1773244967.817483 -0.282004952 0.060786460 0.609497070 0.006225489 0.913302124 -0.094137259 0.396205366
1773244967.845103 -0.281956911 0.060774006 0.609442413 0.006580807 0.912991345 -0.093818814 0.396990508
1773244967.883726 -0.281766713 0.060743675 0.609208584 0.006448452 0.912432253 -0.093335889 0.398389608
1773244967.911846 -0.281430900 0.060896061 0.609352946 0.007292114 0.912929416 -0.094646297 0.396924138
1773244967.945576 -0.281333983 0.060858637 0.609258652 0.006795463 0.912754238 -0.094358012 0.397404134
1773244967.984535 -0.281257302 0.061018966 0.609116018 0.007640556 0.912252426 -0.095776588 0.398200929
1773244968.011706 -0.281117439 0.060906649 0.608947992 0.006906111 0.911963224 -0.094931185 0.399078161
1773244968.053505 -0.281043410 0.060880430 0.608760834 0.007051200 0.911481202 -0.095161729 0.400120646
1773244968.079691 -0.280913770 0.060839504 0.608713508 0.006258964 0.911436915 -0.095117442 0.400245249
1773244968.118034 -0.280756295 0.060826346 0.608523250 0.006604962 0.911201656 -0.095325254 0.400725603
1773244968.145774 -0.280670226 0.061011821 0.608406961 0.007345017 0.911041617 -0.096489497 0.400797963
1773244968.179037 -0.280290544 0.061061528 0.608829498 0.007326325 0.912418962 -0.096587516 0.397628933
1773244968.221614 -0.279997349 0.061329871 0.608815908 0.008325263 0.912806511 -0.098528802 0.396241188
1773244968.245499 -0.279825419 0.061182246 0.608696997 0.008266916 0.912917495 -0.097147405 0.396327674
1773244968.288227 -0.279861689 0.060957637 0.608382523 0.007857095 0.912579954 -0.095830783 0.397432417
1773244968.312449 -0.279793978 0.061137244 0.608054936 0.008349768 0.912178636 -0.097271562 0.397993267
1773244968.345383 -0.279809475 0.060750362 0.607730091 0.007456531 0.911945879 -0.094724089 0.399157196
1773244968.386632 -0.279671192 0.060958430 0.607631326 0.008241232 0.912180245 -0.096127026 0.398269892
1773244968.412444 -0.279382229 0.061018378 0.607516766 0.008562084 0.912662446 -0.096819825 0.396988541
1773244968.453604 -0.279235035 0.061067566 0.607611895 0.008334449 0.913354576 -0.097439192 0.395246267
1773244968.479821 -0.279197186 0.060791232 0.607016444 0.007834513 0.912628651 -0.095735483 0.397344023
1773244968.520383 -0.279031575 0.060946532 0.606923699 0.008678729 0.913080156 -0.096135929 0.396190971
1773244968.546045 -0.278845638 0.060945801 0.606990337 0.008169801 0.913667500 -0.096898548 0.394658804
1773244968.579559 -0.278741181 0.060869291 0.606780231 0.008254232 0.913704693 -0.096613318 0.394641012
1773244968.618433 -0.278562725 0.060609542 0.606725156 0.007370492 0.914433420 -0.094857521 0.393394470
1773244968.646228 -0.278346419 0.060651466 0.606599331 0.007539222 0.914948404 -0.094952226 0.392169148
1773244968.684697 -0.278250217 0.060420800 0.606326282 0.007283979 0.915101051 -0.093284070 0.392218202
1773244968.713693 -0.278081477 0.060714107 0.606172919 0.007148668 0.915064156 -0.095649257 0.391736865
1773244968.745929 -0.277805358 0.060986180 0.606204569 0.007660375 0.915802717 -0.098363675 0.389321595
1773244968.785460 -0.277733326 0.060728509 0.606120050 0.006936028 0.916232288 -0.096486278 0.388793975
1773244968.812671 -0.277582705 0.060590021 0.605781555 0.007072807 0.916195154 -0.095485449 0.389125854
1773244968.853455 -0.277530313 0.060509276 0.605761886 0.006111451 0.916516542 -0.095618539 0.388351858
1773244968.880456 -0.277361691 0.060509518 0.605481267 0.006645811 0.916514039 -0.095569670 0.388360977
1773244968.919031 -0.277160048 0.060487933 0.605234683 0.006700019 0.916632235 -0.094872139 0.388252109
1773244968.946294 -0.276981264 0.060441785 0.605128884 0.007383212 0.917046189 -0.094046712 0.387462318
1773244968.980166 -0.276877224 0.060422488 0.605020940 0.006790241 0.917215645 -0.094660796 0.386922002
1773244969.019548 -0.276663333 0.060632344 0.605026186 0.007761199 0.917896330 -0.096206278 0.384903193
1773244969.046495 -0.276480973 0.060609519 0.604829788 0.007327788 0.918273151 -0.096397474 0.383963823
1773244969.086461 -0.276434183 0.060777906 0.604720116 0.008108848 0.918440163 -0.097703375 0.383217871
1773244969.112549 -0.276277333 0.060768995 0.604370296 0.007517217 0.918309093 -0.097922660 0.383488089
1773244969.145687 -0.276176810 0.060686350 0.604509056 0.007710629 0.919052303 -0.097653575 0.381768465
1773244969.185930 -0.275986522 0.060667224 0.604303181 0.007126567 0.919212759 -0.097702630 0.381380826
1773244969.213399 -0.275929064 0.060700189 0.604091763 0.008061793 0.919180274 -0.097736970 0.381431669
1773244969.253652 -0.275472671 0.061125461 0.604626238 0.008972669 0.921266437 -0.100197144 0.375696987
1773244969.280702 -0.275347769 0.060856730 0.604606867 0.007729355 0.921629190 -0.099025100 0.375145227
1773244969.321759 -0.275202632 0.060842145 0.604416966 0.007889537 0.921717286 -0.098840095 0.374974102
1773244969.345787 -0.275240183 0.060752977 0.603963494 0.007832745 0.921123326 -0.098437414 0.376537532
1773244969.380201 -0.275141716 0.060483623 0.603771567 0.007754216 0.921292305 -0.096097745 0.376730174
1773244969.419882 -0.274928808 0.060589381 0.603652477 0.007478140 0.921608984 -0.097313493 0.375647515
1773244969.447261 -0.274838805 0.060571760 0.603633702 0.007325884 0.922069848 -0.096970744 0.374606788
1773244969.485894 -0.274761200 0.060503528 0.603553772 0.007050119 0.922304869 -0.096763581 0.374086708
1773244969.513687 -0.274611354 0.060505845 0.603353262 0.007013666 0.922499239 -0.096956171 0.373557895
1773244969.547669 -0.274358451 0.060422413 0.603212833 0.007501198 0.922783315 -0.096039698 0.373083264
1773244969.588773 -0.274338901 0.060597096 0.602931738 0.007010429 0.922316015 -0.098626748 0.373573095
1773244969.614652 -0.274198353 0.060428407 0.602877140 0.006503722 0.922789395 -0.096903041 0.372863561
1773244969.652027 -0.274007320 0.060521070 0.602831602 0.006827579 0.923170507 -0.097911514 0.371648997
1773244969.680402 -0.273855448 0.060571589 0.602660716 0.007107904 0.923064172 -0.098371200 0.371786326
1773244969.712981 -0.273696661 0.060615234 0.602787137 0.007161122 0.923844218 -0.098224625 0.369881749
1773244969.754070 -0.273548603 0.060820699 0.602595150 0.008272678 0.923614144 -0.099831156 0.370003074
1773244969.780570 -0.273554325 0.060564697 0.602099776 0.007232195 0.922662199 -0.098137356 0.372842163
1773244969.821529 -0.273427039 0.060587980 0.601971507 0.007320286 0.922455311 -0.099066429 0.373106539
1773244969.847575 -0.273229808 0.060498148 0.601907969 0.007395236 0.922611058 -0.097529918 0.373124689
1773244969.885945 -0.273169875 0.060492992 0.601812303 0.007457027 0.922244966 -0.097656541 0.373994440
1773244969.914216 -0.273195386 0.060258575 0.601387560 0.007217273 0.921037614 -0.095803156 0.377437890
1773244969.948156 -0.272925168 0.060218215 0.601564169 0.006894859 0.921541989 -0.095648035 0.376250297
1773244969.986308 -0.272738129 0.060131565 0.601441741 0.006225836 0.920949757 -0.094698429 0.377948403
1773244970.015020 -0.272597194 0.060183376 0.601286829 0.006742150 0.920021713 -0.095246553 0.380056143
1773244970.054200 -0.272395670 0.060393080 0.601426244 0.007021099 0.919630408 -0.096605107 0.380654901
1773244970.081774 -0.272236347 0.060409531 0.600965738 0.007613501 0.918036759 -0.097011104 0.384368896
1773244970.113878 -0.272145569 0.060386110 0.601183712 0.007343221 0.917691231 -0.096176527 0.385407537
1773244970.156249 -0.271812737 0.060348902 0.601193905 0.007364267 0.917096257 -0.096377626 0.386770636
1773244970.180676 -0.271667778 0.060355246 0.601215959 0.006986907 0.916187525 -0.096883871 0.388799548
1773244970.223970 -0.271620363 0.060349993 0.600677490 0.008050178 0.913676441 -0.096182391 0.394815773
1773244970.249487 -0.271425724 0.060312226 0.600787699 0.007845619 0.912997782 -0.095816366 0.396475315
1773244970.287202 -0.271264553 0.060300425 0.600559652 0.007969894 0.911307991 -0.095644586 0.400382727
1773244970.316000 -0.271077514 0.060424034 0.600565076 0.008043572 0.909911215 -0.096888825 0.403248608
1773244970.348679 -0.270848274 0.060448334 0.600481629 0.007596455 0.908491254 -0.097058542 0.406405628
1773244970.387621 -0.270871997 0.060314402 0.599997997 0.007832274 0.905661941 -0.096238710 0.412859827
1773244970.415967 -0.270760715 0.060147572 0.599861145 0.007326884 0.903606653 -0.095076621 0.417614341
1773244970.463718 -0.270293474 0.060238868 0.600118399 0.007313565 0.903255522 -0.095543504 0.418267071
1773244970.481226 -0.270134538 0.060360312 0.600082457 0.008742685 0.901634097 -0.095294379 0.421780109
1773244970.514938 -0.270000041 0.060385562 0.599956095 0.008741123 0.899626195 -0.096156903 0.425852209
1773244970.554562 -0.269785345 0.060238004 0.599894345 0.009023781 0.898187518 -0.094517477 0.429236799
1773244970.581224 -0.269720197 0.060159080 0.599741518 0.009083974 0.895940125 -0.093695566 0.434085041
1773244970.627379 -0.269600153 0.060095597 0.599607110 0.008848495 0.894126832 -0.092963696 0.437968761
1773244970.648569 -0.269504011 0.060200624 0.599461854 0.009087353 0.892039120 -0.093903832 0.442001909
1773244970.696548 -0.269426614 0.060181148 0.598970830 0.009738989 0.889071345 -0.093968578 0.447914213
1773244970.716646 -0.269083381 0.060059272 0.599441648 0.008734473 0.889351487 -0.093045108 0.447571456
1773244970.748911 -0.268932164 0.060067341 0.599469066 0.008860361 0.888029575 -0.092871718 0.450221926
1773244970.787932 -0.268825680 0.059892423 0.599222839 0.008428385 0.885763764 -0.091517359 0.454946190
1773244970.815217 -0.268580794 0.059990965 0.599267483 0.008933623 0.884547949 -0.092243299 0.457150191
1773244970.857610 -0.268362433 0.059995756 0.599551022 0.008845874 0.883986771 -0.091862366 0.458312511
1773244970.884208 -0.268209517 0.060333833 0.599319756 0.009845899 0.881558895 -0.094750822 0.462362707
1773244970.916772 -0.268081307 0.060223617 0.599296451 0.009198712 0.879866898 -0.094112299 0.465717256
1773244970.961029 -0.267956555 0.060086422 0.599142790 0.008778787 0.877946198 -0.092975602 0.469562471
1773244970.983496 -0.267670691 0.060341194 0.599224091 0.009973262 0.876522422 -0.094741583 0.471840054
1773244971.022454 -0.267618001 0.060107373 0.599030852 0.009311571 0.874082267 -0.092507139 0.476797551
1773244971.047917 -0.267412126 0.060247548 0.599038661 0.009615366 0.872338474 -0.093546338 0.479773104
1773244971.087779 -0.267150939 0.060545526 0.599196315 0.010731590 0.871175885 -0.095808640 0.481412679
1773244971.116702 -0.267068028 0.060334016 0.599008560 0.010158625 0.868674695 -0.093736634 0.486327559
1773244971.191003 -0.266996294 0.060038313 0.598793149 0.009456020 0.866036177 -0.091516025 0.491443515
1773244971.205965 -0.266947240 0.060048349 0.598667741 0.009993831 0.863533080 -0.091461055 0.495828211
1773244971.227751 -0.266412318 0.060415231 0.599161148 0.011363787 0.863583982 -0.094047934 0.495225728
1773244971.255129 -0.266371012 0.060202722 0.598900676 0.010740196 0.860535383 -0.092055030 0.500888705
1773244971.282510 -0.266369641 0.060045056 0.598525882 0.010509057 0.856907070 -0.090890087 0.507285774
1773244971.316792 -0.266032636 0.060296692 0.598519504 0.011567401 0.854770005 -0.092557788 0.510556102
1773244971.363081 -0.265829206 0.060366604 0.598771811 0.011873950 0.853723705 -0.093031481 0.512211084
1773244971.385242 -0.265588522 0.060254134 0.598914742 0.011570554 0.852056324 -0.091785111 0.515210330
1773244971.423013 -0.265466005 0.060307346 0.598752201 0.011814479 0.849309444 -0.091832951 0.519712150
1773244971.449283 -0.265421838 0.060324844 0.598744631 0.012024609 0.846950948 -0.092418335 0.523439050
1773244971.489294 -0.265253752 0.060281880 0.598663151 0.012080352 0.844283342 -0.091448002 0.527898669
1773244971.516210 -0.265036672 0.060300753 0.598575711 0.011931638 0.841606081 -0.091952339 0.532072961
1773244971.549814 -0.264899194 0.060278926 0.598511696 0.011887526 0.839026093 -0.091709279 0.536174834
1773244971.588882 -0.264778405 0.060305096 0.598417461 0.011910219 0.836251199 -0.092169106 0.540413678
1773244971.615200 -0.264514983 0.060289007 0.598421693 0.012824077 0.834248424 -0.091231354 0.543637514
1773244971.654699 -0.264375478 0.060290541 0.598351300 0.013548552 0.831535637 -0.090263635 0.547920883
1773244971.683375 -0.264252096 0.060293276 0.598455429 0.013065530 0.829153001 -0.090893701 0.551428080
1773244971.715855 -0.264173001 0.060259636 0.598437250 0.012736477 0.826147258 -0.090445869 0.556001842
1773244971.756170 -0.263897955 0.060162928 0.598494828 0.012125595 0.823850453 -0.089997783 0.559485316
1773244971.783791 -0.263518155 0.060049731 0.598804951 0.012504215 0.822554827 -0.088060722 0.561687171
1773244971.822063 -0.263400316 0.059964601 0.598839283 0.011989910 0.819746971 -0.087394729 0.565891683
1773244971.850178 -0.263299793 0.060177810 0.598877907 0.013225652 0.816896200 -0.088593148 0.569786668
1773244971.889413 -0.263171941 0.060195655 0.598750889 0.013338704 0.813440025 -0.088827431 0.574671268
1773244971.916845 -0.263024569 0.060398087 0.598344862 0.014441171 0.808391273 -0.089886114 0.581562996
1773244971.950360 -0.262661368 0.060419086 0.599404871 0.014729219 0.810379267 -0.089268774 0.578877807
1773244971.989253 -0.262552857 0.060101051 0.599405348 0.013009894 0.807204604 -0.086930193 0.583690464
1773244972.016848 -0.262567699 0.060138773 0.599195480 0.013532694 0.802337289 -0.086977273 0.590344548
1773244972.056543 -0.262409329 0.060255703 0.599106789 0.015052354 0.798252344 -0.086705089 0.595859706
1773244972.083718 -0.262297034 0.060311042 0.598737359 0.015499759 0.792709410 -0.086858019 0.603180885
1773244972.116299 -0.261983633 0.060227375 0.599298477 0.014986111 0.791634977 -0.086122528 0.604708493
1773244972.156610 -0.261918724 0.059963692 0.599282682 0.013554418 0.787218869 -0.084136687 0.610756695
1773244972.184026 -0.261794806 0.060106032 0.599292457 0.015408414 0.782743573 -0.083619654 0.616508603
1773244972.222444 -0.261657298 0.060078654 0.599393427 0.014893490 0.779071271 -0.083472282 0.621175051
1773244972.249565 -0.261409760 0.060120407 0.599487484 0.014260523 0.775172174 -0.083718061 0.626016021
1773244972.290356 -0.261265635 0.060038198 0.599483252 0.015767617 0.770429969 -0.081513949 0.632095397
1773244972.316601 -0.261207312 0.059936937 0.599528313 0.014081009 0.765973628 -0.081775263 0.637494206
1773244972.350842 -0.260991693 0.059853680 0.599585414 0.013962218 0.761363804 -0.080478832 0.643158853
1773244972.389653 -0.260806680 0.059810176 0.599703252 0.012949049 0.757591188 -0.079733372 0.647711754
1773244972.417159 -0.260653436 0.059978198 0.599756360 0.014018781 0.752638400 -0.080705374 0.653318882
1773244972.457266 -0.260447800 0.059900116 0.599838912 0.013501815 0.748397589 -0.079750679 0.658299744
1773244972.484361 -0.260348678 0.059874874 0.599917591 0.014009000 0.743654490 -0.078863218 0.663748682
1773244972.516568 -0.260228157 0.059872836 0.599991143 0.013706005 0.739456713 -0.077892542 0.668542206
1773244972.557025 -0.260129392 0.059800752 0.600063920 0.013956170 0.734959483 -0.076917857 0.673590004
1773244972.583631 -0.260007292 0.059761997 0.600165904 0.012999030 0.730764031 -0.077029891 0.678145587
1773244972.622725 -0.259873062 0.059705235 0.600243926 0.012629382 0.726590633 -0.076291308 0.682705104
1773244972.651717 -0.259664297 0.059509646 0.600277185 0.010639658 0.722632110 -0.075439624 0.687021434
1773244972.689737 -0.259482563 0.059971340 0.600139320 0.014117823 0.717352927 -0.077516437 0.692240357
1773244972.716830 -0.259370923 0.060467206 0.600009084 0.017873373 0.712268412 -0.080009013 0.697103202
1773244972.749576 -0.259283036 0.059927173 0.600289881 0.014790030 0.709649086 -0.075896643 0.700299263
1773244972.789716 -0.259294033 0.059940882 0.600159466 0.014083548 0.704390347 -0.076565668 0.705530703
1773244972.817343 -0.259149551 0.059690289 0.600137830 0.013910493 0.699926794 -0.073558584 0.710280299
1773244972.857540 -0.259059250 0.059319835 0.600283980 0.011702335 0.696168005 -0.070816770 0.714281499
1773244972.885052 -0.259000272 0.059510484 0.600324392 0.012736658 0.691757560 -0.071626477 0.718455911
1773244972.917535 -0.258662254 0.059631057 0.600561976 0.013779681 0.688884854 -0.072352037 0.721119225
1773244972.959574 -0.258606762 0.059768543 0.600576580 0.015230841 0.684299707 -0.072526455 0.725425243
1773244972.984967 -0.258528322 0.059793700 0.600599706 0.014698802 0.679501712 -0.072825074 0.729902685
1773244973.022303 -0.258478999 0.059737042 0.600615442 0.015074499 0.674608648 -0.071612202 0.734539092
1773244973.050736 -0.258454949 0.059526581 0.600639582 0.014263544 0.670052409 -0.069480129 0.738917351
1773244973.089970 -0.258238941 0.059211276 0.600846350 0.010975079 0.666407943 -0.067151882 0.742475927
1773244973.118113 -0.258066773 0.059813552 0.600970626 0.015602340 0.662157834 -0.070373684 0.745889425
1773244973.150557 -0.257856011 0.059526127 0.601306379 0.014114215 0.659533560 -0.067628399 0.748493612
1773244973.189834 -0.257886946 0.060586773 0.600544631 0.019153941 0.649087071 -0.075573556 0.756708443
1773244973.218283 -0.257900476 0.059791863 0.600623190 0.015133710 0.644449532 -0.069133937 0.761364698
1773244973.258355 -0.257761955 0.060631730 0.600262463 0.019114610 0.636758029 -0.075248271 0.767145097
1773244973.284055 -0.257624269 0.060399741 0.600184262 0.018296834 0.631397724 -0.073104672 0.771788716
1773244973.317296 -0.257676899 0.060316633 0.600265503 0.018026063 0.626795173 -0.071819097 0.775657713
1773244973.357673 -0.257477850 0.060326513 0.600329757 0.018069226 0.622111022 -0.071185522 0.779476762
1773244973.385378 -0.257289886 0.060261294 0.600358069 0.017369378 0.617235243 -0.070564054 0.783415437
1773244973.423855 -0.257230669 0.060240582 0.600270271 0.017524116 0.611571550 -0.070052631 0.787886918
1773244973.450638 -0.256970376 0.059939593 0.601356924 0.016406473 0.614660323 -0.067076944 0.785763443
1773244973.491480 -0.256853819 0.059728570 0.601132154 0.014460725 0.608493805 -0.065304622 0.790734768
1773244973.519195 -0.256742865 0.059804186 0.601670802 0.015251919 0.607423067 -0.065701105 0.791509926
1773244973.552075 -0.256642014 0.059828632 0.601882160 0.016011102 0.604284585 -0.064741448 0.793972492
1773244973.590011 -0.256548196 0.059871241 0.601865292 0.017410807 0.599483907 -0.064400621 0.797601700
1773244973.618850 -0.256560087 0.059901841 0.601755798 0.017265726 0.594259799 -0.064123914 0.801526904
1773244973.657744 -0.256423205 0.059899457 0.601871729 0.017692693 0.590468287 -0.063727662 0.804346323
1773244973.685597 -0.256414026 0.059845980 0.601906598 0.016594548 0.586471021 -0.063321464 0.807320774
1773244973.717296 -0.256359994 0.059904270 0.601876140 0.016861273 0.581803799 -0.063621163 0.810661674
1773244973.759215 -0.256239295 0.059946369 0.601788402 0.016694784 0.576451063 -0.063475609 0.814491451
1773244973.785392 -0.256123185 0.059959970 0.601903021 0.017635109 0.572532594 -0.062975556 0.817269504
1773244973.823794 -0.256139040 0.059985213 0.601867199 0.017089074 0.567790985 -0.063296326 0.820557714
1773244973.851227 -0.256069779 0.059918605 0.601952016 0.016625782 0.563760102 -0.062416635 0.823408961
1773244973.894124 -0.255979568 0.059779629 0.602055490 0.014805103 0.559422255 -0.060947433 0.826506436
1773244973.918972 -0.255942136 0.059698064 0.602111816 0.013787617 0.555486023 -0.059803117 0.829257965
1773244973.952085 -0.255880982 0.059608594 0.602178574 0.012244461 0.550819695 -0.059840612 0.832386255
1773244973.993274 -0.255861789 0.059496436 0.602204502 0.009760990 0.545971036 -0.059087444 0.835660815
1773244974.019148 -0.255796820 0.059472874 0.602222264 0.009699039 0.540944457 -0.059172608 0.838918149
1773244974.058617 -0.255709827 0.059488114 0.602248311 0.010547678 0.535639346 -0.057928238 0.842391610
1773244974.086051 -0.255317509 0.059803788 0.602655828 0.015117989 0.532843292 -0.059180047 0.844006598
1773244974.117890 -0.255213439 0.059765607 0.602684736 0.013463164 0.527101636 -0.059789527 0.847589374
1773244974.158308 -0.255164862 0.059752196 0.602701068 0.013179753 0.522109091 -0.059588071 0.850692451
1773244974.184989 -0.255157351 0.059757009 0.602701187 0.012040297 0.517589152 -0.059415780 0.853478909
1773244974.225292 -0.255101502 0.059814267 0.602643251 0.013100362 0.512111604 -0.059530582 0.856753290
1773244974.251393 -0.255025685 0.059835866 0.602661788 0.013264588 0.507014036 -0.058430903 0.859852672
1773244974.292062 -0.255008698 0.059871279 0.602670193 0.013409763 0.502624631 -0.058129504 0.862443984
1773244974.319667 -0.254997611 0.059845444 0.602676272 0.012697051 0.497533053 -0.057453144 0.865447164
1773244974.352408 -0.254717112 0.059721336 0.602763653 0.011674964 0.491780132 -0.056997120 0.868773460
1773244974.392051 -0.254561841 0.059765480 0.603430688 0.014918598 0.491977304 -0.055506505 0.868708730
1773244974.419321 -0.254502296 0.059770200 0.603450596 0.014742085 0.487040579 -0.055063624 0.871517122
1773244974.459618 -0.254420668 0.059737496 0.603480041 0.014514865 0.481643438 -0.054563493 0.874546587
1773244974.485131 -0.254389912 0.059902027 0.603802860 0.018247880 0.479837477 -0.053753845 0.875519037
1773244974.518724 -0.254281640 0.059869993 0.603871405 0.018051319 0.475359321 -0.053303767 0.877989948
1773244974.559504 -0.254283100 0.059870243 0.603956878 0.018109096 0.471765459 -0.052916169 0.879948497
1773244974.586841 -0.254219353 0.059866134 0.603947699 0.017804161 0.466809392 -0.052527979 0.882617056
1773244974.625382 -0.254204094 0.059876770 0.603959084 0.017777180 0.462895900 -0.052544549 0.884675324
1773244974.652791 -0.254149616 0.059869669 0.603949904 0.017278653 0.458762705 -0.051649138 0.886888146
1773244974.691914 -0.253998935 0.059806492 0.604107022 0.015424686 0.455656737 -0.052013453 0.888500750
1773244974.719146 -0.253977776 0.059809010 0.604132652 0.014777883 0.452369899 -0.051275995 0.890232444
1773244974.753753 -0.253968835 0.059827905 0.604047298 0.016397554 0.447820961 -0.051100917 0.892511189
1773244974.792946 -0.253833354 0.059696671 0.604298592 0.012807842 0.445919216 -0.050065581 0.893580139
1773244974.820750 -0.253799915 0.059719637 0.604327261 0.013800329 0.443334818 -0.050700955 0.894814610
1773244974.859663 -0.253737807 0.059697811 0.604404032 0.013136479 0.440084994 -0.049519140 0.896493435
1773244974.886772 -0.253683627 0.059645161 0.604458928 0.011927884 0.437391013 -0.048991378 0.897856653
1773244974.920040 -0.253607750 0.059620935 0.604534984 0.011420139 0.434568763 -0.048864882 0.899239540
1773244974.959444 -0.253611416 0.059591450 0.603791356 0.010990588 0.424293935 -0.048300974 0.904168606
1773244974.986835 -0.253550529 0.059591495 0.603853464 0.011041393 0.421510071 -0.047985587 0.905485928
1773244975.028109 -0.253505856 0.059583489 0.603904784 0.010336595 0.418404073 -0.047750503 0.906946003
1773244975.053088 -0.253437519 0.059550013 0.603984296 0.009752424 0.415731490 -0.047414441 0.908198297
1773244975.093656 -0.253344655 0.059605472 0.604074955 0.011241350 0.412416071 -0.046980903 0.909713924
1773244975.119175 -0.253223658 0.059745889 0.604034245 0.014151174 0.408041805 -0.046518758 0.911667526
1773244975.154401 -0.253158987 0.059641421 0.604098558 0.011535655 0.404419035 -0.045667566 0.913360119
1773244975.193289 -0.252652586 0.059853733 0.605452180 0.015133048 0.412401974 -0.047451310 0.909639478
1773244975.220842 -0.252550155 0.059903219 0.605505764 0.016186904 0.408935934 -0.046186861 0.911249816
1773244975.260514 -0.252481103 0.059903942 0.605598748 0.016238373 0.406111866 -0.045816623 0.912529588
1773244975.287220 -0.252385139 0.059781276 0.605647981 0.013112715 0.402467221 -0.045343928 0.914216638
1773244975.327060 -0.252312541 0.059843805 0.605722010 0.014490658 0.399591982 -0.045244969 0.915461183
1773244975.352963 -0.252219796 0.059924096 0.605844796 0.016119534 0.396609783 -0.044573650 0.916762769
1773244975.386812 -0.252150744 0.059732504 0.605981827 0.011956237 0.394548595 -0.044785459 0.917705119
1773244975.426257 -0.251882672 0.059834681 0.606207073 0.014203928 0.391713142 -0.044745315 0.918888927
1773244975.453941 -0.251757443 0.059850026 0.606229126 0.014458511 0.387906224 -0.044407513 0.920514882
1773244975.494298 -0.251619279 0.059748139 0.606237471 0.011463990 0.383758664 -0.044028826 0.922311902
1773244975.521493 -0.251569211 0.059785187 0.606405377 0.012112901 0.382263511 -0.044156931 0.922918200
1773244975.554373 -0.251492232 0.059756290 0.606549561 0.011381906 0.379746616 -0.043402541 0.924001694
1773244975.593063 -0.251346022 0.059769586 0.606789827 0.011895827 0.378405511 -0.042645410 0.924580514
1773244975.621207 -0.251257539 0.059866238 0.606885195 0.013849145 0.375809848 -0.042653322 0.925611079
1773244975.667091 -0.251155764 0.059794929 0.606912017 0.012105616 0.372788519 -0.042217501 0.926876426
1773244975.687714 -0.251094192 0.059719898 0.607059956 0.010439500 0.370722950 -0.041970424 0.927735925
1773244975.728557 -0.250989079 0.059828814 0.607170105 0.012627607 0.367659211 -0.041021176 0.928969622
1773244975.754471 -0.250700891 0.059917666 0.607396960 0.013683097 0.364245743 -0.040811419 0.930307627
1773244975.788132 -0.250607133 0.059787709 0.607436121 0.010787038 0.361228108 -0.040447515 0.931537390
1773244975.827171 -0.250523895 0.059807114 0.607552648 0.011133311 0.358932972 -0.040471397 0.932419002
1773244975.854837 -0.250431567 0.059751324 0.607618392 0.009729615 0.356117159 -0.040317014 0.933520436
1773244975.893685 -0.250279188 0.059520371 0.607576430 0.004305885 0.351624578 -0.039799463 0.935284853
1773244975.921072 -0.250250876 0.059788600 0.607928514 0.010827121 0.352000624 -0.039748222 0.935092747
1773244975.954869 -0.250172496 0.059892375 0.608064175 0.012901716 0.349808425 -0.038684048 0.935933292
1773244975.993768 -0.250067770 0.059901394 0.608131111 0.012803428 0.346876293 -0.038210776 0.937044740
1773244976.020938 -0.249963745 0.059840903 0.608222604 0.011168797 0.344152838 -0.038041659 0.938076138
1773244976.060888 -0.249858141 0.059872359 0.608350873 0.011496290 0.341800958 -0.037938200 0.938935935
1773244976.088533 -0.249695599 0.059995875 0.608519733 0.013504891 0.338984042 -0.038387574 0.939911604
1773244976.126306 -0.249622285 0.060018595 0.608639717 0.013747429 0.336909592 -0.038310546 0.940656841
1773244976.154378 -0.249514163 0.059949663 0.608728528 0.012450943 0.333887100 -0.037705425 0.941776335
1773244976.188271 -0.249543175 0.059715249 0.608747125 0.007046718 0.332105070 -0.035875801 0.942533553
1773244976.228444 -0.249364480 0.059813812 0.608896375 0.009382860 0.328930587 -0.036583614 0.943598568
1773244976.254658 -0.249324694 0.059812807 0.608878970 0.008614723 0.325564116 -0.035443440 0.944816172
1773244976.294148 -0.249188825 0.059938665 0.609015048 0.011488937 0.322254837 -0.036172718 0.945891857
1773244976.322267 -0.249090925 0.060061902 0.609112322 0.013273847 0.319440365 -0.035127368 0.946862042
1773244976.353978 -0.248959094 0.060164381 0.609243035 0.015410831 0.316403657 -0.035643857 0.947829485
1773244976.394328 -0.248964116 0.059981197 0.609329164 0.011253613 0.315061361 -0.034345519 0.948382914
1773244976.420924 -0.248893932 0.059764542 0.609400988 0.006524622 0.312411070 -0.033857148 0.949321032
1773244976.462357 -0.248808324 0.059539087 0.609450221 0.001486085 0.309217632 -0.033129759 0.950412869
1773244976.488604 -0.248833075 0.059236847 0.609447777 -0.004623674 0.308012515 -0.033435967 0.950783372
1773244976.526804 -0.248742059 0.059006490 0.609578371 -0.009533214 0.304521024 -0.035078581 0.951811731
1773244976.555816 -0.248703748 0.059024092 0.609600782 -0.009384354 0.302256495 -0.034326512 0.952562153
1773244976.588156 -0.248538792 0.059107088 0.609772205 -0.007829642 0.297941744 -0.033313885 0.953970432
1773244976.628045 -0.248722777 0.059484567 0.609484792 -0.002010642 0.292102844 -0.029917946 0.955916762
1773244976.655757 -0.248549506 0.060033422 0.609705329 0.008534704 0.287682086 -0.027547199 0.957291663
1773244976.694483 -0.248551026 0.060130678 0.609837174 0.010867235 0.286103785 -0.027968347 0.957728744
1773244976.721496 -0.248623490 0.059783883 0.609899402 0.003619372 0.285451949 -0.028788960 0.957953691
1773244976.754594 -0.248438150 0.059337351 0.609821022 -0.005936516 0.279688329 -0.028021146 0.959663510
1773244976.795505 -0.248376012 0.059365030 0.609903812 -0.005899498 0.275932789 -0.027498828 0.960765362
1773244976.823007 -0.248232827 0.059644297 0.610012054 -0.000752764 0.271688402 -0.026162140 0.962029338
1773244976.862095 -0.248080239 0.059876766 0.610164285 0.004106473 0.267265320 -0.026422078 0.963251948
1773244976.887917 -0.247843146 0.060170591 0.610354483 0.009832190 0.260885596 -0.024935514 0.964997590
1773244976.928371 -0.248046234 0.059598748 0.610241294 -0.002253411 0.261728972 -0.024168462 0.964836180
1773244976.956358 -0.248088747 0.059208225 0.610247195 -0.010066824 0.260296047 -0.024931319 0.965154469
1773244976.989630 -0.248021811 0.059035268 0.610336304 -0.014093431 0.256800711 -0.024811137 0.966043055
1773244977.028561 -0.248023137 0.058923990 0.610361516 -0.016270040 0.254761964 -0.024895899 0.966546357
1773244977.055434 -0.247921497 0.058851093 0.610459626 -0.018809466 0.250876635 -0.024277568 0.967531800
1773244977.095489 -0.247855693 0.059130047 0.610558391 -0.013565885 0.246851608 -0.024894573 0.968638480
1773244977.122910 -0.247801557 0.059145208 0.610623181 -0.014231895 0.243435889 -0.023763204 0.969521403
1773244977.156743 -0.247823730 0.059260141 0.610667050 -0.011768072 0.241913736 -0.024204049 0.969924450
1773244977.195483 -0.247658640 0.059387915 0.610816658 -0.009617124 0.236330003 -0.022249609 0.971370459
1773244977.223174 -0.247493371 0.059471343 0.610910296 -0.007760043 0.229834080 -0.020192826 0.972989380
1773244977.262109 -0.247432575 0.059595928 0.610969841 -0.005369908 0.226290330 -0.020245435 0.973834693
1773244977.289957 -0.247301161 0.059593961 0.611126900 -0.005821072 0.220970482 -0.019290896 0.975072324
1773244977.329144 -0.247436315 0.059654169 0.611272752 -0.004382851 0.221060038 -0.019528056 0.975054860
1773244977.355302 -0.247275874 0.059324034 0.611239254 -0.012343851 0.214423254 -0.018575374 0.976486206
1773244977.390233 -0.247220889 0.059236228 0.611298025 -0.014127209 0.210756078 -0.019054284 0.977250874
1773244977.428228 -0.247140169 0.059202418 0.611362934 -0.015458042 0.206582651 -0.017904166 0.978143156
1773244977.456728 -0.247284517 0.059274193 0.611444712 -0.014022942 0.207131043 -0.017500307 0.978056133
1773244977.496371 -0.246995226 0.059205845 0.611546040 -0.016614374 0.197662756 -0.016081860 0.979997337
1773244977.523013 -0.246942073 0.059393525 0.611578166 -0.012396466 0.194325417 -0.015705574 0.980733037
1773244977.555482 -0.246841341 0.059395034 0.611679494 -0.012893031 0.189493984 -0.014303796 0.981693029
1773244977.595518 -0.246770144 0.059310965 0.611755610 -0.014402413 0.185570359 -0.014509981 0.982418239
1773244977.623260 -0.246721730 0.059212849 0.611830771 -0.016698159 0.182558417 -0.014153424 0.982951343
1773244977.663216 -0.246703088 0.059151173 0.611847401 -0.018102705 0.178227633 -0.013679628 0.983727634
1773244977.690179 -0.246705756 0.059115626 0.611860752 -0.019691918 0.175483614 -0.012476481 0.984206319
1773244977.729516 -0.246572271 0.059267178 0.611985981 -0.016260853 0.169450000 -0.011940417 0.985332310
1773244977.757394 -0.246490210 0.059425697 0.612051070 -0.013307820 0.164638191 -0.010175114 0.986211777
1773244977.789385 -0.246393397 0.059388544 0.612124264 -0.013912282 0.159170628 -0.010572126 0.987096429
1773244977.830643 -0.246293858 0.059352089 0.612232089 -0.014891070 0.152424648 -0.009686413 0.988155425
1773244977.856835 -0.246269941 0.059344653 0.612259150 -0.015207702 0.147859290 -0.008730406 0.988852978
1773244977.896019 -0.246280640 0.059339166 0.612258077 -0.015907228 0.143605158 -0.008123259 0.989473879
1773244977.923800 -0.246231750 0.059330747 0.612302780 -0.015640846 0.137662441 -0.008314885 0.990320802
1773244977.963486 -0.246125206 0.059360035 0.612404823 -0.015714914 0.129339933 -0.005230008 0.991461992
1773244977.989808 -0.246039569 0.059359737 0.612500429 -0.015424402 0.121356525 -0.005605390 0.992473304
1773244978.023407 -0.246003047 0.059330028 0.612546504 -0.016607340 0.114377812 -0.003967391 0.993290603
1773244978.063675 -0.245952561 0.059365559 0.612592459 -0.015483945 0.106766909 -0.003649946 0.994156778
1773244978.089889 -0.245906889 0.059335090 0.612651110 -0.016656980 0.099592499 -0.002830177 0.994884849
1773244978.129784 -0.245893568 0.059194300 0.612715721 -0.019875038 0.091636337 -0.002896734 0.995589972
1773244978.156890 -0.245982230 0.059032038 0.612743735 -0.023828071 0.087036870 -0.002376923 0.995917261
1773244978.189896 -0.246033758 0.059275709 0.612826228 -0.018249469 0.080731302 -0.000537178 0.996568680
1773244978.229768 -0.246042222 0.059211556 0.612854660 -0.019600373 0.074136950 -0.000345819 0.997055352
1773244978.258039 -0.246057838 0.059244573 0.612893343 -0.018741192 0.067352235 0.001124292 0.997552574
1773244978.295973 -0.245895207 0.059290200 0.613100648 -0.018005107 0.055766039 0.004243911 0.998272479
1773244978.324886 -0.245900497 0.059223950 0.613134503 -0.019377574 0.049189597 0.004206493 0.998592615
1773244978.362777 -0.245934695 0.059137546 0.613161445 -0.021594783 0.043184724 0.005362879 0.998819292
1773244978.391059 -0.245949924 0.059211157 0.613189876 -0.019881986 0.036432788 0.006703904 0.999115825
1773244978.424853 -0.246032059 0.059269093 0.613058567 -0.017966216 0.031846631 0.007096374 0.999306083
1773244978.464009 -0.246012360 0.059332356 0.613258481 -0.016525371 0.023821622 0.008554054 0.999543011
1773244978.491732 -0.246051058 0.059348065 0.613310695 -0.016018480 0.017618906 0.010071195 0.999665678
1773244978.529543 -0.246050239 0.059350226 0.613312244 -0.016030615 0.010402900 0.010843304 0.999758601
1773244978.558173 -0.246088341 0.059320509 0.613369703 -0.016198132 0.004348289 0.010548623 0.999803662
1773244978.591077 -0.246112958 0.059282087 0.613347054 -0.017365061 -0.001495647 0.012568635 0.999769092
1773244978.630661 -0.246130869 0.059269823 0.613374352 -0.017370658 -0.007532298 0.013275013 0.999732614
1773244978.658104 -0.246125937 0.059283614 0.613362789 -0.017118037 -0.013701979 0.014919394 0.999648273
1773244978.697813 -0.246156961 0.059300587 0.613406301 -0.016568199 -0.018811014 0.014955143 0.999573946
1773244978.724514 -0.246184185 0.059309941 0.613435388 -0.015970219 -0.023828892 0.014898850 0.999477446
1773244978.765955 -0.246038124 0.059324685 0.613527358 -0.016168186 -0.033928391 0.017935451 0.999132514
1773244978.792199 -0.246070430 0.059321254 0.613560319 -0.015946239 -0.038718209 0.018452398 0.998952508
1773244978.824654 -0.246081516 0.059351046 0.613575935 -0.015357514 -0.044200242 0.019051950 0.998722970
1773244978.865516 -0.246108770 0.059366554 0.613610744 -0.014923881 -0.048764832 0.020177735 0.998494923
1773244978.892063 -0.246121556 0.059393425 0.613624454 -0.014114588 -0.054250970 0.020683300 0.998213291
1773244978.930848 -0.246137530 0.059419796 0.613638103 -0.013116445 -0.060204577 0.021496896 0.997868359
1773244978.957356 -0.246126115 0.059443548 0.613616347 -0.012433089 -0.066336043 0.022407467 0.997468233
1773244978.992882 -0.246151164 0.059451617 0.613658130 -0.012314815 -0.072038509 0.023597801 0.997046590
1773244979.031897 -0.246151790 0.059459016 0.613655329 -0.011819934 -0.078016669 0.024142725 0.996589601
1773244979.057356 -0.246194690 0.059453163 0.613719702 -0.012044041 -0.083749466 0.025505433 0.996087551
1773244979.098071 -0.246215284 0.059466228 0.613745749 -0.011240989 -0.090144217 0.025968609 0.995526612
1773244979.125224 -0.246241346 0.059468709 0.613781989 -0.011426602 -0.097108074 0.026330175 0.994859874
1773244979.164497 -0.246245235 0.059469864 0.613789678 -0.011272006 -0.104450189 0.027951552 0.994073331
1773244979.191694 -0.246252596 0.059465580 0.613799572 -0.011289226 -0.111967891 0.028729253 0.993232310
1773244979.225909 -0.246258020 0.059462864 0.613805234 -0.011717531 -0.119240053 0.030446488 0.992329359
1773244979.264771 -0.246262342 0.059530389 0.613981545 -0.009099937 -0.127326056 0.031321101 0.991324484
1773244979.291432 -0.246295720 0.059506778 0.614024997 -0.009980719 -0.134028971 0.031486869 0.990426779
1773244979.331076 -0.246310920 0.059438784 0.614049792 -0.011044800 -0.141227633 0.032938950 0.989367366
1773244979.358899 -0.246313214 0.059393413 0.614073217 -0.013064506 -0.148565859 0.034422603 0.988216877
1773244979.391923 -0.246229380 0.059191070 0.614039361 -0.017712297 -0.157566339 0.036162533 0.986687064
1773244979.431690 -0.246224344 0.059129819 0.614053249 -0.019674167 -0.164670184 0.036898721 0.985461891
1773244979.459124 -0.246244758 0.059186447 0.614078224 -0.017831290 -0.170561299 0.038908601 0.984417081
1773244979.498657 -0.246312469 0.059253037 0.614133596 -0.016038435 -0.174786627 0.039221022 0.983694136
1773244979.525977 -0.246310085 0.059292570 0.614112854 -0.015121769 -0.180080086 0.038734693 0.982772648
1773244979.565304 -0.246314734 0.059299029 0.614116490 -0.014638929 -0.185164034 0.039958924 0.981785715
1773244979.591978 -0.246303022 0.059303697 0.614107311 -0.014307394 -0.190467879 0.040894315 0.980736911
1773244979.626022 -0.246328250 0.059299961 0.614124775 -0.014323300 -0.195356220 0.040616415 0.979786277
1773244979.664968 -0.246417284 0.059309490 0.614230633 -0.013958212 -0.198894456 0.042067144 0.979018152
1773244979.691962 -0.246387750 0.059275921 0.614220858 -0.014859202 -0.205259591 0.043261334 0.977638006
1773244979.732450 -0.246395662 0.059299331 0.614226580 -0.014085432 -0.210871130 0.043485701 0.976444542
1773244979.758032 -0.246413454 0.059298992 0.614237189 -0.014048850 -0.216617316 0.044730324 0.975130141
1773244979.792318 -0.246418089 0.059298657 0.614236951 -0.013618607 -0.222553104 0.044996310 0.973786414
1773244979.832373 -0.246400625 0.059291430 0.614228070 -0.013974366 -0.229585350 0.046736360 0.972065330
1773244979.859503 -0.246409655 0.059296742 0.614237964 -0.013542732 -0.236326426 0.046636656 0.970459402
1773244979.898492 -0.246399090 0.059292790 0.614227712 -0.013655444 -0.243543699 0.048174541 0.968596518
1773244979.925739 -0.246399909 0.059293047 0.614231348 -0.013685003 -0.250834882 0.048506651 0.966716945
1773244979.965035 -0.246434271 0.059355915 0.614266217 -0.011155399 -0.257692039 0.050337732 0.964850485
1773244979.993246 -0.246444196 0.059356820 0.614270210 -0.011372464 -0.264618248 0.051287532 0.962921321
1773244980.026848 -0.246433318 0.059354544 0.614270031 -0.011043338 -0.272382200 0.052251827 0.960705817
1773244980.065763 -0.246439725 0.059356757 0.614269555 -0.010915826 -0.279492289 0.052993584 0.958622217
1773244980.092927 -0.246433660 0.059348647 0.614269793 -0.010893063 -0.286982715 0.053789143 0.956362367
1773244980.132187 -0.246461585 0.059341032 0.614291251 -0.011196233 -0.292894334 0.054366414 0.954532266
1773244980.160860 -0.246488571 0.059345711 0.614328444 -0.010626749 -0.299195468 0.055264138 0.952530861
1773244980.193731 -0.246533796 0.059368368 0.614389479 -0.010057897 -0.305326521 0.055811957 0.950557530
1773244980.233746 -0.246614903 0.059371889 0.614479780 -0.009505318 -0.310565948 0.056425937 0.948827982
1773244980.260376 -0.246583134 0.059384588 0.614436269 -0.009000690 -0.318660587 0.058255997 0.946034193
1773244980.299110 -0.246532664 0.059377939 0.614401281 -0.008652896 -0.326410234 0.059219703 0.943331599
1773244980.326727 -0.246529862 0.059382871 0.614377677 -0.008471511 -0.333190680 0.060277715 0.940892518
1773244980.372916 -0.246539593 0.059393518 0.614404976 -0.008329823 -0.340024620 0.060005702 0.938463211
1773244980.392709 -0.246555388 0.059397589 0.614423275 -0.008104629 -0.345903903 0.060504593 0.936281979
1773244980.428620 -0.246550724 0.059388719 0.614424288 -0.008045467 -0.352768362 0.062384363 0.933594108
1773244980.469225 -0.246543750 0.059380434 0.614414752 -0.007816203 -0.359246045 0.062415872 0.931120515
1773244980.493743 -0.246558666 0.059382338 0.614438534 -0.007886988 -0.365202576 0.065559290 0.928583264
1773244980.531457 -0.246577501 0.059367143 0.614455581 -0.007815497 -0.370914549 0.065148033 0.926346064
1773244980.560627 -0.246586010 0.059361823 0.614478767 -0.008244989 -0.376635998 0.064081505 0.924105465
1773244980.593033 -0.246590808 0.059369449 0.614482224 -0.007458840 -0.382352382 0.065451384 0.921665430
1773244980.633185 -0.246572420 0.059371404 0.614455819 -0.007335336 -0.388001651 0.066277973 0.919243276
1773244980.659751 -0.246577933 0.059359878 0.614468336 -0.007220863 -0.392834067 0.067941628 0.917067707
1773244980.699947 -0.246579692 0.059359733 0.614468694 -0.007386172 -0.397967935 0.067500636 0.914882839
1773244980.726957 -0.246578664 0.059358340 0.614469945 -0.007426005 -0.403061152 0.068137981 0.912602723
1773244980.766258 -0.246594131 0.059367053 0.614462018 -0.006721037 -0.407423258 0.068720467 0.910625398
1773244980.794145 -0.246570066 0.059355304 0.614523947 -0.007095754 -0.414008319 0.068860583 0.907637000
1773244980.827511 -0.246568516 0.059354886 0.614522696 -0.005884386 -0.419369638 0.070027292 0.905091524
1773244980.867834 -0.246578828 0.059351839 0.614543438 -0.006486998 -0.425293446 0.070301883 0.902297676
1773244980.892841 -0.246574044 0.059356205 0.614529729 -0.006049914 -0.430624068 0.070302039 0.899768829
1773244980.934029 -0.246607721 0.059357457 0.614576995 -0.005884388 -0.436717778 0.071174584 0.896759212
1773244980.961507 -0.246610507 0.059356861 0.614581823 -0.004983369 -0.442661554 0.071734138 0.893800914
1773244980.994518 -0.246585757 0.059362032 0.614581108 -0.005436441 -0.448746711 0.073370807 0.890625358
1773244981.037405 -0.246618316 0.059352528 0.614586592 -0.004489005 -0.452381819 0.073024690 0.888818264
1773244981.061102 -0.246631339 0.059352852 0.614585876 -0.005939682 -0.456476033 0.076047271 0.886459887
1773244981.100517 -0.246641800 0.059355751 0.614584684 -0.005410990 -0.460598350 0.076820783 0.884261489
1773244981.127791 -0.246664762 0.059360914 0.614584327 -0.003791306 -0.463307768 0.075946055 0.882929087
1773244981.166397 -0.246655434 0.059354424 0.614577293 -0.004065047 -0.468616992 0.075800359 0.880134046
1773244981.194848 -0.246653557 0.059353929 0.614578784 -0.003274460 -0.473015815 0.074792191 0.877867520
1773244981.228135 -0.246654272 0.059353665 0.614578128 -0.003834584 -0.476435065 0.074958704 0.876000047
1773244981.265907 -0.246683121 0.059352539 0.614578724 -0.003646966 -0.478142619 0.077029668 0.874890149
1773244981.293829 -0.246687695 0.059350330 0.614579678 -0.003787491 -0.480949581 0.076987512 0.873353362
1773244981.333422 -0.246703371 0.059348989 0.614581227 -0.003833833 -0.482290834 0.077051558 0.872607470
1773244981.360778 -0.246712834 0.059349950 0.614580512 -0.003678109 -0.483227551 0.077556215 0.872045040
1773244981.394891 -0.246722594 0.059350159 0.614581347 -0.003571124 -0.483695447 0.077502042 0.871790946
1773244981.433269 -0.246732980 0.059348486 0.614582479 -0.004278811 -0.483294040 0.078306094 0.871938527
1773244981.461679 -0.246744186 0.059347574 0.614588380 -0.004185934 -0.482927829 0.077522188 0.872211874
1773244981.500983 -0.246756658 0.059350256 0.614594817 -0.004475416 -0.482109219 0.077666044 0.872650385
1773244981.528295 -0.246762469 0.059352722 0.614603400 -0.004168731 -0.482157081 0.077667840 0.872625291
1773244981.567260 -0.246779174 0.059354492 0.614605665 -0.003946207 -0.480939835 0.077703051 0.873294652
1773244981.594138 -0.246788025 0.059357181 0.614607632 -0.003423081 -0.480193734 0.077280752 0.873744786
1773244981.627857 -0.246792153 0.059359752 0.614609301 -0.002639446 -0.479157299 0.075997874 0.874428749
1773244981.667935 -0.246797517 0.059354112 0.614620090 -0.004491165 -0.479553759 0.077045359 0.874112129
1773244981.693530 -0.246821165 0.059358638 0.614623487 -0.003340100 -0.478301704 0.077287205 0.874781728
1773244981.733652 -0.246828794 0.059367377 0.614629865 -0.002414275 -0.478437394 0.077124834 0.874724865
1773244981.762118 -0.246839419 0.059355602 0.614633501 -0.004185155 -0.477322310 0.077545017 0.875290036
1773244981.795110 -0.246848002 0.059358418 0.614631295 -0.004193622 -0.476689696 0.076877005 0.875693619
1773244981.834706 -0.246865302 0.059359897 0.614642978 -0.003856800 -0.476557493 0.076996565 0.875756562
1773244981.862507 -0.246872500 0.059359089 0.614643812 -0.003868507 -0.476613313 0.076726511 0.875749826
1773244981.901808 -0.246883318 0.059358846 0.614644170 -0.004425665 -0.476085842 0.077245288 0.875988483
1773244981.928188 -0.246891856 0.059355997 0.614645839 -0.004625602 -0.475993216 0.077292629 0.876033604
1773244981.975213 -0.246906087 0.059360374 0.614658952 -0.004457672 -0.476848602 0.076980732 0.875596642
1773244981.997726 -0.246913046 0.059362397 0.614668250 -0.003570276 -0.477904528 0.076599211 0.875058353
1773244982.028957 -0.246918499 0.059359360 0.614660919 -0.004644843 -0.477825284 0.077622473 0.875006378
1773244982.077059 -0.246930912 0.059359554 0.614674330 -0.004723032 -0.478839636 0.077199623 0.874488711
1773244982.096329 -0.246940777 0.059360765 0.614678383 -0.004122426 -0.479161054 0.077014849 0.874332011
1773244982.135525 -0.246957690 0.059361618 0.614684761 -0.004380862 -0.479600191 0.077232815 0.874070704
1773244982.163574 -0.246966943 0.059363272 0.614688575 -0.003632586 -0.480086803 0.077212177 0.873808742
1773244982.195058 -0.246977255 0.059364311 0.614693880 -0.003674051 -0.480276763 0.077275053 0.873698592
1773244982.237693 -0.246983573 0.059362974 0.614699125 -0.004138906 -0.480712295 0.077231944 0.873460770
1773244982.262973 -0.246988922 0.059358314 0.614715934 -0.004630523 -0.481662661 0.077033080 0.872952223
1773244982.302295 -0.247004062 0.059362873 0.614709795 -0.004095414 -0.480220526 0.077189438 0.873735249
1773244982.329450 -0.247016177 0.059366994 0.614711761 -0.003643784 -0.479475260 0.077325627 0.874134421
1773244982.367986 -0.247025549 0.059364792 0.614714444 -0.003597268 -0.478633344 0.077193685 0.874607503
1773244982.396361 -0.247035205 0.059362683 0.614717245 -0.004293872 -0.477680564 0.077009022 0.875141382
1773244982.429303 -0.247043639 0.059367023 0.614728987 -0.003317874 -0.477459252 0.076962359 0.875270486
1773244982.468592 -0.247051492 0.059365343 0.614740133 -0.004237141 -0.477385163 0.076997794 0.875303805
1773244982.495292 -0.247061253 0.059367344 0.614751399 -0.003527972 -0.476904452 0.076740183 0.875591576
1773244982.534536 -0.247074068 0.059368469 0.614758730 -0.003754428 -0.476151317 0.076645069 0.876008749
1773244982.561848 -0.247083768 0.059366979 0.614762962 -0.003912628 -0.475306511 0.076553836 0.876474679
1773244982.602081 -0.247092381 0.059367798 0.614769101 -0.003849629 -0.474487573 0.076680839 0.876907527
1773244982.630170 -0.247101247 0.059369128 0.614776075 -0.003788747 -0.473821044 0.076309584 0.877300441
1773244982.662127 -0.247110099 0.059370343 0.614783764 -0.003898185 -0.473494679 0.076626666 0.877448559
1773244982.702353 -0.247121692 0.059372332 0.614783883 -0.003598485 -0.472437888 0.076215178 0.878055096
1773244982.729064 -0.247131988 0.059376463 0.614796340 -0.003263089 -0.472239196 0.076365724 0.878150165
1773244982.770755 -0.247142524 0.059378661 0.614802837 -0.002890006 -0.471444577 0.076145954 0.878597438
1773244982.797161 -0.247151807 0.059376460 0.614805579 -0.003341159 -0.470448762 0.076086223 0.879134595
1773244982.829083 -0.247161016 0.059376016 0.614816368 -0.003850741 -0.470049351 0.076107949 0.879344285
1773244982.868638 -0.247170359 0.059378456 0.614824533 -0.003478055 -0.469411075 0.076087855 0.879688442
1773244982.897006 -0.247181028 0.059379306 0.614831865 -0.003430099 -0.468825668 0.075868607 0.880019724
1773244982.935575 -0.247190878 0.059379529 0.614843071 -0.003541367 -0.468462199 0.075932480 0.880207241
1773244982.963604 -0.247201577 0.059380654 0.614843667 -0.003639715 -0.467253536 0.075702079 0.880868912
1773244983.001995 -0.247209325 0.059380703 0.614859104 -0.003643774 -0.467221349 0.075260498 0.880923808
1773244983.028528 -0.247220829 0.059381839 0.614854097 -0.003456481 -0.465867788 0.075389050 0.881630123
1773244983.062515 -0.247229144 0.059383638 0.614859641 -0.003398534 -0.465368211 0.075320601 0.881900012
1773244983.103129 -0.247240499 0.059386399 0.614864588 -0.003466251 -0.464518964 0.075257607 0.882352769
1773244983.130272 -0.247249171 0.059385113 0.614883184 -0.003446950 -0.464940727 0.075174414 0.882137716
1773244983.170171 -0.247261316 0.059388742 0.614891410 -0.003238651 -0.464332789 0.074958533 0.882477045
1773244983.196543 -0.247270763 0.059389748 0.614898682 -0.002856239 -0.463781893 0.074616402 0.882797003
1773244983.230395 -0.247280195 0.059389684 0.614915371 -0.003080645 -0.464003503 0.074578628 0.882682979
1773244983.269901 -0.247291341 0.059389181 0.614911675 -0.003494903 -0.462744802 0.074866682 0.883317590
1773244983.297081 -0.247302562 0.059392001 0.614912748 -0.003692656 -0.461569518 0.074991830 0.883920908
1773244983.335901 -0.247313082 0.059391279 0.614916921 -0.003161750 -0.460634917 0.074528888 0.884449482
1773244983.363837 -0.247322261 0.059394129 0.614933372 -0.003382532 -0.460776299 0.074528687 0.884375036
1773244983.402818 -0.247334138 0.059396669 0.614949465 -0.003025083 -0.460786939 0.074236408 0.884395361
1773244983.429966 -0.247340426 0.059393242 0.614949286 -0.003806550 -0.460252166 0.074371055 0.884659469
1773244983.464063 -0.247352928 0.059396926 0.614957333 -0.003283340 -0.459762961 0.074095227 0.884939075
1773244983.503021 -0.247364178 0.059399869 0.614960313 -0.003148027 -0.458961278 0.074253626 0.885342360
1773244983.530347 -0.247373328 0.059397981 0.614967704 -0.003661673 -0.458660066 0.074389637 0.885484993
1773244983.573781 -0.247383535 0.059395101 0.614983797 -0.004362544 -0.459031582 0.074267760 0.885299563
1773244983.596099 -0.247396082 0.059398971 0.614984393 -0.003796570 -0.458018452 0.074134834 0.885837853
1773244983.629882 -0.247405887 0.059400935 0.614998341 -0.003981171 -0.458187222 0.073780745 0.885779321
1773244983.671299 -0.247415364 0.059398036 0.615010500 -0.005096253 -0.458605796 0.074389189 0.885506094
1773244983.697505 -0.247424290 0.059402786 0.615027606 -0.004225128 -0.459202588 0.074207991 0.885216534
1773244983.736279 -0.247436434 0.059403170 0.615040660 -0.004480188 -0.459642977 0.074061491 0.884998977
1773244983.763239 -0.247449875 0.059401788 0.615031123 -0.004641450 -0.458487034 0.074007213 0.885602057
1773244983.803903 -0.247462898 0.059406947 0.615034461 -0.004313586 -0.458222687 0.074460931 0.885702550
1773244983.830295 -0.247473881 0.059407335 0.615042925 -0.003952991 -0.458390176 0.074205942 0.885638893
1773244983.862961 -0.247484848 0.059412088 0.615050733 -0.003331233 -0.458557785 0.073984787 0.885573208
1773244983.902710 -0.247495741 0.059411693 0.615054846 -0.003754683 -0.458790958 0.074369192 0.885418534
1773244983.930665 -0.247507676 0.059413671 0.615062833 -0.002915173 -0.459318846 0.073855676 0.885190904
1773244983.969482 -0.247516036 0.059413444 0.615076065 -0.003099272 -0.460397333 0.073952645 0.884621799
1773244983.997671 -0.247527018 0.059413858 0.615077257 -0.003325937 -0.460286289 0.074158750 0.884661496
1773244984.031385 -0.247541547 0.059414141 0.615076602 -0.003539193 -0.460302263 0.074214190 0.884647667
1773244984.070338 -0.247551903 0.059411950 0.615089357 -0.004143243 -0.461142242 0.074405342 0.884191453
1773244984.097658 -0.247561574 0.059414696 0.615093827 -0.003708248 -0.461407483 0.074304044 0.884063482
1773244984.137737 -0.247577056 0.059411950 0.615090668 -0.004098030 -0.461062789 0.074283734 0.884243309
1773244984.164069 -0.247586459 0.059414953 0.615095556 -0.003899400 -0.461435825 0.074178152 0.884058475
1773244984.205575 -0.247598976 0.059422754 0.615111649 -0.003106470 -0.462515086 0.074240707 0.883492172
1773244984.231066 -0.247608587 0.059415754 0.615119457 -0.003796217 -0.462931007 0.074199244 0.883275151
1773244984.264395 -0.247620597 0.059414327 0.615130901 -0.004082324 -0.463736087 0.074162878 0.882854462
1773244984.303710 -0.247632623 0.059418287 0.615136981 -0.003795844 -0.464168280 0.074188955 0.882626414
1773244984.330338 -0.247644290 0.059420038 0.615138888 -0.003480400 -0.464240581 0.074019462 0.882603943
1773244984.370263 -0.247653663 0.059419297 0.615148783 -0.004083158 -0.465161145 0.074184239 0.882102668
1773244984.397077 -0.247667700 0.059419092 0.615150690 -0.004027259 -0.465081662 0.074150153 0.882147729
1773244984.431017 -0.247679666 0.059420727 0.615158737 -0.004675657 -0.465699315 0.074236147 0.881811380
1773244984.470999 -0.247688562 0.059414625 0.615177274 -0.005055338 -0.466780573 0.074317046 0.881230593
1773244984.497890 -0.247700498 0.059419025 0.615178645 -0.004744161 -0.467056215 0.074178189 0.881097972
1773244984.537313 -0.247712880 0.059426293 0.615189433 -0.003819262 -0.467568934 0.074375898 0.880813777
1773244984.565557 -0.247723639 0.059426256 0.615195513 -0.003961165 -0.467839420 0.074145876 0.880688906
1773244984.603964 -0.247734889 0.059423111 0.615197062 -0.004319646 -0.467897147 0.074053511 0.880664349
1773244984.631385 -0.247749731 0.059427612 0.615207314 -0.004249576 -0.468304157 0.074206620 0.880435407
1773244984.665299 -0.247763902 0.059423916 0.615220666 -0.004444569 -0.468741059 0.073973648 0.880221546
1773244984.704333 -0.247776732 0.059428897 0.615226328 -0.004252370 -0.468783885 0.074269325 0.880174816
1773244984.732778 -0.247789592 0.059430934 0.615231812 -0.003533127 -0.468874633 0.074057221 0.880147517
1773244984.772631 -0.247801423 0.059425887 0.615238309 -0.004642806 -0.468975186 0.074343629 0.880064666
1773244984.798827 -0.247814253 0.059430480 0.615235806 -0.004199372 -0.468622297 0.074339613 0.880255163
1773244984.837170 -0.247829214 0.059430618 0.615243316 -0.004408576 -0.468644202 0.074696526 0.880212247
1773244984.865561 -0.247842357 0.059435766 0.615257561 -0.004307408 -0.469268054 0.074522302 0.879895091
1773244984.898927 -0.247853935 0.059432119 0.615270138 -0.004628704 -0.469653219 0.074792154 0.879665077
1773244984.945311 -0.247868747 0.059425939 0.615283966 -0.005543830 -0.470430702 0.074507728 0.879268348
1773244984.966317 -0.247875139 0.059422418 0.615291834 -0.006038761 -0.470629424 0.074680395 0.879144073
1773244985.008676 -0.247881532 0.059420209 0.615298629 -0.005753201 -0.471037030 0.073591217 0.879019558
1773244985.033478 -0.247892648 0.059417482 0.615309656 -0.005553760 -0.471248001 0.073802985 0.878889978
1773244985.065804 -0.247916579 0.059436925 0.615307808 -0.004820102 -0.470641702 0.074704692 0.879143000
1773244985.103714 -0.247926116 0.059432946 0.615307450 -0.004783050 -0.470227450 0.074533775 0.879379272
1773244985.131200 -0.247939378 0.059434127 0.615306973 -0.004118884 -0.469845444 0.073666528 0.879659891
1773244985.171437 -0.247950032 0.059446570 0.615320444 -0.003553975 -0.470277280 0.074999817 0.879318893
1773244985.198576 -0.247965366 0.059436578 0.615317822 -0.004235932 -0.469796985 0.074440442 0.879620075
1773244985.238416 -0.247975171 0.059434690 0.615346313 -0.004437581 -0.471329749 0.074252337 0.878814638
1773244985.265940 -0.247993812 0.059428222 0.615338445 -0.004990984 -0.470037550 0.073884174 0.879534483
1773244985.299932 -0.247998044 0.059440855 0.615352511 -0.004269000 -0.470454127 0.074627616 0.879252732
1773244985.338809 -0.248015344 0.059435535 0.615372896 -0.004334480 -0.471252948 0.074764267 0.878812909
1773244985.366295 -0.248031557 0.059445385 0.615381360 -0.003922030 -0.470975906 0.075217769 0.878924668
1773244985.404190 -0.248038843 0.059446741 0.615383029 -0.003821361 -0.470502406 0.075208500 0.879179478
1773244985.432065 -0.248052970 0.059446961 0.615389168 -0.004125337 -0.470133245 0.075496107 0.879350901
1773244985.466540 -0.248063698 0.059447005 0.615386605 -0.003932803 -0.469202250 0.075235426 0.879871249
1773244985.505838 -0.248074576 0.059451155 0.615396976 -0.003773769 -0.469336718 0.075396739 0.879786432
1773244985.533353 -0.248086855 0.059441451 0.615406990 -0.004806212 -0.469300777 0.075278074 0.879810691
1773244985.572597 -0.248101786 0.059441973 0.615423799 -0.004563469 -0.469359368 0.075091682 0.879796684
1773244985.600176 -0.248116314 0.059444252 0.615423560 -0.004309767 -0.468636602 0.074984498 0.880192280
1773244985.639804 -0.248127192 0.059438229 0.615432262 -0.004814550 -0.468557060 0.074747726 0.880252123
1773244985.668283 -0.248137191 0.059444450 0.615439892 -0.004304448 -0.468626142 0.074479774 0.880240738
1773244985.701548 -0.248148307 0.059462909 0.615435183 -0.003377282 -0.467746019 0.075253397 0.880647004
1773244985.741955 -0.248163149 0.059461303 0.615451276 -0.003368277 -0.468081683 0.075025775 0.880488098
1773244985.767203 -0.248176888 0.059459858 0.615457177 -0.003675541 -0.467688560 0.075582452 0.880648136
1773244985.804130 -0.248189881 0.059456885 0.615454435 -0.003450050 -0.466965020 0.074707575 0.881107569
1773244985.833618 -0.248199925 0.059467003 0.615467310 -0.003364721 -0.467064977 0.075530708 0.880984724
1773244985.867910 -0.248208269 0.059471946 0.615469694 -0.002520073 -0.466628969 0.075316295 0.881236911
1773244985.908978 -0.248225391 0.059471749 0.615484357 -0.002965370 -0.466870546 0.075490534 0.881092668
1773244985.933790 -0.248232633 0.059464715 0.615492344 -0.003203272 -0.466577888 0.075011343 0.881287754
1773244985.972115 -0.248243332 0.059457526 0.615493596 -0.003714886 -0.466087312 0.074453577 0.881592572
1773244986.001545 -0.248251125 0.059449460 0.615499198 -0.003559694 -0.465920568 0.073451564 0.881765366
1773244986.040656 -0.248267472 0.059445463 0.615509868 -0.004503927 -0.465702474 0.073589668 0.881864786
1773244986.067133 -0.248278499 0.059442248 0.615517616 -0.004291659 -0.465413958 0.073270574 0.882044673
1773244986.100540 -0.248286024 0.059442449 0.615520597 -0.004559383 -0.465180397 0.073453963 0.882151306
1773244986.142761 -0.248304233 0.059471339 0.615507245 -0.002378373 -0.463559449 0.074425541 0.882931352
1773244986.166719 -0.248318493 0.059468873 0.615504622 -0.002804130 -0.462731332 0.074679136 0.883342981
1773244986.206883 -0.248327568 0.059465896 0.615510821 -0.002948172 -0.462309092 0.074370757 0.883589625
1773244986.233624 -0.248342633 0.059461430 0.615527391 -0.003216102 -0.462413609 0.074071713 0.883559108
1773244986.266772 -0.248350710 0.059461363 0.615552723 -0.003304010 -0.463529944 0.074081615 0.882972777
1773244986.305778 -0.248359963 0.059459969 0.615561366 -0.003307681 -0.463439822 0.073377237 0.883078933
1773244986.333003 -0.248366967 0.059456918 0.615569174 -0.003713199 -0.463527977 0.073276587 0.883039355
1773244986.373422 -0.248382717 0.059449930 0.615587115 -0.003803610 -0.463815749 0.072609477 0.882942975
1773244986.399612 -0.248391986 0.059469972 0.615593076 -0.002428042 -0.463382334 0.073564760 0.883096337
1773244986.439264 -0.248407185 0.059462976 0.615591586 -0.003351718 -0.462366402 0.073222332 0.883654058
1773244986.467217 -0.248420790 0.059468515 0.615601301 -0.002989601 -0.462279946 0.073416278 0.883684516
1773244986.499895 -0.248432174 0.059475034 0.615608335 -0.002357186 -0.462138325 0.073585182 0.883746445
1773244986.539012 -0.248453006 0.059471942 0.615626454 -0.002881279 -0.462065637 0.073868185 0.883759260
1773244986.567159 -0.248462513 0.059469845 0.615622044 -0.003504682 -0.461288005 0.074031331 0.884149551
1773244986.606028 -0.248476446 0.059484657 0.615638793 -0.001973235 -0.461489618 0.074223995 0.884032905
1773244986.634309 -0.248490587 0.059485823 0.615648270 -0.002353591 -0.461479366 0.073891953 0.884065151
1773244986.673389 -0.248501450 0.059487209 0.615648031 -0.001660745 -0.460815400 0.073916234 0.884410977
1773244986.699789 -0.248515084 0.059483353 0.615652621 -0.002540485 -0.460103482 0.073701978 0.884797335
1773244986.734254 -0.248526141 0.059481733 0.615679979 -0.002812090 -0.461263448 0.073741794 0.884189010
1773244986.774433 -0.248540387 0.059486147 0.615676403 -0.002696252 -0.460212737 0.074328870 0.884687603
1773244986.801395 -0.248551771 0.059487514 0.615679026 -0.002523002 -0.459794790 0.074073344 0.884926856
1773244986.841449 -0.248563185 0.059485041 0.615675032 -0.002617493 -0.458884358 0.073811874 0.885420859
1773244986.867597 -0.248579875 0.059483316 0.615682364 -0.002671520 -0.458644986 0.073189020 0.885596395
1773244986.901152 -0.248587817 0.059473190 0.615701914 -0.004390887 -0.459302783 0.073722377 0.885204315
1773244986.940070 -0.248599887 0.059478004 0.615709066 -0.003372621 -0.459064424 0.073010139 0.885391414
1773244986.966471 -0.248614356 0.059484027 0.615711093 -0.003320465 -0.458634555 0.073861226 0.885543823
1773244987.007158 -0.248622432 0.059478424 0.615722597 -0.003608567 -0.458956301 0.073378302 0.885416150
1773244987.034713 -0.248634890 0.059477337 0.615723014 -0.003550992 -0.458407789 0.073657840 0.885677278
1773244987.073388 -0.248652965 0.059479777 0.615707636 -0.003243854 -0.456684858 0.073116526 0.886612892
1773244987.101553 -0.248666033 0.059483856 0.615706563 -0.002836719 -0.455833852 0.073221162 0.887043476
1773244987.134485 -0.248670891 0.059477922 0.615746260 -0.003457956 -0.458146960 0.072892323 0.885875881
1773244987.174448 -0.248680606 0.059482086 0.615746498 -0.003439580 -0.457620889 0.073035151 0.886136055
1773244987.200570 -0.248693198 0.059485458 0.615732133 -0.003384222 -0.456031799 0.073326580 0.886931062
1773244987.240404 -0.248710766 0.059481703 0.615738928 -0.003386072 -0.455566645 0.072981648 0.887198508
1773244987.268417 -0.248718381 0.059483670 0.615780830 -0.003576929 -0.457534045 0.072833292 0.886196971
1773244987.301119 -0.248726472 0.059481531 0.615773141 -0.004336322 -0.456342310 0.073005736 0.886793673
1773244987.341449 -0.248744220 0.059484787 0.615775943 -0.003956127 -0.455534160 0.073272891 0.887188852
1773244987.368491 -0.248754561 0.059492733 0.615785360 -0.003052293 -0.455644846 0.072878487 0.887168050
1773244987.407121 -0.248767033 0.059483338 0.615792036 -0.004077515 -0.455113620 0.072464563 0.887470484
1773244987.435248 -0.248780072 0.059481382 0.615810633 -0.003992819 -0.455569506 0.071570665 0.887309492
1773244987.473936 -0.248794198 0.059490290 0.615827084 -0.003191600 -0.455667287 0.071975313 0.887229800
1773244987.501075 -0.248801515 0.059499837 0.615829706 -0.003244541 -0.455465347 0.072739102 0.887270927
1773244987.535147 -0.248822704 0.059492901 0.615807533 -0.003248089 -0.452929080 0.072221555 0.888610542
1773244987.575451 -0.248830408 0.059502490 0.615839362 -0.002622105 -0.454378664 0.072476141 0.887851536
1773244987.601533 -0.248843446 0.059500773 0.615860939 -0.002865861 -0.455584377 0.072615087 0.887221336
1773244987.640866 -0.248853818 0.059505302 0.615867555 -0.002628626 -0.455267876 0.073147178 0.887340784
1773244987.667412 -0.248864070 0.059502017 0.615874648 -0.002381591 -0.454874396 0.071797326 0.887653530
1773244987.702373 -0.248877376 0.059508979 0.615884364 -0.002717447 -0.454882056 0.073216140 0.887532711
1773244987.740571 -0.248890653 0.059509609 0.615895510 -0.002308503 -0.454680771 0.072774574 0.887673318
1773244987.769307 -0.248904750 0.059503380 0.615897179 -0.002679674 -0.453937113 0.072230197 0.888097227
1773244987.809416 -0.248915240 0.059502695 0.615902424 -0.002569991 -0.453759640 0.072207414 0.888190091
1773244987.836453 -0.248934433 0.059498418 0.615901709 -0.003496212 -0.452872813 0.072257012 0.888635397
1773244987.874292 -0.248946249 0.059495091 0.615908682 -0.003325393 -0.452653140 0.071776062 0.888786972
1773244987.902466 -0.248960182 0.059510931 0.615910769 -0.002670757 -0.452501029 0.072821543 0.888781548
1773244987.935536 -0.248971269 0.059507955 0.615923226 -0.002913216 -0.452824414 0.072780207 0.888619483
1773244987.975364 -0.248984948 0.059510253 0.615922332 -0.002649112 -0.451936871 0.072157614 0.889122725
1773244988.002746 -0.248995453 0.059512060 0.615921557 -0.002659357 -0.451351404 0.072664268 0.889378846
1773244988.042993 -0.249001205 0.059505276 0.615949035 -0.003317089 -0.452857107 0.072285935 0.888641775
1773244988.069671 -0.249014914 0.059508648 0.615951717 -0.003052232 -0.452499479 0.071806699 0.888863742
1773244988.102919 -0.249025717 0.059514247 0.615962684 -0.002266160 -0.452753305 0.071531206 0.888759077
1773244988.142515 -0.249038905 0.059510797 0.615962744 -0.003275483 -0.452200890 0.072170861 0.888985395
1773244988.170413 -0.249054477 0.059516784 0.615983248 -0.002992440 -0.452811986 0.072083287 0.888682365
1773244988.209549 -0.249068409 0.059520692 0.615986407 -0.002650180 -0.452300757 0.071964458 0.888953388
1773244988.235413 -0.249076769 0.059518866 0.615986586 -0.003353094 -0.452074915 0.072127894 0.889052629
1773244988.275737 -0.249087200 0.059525669 0.615993321 -0.002736933 -0.452329248 0.072009176 0.888934970
1773244988.302934 -0.249102816 0.059516866 0.616000295 -0.003891880 -0.452287495 0.072029307 0.888950348
1773244988.336365 -0.249115780 0.059523623 0.616017938 -0.003812923 -0.452872902 0.072188027 0.888639688
1773244988.375829 -0.249125332 0.059513740 0.616012931 -0.004517391 -0.452208966 0.071759082 0.889009178
1773244988.403007 -0.249142438 0.059516765 0.616042376 -0.004193865 -0.453523546 0.072066054 0.888315976
1773244988.441584 -0.249158055 0.059513610 0.616049170 -0.004602815 -0.453698128 0.072061256 0.888225198
1773244988.470045 -0.249169379 0.059516843 0.616055250 -0.003601209 -0.453812093 0.071522661 0.888215125
1773244988.503483 -0.249180868 0.059516221 0.616062224 -0.004394031 -0.454027593 0.072135486 0.888051867
1773244988.543574 -0.249192312 0.059511937 0.616074920 -0.004516084 -0.454390436 0.071496129 0.887917340
1773244988.570034 -0.249209344 0.059522398 0.616074324 -0.003507513 -0.453638077 0.071830116 0.888279557
1773244988.609505 -0.249224856 0.059521317 0.616080999 -0.003865180 -0.453761160 0.071853295 0.888213336
1773244988.637236 -0.249231279 0.059507973 0.616086245 -0.006227981 -0.453492910 0.072275288 0.888302624
1773244988.675469 -0.249245033 0.059528783 0.616091967 -0.005303659 -0.453728259 0.074903138 0.887970746
1773244988.702251 -0.249254033 0.059520308 0.616092920 -0.004550150 -0.453647465 0.070727944 0.888358474
1773244988.736808 -0.249266043 0.059526276 0.616114557 -0.004152781 -0.455217540 0.072560847 0.887408972
1773244988.775128 -0.249279380 0.059529129 0.616105676 -0.005200196 -0.454901934 0.072702266 0.887553692
1773244988.803924 -0.249293193 0.059535112 0.616128325 -0.003005449 -0.456134081 0.072311752 0.886963189
1773244988.842566 -0.249301314 0.059532799 0.616123319 -0.004766051 -0.456161171 0.072828405 0.886899233
1773244988.869107 -0.249313012 0.059537005 0.616139174 -0.003724102 -0.457262635 0.072658770 0.886350811
1773244988.903999 -0.249326646 0.059540369 0.616137385 -0.003816623 -0.456969649 0.072634295 0.886503518
1773244988.943707 -0.249337822 0.059531827 0.616144836 -0.004059411 -0.457495511 0.072245613 0.886262894
1773244988.970141 -0.249352962 0.059540439 0.616150856 -0.003699585 -0.457969576 0.072559878 0.885993958
1773244989.010039 -0.249370173 0.059542693 0.616146207 -0.002896889 -0.457189828 0.071999498 0.886445224
1773244989.037254 -0.249373093 0.059529524 0.616135776 -0.004800181 -0.456720144 0.072268635 0.886657119
1773244989.077238 -0.249391153 0.059539512 0.616166949 -0.003720716 -0.458264828 0.072771266 0.885823786
1773244989.103365 -0.249405265 0.059537362 0.616172075 -0.003845709 -0.458342969 0.072773539 0.885782659
1773244989.136863 -0.249420464 0.059536960 0.616189659 -0.003670803 -0.459223270 0.072596997 0.885341823
1773244989.176033 -0.249433145 0.059535135 0.616192937 -0.004014337 -0.458994925 0.073005497 0.885425150
1773244989.204806 -0.249447316 0.059531547 0.616185963 -0.005207631 -0.458298057 0.073316164 0.885754168
1773244989.244334 -0.249461606 0.059543546 0.616198838 -0.003586050 -0.458426535 0.072560869 0.885757923
1773244989.269852 -0.249475911 0.059534617 0.616204619 -0.004844631 -0.458353788 0.072879456 0.885763466
1773244989.311313 -0.249493435 0.059539109 0.616224647 -0.004918490 -0.458752960 0.072584800 0.885580540
1773244989.337962 -0.249502718 0.059540473 0.616234779 -0.004503649 -0.458398551 0.072668888 0.885759354
1773244989.394737 -0.249520764 0.059541609 0.616246819 -0.004745214 -0.457986116 0.072386064 0.885994613
1773244989.409233 -0.249530956 0.059539232 0.616247535 -0.005628492 -0.456921160 0.073276274 0.886465967
1773244989.437376 -0.249544322 0.059541412 0.616261601 -0.005874779 -0.456632972 0.072583973 0.886669815
1773244989.476973 -0.249565870 0.059546337 0.616266012 -0.004569108 -0.455094844 0.072220579 0.887497544
1773244989.504947 -0.249579340 0.059548624 0.616270781 -0.004885807 -0.454147011 0.072287001 0.887975872
1773244989.537565 -0.249595553 0.059544880 0.616267920 -0.005178415 -0.452364177 0.072037086 0.888904095
1773244989.575378 -0.249608427 0.059540678 0.616259098 -0.005476645 -0.450555056 0.071858317 0.889835119
1773244989.604099 -0.249620125 0.059527989 0.616253257 -0.006940509 -0.448580533 0.071506567 0.890850246
1773244989.642292 -0.249626473 0.059516586 0.616247177 -0.008525471 -0.447795302 0.071650252 0.891219854
1773244989.670106 -0.249645397 0.059517834 0.616243482 -0.008054535 -0.446179330 0.071899466 0.892014325
1773244989.711249 -0.249658033 0.059538625 0.616285443 -0.005851951 -0.447725952 0.071579657 0.891281962
1773244989.738130 -0.249670625 0.059528880 0.616279483 -0.006630585 -0.446439445 0.071402028 0.891935825
1773244989.771139 -0.249686092 0.059524640 0.616280437 -0.007573508 -0.445124716 0.071804062 0.892552972
1773244989.809749 -0.249695584 0.059528273 0.616290689 -0.006511923 -0.445163012 0.071953513 0.892530203
1773244989.837532 -0.249703050 0.059531517 0.616330743 -0.007028938 -0.446986556 0.071861543 0.891621828
1773244989.877492 -0.249723554 0.059565086 0.616364479 -0.003612502 -0.447702289 0.072199233 0.891255796
1773244989.905103 -0.249735788 0.059560578 0.616389155 -0.003959560 -0.448128045 0.071721308 0.891078889
1773244989.938477 -0.249747410 0.059567563 0.616395354 -0.003334762 -0.447690219 0.071790382 0.891295910
1773244989.979000 -0.249761015 0.059566207 0.616402328 -0.003387525 -0.447146147 0.072679996 0.891496778
1773244990.005219 -0.249772131 0.059560604 0.616406977 -0.004328658 -0.446571261 0.072341986 0.891808271
1773244990.043446 -0.249786720 0.059556898 0.616386890 -0.004099535 -0.443855911 0.071588978 0.893224597
1773244990.071465 -0.249798760 0.059551857 0.616388559 -0.005030834 -0.443004280 0.071517974 0.893648207
1773244990.110821 -0.249808654 0.059557255 0.616383433 -0.003930728 -0.441832930 0.071760170 0.894213974
1773244990.136888 -0.249820441 0.059562508 0.616420865 -0.003562592 -0.443564326 0.071142957 0.893407345
1773244990.171076 -0.249826536 0.059552059 0.616413116 -0.004971595 -0.442199379 0.071854405 0.894020081
1773244990.211262 -0.249840796 0.059552118 0.616409779 -0.005183038 -0.441000640 0.071612954 0.894630194
1773244990.239075 -0.249853343 0.059558619 0.616432071 -0.004827859 -0.441396356 0.072219059 0.894388258
1773244990.277257 -0.249872595 0.059566163 0.616429508 -0.003931604 -0.439838648 0.071582302 0.895210862
1773244990.304580 -0.249885961 0.059565730 0.616436362 -0.004338570 -0.439351410 0.071838923 0.895427644
1773244990.337733 -0.249896511 0.059561245 0.616433501 -0.004722210 -0.438346624 0.071588568 0.895938039
1773244990.377944 -0.249908164 0.059556186 0.616471589 -0.005955151 -0.440021634 0.071860023 0.895087481
1773244990.405182 -0.249927357 0.059563383 0.616474748 -0.004492569 -0.438630044 0.070827678 0.895860970
1773244990.444441 -0.249930933 0.059575420 0.616467178 -0.003250943 -0.437922299 0.070917793 0.896205425
1773244990.471731 -0.249944404 0.059571378 0.616492033 -0.003638653 -0.438126594 0.070592217 0.896129787
1773244990.511620 -0.249956384 0.059565507 0.616493464 -0.004922293 -0.437239230 0.070837803 0.896537542
1773244990.537716 -0.249973133 0.059578352 0.616509736 -0.003261998 -0.437453061 0.070931867 0.896433413
1773244990.572503 -0.249985367 0.059563629 0.616505504 -0.005092089 -0.435970038 0.071199857 0.897125840
1773244990.610924 -0.250001937 0.059573323 0.616520703 -0.004252636 -0.436340988 0.070978791 0.896967351
1773244990.638932 -0.250006258 0.059573404 0.616523981 -0.004624217 -0.436505884 0.071452104 0.896847725
1773244990.678261 -0.250024140 0.059576746 0.616534233 -0.004321907 -0.436161220 0.071442083 0.897017658
1773244990.704945 -0.250034630 0.059575997 0.616557777 -0.004724369 -0.436973065 0.071515314 0.896614611
1773244990.738774 -0.250048041 0.059574336 0.616577268 -0.005552975 -0.437948912 0.071190074 0.896159530
1773244990.777632 -0.250067055 0.059573267 0.616571784 -0.005106748 -0.436548352 0.070765883 0.896878779
1773244990.805085 -0.250078380 0.059574731 0.616575658 -0.004876946 -0.436704546 0.071609303 0.896737099
1773244990.846604 -0.250094980 0.059567757 0.616584063 -0.005946584 -0.436375886 0.071556278 0.896894872
1773244990.872611 -0.250100702 0.059560817 0.616588652 -0.006583634 -0.436589152 0.071399003 0.896799207
1773244990.912049 -0.250113428 0.059565492 0.616596460 -0.006447588 -0.437107950 0.071819447 0.896513820
1773244990.939532 -0.250124842 0.059569266 0.616615057 -0.005612777 -0.437867314 0.071145043 0.896202564
1773244990.971493 -0.250142574 0.059576899 0.616612971 -0.004239870 -0.437166244 0.071288839 0.896540880
1773244991.013627 -0.250150621 0.059585635 0.616637468 -0.004160335 -0.439105183 0.071793057 0.895552933
1773244991.039711 -0.250168651 0.059586845 0.616649806 -0.003243530 -0.438759297 0.070934832 0.895794630
1773244991.079230 -0.250186861 0.059584904 0.616667867 -0.004007922 -0.439666539 0.071515046 0.895300448
1773244991.104882 -0.250200421 0.059584290 0.616661787 -0.004096285 -0.438756168 0.071583144 0.895741045
1773244991.139815 -0.250207305 0.059587721 0.616680145 -0.004184177 -0.440096438 0.072380655 0.895018816
1773244991.184343 -0.250219017 0.059585150 0.616683483 -0.004550714 -0.439952075 0.071855284 0.895130336
1773244991.205722 -0.250234634 0.059594430 0.616692781 -0.003558811 -0.440005630 0.072166614 0.895083487
1773244991.246075 -0.250244915 0.059591483 0.616703272 -0.003995262 -0.440400928 0.071993157 0.894901156
1773244991.273077 -0.250257701 0.059581295 0.616706192 -0.005603122 -0.440281987 0.072782785 0.894887209
1773244991.313254 -0.250270844 0.059597004 0.616729379 -0.003559980 -0.441302657 0.072015442 0.894456863
1773244991.339718 -0.250286132 0.059593543 0.616743088 -0.004540590 -0.441344976 0.072226495 0.894414544
1773244991.372064 -0.250304490 0.059605159 0.616752207 -0.003112683 -0.440999001 0.072403945 0.894576907
1773244991.411646 -0.250312507 0.059599306 0.616753399 -0.004239596 -0.440954059 0.071887776 0.894636095
1773244991.439687 -0.250329137 0.059601568 0.616747081 -0.003574845 -0.439608097 0.072295971 0.895268261
1773244991.478981 -0.250336468 0.059598174 0.616773248 -0.004300577 -0.441421807 0.072287597 0.894372880
1773244991.506114 -0.250353277 0.059600517 0.616768599 -0.003775451 -0.440203726 0.072099008 0.894990623
1773244991.539589 -0.250363886 0.059602801 0.616758347 -0.003622990 -0.439228952 0.072855175 0.895408809
1773244991.579458 -0.250379682 0.059598889 0.616781175 -0.003994571 -0.440386176 0.072224006 0.894889832
1773244991.606226 -0.250394702 0.059596531 0.616789699 -0.004142894 -0.440589577 0.071669579 0.894833565
1773244991.646744 -0.250412047 0.059596661 0.616802216 -0.004309032 -0.440741777 0.071665496 0.894758224
1773244991.673196 -0.250426531 0.059604257 0.616817355 -0.003235260 -0.441234469 0.071991928 0.894493639
1773244991.711960 -0.250435174 0.059597708 0.616840959 -0.004205447 -0.442665040 0.071821906 0.893796146
1773244991.740328 -0.250450581 0.059603520 0.616813123 -0.003972917 -0.440883994 0.071948633 0.894666970
1773244991.773519 -0.250465155 0.059606593 0.616819859 -0.004023888 -0.441219926 0.072151348 0.894484758
1773244991.812158 -0.250476301 0.059603605 0.616820931 -0.004110236 -0.440948367 0.072469339 0.894592524
1773244991.840361 -0.250492930 0.059606090 0.616846561 -0.004158828 -0.442295700 0.071687818 0.893990040
1773244991.879286 -0.250506788 0.059603672 0.616842508 -0.004516880 -0.441969067 0.072119594 0.894115090
1773244991.906102 -0.250520706 0.059610806 0.616851985 -0.003545960 -0.442391098 0.071793325 0.893936932
1773244991.940824 -0.250533283 0.059612699 0.616870344 -0.003635349 -0.443418890 0.072704792 0.893353462
1773244991.979886 -0.250547469 0.059614372 0.616880000 -0.003633280 -0.444063365 0.072378427 0.893059850
1773244992.007572 -0.250557810 0.059613433 0.616896927 -0.003736676 -0.445398450 0.072521038 0.892382741
1773244992.046017 -0.250579059 0.059625577 0.616896629 -0.002063747 -0.444827288 0.072356112 0.892686427
1773244992.074189 -0.250588119 0.059626609 0.616903663 -0.001440627 -0.445777684 0.072075360 0.892236173
1773244992.112541 -0.250604779 0.059628874 0.616908908 -0.001898907 -0.446193635 0.072786294 0.891969621
1773244992.141368 -0.250617683 0.059617784 0.616931677 -0.003450556 -0.447811574 0.072651543 0.891164780
1773244992.173417 -0.250634760 0.059621498 0.616933286 -0.002991694 -0.447655857 0.073007807 0.891215503
1773244992.212861 -0.250649363 0.059619684 0.616942883 -0.003211938 -0.448495835 0.073282234 0.890769839
1773244992.241354 -0.250661671 0.059620574 0.616952002 -0.003142718 -0.449120700 0.072798766 0.890494823
1773244992.279212 -0.250674605 0.059623621 0.616956472 -0.002714372 -0.449294955 0.073597223 0.890342712
1773244992.306449 -0.250684321 0.059624005 0.616954565 -0.002535085 -0.449193031 0.073404886 0.890410542
1773244992.341338 -0.250696123 0.059623469 0.616968572 -0.002857687 -0.450184107 0.073237337 0.889922738
1773244992.380922 -0.250711709 0.059633348 0.616975665 -0.001448751 -0.450572640 0.073338978 0.889721096
1773244992.407475 -0.250724316 0.059622742 0.616978049 -0.003216004 -0.451251805 0.073874600 0.889327824
1773244992.447292 -0.250738949 0.059623573 0.616982162 -0.003085081 -0.450851589 0.074041791 0.889517367
1773244992.473768 -0.250751913 0.059626665 0.616986692 -0.002626768 -0.451149136 0.074000224 0.889371395
1773244992.513876 -0.250764370 0.059628241 0.616991043 -0.002933449 -0.451796710 0.074248649 0.889020979
1773244992.541567 -0.250776827 0.059633195 0.616993487 -0.001629873 -0.452205002 0.073721617 0.888860583
1773244992.575002 -0.250789374 0.059635315 0.616989434 -0.002080265 -0.452175647 0.073894016 0.888860226
1773244992.613593 -0.250798762 0.059633281 0.617007077 -0.002506101 -0.453429669 0.073921368 0.888217807
1773244992.641419 -0.250813186 0.059633814 0.617020249 -0.002202427 -0.454476148 0.073961124 0.887680352
1773244992.679479 -0.250824004 0.059632227 0.617029905 -0.002828769 -0.455410600 0.074422188 0.887160897
1773244992.708286 -0.250834912 0.059640057 0.617035389 -0.002325306 -0.456220269 0.074530244 0.886737227
1773244992.741742 -0.250845939 0.059631087 0.617043734 -0.003110632 -0.456805408 0.074749783 0.886415064
1773244992.780585 -0.250861138 0.059635054 0.617047310 -0.003004069 -0.456946194 0.074928887 0.886327744
1773244992.808231 -0.250870168 0.059640653 0.617064476 -0.002662436 -0.458165795 0.074782394 0.885711372
1773244992.847629 -0.250881851 0.059639070 0.617059112 -0.003030134 -0.457882136 0.074898511 0.885847032
1773244992.875439 -0.250897169 0.059632353 0.617070436 -0.003813708 -0.458575726 0.075260289 0.885454476
1773244992.913517 -0.250906408 0.059615865 0.617079198 -0.005735191 -0.459246129 0.075844519 0.885046721
1773244992.941867 -0.250918984 0.059633598 0.617074728 -0.003746903 -0.459146231 0.075753942 0.885116935
1773244992.974508 -0.250934899 0.059642717 0.617082238 -0.002057655 -0.459531546 0.075326048 0.884959042
1773244993.015643 -0.250943303 0.059633486 0.617101192 -0.003743030 -0.461089700 0.075370677 0.884138823
1773244993.041558 -0.250953019 0.059637632 0.617100120 -0.002935266 -0.460993797 0.075382508 0.884190917
1773244993.081352 -0.250964046 0.059642874 0.617111325 -0.002379938 -0.461965173 0.075666510 0.883661151
1773244993.107923 -0.250974029 0.059642158 0.617116690 -0.002557680 -0.462423921 0.075878032 0.883402586
1773244993.142349 -0.250985801 0.059646223 0.617116392 -0.002246500 -0.462110788 0.075704888 0.883582115
1773244993.181974 -0.250999689 0.059645530 0.617109776 -0.002497689 -0.461514682 0.075785182 0.883886039
1773244993.207902 -0.250998348 0.059633873 0.617128968 -0.003886899 -0.463091463 0.076088630 0.883029819
1773244993.250043 -0.251016378 0.059649102 0.617137909 -0.002348271 -0.463636369 0.075998202 0.882757068
1773244993.275707 -0.251028240 0.059633028 0.617143512 -0.003522148 -0.463885367 0.075164139 0.882693768
1773244993.316906 -0.251043081 0.059627313 0.617159009 -0.004645512 -0.464611858 0.075284511 0.882296145
1773244993.341341 -0.251053244 0.059625927 0.617153525 -0.004935190 -0.464231133 0.075626209 0.882465720
1773244993.376525 -0.251064837 0.059612941 0.617145419 -0.005501288 -0.463274121 0.074792363 0.883036196
1773244993.415335 -0.251088083 0.059635807 0.617168665 -0.002979092 -0.464417487 0.075532332 0.882384419
1773244993.442584 -0.251110911 0.059651483 0.617185056 -0.001672077 -0.464967340 0.076224618 0.882038772
1773244993.480279 -0.251110971 0.059647467 0.617186904 -0.002437948 -0.465167820 0.075981729 0.881952167
1773244993.508757 -0.251122236 0.059650838 0.617186666 -0.001439383 -0.464660019 0.075824335 0.882235587
1773244993.542800 -0.251135260 0.059641402 0.617193222 -0.002983209 -0.464999855 0.075474732 0.882082641
1773244993.581624 -0.251151532 0.059630908 0.617203116 -0.004016417 -0.464919925 0.075802214 0.882092595
1773244993.609504 -0.251160800 0.059631716 0.617208362 -0.004595789 -0.465362221 0.076026030 0.881837189
1773244993.647776 -0.251174033 0.059629191 0.617216468 -0.005075217 -0.465915143 0.075527519 0.881585419
1773244993.676120 -0.251188666 0.059627753 0.617223859 -0.004510291 -0.465932697 0.075435571 0.881587088
1773244993.716534 -0.251200229 0.059633829 0.617230177 -0.004255828 -0.465806246 0.075441636 0.881654680
1773244993.742707 -0.251217008 0.059626430 0.617238879 -0.004887933 -0.465976387 0.075300075 0.881573617
1773244993.775144 -0.251226068 0.059621722 0.617241263 -0.005840123 -0.466429234 0.075739801 0.881290615
1773244993.815984 -0.251244277 0.059652071 0.617256045 -0.002377620 -0.466857165 0.075880878 0.881067991
1773244993.843074 -0.251257300 0.059647158 0.617261350 -0.003097462 -0.466716588 0.075362496 0.881184697
1773244993.881541 -0.251266420 0.059643012 0.617270470 -0.003777217 -0.467089504 0.076029137 0.880927145
1773244993.908537 -0.251280546 0.059642579 0.617275834 -0.003633218 -0.467169434 0.075353809 0.880943418
1773244993.943126 -0.251294971 0.059641648 0.617284775 -0.003225098 -0.467578828 0.074860014 0.880769908
1773244993.984353 -0.251306355 0.059641015 0.617289305 -0.003966455 -0.467464417 0.075211324 0.880797684
1773244994.010161 -0.251315475 0.059641011 0.617295623 -0.004441415 -0.467585683 0.075602978 0.880697489
1773244994.049022 -0.251331151 0.059639357 0.617304444 -0.004630135 -0.467572749 0.075324126 0.880727291
1773244994.076576 -0.251335889 0.059639435 0.617307067 -0.005143144 -0.467656523 0.075691879 0.880648434
1773244994.115100 -0.251361609 0.059636485 0.617321372 -0.005207189 -0.467687905 0.075405642 0.880655944
1773244994.143332 -0.251367509 0.059651904 0.617320657 -0.003067322 -0.467744172 0.075483233 0.880629480
1773244994.176717 -0.251375675 0.059658412 0.617336392 -0.002700463 -0.468691230 0.076227859 0.880062819
1773244994.215173 -0.251391172 0.059650943 0.617320776 -0.003461282 -0.466895163 0.075712092 0.881058812
1773244994.242867 -0.251404047 0.059655249 0.617323995 -0.003124323 -0.466516674 0.076220952 0.881216645
1773244994.282523 -0.251412213 0.059647556 0.617341518 -0.004579879 -0.467551678 0.076170534 0.880665958
1773244994.308666 -0.251420736 0.059647560 0.617351413 -0.004494578 -0.467760772 0.075912543 0.880577624
1773244994.343553 -0.251428127 0.059642024 0.617380738 -0.004901030 -0.469274104 0.075591184 0.879797578
1773244994.381663 -0.251434088 0.059643481 0.617393732 -0.005179442 -0.469897717 0.075938694 0.879433095
1773244994.409724 -0.251441181 0.059640653 0.617414176 -0.005536260 -0.470835477 0.075557195 0.878962100
1773244994.450094 -0.251472950 0.059629280 0.617380202 -0.006482454 -0.466972649 0.074888632 0.881071091
1773244994.476873 -0.251494557 0.059652265 0.617366314 -0.004786589 -0.465269148 0.076344199 0.881857812
1773244994.515307 -0.251504183 0.059659339 0.617390990 -0.004063224 -0.466369927 0.075736508 0.881332278
1773244994.543147 -0.251514018 0.059670020 0.617425799 -0.003721860 -0.468542814 0.076390065 0.880124032
1773244994.576503 -0.251532674 0.059658762 0.617405534 -0.004510606 -0.465663344 0.075554043 0.881719291
1773244994.616611 -0.251541317 0.059664287 0.617431462 -0.004050386 -0.466779917 0.075524658 0.881133437
1773244994.642952 -0.251547486 0.059663925 0.617430210 -0.004026617 -0.466116905 0.075410120 0.881494284
1773244994.683410 -0.251560271 0.059665475 0.617438853 -0.003796640 -0.465941936 0.075530857 0.881577432
1773244994.710341 -0.251567841 0.059649009 0.617439747 -0.005758673 -0.465225995 0.074715026 0.882014334
1773244994.742666 -0.251586288 0.059664987 0.617444873 -0.004253221 -0.464768440 0.074708119 0.882264674
1773244994.782384 -0.251600206 0.059671927 0.617442369 -0.003071743 -0.463567704 0.074455909 0.882922351
1773244994.810273 -0.251605421 0.059681762 0.617491663 -0.003415933 -0.466462880 0.075655155 0.881292820
1773244994.851246 -0.251619339 0.059678864 0.617492557 -0.004227159 -0.465608686 0.075690582 0.881737828
1773244994.877117 -0.251636118 0.059664067 0.617490053 -0.005792360 -0.463970929 0.075483486 0.882609606
1773244994.916866 -0.251639724 0.059660736 0.617486954 -0.005872282 -0.463085443 0.074543379 0.883153856
1773244994.944497 -0.251654804 0.059669148 0.617506087 -0.005421828 -0.463533998 0.075062342 0.882877409
1773244994.977660 -0.251668751 0.059674263 0.617505670 -0.004950825 -0.462512344 0.074927732 0.883427203
1773244995.019407 -0.251675606 0.059678592 0.617528737 -0.004490099 -0.463474333 0.074655376 0.882948458
1773244995.044524 -0.251684844 0.059676882 0.617559671 -0.005291573 -0.464824319 0.075076759 0.882198274
1773244995.083908 -0.251697481 0.059674516 0.617532790 -0.005515427 -0.461934656 0.074033871 0.883801401
1773244995.111400 -0.251705676 0.059682269 0.617544174 -0.004710690 -0.461744726 0.074542046 0.883862615
1773244995.144027 -0.251718611 0.059673131 0.617555618 -0.005640969 -0.461414635 0.073640175 0.884105086
1773244995.182960 -0.251734763 0.059679784 0.617565870 -0.004815200 -0.460884869 0.073940553 0.884361207
1773244995.210992 -0.251745850 0.059679940 0.617582083 -0.005875496 -0.461148858 0.074552365 0.884165764
1773244995.250501 -0.251754284 0.059689939 0.617603660 -0.004157366 -0.462201506 0.073617861 0.883704066
1773244995.276615 -0.251773655 0.059687648 0.617598772 -0.004452084 -0.460151255 0.073567599 0.884776115
1773244995.317908 -0.251783192 0.059691526 0.617619693 -0.004288148 -0.461093932 0.073593229 0.884283900
1773244995.344041 -0.251791358 0.059691701 0.617621243 -0.004540549 -0.460322678 0.073950224 0.884654641
1773244995.378369 -0.251804829 0.059690770 0.617628336 -0.005102687 -0.460358679 0.073393404 0.884679198
1773244995.419867 -0.251818806 0.059679125 0.617624402 -0.006362599 -0.459036350 0.073199198 0.885373950
1773244995.446709 -0.251830697 0.059682909 0.617628813 -0.005952577 -0.459426492 0.072917290 0.885197699
1773244995.484354 -0.251842022 0.059688598 0.617656827 -0.005716818 -0.461315244 0.073715679 0.884150207
1773244995.511307 -0.251850545 0.059685424 0.617671132 -0.006445641 -0.462731600 0.073609352 0.883413613
1773244995.544556 -0.251854539 0.059684694 0.617691815 -0.006422418 -0.465131044 0.074033745 0.882117271
1773244995.584106 -0.251865268 0.059684865 0.617699981 -0.006293402 -0.466718316 0.073372394 0.881334722
1773244995.611611 -0.251872838 0.059690695 0.617723823 -0.005815671 -0.469696969 0.074338764 0.879673064
1773244995.651318 -0.251882970 0.059688341 0.617740631 -0.006120042 -0.472295672 0.074519031 0.878263175
1773244995.678103 -0.251892775 0.059692148 0.617763579 -0.005659054 -0.475597888 0.074531391 0.876481414
1773244995.717731 -0.251927614 0.059680291 0.617705941 -0.007173891 -0.471989036 0.074615642 0.878411829
1773244995.744334 -0.251942515 0.059684858 0.617710114 -0.005975301 -0.474189341 0.075083956 0.877195060
1773244995.778148 -0.251959145 0.059669390 0.617710173 -0.007813093 -0.475678593 0.074190907 0.876450002
1773244995.820593 -0.251973331 0.059695229 0.617701530 -0.005320554 -0.477323800 0.075980514 0.875420272
1773244995.845399 -0.251996815 0.059707344 0.617706656 -0.005060906 -0.479470283 0.077342600 0.874128580
1773244995.884219 -0.252019107 0.059700664 0.617691696 -0.004384663 -0.479552835 0.076918542 0.874124348
1773244995.912231 -0.252032578 0.059689492 0.617719471 -0.006225403 -0.483819872 0.076560900 0.871790111
1773244995.945150 -0.252046853 0.059694409 0.617726803 -0.005609310 -0.486297160 0.076821320 0.870391905
1773244995.984349 -0.252063453 0.059690259 0.617731810 -0.006067455 -0.488303453 0.077127196 0.869237840
1773244996.010839 -0.252080441 0.059687585 0.617732406 -0.006820820 -0.490058929 0.077414185 0.868218184
1773244996.052480 -0.252090424 0.059684101 0.617751241 -0.006958227 -0.493582636 0.077694207 0.866193593
1773244996.077456 -0.252108812 0.059699830 0.617742598 -0.005091182 -0.494687676 0.078111321 0.865538418
1773244996.118057 -0.252119690 0.059695758 0.617756248 -0.005647573 -0.497758031 0.079193458 0.863674402
1773244996.145774 -0.252132118 0.059701458 0.617764592 -0.005302041 -0.500258207 0.079731815 0.862181187
1773244996.178987 -0.252140731 0.059688497 0.617758751 -0.005884851 -0.501560926 0.078674063 0.861517489
1773244996.218257 -0.252165854 0.059682038 0.617716670 -0.005625543 -0.499364614 0.078085907 0.862847567
1773244996.244905 -0.252193481 0.059706494 0.617709160 -0.003336597 -0.500621796 0.079427697 0.862008095
1773244996.285438 -0.252198160 0.059723724 0.617737770 -0.001727755 -0.505083740 0.081191324 0.859241188
1773244996.312556 -0.252206206 0.059714511 0.617773414 -0.002231684 -0.510350168 0.081161872 0.856125295
1773244996.345897 -0.252215892 0.059698902 0.617783308 -0.003982739 -0.513216436 0.080991007 0.854420006
1773244996.384387 -0.252228200 0.059704725 0.617798209 -0.003318114 -0.516526401 0.081290051 0.852397442
1773244996.412754 -0.252252579 0.059715085 0.617781281 -0.001856170 -0.516655207 0.081948161 0.852260768
1773244996.452238 -0.252261281 0.059713803 0.617779791 -0.002415767 -0.518327773 0.082435839 0.851196110
1773244996.478189 -0.252267122 0.059678670 0.617787540 -0.005535468 -0.520921826 0.081293322 0.849706531
1773244996.520425 -0.252286643 0.059708487 0.617776990 -0.002120880 -0.521627903 0.082442656 0.849177897
1773244996.545718 -0.252300173 0.059702080 0.617795348 -0.003005783 -0.524649560 0.082649238 0.847291529
1773244996.578195 -0.252311945 0.059715990 0.617795110 -0.001865383 -0.525666296 0.084397174 0.846491933
1773244996.619079 -0.252326131 0.059728734 0.617801487 0.000443351 -0.527056932 0.084283262 0.845640063
1773244996.644719 -0.252339721 0.059707671 0.617795587 -0.002624192 -0.527043521 0.083883524 0.845684230
1773244996.684852 -0.252349973 0.059719793 0.617809653 -0.000248765 -0.529356778 0.083982415 0.844232380
1773244996.712332 -0.252354324 0.059716530 0.617844164 -0.002002701 -0.533277392 0.084674120 0.841689646
1773244996.745578 -0.252362341 0.059707094 0.617835820 -0.002322588 -0.533405364 0.084433667 0.841631949
1773244996.785184 -0.252373964 0.059708647 0.617849827 -0.002039613 -0.535673916 0.084437110 0.840190291
1773244996.813004 -0.252380341 0.059719231 0.617847562 -0.001370095 -0.536783278 0.085524060 0.839373231
1773244996.852397 -0.252393037 0.059721846 0.617848158 -0.000256016 -0.537608385 0.085757740 0.838822246
1773244996.879608 -0.252403110 0.059702713 0.617860675 -0.003104128 -0.539552629 0.084797926 0.837664962
1773244996.918697 -0.252409637 0.059710585 0.617887080 -0.002165301 -0.543039322 0.086022533 0.835286617
1773244996.946604 -0.252424747 0.059722278 0.617889106 -0.000577726 -0.544087648 0.085677825 0.834642231
1773244996.979502 -0.252434492 0.059731327 0.617884278 0.000892394 -0.545249879 0.086924188 0.833754122
1773244997.018372 -0.252452135 0.059728291 0.617872715 0.000181845 -0.545468092 0.086847931 0.833619773
1773244997.046962 -0.252461165 0.059720773 0.617879570 -0.000355092 -0.547782481 0.086769767 0.832108855
1773244997.085453 -0.252469480 0.059719786 0.617884398 -0.000193596 -0.550270259 0.086984515 0.830443501
1773244997.113187 -0.252486229 0.059704937 0.617882371 -0.002018669 -0.551650167 0.086462721 0.829579532
1773244997.145632 -0.252495408 0.059715152 0.617889285 -0.000764644 -0.554446995 0.087406710 0.827615857
1773244997.185836 -0.252502561 0.059723936 0.617903769 0.000729467 -0.557905018 0.088334762 0.825189948
1773244997.213718 -0.252516747 0.059718419 0.617901087 -0.000168347 -0.559512794 0.087805435 0.824157536
1773244997.252236 -0.252518237 0.059707996 0.617927849 -0.001441736 -0.564272344 0.088378966 0.820843339
1773244997.280697 -0.252529502 0.059730187 0.617922425 0.001262432 -0.566717029 0.089694075 0.819014788
1773244997.319100 -0.252545118 0.059702802 0.617909014 -0.001251777 -0.567773044 0.088398375 0.818424046
1773244997.347337 -0.252554536 0.059708524 0.617911220 -0.000376453 -0.570432782 0.089612000 0.816441059
1773244997.380181 -0.252572596 0.059688408 0.617900074 -0.003039557 -0.572348535 0.089597873 0.815095186
1773244997.418664 -0.252585590 0.059728559 0.617909968 0.001343647 -0.576768696 0.092009850 0.811708212
1773244997.446519 -0.252588540 0.059712011 0.617936552 -0.000370551 -0.582788885 0.092017412 0.807396948
1773244997.485997 -0.252598971 0.059712492 0.617928207 0.001067973 -0.586500704 0.091710322 0.804739118
1773244997.513982 -0.252617896 0.059720203 0.617904127 0.001636066 -0.588230908 0.092894726 0.803338230
1773244997.546844 -0.252624720 0.059706651 0.617893636 0.001118657 -0.591219187 0.092759997 0.801158071
1773244997.587612 -0.252633452 0.059729870 0.617892444 0.003351062 -0.595136404 0.094858930 0.797999501
1773244997.612736 -0.252651453 0.059743479 0.617894113 0.005309016 -0.599199116 0.096331827 0.794765651
1773244997.652496 -0.252653688 0.059776042 0.617930472 0.008914406 -0.607037008 0.099393465 0.788382888
1773244997.680826 -0.252658188 0.059752457 0.617906749 0.006247927 -0.608956873 0.099135444 0.786959112
1773244997.719376 -0.252671093 0.059730988 0.617891014 0.003946276 -0.611737490 0.098922931 0.784841359
1773244997.747552 -0.252682567 0.059711475 0.617874324 0.003614822 -0.613620162 0.097302258 0.783574760
1773244997.781053 -0.252681792 0.059723582 0.617883384 0.003900017 -0.618674636 0.099913254 0.779258490
1773244997.819346 -0.252701133 0.059716772 0.617869318 0.004156068 -0.621253192 0.099530593 0.777252138
1773244997.847076 -0.252703339 0.059720092 0.617866576 0.005377980 -0.625374854 0.099500574 0.773936033
1773244997.885484 -0.252712011 0.059724741 0.617867231 0.005314677 -0.629224479 0.100627445 0.770663619
1773244997.913938 -0.252714336 0.059724163 0.617866457 0.005611471 -0.633000672 0.101778962 0.767411053
1773244997.947222 -0.252723485 0.059717450 0.617863595 0.005008477 -0.636327982 0.101435922 0.764704108
1773244997.987000 -0.252740920 0.059705183 0.617852628 0.003464029 -0.638910234 0.101242863 0.762582183
1773244998.014297 -0.252752721 0.059683729 0.617836475 0.002271217 -0.641380310 0.099367738 0.760757625
1773244998.053643 -0.252760649 0.059688207 0.617842078 0.002433095 -0.645924211 0.101070575 0.756677389
1773244998.081720 -0.252768278 0.059680365 0.617835522 0.001995474 -0.649507701 0.100527711 0.753677666
1773244998.119513 -0.252767444 0.059677489 0.617873132 0.002042156 -0.656996369 0.100657895 0.747140944
1773244998.154446 -0.252781451 0.059695885 0.617899179 0.003848592 -0.663407862 0.101780914 0.741293371
1773244998.181467 -0.252777755 0.059718613 0.617915452 0.005876616 -0.669249713 0.104477920 0.735632181
1773244998.220316 -0.252780408 0.059735354 0.617958248 0.007097114 -0.677345753 0.107217588 0.727775216
1773244998.247938 -0.252804458 0.059734911 0.617985249 0.006839814 -0.684340060 0.106993958 0.721237957
1773244998.287591 -0.252825469 0.059729505 0.618017972 0.006751056 -0.690836668 0.107925937 0.714878440
1773244998.313438 -0.252839893 0.059740234 0.618065894 0.007412927 -0.699234664 0.108636923 0.706550777
1773244998.348398 -0.252816081 0.059698075 0.618068457 0.003849917 -0.704531431 0.107153498 0.701526046
1773244998.387634 -0.252825975 0.059643511 0.618060112 -0.001872266 -0.708774030 0.104163148 0.697700381
1773244998.415159 -0.252839267 0.059689250 0.617939293 0.004379995 -0.704178214 0.107507080 0.701823413
1773244998.453997 -0.252837002 0.059742089 0.617877305 0.010402830 -0.704768777 0.111579388 0.700530350
1773244998.480492 -0.252836257 0.059740532 0.617820382 0.011126186 -0.705911875 0.113066345 0.699128449
1773244998.520844 -0.252845705 0.059688788 0.617728353 0.006025641 -0.703312814 0.110744216 0.702175617
1773244998.547728 -0.252834588 0.059731323 0.617802501 0.010556490 -0.715195954 0.114577137 0.689387679
1773244998.581318 -0.252846897 0.059729282 0.617798507 0.011311872 -0.720458508 0.113283642 0.684089541
1773244998.621514 -0.252860874 0.059733674 0.617780387 0.012096853 -0.724303722 0.116007313 0.679544032
1773244998.648653 -0.252875566 0.059726983 0.617765784 0.010454386 -0.728433132 0.116545826 0.675050437
1773244998.688063 -0.252871811 0.059731700 0.617796481 0.011408612 -0.737835586 0.116787061 0.664702356
1773244998.713922 -0.252879709 0.059713293 0.617833018 0.009736699 -0.746094048 0.116370633 0.655520260
1773244998.748523 -0.252886176 0.059709504 0.617849171 0.009851591 -0.753254592 0.116226017 0.647303641
1773244998.787378 -0.252891958 0.059704855 0.617869079 0.009302920 -0.760844529 0.117101163 0.638213396
1773244998.815252 -0.252915412 0.059689596 0.617864370 0.007307163 -0.766710877 0.116815202 0.631233156
1773244998.854304 -0.252905667 0.059699841 0.617807806 0.009660115 -0.768530786 0.118869334 0.628599405
1773244998.881866 -0.252911985 0.059706248 0.617743313 0.010918946 -0.769221961 0.119267054 0.627657354
1773244998.921390 -0.252900481 0.059696481 0.617756903 0.010944438 -0.776188254 0.119225234 0.619029343
1773244998.948840 -0.252903849 0.059690014 0.617722213 0.010643747 -0.779486418 0.119612068 0.614801288
1773244998.982160 -0.252922416 0.059660420 0.617645860 0.009850772 -0.779987574 0.117940217 0.614501834
1773244999.020810 -0.252907217 0.059668742 0.617583156 0.009466676 -0.779919267 0.121285789 0.613943160
1773244999.049269 -0.252943218 0.059640884 0.617534161 0.010730399 -0.782266378 0.117109947 0.611742854
1773244999.087365 -0.252934128 0.059681483 0.617604494 0.012729478 -0.792690754 0.121176206 0.597323716
1773244999.115712 -0.252908766 0.059688471 0.617715657 0.010726494 -0.804346085 0.125023261 0.580759406
1773244999.148681 -0.252925962 0.059693769 0.617741704 0.011968652 -0.810505509 0.124748245 0.572167277
1773244999.190207 -0.252937526 0.059699740 0.617773473 0.012587123 -0.817092955 0.125796333 0.562473118
1773244999.216051 -0.252942085 0.059693303 0.617758095 0.013072369 -0.820059955 0.124635689 0.558387637
1773244999.254686 -0.252934217 0.059699036 0.617718637 0.014639135 -0.821361482 0.125672549 0.556199074
1773244999.282013 -0.252966583 0.059688151 0.617700577 0.013196091 -0.824857235 0.125025719 0.551185012
1773244999.321683 -0.252970785 0.059662867 0.617707193 0.012035507 -0.829386175 0.122610047 0.544922471
1773244999.349078 -0.252957672 0.059658818 0.617730379 0.010956082 -0.835292220 0.123192497 0.535714924
1773244999.382769 -0.252943337 0.059656098 0.617767215 0.011743663 -0.841614306 0.121532865 0.526096225
1773244999.422579 -0.252938241 0.059657209 0.617788732 0.011895040 -0.846934557 0.123096690 0.517114580
1773244999.449469 -0.252950847 0.059647322 0.617752671 0.012875474 -0.848760605 0.121062942 0.514571130
1773244999.489410 -0.252948582 0.059646826 0.617729545 0.010942378 -0.851531327 0.124296650 0.509239674
1773244999.516295 -0.252970397 0.059632346 0.617678881 0.010308503 -0.853089631 0.122582331 0.507055640
1773244999.548398 -0.252948016 0.059625082 0.617630064 0.011384982 -0.854612291 0.123822168 0.504159033
1773244999.589179 -0.252893269 0.059616819 0.617624342 -0.011102640 0.857764959 -0.123848058 -0.498776168
1773244999.616071 -0.252947479 0.059598133 0.617611647 -0.009239405 0.861186922 -0.122082084 -0.493323088
1773244999.655560 -0.252979577 0.059599437 0.617616653 -0.010592053 0.865901649 -0.122317396 -0.484912962
1773244999.682689 -0.252969921 0.059672251 0.617638469 -0.015651016 0.870731115 -0.130435035 -0.473887265
1773244999.720772 -0.252995253 0.059711996 0.617653251 -0.015593395 0.875022650 -0.138498768 -0.463584095
1773244999.749371 -0.252973378 0.059796292 0.617692053 -0.017625490 0.878509343 -0.152744025 -0.452305198
1773244999.782540 -0.253035963 0.059782844 0.617735147 -0.020017596 0.886096716 -0.144514546 -0.439940274
1773244999.822522 -0.253003001 0.059672546 0.617661238 -0.014170618 0.887021303 -0.133040354 -0.441919327
1773244999.850242 -0.252973437 0.059597895 0.617612422 -0.010078364 0.888547957 -0.124548748 -0.441439271
1773244999.888375 -0.252980292 0.059606206 0.617591381 -0.011306996 0.890943289 -0.127699658 -0.435643196
1773244999.915890 -0.252966523 0.059590537 0.617584705 -0.013092065 0.894147992 -0.122590899 -0.430464208
1773244999.949301 -0.252967596 0.059592769 0.617518187 -0.008644056 0.893454134 -0.131274119 -0.429455549
1773244999.989022 -0.252953321 0.059587121 0.617461920 -0.006733807 0.893276274 -0.133791178 -0.429082841
1773245000.016180 -0.252975762 0.059641290 0.617501378 -0.015456945 0.897894382 -0.134556159 -0.418857306
1773245000.055526 -0.252977222 0.059616175 0.617505074 -0.010256740 0.901153326 -0.133987471 -0.412146658
1773245000.083062 -0.252995014 0.059638564 0.617555559 -0.013707063 0.906012833 -0.133389264 -0.401447594
1773245000.121926 -0.253009379 0.059657644 0.617560089 -0.015866365 0.908083141 -0.136505648 -0.395600170
1773245000.150572 -0.253018439 0.059677057 0.617557704 -0.016873851 0.909915447 -0.139841750 -0.390145391
1773245000.183252 -0.253029406 0.059683707 0.617553353 -0.017722992 0.911532223 -0.140856311 -0.385946095
1773245000.222638 -0.253032833 0.059689149 0.617556274 -0.018730935 0.913075268 -0.141817361 -0.381877601
1773245000.250664 -0.253031403 0.059683025 0.617556572 -0.018614322 0.914711535 -0.140262425 -0.378527075
1773245000.290352 -0.253029257 0.059633706 0.617535710 -0.016460294 0.915723860 -0.133921206 -0.378475964
1773245000.316531 -0.253029525 0.059632018 0.617544889 -0.015921190 0.917353570 -0.133422032 -0.374709815
1773245000.349983 -0.253034890 0.059630372 0.617545485 -0.015506094 0.919159174 -0.133379400 -0.370291650
1773245000.390145 -0.253039598 0.059610929 0.617546916 -0.015733141 0.921118200 -0.129382163 -0.366816133
1773245000.416780 -0.253040671 0.059614394 0.617537796 -0.015301909 0.921892822 -0.130499899 -0.364484936
1773245000.456578 -0.253026903 0.059625626 0.617529988 -0.016237587 0.922330260 -0.132990554 -0.362431765
1773245000.483307 -0.253023356 0.059614021 0.617499530 -0.014616776 0.922568381 -0.132206306 -0.362181544
1773245000.522867 -0.253012419 0.059625197 0.617486000 -0.014675689 0.922553957 -0.135914683 -0.360840648
1773245000.549795 -0.253019333 0.059613485 0.617496252 -0.015870353 0.925155103 -0.133194834 -0.355098993
1773245000.583427 -0.253025383 0.059602905 0.617478132 -0.015058479 0.925828040 -0.132005185 -0.353822500
1773245000.622677 -0.253029764 0.059617281 0.617481589 -0.014099339 0.927457392 -0.134898975 -0.348462641
1773245000.650831 -0.253035069 0.059613537 0.617476642 -0.015116283 0.928795636 -0.134347677 -0.345052004
1773245000.690021 -0.253038287 0.059609942 0.617472231 -0.015505146 0.930178165 -0.134034947 -0.341412872
1773245000.718320 -0.253040582 0.059607212 0.617468178 -0.013874872 0.931745052 -0.133400708 -0.337435633
1773245000.750444 -0.253042221 0.059603997 0.617464721 -0.014322278 0.932808518 -0.133030787 -0.334613115
1773245000.789643 -0.253051221 0.059596542 0.617455840 -0.015109261 0.934771836 -0.131915584 -0.329502076
1773245000.817475 -0.253056169 0.059585366 0.617459536 -0.015824733 0.936788976 -0.129492924 -0.324665338
1773245000.856322 -0.253063917 0.059585430 0.617467046 -0.016370870 0.938995719 -0.128983319 -0.318405926
1773245000.884337 -0.253080130 0.059583463 0.617458463 -0.015862348 0.941020370 -0.129381120 -0.312233150
1773245000.923499 -0.253086448 0.059583187 0.617450953 -0.015862614 0.942662776 -0.129845098 -0.307043076
1773245000.949679 -0.253091872 0.059584890 0.617437780 -0.015785422 0.943899870 -0.131006882 -0.302722752
1773245000.984996 -0.253064513 0.059588615 0.617405534 -0.015059681 0.942469895 -0.133205369 -0.306235224
1773245001.023969 -0.253065437 0.059593219 0.617394090 -0.014078265 0.943410993 -0.134372756 -0.302855551
1773245001.051115 -0.253071725 0.059581053 0.617396057 -0.015474668 0.945317566 -0.131833389 -0.297918111
1773245001.090012 -0.253086150 0.059569079 0.617394924 -0.015127846 0.947660804 -0.129812032 -0.291305631
1773245001.116838 -0.253095925 0.059560254 0.617398262 -0.015787344 0.949673116 -0.128192216 -0.285374343
1773245001.152244 -0.253106892 0.059551165 0.617399454 -0.016270887 0.951692700 -0.125556290 -0.279735446
1773245001.191313 -0.253107727 0.059552956 0.617371559 -0.015319267 0.951637387 -0.127908349 -0.278910547
1773245001.217854 -0.253116548 0.059554137 0.617374301 -0.016356654 0.953092337 -0.127695918 -0.273936421
1773245001.258043 -0.253130734 0.059553258 0.617374301 -0.016156513 0.954729915 -0.127721190 -0.268173456
1773245001.284838 -0.253140926 0.059553225 0.617372155 -0.016371213 0.956273496 -0.127037376 -0.262934297
1773245001.318136 -0.253102183 0.059561506 0.617320061 -0.015052482 0.953180432 -0.132387921 -0.271466315
1773245001.358145 -0.253105938 0.059569795 0.617306590 -0.015008082 0.953699827 -0.134646147 -0.268517733
1773245001.385263 -0.253104389 0.059567172 0.617298126 -0.014620161 0.954222202 -0.134521410 -0.266739935
1773245001.423496 -0.253114700 0.059552241 0.617293775 -0.014353833 0.955913484 -0.131705374 -0.262063116
1773245001.452057 -0.253126502 0.059539326 0.617295504 -0.014468397 0.957634270 -0.128738642 -0.257203549
1773245001.491410 -0.253125638 0.059545737 0.617285550 -0.014544033 0.957844794 -0.130370140 -0.255588412
1773245001.518054 -0.253127038 0.059544589 0.617277861 -0.015145224 0.958196998 -0.130731866 -0.254043847
1773245001.551360 -0.253126025 0.059543669 0.617267013 -0.014778887 0.958648086 -0.130698457 -0.252375275
1773245001.592437 -0.253128022 0.059527677 0.617258310 -0.013984447 0.959300041 -0.127864912 -0.251392961
1773245001.618326 -0.253143668 0.059531104 0.617256999 -0.014355567 0.960232615 -0.128502220 -0.247455865
1773245001.658102 -0.253149271 0.059526835 0.617251277 -0.014455144 0.960647643 -0.127826929 -0.246185660
1773245001.685604 -0.253157318 0.059528921 0.617243528 -0.015590691 0.960767329 -0.128933340 -0.245070010
1773245001.718008 -0.253168851 0.059541717 0.617229760 -0.015185866 0.960662007 -0.131920651 -0.243915558
1773245001.758383 -0.253153890 0.059524953 0.617216825 -0.014182764 0.959874690 -0.129329205 -0.248421818
1773245001.785863 -0.253146589 0.059525691 0.617200375 -0.014281369 0.958880126 -0.129910290 -0.251929045
1773245001.823132 -0.253161550 0.059522785 0.617199183 -0.014345428 0.959551454 -0.129478514 -0.249580726
1773245001.852120 -0.253181517 0.059527371 0.617200732 -0.015346217 0.960384667 -0.129757211 -0.246147990
1773245001.891240 -0.253183037 0.059519872 0.617193818 -0.014733503 0.960445464 -0.128477976 -0.246618807
1773245001.918508 -0.253194988 0.059528142 0.617186427 -0.015710073 0.960521162 -0.130344868 -0.245280564
1773245001.952010 -0.253201693 0.059525013 0.617181361 -0.015149514 0.960771382 -0.129727632 -0.244662225
1773245001.992292 -0.253203452 0.059518129 0.617171824 -0.014965218 0.960567534 -0.128937677 -0.245888352
1773245002.030587 -0.253208011 0.059518754 0.617162049 -0.014147063 0.960549951 -0.129163697 -0.245886952
1773245002.057336 -0.253215909 0.059513368 0.617156327 -0.014752913 0.960853338 -0.128237098 -0.245149866
1773245002.084674 -0.253221691 0.059510209 0.617148995 -0.014603672 0.961002946 -0.127385169 -0.245016396
1773245002.118793 -0.253218800 0.059502173 0.617138743 -0.014056579 0.960813105 -0.125998154 -0.246505618
1773245002.160085 -0.253231704 0.059507679 0.617128015 -0.014653970 0.960941255 -0.127801090 -0.245038852
1773245002.185321 -0.253239632 0.059501980 0.617125630 -0.014914976 0.961379051 -0.126332596 -0.244065374
1773245002.225834 -0.253237426 0.059517696 0.617106080 -0.015143287 0.960243821 -0.131112263 -0.245992020
1773245002.251648 -0.253241867 0.059524640 0.617093444 -0.014863852 0.959941030 -0.133310109 -0.246009499
1773245002.291989 -0.253256083 0.059518166 0.617091715 -0.015672572 0.960859239 -0.131996468 -0.243065551
1773245002.319078 -0.253254473 0.059503816 0.617084503 -0.014889296 0.961009443 -0.128461912 -0.244410977
1773245002.351878 -0.253258586 0.059496012 0.617080748 -0.014932230 0.961368561 -0.126543865 -0.243996248
1773245002.394216 -0.253260851 0.059491158 0.617072821 -0.014347401 0.961460650 -0.125883639 -0.244010046
1773245002.423071 -0.253266335 0.059501149 0.617061317 -0.015035206 0.961197019 -0.128993511 -0.243382186
1773245002.458969 -0.253275275 0.059493929 0.617055833 -0.014767438 0.961909294 -0.127665415 -0.241275698
1773245002.486948 -0.253275335 0.059489995 0.617045283 -0.013790229 0.961964309 -0.126817301 -0.241561353
1773245002.519886 -0.253271401 0.059487380 0.617041707 -0.014220021 0.961947739 -0.126376152 -0.241833508
1773245002.557955 -0.253284097 0.059490483 0.617031395 -0.014118331 0.962403059 -0.127488613 -0.239432156
1773245002.585921 -0.253287792 0.059491206 0.617021680 -0.014880620 0.962476850 -0.128504381 -0.238544613
1773245002.628496 -0.253293514 0.059488989 0.617014527 -0.014752450 0.963188350 -0.127658695 -0.236122400
1773245002.652962 -0.253299505 0.059482574 0.617006183 -0.015067838 0.963805616 -0.126980439 -0.233939558
1773245002.694442 -0.253301889 0.059478559 0.616997480 -0.014306610 0.964338303 -0.125917017 -0.232361645
1773245002.721081 -0.253301442 0.059473820 0.616988659 -0.013871806 0.964725316 -0.125062853 -0.231239989
1773245002.753661 -0.253300846 0.059468359 0.616980731 -0.014056669 0.965210199 -0.123734899 -0.229915872
1773245002.792361 -0.253313303 0.059477944 0.616972148 -0.014294267 0.965865314 -0.126934931 -0.225360498
1773245002.819579 -0.253319651 0.059480950 0.616958618 -0.014530727 0.966375530 -0.128277943 -0.222377881
1773245002.860128 -0.253321826 0.059475083 0.616952896 -0.014571479 0.967153609 -0.127235770 -0.219573617
1773245002.887021 -0.253334165 0.059477240 0.616945863 -0.015002137 0.968174517 -0.127731711 -0.214703739
1773245002.920252 -0.253339171 0.059469726 0.616935849 -0.014563348 0.969052136 -0.126893729 -0.211243495
1773245002.960719 -0.253339410 0.059471179 0.616924345 -0.014553711 0.969308197 -0.127320036 -0.209808186
1773245002.987079 -0.253342897 0.059480328 0.616912246 -0.015183798 0.969304562 -0.130820528 -0.207615390
1773245003.028256 -0.253352463 0.059469618 0.616907954 -0.015322936 0.970666587 -0.127635732 -0.203176498
1773245003.052939 -0.253351420 0.059466597 0.616898596 -0.015115410 0.971028388 -0.127318412 -0.201656744
1773245003.092527 -0.253350735 0.059461124 0.616887987 -0.015347182 0.971438885 -0.126648128 -0.200077966
1773245003.120027 -0.253357708 0.059466109 0.616878629 -0.015524233 0.971900880 -0.128273964 -0.196757257
1773245003.154264 -0.253359258 0.059466057 0.616867065 -0.015059883 0.972238839 -0.129108548 -0.194565773
1773245003.193473 -0.253372192 0.059459317 0.616863847 -0.014861109 0.973612010 -0.127303854 -0.188818634
1773245003.219917 -0.253380775 0.059457600 0.616857409 -0.014749388 0.974498689 -0.126927957 -0.184456035
1773245003.259971 -0.253381968 0.059460990 0.616847456 -0.015333639 0.974594295 -0.128619075 -0.182723731
1773245003.286541 -0.253386974 0.059451960 0.616838574 -0.015112444 0.975521982 -0.125953957 -0.179621935
1773245003.320783 -0.253395349 0.059460424 0.616828203 -0.015086851 0.975845814 -0.129230410 -0.175490350
1773245003.359369 -0.253389299 0.059448667 0.616818309 -0.014749326 0.976264715 -0.126028016 -0.175518036
1773245003.386461 -0.253394425 0.059445962 0.616811752 -0.015046330 0.976929605 -0.125397786 -0.172213703
1773245003.426269 -0.253399074 0.059447020 0.616799235 -0.014830126 0.977278292 -0.126453146 -0.169460222
1773245003.454235 -0.253403723 0.059439704 0.616793454 -0.014464503 0.978213787 -0.124453127 -0.165529206
1773245003.493379 -0.253402174 0.059441820 0.616780400 -0.015009229 0.978243470 -0.125728399 -0.164337531
1773245003.519399 -0.253401875 0.059433229 0.616774917 -0.014574132 0.978961825 -0.123178296 -0.162013903
1773245003.553770 -0.253403723 0.059441626 0.616758466 -0.014435418 0.978818297 -0.126783177 -0.160101175
1773245003.592556 -0.253407717 0.059429049 0.616756380 -0.013688733 0.979891598 -0.122894578 -0.156595320
1773245003.620400 -0.253408670 0.059449501 0.616737723 -0.015005876 0.979224443 -0.129784346 -0.155081898
1773245003.660208 -0.253413618 0.059435725 0.616733491 -0.014043985 0.980319262 -0.126026854 -0.151308283
1773245003.686860 -0.253416657 0.059433490 0.616729558 -0.014731574 0.980795205 -0.125451267 -0.148612618
1773245003.721500 -0.253418356 0.059446543 0.616711378 -0.015724165 0.980320334 -0.130910233 -0.146926329
1773245003.759807 -0.253417194 0.059433997 0.616705835 -0.014365159 0.981184781 -0.127182990 -0.144549385
1773245003.787888 -0.253417253 0.059427030 0.616699815 -0.013717568 0.981836200 -0.125120342 -0.141966358
1773245003.827167 -0.253418028 0.059426956 0.616691589 -0.014421104 0.982144296 -0.125915572 -0.139031917
1773245003.854173 -0.253419280 0.059429646 0.616679192 -0.014051979 0.982393503 -0.127185345 -0.136122689
1773245003.894313 -0.253422260 0.059421122 0.616673350 -0.014148867 0.983240008 -0.124679036 -0.132265076
1773245003.921063 -0.253431588 0.059428073 0.616663098 -0.014389309 0.983751476 -0.127026543 -0.126056448
1773245003.956135 -0.253432453 0.059420690 0.616658628 -0.014023767 0.984602213 -0.124458387 -0.121950418
1773245003.993762 -0.253428996 0.059424460 0.616646528 -0.014604129 0.984590650 -0.126618713 -0.119731441
1773245004.020184 -0.253424853 0.059423238 0.616635203 -0.015082212 0.985016108 -0.126764089 -0.115959808
1773245004.059924 -0.253430843 0.059414655 0.616628945 -0.014168557 0.986239493 -0.124185115 -0.108208001
1773245004.087870 -0.253425419 0.059423186 0.616620421 -0.014413979 0.986038029 -0.127942547 -0.105602980
1773245004.121303 -0.253423333 0.059419535 0.616608083 -0.015034648 0.986606717 -0.127526656 -0.100588731
1773245004.160212 -0.253424704 0.059416808 0.616598725 -0.015466081 0.987278819 -0.126925915 -0.094504647
1773245004.188658 -0.253426075 0.059418477 0.616589665 -0.015941326 0.987803221 -0.127533823 -0.087896295
1773245004.228035 -0.253419459 0.059411064 0.616583705 -0.014629385 0.988489926 -0.125715673 -0.082881041
1773245004.255609 -0.253412664 0.059401885 0.616578043 -0.012999465 0.989399970 -0.122114338 -0.077503949
1773245004.293686 -0.253406942 0.059406228 0.616572261 -0.014147120 0.989475310 -0.124301217 -0.072716646
1773245004.321280 -0.253406316 0.059404045 0.616559923 -0.013691548 0.990040362 -0.124263652 -0.064739414
1773245004.353987 -0.253407896 0.059403405 0.616548955 -0.015171706 0.990526140 -0.124181487 -0.056628026
1773245004.394269 -0.253396422 0.059400782 0.616545618 -0.014498570 0.990862668 -0.123575069 -0.052059129
1773245004.420749 -0.253391147 0.059404463 0.616531968 -0.013100396 0.990946352 -0.125760868 -0.045143783
1773245004.461735 -0.253386319 0.059405752 0.616523743 -0.014932290 0.991035938 -0.126945540 -0.038854565
1773245004.489053 -0.253385633 0.059405476 0.616509855 -0.014360853 0.991313517 -0.127207041 -0.030159930
1773245004.522416 -0.253380120 0.059395693 0.616507411 -0.014418142 0.991974771 -0.123498201 -0.022942480
1773245004.560771 -0.253375322 0.059388340 0.616503775 -0.013649708 0.992379785 -0.121521063 -0.015121051
1773245004.587739 -0.253353208 0.059407569 0.616487384 -0.014414871 0.991396546 -0.129344746 -0.013965337
1773245004.628603 -0.253356516 0.059401073 0.616482496 -0.014932316 0.991745293 -0.127327681 -0.002426072
1773245004.655619 -0.253337950 0.059416503 0.616465867 -0.015152621 0.990888476 -0.133828506 0.000515343
1773245004.695120 -0.253339767 0.059399880 0.616466343 -0.012457901 0.991630554 -0.127922386 0.012227032
1773245004.722521 -0.253340185 0.059400715 0.616460025 -0.015466075 0.991325974 -0.128453493 0.023093203
1773245004.755694 -0.253336430 0.059396803 0.616450071 -0.014736323 0.991167724 -0.127419949 0.033667050
1773245004.795074 -0.253321648 0.059400417 0.616447270 -0.015284917 0.990809739 -0.128403902 0.039685547
1773245004.822577 -0.253302813 0.059404179 0.616439998 -0.014856051 0.990326524 -0.130543083 0.044622798
1773245004.861175 -0.253306985 0.059385248 0.616439164 -0.014148415 0.990621686 -0.122639246 0.058550421
1773245004.896384 -0.253310353 0.059387758 0.616426766 -0.016007535 0.989415705 -0.124291800 0.073156796
1773245004.922109 -0.253298968 0.059383526 0.616426587 -0.010616283 0.989041150 -0.121758163 0.082824446
1773245004.962356 -0.253265679 0.059392773 0.616441846 -0.012185369 0.988776624 -0.123504996 0.083179519
1773245004.989158 -0.253254890 0.059414186 0.616429150 -0.016604105 0.986859262 -0.131841809 0.091928430
1773245005.028439 -0.253247648 0.059404776 0.616423488 -0.015063122 0.986018658 -0.128498852 0.105015971
1773245005.056380 -0.253249377 0.059393823 0.616423249 -0.011698492 0.985116124 -0.123858005 0.118611030
1773245005.094943 -0.253240585 0.059382737 0.616415203 -0.012465323 0.983926117 -0.121213824 0.130541891
1773245005.122637 -0.253238022 0.059382588 0.616411924 -0.013739771 0.982225597 -0.121587895 0.142338991
1773245005.155734 -0.253234357 0.059381656 0.616402805 -0.016151646 0.980111957 -0.122153394 0.155557737
1773245005.195288 -0.253173530 0.059416167 0.616425455 -0.011295495 0.980177402 -0.129709497 0.149332330
1773245005.221519 -0.253166765 0.059413657 0.616418779 -0.006992889 0.978584886 -0.127511784 0.161441684
1773245005.262579 -0.253165603 0.059412956 0.616417348 -0.008254677 0.976562440 -0.127848461 0.172952175
1773245005.289307 -0.253213137 0.059392028 0.616389155 -0.012481023 0.971690595 -0.123344570 0.201116160
1773245005.328436 -0.253159612 0.059411898 0.616407096 -0.012208917 0.972029686 -0.128606245 0.196136996
1773245005.356010 -0.253158182 0.059405826 0.616405964 -0.011775343 0.969854712 -0.126142219 0.208161697
1773245005.389983 -0.253154933 0.059393585 0.616401434 -0.011015071 0.967665195 -0.122710422 0.220102072
1773245005.428926 -0.253149152 0.059383057 0.616396129 -0.013264357 0.965306938 -0.120715588 0.231158748
1773245005.456526 -0.253146708 0.059380203 0.616393983 -0.013134477 0.962723851 -0.119369805 0.242365539
1773245005.495778 -0.253142565 0.059374012 0.616390467 -0.013575853 0.960052788 -0.116958201 0.253840804
1773245005.522051 -0.253142655 0.059373990 0.616390467 -0.015295561 0.957038760 -0.116221420 0.265208274
1773245005.555485 -0.253143311 0.059374020 0.616388321 -0.014163488 0.953608274 -0.115846090 0.277507395
1773245005.595291 -0.253130645 0.059368819 0.616377056 -0.015740713 0.950715125 -0.115421697 0.287351340
1773245005.623005 -0.253126204 0.059367880 0.616372705 -0.015676038 0.947587371 -0.115124062 0.297622263
1773245005.662851 -0.253122747 0.059368409 0.616368532 -0.015219504 0.944236279 -0.115163460 0.308096766
1773245005.690353 -0.253119648 0.059368476 0.616364241 -0.016739452 0.940938830 -0.115116455 0.317965537
1773245005.728909 -0.253115445 0.059369445 0.616357148 -0.019361626 0.937513173 -0.116107166 0.327434361
1773245005.756472 -0.253114820 0.059368879 0.616350532 -0.018543828 0.933732688 -0.116042398 0.338132441
1773245005.790288 -0.253115118 0.059368320 0.616357744 -0.017442726 0.930986762 -0.114442848 0.346211225
1773245005.828795 -0.253113180 0.059366696 0.616354406 -0.018425437 0.927529812 -0.114244960 0.355383039
1773245005.856436 -0.253113329 0.059365261 0.616353869 -0.020875378 0.924198151 -0.113900840 0.363934875
1773245005.895265 -0.253129601 0.059367046 0.616348505 -0.019010117 0.918320298 -0.113373928 0.378777981
1773245005.925663 -0.253126979 0.059365954 0.616346598 -0.019316323 0.914818645 -0.112401910 0.387426823
1773245005.956157 -0.253125340 0.059365187 0.616343498 -0.020490507 0.910846472 -0.112492852 0.396590710
1773245005.996844 -0.253141761 0.059363451 0.616332889 -0.019202378 0.904427230 -0.110727496 0.411560625
1773245006.022653 -0.253139019 0.059362151 0.616330266 -0.019605126 0.900394499 -0.110032953 0.420473725
1773245006.062593 -0.253142178 0.059362426 0.616326749 -0.018864872 0.895523787 -0.109464109 0.430927962
1773245006.090473 -0.253141582 0.059361774 0.616322994 -0.019050436 0.890922010 -0.109114856 0.440441817
1773245006.130312 -0.253136396 0.059361652 0.616322160 -0.019234980 0.887121618 -0.108600423 0.448164225
1773245006.156683 -0.253140450 0.059360746 0.616320610 -0.019694844 0.882328928 -0.107958265 0.457660109
1773245006.189492 -0.253141403 0.059357088 0.616314709 -0.021287963 0.876949608 -0.106685504 0.468107224
1773245006.229366 -0.253139198 0.059359226 0.616315126 -0.020778531 0.872679353 -0.106596194 0.476063311
1773245006.256440 -0.253139317 0.059359025 0.616309762 -0.020523783 0.867225409 -0.106164679 0.486032814
1773245006.296354 -0.253139198 0.059356231 0.616308808 -0.022236511 0.863230407 -0.104828812 0.493304849
1773245006.322705 -0.253138810 0.059356060 0.616304517 -0.021815909 0.858333230 -0.104381166 0.501889169
1773245006.357741 -0.253139198 0.059355818 0.616298735 -0.020260449 0.853585899 -0.103700578 0.510124385
1773245006.397069 -0.253138006 0.059355009 0.616298020 -0.020745058 0.850198507 -0.103421487 0.515786886
1773245006.424579 -0.253135204 0.059355091 0.616296411 -0.020068994 0.847086549 -0.102910973 0.521009564
1773245006.463548 -0.253137827 0.059354216 0.616293252 -0.020767070 0.842978895 -0.102248698 0.527731419
1773245006.491098 -0.253138244 0.059352629 0.616290510 -0.021688737 0.839670062 -0.101416662 0.533102930
1773245006.530029 -0.253138870 0.059353560 0.616289318 -0.020512659 0.836894035 -0.101316556 0.537515283
1773245006.558425 -0.253136396 0.059352532 0.616288424 -0.021606531 0.834942281 -0.101061091 0.540547311
1773245006.591653 -0.253135622 0.059352882 0.616285205 -0.020368528 0.832411051 -0.100616336 0.544567287
1773245006.630687 -0.253132254 0.059348911 0.616275191 -0.022195343 0.830312729 -0.100013815 0.547800362
1773245006.658184 -0.253132790 0.059348337 0.616273165 -0.022187144 0.828510761 -0.099341057 0.550644100
1773245006.696982 -0.253132820 0.059348129 0.616272748 -0.022366762 0.827475727 -0.099020563 0.552248597
1773245006.724841 -0.253132284 0.059348173 0.616270542 -0.022071568 0.826049685 -0.099052921 0.554385424
1773245006.757308 -0.253131092 0.059349090 0.616269052 -0.021268487 0.824871242 -0.099132612 0.556154490
1773245006.795936 -0.253130645 0.059346966 0.616268873 -0.022633215 0.824452162 -0.098005287 0.556921244
1773245006.826594 -0.253129900 0.059347130 0.616268158 -0.022580747 0.823816895 -0.097865336 0.557887197
1773245006.865289 -0.253129065 0.059346795 0.616266370 -0.022206856 0.822909355 -0.097815901 0.559248567
1773245006.892079 -0.253128767 0.059346218 0.616262853 -0.022702118 0.821662903 -0.097723469 0.561074674
1773245006.934075 -0.253128290 0.059345383 0.616261125 -0.022976777 0.820593715 -0.097290628 0.562701225
1773245006.958363 -0.253127456 0.059344821 0.616260052 -0.023006143 0.820047617 -0.096678510 0.563600898
1773245006.991558 -0.253126621 0.059345033 0.616257846 -0.022899682 0.819097400 -0.096696377 0.564982116
1773245007.030136 -0.253124386 0.059342872 0.616252005 -0.023396630 0.818209112 -0.095990635 0.566367567
1773245007.059057 -0.253123939 0.059340734 0.616251886 -0.025045333 0.818361104 -0.094681002 0.566297889
1773245007.097253 -0.253123403 0.059340522 0.616250396 -0.025320491 0.817941785 -0.094813280 0.566869140
1773245007.124430 -0.253122151 0.059341386 0.616248131 -0.024353277 0.817145765 -0.095074102 0.568014562
1773245007.158850 -0.253121555 0.059341650 0.616246760 -0.024029119 0.816664934 -0.095200852 0.568698287
1773245007.198233 -0.253119946 0.059339166 0.616240025 -0.024932075 0.814805865 -0.094401889 0.571452618
1773245007.224751 -0.253118515 0.059341460 0.616239130 -0.023385143 0.814553738 -0.095653765 0.571669161
1773245007.263710 -0.253118098 0.059340104 0.616237879 -0.024425918 0.814201474 -0.095100328 0.572219551
1773245007.291523 -0.253117412 0.059341099 0.616235495 -0.023546241 0.813152611 -0.095912956 0.573610544
1773245007.331181 -0.253115654 0.059339687 0.616234422 -0.024255127 0.813064158 -0.094027825 0.574018419
1773245007.365436 -0.253114939 0.059338234 0.616230428 -0.024742695 0.811821818 -0.093748979 0.575798750
1773245007.391869 -0.253113866 0.059335500 0.616229892 -0.026322879 0.811718047 -0.091839425 0.576182544
1773245007.431631 -0.253113508 0.059334829 0.616227627 -0.026716199 0.810904205 -0.091797039 0.577316165
1773245007.459563 -0.253112257 0.059336539 0.616226077 -0.025618264 0.810295105 -0.093052410 0.578019679
1773245007.497655 -0.253111869 0.059337080 0.616222858 -0.024965523 0.809009075 -0.092866145 0.579876661
1773245007.524775 -0.253109932 0.059337080 0.616220832 -0.024616104 0.808541000 -0.093181312 0.580493391
1773245007.559009 -0.253108740 0.059337176 0.616219401 -0.023939451 0.808105350 -0.092853166 0.581180453
1773245007.598131 -0.253108203 0.059336495 0.616217375 -0.024750272 0.807202160 -0.092284620 0.582490742
1773245007.627426 -0.253107369 0.059337929 0.616215587 -0.023594856 0.806563616 -0.093811788 0.583178818
1773245007.665036 -0.253107190 0.059333775 0.616206169 -0.025654878 0.804204226 -0.091547005 0.586699665
1773245007.692052 -0.253106236 0.059333608 0.616205573 -0.025640266 0.803980768 -0.091960125 0.586941957
1773245007.732692 -0.253105402 0.059332676 0.616204202 -0.026171757 0.803628147 -0.091064066 0.587540746
1773245007.759569 -0.253104329 0.059333201 0.616202295 -0.025763497 0.802858114 -0.091713123 0.588509738
1773245007.791162 -0.253103346 0.059333760 0.616202116 -0.025486272 0.802845061 -0.091883466 0.588513017
1773245007.834515 -0.253101766 0.059333734 0.616199255 -0.025017589 0.801727295 -0.091235258 0.590155602
1773245007.859689 -0.253100842 0.059333656 0.616196990 -0.025007419 0.800604939 -0.091443576 0.591645598
1773245007.899554 -0.253099918 0.059332553 0.616195560 -0.025808662 0.800005198 -0.090580866 0.592554390
1773245007.926639 -0.253098547 0.059335388 0.616195023 -0.023869874 0.799695194 -0.092180170 0.592807472
1773245007.959525 -0.253097028 0.059334040 0.616194129 -0.024762126 0.799300969 -0.091204405 0.593453050
1773245007.998350 -0.253095210 0.059332319 0.616189361 -0.025386473 0.797867477 -0.090975501 0.595387697
1773245008.026740 -0.253093928 0.059334327 0.616186440 -0.023581373 0.796479762 -0.090875141 0.597332180
1773245008.065603 -0.253093064 0.059333995 0.616186440 -0.023859967 0.796399832 -0.091404065 0.597347021
1773245008.093262 -0.253091514 0.059333332 0.616184294 -0.024347281 0.795264840 -0.090456411 0.598981380
1773245008.131111 -0.253090143 0.059336476 0.616182625 -0.022125475 0.794443071 -0.092768900 0.599803805
1773245008.163638 -0.253089160 0.059333447 0.616177976 -0.024076844 0.792560875 -0.091082364 0.602471173
1773245008.192940 -0.253088057 0.059334818 0.616175294 -0.022941070 0.791296482 -0.091619924 0.604093790
1773245008.233039 -0.253086746 0.059335347 0.616173863 -0.022542896 0.790579677 -0.091748141 0.605027139
1773245008.260039 -0.253085136 0.059335221 0.616174102 -0.022665367 0.790521204 -0.091755278 0.605097830
1773245008.298826 -0.253083646 0.059335690 0.616170764 -0.021999899 0.788746655 -0.091588892 0.607458770
1773245008.326136 -0.253082752 0.059332576 0.616162181 -0.023675788 0.785831273 -0.090523146 0.611321688
1773245008.359695 -0.253081471 0.059331328 0.616158903 -0.023995452 0.784011364 -0.089537755 0.613786101
1773245008.399734 -0.253079891 0.059331607 0.616158605 -0.024068525 0.783755958 -0.089802653 0.614070714
1773245008.432295 -0.253078222 0.059332449 0.616156816 -0.023092169 0.782728195 -0.090490945 0.615316689
1773245008.465916 -0.253076553 0.059333123 0.616154432 -0.022568787 0.781348407 -0.090052314 0.617151380
1773245008.494088 -0.253075927 0.059331581 0.616151989 -0.023336789 0.780043006 -0.089341879 0.618875027
1773245008.531654 -0.253073841 0.059332788 0.616146326 -0.022305749 0.778019845 -0.089796916 0.621388793
1773245008.560899 -0.253072381 0.059332363 0.616144478 -0.022342505 0.776737869 -0.089575842 0.623021126
1773245008.592715 -0.253070861 0.059330858 0.616143048 -0.023710916 0.775585830 -0.088594638 0.624544203
1773245008.632855 -0.253069520 0.059330665 0.616141677 -0.023671787 0.774510503 -0.089201860 0.625792503
1773245008.660019 -0.253067613 0.059335258 0.616138756 -0.020166902 0.772659242 -0.090609938 0.627997458
1773245008.699144 -0.253066391 0.059330527 0.616136074 -0.023175515 0.770985961 -0.088302888 0.630274653
1773245008.727107 -0.253064901 0.059331320 0.616130888 -0.022040166 0.768708766 -0.088478446 0.633066058
1773245008.759278 -0.253063083 0.059331179 0.616128623 -0.021960557 0.767041326 -0.088639274 0.635065675
1773245008.799694 -0.253060967 0.059330579 0.616129100 -0.022401705 0.766374409 -0.088530846 0.635870099
1773245008.826812 -0.253059566 0.059331145 0.616126597 -0.021802118 0.764549911 -0.088679783 0.638062716
1773245008.865928 -0.253057659 0.059331913 0.616124630 -0.021315774 0.763007998 -0.088933095 0.639887035
1773245008.892655 -0.253055781 0.059331395 0.616121113 -0.021052843 0.761031389 -0.088483281 0.642307281
1773245008.932659 -0.253054559 0.059331473 0.616118908 -0.020793103 0.759163439 -0.088313721 0.644545674
1773245008.961015 -0.253052235 0.059331764 0.616117060 -0.020322109 0.757600486 -0.088375032 0.646388769
1773245008.992877 -0.253050864 0.059329513 0.616113245 -0.021700209 0.755042553 -0.087495297 0.649449289
1773245009.034071 -0.253048539 0.059330303 0.616110206 -0.020833973 0.752677202 -0.087706260 0.652189016
1773245009.060794 -0.253045857 0.059331626 0.616109967 -0.019888876 0.751659453 -0.088360392 0.653303087
1773245009.100538 -0.253044307 0.059331834 0.616105258 -0.018975772 0.748817623 -0.087897852 0.656647503
1773245009.127361 -0.253042579 0.059331384 0.616102695 -0.019395174 0.746548891 -0.087496199 0.659267008
1773245009.159844 -0.253040016 0.059331957 0.616102993 -0.019159442 0.745331049 -0.087562792 0.660641551
1773245009.199427 -0.253037840 0.059332144 0.616099358 -0.018932490 0.742361605 -0.086687945 0.664097905
1773245009.227204 -0.253035575 0.059332781 0.616096795 -0.018157789 0.739819586 -0.087599292 0.666830957
1773245009.267384 -0.253033429 0.059331845 0.616094947 -0.019147934 0.737480998 -0.087005943 0.669466317
1773245009.294084 -0.253028870 0.059329048 0.616090238 -0.020298179 0.734432518 -0.085210606 0.673005223
1773245009.333790 -0.253026694 0.059329003 0.616089046 -0.020363778 0.732441783 -0.084704027 0.675233006
1773245009.359986 -0.253024459 0.059329849 0.616087258 -0.019174624 0.730124176 -0.084992148 0.677736938
1773245009.394518 -0.253022343 0.059328914 0.616085470 -0.019827791 0.727770448 -0.084026650 0.680365086
1773245009.433588 -0.253020316 0.059328690 0.616081357 -0.019403009 0.724169612 -0.084174447 0.684190512
1773245009.461838 -0.253017306 0.059329342 0.616079986 -0.018984320 0.722161531 -0.084366977 0.686297715
1773245009.500923 -0.253014207 0.059329573 0.616078079 -0.018586855 0.720006824 -0.084526137 0.688549221
1773245009.527304 -0.253012002 0.059330549 0.616077542 -0.017608758 0.718490839 -0.084545627 0.690154254
1773245009.560906 -0.253009886 0.059330683 0.616075218 -0.017105382 0.716163337 -0.083972536 0.692651451
1773245009.600346 -0.253008008 0.059330210 0.616074026 -0.017648213 0.714176416 -0.083651222 0.694725156
1773245009.628104 -0.253005594 0.059331652 0.616071880 -0.016324533 0.711761713 -0.084826872 0.697089016
1773245009.667187 -0.253003597 0.059331425 0.616069913 -0.016597619 0.709300041 -0.084223427 0.699660182
1773245009.694664 -0.253001511 0.059331946 0.616066575 -0.015699035 0.706392527 -0.084299065 0.702607036
1773245009.733092 -0.252999365 0.059331696 0.616065085 -0.015528671 0.704306066 -0.083871305 0.704753399
1773245009.761776 -0.252996773 0.059331108 0.616063118 -0.015695758 0.701732159 -0.083427697 0.707365096
1773245009.795531 -0.252994776 0.059330679 0.616061807 -0.016036136 0.699793518 -0.082618445 0.709370136
1773245009.836556 -0.252992481 0.059332006 0.616060257 -0.014730514 0.697622895 -0.083101399 0.711476922
1773245009.862607 -0.252990186 0.059330963 0.616058111 -0.015435042 0.695144832 -0.082778439 0.713920891
1773245009.899459 -0.252988011 0.059332002 0.616055191 -0.014368041 0.692673266 -0.083284222 0.716282785
1773245009.929065 -0.252984464 0.059332393 0.616057217 -0.014335005 0.693083048 -0.082970455 0.715923369
1773245009.961828 -0.252982706 0.059331559 0.616056979 -0.014902571 0.692418039 -0.082726568 0.716583192
1773245009.999992 -0.252980322 0.059330534 0.616055310 -0.015406085 0.690993011 -0.082586996 0.717962921
1773245010.027998 -0.252977699 0.059334107 0.616053522 -0.012833707 0.689838707 -0.084057167 0.718952179
1773245010.068310 -0.252974719 0.059334714 0.616050184 -0.012075413 0.687879980 -0.085409127 0.720680654
1773245010.095068 -0.252972513 0.059335485 0.616047740 -0.011027073 0.687030196 -0.085290544 0.721521616
1773245010.134559 -0.252971947 0.059332490 0.616050303 -0.013470209 0.689532578 -0.083478659 0.719301462
1773245010.162401 -0.252969444 0.059332989 0.616048098 -0.013185238 0.689175785 -0.083475746 0.719649017
1773245010.196051 -0.252967209 0.059335038 0.616046548 -0.011577935 0.688914776 -0.084934905 0.719755828
1773245010.234124 -0.252964318 0.059335254 0.616044223 -0.010944295 0.687872410 -0.084512062 0.720811665
1773245010.268324 -0.252961189 0.059335060 0.616042793 -0.011086947 0.687078178 -0.084899753 0.721521080
1773245010.301752 -0.252958477 0.059334405 0.616041839 -0.011860313 0.686931133 -0.084938258 0.721644282
1773245010.329072 -0.252958119 0.059335358 0.616041660 -0.010881383 0.687526405 -0.084282465 0.721169531
1773245010.362689 -0.252961189 0.059335530 0.616050482 -0.011651198 0.693948805 -0.084937103 0.714902103
1773245010.401475 -0.252965480 0.059332997 0.616057932 -0.014483443 0.700009525 -0.084472455 0.708972037
1773245010.429472 -0.252963513 0.059333354 0.616056621 -0.014092636 0.699724913 -0.084851809 0.709215462
1773245010.467957 -0.252962589 0.059332915 0.616057992 -0.014340232 0.701256812 -0.084313415 0.707760215
1773245010.494856 -0.252961308 0.059332803 0.616058469 -0.014558759 0.702165544 -0.083863355 0.706907749
1773245010.533545 -0.252959907 0.059332464 0.616058171 -0.014578513 0.702404082 -0.083770335 0.706681311
1773245010.561704 -0.252958357 0.059331514 0.616058290 -0.015187304 0.702932775 -0.082209535 0.706326008
1773245010.596127 -0.252957165 0.059330579 0.616058469 -0.015403004 0.703459144 -0.081169210 0.705917537
1773245010.635044 -0.252957016 0.059333455 0.616059005 -0.014580689 0.704573631 -0.085026272 0.704367757
1773245010.662958 -0.252955765 0.059333663 0.616059899 -0.014523131 0.705639839 -0.085124835 0.703288853
1773245010.701132 -0.252954006 0.059332978 0.616058946 -0.014820990 0.705562532 -0.084229417 0.703468084
1773245010.729584 -0.252952635 0.059333622 0.616059005 -0.014857381 0.706013083 -0.085243724 0.702892780
1773245010.763578 -0.252951115 0.059333488 0.616058946 -0.014843959 0.706460059 -0.084941745 0.702480376
1773245010.802961 -0.252949357 0.059333552 0.616058350 -0.014897742 0.706519246 -0.085404702 0.702363610
1773245010.828924 -0.252948493 0.059333757 0.616059601 -0.015494250 0.707731426 -0.084881984 0.701192737
1773245010.867923 -0.252948165 0.059333693 0.616058528 -0.014702310 0.707724571 -0.085623175 0.701126575
1773245010.896327 -0.252946854 0.059333850 0.616059065 -0.014870197 0.708522737 -0.085228197 0.700364590
1773245010.935445 -0.252945542 0.059333988 0.616059065 -0.015056545 0.708624423 -0.085530601 0.700220883
1773245010.962775 -0.252944142 0.059333712 0.616058886 -0.015172158 0.708825588 -0.085094556 0.700067818
1773245010.995874 -0.252943009 0.059334204 0.616059959 -0.014976521 0.709523141 -0.085496478 0.699316084
1773245011.035547 -0.252941281 0.059334062 0.616058767 -0.014942076 0.708846569 -0.085429393 0.700010777
1773245011.062038 -0.252939880 0.059334237 0.616058588 -0.014759840 0.708455980 -0.085298292 0.700425863
1773245011.103223 -0.252938986 0.059334956 0.616059661 -0.014362569 0.708985567 -0.085917078 0.699822485
1773245011.130191 -0.252937496 0.059333108 0.616060019 -0.015258827 0.708927512 -0.083784312 0.700120807
1773245011.163480 -0.252936900 0.059334181 0.616058946 -0.015059784 0.707858145 -0.085334785 0.701019287
1773245011.204567 -0.252935499 0.059334412 0.616059422 -0.015027700 0.707802117 -0.085446678 0.701062918
1773245011.229030 -0.252934068 0.059333984 0.616058230 -0.014843148 0.706674039 -0.084755905 0.702287674
1773245011.270377 -0.252932608 0.059334792 0.616058707 -0.014509263 0.706608951 -0.085034654 0.702326417
1773245011.296349 -0.252931178 0.059335053 0.616057456 -0.014132136 0.705541670 -0.085087202 0.703399897
1773245011.335973 -0.252930552 0.059334412 0.616057992 -0.014730327 0.705783308 -0.084745131 0.703186452
1773245011.363729 -0.252929270 0.059335168 0.616058528 -0.014363191 0.705672801 -0.085059859 0.703266978
1773245011.396345 -0.252926767 0.059334531 0.616057813 -0.015180071 0.704415083 -0.085172430 0.704495966
1773245011.435474 -0.252925754 0.059334464 0.616058469 -0.015188592 0.704268336 -0.084644005 0.704706192
1773245011.462741 -0.252924591 0.059333604 0.616058171 -0.015837118 0.703539431 -0.083089083 0.705604494
1773245011.504652 -0.252923250 0.059334598 0.616059721 -0.015485132 0.704114616 -0.083807848 0.704953253
1773245011.531002 -0.252922088 0.059334733 0.616059422 -0.016007148 0.703335643 -0.084196255 0.705672562
1773245011.563359 -0.252920032 0.059334166 0.616057873 -0.016225018 0.701838493 -0.083724529 0.707212627
1773245011.601345 -0.252917945 0.059334099 0.616058171 -0.016010657 0.701334238 -0.083353117 0.707761467
1773245011.630970 -0.252916485 0.059334844 0.616059244 -0.015384908 0.701704502 -0.083720066 0.707364798
1773245011.669568 -0.252915770 0.059334047 0.616058350 -0.016667562 0.700472713 -0.083313435 0.708603621
1773245011.697558 -0.252913892 0.059334762 0.616059661 -0.015906192 0.700984120 -0.083569735 0.708085001
1773245011.736719 -0.252916008 0.059334487 0.616058707 -0.016121907 0.700559676 -0.083481185 0.708510458
1773245011.764305 -0.252914429 0.059334509 0.616059124 -0.016607815 0.700616777 -0.083622806 0.708426058
1773245011.797476 -0.252913177 0.059335254 0.616058707 -0.016100453 0.700146735 -0.084114015 0.708844244
1773245011.836655 -0.252911687 0.059334598 0.616058409 -0.016509950 0.699664354 -0.083007812 0.709441245
1773245011.864471 -0.252909869 0.059335709 0.616057575 -0.015729425 0.698912024 -0.083878383 0.710097909
1773245011.901347 -0.252908081 0.059335500 0.616057813 -0.015782276 0.698825359 -0.083863184 0.710183799
1773245011.931505 -0.252907097 0.059334941 0.616058826 -0.016412806 0.699404955 -0.083551057 0.709635437
1773245011.965677 -0.252902031 0.059334505 0.616058588 -0.016443059 0.698827803 -0.082399778 0.710337698
1773245012.004444 -0.252900362 0.059334747 0.616058350 -0.016102929 0.698909044 -0.082039572 0.710307300
1773245012.031621 -0.252904356 0.059335075 0.616059542 -0.016048625 0.700999022 -0.082870923 0.708149135
1773245012.069857 -0.252903193 0.059335075 0.616059065 -0.016544672 0.701207221 -0.082988054 0.707917869
1773245012.096989 -0.252901554 0.059335254 0.616059422 -0.016366279 0.701719224 -0.083104789 0.707400799
1773245012.136485 -0.252900451 0.059335634 0.616060078 -0.016497616 0.702664614 -0.083839290 0.706371844
1773245012.164634 -0.252898574 0.059335582 0.616060317 -0.016611081 0.703427851 -0.083686657 0.705627263
1773245012.197526 -0.252897173 0.059335262 0.616060257 -0.016662665 0.703946352 -0.083380848 0.705145001
1773245012.237296 -0.252896041 0.059336200 0.616061091 -0.016470395 0.705179453 -0.084493898 0.703783691
1773245012.265313 -0.252894282 0.059335474 0.616059661 -0.017153902 0.704805493 -0.083095379 0.704308271
1773245012.303833 -0.252892345 0.059335172 0.616060734 -0.017038887 0.706239283 -0.082858369 0.702901244
1773245012.331803 -0.252890855 0.059335258 0.616059840 -0.017100664 0.706146359 -0.083061114 0.702969193
1773245012.364341 -0.252890438 0.059335388 0.616059005 -0.016543295 0.706573188 -0.083498105 0.702501714
1773245012.403007 -0.252889067 0.059335396 0.616058290 -0.016579000 0.706765413 -0.083416447 0.702317178
1773245012.430861 -0.252887785 0.059335332 0.616059363 -0.016879985 0.708169401 -0.083402045 0.700896025
1773245012.470862 -0.252886027 0.059335135 0.616059184 -0.017360564 0.708615124 -0.083407119 0.700433016
1773245012.498314 -0.252884835 0.059335493 0.616059482 -0.016923986 0.709245801 -0.083737418 0.699765623
1773245012.536118 -0.252883226 0.059335098 0.616058648 -0.016695324 0.709344447 -0.083050951 0.699752927
1773245012.565989 -0.252882600 0.059334651 0.616060436 -0.016942333 0.710857034 -0.082456015 0.698280931
1773245012.597206 -0.252880216 0.059335530 0.616059542 -0.016922865 0.711115539 -0.083426133 0.697902799
1773245012.636190 -0.252880067 0.059335828 0.616059721 -0.016849224 0.711887717 -0.084656805 0.696968555
1773245012.665396 -0.252878308 0.059335742 0.616059065 -0.016952189 0.711844504 -0.084822878 0.696989954
1773245012.704715 -0.252877027 0.059336081 0.616058886 -0.016787190 0.712324381 -0.084769353 0.696510077
1773245012.731110 -0.252875745 0.059336528 0.616058886 -0.016388319 0.713030994 -0.085074745 0.695758939
1773245012.764997 -0.252874583 0.059335582 0.616059005 -0.017171551 0.713334322 -0.083713114 0.695594192
1773245012.804487 -0.252873152 0.059334770 0.616058290 -0.017488685 0.713398457 -0.083425201 0.695555151
1773245012.831827 -0.252871335 0.059335697 0.616058171 -0.017147781 0.713680685 -0.084234260 0.695176542
1773245012.869788 -0.252869874 0.059336044 0.616057336 -0.017030684 0.713665724 -0.084573120 0.695153534
1773245012.898964 -0.252867997 0.059336506 0.616058826 -0.017132435 0.714902341 -0.085271619 0.693793833
1773245012.937442 -0.252866924 0.059336435 0.616057873 -0.017123071 0.714499533 -0.085068986 0.694233775
1773245012.965528 -0.252869308 0.059336074 0.616059363 -0.017353602 0.715822816 -0.083930887 0.693002343
1773245012.998723 -0.252868176 0.059336260 0.616059661 -0.017472290 0.716561317 -0.083700679 0.692263544
1773245013.038507 -0.252867073 0.059336130 0.616060138 -0.017838588 0.716928303 -0.084145352 0.691820145
1773245013.065293 -0.252865553 0.059336752 0.616059542 -0.017448414 0.716752112 -0.084287062 0.691995442
1773245013.104671 -0.252863884 0.059335895 0.616059482 -0.017756112 0.716698766 -0.083723530 0.692111254
1773245013.131700 -0.252862990 0.059336483 0.616059184 -0.017368043 0.716694891 -0.084392965 0.692043781
1773245013.166352 -0.252861828 0.059335649 0.616058826 -0.017837934 0.716724575 -0.083718881 0.692083001
1773245013.205470 -0.252860844 0.059335738 0.616060436 -0.017885529 0.717755616 -0.083338715 0.691058338
1773245013.232902 -0.252859116 0.059335887 0.616059601 -0.017446358 0.717329979 -0.083576724 0.691482663
1773245013.271211 -0.252858758 0.059336230 0.616059184 -0.017546766 0.717248917 -0.084006339 0.691512108
1773245013.298925 -0.252858460 0.059336346 0.616059601 -0.017304705 0.717651606 -0.083949089 0.691107273
1773245013.337432 -0.252857566 0.059336372 0.616060197 -0.017312353 0.718000710 -0.083571248 0.690790236
1773245013.364758 -0.252856672 0.059336126 0.616060853 -0.017301608 0.718411684 -0.082923375 0.690441191
1773245013.399948 -0.252856046 0.059336253 0.616061091 -0.017424585 0.718776941 -0.083196305 0.690024972
1773245013.438377 -0.252854526 0.059336554 0.616061032 -0.017283469 0.718498707 -0.083794057 0.690245986
1773245013.465805 -0.252852976 0.059336465 0.616059899 -0.017162027 0.717557728 -0.083562039 0.691255152
1773245013.505215 -0.252851903 0.059336476 0.616060197 -0.017170619 0.717690349 -0.083163247 0.691165388
1773245013.532250 -0.252850801 0.059336483 0.616059959 -0.017087368 0.717533112 -0.083188199 0.691327631
1773245013.565904 -0.252849013 0.059336312 0.616058826 -0.017104890 0.716642201 -0.082899615 0.692285359
1773245013.604951 -0.252849162 0.059337076 0.616058826 -0.016784288 0.716431260 -0.084488288 0.692319453
1773245013.633229 -0.252848148 0.059336975 0.616058171 -0.016728459 0.715910971 -0.084014051 0.692916512
1773245013.671846 -0.252847254 0.059337042 0.616058528 -0.016544420 0.715845048 -0.084007509 0.692989826
1773245013.699377 -0.252846211 0.059336826 0.616058350 -0.016840013 0.715521455 -0.083946481 0.693324208
1773245013.738562 -0.252845347 0.059336893 0.616058648 -0.017012026 0.715646923 -0.083875656 0.693199098
1773245013.766198 -0.252844274 0.059336215 0.616058946 -0.016841026 0.715521693 -0.083081245 0.693428159
1773245013.799257 -0.252843261 0.059336077 0.616058648 -0.017333679 0.715247810 -0.082538813 0.693763256
1773245013.840029 -0.252842247 0.059337772 0.616058528 -0.016519219 0.714966416 -0.085243076 0.693746150
1773245013.865730 -0.252840906 0.059338018 0.616057992 -0.016232567 0.714270473 -0.084914073 0.694509804
1773245013.906429 -0.252841204 0.059336938 0.616059124 -0.016998088 0.715056539 -0.083848849 0.693811655
1773245013.935096 -0.252840638 0.059336822 0.616059422 -0.017086204 0.715217590 -0.083188854 0.693722904
1773245013.966835 -0.252839506 0.059336632 0.616059065 -0.017183306 0.715091884 -0.083078034 0.693863392
1773245014.006236 -0.252838582 0.059337132 0.616059601 -0.017040208 0.715280533 -0.083657712 0.693602800
1773245014.032106 -0.252837479 0.059337638 0.616059124 -0.016423928 0.714878678 -0.083775356 0.694017589
1773245014.074093 -0.252836764 0.059337791 0.616059661 -0.016847814 0.715097904 -0.084173910 0.693733335
1773245014.098877 -0.252835125 0.059337832 0.616059303 -0.016437661 0.714871705 -0.084092870 0.693986058
1773245014.140558 -0.252834529 0.059338026 0.616059422 -0.016606595 0.714953482 -0.084674537 0.693827033
1773245014.166383 -0.252832890 0.059338316 0.616059303 -0.016386870 0.714865744 -0.084547482 0.693938196
1773245014.200402 -0.252831817 0.059338704 0.616059184 -0.016162096 0.714698255 -0.085205674 0.694035411
1773245014.239676 -0.252831399 0.059337139 0.616058350 -0.017125130 0.714115202 -0.083709128 0.694794297
1773245014.266752 -0.252830207 0.059336834 0.616058528 -0.017242124 0.714214385 -0.083087973 0.694763958
1773245014.306653 -0.252828896 0.059337467 0.616059124 -0.016766852 0.714672983 -0.083382010 0.694268584
1773245014.333194 -0.252828300 0.059336103 0.616058648 -0.017520729 0.714334249 -0.082135431 0.694747031
1773245014.366207 -0.252827585 0.059335671 0.616059482 -0.017949747 0.714900553 -0.081737705 0.694200277
1773245014.406312 -0.252826780 0.059335705 0.616060376 -0.017911160 0.715697289 -0.081590757 0.693397164
1773245014.434067 -0.252826214 0.059335947 0.616060853 -0.018139319 0.715956509 -0.082329266 0.693036258
1773245014.472651 -0.252825439 0.059335947 0.616061985 -0.018257553 0.716794252 -0.082053654 0.692199469
1773245014.499488 -0.252824426 0.059336767 0.616063178 -0.018248808 0.717961490 -0.082681239 0.690913916
1773245014.539776 -0.252824157 0.059335887 0.616062284 -0.018379185 0.717292607 -0.081858642 0.691702843
1773245014.567281 -0.252820760 0.059336789 0.616058409 -0.017298102 0.714320600 -0.082241215 0.694754124
1773245014.600236 -0.252819777 0.059336457 0.616058409 -0.017526777 0.714337647 -0.082253180 0.694729447
1773245014.639882 -0.252817839 0.059336372 0.616057754 -0.017381612 0.713547170 -0.081666850 0.695614159
1773245014.666336 -0.252817184 0.059336245 0.616057634 -0.017444203 0.713381052 -0.081771448 0.695770562
1773245014.706523 -0.252816111 0.059336036 0.616057634 -0.017709754 0.713416755 -0.081287205 0.695783973
1773245014.735109 -0.252815247 0.059335794 0.616057456 -0.017523887 0.713432372 -0.080811106 0.695828199
1773245014.767450 -0.252813846 0.059335489 0.616057336 -0.017935162 0.713083923 -0.080305681 0.696233332
1773245014.806667 -0.252813160 0.059336849 0.616058588 -0.017379608 0.714202881 -0.082073756 0.694892883
1773245014.833436 -0.252811909 0.059337404 0.616057575 -0.016933888 0.713213384 -0.082790777 0.695834517
1773245014.872776 -0.252811939 0.059337813 0.616058648 -0.016876541 0.714178801 -0.083751515 0.694729805
1773245014.899920 -0.252810955 0.059337460 0.616059363 -0.017023308 0.714390874 -0.083202600 0.694574177
1773245014.940324 -0.252809882 0.059338022 0.616058767 -0.016436718 0.714172602 -0.083719015 0.694750607
1773245014.968094 -0.252809137 0.059338145 0.616059721 -0.016635720 0.714820325 -0.084336221 0.694004655
1773245015.002218 -0.252807558 0.059337895 0.616058826 -0.016698141 0.714048028 -0.083292328 0.694923699
1773245015.041183 -0.252806425 0.059338145 0.616058767 -0.016234813 0.713992774 -0.084442727 0.694852650
1773245015.067572 -0.252805412 0.059337653 0.616058886 -0.016466470 0.713896811 -0.082655877 0.695160568
1773245015.108661 -0.252804220 0.059337899 0.616058588 -0.016142324 0.713661373 -0.083589248 0.695298314
1773245015.134037 -0.252803564 0.059338860 0.616059601 -0.015986413 0.714183033 -0.084414490 0.694666266
1773245015.167564 -0.252802789 0.059337560 0.616059303 -0.016615946 0.713771999 -0.083227687 0.695216954
1773245015.207337 -0.252801597 0.059338246 0.616058707 -0.016138466 0.713194311 -0.083554506 0.695781648
1773245015.239107 -0.252800941 0.059338510 0.616059721 -0.016249262 0.713850081 -0.084351227 0.695010006
1773245015.273606 -0.252800286 0.059337839 0.616060376 -0.016539311 0.714087427 -0.083444752 0.694868803
1773245015.301916 -0.252799898 0.059337452 0.616061389 -0.017030047 0.714905381 -0.082675092 0.694107473
1773245015.341189 -0.252797365 0.059337880 0.616059124 -0.016450791 0.712858438 -0.082498014 0.696244419
1773245015.368448 -0.252796173 0.059338491 0.616059363 -0.016306508 0.712967157 -0.083500236 0.696017027
1773245015.401537 -0.252795309 0.059338272 0.616059422 -0.015974553 0.713193595 -0.083216354 0.695826650
1773245015.441068 -0.252794296 0.059338421 0.616059005 -0.015945470 0.712589324 -0.083346494 0.696430624
1773245015.469001 -0.252792627 0.059338257 0.616057813 -0.015744254 0.711432755 -0.083449766 0.697604239
1773245015.506631 -0.252791822 0.059338540 0.616058171 -0.015701214 0.711495399 -0.083932608 0.697483480
1773245015.534932 -0.252791256 0.059338436 0.616057992 -0.015401743 0.711200297 -0.083790623 0.697808087
1773245015.568787 -0.252790511 0.059338246 0.616058111 -0.015418186 0.711190164 -0.083441839 0.697859764
1773245015.608329 -0.252789438 0.059338801 0.616058946 -0.015327184 0.711814106 -0.084500223 0.697097898
1773245015.635201 -0.252788126 0.059338287 0.616057813 -0.015454274 0.710919380 -0.084153622 0.698049426
1773245015.674756 -0.252787083 0.059338018 0.616057694 -0.015505652 0.710610271 -0.083461404 0.698445976
1773245015.702271 -0.252786100 0.059337713 0.616057038 -0.015256956 0.709862292 -0.083016098 0.699264646
1773245015.741059 -0.252785206 0.059338398 0.616057575 -0.015180410 0.710212469 -0.083587125 0.698842645
1773245015.768833 -0.252784222 0.059338626 0.616057456 -0.015129088 0.710016847 -0.084718861 0.698906183
1773245015.802782 -0.252783388 0.059338666 0.616058230 -0.015102682 0.710484982 -0.084022366 0.698514998
1773245015.840591 -0.252783000 0.059339069 0.616058826 -0.014553783 0.710937738 -0.084131733 0.698052645
1773245015.868599 -0.252782404 0.059338823 0.616058946 -0.014876301 0.711242855 -0.084418215 0.697700381
1773245015.907923 -0.252781183 0.059339128 0.616058469 -0.014392627 0.710504770 -0.084260546 0.698481143
1773245015.934753 -0.252779663 0.059339121 0.616058171 -0.014933936 0.710247934 -0.084088042 0.698751688
1773245015.968343 -0.252778769 0.059339009 0.616058171 -0.014904889 0.710344791 -0.083828367 0.698685110
1773245016.009621 -0.252777845 0.059339024 0.616058528 -0.014867833 0.710586846 -0.084147565 0.698401332
1773245016.035839 -0.252776504 0.059339315 0.616058886 -0.014641022 0.710946202 -0.084042579 0.698052943
1773245016.077608 -0.252775282 0.059338834 0.616058588 -0.015136224 0.710604608 -0.083693303 0.698432148
1773245016.102740 -0.252774328 0.059338469 0.616058230 -0.015202780 0.710552573 -0.083048791 0.698560476
1773245016.142707 -0.252773136 0.059338722 0.616058469 -0.015132158 0.710790694 -0.083676368 0.698244810
1773245016.169905 -0.252771795 0.059339516 0.616058886 -0.014484794 0.711596906 -0.084717467 0.697311223
1773245016.202576 -0.252770334 0.059339110 0.616057694 -0.014897544 0.710542619 -0.084310576 0.698426008
1773245016.241601 -0.252769649 0.059338666 0.616058171 -0.015190563 0.711381495 -0.083548769 0.697656870
1773245016.269973 -0.252768517 0.059338823 0.616058886 -0.015356007 0.712176442 -0.084805042 0.696690023
1773245016.308185 -0.252766967 0.059338413 0.616058171 -0.015668236 0.711819589 -0.083339691 0.697224379
1773245016.335972 -0.252765059 0.059339419 0.616057277 -0.015184653 0.711775184 -0.085478656 0.697021425
1773245016.369944 -0.252764016 0.059340712 0.616056919 -0.013954572 0.711782396 -0.085038126 0.697093666
1773245016.408828 -0.252762765 0.059339404 0.616058350 -0.015315144 0.713239312 -0.084993221 0.695579827
1773245016.435696 -0.252761692 0.059338957 0.616058052 -0.015520697 0.713426232 -0.083483338 0.695566416
1773245016.478008 -0.252760440 0.059339024 0.616058409 -0.015785623 0.713863730 -0.084329396 0.695009291
1773245016.503099 -0.252758920 0.059338734 0.616058886 -0.016012324 0.714888036 -0.083044261 0.694105446
1773245016.542414 -0.252757639 0.059339270 0.616057336 -0.015841473 0.714222133 -0.084185958 0.694657147
1773245016.569381 -0.252755374 0.059339631 0.616055310 -0.015437792 0.712781012 -0.084422067 0.696116209
1773245016.603147 -0.252755463 0.059338994 0.616058648 -0.015986433 0.716132343 -0.083597109 0.692755640
1773245016.642389 -0.252753824 0.059339900 0.616057575 -0.015211900 0.715241790 -0.084873103 0.693537593
1773245016.669579 -0.252752393 0.059340000 0.616057336 -0.015253836 0.715243936 -0.085364535 0.693474114
1773245016.709612 -0.252751410 0.059339069 0.616056561 -0.015611275 0.715435624 -0.083905831 0.693446517
1773245016.736904 -0.252751112 0.059338212 0.616057515 -0.016707208 0.716471851 -0.083563268 0.692391574
1773245016.769586 -0.252748847 0.059339907 0.616057158 -0.015068099 0.716295838 -0.085174426 0.692414999
1773245016.809069 -0.252747297 0.059340209 0.616055608 -0.014494725 0.715213299 -0.084924743 0.693575978
1773245016.836217 -0.252745479 0.059341863 0.616053998 -0.012947636 0.714221537 -0.086858876 0.694388568
1773245016.876478 -0.252745718 0.059339982 0.616056800 -0.014994890 0.716820598 -0.085714974 0.691806614
1773245016.902452 -0.252744764 0.059339762 0.616056919 -0.014996671 0.717061102 -0.084406853 0.691718102
1773245016.943154 -0.252743155 0.059339620 0.616056144 -0.015224072 0.716692150 -0.084483840 0.692085981
1773245016.970069 -0.252742350 0.059339657 0.616056383 -0.015311019 0.717111468 -0.084027424 0.691705227
1773245017.002602 -0.252741277 0.059339885 0.616057098 -0.015179407 0.717829943 -0.084300838 0.690929174
1773245017.043223 -0.252740592 0.059340239 0.616057754 -0.015234243 0.718603730 -0.084652551 0.690080047
1773245017.069844 -0.252739310 0.059339844 0.616057515 -0.015254540 0.718470335 -0.084072135 0.690289497
1773245017.109675 -0.252738118 0.059339818 0.616057098 -0.015411288 0.718180239 -0.083811618 0.690619469
1773245017.137258 -0.252737075 0.059339464 0.616057932 -0.015965134 0.718836844 -0.083762012 0.689929426
1773245017.170861 -0.252735943 0.059339337 0.616057992 -0.016006900 0.718847454 -0.083431751 0.689957440
1773245017.210558 -0.252734274 0.059339605 0.616057575 -0.015653634 0.718224227 -0.083553180 0.690599620
1773245017.235923 -0.252732605 0.059340239 0.616056979 -0.015072987 0.717574298 -0.084216498 0.691207290
1773245017.276568 -0.252731800 0.059339698 0.616057694 -0.015825592 0.717978835 -0.084397331 0.690748155
1773245017.310248 -0.252730638 0.059339076 0.616057396 -0.016128888 0.717725694 -0.083670475 0.691092610
1773245017.344168 -0.252728373 0.059340335 0.616056204 -0.015222806 0.716249466 -0.084831797 0.692501664
1773245017.370825 -0.252727062 0.059340313 0.616055965 -0.015156707 0.715581179 -0.084721968 0.693207026
1773245017.404191 -0.252726495 0.059340313 0.616057754 -0.015584398 0.716805875 -0.084490635 0.691959381
1773245017.444108 -0.252725214 0.059339583 0.616056740 -0.015750263 0.715463758 -0.083348967 0.693481445
1773245017.470125 -0.252724200 0.059338592 0.616056561 -0.017009044 0.714848042 -0.083017066 0.694126129
1773245017.509624 -0.252722919 0.059339449 0.616057277 -0.016237706 0.714919329 -0.082606435 0.694120169
1773245017.536189 -0.252722174 0.059340745 0.616058350 -0.015461350 0.715246081 -0.084773876 0.693539739
1773245017.571225 -0.252721518 0.059340782 0.616058171 -0.015197854 0.714549899 -0.084106542 0.694343984
1773245017.610589 -0.252719939 0.059339836 0.616059184 -0.016271120 0.715072334 -0.083407938 0.693865955
1773245017.636801 -0.252717495 0.059341155 0.616055667 -0.014867150 0.711287618 -0.084139049 0.697688699
1773245017.678952 -0.252716810 0.059341609 0.616055846 -0.014330135 0.711027801 -0.084489025 0.697922409
1773245017.704547 -0.252715409 0.059340678 0.616055548 -0.014604269 0.710580647 -0.082363158 0.698625922
1773245017.743927 -0.252713621 0.059340023 0.616055667 -0.015265353 0.709780872 -0.081689030 0.699503422
1773245017.771765 -0.252713263 0.059340507 0.616055727 -0.014912240 0.709546924 -0.083005600 0.699593365
1773245017.804121 -0.252711952 0.059341177 0.616056085 -0.014854692 0.709326744 -0.083669528 0.699738741
1773245017.844815 -0.252711087 0.059340388 0.616056263 -0.015232249 0.709470987 -0.082314797 0.699744999
1773245017.870095 -0.252710193 0.059341528 0.616057396 -0.014275284 0.709781289 -0.083502099 0.699309707
1773245017.910489 -0.252708018 0.059340406 0.616056383 -0.015461907 0.708549321 -0.083137102 0.700576246
1773245017.937977 -0.252707362 0.059340782 0.616056859 -0.015058688 0.708739281 -0.082904987 0.700420320
1773245017.970761 -0.252706528 0.059340574 0.616057694 -0.015743626 0.709197044 -0.083258502 0.699899733
1773245018.010601 -0.252705455 0.059340701 0.616057932 -0.015261050 0.709226012 -0.083124347 0.699896991
1773245018.038195 -0.252704442 0.059339859 0.616058946 -0.016473513 0.709729612 -0.082463741 0.699437022
1773245018.077215 -0.252703995 0.059339985 0.616059184 -0.016107641 0.709957242 -0.082443617 0.699216843
1773245018.105157 -0.252702564 0.059341416 0.616059899 -0.014752053 0.710247695 -0.083377711 0.698840916
1773245018.145066 -0.252702355 0.059341986 0.616060555 -0.014363338 0.710529864 -0.085186422 0.698343992
1773245018.170447 -0.252699405 0.059340447 0.616058826 -0.015498550 0.708440423 -0.082541227 0.700755894
1773245018.204630 -0.252698004 0.059338860 0.616058409 -0.017229779 0.707881927 -0.081109792 0.701446712
1773245018.244836 -0.252696842 0.059337214 0.616059005 -0.018845519 0.708296716 -0.079394348 0.701182663
1773245018.271239 -0.252696186 0.059335656 0.616059601 -0.020654829 0.708639443 -0.079202220 0.700806975
1773245018.310750 -0.252695560 0.059333500 0.616061032 -0.022850173 0.709556758 -0.075811014 0.700185537
1773245018.346025 -0.252693594 0.059340622 0.616059005 -0.015094969 0.707599282 -0.081935957 0.701684952
1773245018.372063 -0.252691329 0.059340980 0.616056323 -0.015100348 0.704485774 -0.082706824 0.704720736
1773245018.411497 -0.252690494 0.059341460 0.616056621 -0.014507465 0.704689801 -0.083610058 0.704422593
1773245018.438001 -0.252689689 0.059341006 0.616056442 -0.014948743 0.704436958 -0.082468979 0.704800665
1773245018.478414 -0.252689153 0.059340328 0.616056561 -0.015504353 0.704263508 -0.082493290 0.704959095
1773245018.505725 -0.252687067 0.059339367 0.616055429 -0.016513318 0.702861011 -0.081145272 0.706490755
1773245018.545312 -0.252685010 0.059338562 0.616054296 -0.017254038 0.701590419 -0.080572851 0.707800269
1773245018.571928 -0.252683640 0.059337832 0.616053581 -0.017794805 0.700703323 -0.079062782 0.708835185
1773245018.605834 -0.252682298 0.059337802 0.616053402 -0.018159887 0.700114608 -0.079470307 0.709361851
1773245018.645141 -0.252681762 0.059338424 0.616053343 -0.017115435 0.700105011 -0.080054902 0.709331512
1773245018.672040 -0.252680510 0.059338525 0.616052687 -0.016615426 0.699424624 -0.079715610 0.710052490
1773245018.712655 -0.252679646 0.059340887 0.616054654 -0.014385767 0.700760782 -0.082101770 0.708510220
1773245018.738626 -0.252678543 0.059341207 0.616054535 -0.014022981 0.700825989 -0.082493454 0.708407402
1773245018.771785 -0.252677590 0.059341416 0.616054535 -0.013959248 0.700687349 -0.082840487 0.708505273
1773245018.811575 -0.252676457 0.059341531 0.616054654 -0.013632596 0.700850844 -0.082376547 0.708404124
1773245018.837875 -0.252676010 0.059340164 0.616055846 -0.015305374 0.701901317 -0.081470683 0.707433999
1773245018.877908 -0.252675653 0.059342265 0.616057932 -0.013601011 0.703684747 -0.083481267 0.705459893
1773245018.906011 -0.252675116 0.059344992 0.616058767 -0.010628358 0.704428077 -0.086188614 0.704442739
1773245018.945932 -0.252674252 0.059342921 0.616058648 -0.013218700 0.704146445 -0.084080786 0.704935133
1773245018.972998 -0.252673656 0.059342176 0.616059124 -0.013502465 0.704418004 -0.083532356 0.704723597
1773245019.005550 -0.252672285 0.059342891 0.616058469 -0.013346341 0.703855693 -0.083834037 0.705252349
1773245019.044956 -0.252670825 0.059342153 0.616057575 -0.013509369 0.702877581 -0.083175696 0.706301868
1773245019.071570 -0.252668083 0.059341617 0.616054952 -0.014179199 0.699775875 -0.082935646 0.709390104
1773245019.111661 -0.252667338 0.059342414 0.616055012 -0.013203057 0.699823380 -0.083803020 0.709260166
1773245019.139841 -0.252666861 0.059342127 0.616055369 -0.013648246 0.699812233 -0.083510324 0.709297240
1773245019.173073 -0.252665281 0.059341319 0.616054893 -0.014273650 0.699136376 -0.082860462 0.710027277
1773245019.211720 -0.252664655 0.059341379 0.616055489 -0.014535361 0.699243069 -0.082783267 0.709925950
1773245019.239064 -0.252663255 0.059341751 0.616054714 -0.013570876 0.698581994 -0.082871109 0.710585237
1773245019.280223 -0.252661556 0.059342943 0.616053641 -0.012277586 0.697323859 -0.083947442 0.711717367
1773245019.306518 -0.252659619 0.059341803 0.616052568 -0.013542925 0.695869744 -0.082948588 0.713233113
1773245019.339144 -0.252660215 0.059341803 0.616056204 -0.014125155 0.699294865 -0.082597047 0.709904850
1773245019.379944 -0.252658069 0.059342951 0.616055548 -0.012985034 0.698371768 -0.084062591 0.710662901
1773245019.406999 -0.252656758 0.059342578 0.616055906 -0.013139591 0.698676944 -0.083353817 0.710443497
1773245019.446000 -0.252655625 0.059341982 0.616055846 -0.013765438 0.698272049 -0.082414731 0.710939109
1773245019.472476 -0.252655149 0.059342083 0.616056323 -0.013947947 0.698718786 -0.082443006 0.710493267
1773245019.512981 -0.252654195 0.059341647 0.616057277 -0.014403366 0.699114442 -0.081643768 0.710187137
1773245019.539821 -0.252652705 0.059341896 0.616057038 -0.014272158 0.698454857 -0.082391538 0.710752189
1773245019.572304 -0.252651155 0.059342276 0.616056204 -0.013519587 0.697010696 -0.082545534 0.712165415
1773245019.612982 -0.252650350 0.059342273 0.616055071 -0.013616498 0.695426285 -0.082260519 0.713743746
1773245019.648254 -0.252648532 0.059341945 0.616054475 -0.014050019 0.694045544 -0.082352161 0.715067446
1773245019.679280 -0.252647579 0.059341393 0.616054654 -0.014262185 0.693871975 -0.081063509 0.715378940
1773245019.705909 -0.252646714 0.059340611 0.616054356 -0.015016072 0.693095624 -0.079830371 0.716254175
1773245019.738835 -0.252645552 0.059340209 0.616054416 -0.015786489 0.692453563 -0.079263158 0.716921329
1773245019.779861 -0.252644032 0.059340924 0.616054714 -0.015068583 0.692318380 -0.080898158 0.716884673
1773245019.807337 -0.252644509 0.059343442 0.616058350 -0.012956816 0.695400596 -0.084055759 0.713571846
1773245019.845696 -0.252643377 0.059342824 0.616057634 -0.013530585 0.694350541 -0.082598671 0.714752913
1773245019.872575 -0.252641827 0.059342749 0.616056621 -0.013299290 0.692883253 -0.082347631 0.716208637
1773245019.914107 -0.252640635 0.059342407 0.616056383 -0.013816607 0.692147732 -0.081907257 0.716960132
1773245019.940230 -0.252640456 0.059342697 0.616059244 -0.013702950 0.694583118 -0.081621021 0.714635968
1773245019.974068 -0.252639771 0.059342764 0.616059899 -0.013902357 0.694755197 -0.081852250 0.714438319
1773245020.012820 -0.252638668 0.059343800 0.616059422 -0.013008044 0.694040239 -0.083188578 0.714995563
1773245020.039199 -0.252637029 0.059343033 0.616058528 -0.013639445 0.692557096 -0.082131751 0.716542423
1773245020.079793 -0.252635688 0.059342489 0.616057694 -0.013956831 0.690865695 -0.080963172 0.718299866
1773245020.106651 -0.252633810 0.059341282 0.616055965 -0.015569285 0.688852012 -0.079360723 0.720376492
1773245020.140198 -0.252631932 0.059340648 0.616054595 -0.016206183 0.686895907 -0.078991771 0.722268403
1773245020.179220 -0.252630949 0.059340779 0.616055548 -0.016042273 0.687118530 -0.078923419 0.722067773
1773245020.207240 -0.252629906 0.059341550 0.616054833 -0.015261254 0.685857534 -0.079464175 0.723223329
1773245020.246897 -0.252628177 0.059340976 0.616054654 -0.015470955 0.685212612 -0.078175470 0.723970294
1773245020.274653 -0.252628237 0.059342265 0.616056859 -0.014517426 0.686992228 -0.080292776 0.722069263
1773245020.313939 -0.252627224 0.059343141 0.616057277 -0.013635731 0.686711729 -0.081531130 0.722214460
1773245020.341393 -0.252626747 0.059343539 0.616058350 -0.013365797 0.687335014 -0.081639029 0.721614182
1773245020.373402 -0.252625734 0.059344240 0.616058588 -0.013017848 0.687245846 -0.082470618 0.721610844
1773245020.414985 -0.252624989 0.059343334 0.616058767 -0.014079656 0.687001765 -0.080884926 0.722002745
1773245020.441103 -0.252623677 0.059343144 0.616059124 -0.014333734 0.686523497 -0.080281094 0.722519875
1773245020.479713 -0.252622426 0.059343651 0.616057694 -0.013603847 0.684379756 -0.081453912 0.724433899
1773245020.507412 -0.252621055 0.059343062 0.616056442 -0.014208190 0.682089031 -0.080434062 0.726693273
1773245020.541347 -0.252620190 0.059342057 0.616056621 -0.015188827 0.681142151 -0.078854702 0.727733910
1773245020.581672 -0.252618939 0.059342306 0.616056919 -0.015266105 0.680440843 -0.078943640 0.728378475
1773245020.607987 -0.252618015 0.059342392 0.616056800 -0.015205831 0.679099858 -0.078867488 0.729638398
1773245020.647835 -0.252617210 0.059342854 0.616057992 -0.014392127 0.679239631 -0.078698874 0.729542911
1773245020.675051 -0.252616078 0.059342865 0.616058528 -0.014851244 0.678154469 -0.078592435 0.730554044
1773245020.714358 -0.252614617 0.059342861 0.616057217 -0.014944271 0.674887598 -0.078981146 0.733529329
1773245020.741557 -0.252614319 0.059342965 0.616058707 -0.014470741 0.674471974 -0.077982455 0.734027863
1773245020.774233 -0.252612799 0.059344605 0.616058767 -0.013057124 0.672414720 -0.080313019 0.735688627
1773245020.814837 -0.252611786 0.059343338 0.616058052 -0.014659340 0.669190526 -0.078281812 0.738810599
1773245020.841899 -0.252611518 0.059343897 0.616059959 -0.013992185 0.668734908 -0.078893058 0.739170909
1773245020.880800 -0.252609283 0.059344530 0.616060376 -0.013110707 0.665982544 -0.078436285 0.741716325
1773245020.907595 -0.252608389 0.059344418 0.616060197 -0.013002399 0.662519455 -0.078380458 0.744818985
1773245020.941509 -0.252606988 0.059343174 0.616059601 -0.014481739 0.658463478 -0.075459167 0.748680174
1773245020.980743 -0.252605796 0.059344221 0.616059959 -0.012721096 0.654903650 -0.076630555 0.751709521
1773245021.008902 -0.252604961 0.059343547 0.616061151 -0.013847854 0.652022779 -0.074843369 0.754369318
1773245021.047435 -0.252603590 0.059343364 0.616061568 -0.014248800 0.648163378 -0.074293673 0.757734537
1773245021.074672 -0.252602756 0.059343144 0.616061389 -0.014748475 0.643006563 -0.073464200 0.762186348
1773245021.113989 -0.252601445 0.059341803 0.616060376 -0.015387613 0.636780620 -0.070471928 0.767663598
1773245021.142264 -0.252602100 0.059344467 0.616064966 -0.013412518 0.636770189 -0.072980672 0.767474830
1773245021.175256 -0.252601475 0.059344463 0.616066992 -0.013957252 0.633078098 -0.072836660 0.770527184
1773245021.214642 -0.252599239 0.059345327 0.616066098 -0.012406408 0.625770628 -0.072338067 0.776546478
1773245021.241726 -0.252599537 0.059345953 0.616068661 -0.012336482 0.621855736 -0.072619170 0.779659986
1773245021.281913 -0.252599031 0.059347149 0.616070092 -0.010695659 0.617015958 -0.072964996 0.783487737
1773245021.307909 -0.252597332 0.059346572 0.616068840 -0.011266263 0.608592093 -0.071200110 0.790202022
1773245021.343184 -0.252594888 0.059344396 0.616066456 -0.013768606 0.597469687 -0.068858087 0.798811018
1773245021.380665 -0.252595007 0.059343789 0.616066217 -0.014901874 0.590409875 -0.066808529 0.804195702
1773245021.408764 -0.252594113 0.059342507 0.616065204 -0.015670337 0.582076609 -0.064994842 0.810380757
1773245021.447231 -0.252592802 0.059341084 0.616064429 -0.017133102 0.572619140 -0.061522935 0.817330241
1773245021.475048 -0.252591401 0.059339873 0.616063654 -0.018938508 0.563608944 -0.060428165 0.823610842
1773245021.515873 -0.252591431 0.059339236 0.616063595 -0.017461317 0.556018353 -0.055548668 0.829127848
1773245021.542661 -0.252589881 0.059339020 0.616062939 -0.018394412 0.546468377 -0.055643007 0.835426748
1773245021.576165 -0.252587110 0.059343535 0.616065979 -0.014239132 0.541504860 -0.060007572 0.838432372
1773245021.615116 -0.252590239 0.059346147 0.616075456 -0.011824519 0.547376513 -0.062354703 0.834476471
1773245021.643125 -0.252590030 0.059348233 0.616078615 -0.009043681 0.544329762 -0.062560782 0.836486399
1773245021.681755 -0.252588838 0.059348609 0.616078913 -0.008455374 0.536059201 -0.063037269 0.841781080
1773245021.708789 -0.252588272 0.059348043 0.616079569 -0.009060217 0.529342890 -0.060831178 0.846175909
1773245021.742004 -0.252588272 0.059345923 0.616081178 -0.012567299 0.523837566 -0.058664989 0.849702656
1773245021.781165 -0.252588063 0.059343349 0.616082549 -0.016033506 0.517761767 -0.055333924 0.853582978
1773245021.808523 -0.252588272 0.059341226 0.616085052 -0.019408552 0.513802648 -0.051598325 0.856135368
1773245021.848988 -0.252588600 0.059346229 0.616086185 -0.012635222 0.508391857 -0.057014547 0.859143436
1773245021.875520 -0.252585948 0.059346553 0.616084635 -0.011794533 0.496936619 -0.054279786 0.866007268
1773245021.915850 -0.252585322 0.059345979 0.616082609 -0.011706239 0.487078279 -0.052801423 0.871682107
1773245021.943097 -0.252584934 0.059347857 0.616086602 -0.010112676 0.483081996 -0.053496398 0.873880804
1773245021.974868 -0.252582937 0.059348993 0.616084814 -0.007587096 0.471277028 -0.052480169 0.880389810
1773245022.017470 -0.252582848 0.059351306 0.616086423 -0.005184686 0.465504348 -0.054164372 0.883371413
1773245022.044227 -0.252582222 0.059349224 0.616086006 -0.007684261 0.455736607 -0.050399486 0.888653457
1773245022.087060 -0.252582788 0.059349634 0.616088510 -0.007957785 0.450933278 -0.050433159 0.891096115
1773245022.110184 -0.252581984 0.059348349 0.616089225 -0.010488920 0.442609042 -0.048916560 0.895318031
1773245022.142723 -0.252581477 0.059347726 0.616089761 -0.010697895 0.433816701 -0.046013258 0.899761856
1773245022.183782 -0.252579927 0.059346501 0.616090000 -0.012779198 0.424238920 -0.044203460 0.904380500
1773245022.209943 -0.252580464 0.059346534 0.616089940 -0.013277567 0.415570676 -0.043753885 0.908410847
1773245022.248027 -0.252579927 0.059345573 0.616090238 -0.013721094 0.406097859 -0.041815024 0.912769318
1773245022.276785 -0.252578557 0.059348699 0.616090596 -0.009790060 0.397468776 -0.043478698 0.916532755
1773245022.319891 -0.252577841 0.059349649 0.616093159 -0.007718628 0.390166759 -0.042613812 0.919725180
1773245022.344259 -0.252578348 0.059349187 0.616094768 -0.008824000 0.383258194 -0.041695684 0.922657430
1773245022.376645 -0.252577245 0.059349436 0.616095245 -0.008334576 0.373786688 -0.040092964 0.926610291
1773245022.416519 -0.252578199 0.059348494 0.616097271 -0.009866574 0.368540972 -0.038752206 0.928751051
1773245022.443701 -0.252578557 0.059348509 0.616097808 -0.010393732 0.360629290 -0.037663773 0.931890488
1773245022.482879 -0.252578676 0.059348155 0.616100073 -0.010920898 0.354956090 -0.036426485 0.934109211
1773245022.510169 -0.252578139 0.059347849 0.616101146 -0.011322619 0.347402900 -0.033564277 0.937046647
1773245022.543764 -0.252577484 0.059349515 0.616100311 -0.008718795 0.336802393 -0.035698116 0.940858006
1773245022.582532 -0.252576023 0.059349213 0.616101861 -0.009487059 0.328260690 -0.033642884 0.943940163
1773245022.610716 -0.252576023 0.059348561 0.616100669 -0.010478178 0.318488300 -0.032768112 0.947302282
1773245022.649498 -0.252576530 0.059349380 0.616103411 -0.009761177 0.313820720 -0.031515762 0.948908865
1773245022.677187 -0.252576292 0.059350990 0.616104126 -0.006356749 0.305767447 -0.032007869 0.951546788
1773245022.717458 -0.252576292 0.059349552 0.616105258 -0.009907205 0.299224883 -0.029744565 0.953667462
1773245022.744697 -0.252575755 0.059350103 0.616103947 -0.008055016 0.289081216 -0.029523836 0.956815302
1773245022.776920 -0.252574563 0.059350345 0.616103351 -0.008065588 0.278846711 -0.028590996 0.959876060
1773245022.817077 -0.252572715 0.059350077 0.616102338 -0.008538444 0.267446220 -0.027726784 0.963135958
1773245022.843600 -0.252573907 0.059349563 0.616105080 -0.009670389 0.264052898 -0.026427859 0.964097559
1773245022.883810 -0.252575457 0.059349693 0.616107941 -0.009520388 0.261177838 -0.025926361 0.964895487
1773245022.910595 -0.252574593 0.059350960 0.616107583 -0.007220850 0.251882434 -0.024930991 0.967409670
1773245022.950154 -0.252574295 0.059351072 0.616108179 -0.006871818 0.243744120 -0.025335865 0.969484210
1773245022.977320 -0.252575368 0.059349645 0.616112649 -0.009540375 0.242489100 -0.022318110 0.969850481
1773245023.010832 -0.252576083 0.059349515 0.616112471 -0.010398952 0.235636875 -0.022270376 0.971530318
1773245023.050023 -0.252574623 0.059350360 0.616113782 -0.009436669 0.227196172 -0.021685716 0.973561823
1773245023.077058 -0.252575696 0.059351742 0.616113365 -0.006083553 0.220256388 -0.021418061 0.975187898
1773245023.116991 -0.252575547 0.059352051 0.616114020 -0.005765804 0.213180766 -0.021339649 0.976762712
1773245023.143450 -0.252575547 0.059351493 0.616114795 -0.007225513 0.205904573 -0.019397443 0.978353143
1773245023.177866 -0.252575755 0.059352342 0.616115570 -0.004710788 0.199215934 -0.017583236 0.979786515
1773245023.216707 -0.252575397 0.059351601 0.616116524 -0.006904479 0.191974670 -0.018416258 0.981202781
1773245023.244774 -0.252575397 0.059352066 0.616117120 -0.005547815 0.184385985 -0.016782288 0.982694983
1773245023.283871 -0.252575874 0.059352089 0.616118312 -0.005337300 0.179323792 -0.015944043 0.983646393
1773245023.311422 -0.252575964 0.059352320 0.616119027 -0.004511871 0.173046038 -0.013792463 0.984806836
1773245023.350908 -0.252574831 0.059352122 0.616119027 -0.005869769 0.163307935 -0.014458976 0.986451745
1773245023.378601 -0.252573311 0.059352852 0.616117835 -0.004941121 0.152353242 -0.013979047 0.988214910
1773245023.411031 -0.252574533 0.059352309 0.616120458 -0.005745793 0.149843812 -0.013598425 0.988599479
1773245023.450811 -0.252575487 0.059351061 0.616122186 -0.008908385 0.146767989 -0.013196991 0.989042759
1773245023.477480 -0.252575696 0.059351787 0.616123199 -0.006597710 0.140950084 -0.011362194 0.989929497
1773245023.516751 -0.252575338 0.059351392 0.616124034 -0.008166994 0.133994043 -0.010768955 0.990889966
1773245023.545716 -0.252575576 0.059351608 0.616125107 -0.006713710 0.128244475 -0.008624895 0.991682351
1773245023.578691 -0.252575576 0.059351988 0.616125286 -0.006100322 0.122724384 -0.009119499 0.992380142
1773245023.616338 -0.252575576 0.059351455 0.616126239 -0.007759721 0.116911612 -0.008646598 0.993074358
1773245023.644748 -0.252575338 0.059350722 0.616126597 -0.010107290 0.111204378 -0.008410721 0.993710577
1773245023.683112 -0.252575576 0.059351549 0.616127133 -0.008295411 0.106379658 -0.007708576 0.994261086
1773245023.711963 -0.252575457 0.059351057 0.616127312 -0.010190301 0.100193940 -0.007661960 0.994886220
1773245023.752654 -0.252575338 0.059350945 0.616127729 -0.010603285 0.094219461 -0.006497782 0.995473742
1773245023.778472 -0.252575397 0.059349712 0.616128623 -0.014562076 0.088923939 -0.006509214 0.995910704
1773245023.811479 -0.252575338 0.059350185 0.616129041 -0.013716640 0.082748584 -0.005922303 0.996458471
1773245023.850926 -0.252574861 0.059351038 0.616128862 -0.011705767 0.075769566 -0.005850316 0.997039497
1773245023.885856 -0.252575397 0.059349928 0.616130471 -0.014582732 0.071598768 -0.004769919 0.997315526
1773245023.916758 -0.252576172 0.059350990 0.616131365 -0.011471502 0.068871543 -0.003528545 0.997553349
1773245023.945381 -0.252575159 0.059352066 0.616130948 -0.008749429 0.059741784 -0.002532681 0.998172343
1773245023.979144 -0.252575517 0.059353378 0.616131723 -0.003997254 0.055322591 -0.000320093 0.998460472
1773245024.017198 -0.252575517 0.059354000 0.616132438 -0.001664066 0.050199300 0.000776396 0.998737574
1773245024.045835 -0.252575576 0.059353672 0.616132915 -0.003317822 0.044962734 0.001099705 0.998982549
1773245024.082856 -0.252575457 0.059351649 0.616133809 -0.010484859 0.040067334 0.000503025 0.999141812
1773245024.112056 -0.252575457 0.059350543 0.616134346 -0.014052702 0.035580352 -0.000318223 0.999267995
1773245024.152476 -0.252575547 0.059349738 0.616135180 -0.017150797 0.030575352 -0.000591060 0.999385118
1773245024.179254 -0.252575368 0.059349038 0.616135538 -0.020157734 0.025765816 -0.000866424 0.999464333
1773245024.211527 -0.252575397 0.059348319 0.616136074 -0.022800928 0.021479387 -0.002063606 0.999507129
1773245024.251943 -0.252575219 0.059348091 0.616136968 -0.024074659 0.016101845 -0.001566082 0.999579251
1773245024.278620 -0.252575457 0.059348732 0.616137385 -0.022859959 0.012755479 0.000032414 0.999657273
1773245024.318562 -0.252575397 0.059349269 0.616137922 -0.020879632 0.008764654 0.000736685 0.999743283
1773245024.345858 -0.252575457 0.059349671 0.616138875 -0.019758470 0.004856149 0.001631781 0.999791682
1773245024.378805 -0.252575576 0.059350416 0.616139770 -0.017467357 0.001093111 0.002539211 0.999843597
1773245024.417996 -0.252575547 0.059350349 0.616140366 -0.018483719 -0.002376391 0.002876122 0.999822199
1773245024.444386 -0.252575576 0.059350666 0.616141081 -0.017416412 -0.005380583 0.003453581 0.999827862
1773245024.483847 -0.252575576 0.059351154 0.616141617 -0.016053885 -0.008479856 0.004577720 0.999824703
1773245024.512738 -0.252575666 0.059351634 0.616142392 -0.014011381 -0.011512300 0.005200070 0.999822021
1773245024.551192 -0.252575636 0.059352178 0.616143107 -0.012455837 -0.014414552 0.006699306 0.999796093
1773245024.579609 -0.252575636 0.059352398 0.616144001 -0.012033079 -0.017772721 0.007279861 0.999743164
1773245024.611520 -0.252575576 0.059352521 0.616144538 -0.011938202 -0.020473203 0.007893734 0.999687970
1773245024.651981 -0.252575606 0.059352465 0.616145074 -0.012381098 -0.023062723 0.008424635 0.999621868
1773245024.685806 -0.252575696 0.059352294 0.616145492 -0.013401601 -0.025598375 0.008474006 0.999546528
1773245024.718084 -0.252575636 0.059352227 0.616146147 -0.014378236 -0.028114764 0.008529020 0.999464869
1773245024.745730 -0.252575517 0.059352051 0.616146445 -0.015347087 -0.030634694 0.008585853 0.999375939
1773245024.778624 -0.252575934 0.059351556 0.616147399 -0.017064927 -0.032809474 0.007699627 0.999286234
1773245024.819111 -0.252575815 0.059351280 0.616147757 -0.017958367 -0.035707228 0.006908805 0.999177039
1773245024.845635 -0.252575636 0.059351146 0.616148353 -0.019499350 -0.039409339 0.007410077 0.999005377
1773245024.884881 -0.252575666 0.059350930 0.616148829 -0.020687185 -0.042191409 0.007328619 0.998868465
1773245024.911722 -0.252575636 0.059350774 0.616149724 -0.022154486 -0.045535821 0.007604174 0.998688042
1773245024.952143 -0.252575606 0.059350517 0.616150081 -0.023788584 -0.048517741 0.007722528 0.998509109
1773245024.979868 -0.252575666 0.059350632 0.616150618 -0.023326170 -0.051536359 0.007474747 0.998370647
1773245025.012806 -0.252575576 0.059351325 0.616151214 -0.020932157 -0.055232856 0.008994224 0.998213530
1773245025.052423 -0.252575666 0.059351675 0.616151929 -0.019832063 -0.059311319 0.010116966 0.997991204
1773245025.079396 -0.252575606 0.059351571 0.616152763 -0.020204758 -0.063529752 0.009659070 0.997728646
1773245025.119691 -0.252575576 0.059351467 0.616153181 -0.020925879 -0.067847557 0.009560172 0.997430384
1773245025.146835 -0.252575576 0.059351120 0.616153955 -0.022851733 -0.072762012 0.009509224 0.997042120
1773245025.179262 -0.252575755 0.059350468 0.616154194 -0.027418237 -0.077845737 0.010985587 0.996527791
1773245025.218524 -0.252576262 0.059350073 0.616154492 -0.030037537 -0.081468038 0.011474765 0.996157169
1773245025.245477 -0.252576828 0.059349544 0.616154730 -0.032308426 -0.084715046 0.011128860 0.995819092
1773245025.286052 -0.252577484 0.059349164 0.616155565 -0.034246046 -0.089109033 0.011166342 0.995370328
1773245025.319750 -0.252577662 0.059348822 0.616155505 -0.036097750 -0.093586884 0.011263529 0.994892776
1773245025.354529 -0.252578080 0.059348516 0.616155744 -0.037929043 -0.098262064 0.011474789 0.994371355
1773245025.380257 -0.252578497 0.059348252 0.616156340 -0.039135020 -0.103795841 0.011691821 0.993759632
1773245025.414096 -0.252578020 0.059348889 0.616157770 -0.037641853 -0.115647070 0.013328293 0.992487431
1773245025.454053 -0.252577484 0.059349012 0.616158545 -0.036156025 -0.125862986 0.013505645 0.991296589
1773245025.479123 -0.252577722 0.059349235 0.616159379 -0.036770727 -0.132674754 0.016026389 0.990347683
1773245025.519157 -0.252578139 0.059349880 0.616160512 -0.032947268 -0.139095485 0.016626265 0.989591062
1773245025.546371 -0.252577901 0.059350461 0.616161466 -0.031718370 -0.148212701 0.019099364 0.988262177
1773245025.580530 -0.252578229 0.059350759 0.616161942 -0.030653052 -0.154163331 0.020621259 0.987354457
1773245025.621699 -0.252578557 0.059351120 0.616162419 -0.029623702 -0.160037965 0.022104027 0.986418605
1773245025.647083 -0.252578855 0.059351403 0.616162896 -0.029034220 -0.165532291 0.023268037 0.985502243
1773245025.686277 -0.252579302 0.059351519 0.616163611 -0.028574411 -0.170858592 0.024381813 0.984579265
1773245025.714421 -0.252579421 0.059351731 0.616163790 -0.028514771 -0.175881505 0.025910651 0.983657062
1773245025.752774 -0.252579749 0.059351780 0.616164386 -0.028688699 -0.180681169 0.026977714 0.982752979
1773245025.779379 -0.252580106 0.059351750 0.616164804 -0.029037617 -0.185314894 0.027697112 0.981859505
1773245025.813663 -0.252580494 0.059351653 0.616165161 -0.029606499 -0.189549655 0.027677223 0.981034338
1773245025.853014 -0.252581060 0.059350900 0.616165161 -0.032960616 -0.191563264 0.025771767 0.980588078
1773245025.881308 -0.252581269 0.059350640 0.616165221 -0.034355476 -0.195433840 0.025838841 0.979774296
1773245025.918715 -0.252581656 0.059350394 0.616165519 -0.035722796 -0.199323803 0.025883947 0.978940189
1773245025.947682 -0.252582073 0.059350267 0.616165638 -0.036449965 -0.203589872 0.026306657 0.978023767
1773245025.980871 -0.252582490 0.059350174 0.616166174 -0.037167694 -0.207858428 0.026734997 0.977086842
1773245026.019390 -0.252582908 0.059349909 0.616166174 -0.038726263 -0.211602360 0.027216040 0.976208985
1773245026.048185 -0.252583116 0.059349827 0.616166234 -0.039361637 -0.215856060 0.027938362 0.975231349
1773245026.086764 -0.252583236 0.059350405 0.616167426 -0.037406102 -0.224535182 0.030099243 0.973282456
1773245026.114051 -0.252583742 0.059350394 0.616167724 -0.037962135 -0.228919804 0.030823926 0.972216249
1773245026.153745 -0.252584219 0.059350371 0.616167963 -0.038529236 -0.233329266 0.031744815 0.971115470
1773245026.181418 -0.252584249 0.059350397 0.616168976 -0.039093595 -0.242243990 0.033141121 0.968860745
1773245026.214097 -0.252584547 0.059350345 0.616169333 -0.039543219 -0.247085050 0.033982206 0.967590034
1773245026.253563 -0.252585232 0.059350420 0.616168678 -0.039656926 -0.247235566 0.034130868 0.967541754
1773245026.282035 -0.252586275 0.059349753 0.616168439 -0.042869691 -0.247573182 0.033382442 0.967344463
1773245026.319792 -0.252585769 0.059350219 0.616170108 -0.041416783 -0.260691106 0.035657339 0.963874161
1773245026.347643 -0.252586067 0.059350282 0.616170406 -0.041269988 -0.265517622 0.036062483 0.962547004
1773245026.388482 -0.252586424 0.059350137 0.616170585 -0.041920662 -0.269318879 0.036385573 0.961450040
1773245026.414275 -0.252587020 0.059350032 0.616170943 -0.042982675 -0.272909373 0.036822803 0.960373402
1773245026.446931 -0.252586812 0.059350666 0.616172135 -0.041063007 -0.282791167 0.039828829 0.957474113
1773245026.487314 -0.252586782 0.059350640 0.616172671 -0.041414872 -0.288686931 0.040622145 0.955664456
1773245026.514269 -0.252586901 0.059350710 0.616173267 -0.041698739 -0.294678867 0.041564289 0.953780890
1773245026.555787 -0.252586961 0.059350848 0.616173863 -0.041665360 -0.300640076 0.042772442 0.951866627
1773245026.581701 -0.252587765 0.059351027 0.616173446 -0.040859681 -0.300757676 0.043025196 0.951852977
1773245026.614824 -0.252587825 0.059351139 0.616173983 -0.040416230 -0.306517035 0.044106495 0.949983418
1773245026.653446 -0.252588034 0.059351332 0.616174221 -0.039542288 -0.310863018 0.044829026 0.948573112
1773245026.681254 -0.252588272 0.059351549 0.616174459 -0.038666211 -0.315196007 0.045545686 0.947144151
1773245026.720861 -0.252588689 0.059351727 0.616174877 -0.038317427 -0.318555713 0.046830501 0.945970893
1773245026.747663 -0.252589166 0.059351884 0.616174936 -0.037558746 -0.322005004 0.047912534 0.944778562
1773245026.787679 -0.252589285 0.059352063 0.616174996 -0.036970507 -0.325612158 0.048893373 0.943514407
1773245026.813968 -0.252589673 0.059352160 0.616175056 -0.036609229 -0.329529136 0.049733009 0.942123652
1773245026.848207 -0.252589852 0.059351843 0.616175115 -0.037926767 -0.334402710 0.049653374 0.940356791
1773245026.888477 -0.252590120 0.059351802 0.616175354 -0.038181439 -0.339046776 0.050298270 0.938647687
1773245026.914982 -0.252590179 0.059351746 0.616175532 -0.038720809 -0.344869345 0.051289335 0.936448216
1773245026.954626 -0.252590477 0.059351668 0.616175890 -0.039241973 -0.350723028 0.052326370 0.934192359
1773245026.980856 -0.252590775 0.059351332 0.616176128 -0.040739249 -0.356515616 0.052946799 0.931897819
1773245027.015555 -0.252590954 0.059351347 0.616176307 -0.040517967 -0.363314152 0.053602185 0.929240525
1773245027.054889 -0.252591312 0.059351459 0.616176605 -0.040081516 -0.371145457 0.055096038 0.926071823
1773245027.081847 -0.252591372 0.059351824 0.616176844 -0.038480803 -0.379231691 0.056915566 0.922747612
1773245027.123073 -0.252591670 0.059351742 0.616177261 -0.038968474 -0.386711031 0.058056392 0.919546366
1773245027.148351 -0.252591848 0.059351873 0.616177559 -0.038549975 -0.394335449 0.059428204 0.916232347
1773245027.187206 -0.252592176 0.059351884 0.616177380 -0.037685201 -0.400800735 0.060747828 0.913371921
1773245027.216114 -0.252592683 0.059351891 0.616177619 -0.038241632 -0.407831937 0.061770692 0.910162151
1773245027.248945 -0.252592802 0.059351519 0.616177380 -0.039577562 -0.414838284 0.062910654 0.906854510
1773245027.291258 -0.252592921 0.059351329 0.616177619 -0.040775791 -0.422552764 0.064059600 0.903151631
1773245027.316359 -0.252593279 0.059351392 0.616177857 -0.040591720 -0.430615246 0.065734506 0.899222910
1773245027.354581 -0.252593219 0.059351396 0.616178036 -0.040370848 -0.438943297 0.067009099 0.895102680
1773245027.382109 -0.252593428 0.059351504 0.616178036 -0.039486352 -0.445968896 0.068073042 0.891582131
1773245027.415201 -0.252593517 0.059351735 0.616178870 -0.038422093 -0.456216812 0.070636511 0.886228204
1773245027.456007 -0.252593517 0.059351865 0.616178632 -0.037590899 -0.463522077 0.072107479 0.882346153
1773245027.482239 -0.252593696 0.059351891 0.616178989 -0.037401486 -0.471094400 0.073595285 0.878211260
1773245027.521688 -0.252593875 0.059351854 0.616178930 -0.037597876 -0.478231549 0.074929804 0.874223411
1773245027.552290 -0.252593815 0.059351698 0.616178632 -0.037423700 -0.485240340 0.075197443 0.870337069
1773245027.588752 -0.252593875 0.059351925 0.616178751 -0.036662970 -0.492221743 0.076283477 0.866345406
1773245027.615893 -0.252593964 0.059351899 0.616178751 -0.036107987 -0.499356270 0.077402338 0.862176538
1773245027.649382 -0.252593935 0.059351921 0.616178870 -0.035693638 -0.506425202 0.078460850 0.857964694
1773245027.690072 -0.252594054 0.059351794 0.616178870 -0.036281373 -0.512418747 0.079364859 0.854290307
1773245027.716679 -0.252594173 0.059351631 0.616178751 -0.037330516 -0.518136263 0.081047438 0.850630701
1773245027.757261 -0.252594143 0.059351664 0.616178870 -0.036790211 -0.524140716 0.082311235 0.846845865
1773245027.782621 -0.252594292 0.059351571 0.616178930 -0.037455298 -0.529666007 0.083068594 0.843297482
1773245027.816689 -0.252594173 0.059351645 0.616178930 -0.036554832 -0.535661697 0.084157594 0.839433014
1773245027.855320 -0.252594352 0.059351481 0.616178870 -0.037369609 -0.539896488 0.084988534 0.836595595
1773245027.883598 -0.252594113 0.059351575 0.616178691 -0.036640678 -0.544819772 0.085758120 0.833351314
1773245027.922392 -0.252594113 0.059351619 0.616178632 -0.036252286 -0.549488485 0.086669140 0.830202818
1773245027.957450 -0.252594173 0.059351735 0.616178632 -0.035348363 -0.553201079 0.087373771 0.827698588
1773245027.991131 -0.252594113 0.059351616 0.616178572 -0.036080606 -0.557263851 0.088097274 0.824860036
1773245028.017272 -0.252594173 0.059351549 0.616178513 -0.036006913 -0.561212599 0.089047626 0.822079301
1773245028.048914 -0.252593935 0.059351560 0.616178513 -0.036073178 -0.565366745 0.089560024 0.819169164
1773245028.089380 -0.252593905 0.059351623 0.616178572 -0.035445724 -0.569259167 0.089866623 0.816462815
1773245028.117156 -0.252593994 0.059351683 0.616178632 -0.034894541 -0.572736740 0.091004238 0.813924551
1773245028.159298 -0.252593935 0.059351623 0.616178393 -0.034982949 -0.575567901 0.091275737 0.811890721
1773245028.184246 -0.252593875 0.059351631 0.616178513 -0.034755062 -0.578882039 0.091793597 0.809482336
1773245028.217339 -0.252593756 0.059351679 0.616178393 -0.034043685 -0.582135379 0.091999851 0.807152689
1773245028.256483 -0.252593696 0.059351888 0.616178393 -0.032968111 -0.585026085 0.092693560 0.805025160
1773245028.284483 -0.252593756 0.059352022 0.616177976 -0.032370772 -0.586157560 0.093353912 0.804149568
1773245028.322985 -0.252593607 0.059351884 0.616177976 -0.032972135 -0.589213252 0.093849212 0.801831007
1773245028.350446 -0.252593517 0.059351761 0.616178036 -0.033325143 -0.592470765 0.094398186 0.799347758
1773245028.389845 -0.252593279 0.059352100 0.616177857 -0.031074909 -0.596303403 0.094987206 0.796513677
1773245028.417264 -0.252593040 0.059352018 0.616177559 -0.030983329 -0.599040091 0.094661050 0.794499993
1773245028.449566 -0.252592802 0.059351988 0.616177678 -0.031104131 -0.603002727 0.095711336 0.791365623
1773245028.488592 -0.252592653 0.059351984 0.616177678 -0.031208901 -0.606944680 0.096745178 0.788215995
1773245028.517291 -0.252592504 0.059351809 0.616177917 -0.031005245 -0.609749377 0.097519502 0.785960793
1773245028.556062 -0.252592534 0.059351906 0.616178036 -0.031167334 -0.610624790 0.097454332 0.785282552
1773245028.582961 -0.252592564 0.059351914 0.616178036 -0.031197680 -0.610673010 0.097538166 0.785233438
1773245028.617367 -0.252592474 0.059352018 0.616177976 -0.031331915 -0.610376060 0.097298414 0.785488665
1773245028.656171 -0.252592504 0.059351720 0.616177559 -0.032028049 -0.609860301 0.097278774 0.785863519
1773245028.684223 -0.252592564 0.059351716 0.616177440 -0.031844418 -0.609621644 0.097644843 0.786010683
1773245028.723680 -0.252592504 0.059351727 0.616177440 -0.032039922 -0.609540105 0.097953402 0.786027610
1773245028.757002 -0.252592444 0.059351750 0.616177440 -0.032257356 -0.609482467 0.098211035 0.786031246
1773245028.791304 -0.252592504 0.059351727 0.616177559 -0.032247625 -0.609735370 0.098095715 0.785849929
1773245028.817851 -0.252592593 0.059351653 0.616177917 -0.032708883 -0.610509694 0.098140284 0.785223842
1773245028.850239 -0.252592564 0.059351653 0.616178095 -0.032742631 -0.610692084 0.097999133 0.785098255
1773245028.890242 -0.252592504 0.059351638 0.616177976 -0.032965455 -0.610758543 0.097949088 0.785043478
1773245028.918177 -0.252592623 0.059351578 0.616177857 -0.032733310 -0.611066997 0.097807869 0.784830749
1773245028.957305 -0.252592415 0.059351671 0.616177797 -0.032498699 -0.612227440 0.098588787 0.783837736
1773245028.983587 -0.252592325 0.059351686 0.616177917 -0.032582603 -0.613116145 0.098860636 0.783105075
1773245029.018141 -0.252592266 0.059351690 0.616177857 -0.032724995 -0.614922822 0.099242002 0.781632960
1773245029.056261 -0.252592206 0.059351601 0.616177797 -0.032814234 -0.616727471 0.099624626 0.780157268
1773245029.083347 -0.252592087 0.059351653 0.616177797 -0.032209560 -0.619093060 0.098892905 0.778400004
1773245029.123706 -0.252591848 0.059351657 0.616177499 -0.031638596 -0.621437490 0.098801993 0.776564658
1773245029.150893 -0.252591848 0.059351742 0.616177678 -0.031189386 -0.624689996 0.099200681 0.773917854
1773245029.190968 -0.252591670 0.059351720 0.616177619 -0.030863872 -0.627434790 0.100781657 0.771502495
1773245029.217854 -0.252591461 0.059351824 0.616177619 -0.030513881 -0.630807817 0.101798289 0.768626988
1773245029.252104 -0.252591312 0.059351861 0.616177619 -0.029996982 -0.634137094 0.102295302 0.765836835
1773245029.290303 -0.252590984 0.059351843 0.616177440 -0.030326065 -0.637642145 0.102419160 0.762891293
1773245029.317797 -0.252590895 0.059351586 0.616177559 -0.030941106 -0.640979946 0.102968991 0.759989917
1773245029.357595 -0.252590775 0.059351511 0.616177678 -0.031535003 -0.644510031 0.104004100 0.756832540
1773245029.384679 -0.252590507 0.059351407 0.616177619 -0.031714346 -0.647993445 0.105062596 0.753697872
1773245029.418650 -0.252590388 0.059351571 0.616177440 -0.031027947 -0.650788307 0.105900548 0.751196980
1773245029.456943 -0.252590179 0.059351571 0.616177201 -0.030533981 -0.653500736 0.106956139 0.748708785
1773245029.485089 -0.252590030 0.059351675 0.616177440 -0.029931357 -0.657449245 0.106735036 0.745300114
1773245029.525379 -0.252590030 0.059351608 0.616177440 -0.029606367 -0.660760045 0.107083231 0.742329299
1773245029.551387 -0.252589643 0.059351698 0.616177440 -0.029560145 -0.663984179 0.107763641 0.739349842
1773245029.591308 -0.252589285 0.059351794 0.616176724 -0.028511794 -0.665773034 0.108530276 0.737668276
1773245029.619078 -0.252589524 0.059351660 0.616177201 -0.029351078 -0.668945789 0.109097250 0.734675348
1773245029.651079 -0.252589405 0.059351545 0.616177261 -0.029622611 -0.671544731 0.109523952 0.732225835
1773245029.691120 -0.252589405 0.059351258 0.616177440 -0.031250957 -0.673842311 0.110491365 0.729898334
1773245029.717748 -0.252589077 0.059350975 0.616177201 -0.032143291 -0.676177979 0.111449957 0.727550030
1773245029.757848 -0.252589017 0.059351273 0.616177201 -0.030544721 -0.678398371 0.111347079 0.725565016
1773245029.785824 -0.252588689 0.059351493 0.616177142 -0.029017253 -0.680799007 0.111559048 0.723343134
1773245029.819455 -0.252588630 0.059351839 0.616177022 -0.027458737 -0.682315469 0.111825824 0.721932650
1773245029.858235 -0.252588451 0.059351973 0.616176903 -0.026721643 -0.683860481 0.111845829 0.720493913
1773245029.885710 -0.252588481 0.059351981 0.616176784 -0.026739197 -0.685561359 0.112371251 0.718792975
1773245029.925988 -0.252588391 0.059351623 0.616177022 -0.028641710 -0.686954021 0.112670101 0.717341840
1773245029.951761 -0.252588242 0.059351355 0.616177082 -0.029907262 -0.688546717 0.113511115 0.715628505
1773245029.992357 -0.252588183 0.059351474 0.616177022 -0.029141914 -0.689639926 0.113386072 0.714626610
1773245030.018331 -0.252588063 0.059351906 0.616176784 -0.026794372 -0.690882862 0.113343090 0.713523805
1773245030.053277 -0.252587974 0.059351914 0.616177022 -0.026796289 -0.692532659 0.113625407 0.711877644
1773245030.092591 -0.252587914 0.059351925 0.616176903 -0.026493037 -0.693542838 0.113886245 0.710863113
1773245030.118828 -0.252588034 0.059351966 0.616176903 -0.026517401 -0.694240212 0.114046663 0.710155427
1773245030.158401 -0.252587914 0.059351932 0.616176963 -0.026769515 -0.695202351 0.114355095 0.709154427
1773245030.185380 -0.252587825 0.059351955 0.616176784 -0.026326329 -0.696352005 0.114817344 0.707967341
1773245030.218317 -0.252587855 0.059351984 0.616176724 -0.026267424 -0.697398663 0.115168534 0.706881464
1773245030.260262 -0.252587676 0.059352066 0.616176546 -0.025972297 -0.698413193 0.115551956 0.705827296
1773245030.285686 -0.252587795 0.059351884 0.616176665 -0.026328692 -0.699573636 0.114899829 0.704770505
1773245030.326225 -0.252587646 0.059351735 0.616176844 -0.026931351 -0.701105297 0.115281507 0.703161538
1773245030.352566 -0.252587438 0.059351645 0.616176784 -0.027087782 -0.702220500 0.115368515 0.702027559
1773245030.392347 -0.252587408 0.059351753 0.616176724 -0.026908690 -0.702962220 0.115922689 0.701200366
1773245030.419498 -0.252587676 0.059351847 0.616176724 -0.026515739 -0.703139663 0.115845233 0.701050162
1773245030.452799 -0.252587676 0.059351869 0.616176903 -0.026313916 -0.703142107 0.115800083 0.701062858
1773245030.492866 -0.252587706 0.059351843 0.616176844 -0.026406374 -0.703047454 0.115713626 0.701168537
1773245030.519560 -0.252587616 0.059351929 0.616176844 -0.026445631 -0.703119159 0.115733154 0.701091886
1773245030.558658 -0.252587706 0.059351847 0.616176784 -0.026471077 -0.703102946 0.115738824 0.701106310
1773245030.586668 -0.252587646 0.059352048 0.616176724 -0.025547555 -0.702905715 0.115839854 0.701321602
1773245030.619500 -0.252587616 0.059351906 0.616176724 -0.026325455 -0.702586591 0.115534477 0.701662898
1773245030.659512 -0.252587676 0.059351921 0.616176903 -0.026234480 -0.702273965 0.115529783 0.701979995
1773245030.685607 -0.252587736 0.059351899 0.616176844 -0.026199216 -0.701981664 0.115522936 0.702274799
1773245030.724763 -0.252587706 0.059351958 0.616176844 -0.026161522 -0.701691151 0.115519136 0.702566981
1773245030.752900 -0.252587914 0.059351888 0.616176546 -0.026296947 -0.701344609 0.115481421 0.702914119
1773245030.792496 -0.252587974 0.059351858 0.616176724 -0.026360955 -0.701058447 0.115474038 0.703198373
1773245030.820509 -0.252587825 0.059351880 0.616176665 -0.026421290 -0.700830817 0.115479842 0.703421950
1773245030.853046 -0.252587706 0.059351828 0.616176605 -0.026700148 -0.701117873 0.115546964 0.703114271
1773245030.893220 -0.252587646 0.059351873 0.616176724 -0.026463747 -0.700973630 0.115587793 0.703260303
1773245030.919118 -0.252587646 0.059351876 0.616176665 -0.026394216 -0.700875998 0.115577467 0.703361928
1773245030.959090 -0.252587885 0.059351828 0.616176546 -0.026494419 -0.700794876 0.115517773 0.703448832
1773245030.986977 -0.252587855 0.059351847 0.616176426 -0.026488626 -0.700479448 0.115298145 0.703799129
1773245031.018906 -0.252587914 0.059351843 0.616176665 -0.026486397 -0.700166762 0.115076192 0.704146624
1773245031.059294 -0.252587795 0.059351873 0.616176784 -0.026362183 -0.700173616 0.115327924 0.704103231
1773245031.086083 -0.252587706 0.059351813 0.616176724 -0.026644435 -0.700277746 0.115245961 0.704002500
1773245031.125605 -0.252587706 0.059351802 0.616176665 -0.026964093 -0.699977279 0.115035735 0.704323411
1773245031.153449 -0.252587914 0.059351858 0.616176546 -0.026496489 -0.699539721 0.114939786 0.704791427
1773245031.194255 -0.252587914 0.059351891 0.616176784 -0.026416712 -0.699398100 0.114831567 0.704952657
1773245031.219498 -0.252587855 0.059351832 0.616176784 -0.026739659 -0.698881686 0.114774719 0.705461681
1773245031.254226 -0.252587795 0.059351824 0.616176724 -0.026791116 -0.698412180 0.114740275 0.705930114
1773245031.293812 -0.252587855 0.059351832 0.616176844 -0.026700709 -0.697850764 0.114726461 0.706490755
1773245031.319879 -0.252587885 0.059351783 0.616176784 -0.026961006 -0.696984291 0.114706099 0.707339048
1773245031.359119 -0.252587855 0.059351791 0.616176844 -0.027165683 -0.696404755 0.114594251 0.707919955
1773245031.386191 -0.252587825 0.059351858 0.616176784 -0.026945410 -0.695599794 0.114685401 0.708704531
1773245031.420970 -0.252588004 0.059351850 0.616176844 -0.026766662 -0.694865286 0.114717819 0.709426224
1773245031.458669 -0.252588153 0.059351865 0.616176844 -0.026625719 -0.694126189 0.114734136 0.710152030
1773245031.487645 -0.252587944 0.059351861 0.616176665 -0.026859375 -0.693732202 0.114599898 0.710549831
1773245031.526375 -0.252587944 0.059351817 0.616176546 -0.027221251 -0.694077790 0.114121296 0.710275471
1773245031.554295 -0.252587914 0.059351820 0.616176546 -0.027163018 -0.694134593 0.114309661 0.710191905
1773245031.593814 -0.252588034 0.059351776 0.616176605 -0.027360775 -0.693899333 0.114134058 0.710442424
1773245031.620119 -0.252587974 0.059351776 0.616176546 -0.027340036 -0.694004774 0.114309303 0.710312068
1773245031.653333 -0.252588004 0.059351835 0.616176546 -0.027198190 -0.694043398 0.114484794 0.710251451
1773245031.694349 -0.252588034 0.059351854 0.616176546 -0.027025953 -0.694006205 0.114675857 0.710263610
1773245031.721598 -0.252588034 0.059351861 0.616176546 -0.027007997 -0.693700850 0.114714228 0.710556328
1773245031.760097 -0.252588034 0.059351824 0.616176426 -0.027138300 -0.693815708 0.114670806 0.710446239
1773245031.786917 -0.252587944 0.059351817 0.616176605 -0.026973352 -0.693960130 0.114308439 0.710369885
1773245031.820773 -0.252587885 0.059351876 0.616176665 -0.026629573 -0.694055855 0.114099413 0.710322857
1773245031.861001 -0.252587914 0.059351869 0.616176605 -0.026646720 -0.693974614 0.113881350 0.710436642
1773245031.888272 -0.252588004 0.059351820 0.616176605 -0.026846981 -0.693908989 0.114043608 0.710467160
1773245031.935424 -0.252587855 0.059351847 0.616176665 -0.026779218 -0.694226742 0.113739014 0.710208058
1773245031.956381 -0.252587795 0.059351888 0.616176665 -0.026758874 -0.694252253 0.113933593 0.710152686
1773245031.993837 -0.252588034 0.059351858 0.616176724 -0.026993174 -0.693854809 0.114330098 0.710468531
1773245032.021965 -0.252588004 0.059351895 0.616176844 -0.026835803 -0.694013715 0.114327431 0.710319698
1773245032.055092 -0.252588004 0.059351880 0.616176724 -0.027177289 -0.693947196 0.114459790 0.710350394
1773245032.097118 -0.252587974 0.059351861 0.616176784 -0.027125776 -0.693866551 0.114424013 0.710436821
1773245032.121976 -0.252587944 0.059351869 0.616176844 -0.027160138 -0.693878710 0.114419043 0.710424483
1773245032.160976 -0.252588004 0.059351869 0.616176724 -0.027126973 -0.693897724 0.114392631 0.710411429
1773245032.188218 -0.252587974 0.059351869 0.616176665 -0.027091729 -0.693917036 0.114367627 0.710397840
1773245032.222510 -0.252588034 0.059351768 0.616176844 -0.027177043 -0.694006443 0.114313379 0.710316062
1773245032.260426 -0.252588034 0.059351820 0.616176784 -0.027137434 -0.693980515 0.114327922 0.710340559
1773245032.287954 -0.252588034 0.059351839 0.616176903 -0.027103318 -0.693960130 0.114340737 0.710359752
1773245032.326794 -0.252588034 0.059351861 0.616176903 -0.027060973 -0.694134533 0.114339769 0.710191071
1773245032.355086 -0.252588063 0.059351843 0.616176963 -0.027157292 -0.694100082 0.114285782 0.710229754
1773245032.393733 -0.252587974 0.059351832 0.616176844 -0.027255075 -0.694073200 0.114229374 0.710261285
1773245032.420733 -0.252587974 0.059351858 0.616176784 -0.027292755 -0.693935871 0.114162587 0.710404873
1773245032.455469 -0.252587914 0.059351880 0.616176903 -0.027033517 -0.694070697 0.114221863 0.710273445
1773245032.494398 -0.252587974 0.059351861 0.616176844 -0.027145630 -0.693984270 0.114093639 0.710374296
1773245032.520940 -0.252587974 0.059351843 0.616176963 -0.027205111 -0.694036663 0.114022180 0.710332274
1773245032.561119 -0.252588004 0.059351880 0.616176963 -0.027032403 -0.694052100 0.114101782 0.710311115
1773245032.588943 -0.252588034 0.059351839 0.616176724 -0.026993714 -0.694078147 0.114192270 0.710272491
1773245032.622616 -0.252587914 0.059351932 0.616176844 -0.027003119 -0.694200397 0.114316687 0.710132658
1773245032.661129 -0.252588004 0.059351854 0.616176724 -0.026989106 -0.694195628 0.114300296 0.710140467
1773245032.687731 -0.252587944 0.059351910 0.616176844 -0.026990026 -0.694188595 0.114282846 0.710150123
1773245032.728274 -0.252588004 0.059351858 0.616176724 -0.027032120 -0.694171309 0.114262283 0.710168719
1773245032.755433 -0.252587914 0.059351861 0.616176903 -0.027130948 -0.694154918 0.114401780 0.710158527
1773245032.795499 -0.252587914 0.059351817 0.616176724 -0.027193066 -0.694121778 0.114406303 0.710187733
1773245032.822011 -0.252588004 0.059351828 0.616176784 -0.026956409 -0.694029510 0.114405245 0.710287213
1773245032.856020 -0.252587944 0.059351884 0.616176844 -0.027111599 -0.694140553 0.114258692 0.710196316
