1773244917.852059 -0.001868207 0.000726022 0.005779094 0.000408752 -0.008593220 0.000260623 0.999962926
1773244917.889649 -0.001580275 0.001044555 0.006367086 0.000658835 -0.008017992 0.000304786 0.999967575
1773244917.919688 0.019394573 0.022770595 0.030131878 0.010174721 -0.017783850 0.001632705 0.999788761
1773244917.952637 0.017338309 0.020760201 0.029812532 0.009262793 -0.015429880 0.001397756 0.999837041
1773244917.994068 0.016679054 0.016673559 0.029234016 0.007057382 -0.013832015 0.001479861 0.999878347
1773244918.019596 0.018067934 0.019575970 0.030879876 0.008432697 -0.013240651 0.001374400 0.999875844
1773244918.058368 0.019005200 0.020499095 0.032210454 0.008689679 -0.012723419 0.001140085 0.999880612
1773244918.085513 0.020087652 0.019700950 0.033605840 0.008082023 -0.012471510 0.001433479 0.999888539
1773244918.125650 0.020399354 0.019198010 0.035092548 0.008210162 -0.011962181 0.001115402 0.999894083
1773244918.152284 0.022450844 0.022876721 0.038164187 0.009574574 -0.012858471 0.001214464 0.999870718
1773244918.185914 0.021207571 0.022660725 0.038876541 0.009651914 -0.012449089 0.001469595 0.999874830
1773244918.225582 0.022532664 0.023218134 0.041103248 0.009587192 -0.012991401 0.001593902 0.999868393
1773244918.252684 0.022709792 0.024818722 0.043476429 0.010296312 -0.012936984 0.001421777 0.999862313
1773244918.291321 0.022945769 0.026160672 0.045198031 0.010894602 -0.013158056 0.001587083 0.999852836
1773244918.319371 0.024387114 0.023562815 0.048229400 0.009436683 -0.013996413 0.001705284 0.999856055
1773244918.352173 0.026535988 0.027691744 0.050294030 0.011418364 -0.015231984 0.002164880 0.999816418
1773244918.391699 0.025842739 0.027891619 0.051462650 0.011315413 -0.014958191 0.001819075 0.999822438
1773244918.418731 0.026964657 0.027331948 0.053642500 0.011030494 -0.015529792 0.002097857 0.999816358
1773244918.458225 0.027366277 0.028666560 0.056527860 0.011429987 -0.015987799 0.002363942 0.999804080
1773244918.486701 -0.000285985 0.002570907 0.018189739 0.000219426 -0.000932502 -0.000224665 0.999999523
1773244918.526012 0.003698369 0.005208789 0.021835648 0.001288873 -0.002986384 0.000306379 0.999994636
1773244918.551744 0.030974036 0.035220876 0.065434553 0.014595455 -0.019174820 0.002733908 0.999705851
1773244918.587557 0.030352363 0.034890901 0.066702917 0.014266669 -0.019575149 0.003061204 0.999701917
1773244918.625217 0.029881442 0.034384124 0.066975489 0.013702089 -0.019766180 0.003096524 0.999705970
1773244918.652288 0.030595105 0.034850463 0.069568582 0.014083757 -0.020883026 0.003130817 0.999677837
1773244918.692925 0.029639514 0.035953909 0.069994509 0.014471291 -0.021025941 0.003400719 0.999668419
1773244918.719683 0.031315356 0.034888130 0.072779223 0.013736336 -0.023013704 0.003744761 0.999633789
1773244918.752523 0.030431231 0.034540195 0.073325619 0.013463566 -0.023282275 0.003725965 0.999631345
1773244918.793052 -0.000339900 0.003839833 0.025997840 0.000658690 -0.006805719 0.000474498 0.999976516
1773244918.819717 -0.001466061 0.004422553 0.026622793 0.000855489 -0.006857877 0.000641345 0.999975920
1773244918.859738 0.016275626 0.018317608 0.059188716 0.005618990 -0.017080683 0.002669544 0.999834716
1773244918.887038 0.017686915 0.019728733 0.061912999 0.006350035 -0.018541325 0.002906791 0.999803662
1773244918.925531 0.015378051 0.017458759 0.060756616 0.005104179 -0.018183088 0.002879738 0.999817491
1773244918.953131 0.015784608 0.016955035 0.062536657 0.004641613 -0.019146532 0.003212408 0.999800742
1773244918.986484 0.015877727 0.017126558 0.063941017 0.004417030 -0.019962160 0.003285925 0.999785542
1773244919.027144 -0.001255938 0.004311484 0.031498246 0.000384358 -0.011737932 0.001231824 0.999930263
1773244919.052213 -0.000858852 0.004111393 0.033193134 -0.000001939 -0.012901650 0.001533615 0.999915600
1773244919.092863 -0.000753765 0.004837599 0.034541868 0.000266510 -0.013853867 0.001401970 0.999903023
1773244919.119599 -0.001753511 0.004517322 0.034997076 0.000123466 -0.014272007 0.001564978 0.999896944
1773244919.153259 -0.001780464 0.005160948 0.037025005 0.000210142 -0.015105719 0.001818124 0.999884248
1773244919.192756 -0.001827530 0.005462273 0.038506985 0.000449011 -0.016082959 0.001663080 0.999869168
1773244919.220454 -0.001600793 0.005508135 0.039634656 0.000251018 -0.017081765 0.001889446 0.999852240
1773244919.259985 -0.002459681 0.005312718 0.040630985 0.000111834 -0.017652418 0.002194295 0.999841750
1773244919.287679 -0.002407817 0.005607128 0.042380653 -0.000044961 -0.018863654 0.002268624 0.999819458
1773244919.327231 -0.003017956 0.005680516 0.043347992 0.000009104 -0.019650865 0.002248353 0.999804378
1773244919.354735 -0.002693612 0.005855390 0.045154776 -0.000290005 -0.021249549 0.002620495 0.999770701
1773244919.386846 -0.002827127 0.006222752 0.046725754 0.000264043 -0.022365840 0.002488689 0.999746680
1773244919.427310 -0.003175029 0.006344821 0.048108738 -0.000057548 -0.023459261 0.002917311 0.999720514
1773244919.457057 -0.004344432 0.006527103 0.048684843 0.000392212 -0.023927640 0.002574324 0.999710262
1773244919.493423 -0.005403669 0.006832189 0.049622972 0.000122844 -0.024594372 0.002861792 0.999693394
1773244919.520943 -0.006019961 0.007100777 0.050680812 0.000950024 -0.025369771 0.002493853 0.999674559
1773244919.553983 -0.005437215 0.007370312 0.053021047 0.000593415 -0.027281972 0.003016971 0.999623060
1773244919.592482 -0.004822581 0.007283395 0.054937333 0.001011183 -0.028682001 0.002850379 0.999584019
1773244919.620866 -0.004147624 0.006339016 0.046992276 0.000509570 -0.029709065 0.003860823 0.999550998
1773244919.660571 -0.004244251 0.006695347 0.048635464 0.001227439 -0.030530537 0.003466790 0.999527037
1773244919.688337 -0.006831507 0.007890954 0.058424205 0.000772825 -0.030561011 0.003424035 0.999526739
1773244919.727123 -0.005583015 0.006581394 0.050804269 0.000792225 -0.031944562 0.003793862 0.999482155
1773244919.754816 -0.005297476 0.006606908 0.052608464 0.000606265 -0.033366270 0.004153321 0.999434412
1773244919.788036 -0.005954577 0.006660425 0.053709917 0.000685156 -0.034180075 0.004364921 0.999405921
1773244919.827318 -0.005751153 0.006976924 0.055671174 0.000891303 -0.035370182 0.004109089 0.999365449
1773244919.854882 -0.005560326 0.006680545 0.057246633 0.000566373 -0.036537264 0.004444138 0.999322236
1773244919.894509 -0.006429046 0.007502868 0.058582585 0.001173369 -0.037214711 0.004165941 0.999297917
1773244919.921847 -0.006637676 0.007842060 0.059809878 0.001490345 -0.037823945 0.004413608 0.999273598
1773244919.954038 -0.006904772 0.007909448 0.061217565 0.001292620 -0.038322728 0.004132654 0.999256015
1773244919.994595 -0.006844546 0.008193033 0.062769033 0.001400059 -0.039030377 0.004485928 0.999226928
1773244920.022310 -0.007654400 0.008243622 0.063912846 0.001465685 -0.039034020 0.004243389 0.999227762
1773244920.060603 -0.008373772 0.008459974 0.065342590 0.001401054 -0.039064895 0.004847239 0.999223948
1773244920.088360 -0.008639382 0.008833800 0.067160606 0.001581175 -0.039454326 0.004188345 0.999211371
1773244920.127759 -0.008703895 0.009079303 0.068522230 0.001838704 -0.039723054 0.004460374 0.999199092
1773244920.155296 -0.008875238 0.008787045 0.070052736 0.001440873 -0.039987937 0.004206313 0.999190271
1773244920.188505 -0.009421457 0.009055301 0.070959523 0.001524837 -0.039806698 0.004347817 0.999196768
1773244920.228572 -0.009774524 0.009248910 0.072728939 0.001680523 -0.039896473 0.003906067 0.999194741
1773244920.255267 -0.010616286 0.009440785 0.074322678 0.001643081 -0.039502714 0.004295875 0.999208868
1773244920.294266 -0.010203405 0.009863428 0.076140910 0.001841325 -0.039811455 0.004179701 0.999196768
1773244920.322289 -0.010499125 0.010110220 0.076961242 0.001934892 -0.039914116 0.004386313 0.999191582
1773244920.354592 -0.009746371 0.010331168 0.079399273 0.002183620 -0.040508784 0.004112505 0.999168336
1773244920.395670 -0.011114892 0.010180417 0.080544144 0.001525949 -0.039879557 0.004419235 0.999193549
1773244920.422760 -0.010893269 0.010362726 0.082657650 0.002184574 -0.039966721 0.003747775 0.999191582
1773244920.460959 -0.011911020 0.010650060 0.083859846 0.001672166 -0.039532602 0.004310953 0.999207556
1773244920.488239 -0.011739962 0.011088266 0.085724808 0.002261301 -0.039455682 0.003831534 0.999211431
1773244920.528698 -0.012393215 0.010470875 0.086049460 0.001144408 -0.039300524 0.004658380 0.999215901
1773244920.555249 -0.013444738 0.011109415 0.087121703 0.001696497 -0.038490098 0.004254379 0.999248445
1773244920.589147 -0.013451902 0.011248359 0.089399576 0.001790494 -0.038689792 0.004341925 0.999240220
1773244920.629022 -0.013720082 0.011209394 0.091415524 0.001660315 -0.038572609 0.004031755 0.999246240
1773244920.655757 -0.013826147 0.011687661 0.092928231 0.001880352 -0.038554069 0.004072011 0.999246418
1773244920.695221 -0.014077287 0.011346633 0.095168300 0.001540336 -0.038410164 0.003881204 0.999253333
1773244920.721987 -0.015235486 0.012449439 0.094622180 0.002045537 -0.037385412 0.004047761 0.999290645
1773244920.762068 -0.014084150 0.012185532 0.097396180 0.001798437 -0.038138807 0.004055585 0.999262631
1773244920.789262 -0.015330732 0.012253439 0.099077009 0.001815618 -0.037463695 0.003792898 0.999289155
1773244920.822078 -0.016423468 0.012755653 0.099765964 0.001907086 -0.036851235 0.004016194 0.999310851
1773244920.861806 -0.016500309 0.012919768 0.101374216 0.001873022 -0.036894172 0.003904475 0.999309778
1773244920.889288 -0.015507098 0.012812576 0.102566600 0.001743283 -0.037433490 0.003888543 0.999290049
1773244920.929571 -0.015881125 0.013059753 0.104516163 0.001558194 -0.037171423 0.003961524 0.999299824
1773244920.956494 -0.016636394 0.013173317 0.105588116 0.001596289 -0.036514539 0.003980982 0.999323905
1773244920.988634 -0.017516533 0.014228149 0.107073806 0.002119207 -0.035943981 0.003859320 0.999344110
1773244921.027580 -0.016468827 0.013518822 0.107539780 0.001725510 -0.036219094 0.003752397 0.999335349
1773244921.055309 -0.016620042 0.013122635 0.109407239 0.001294931 -0.035939403 0.003566734 0.999346793
1773244921.096723 -0.016804181 0.013313406 0.110775143 0.001163861 -0.035766654 0.003927533 0.999351740
1773244921.122581 -0.017599337 0.013971751 0.111566387 0.001488214 -0.035042766 0.003417773 0.999378860
1773244921.162719 -0.018906344 0.014341134 0.112834752 0.001376948 -0.034133285 0.003937855 0.999408603
1773244921.189852 -0.018775556 0.014487091 0.114740573 0.001525712 -0.034107391 0.003481663 0.999410927
1773244921.223579 -0.018668063 0.014519257 0.116115987 0.001408687 -0.034196325 0.003465370 0.999408126
1773244921.262722 -0.019540012 0.014558278 0.117800966 0.000998200 -0.033956580 0.003799345 0.999415576
1773244921.289718 -0.019657474 0.014538780 0.118817411 0.000798576 -0.033678312 0.003801423 0.999425173
1773244921.329434 -0.015644778 0.012730619 0.101059183 0.000894579 -0.033615321 0.003544130 0.999428153
1773244921.355912 -0.015656775 0.012638736 0.103047185 0.000789127 -0.033614002 0.003529584 0.999428332
1773244921.389385 -0.016592391 0.013431999 0.104376823 0.001294598 -0.032940820 0.003463566 0.999450445
1773244921.430127 -0.016724456 0.013386823 0.105840907 0.000642148 -0.033118065 0.003534683 0.999445021
1773244921.456219 -0.016952494 0.013344026 0.107377224 0.000843591 -0.033152994 0.003350563 0.999444366
1773244921.495553 -0.017088100 0.013828767 0.109173894 0.000895140 -0.033429783 0.003308785 0.999435186
1773244921.522734 -0.018203288 0.013634307 0.110868961 0.000492900 -0.032968029 0.003764804 0.999449193
1773244921.564139 -0.018040434 0.014013755 0.112605207 0.000866896 -0.033167422 0.003614439 0.999442875
1773244921.589966 -0.018608896 0.014651960 0.114634454 0.001394638 -0.032891016 0.003283121 0.999452591
1773244921.623887 -0.018202595 0.014753660 0.116608404 0.001226936 -0.033643991 0.003142677 0.999428213
1773244921.665529 -0.019382302 0.015127804 0.117711104 0.001071999 -0.033115380 0.003176023 0.999445915
1773244921.700156 -0.019720865 0.014985961 0.119511656 0.000997669 -0.032936249 0.003127225 0.999452055
1773244921.729120 -0.020065188 0.015279724 0.121064514 0.000866558 -0.032619920 0.003336138 0.999461830
1773244921.757010 -0.020227559 0.015603010 0.123237126 0.000751644 -0.032438084 0.003404509 0.999467671
1773244921.789845 -0.021227863 0.016296683 0.124419093 0.001309215 -0.031378847 0.003005413 0.999502182
1773244921.828674 -0.021324422 0.015851218 0.126383737 0.000847619 -0.030728692 0.002857376 0.999523342
1773244921.857349 -0.020495530 0.015924331 0.127935588 0.000993797 -0.030786712 0.002866096 0.999521375
1773244921.895301 -0.020698715 0.016202677 0.129899576 0.000383223 -0.030133720 0.002425717 0.999542832
1773244921.923451 -0.021461464 0.016188636 0.131001353 0.000737536 -0.028903186 0.002275358 0.999579370
1773244921.963152 -0.021910720 0.016711930 0.132416144 0.000346626 -0.028057940 0.002556621 0.999602973
1773244921.991185 -0.021599663 0.016688317 0.134378389 0.000498339 -0.027212197 0.002079117 0.999627411
1773244922.023464 -0.021422163 0.017010935 0.136149019 0.000443798 -0.026264764 0.001547794 0.999653697
1773244922.062540 -0.021804007 0.017020050 0.137454629 0.000170468 -0.025267540 0.001685577 0.999679327
1773244922.089548 -0.021958668 0.017211415 0.138902545 0.000093580 -0.024134738 0.001505362 0.999707580
1773244922.131875 -0.020380232 0.016354699 0.130016714 0.000155354 -0.023192478 0.001753825 0.999729455
1773244922.157620 -0.020979727 0.016394554 0.131358609 -0.000024734 -0.021987695 0.001868844 0.999756515
1773244922.191542 -0.020029515 0.016106782 0.133637518 -0.000578780 -0.021549916 0.001784755 0.999765992
1773244922.230537 -0.023039067 0.018487222 0.144127458 0.000210401 -0.019701486 0.001254407 0.999805093
1773244922.258052 -0.023532126 0.018552024 0.145692587 -0.000073634 -0.018442862 0.001457294 0.999828875
1773244922.297312 -0.023106672 0.018238442 0.147527501 -0.000303992 -0.017629033 0.001109453 0.999843955
1773244922.324501 -0.024227671 0.019146051 0.148438454 0.000126991 -0.015720703 0.000823628 0.999876082
1773244922.365594 -0.020809207 0.017541176 0.138674438 0.000085902 -0.015776414 0.000837643 0.999875188
1773244922.390634 -0.020617930 0.017398952 0.140739620 0.000008295 -0.014707795 0.000112904 0.999891818
1773244922.424308 -0.021298409 0.018068094 0.141770348 0.000164155 -0.013106147 0.000504782 0.999913990
1773244922.464006 -0.020453595 0.017194539 0.144354925 -0.000577242 -0.012789966 0.000285276 0.999917984
1773244922.491231 -0.023136664 0.018631324 0.144614384 0.000315069 -0.010369265 0.000055507 0.999946177
1773244922.530590 -0.020620631 0.017854700 0.148094654 -0.000307766 -0.010802343 0.000190909 0.999941587
1773244922.556646 -0.020621397 0.018061342 0.149347886 -0.000243739 -0.009649963 -0.000295030 0.999953330
1773244922.591770 -0.020373736 0.018134959 0.151853815 -0.000175882 -0.008724493 -0.000972843 0.999961436
1773244922.636601 -0.020616548 0.018672066 0.153141856 -0.000433028 -0.007812253 -0.000047585 0.999969363
1773244922.658664 -0.021327576 0.018882904 0.155102581 -0.000328188 -0.006686336 -0.000955887 0.999977112
1773244922.696554 -0.020955792 0.019158110 0.156911328 -0.000407712 -0.006139567 -0.001057400 0.999980450
1773244922.724481 -0.021590348 0.019985281 0.158342019 -0.000151349 -0.005213609 -0.000898676 0.999985993
1773244922.764225 -0.022608593 0.020000771 0.159903586 -0.000380877 -0.004209064 -0.000822741 0.999990702
1773244922.791340 -0.021755325 0.019896561 0.156948179 -0.000141327 -0.004156893 -0.000868286 0.999990940
1773244922.824197 -0.022024212 0.019931793 0.159161717 0.000054325 -0.003736316 -0.001622314 0.999991715
1773244922.863951 -0.022590961 0.020549450 0.160436139 0.000130529 -0.003250568 -0.001191510 0.999993980
1773244922.891553 -0.022599306 0.020325031 0.162011608 -0.000073685 -0.003075298 -0.001100530 0.999994636
1773244922.932648 -0.023532685 0.020079812 0.163591504 -0.000298157 -0.002251248 -0.001364218 0.999996483
1773244922.958715 -0.023363933 0.020524105 0.164982378 -0.000086027 -0.002079253 -0.001065489 0.999997258
1773244922.991724 -0.023681879 0.020172350 0.166646481 -0.000624950 -0.001836763 -0.000995388 0.999997616
1773244923.030584 -0.023428092 0.020115687 0.168392494 -0.000624916 -0.002245099 -0.001157510 0.999996603
1773244923.058910 -0.024250092 0.019795423 0.169668362 -0.000724688 -0.001571786 -0.001416909 0.999997497
1773244923.097582 -0.023126105 0.019401299 0.172059774 -0.000849718 -0.002739965 -0.001784439 0.999994278
1773244923.126395 -0.025235174 0.019247267 0.172639936 -0.001089014 -0.001660052 -0.001448616 0.999996960
1773244923.164059 -0.025096197 0.019688921 0.174020350 -0.000899806 -0.001559374 -0.001349880 0.999997437
1773244923.191339 -0.024381423 0.019614972 0.175973445 -0.000712652 -0.002292419 -0.001268922 0.999996305
1773244923.224601 -0.023414183 0.021952033 0.173879981 0.000503481 -0.003199271 -0.000661780 0.999994516
1773244923.265027 -0.022851290 0.021704232 0.175624385 0.000711368 -0.004200482 -0.001353717 0.999989986
1773244923.291791 -0.022336405 0.021220615 0.177544445 -0.000008070 -0.005546531 -0.000782825 0.999984324
1773244923.331357 -0.024698418 0.022214254 0.177541345 0.000917769 -0.004795668 -0.000851042 0.999987721
1773244923.360017 -0.025008647 0.021876406 0.179129347 0.000360188 -0.005485051 -0.000871022 0.999984503
1773244923.391727 -0.024654292 0.021304362 0.181152478 0.000173510 -0.006564712 -0.000578996 0.999978244
1773244923.430825 -0.024632774 0.021007573 0.182855144 -0.000196679 -0.007446118 -0.000712394 0.999971986
1773244923.458449 -0.025235463 0.021115597 0.183947369 0.000047329 -0.007742736 -0.000998734 0.999969542
1773244923.498293 -0.026463315 0.022218632 0.185032964 0.000569061 -0.007709621 -0.000702017 0.999969900
1773244923.532938 -0.027394215 0.022125304 0.186371908 0.000473626 -0.007880968 -0.000861346 0.999968469
1773244923.565091 -0.027907619 0.021922491 0.187729463 0.000182869 -0.008078858 -0.000478236 0.999967217
1773244923.591846 -0.027392309 0.022153767 0.189691961 0.000336102 -0.009407214 -0.000783482 0.999955416
1773244923.625959 -0.028110474 0.022419207 0.191127241 0.000129172 -0.010029646 -0.000676032 0.999949515
1773244923.665540 -0.028790383 0.022769645 0.192661375 0.001042298 -0.010220518 -0.001249162 0.999946415
1773244923.692662 -0.026817039 0.023107436 0.190544486 0.000509643 -0.012214290 0.000243085 0.999925256
1773244923.734228 -0.028058553 0.022789361 0.192307860 0.000410487 -0.012640713 -0.000150415 0.999920011
1773244923.758627 -0.028387092 0.022756243 0.193470135 -0.000008712 -0.013211465 -0.000048264 0.999912739
1773244923.792681 -0.027614582 0.023044337 0.195365086 0.000203496 -0.014735976 -0.000060488 0.999891400
1773244923.831576 -0.028554918 0.023540709 0.196816027 0.000311344 -0.015244690 0.000163890 0.999883771
1773244923.859360 -0.029138891 0.022832166 0.198548362 -0.000344388 -0.016150177 0.000156274 0.999869525
1773244923.898199 -0.028803296 0.022889175 0.200845927 -0.000220232 -0.017763885 0.000171219 0.999842167
1773244923.926219 -0.030892257 0.023397472 0.201673135 0.000278285 -0.017410524 -0.000016546 0.999848366
1773244923.965107 -0.030432720 0.023720805 0.203466669 0.000389903 -0.018658770 0.000410318 0.999825776
1773244923.993046 -0.031529024 0.023200333 0.204700276 -0.000158103 -0.019113680 0.000986101 0.999816775
1773244924.026070 -0.032108426 0.023648383 0.206802830 0.000070630 -0.019894658 0.001065382 0.999801457
1773244924.067082 -0.033607192 0.024066005 0.207875252 0.000343585 -0.019866830 0.000167382 0.999802530
1773244924.093751 -0.033143517 0.024548506 0.209955618 0.000560425 -0.021097064 0.000759469 0.999776959
1773244924.132378 -0.031497341 0.023641031 0.212064475 -0.000227068 -0.023296235 0.001021058 0.999728024
1773244924.159140 -0.032780834 0.024261745 0.213233620 0.000353443 -0.023668803 0.000887222 0.999719381
1773244924.193390 -0.033229865 0.024571052 0.214604512 0.000099291 -0.024253607 0.001159535 0.999705136
1773244924.232248 -0.033206128 0.024517965 0.216145620 0.000184559 -0.025536388 0.001044117 0.999673307
1773244924.260026 -0.033289388 0.025092011 0.218036890 0.000103732 -0.026530229 0.001205955 0.999647319
1773244924.299808 -0.032646317 0.024902087 0.219640121 0.000028231 -0.027736316 0.000996015 0.999614775
1773244924.326914 -0.032760277 0.025429267 0.221549854 -0.000146630 -0.028667323 0.001858759 0.999587297
1773244924.364947 -0.034280438 0.026001452 0.222522721 0.000486687 -0.028617851 0.001813130 0.999588668
1773244924.392850 -0.034333505 0.026805025 0.223723888 0.000716547 -0.029403379 0.002132621 0.999565065
1773244924.426698 -0.034392789 0.027460916 0.225180313 0.001109275 -0.030371364 0.002511370 0.999534905
1773244924.465952 -0.035011023 0.027625304 0.227438107 0.000937805 -0.031099960 0.002641040 0.999512315
1773244924.493696 -0.034098271 0.027679922 0.229269296 0.000893298 -0.032435253 0.002445378 0.999470472
1773244924.533756 -0.034611911 0.027312469 0.230224803 0.000769283 -0.032921486 0.002325575 0.999454975
1773244924.560636 -0.034720927 0.026906909 0.232201636 0.000024807 -0.033887923 0.002241339 0.999423146
1773244924.593189 -0.033575781 0.030106599 0.234039009 0.002103486 -0.035339139 0.003605250 0.999366641
1773244924.633832 -0.033698685 0.031661246 0.235958219 0.002485005 -0.036045630 0.004661458 0.999336183
1773244924.660063 -0.033787977 0.032495838 0.237753868 0.003051877 -0.036623165 0.004834494 0.999312818
1773244924.700528 -0.034257129 0.031028165 0.239634112 0.002117865 -0.037148993 0.004100007 0.999299049
1773244924.726366 -0.034588724 0.030964665 0.240179002 0.002050678 -0.037335284 0.004137192 0.999292076
1773244924.766449 -0.034695491 0.030943282 0.243080452 0.001661361 -0.038407881 0.004367412 0.999251246
1773244924.794061 -0.034205526 0.030916560 0.244741634 0.002020806 -0.039273288 0.003377929 0.999220729
1773244924.826964 -0.035117537 0.032252181 0.245887682 0.002587426 -0.038938373 0.004441301 0.999228358
1773244924.867732 -0.034854874 0.032175496 0.248055384 0.002211034 -0.039644491 0.003697138 0.999204576
1773244924.894371 -0.036557175 0.031780794 0.248820275 0.002180495 -0.038866621 0.003464309 0.999235988
1773244924.933285 -0.037186675 0.032603424 0.250366390 0.002654108 -0.038647003 0.003572490 0.999243021
1773244924.960660 -0.037390236 0.031917684 0.251835048 0.002122612 -0.038662340 0.003408361 0.999244213
1773244924.993897 -0.037534915 0.031740855 0.253614068 0.001740515 -0.038777079 0.003342582 0.999240756
1773244925.033605 -0.038109742 0.030881925 0.255023837 0.000977727 -0.038379412 0.003161005 0.999257743
1773244925.060637 -0.038905434 0.031198667 0.256125540 0.001246894 -0.037847850 0.002864192 0.999278605
1773244925.100770 -0.036592595 0.031037692 0.247203633 0.002036049 -0.038145795 0.003593128 0.999263644
1773244925.127505 -0.036246464 0.030862434 0.249021083 0.001868060 -0.038569424 0.002855619 0.999250114
1773244925.167334 -0.035305202 0.030715007 0.251223654 0.001747093 -0.038958158 0.002759455 0.999235511
1773244925.193029 -0.037787974 0.031733789 0.251339495 0.002153113 -0.037206348 0.003016666 0.999300718
1773244925.227124 -0.039839420 0.031398416 0.251887858 0.001603011 -0.035573237 0.003493684 0.999359667
1773244925.265841 -0.040271446 0.031908274 0.253086030 0.001935110 -0.035201039 0.003487001 0.999372303
1773244925.294606 -0.037208918 0.032012075 0.254456788 0.002169451 -0.037374008 0.003016495 0.999294460
1773244925.333160 -0.037873942 0.032425333 0.255608112 0.002749925 -0.036885627 0.002743592 0.999311984
1773244925.361445 -0.039121680 0.032528780 0.256848127 0.002751548 -0.035892744 0.002840663 0.999347866
1773244925.394148 -0.039576478 0.031828210 0.259540051 0.001589667 -0.035736732 0.002441634 0.999357045
1773244925.433952 -0.040808313 0.031557847 0.260259598 0.001869530 -0.034560546 0.002324866 0.999398172
1773244925.461932 -0.041067254 0.031870518 0.261557639 0.001338836 -0.034447417 0.003137532 0.999400735
1773244925.500015 -0.040309079 0.032086886 0.261939585 0.002013114 -0.034730773 0.002873385 0.999390543
1773244925.527441 -0.040022027 0.031212835 0.263486087 0.001014784 -0.034657579 0.002845426 0.999394715
1773244925.566585 -0.040978178 0.032727130 0.263969541 0.002365504 -0.033652313 0.002540811 0.999427557
1773244925.594101 -0.042011000 0.032125674 0.266759068 0.001632045 -0.032984808 0.002218157 0.999452114
1773244925.626814 -0.042073257 0.032184195 0.267996192 0.001591900 -0.032631304 0.002224756 0.999463737
1773244925.668713 -0.041909359 0.031852785 0.269339740 0.001374157 -0.032628246 0.001825585 0.999464989
1773244925.694991 -0.042931043 0.032283556 0.270263761 0.001585241 -0.031656984 0.002261800 0.999494970
1773244925.733066 -0.042765655 0.032712765 0.271353543 0.001775402 -0.031470608 0.002019507 0.999501050
1773244925.762004 -0.044441685 0.032287225 0.272188991 0.001156058 -0.030013179 0.001970187 0.999546945
1773244925.795174 -0.043095361 0.032433782 0.274179995 0.001198176 -0.031058006 0.002172550 0.999514520
1773244925.833846 -0.043227177 0.032206692 0.275958240 0.001129550 -0.030747110 0.001640785 0.999525189
1773244925.862070 -0.044503257 0.032069296 0.276679575 0.000828921 -0.029664062 0.001463315 0.999558508
1773244925.902140 -0.043408860 0.033987548 0.278156579 0.001926819 -0.030092999 0.001858636 0.999543548
1773244925.928654 -0.042733908 0.033922546 0.279900312 0.001709709 -0.030552711 0.001768831 0.999530137
1773244925.967929 -0.043584280 0.033740722 0.280837685 0.001637538 -0.029669957 0.001385028 0.999557436
1773244925.995891 -0.043442652 0.032862090 0.282535166 0.000351173 -0.029572329 0.001610760 0.999561310
1773244926.028889 -0.043616034 0.033295143 0.283758163 0.000709030 -0.029153377 0.001403460 0.999573708
1773244926.068094 -0.044143014 0.033276904 0.284903467 0.000272639 -0.028667632 0.001390156 0.999588013
1773244926.094184 -0.044304267 0.034069777 0.286316097 0.000662353 -0.028303465 0.001703308 0.999597728
1773244926.134429 -0.044275299 0.034397557 0.287650973 0.000578166 -0.027804265 0.002035182 0.999611139
1773244926.161818 -0.045430742 0.034848202 0.289037257 0.000907511 -0.026566409 0.002035116 0.999644578
1773244926.195786 -0.043889314 0.035336584 0.290437251 0.001059492 -0.027175428 0.001924389 0.999628246
1773244926.235411 -0.043226287 0.035809044 0.291947842 0.001337193 -0.027348993 0.001968765 0.999623120
1773244926.262279 -0.042450346 0.036347318 0.293982863 0.001403578 -0.027523786 0.001853088 0.999618411
1773244926.302267 -0.042365368 0.036779150 0.295400500 0.001687680 -0.027188620 0.001646704 0.999627531
1773244926.328305 -0.042977042 0.036187567 0.297047138 0.000769118 -0.026651496 0.002308633 0.999641836
1773244926.367781 -0.043014493 0.036924839 0.298515260 0.001538989 -0.026024379 0.002038235 0.999658048
1773244926.395651 -0.044194177 0.036675688 0.298276991 0.001302884 -0.024503356 0.001550812 0.999697685
1773244926.428695 -0.044018980 0.037031140 0.298948973 0.001733221 -0.024230262 0.001366875 0.999703944
1773244926.468499 -0.042968176 0.036614452 0.301335037 0.001142413 -0.024700668 0.001887441 0.999692440
1773244926.496357 -0.042589024 0.037541509 0.302003950 0.001675940 -0.024261413 0.001343264 0.999703348
1773244926.534565 -0.042285863 0.037365697 0.303348988 0.001281758 -0.024013637 0.001479543 0.999709725
1773244926.561749 -0.042894311 0.038072620 0.304108530 0.001610721 -0.023136152 0.001981071 0.999729037
1773244926.595843 -0.042286485 0.037721265 0.305563211 0.001371219 -0.023387341 0.001896275 0.999723732
1773244926.635819 -0.043186538 0.037685808 0.306120843 0.001595704 -0.022408811 0.001242307 0.999746859
1773244926.661661 -0.042377077 0.037256606 0.307508051 0.000757606 -0.022598300 0.001666817 0.999742985
1773244926.703885 -0.042330429 0.039344721 0.309943199 0.002727196 -0.022578623 0.000791713 0.999741018
1773244926.729874 -0.042406857 0.039324816 0.310983777 0.002554922 -0.021783868 0.000997429 0.999758959
1773244926.769273 -0.042717159 0.038841356 0.311791480 0.001636337 -0.021327915 0.000995476 0.999770701
1773244926.796479 -0.043258563 0.039459161 0.312526286 0.002031796 -0.020612376 0.000944534 0.999785006
1773244926.829724 -0.042599000 0.039790373 0.314632505 0.002335867 -0.020809937 0.000763871 0.999780416
1773244926.871011 -0.042096727 0.039276365 0.315604746 0.001358207 -0.020559518 0.001075638 0.999787092
1773244926.896660 -0.042750396 0.039683424 0.315847725 0.002029875 -0.019568725 0.000634960 0.999806225
1773244926.936391 -0.042449184 0.039563142 0.316964179 0.001370419 -0.019428609 0.001384162 0.999809325
1773244926.963189 -0.041495845 0.039843172 0.319111675 0.001846645 -0.019645877 0.000778677 0.999804974
1773244926.995986 -0.041465361 0.039548177 0.320351571 0.001365219 -0.019122005 0.000943638 0.999815762
1773244927.035389 -0.041553594 0.039406091 0.321493506 0.001266864 -0.018591231 0.000654148 0.999826133
1773244927.063300 -0.041964550 0.039797321 0.322230756 0.001101854 -0.017831249 0.000929516 0.999839962
1773244927.102256 -0.042074464 0.039912101 0.323779643 0.001104485 -0.017419638 0.000729130 0.999847353
1773244927.130409 -0.041713882 0.040930104 0.325919926 0.001664859 -0.017273508 0.000303538 0.999849379
1773244927.169654 -0.042419266 0.040488504 0.326926500 0.001250472 -0.016067963 -0.000102391 0.999870121
1773244927.196512 -0.042828418 0.041342065 0.327835560 0.001964401 -0.015185158 0.000386605 0.999882698
1773244927.230212 -0.042784009 0.041155782 0.329281956 0.001512088 -0.014476469 -0.000257778 0.999894023
1773244927.270115 -0.043880131 0.041302923 0.329446882 0.001568072 -0.012943275 -0.000501875 0.999914885
1773244927.295514 -0.042258978 0.041318968 0.330861092 0.000946517 -0.013131530 -0.000293069 0.999913275
1773244927.336649 -0.040142309 0.041429892 0.334368169 0.001423780 -0.013470684 -0.000434530 0.999908149
1773244927.363415 -0.040442757 0.041213538 0.335076004 0.000505276 -0.012669305 0.000242917 0.999919593
1773244927.398192 -0.042070996 0.041564599 0.335568547 0.001089903 -0.010498641 -0.000221228 0.999944270
1773244927.439633 -0.042217847 0.042639256 0.337035835 0.001574736 -0.009908042 -0.001019510 0.999949157
1773244927.464011 -0.042599212 0.042820528 0.338075995 0.001492170 -0.009023520 -0.000600619 0.999958038
1773244927.504699 -0.043288756 0.042274691 0.338609308 0.000805542 -0.007776700 -0.000470326 0.999969304
1773244927.531094 -0.043063901 0.041935351 0.340226382 0.000491905 -0.007298385 -0.000490145 0.999973118
1773244927.569275 -0.042791743 0.042421915 0.341901571 0.000116983 -0.007023045 -0.000171029 0.999975324
1773244927.597591 -0.043266114 0.042286649 0.339719713 0.000615751 -0.005723154 -0.000769812 0.999983132
1773244927.629889 -0.042563207 0.041661598 0.341624975 -0.000142037 -0.006010202 -0.000129507 0.999981940
1773244927.670345 -0.043274127 0.043090057 0.345730305 0.000307941 -0.005274539 -0.000387126 0.999985933
1773244927.701362 -0.043117546 0.042971652 0.347177505 0.000187269 -0.005129552 -0.000104112 0.999986827
1773244927.736593 -0.043747507 0.043077584 0.348071873 0.000123903 -0.004226770 -0.000696218 0.999990821
1773244927.764731 -0.044032738 0.043104801 0.349135637 0.000218044 -0.003922947 -0.000912792 0.999991834
1773244927.797752 -0.043989737 0.043838754 0.351234823 0.001011985 -0.003586150 -0.001436860 0.999992013
1773244927.837488 -0.042262685 0.042671990 0.349952251 -0.000048394 -0.004791463 -0.000763508 0.999988198
1773244927.863661 -0.042320155 0.043211874 0.351252288 0.000326285 -0.004382023 -0.000786968 0.999990046
1773244927.905402 -0.042815547 0.043350775 0.351920456 0.000333014 -0.004213106 -0.000451998 0.999990940
1773244927.930324 -0.043632012 0.043257881 0.352569342 0.000171477 -0.003482657 -0.000967871 0.999993443
1773244927.969797 -0.044184800 0.043552019 0.353497922 0.000222374 -0.003462045 -0.000625549 0.999993742
1773244927.997470 -0.045179423 0.043819871 0.353494972 0.000866458 -0.002675645 -0.001333361 0.999995172
1773244928.031236 -0.042871349 0.043027267 0.344418854 0.001047685 -0.004036871 -0.001375118 0.999990344
1773244928.070419 -0.042231109 0.043114297 0.346096575 0.001193968 -0.004948826 -0.001459119 0.999985993
1773244928.098017 -0.040471517 0.043281689 0.348961949 0.001334246 -0.006725994 -0.001888804 0.999974728
1773244928.137264 -0.044378847 0.044373248 0.359274358 0.000730962 -0.004970656 -0.001221263 0.999986649
1773244928.164533 -0.044621397 0.044232745 0.360019654 0.000573367 -0.005103036 -0.000876905 0.999986470
1773244928.198790 -0.045011364 0.043989599 0.361500710 0.000160349 -0.005131223 -0.000945218 0.999986410
1773244928.237317 -0.043053493 0.043454930 0.351660371 0.001222527 -0.006374398 -0.001471312 0.999977887
1773244928.265878 -0.043320712 0.043466866 0.352905750 0.000469074 -0.006920624 -0.000504025 0.999975860
1773244928.303510 -0.042733658 0.043868840 0.354338616 0.001177448 -0.007694830 -0.000317517 0.999969661
1773244928.331252 -0.043213811 0.044079255 0.355576307 0.001106876 -0.007408625 -0.000623527 0.999971747
1773244928.370277 -0.043207791 0.043632913 0.357235223 0.001007644 -0.007495546 -0.000352508 0.999971330
1773244928.398525 -0.043353125 0.043375891 0.358270854 0.000581517 -0.008239078 0.000630056 0.999965668
1773244928.431101 -0.045088582 0.044015501 0.357926309 0.000794654 -0.007496532 -0.000171374 0.999971569
1773244928.470354 -0.044381883 0.044581641 0.358453840 0.002012115 -0.008769165 -0.000771700 0.999959230
1773244928.497935 -0.043001335 0.044874419 0.360609144 0.002090977 -0.010694032 -0.000750429 0.999940336
1773244928.537928 -0.043555219 0.044807252 0.361793220 0.001702898 -0.010691225 -0.000881472 0.999940991
1773244928.565304 -0.044308044 0.044513986 0.362976879 0.001687060 -0.010303849 -0.000749999 0.999945223
1773244928.598506 -0.044167370 0.045474108 0.364401162 0.002349846 -0.010843653 -0.000845879 0.999938130
1773244928.637797 -0.044628397 0.045475621 0.365722477 0.002329978 -0.010866829 -0.000388242 0.999938190
1773244928.664716 -0.044861577 0.044587757 0.366821378 0.001312622 -0.011102288 -0.000007583 0.999937534
1773244928.703484 -0.044730231 0.045416601 0.367954314 0.001934239 -0.011476252 0.000014732 0.999932289
1773244928.732337 -0.043067869 0.045795705 0.370144069 0.002263824 -0.013192694 0.000521912 0.999910295
1773244928.770564 -0.045373973 0.045579202 0.370228022 0.001888107 -0.012000290 0.000595735 0.999926031
1773244928.798018 -0.046299972 0.045983844 0.370505512 0.001873273 -0.011820298 0.000143135 0.999928355
1773244928.831309 -0.046791174 0.046263061 0.371419013 0.002369211 -0.011763240 -0.000200093 0.999927998
1773244928.873024 -0.048584837 0.046809744 0.371661514 0.002513343 -0.010638559 0.000270489 0.999940217
1773244928.898128 -0.047972895 0.046453197 0.373204827 0.002125548 -0.011197792 0.000382079 0.999934971
1773244928.939198 -0.047410052 0.046700165 0.374570370 0.002126228 -0.012017123 0.000267906 0.999925494
1773244928.966029 -0.047450542 0.046717789 0.375697404 0.001749108 -0.012383090 0.000426922 0.999921679
1773244928.998130 -0.046057798 0.046492491 0.378391683 0.001986854 -0.014148644 0.000797379 0.999897599
1773244929.037556 -0.046359017 0.046828266 0.379751772 0.002037660 -0.014252580 0.000928616 0.999895930
1773244929.065131 -0.047158688 0.047234017 0.380162060 0.002266163 -0.013997844 0.000789009 0.999899149
1773244929.104743 -0.045592021 0.046887062 0.383002549 0.002038936 -0.015643964 0.001163289 0.999874890
1773244929.132738 -0.045953326 0.046880055 0.383518100 0.002005033 -0.015957268 0.001124919 0.999870002
1773244929.171212 -0.046963036 0.047265414 0.384282500 0.002130101 -0.015271265 0.001006292 0.999880612
1773244929.197986 -0.047206052 0.047559001 0.385202259 0.002809156 -0.015190907 0.000362925 0.999880612
1773244929.232007 -0.047649682 0.047836035 0.386522353 0.002913185 -0.014801832 0.000707552 0.999885976
1773244929.271669 -0.048239917 0.048060268 0.387201130 0.002988594 -0.014608807 0.000079572 0.999888778
1773244929.299568 -0.048088908 0.048145778 0.388462991 0.002802454 -0.014750971 0.000535677 0.999887109
1773244929.338517 -0.048781469 0.048436418 0.389219791 0.002824830 -0.014458693 0.000387294 0.999891400
1773244929.365995 -0.048516210 0.048777837 0.390745521 0.003216299 -0.014836650 0.000678592 0.999884546
1773244929.399217 -0.048920531 0.048674900 0.391879410 0.003012552 -0.014664472 0.000558505 0.999887764
1773244929.437897 -0.048175078 0.048287768 0.393760175 0.002197516 -0.015170190 0.001389420 0.999881566
1773244929.465447 -0.049071234 0.048681032 0.394860566 0.002648418 -0.014570704 0.001050941 0.999889791
1773244929.504981 -0.048486266 0.049148872 0.396538913 0.002712451 -0.015722100 0.000832093 0.999872386
1773244929.531617 -0.047979154 0.049122144 0.398002416 0.002285196 -0.016709788 0.001438508 0.999856710
1773244929.572858 -0.048835568 0.049413297 0.398874581 0.002561260 -0.015964115 0.000766586 0.999868989
1773244929.599950 -0.049387001 0.049702380 0.399814188 0.002684067 -0.015508484 0.001259975 0.999875367
1773244929.632654 -0.049554467 0.049369361 0.401311219 0.002456222 -0.015677147 0.000942089 0.999873638
1773244929.673598 -0.048986614 0.049684837 0.402855873 0.002510153 -0.016415540 0.001253267 0.999861300
1773244929.708510 -0.048647359 0.049927697 0.404281318 0.002625071 -0.016931692 0.000899161 0.999852777
1773244929.738236 -0.049457178 0.050084990 0.405085593 0.002827051 -0.016362309 0.001074329 0.999861538
1773244929.766448 -0.049458697 0.050126314 0.406463891 0.002683727 -0.016764188 0.001328729 0.999854982
1773244929.799788 -0.049436621 0.050798003 0.407750487 0.003408274 -0.016908983 0.000593900 0.999851048
1773244929.839324 -0.049743660 0.050191853 0.408741146 0.002717986 -0.016876785 0.001418894 0.999852896
1773244929.866434 -0.050841078 0.050054431 0.406754822 0.003149456 -0.015602197 0.000757107 0.999873042
1773244929.906535 -0.051375981 0.050224859 0.407643974 0.003113146 -0.015235652 0.000957518 0.999878645
1773244929.933465 -0.050774839 0.050459836 0.409123689 0.003408700 -0.015905553 0.000957847 0.999867260
1773244929.966623 -0.050863214 0.050727610 0.410601139 0.003552729 -0.016087290 0.000299029 0.999864280
1773244930.005517 -0.050972775 0.050409138 0.411802471 0.003004878 -0.016325658 0.000940573 0.999861777
1773244930.033748 -0.050899688 0.050769243 0.412891865 0.003465025 -0.016661456 0.000711594 0.999854982
1773244930.072421 -0.051421545 0.050851420 0.413955539 0.003355447 -0.016467059 0.000441102 0.999858677
1773244930.100659 -0.052278541 0.051357217 0.414475113 0.003633907 -0.015993161 0.000424427 0.999865413
1773244930.139629 -0.052005112 0.051085204 0.415715963 0.003399770 -0.016223082 0.000674795 0.999862432
1773244930.166692 -0.051781788 0.051205117 0.417088509 0.003416298 -0.016760854 0.001155798 0.999853015
1773244930.199698 -0.051655915 0.051647674 0.418422014 0.003551475 -0.016977651 0.001303108 0.999848664
1773244930.239964 -0.051845368 0.051928684 0.419093162 0.003887435 -0.017090311 0.000519516 0.999846220
1773244930.266624 -0.053258143 0.051761162 0.419431984 0.003342447 -0.016243760 0.001009205 0.999861956
1773244930.307480 -0.053219311 0.051999252 0.420488894 0.004020659 -0.016422004 0.000788240 0.999856710
1773244930.333605 -0.053894311 0.052048124 0.421443701 0.003702936 -0.016085973 0.000681052 0.999863505
1773244930.372714 -0.053311210 0.052034929 0.423508316 0.003640822 -0.016689911 0.001019074 0.999853551
1773244930.400496 -0.054390766 0.052319460 0.423284739 0.003727632 -0.015948078 0.001205129 0.999865174
1773244930.433776 -0.053117625 0.052001115 0.425213546 0.003250636 -0.017182888 0.001895673 0.999845266
1773244930.472832 -0.052621122 0.052704740 0.427816898 0.004355413 -0.017325750 0.000875875 0.999840021
1773244930.500018 -0.053038545 0.052912213 0.428373277 0.004194517 -0.016714040 0.001142205 0.999850869
1773244930.540120 -0.053555109 0.053144634 0.429152280 0.004528955 -0.015946906 0.001173485 0.999861896
1773244930.566081 -0.053630009 0.052992590 0.430094182 0.003828264 -0.015796872 0.001053050 0.999867320
1773244930.601154 -0.054080606 0.053142760 0.430299193 0.004190324 -0.014993390 0.001351199 0.999877930
1773244930.639521 -0.055233214 0.053691316 0.430999398 0.004227256 -0.013157985 0.001360546 0.999903560
1773244930.667353 -0.054975700 0.054072335 0.432075530 0.004823764 -0.013170105 0.000492622 0.999901533
1773244930.707236 -0.056119852 0.054543372 0.432586998 0.004882871 -0.012185179 -0.000092611 0.999913812
1773244930.734886 -0.057426132 0.054966163 0.432755768 0.005292117 -0.011110945 -0.000018555 0.999924242
1773244930.768158 -0.055552453 0.054150488 0.435450882 0.004201257 -0.013092272 0.000961980 0.999904990
1773244930.807529 -0.055068992 0.054193035 0.437095046 0.004442579 -0.013703531 0.001299283 0.999895394
1773244930.834210 -0.055661973 0.054441079 0.437739968 0.004346196 -0.013450153 0.001294169 0.999899268
1773244930.875032 -0.054177862 0.054421999 0.439251721 0.004355165 -0.014962516 0.001169828 0.999877870
1773244930.901152 -0.054411754 0.054111712 0.440364331 0.003628008 -0.014719333 0.001812167 0.999883413
1773244930.948436 -0.055564169 0.054560833 0.441230834 0.003911495 -0.013897020 0.001538406 0.999894619
1773244930.968775 -0.055563532 0.054592408 0.442144841 0.003971307 -0.014234182 0.001452991 0.999889731
1773244931.000947 -0.054530360 0.054814152 0.443607301 0.004196700 -0.015028754 0.001399455 0.999877274
1773244931.039960 -0.054904006 0.054762010 0.444392353 0.004215005 -0.015027564 0.001491576 0.999877095
1773244931.067771 -0.055490177 0.055626690 0.445266157 0.004530094 -0.014693923 0.001363985 0.999880850
1773244931.107849 -0.056006595 0.054979485 0.446299583 0.003794389 -0.014169872 0.002130178 0.999890089
1773244931.135105 -0.054792184 0.054957941 0.448080093 0.003364405 -0.015480078 0.002026182 0.999872446
1773244931.168327 -0.055886574 0.055632524 0.448169380 0.004252316 -0.014659666 0.001339608 0.999882579
1773244931.209255 -0.055352621 0.055561058 0.450717777 0.003714263 -0.015098657 0.001584571 0.999877870
1773244931.234838 -0.054824352 0.056111872 0.451766968 0.004129644 -0.015778782 0.001249906 0.999866188
1773244931.272989 -0.053688813 0.055782624 0.453431308 0.003477039 -0.016947165 0.001646328 0.999848962
1773244931.301023 -0.053148843 0.054882653 0.450762004 0.003233622 -0.017151348 0.001333204 0.999846816
1773244931.344387 -0.053364292 0.055352472 0.451618999 0.003831357 -0.016925056 0.001102237 0.999848843
1773244931.368306 -0.052900579 0.055213295 0.452898651 0.003205397 -0.017295338 0.000925151 0.999844849
1773244931.403054 -0.053579018 0.055663988 0.453541100 0.003479540 -0.016238058 0.001407494 0.999861121
1773244931.441310 -0.053037584 0.055207472 0.455109417 0.002874060 -0.016359251 0.001026852 0.999861538
1773244931.468531 -0.052561417 0.055213764 0.456551224 0.003091779 -0.016384387 0.001606305 0.999859691
1773244931.507484 -0.053102866 0.055505686 0.457346737 0.003243213 -0.015401090 0.000760236 0.999875844
1773244931.534997 -0.052977867 0.055968627 0.457805783 0.003922897 -0.015181453 0.000769508 0.999876738
1773244931.568600 -0.053007122 0.056032173 0.458895683 0.003672890 -0.014163261 0.000849388 0.999892592
1773244931.607488 -0.052525464 0.055645466 0.460338116 0.003155508 -0.013979253 0.001005912 0.999896765
1773244931.635663 -0.053237621 0.056788851 0.461110413 0.004511807 -0.012462018 -0.000141920 0.999912143
1773244931.674969 -0.053184092 0.056852322 0.462099910 0.004449916 -0.011955872 0.000326885 0.999918580
1773244931.702428 -0.053742796 0.056649793 0.463059485 0.003997902 -0.010279682 0.000396023 0.999939084
1773244931.741488 -0.053462591 0.056807946 0.464260519 0.003749884 -0.009494518 0.000442955 0.999947786
1773244931.768735 -0.053214312 0.056787051 0.465740800 0.004101767 -0.008684452 -0.000172319 0.999953866
1773244931.802331 -0.053299796 0.057123169 0.466662198 0.004318189 -0.008014056 -0.000276529 0.999958515
1773244931.841752 -0.053108696 0.057216752 0.467880875 0.004108723 -0.007187553 -0.000449847 0.999965608
1773244931.867573 -0.052971058 0.057312503 0.469088793 0.004071250 -0.006636375 -0.000263648 0.999969661
1773244931.908853 -0.053698096 0.057673693 0.469696939 0.004595991 -0.005249511 -0.000151369 0.999975681
1773244931.935939 -0.053561229 0.058317050 0.471080542 0.005057241 -0.004510634 -0.001657962 0.999975681
1773244931.977978 -0.052485317 0.058021903 0.472159892 0.004671612 -0.004833082 -0.001504455 0.999976277
1773244932.002146 -0.052375734 0.057891946 0.473369211 0.004275744 -0.004186975 -0.001542202 0.999980927
1773244932.034839 -0.052314695 0.058097903 0.474725753 0.004069918 -0.003471767 -0.001676634 0.999984264
1773244932.074455 -0.052638721 0.057762615 0.475594461 0.003839580 -0.002243305 -0.000906315 0.999989688
1773244932.102627 -0.053369645 0.058128905 0.475755274 0.003712645 -0.000828240 -0.000880784 0.999992371
1773244932.142255 -0.053211823 0.058090094 0.477160543 0.003847604 0.000004297 -0.000595610 0.999992430
1773244932.168863 -0.053192161 0.058347832 0.478035748 0.003770784 0.000408613 -0.000806319 0.999992490
1773244932.203954 -0.052582268 0.058278285 0.479696363 0.003598200 0.000542269 -0.000849001 0.999993026
1773244932.249994 -0.053096730 0.058926497 0.480202675 0.004070112 0.001448859 -0.002361663 0.999987841
1773244932.269934 -0.052754406 0.059195071 0.481769443 0.004277519 0.001924892 -0.002010717 0.999987006
1773244932.309427 -0.052786056 0.059117742 0.482671708 0.004106440 0.002184192 -0.002163473 0.999986827
1773244932.336782 -0.054306909 0.059591305 0.482587814 0.004210399 0.004413132 -0.002333412 0.999978662
1773244932.378246 -0.052819151 0.059391923 0.484320372 0.004140127 0.003498795 -0.002104129 0.999983072
1773244932.404588 -0.052836895 0.059457533 0.485468745 0.003634003 0.004097733 -0.001752391 0.999983490
1773244932.436956 -0.053055912 0.059749942 0.486387432 0.004194927 0.004939249 -0.002565420 0.999975681
1773244932.476986 -0.052984297 0.059621539 0.487349331 0.003282174 0.004804425 -0.002151546 0.999980748
1773244932.502823 -0.053388830 0.059841663 0.488385767 0.003858344 0.005944244 -0.002164804 0.999972522
1773244932.543288 -0.053007241 0.059717245 0.490069360 0.003229853 0.005889778 -0.001656165 0.999976039
1773244932.569984 -0.053616792 0.059965905 0.490793377 0.003499853 0.007083326 -0.001864147 0.999967039
1773244932.603168 -0.052996039 0.060392372 0.491954595 0.004205766 0.006826965 -0.002837947 0.999963820
1773244932.643013 -0.052030124 0.060596831 0.493669719 0.004128219 0.005759320 -0.003056341 0.999970198
1773244932.670153 -0.052025162 0.060789049 0.494882524 0.004559590 0.006093782 -0.003238783 0.999965787
1773244932.709546 -0.052851647 0.060739532 0.495353043 0.004138378 0.007516042 -0.002797485 0.999959230
1773244932.735752 -0.052722413 0.060855024 0.496808320 0.004248317 0.007616119 -0.002112887 0.999959707
1773244932.774749 -0.052685000 0.061139267 0.498056173 0.004515201 0.007841716 -0.002849383 0.999954998
1773244932.803298 -0.052524846 0.061222009 0.499291807 0.004415750 0.007700462 -0.002920794 0.999956310
1773244932.836532 -0.053434268 0.061523937 0.499850601 0.004281824 0.008515521 -0.002551611 0.999951303
1773244932.876600 -0.052932493 0.061973438 0.501199245 0.004837723 0.007509193 -0.003460725 0.999954104
1773244932.902254 -0.053112052 0.061840173 0.502389371 0.004533863 0.007104919 -0.003171972 0.999959469
1773244932.943737 -0.053183228 0.061910901 0.503468454 0.004403499 0.006765211 -0.002231740 0.999964952
1773244932.977918 -0.053453464 0.061963532 0.504335165 0.004304090 0.006424026 -0.001883889 0.999968350
1773244933.002860 -0.053258915 0.062031392 0.505600333 0.003859754 0.005353953 -0.001552408 0.999976993
1773244933.041822 -0.053408165 0.062355913 0.506838799 0.004228325 0.004538781 -0.001729770 0.999979258
1773244933.068991 -0.053275887 0.062437907 0.509353757 0.003677118 0.002913357 -0.001754353 0.999987483
1773244933.109372 -0.053633254 0.062452290 0.510331154 0.003558777 0.001850408 -0.001479733 0.999990880
1773244933.136477 -0.053413212 0.062422879 0.511746049 0.003241599 0.000487902 -0.000948263 0.999994218
1773244933.176216 -0.053674318 0.062696688 0.512819350 0.003634672 -0.000480359 -0.000980713 0.999992788
1773244933.203699 -0.053803924 0.062852219 0.514117897 0.003761720 -0.001693745 -0.001148634 0.999990821
1773244933.237526 -0.053797539 0.063241348 0.514942765 0.003876014 -0.003072730 -0.001110068 0.999987125
1773244933.277181 -0.053868558 0.062965102 0.516102791 0.004029531 -0.004235936 -0.000242691 0.999982893
1773244933.302725 -0.053760711 0.063109629 0.517284155 0.003971900 -0.005690897 -0.000548469 0.999975801
1773244933.343745 -0.053811967 0.063442290 0.518132329 0.004388934 -0.006977183 -0.000597120 0.999965847
1773244933.370249 -0.053709053 0.063208923 0.519323647 0.003960184 -0.008371452 -0.000055967 0.999957085
1773244933.404004 -0.053544722 0.063653581 0.520569444 0.004257026 -0.009594427 -0.000085826 0.999944925
1773244933.443002 -0.054241795 0.063856028 0.521445990 0.004649760 -0.010139318 -0.000198390 0.999937773
1773244933.470993 -0.053457886 0.063687585 0.522794068 0.004474934 -0.012434160 0.000064998 0.999912679
1773244933.510156 -0.053985395 0.064467177 0.524262190 0.005137156 -0.013403657 -0.000592268 0.999896765
1773244933.537788 -0.053563952 0.063461713 0.525676072 0.003432217 -0.015400797 0.000537201 0.999875367
1773244933.576199 -0.053916633 0.064260043 0.526445925 0.004492964 -0.016006099 0.000149222 0.999861777
1773244933.604008 -0.054961883 0.064316854 0.526994169 0.004344574 -0.016231218 0.000673357 0.999858558
1773244933.637968 -0.054884728 0.064299032 0.528846145 0.003816879 -0.017822191 0.000790628 0.999833584
1773244933.678212 -0.055359803 0.063833006 0.529714942 0.003435576 -0.018485542 0.001046882 0.999822676
1773244933.704532 -0.054869138 0.064366072 0.531203806 0.003637477 -0.020508971 0.001207654 0.999782324
1773244933.744820 -0.054918081 0.063740030 0.532849729 0.002762301 -0.021548003 0.001780729 0.999762416
1773244933.771575 -0.054678693 0.064001657 0.534298062 0.002993440 -0.022783076 0.001893128 0.999734163
1773244933.805061 -0.055408798 0.064375885 0.535179794 0.003443543 -0.022974836 0.001511354 0.999728978
1773244933.843364 -0.055526264 0.064236604 0.536285162 0.002738382 -0.023372328 0.001842925 0.999721348
1773244933.870141 -0.054965213 0.064817384 0.538213611 0.003542075 -0.024311973 0.001307735 0.999697268
1773244933.911223 -0.055652380 0.064302817 0.538952827 0.002870181 -0.023952063 0.001571670 0.999707758
1773244933.938288 -0.055912554 0.064786516 0.540058255 0.003035882 -0.023418706 0.001840858 0.999719441
1773244933.977334 -0.055911005 0.065079249 0.541209996 0.003146109 -0.023343217 0.001734411 0.999721050
1773244934.005025 -0.055641461 0.064883202 0.542799234 0.002979863 -0.023213174 0.001115311 0.999725461
1773244934.037663 -0.056032181 0.065747544 0.544056952 0.003629841 -0.022901015 0.001285243 0.999730349
1773244934.077333 -0.056952190 0.065164842 0.544939518 0.002661612 -0.021671906 0.001596612 0.999760330
1773244934.110665 -0.056589868 0.065812223 0.546539545 0.003332773 -0.022249382 0.001224286 0.999746144
1773244934.143857 -0.057196431 0.065657824 0.547198296 0.003230681 -0.021601466 0.001281427 0.999760628
1773244934.172141 -0.056823529 0.065676846 0.548796237 0.002711723 -0.021971073 0.001531805 0.999753714
1773244934.205319 -0.057205331 0.065483697 0.549527228 0.002741050 -0.021751994 0.001481131 0.999758542
1773244934.245339 -0.058177926 0.064705729 0.550147474 0.001512284 -0.020548744 0.001707864 0.999786258
1773244934.271108 -0.058323577 0.063785389 0.551402271 -0.000028597 -0.020342927 0.002461118 0.999790013
1773244934.311436 -0.058681220 0.063301340 0.552396894 -0.000396880 -0.020055024 0.002693556 0.999795198
1773244934.337925 -0.058400091 0.065506138 0.553683102 0.001652035 -0.020664100 0.001562000 0.999783874
1773244934.379245 -0.058462173 0.065580070 0.554057181 0.002100341 -0.020724174 0.000565317 0.999782860
1773244934.405516 -0.058321342 0.066724375 0.555028796 0.002924976 -0.021003362 0.001109459 0.999774516
1773244934.438668 -0.059455641 0.065648504 0.556246221 0.001754162 -0.019712761 0.001353494 0.999803245
1773244934.478871 -0.060411029 0.065717690 0.556898057 0.002047461 -0.019285224 0.001119053 0.999811292
1773244934.505576 -0.060146514 0.065797925 0.558391213 0.001615869 -0.019682312 0.000943011 0.999804497
1773244934.545054 -0.059323706 0.067804247 0.560577035 0.003965091 -0.020749953 0.000543149 0.999776661
1773244934.573306 -0.060670368 0.067024007 0.560429990 0.002792215 -0.018726945 0.001085109 0.999820113
1773244934.605810 -0.058960889 0.067800760 0.564981222 0.003005036 -0.020563928 0.001530957 0.999782860
1773244934.645000 -0.059335597 0.067801759 0.565995514 0.002788801 -0.019979561 0.001533535 0.999795318
1773244934.672454 -0.059403416 0.067265876 0.567472637 0.001458717 -0.020093052 0.001996126 0.999795079
1773244934.711549 -0.059678476 0.067622721 0.568819821 0.002053452 -0.019698227 0.001950144 0.999801934
1773244934.739344 -0.061090961 0.067938365 0.569246054 0.002474476 -0.018718608 0.000611087 0.999821544
1773244934.777650 -0.061177932 0.067548789 0.570605695 0.001655461 -0.018846260 0.001138415 0.999820352
1773244934.805825 -0.061110396 0.067636549 0.569995344 0.001525553 -0.019512540 0.000981303 0.999807954
1773244934.839460 -0.061273914 0.067828730 0.571253002 0.001510809 -0.019801456 0.001098057 0.999802172
1773244934.879447 -0.061873540 0.068477474 0.574221373 0.001781211 -0.019419635 0.001551514 0.999808609
1773244934.905607 -0.062327623 0.068736330 0.575295746 0.002030378 -0.019663375 0.001328304 0.999803722
1773244934.945752 -0.062944472 0.069210127 0.575860322 0.002437653 -0.019105114 0.000588681 0.999814332
1773244934.972908 -0.062914170 0.068617515 0.577334166 0.001441895 -0.019219821 0.001770949 0.999812663
1773244935.006365 -0.062578097 0.068713084 0.578807712 0.001354379 -0.019711832 0.001552871 0.999803603
1773244935.047724 -0.063336901 0.068641439 0.579663694 0.001029640 -0.019123657 0.001276429 0.999815822
1773244935.072026 -0.063156396 0.069510981 0.580913424 0.001921496 -0.019747326 0.000686184 0.999802947
1773244935.112510 -0.062733725 0.069911867 0.582624495 0.001995809 -0.020581020 0.000970611 0.999785721
1773244935.139586 -0.062239610 0.069449268 0.584730387 0.000808632 -0.021472676 0.001926878 0.999767244
1773244935.179312 -0.063308641 0.069643177 0.585020125 0.001309848 -0.020447696 0.001497672 0.999788940
1773244935.205674 -0.063812681 0.069108255 0.585889280 0.000255438 -0.019987630 0.001770933 0.999798596
1773244935.239441 -0.063921504 0.069184326 0.586726367 0.000272171 -0.020201741 0.002394598 0.999793053
1773244935.278574 -0.063925177 0.069963202 0.587919235 0.000948348 -0.020467754 0.002024394 0.999787986
1773244935.306116 -0.064071298 0.069830097 0.588950813 0.000771506 -0.020652967 0.002037183 0.999784350
1773244935.348035 -0.064057693 0.070155226 0.589706302 0.000923416 -0.021190414 0.001898272 0.999773204
1773244935.372705 -0.064396024 0.070007488 0.590915859 0.000381962 -0.021000521 0.001743509 0.999777853
1773244935.406871 -0.065042786 0.070025191 0.591361284 0.000582242 -0.020500720 0.001648986 0.999788284
1773244935.445857 -0.064604245 0.070598707 0.592478693 0.001117114 -0.021187402 0.001345197 0.999773979
1773244935.473191 -0.064899497 0.069992825 0.593331516 0.000364918 -0.021270474 0.001500204 0.999772549
1773244935.514756 -0.064655043 0.070484675 0.594750524 0.000508862 -0.021890527 0.002243389 0.999757707
1773244935.550698 -0.066134185 0.070408404 0.594663441 0.000552453 -0.020318165 0.001317587 0.999792516
1773244935.580874 -0.065776572 0.070974730 0.596788585 0.000627575 -0.021068769 0.001028153 0.999777317
1773244935.606444 -0.066240080 0.071010187 0.597672701 0.000931846 -0.020849215 0.001108875 0.999781609
1773244935.640406 -0.066656411 0.070854336 0.597647905 0.000958247 -0.020735988 0.000597149 0.999784350
1773244935.679885 -0.066587023 0.071056828 0.599774539 0.000604421 -0.021233311 0.000612680 0.999774158
1773244935.707087 -0.067251146 0.070796452 0.599439859 0.000428193 -0.020626057 0.001191708 0.999786437
1773244935.745763 -0.067133427 0.071207993 0.601527870 0.000418757 -0.021052707 0.001703281 0.999776840
1773244935.772844 -0.067298956 0.071714036 0.602670074 0.001296801 -0.021272209 0.001233896 0.999772131
1773244935.807465 -0.067520931 0.071272500 0.603973567 0.000448198 -0.021350151 0.001250360 0.999771178
1773244935.846978 -0.067494191 0.071552873 0.604889870 0.000729934 -0.021751536 0.001513144 0.999761999
1773244935.873084 -0.068132930 0.071607590 0.605591714 0.000466856 -0.021172857 0.001300951 0.999774873
1773244935.911901 -0.067929670 0.071580119 0.606658638 0.000212488 -0.021530863 0.001058893 0.999767601
1773244935.940805 -0.068339497 0.071447790 0.607674956 0.000122513 -0.021124216 0.001108095 0.999776244
1773244935.979802 -0.067890517 0.071346626 0.608545005 -0.000141299 -0.021665927 0.001367179 0.999764323
1773244936.007487 -0.067538299 0.070835382 0.609765947 -0.000721480 -0.022206776 0.001438326 0.999752045
1773244936.040168 -0.067736626 0.072347276 0.611657560 0.000442093 -0.022637893 0.001071076 0.999743044
1773244936.088962 -0.068199515 0.072711304 0.612039566 0.000674631 -0.022421652 0.001070115 0.999747753
1773244936.108392 -0.068159111 0.072239123 0.612826288 0.000168594 -0.022545280 0.001162085 0.999745131
1773244936.151924 -0.069478005 0.072735950 0.613936543 0.000341022 -0.021550899 0.000830657 0.999767303
1773244936.179525 -0.069544628 0.072700419 0.614534318 0.000636513 -0.021518629 0.000840363 0.999767900
1773244936.218813 -0.068820402 0.071660094 0.615825057 -0.001469537 -0.022691436 0.001892772 0.999739647
1773244936.240618 -0.069886148 0.072318122 0.616059005 -0.000383229 -0.021843748 0.000999096 0.999760866
1773244936.274713 -0.068852723 0.072648644 0.617905855 -0.000537950 -0.023252485 0.001488757 0.999728382
1773244936.312087 -0.070390694 0.072760805 0.618179560 -0.000344427 -0.021692796 0.001190599 0.999763906
1773244936.340709 -0.071201719 0.073549621 0.619008243 0.000218140 -0.021250542 0.000601464 0.999773979
1773244936.380307 -0.071199924 0.073698103 0.620143831 0.000764152 -0.021081598 0.000069971 0.999777496
1773244936.408135 -0.070864730 0.073161408 0.621279061 -0.000562967 -0.021693701 0.001071181 0.999763906
1773244936.440072 -0.071347550 0.073024027 0.621940970 -0.000728203 -0.021279968 0.000929806 0.999772847
1773244936.480576 -0.071687952 0.073938161 0.622888505 0.000244455 -0.021297226 0.001167293 0.999772489
1773244936.507327 -0.071596280 0.072187230 0.623462677 -0.001949045 -0.021654006 0.000772815 0.999763310
1773244936.547657 -0.072384916 0.072961964 0.624787092 -0.000721210 -0.021226954 0.000904511 0.999773979
1773244936.574664 -0.073670194 0.072386473 0.625155330 -0.001984969 -0.020119153 0.000847618 0.999795258
1773244936.613948 -0.073815115 0.072175555 0.626018643 -0.002124019 -0.020082520 0.000077573 0.999796093
1773244936.641452 -0.072703227 0.071573414 0.627839625 -0.003640575 -0.021373130 0.001332392 0.999764085
1773244936.674932 -0.071891211 0.073076867 0.629030406 -0.001908617 -0.022439072 0.001661677 0.999745011
1773244936.714386 -0.072918013 0.072843716 0.629744291 -0.002235832 -0.021698581 0.000864077 0.999761701
1773244936.741773 -0.072432116 0.073658355 0.630786657 -0.001398446 -0.022092994 0.001651390 0.999753594
1773244936.781302 -0.070344821 0.073492527 0.632268965 -0.001566220 -0.024982283 0.001858267 0.999684930
1773244936.807655 -0.070907056 0.073469780 0.632967114 -0.001838363 -0.024818229 0.001793689 0.999688685
1773244936.841767 -0.071051277 0.074241079 0.634697020 -0.001255999 -0.024756823 0.002066154 0.999690592
1773244936.879941 -0.071772680 0.075022958 0.635165691 -0.000551290 -0.024343038 0.002333702 0.999700785
1773244936.908046 -0.072448246 0.073668122 0.635783494 -0.002043054 -0.023609214 0.002141675 0.999716878
1773244936.948505 -0.071119651 0.074541382 0.637546957 -0.001635976 -0.025761746 0.002449846 0.999663770
1773244936.974656 -0.071272396 0.074692622 0.638513505 -0.001238385 -0.026010500 0.002389303 0.999658048
1773244937.014463 -0.072335325 0.075112790 0.638822377 -0.001008262 -0.024829872 0.001869730 0.999689400
1773244937.041101 -0.073263116 0.075154684 0.639804959 -0.000711436 -0.024289580 0.002005226 0.999702692
1773244937.076087 -0.073962718 0.075350940 0.640716553 -0.000728339 -0.023738496 0.002265148 0.999715388
1773244937.115070 -0.071942210 0.076882139 0.644605696 0.000714211 -0.026891949 0.003019925 0.999633491
1773244937.147351 -0.071908697 0.076763317 0.645531118 0.000754552 -0.027118793 0.002729576 0.999628186
1773244937.181056 -0.073186971 0.075923264 0.646184325 -0.000515034 -0.026260197 0.002817106 0.999651015
1773244937.208625 -0.072400004 0.076424502 0.647319496 0.000256815 -0.027548438 0.002561607 0.999617159
1773244937.241206 -0.072609752 0.076510601 0.648127735 -0.000074484 -0.027678700 0.002791800 0.999612987
1773244937.280940 -0.072649911 0.076824836 0.648758709 0.000539688 -0.027772378 0.002843017 0.999610066
1773244937.308447 -0.072899297 0.076420225 0.649545491 -0.000040887 -0.027741812 0.003237224 0.999609888
1773244937.349207 -0.072381303 0.076746464 0.650194943 0.000448816 -0.028922942 0.002669173 0.999577999
1773244937.375371 -0.073104650 0.075947575 0.651230335 -0.001229184 -0.028332632 0.003449106 0.999591827
1773244937.414640 -0.073111273 0.076497696 0.652031779 -0.000408250 -0.028693825 0.003245870 0.999582887
1773244937.441683 -0.073242649 0.075881831 0.652963221 -0.001138513 -0.028832572 0.003207137 0.999578416
1773244937.475092 -0.073392808 0.075201862 0.653880060 -0.002164002 -0.028977253 0.003832796 0.999570370
1773244937.514986 -0.072982430 0.075774595 0.654436111 -0.001290692 -0.029923502 0.003642716 0.999544680
1773244937.542714 -0.074751735 0.078052014 0.655486524 0.001350136 -0.028623397 0.003213232 0.999584198
1773244937.582903 -0.074363001 0.077813461 0.656685233 0.000681506 -0.029429452 0.003014440 0.999562085
1773244937.608037 -0.073016353 0.077592507 0.657348156 0.001007520 -0.031572312 0.002792777 0.999497056
1773244937.642612 -0.074597731 0.078080021 0.657339752 0.001259103 -0.030063640 0.003188881 0.999542058
1773244937.682109 -0.074614272 0.078519061 0.659265041 0.001635258 -0.030642884 0.002890230 0.999524891
1773244937.709450 -0.073741063 0.078526519 0.660625935 0.000962727 -0.032148231 0.003127747 0.999477744
1773244937.750133 -0.075517595 0.078404859 0.660874009 0.000961259 -0.030191867 0.003089803 0.999538898
1773244937.775697 -0.075136602 0.077954136 0.661624610 0.000288302 -0.031214749 0.003179495 0.999507606
1773244937.816054 -0.075503252 0.078740798 0.662255406 0.001599963 -0.031493660 0.002601467 0.999499261
1773244937.842053 -0.076139092 0.079205394 0.663109541 0.001858994 -0.031288207 0.002980483 0.999504268
1773244937.876171 -0.075534016 0.079263359 0.664113939 0.002019858 -0.032577772 0.002667041 0.999463618
1773244937.916325 -0.075085089 0.079703450 0.665346265 0.002105522 -0.033721257 0.002862043 0.999424994
1773244937.941772 -0.076917224 0.078772016 0.665367067 0.001220471 -0.031727143 0.002986853 0.999491394
1773244937.982266 -0.075712949 0.078943171 0.667234778 0.001165936 -0.033911433 0.003212517 0.999419034
1773244938.009925 -0.075953312 0.079533890 0.667896032 0.002300095 -0.034145012 0.002950911 0.999409914
1773244938.048275 -0.076353103 0.078986578 0.668592930 0.000940034 -0.034493532 0.003753822 0.999397457
1773244938.076630 -0.076920874 0.079457864 0.669583738 0.001933337 -0.034266867 0.002355236 0.999408126
1773244938.109764 -0.076624259 0.080034263 0.670719385 0.002518140 -0.035155859 0.003190067 0.999373615
1773244938.150010 -0.077551916 0.080410242 0.671472907 0.002979618 -0.034440935 0.002933898 0.999397993
1773244938.184223 -0.077087417 0.080609120 0.672642469 0.002815908 -0.035714228 0.002842980 0.999354064
1773244938.216513 -0.077369124 0.080066681 0.673429728 0.002186408 -0.035178643 0.003570694 0.999372244
1773244938.243304 -0.076850168 0.080581419 0.674897373 0.002100045 -0.036489330 0.003600455 0.999325335
1773244938.277193 -0.078460068 0.080161586 0.675203860 0.002257757 -0.035405774 0.003378758 0.999364793
1773244938.317567 -0.078363925 0.080463462 0.676428258 0.002294111 -0.036571480 0.003293243 0.999322951
1773244938.343747 -0.078209274 0.080649704 0.677109778 0.002615293 -0.037532389 0.003176340 0.999286950
1773244938.382935 -0.078630902 0.079902604 0.677974582 0.001245056 -0.037763510 0.003471674 0.999279916
1773244938.410566 -0.079043716 0.079509914 0.679028630 0.000732960 -0.038101241 0.003886587 0.999266028
1773244938.453274 -0.078208409 0.081179418 0.680388093 0.002888313 -0.040118858 0.003635857 0.999184132
1773244938.479792 -0.078461975 0.082409345 0.681267083 0.004390060 -0.040590562 0.003550698 0.999159932
1773244938.510324 -0.078890756 0.081193872 0.682215810 0.002443860 -0.041138414 0.004120592 0.999141991
1773244938.549903 -0.078019753 0.081640899 0.683468521 0.003164480 -0.043274857 0.004208270 0.999049306
1773244938.576288 -0.079024099 0.082561135 0.684200943 0.004407198 -0.043348853 0.003700897 0.999043405
1773244938.615691 -0.079137959 0.082272395 0.685204327 0.003867375 -0.044171754 0.003975688 0.999008536
1773244938.644212 -0.079263166 0.081987701 0.686300039 0.003824564 -0.045058016 0.003904063 0.998969436
1773244938.676401 -0.080851182 0.081247643 0.686253190 0.002380248 -0.044825144 0.004700457 0.998980939
1773244938.714772 -0.080745824 0.081528910 0.687430322 0.003374505 -0.046036575 0.004798310 0.998922527
1773244938.743347 -0.080453888 0.081926584 0.688924015 0.003440289 -0.047439624 0.004687018 0.998857141
1773244938.783026 -0.080610089 0.081855968 0.689577460 0.003325114 -0.048499472 0.004578251 0.998807192
1773244938.810203 -0.080725916 0.081980892 0.690363944 0.003318389 -0.049785294 0.004628569 0.998743713
1773244938.850782 -0.081250668 0.081357159 0.690887570 0.002654107 -0.050734024 0.005479231 0.998693645
1773244938.877202 -0.080553740 0.082083330 0.692173779 0.003658136 -0.052828640 0.005436260 0.998582125
1773244938.911284 -0.079737127 0.081490792 0.693620145 0.002585704 -0.055073954 0.005842512 0.998461843
1773244938.950550 -0.080416702 0.081823528 0.694427967 0.002996165 -0.055867363 0.006586306 0.998412013
1773244938.987129 -0.080030136 0.081505336 0.695697248 0.002809115 -0.058295388 0.006314261 0.998275459
1773244939.016169 -0.081116773 0.083596818 0.696139216 0.005170867 -0.059091426 0.006191105 0.998219967
1773244939.043717 -0.082538150 0.084001727 0.696198583 0.006025205 -0.059533469 0.006195439 0.998188913
1773244939.076894 -0.083367117 0.085234590 0.697056353 0.007558787 -0.060825292 0.006397937 0.998099327
1773244939.116337 -0.082458146 0.083977066 0.698527336 0.005947662 -0.064187072 0.006630767 0.997898102
1773244939.144803 -0.083790109 0.082838774 0.698853016 0.004552071 -0.064746477 0.006406427 0.997870803
1773244939.183824 -0.083976805 0.083483443 0.700142980 0.005358081 -0.066980124 0.006717615 0.997717261
1773244939.211498 -0.085017547 0.083579794 0.700384259 0.005175597 -0.068200149 0.007036377 0.997633398
1773244939.249498 -0.084369838 0.083915934 0.701742113 0.005186290 -0.071501583 0.007905486 0.997395635
1773244939.277592 -0.086251274 0.084183037 0.702187300 0.005814333 -0.071936198 0.007511482 0.997364044
1773244939.311603 -0.082921594 0.084039479 0.704609513 0.005028577 -0.079193175 0.008764545 0.996808052
1773244939.350777 -0.083586901 0.084402867 0.705585778 0.005396922 -0.080959521 0.008706100 0.996664762
1773244939.379576 -0.083871871 0.084746666 0.706144750 0.006094520 -0.083219580 0.008661922 0.996474981
1773244939.417128 -0.084348977 0.085018575 0.706886649 0.006092654 -0.085782237 0.009691932 0.996248126
1773244939.445136 -0.084982060 0.085157640 0.707369268 0.006314686 -0.087494493 0.009571347 0.996098995
1773244939.477280 -0.086115614 0.085387513 0.707878470 0.007335208 -0.089230843 0.009300074 0.995940566
1773244939.516560 -0.087636739 0.085578561 0.708372176 0.006911625 -0.090107903 0.009488949 0.995862842
1773244939.543358 -0.088141061 0.085837118 0.708914995 0.007633684 -0.092421420 0.010506889 0.995635271
1773244939.583844 -0.088561118 0.086101905 0.709639668 0.007129150 -0.095100775 0.010719946 0.995384395
1773244939.611719 -0.088633716 0.086511716 0.710228741 0.008331166 -0.097712412 0.010946463 0.995119631
1773244939.651085 -0.088999316 0.086617447 0.711063266 0.007748142 -0.100279920 0.011633963 0.994861066
1773244939.677794 -0.089276910 0.087045632 0.711591899 0.009344007 -0.102986768 0.010321090 0.994585276
1773244939.710922 -0.089600384 0.087149113 0.712004185 0.008459049 -0.105445907 0.011893089 0.994317949
1773244939.750834 -0.088219970 0.087521568 0.712856233 0.009642787 -0.110405989 0.012297486 0.993763685
1773244939.778134 -0.089100257 0.087624177 0.713604987 0.009004478 -0.112740502 0.012967068 0.993499041
1773244939.816467 -0.088360295 0.086372398 0.715525508 0.007578170 -0.116885647 0.013393314 0.993026197
1773244939.844626 -0.088937365 0.086562581 0.715879977 0.007493102 -0.119219489 0.013559660 0.992747068
1773244939.878064 -0.089053527 0.086630583 0.716251552 0.007583261 -0.122096181 0.014823511 0.992378592
1773244939.917594 -0.088616319 0.086711399 0.717352390 0.007561084 -0.126479089 0.014455872 0.991835117
1773244939.945820 -0.089916863 0.087288432 0.718194902 0.007872264 -0.128852323 0.014806751 0.991521955
1773244939.985359 -0.089980774 0.087343469 0.718523800 0.007869947 -0.132138610 0.015492461 0.991078913
1773244940.011508 -0.090332448 0.087322935 0.718965113 0.007541370 -0.135244250 0.015616327 0.990660489
1773244940.051401 -0.090022899 0.087132275 0.720004976 0.008030494 -0.139106050 0.016147936 0.990113258
1773244940.079932 -0.090685844 0.087176509 0.720187902 0.007176039 -0.141944572 0.016680010 0.989708066
1773244940.112483 -0.090695180 0.087786905 0.720283747 0.008192276 -0.145512983 0.016976412 0.989176750
1773244940.151962 -0.090652339 0.086322874 0.722327411 0.005955843 -0.150160462 0.017650938 0.988486111
1773244940.178203 -0.090561137 0.088332169 0.723099649 0.008950986 -0.154344797 0.018117273 0.987810373
1773244940.220313 -0.091910660 0.086604483 0.723751009 0.006439729 -0.156549707 0.018755088 0.987470984
1773244940.245919 -0.092198819 0.088125363 0.724369347 0.008258728 -0.160542861 0.018888038 0.986813545
1773244940.280297 -0.091820166 0.086832836 0.726115882 0.006853959 -0.166128680 0.019485433 0.985887706
1773244940.320815 -0.092244700 0.087554120 0.726007283 0.007748948 -0.169610083 0.019941844 0.985279024
1773244940.345612 -0.092541531 0.087729529 0.725821614 0.008017340 -0.172684133 0.020497274 0.984731317
1773244940.385966 -0.092168182 0.087982133 0.727887809 0.008027967 -0.178704172 0.021452110 0.983636200
1773244940.412945 -0.092245162 0.088855699 0.727778733 0.009534905 -0.182724312 0.020871539 0.982896388
1773244940.451632 -0.092473090 0.089600854 0.729634702 0.010460023 -0.187639356 0.021407792 0.981948972
1773244940.480415 -0.093009472 0.089062795 0.729696333 0.009668815 -0.191735744 0.022518801 0.981140614
1773244940.513542 -0.094457597 0.088240907 0.729127884 0.008110232 -0.194109455 0.023972332 0.980653405
1773244940.552744 -0.094917625 0.088483118 0.730016410 0.008549920 -0.198605075 0.024138039 0.979744971
1773244940.578422 -0.094106585 0.088405043 0.731066346 0.008246268 -0.204943910 0.024155388 0.978440881
1773244940.620089 -0.095322102 0.088851541 0.731048405 0.008915855 -0.208041519 0.025107089 0.977757037
1773244940.646229 -0.095315963 0.088822842 0.731338203 0.008581585 -0.212629601 0.025861245 0.976752877
1773244940.678666 -0.094457358 0.088678181 0.732437551 0.008694827 -0.218557537 0.025834616 0.975443304
1773244940.718561 -0.094814703 0.088703364 0.732419074 0.008718984 -0.222647682 0.025985375 0.974513590
1773244940.746770 -0.096025914 0.089094743 0.732787073 0.009620812 -0.226931363 0.027417755 0.973477185
1773244940.786009 -0.096050754 0.089127466 0.732611239 0.009118199 -0.230893686 0.028412407 0.972521305
1773244940.812723 -0.095948607 0.089014545 0.732531011 0.008991035 -0.236329615 0.028839918 0.971203208
1773244940.852793 -0.095991910 0.089158878 0.732657492 0.009061335 -0.241112009 0.029781500 0.969997883
1773244940.881459 -0.096724316 0.088238664 0.733997345 0.007971945 -0.246480629 0.029779306 0.968657315
1773244940.913318 -0.097216234 0.087249435 0.734243333 0.006948833 -0.251333058 0.029969910 0.967411637
1773244940.952415 -0.097441778 0.087721370 0.734651089 0.006932308 -0.255882978 0.031948291 0.966154814
1773244940.979782 -0.098047465 0.089368775 0.734291196 0.009214776 -0.260310650 0.031276412 0.964974225
1773244941.020534 -0.098207369 0.090611741 0.735164046 0.010803579 -0.265544325 0.032795589 0.963480115
1773244941.047161 -0.098093271 0.091502666 0.734790981 0.012173828 -0.271424502 0.032202974 0.961843789
1773244941.087936 -0.099340022 0.089375459 0.734348178 0.010016225 -0.275569111 0.032403387 0.960682750
1773244941.113635 -0.099392623 0.090455219 0.734650612 0.011436451 -0.281076461 0.033366643 0.959036946
1773244941.146704 -0.098802149 0.089336410 0.734965801 0.009979854 -0.287718594 0.033550862 0.957075059
1773244941.194726 -0.099088818 0.089230821 0.735446036 0.009831185 -0.293671340 0.034178901 0.955244660
1773244941.213592 -0.098374695 0.088423811 0.734993339 0.008737486 -0.299995095 0.035289954 0.953247726
1773244941.254883 -0.099722058 0.091088340 0.735780001 0.012044363 -0.304875225 0.036874674 0.951601982
1773244941.280165 -0.099885672 0.090424992 0.735638201 0.011080436 -0.309730500 0.036769681 0.950048506
1773244941.314016 -0.100908965 0.088188224 0.735880494 0.008113062 -0.313611358 0.036974527 0.948796570
1773244941.353365 -0.100575060 0.089448459 0.735689759 0.010211417 -0.318615735 0.037204802 0.947098434
1773244941.380795 -0.101113439 0.089165822 0.735094666 0.010171901 -0.322427779 0.037850510 0.945782304
1773244941.419294 -0.099923879 0.089961305 0.736175537 0.010729902 -0.329296201 0.039881438 0.943323016
1773244941.447782 -0.102040887 0.089863226 0.735710621 0.010846805 -0.330632985 0.039331228 0.942877114
1773244941.488551 -0.102304339 0.089707948 0.735832214 0.010539861 -0.334153324 0.039283041 0.941640735
1773244941.514107 -0.102861285 0.089190811 0.734992504 0.009867520 -0.336357206 0.040512647 0.940810919
1773244941.547684 -0.101902217 0.090095825 0.736204505 0.011550166 -0.341940373 0.040611234 0.938772678
1773244941.591102 -0.101855099 0.090695530 0.736269951 0.012412068 -0.345458359 0.039935321 0.937501788
1773244941.620628 -0.102703422 0.089104138 0.735391974 0.010052660 -0.347314656 0.040825233 0.936805606
1773244941.655547 -0.105643153 0.092007235 0.736108899 0.013545549 -0.348881334 0.042074572 0.936123908
1773244941.682196 -0.106228620 0.091635749 0.735983968 0.013476720 -0.351687670 0.041703455 0.935090899
1773244941.714501 -0.105421305 0.091895685 0.736625552 0.013712219 -0.357712060 0.042508818 0.932763159
1773244941.755563 -0.102225184 0.089333981 0.737123907 0.010625488 -0.366453230 0.042608604 0.929399610
1773244941.780917 -0.105268329 0.091179118 0.737252355 0.013399345 -0.368341714 0.043101963 0.928594112
1773244941.818972 -0.105367482 0.091625646 0.737638056 0.013846617 -0.373399764 0.044091415 0.926518679
1773244941.846442 -0.104942441 0.090930477 0.737325907 0.013604176 -0.378468990 0.044117935 0.924461901
1773244941.889503 -0.106424868 0.092376217 0.737143755 0.015102599 -0.382000953 0.044629619 0.922960103
1773244941.914961 -0.107983232 0.094131671 0.737070918 0.017316725 -0.385615975 0.045905050 0.921353996
1773244941.947593 -0.106816798 0.092262670 0.737889290 0.014813071 -0.391902596 0.046039902 0.918734610
1773244941.986665 -0.107219338 0.090148687 0.737294137 0.012335808 -0.396533370 0.046947669 0.916736066
1773244942.014223 -0.107149422 0.091656342 0.737427473 0.014281344 -0.401510686 0.047781050 0.914495587
1773244942.055119 -0.108212650 0.091909193 0.736952782 0.014422274 -0.405713409 0.047969826 0.912626684
1773244942.080873 -0.107755244 0.089221358 0.737753391 0.011443690 -0.410909027 0.047936220 0.910343289
1773244942.114094 -0.107175797 0.088284567 0.738900781 0.009011033 -0.417103350 0.048867166 0.907499611
1773244942.154356 -0.107506871 0.090192184 0.738292575 0.012536967 -0.420965999 0.050025240 0.905609131
1773244942.181922 -0.107745945 0.091216601 0.738132000 0.014200933 -0.424971700 0.049360376 0.903748274
1773244942.221011 -0.109192878 0.090456344 0.737082303 0.013063144 -0.426871955 0.050016567 0.902833343
1773244942.248634 -0.108978540 0.090837367 0.737543762 0.013598294 -0.431331366 0.049826831 0.900713980
1773244942.291502 -0.109469652 0.091115497 0.737986565 0.013624982 -0.434715718 0.051527169 0.898989141
1773244942.315747 -0.109567165 0.091153830 0.738186240 0.013704457 -0.439212412 0.051691134 0.896790206
1773244942.349606 -0.109534979 0.091043815 0.737823069 0.014052349 -0.442435294 0.053175967 0.895112216
1773244942.390249 -0.109471679 0.090388224 0.738286614 0.013140189 -0.447696716 0.053022772 0.892515302
1773244942.421215 -0.109412968 0.086872071 0.739553094 0.008536887 -0.452477843 0.052960459 0.890160739
1773244942.455314 -0.109804332 0.084271498 0.739968657 0.005168383 -0.456434876 0.052750394 0.888176680
1773244942.482173 -0.109883517 0.088345386 0.739521623 0.010250905 -0.461195707 0.053819854 0.885605335
1773244942.514417 -0.110041231 0.087084942 0.739780664 0.009112043 -0.465551674 0.053878728 0.883332193
1773244942.556106 -0.110204786 0.085871875 0.740609527 0.006878837 -0.469376534 0.054912388 0.881262183
1773244942.583737 -0.110353172 0.086846992 0.740682721 0.008625269 -0.473775297 0.054844704 0.878893971
1773244942.621134 -0.110921562 0.086936176 0.742072701 0.008701073 -0.478761524 0.053946827 0.876242757
1773244942.648094 -0.110847235 0.087065920 0.741901040 0.009014921 -0.482479483 0.054692473 0.874151587
1773244942.687887 -0.110549867 0.084499888 0.741452157 0.005651760 -0.485962957 0.056127056 0.872156978
1773244942.713953 -0.110504359 0.084741563 0.741487265 0.006298070 -0.490055948 0.056153174 0.869857669
1773244942.750070 -0.110939890 0.085066959 0.742267549 0.006484346 -0.493919641 0.056107659 0.867671192
1773244942.792567 -0.110670418 0.084940985 0.741777778 0.006531138 -0.496982366 0.057639353 0.865819573
1773244942.819482 -0.110666275 0.084919840 0.741879880 0.006619831 -0.500776947 0.058347102 0.863582194
1773244942.855648 -0.110521019 0.084903955 0.741450250 0.007093194 -0.504409313 0.058510162 0.861450791
1773244942.882338 -0.110553920 0.087886348 0.740960896 0.010186675 -0.508541286 0.058949754 0.858956873
1773244942.915196 -0.110836834 0.087783903 0.741595864 0.010042294 -0.512688279 0.059568971 0.856446981
1773244942.955769 -0.111311376 0.084545396 0.743176043 0.006464464 -0.517334998 0.059055530 0.853718460
1773244942.983098 -0.110556275 0.087328613 0.741018295 0.010221798 -0.521077275 0.060387045 0.851309180
1773244943.020765 -0.111107469 0.087530509 0.742161512 0.009272497 -0.525680661 0.062377878 0.848341227
1773244943.049395 -0.111073285 0.087540746 0.742096424 0.009752875 -0.530593872 0.062068522 0.845294297
1773244943.087813 -0.110748887 0.087854341 0.741373420 0.010954318 -0.535532773 0.062119897 0.842155397
1773244943.114894 -0.110870749 0.088288285 0.741504371 0.011941474 -0.539660037 0.064234309 0.839344025
1773244943.148382 -0.110695422 0.088641793 0.741049170 0.012039557 -0.544127703 0.063583568 0.836502969
1773244943.188726 -0.110320225 0.089316718 0.740282953 0.013272962 -0.547523201 0.063059285 0.834305465
1773244943.216496 -0.110919908 0.090137988 0.740944326 0.013195348 -0.551796019 0.066634119 0.831208169
1773244943.254555 -0.111508325 0.087689184 0.741860151 0.010044234 -0.556346476 0.066365391 0.828235090
1773244943.281460 -0.111250415 0.086815044 0.741906047 0.009790446 -0.560592532 0.065416075 0.825445890
1773244943.316066 -0.111660883 0.083698839 0.742516756 0.005737995 -0.565321982 0.064441390 0.822329283
1773244943.356899 -0.112337217 0.083017915 0.743410707 0.005595922 -0.569819689 0.062879071 0.819341421
1773244943.383818 -0.111369193 0.083419971 0.742498696 0.006606788 -0.573467791 0.063687250 0.816722095
1773244943.427767 -0.112643212 0.083944440 0.743727684 0.006054288 -0.577824056 0.065375090 0.813516319
1773244943.449809 -0.111335546 0.083784714 0.742463470 0.006624862 -0.581604421 0.066153921 0.810750306
1773244943.488511 -0.113383338 0.083886206 0.744467616 0.006461926 -0.586856544 0.066108346 0.806961775
1773244943.515656 -0.112206325 0.085521519 0.743039012 0.009308729 -0.590700805 0.065938227 0.804138064
1773244943.549106 -0.112454250 0.085686766 0.743300736 0.008652762 -0.595560312 0.066593163 0.800498843
1773244943.588673 -0.112656772 0.085581005 0.743460000 0.008767377 -0.599855125 0.067077748 0.797243714
1773244943.616200 -0.112582609 0.085804984 0.743282259 0.009731213 -0.604028940 0.067144945 0.794069171
1773244943.655128 -0.112978265 0.085193619 0.743778348 0.007732732 -0.608162999 0.070584007 0.790630043
1773244943.682122 -0.113147140 0.085830823 0.743870199 0.007752425 -0.612544179 0.071737811 0.787136078
1773244943.717368 -0.113119632 0.086609416 0.743740737 0.009454466 -0.617229581 0.070787050 0.783535242
1773244943.754334 -0.113181904 0.087638594 0.743755460 0.010206817 -0.621231556 0.072483107 0.780200839
1773244943.782483 -0.113754168 0.088887855 0.744136155 0.012329767 -0.625725389 0.073860392 0.776440859
1773244943.824231 -0.113677680 0.088761836 0.744011462 0.011845490 -0.629773259 0.076078840 0.772953629
1773244943.851468 -0.112957895 0.090220913 0.743215978 0.013990209 -0.632904768 0.078055538 0.770157933
1773244943.888674 -0.113782726 0.089843653 0.743962824 0.012549748 -0.636973739 0.079180546 0.766705513
1773244943.916816 -0.113851272 0.090917528 0.743700624 0.012817578 -0.639764190 0.081619143 0.764117658
1773244943.949802 -0.114215456 0.091142632 0.744507134 0.013212297 -0.644621313 0.081870683 0.759990811
1773244943.990923 -0.113985226 0.090273045 0.744113326 0.012120450 -0.647508621 0.081094146 0.757634103
1773244944.017200 -0.114416264 0.089866824 0.744537890 0.011677659 -0.651462674 0.080846988 0.754270375
1773244944.056195 -0.114800707 0.089363717 0.744388521 0.012122734 -0.654139996 0.080236338 0.752008021
1773244944.084176 -0.114887640 0.088474371 0.745219886 0.012068987 -0.657770574 0.078282453 0.749042094
1773244944.117451 -0.114993960 0.088275462 0.745395780 0.012026680 -0.660363436 0.077760234 0.746812522
1773244944.156206 -0.115060106 0.087739326 0.745496988 0.011389144 -0.662745893 0.077217035 0.744765580
1773244944.183441 -0.115208529 0.087251447 0.745742977 0.010557205 -0.665593982 0.076341309 0.742324173
1773244944.222056 -0.115880989 0.087048732 0.746388674 0.013431971 -0.668623090 0.075313643 0.739655733
1773244944.249817 -0.116848260 0.087463722 0.747344315 0.012932322 -0.671318352 0.076126114 0.737135828
1773244944.289758 -0.116227299 0.086501494 0.746876240 0.008755845 -0.673224926 0.075085029 0.735563636
1773244944.317271 -0.116768271 0.086066864 0.747290552 0.011033536 -0.675806880 0.073714539 0.733300388
1773244944.349833 -0.117775306 0.086347729 0.748374939 0.014335157 -0.679671109 0.073708408 0.729663432
1773244944.389256 -0.116523579 0.085006312 0.747251034 0.010575687 -0.681676149 0.072314985 0.727994740
1773244944.416852 -0.116452351 0.084848121 0.747241020 0.009979661 -0.683933735 0.072150670 0.725898981
1773244944.456153 -0.117605366 0.085795268 0.748111665 0.010471468 -0.686713278 0.073759556 0.723100781
1773244944.484313 -0.117782280 0.085948080 0.748378873 0.012006982 -0.689207673 0.074082524 0.720666647
1773244944.516534 -0.118220821 0.085684560 0.748043060 0.011048531 -0.691779554 0.074098386 0.718211889
1773244944.557066 -0.118334845 0.085554302 0.748207331 0.011332517 -0.694493651 0.073734403 0.715620995
1773244944.585054 -0.119499870 0.086055547 0.747813463 0.012001993 -0.697405756 0.075745769 0.712561369
1773244944.623421 -0.120518424 0.086451180 0.746087968 0.011085825 -0.698263228 0.078731857 0.711411834
1773244944.651220 -0.120738685 0.088134378 0.745326340 0.011724912 -0.699918211 0.082885064 0.709300458
1773244944.690214 -0.121972993 0.087798387 0.746246636 0.012187736 -0.704639375 0.082501888 0.704647601
1773244944.716519 -0.122075677 0.087579280 0.746476352 0.011851274 -0.707095623 0.082152992 0.702229440
1773244944.751820 -0.122028261 0.087454915 0.745902658 0.012440040 -0.707740605 0.081935503 0.701594651
1773244944.790188 -0.122816168 0.087386802 0.746635377 0.012321690 -0.711207211 0.082029656 0.698071420
1773244944.817979 -0.123273388 0.088064179 0.746988356 0.012906336 -0.713462830 0.083423719 0.695589483
1773244944.856156 -0.123460308 0.087832250 0.746255219 0.012025358 -0.713941574 0.083674163 0.695083737
1773244944.884512 -0.123129003 0.086847961 0.746826887 0.011757459 -0.716019750 0.081617467 0.693192661
1773244944.918251 -0.123559043 0.087130718 0.746886671 0.012556097 -0.717467844 0.082112491 0.691621065
1773244944.956726 -0.123984113 0.087292038 0.747139335 0.011974384 -0.719351947 0.082665801 0.689605534
1773244944.984586 -0.124066666 0.087458968 0.746812105 0.011784456 -0.719895899 0.083279654 0.688966990
1773244945.024586 -0.125026509 0.087854072 0.747232318 0.012788522 -0.722215474 0.084450848 0.686374068
1773244945.051667 -0.125153989 0.087142020 0.747588456 0.012224008 -0.723923624 0.082658269 0.684801221
1773244945.090144 -0.125109181 0.087658763 0.747265637 0.012688348 -0.723892629 0.083598256 0.684711456
1773244945.118855 -0.126235574 0.086887583 0.748000562 0.013130426 -0.726331294 0.082113348 0.682295978
1773244945.150952 -0.128049254 0.086021580 0.743166804 0.010060139 -0.721668601 0.083054416 0.687164605
1773244945.191884 -0.128990084 0.086854868 0.742141902 0.010409598 -0.721032739 0.086144619 0.687446356
1773244945.218073 -0.129225716 0.087566748 0.741998374 0.010829690 -0.721037090 0.087598138 0.687251627
1773244945.257586 -0.129724413 0.086539961 0.743046463 0.010253600 -0.723297596 0.084678300 0.685248196
1773244945.283642 -0.130537271 0.087521881 0.742321014 0.011291876 -0.722803771 0.087667346 0.685377002
1773244945.318620 -0.131038874 0.086314946 0.742860675 0.010466347 -0.724249780 0.084548138 0.684254646
1773244945.356469 -0.132491976 0.085951291 0.742518425 0.010213180 -0.724325716 0.084246270 0.684215188
1773244945.385015 -0.133201465 0.084659770 0.743446946 0.008610003 -0.726586699 0.081272610 0.682196736
1773244945.424533 -0.133504957 0.085363939 0.742724717 0.010127568 -0.725496233 0.082706407 0.683163464
1773244945.451060 -0.134032384 0.085371740 0.742758393 0.009832920 -0.726049364 0.082548365 0.682599008
1773244945.491056 -0.134808645 0.085281737 0.742718399 0.009594080 -0.726472080 0.082849547 0.682115972
1773244945.518874 -0.135050207 0.085524864 0.742147803 0.010030794 -0.725301206 0.083347946 0.683293998
1773244945.551095 -0.135814950 0.085223325 0.742531836 0.010083310 -0.726185620 0.082469419 0.682459950
1773244945.591413 -0.136168614 0.085010074 0.742178082 0.009658389 -0.725471318 0.082107715 0.683268905
1773244945.617990 -0.137099400 0.085461855 0.742520213 0.009502118 -0.726235867 0.083358467 0.682306826
1773244945.658245 -0.137521848 0.084667876 0.742282271 0.008632469 -0.725603521 0.081653453 0.683196723
1773244945.685887 -0.138213888 0.085375346 0.741476536 0.009177424 -0.723892570 0.083651669 0.684761107
1773244945.725752 -0.139081702 0.084054336 0.742779434 0.010377295 -0.725740910 0.079502828 0.683280230
1773244945.752690 -0.141533881 0.084719308 0.742457569 0.009043070 -0.724807382 0.081996270 0.683994949
1773244945.785346 -0.141889170 0.083601020 0.742510200 0.008204614 -0.724531412 0.079235025 0.684623003
1773244945.827185 -0.141946241 0.081439741 0.742669225 0.005797534 -0.724623501 0.073943801 0.685141921
1773244945.852026 -0.142169133 0.080789641 0.742269516 0.005746754 -0.723882318 0.072069846 0.686124802
1773244945.891356 -0.144616231 0.083776399 0.743926108 0.008229728 -0.727646828 0.079508759 0.681278706
1773244945.918751 -0.146267265 0.086676680 0.744376123 0.010496031 -0.729337215 0.086303659 0.678607881
1773244945.951483 -0.146618590 0.086036697 0.744429946 0.010025430 -0.729402363 0.084158733 0.678814411
1773244945.992636 -0.146575078 0.083301648 0.742690086 0.007816592 -0.727079570 0.078940272 0.681955040
1773244946.019501 -0.146839350 0.082697883 0.742030323 0.006765441 -0.726447880 0.077733502 0.682777584
1773244946.058196 -0.148607433 0.086021639 0.743476033 0.009785466 -0.729852259 0.084824994 0.678251147
1773244946.085533 -0.148413569 0.083319969 0.742069364 0.007862820 -0.728008032 0.079161599 0.680937529
1773244946.124500 -0.151303142 0.086461276 0.745202124 0.010414760 -0.734941006 0.085987255 0.672576725
1773244946.152135 -0.150399819 0.085750312 0.742836535 0.009993286 -0.730888188 0.084334448 0.677192926
1773244946.185128 -0.151563391 0.085648254 0.743658245 0.010168258 -0.733178496 0.084296860 0.674714684
1773244946.226613 -0.152229503 0.085735545 0.742827535 0.010389158 -0.732746601 0.084713317 0.675128222
1773244946.252806 -0.153157681 0.086650416 0.743159890 0.011410846 -0.734085143 0.086860836 0.673382461
1773244946.291461 -0.154662818 0.084234834 0.743042231 0.009207232 -0.734976828 0.081451632 0.673119545
1773244946.319148 -0.155340984 0.085093796 0.742705882 0.010657846 -0.734915316 0.083569057 0.672905743
1773244946.352728 -0.156277508 0.084211394 0.742631316 0.009036643 -0.736445963 0.081721209 0.671481550
1773244946.391268 -0.156512395 0.084069520 0.741982639 0.008840231 -0.736211717 0.081736214 0.671739042
1773244946.423047 -0.157851696 0.082561545 0.744468689 0.006659019 -0.742170930 0.078391612 0.665576935
1773244946.459975 -0.159004807 0.082694590 0.744898438 0.007403640 -0.744153619 0.078860641 0.663295984
1773244946.487047 -0.159481123 0.082365990 0.744111300 0.006559796 -0.744467437 0.078344546 0.663013816
1773244946.525813 -0.159726888 0.082663737 0.742996633 0.006254842 -0.744253635 0.079409987 0.663130045
1773244946.553437 -0.160847127 0.082566455 0.743194163 0.006986113 -0.746274352 0.079134405 0.660880864
1773244946.586796 -0.162026197 0.083716132 0.742751777 0.007761351 -0.747445166 0.081871018 0.659213603
1773244946.624381 -0.162836775 0.082818292 0.742675424 0.006924563 -0.749121189 0.080348931 0.657505512
1773244946.653553 -0.164628208 0.084223941 0.741880715 0.009241674 -0.749400973 0.083552048 0.656758547
1773244946.691869 -0.165697172 0.084024683 0.741951644 0.008632166 -0.751275539 0.083550401 0.654621959
1773244946.720717 -0.166612580 0.084398992 0.741561949 0.009455328 -0.752294958 0.084586687 0.653305411
1773244946.753755 -0.167304039 0.084527075 0.741407156 0.009611886 -0.753408074 0.085027337 0.651961803
1773244946.793422 -0.166988641 0.081635810 0.744691968 0.005511630 -0.760631621 0.078320183 0.644418418
1773244946.819386 -0.167537630 0.081934847 0.744286358 0.006131622 -0.761190534 0.079249136 0.643638849
1773244946.859630 -0.168317586 0.080971263 0.743870795 0.004744093 -0.762283087 0.077626631 0.642554402
1773244946.886562 -0.168717206 0.080725893 0.743634820 0.005396842 -0.762928784 0.077166893 0.641837895
1773244946.926590 -0.169650152 0.080124639 0.743214607 0.004444540 -0.763941646 0.076265827 0.640747190
1773244946.953906 -0.170903474 0.082339644 0.743713558 0.006764465 -0.765948474 0.080828302 0.637764871
1773244946.985982 -0.171629488 0.081916630 0.743316829 0.006398572 -0.766594291 0.080151506 0.637077749
1773244947.026315 -0.173126251 0.082667083 0.743657112 0.006856224 -0.768647134 0.082032718 0.634354234
1773244947.054458 -0.173699200 0.082207210 0.743636250 0.007040395 -0.769621313 0.081380337 0.633254051
1773244947.092889 -0.174673259 0.082494311 0.743779719 0.006267452 -0.771193206 0.081846930 0.631286621
1773244947.119768 -0.175486729 0.082615696 0.743570328 0.007892187 -0.771833241 0.082376122 0.630416811
1773244947.153651 -0.176662967 0.082120620 0.743963659 0.006370502 -0.774095297 0.081378847 0.627784491
1773244947.193433 -0.177077666 0.081108794 0.744265497 0.005882675 -0.775438309 0.078991763 0.626435220
1773244947.220416 -0.178194359 0.082701072 0.743084729 0.007098874 -0.775013447 0.083209760 0.626402259
1773244947.262155 -0.179258823 0.082631499 0.743357897 0.007058996 -0.776900172 0.083105937 0.624075115
1773244947.287493 -0.179751128 0.081741132 0.743478656 0.005552742 -0.778150916 0.081248008 0.622775316
1773244947.327585 -0.181058913 0.082429290 0.742780387 0.006659664 -0.778395355 0.083178811 0.622203827
1773244947.354325 -0.181601062 0.082195938 0.741971254 0.006265012 -0.778040886 0.083046854 0.622668803
1773244947.387587 -0.182954967 0.081521943 0.743387580 0.006166648 -0.781408727 0.080982007 0.618711710
1773244947.426149 -0.184345201 0.082070991 0.742904365 0.006033123 -0.781973064 0.082886107 0.617747188
1773244947.454265 -0.185157120 0.082193635 0.742648125 0.005931349 -0.782546520 0.083325304 0.616962433
1773244947.495032 -0.185840428 0.081637941 0.742989838 0.005957307 -0.783935249 0.081762530 0.615406334
1773244947.521467 -0.186941683 0.081838816 0.742833018 0.006279312 -0.784618199 0.082447223 0.614440680
1773244947.561599 -0.188026279 0.081364289 0.743169427 0.005297721 -0.786289513 0.081529990 0.612432599
1773244947.587427 -0.189064577 0.082336225 0.742568552 0.006536657 -0.786350787 0.084173448 0.611984134
1773244947.620654 -0.190253958 0.081639901 0.742962003 0.005731116 -0.788352907 0.082121707 0.609690785
1773244947.660248 -0.190642148 0.081550434 0.742453396 0.005934146 -0.788109779 0.082181886 0.609995008
1773244947.687492 -0.191822991 0.081116512 0.742432892 0.004817827 -0.789454579 0.081166536 0.608399749
1773244947.728693 -0.192608356 0.081377864 0.741988957 0.005923010 -0.789540946 0.082213454 0.608137310
1773244947.753914 -0.193584606 0.081624024 0.741666138 0.005963917 -0.790149808 0.082704343 0.607278883
1773244947.787938 -0.194183156 0.081376933 0.741226792 0.005252453 -0.790418386 0.082149737 0.607011139
1773244947.827839 -0.195177764 0.080768861 0.741668761 0.004776774 -0.792338729 0.080868311 0.604679108
1773244947.853881 -0.196072653 0.080478698 0.741691887 0.003896145 -0.793606997 0.080090851 0.603123724
1773244947.893504 -0.197323829 0.082026340 0.740918636 0.006427637 -0.793448031 0.084600240 0.602695346
1773244947.920378 -0.198137194 0.081661247 0.741029918 0.005614459 -0.794758856 0.083450235 0.601134717
1773244947.960521 -0.198125720 0.081010856 0.741139531 0.004936653 -0.795783460 0.082059734 0.599975407
1773244947.987685 -0.199003816 0.080918953 0.740915000 0.004653940 -0.796646655 0.082218841 0.598809302
1773244948.021245 -0.199521899 0.080828607 0.740719080 0.004649000 -0.797190428 0.081766844 0.598147094
1773244948.061995 -0.200441420 0.080762573 0.740918875 0.004640371 -0.798589230 0.081756577 0.596279800
1773244948.087725 -0.201271147 0.080791458 0.740305722 0.004463782 -0.798900783 0.082223825 0.595799327
1773244948.128705 -0.202434480 0.080800660 0.740310609 0.004596846 -0.800021946 0.082681090 0.594228446
1773244948.155178 -0.203279927 0.080266215 0.740391076 0.003605167 -0.801542699 0.081370883 0.592363954
1773244948.187599 -0.204354644 0.081322551 0.739817977 0.005400437 -0.802014053 0.084206574 0.591315091
1773244948.229780 -0.205257192 0.081028357 0.739657342 0.004805908 -0.803429961 0.083751120 0.589459777
1773244948.255160 -0.205776200 0.080498807 0.739205062 0.004168432 -0.803726673 0.082660869 0.589214027
1773244948.294751 -0.207090512 0.081194162 0.739360988 0.004645063 -0.805688858 0.084657073 0.586239696
1773244948.320775 -0.207887530 0.080838531 0.739162862 0.004552675 -0.807005167 0.083817594 0.584548175
1773244948.361228 -0.208796382 0.081509359 0.738675833 0.005327804 -0.808266103 0.086221151 0.582446158
1773244948.389007 -0.209704548 0.081967667 0.738235533 0.005929194 -0.809533358 0.087493837 0.580487251
1773244948.421434 -0.210279047 0.080955096 0.738150895 0.005013655 -0.811447918 0.085131720 0.578169286
1773244948.460661 -0.210655108 0.080614850 0.737756252 0.004133664 -0.812948406 0.084235698 0.576196313
1773244948.487946 -0.211126953 0.080501482 0.736946046 0.004572285 -0.813848674 0.084378265 0.574899852
1773244948.529584 -0.213256866 0.081569053 0.737119496 0.005213964 -0.817667961 0.088192195 0.568870962
1773244948.555801 -0.214171380 0.082181700 0.736169755 0.006848851 -0.818726778 0.090407923 0.566979825
1773244948.588288 -0.216611683 0.083440959 0.737571180 0.008506139 -0.824941039 0.093808390 0.557315111
1773244948.629393 -0.217087030 0.083058164 0.737128079 0.007849122 -0.826582253 0.093291447 0.554974616
1773244948.655700 -0.217086643 0.082729317 0.735921264 0.007031508 -0.826719940 0.092853837 0.554853857
1773244948.696382 -0.218047440 0.082087815 0.735717416 0.006901666 -0.829262376 0.091420814 0.551288128
1773244948.723037 -0.218750954 0.081619054 0.735568643 0.006482341 -0.831747949 0.090524793 0.547684789
1773244948.762459 -0.219286680 0.081219397 0.735313773 0.005515761 -0.833869755 0.089675099 0.544600129
1773244948.788678 -0.219799474 0.080820203 0.735010743 0.004878171 -0.835704267 0.088574380 0.541967988
1773244948.822950 -0.220021963 0.080684036 0.733719230 0.003966908 -0.835953236 0.089540333 0.541432321
1773244948.862648 -0.220465511 0.080330960 0.733427644 0.003247168 -0.837853968 0.088432305 0.538674116
1773244948.889172 -0.221033216 0.079873182 0.733043194 0.002867470 -0.839880466 0.087668367 0.535636723
1773244948.928395 -0.221488625 0.079540275 0.732783914 0.001919308 -0.841730177 0.086512670 0.532918394
1773244948.956338 -0.221905693 0.079185061 0.732432961 0.001594107 -0.843284130 0.085757948 0.530579746
1773244948.994347 -0.222427845 0.078772150 0.732120454 -0.000246020 -0.845316172 0.085164838 0.527434647
1773244949.021555 -0.224562496 0.080115214 0.732368529 0.003167165 -0.849067450 0.089602388 0.520620644
1773244949.054784 -0.224902749 0.079809748 0.732071042 0.001820142 -0.850884736 0.088840485 0.517782986
1773244949.096316 -0.225186259 0.079560325 0.731822848 0.001861596 -0.852479875 0.088282652 0.515248179
1773244949.123422 -0.225734144 0.080223158 0.730995774 0.003016171 -0.853362262 0.091379389 0.513238311
1773244949.161751 -0.225710645 0.079537772 0.730404973 0.001909731 -0.854206383 0.089402728 0.512186289
1773244949.189814 -0.226153627 0.079685554 0.730175555 0.001604007 -0.855907559 0.090056151 0.509224534
1773244949.222275 -0.226675898 0.079180457 0.729788899 0.001392855 -0.857489049 0.088990174 0.506745815
1773244949.261069 -0.227479354 0.079505734 0.729549885 0.001465065 -0.859479368 0.090460986 0.503100216
1773244949.289092 -0.229034662 0.080150992 0.729635000 -0.003868241 0.862673581 -0.092831761 -0.497153491
1773244949.328823 -0.228853226 0.079589367 0.729102492 -0.001847265 0.863294482 -0.091155715 -0.496396840
1773244949.355852 -0.229697660 0.079922557 0.728957534 -0.003364214 0.865453720 -0.092675269 -0.492331028
1773244949.396655 -0.230257735 0.079775639 0.728565753 -0.002641470 0.867075205 -0.092408158 -0.489524573
1773244949.422772 -0.230440527 0.079455577 0.728152633 -0.002748935 0.868188620 -0.091903545 -0.487641931
1773244949.457103 -0.230882823 0.080027245 0.727445722 -0.002962334 0.868966937 -0.094050668 -0.485841691
1773244949.495421 -0.231466100 0.079837903 0.727401495 -0.003169559 0.871014178 -0.093851589 -0.482199311
1773244949.524215 -0.231917575 0.079865396 0.726787746 -0.002968139 0.872223079 -0.094522238 -0.479878783
1773244949.562991 -0.232611150 0.079974823 0.726754069 -0.003364934 0.874259651 -0.095019050 -0.476056844
1773244949.591794 -0.232649922 0.079876624 0.726056337 -0.003068815 0.874944985 -0.094975814 -0.474806726
1773244949.624772 -0.233464703 0.079963297 0.726036489 -0.003301752 0.877271771 -0.095708787 -0.470343739
1773244949.661539 -0.234036684 0.079859816 0.725790083 -0.002931728 0.879155993 -0.095654562 -0.466825813
1773244949.689754 -0.234675065 0.080392376 0.725233734 -0.004304173 0.880215764 -0.097733080 -0.464381218
1773244949.730415 -0.235333771 0.080515444 0.725109577 -0.004110312 0.882155120 -0.098413803 -0.460543334
1773244949.756198 -0.234998614 0.079583675 0.724501371 -0.002866409 0.882936716 -0.095892780 -0.459585786
1773244949.796267 -0.235506311 0.079819605 0.724076033 -0.003100152 0.884584010 -0.096679978 -0.456239551
1773244949.823264 -0.236456484 0.079932332 0.723884463 -0.003264960 0.886899292 -0.098095492 -0.451415837
1773244949.857598 -0.237301871 0.080461830 0.723799706 -0.004300000 0.888978124 -0.099610828 -0.446964294
1773244949.896009 -0.237206697 0.080172442 0.723133802 -0.004180961 0.890161932 -0.099439658 -0.444641411
1773244949.924537 -0.237547308 0.080052465 0.722881794 -0.003803988 0.891795695 -0.099417977 -0.441363782
1773244949.962107 -0.237923652 0.079515278 0.722473264 -0.003036812 0.893792570 -0.098182425 -0.437590927
1773244949.990575 -0.238646910 0.080389559 0.722056150 -0.004586465 0.895408988 -0.101314515 -0.433540106
1773244950.023888 -0.238971174 0.080398858 0.721757054 -0.005110868 0.897297680 -0.101693131 -0.429522038
1773244950.063090 -0.239184409 0.079868823 0.721406937 -0.003575980 0.899314582 -0.100293532 -0.425630897
1773244950.090526 -0.239008799 0.079646647 0.720921457 -0.003402325 0.900509596 -0.100149848 -0.423132241
1773244950.129934 -0.240021169 0.080117404 0.720674574 -0.003930764 0.903367043 -0.102115825 -0.416515142
1773244950.156989 -0.239830688 0.079940192 0.720210791 -0.003691413 0.904842019 -0.101997882 -0.413332403
1773244950.196127 -0.240287080 0.079702713 0.719827890 -0.002996907 0.906901300 -0.101700015 -0.408874303
1773244950.224429 -0.240877420 0.079274312 0.719829917 -0.002067619 0.909900188 -0.100237764 -0.402529180
1773244950.258028 -0.241251335 0.080158629 0.719186664 -0.004631861 0.911318064 -0.103965275 -0.398333013
1773244950.296021 -0.241166323 0.079290286 0.718752146 -0.002779316 0.913769305 -0.101300888 -0.393390417
1773244950.324664 -0.241538316 0.079613790 0.718293190 -0.004215088 0.916130185 -0.103187039 -0.387350172
1773244950.363542 -0.241726443 0.079037987 0.717926860 -0.002978611 0.918926835 -0.101239748 -0.381202191
1773244950.391170 -0.242256165 0.079277650 0.717606187 -0.002937506 0.921856225 -0.103522256 -0.373437554
1773244950.424648 -0.242262498 0.079467759 0.716866136 -0.003482900 0.924061179 -0.104854941 -0.367565304
1773244950.463749 -0.240509868 0.078213781 0.716705203 0.001514699 0.925642014 -0.101284586 -0.364590257
1773244950.491323 -0.241164029 0.078277290 0.716432035 0.001440369 0.928665936 -0.101686470 -0.356703460
1773244950.529835 -0.242145866 0.079685546 0.715550900 -0.004313525 0.931235969 -0.107124172 -0.348289162
1773244950.557687 -0.240451783 0.078542680 0.714571476 0.000461029 0.932690024 -0.103806980 -0.345417380
1773244950.596860 -0.240721643 0.079432003 0.714323044 0.000912258 0.935459316 -0.107575990 -0.336663753
1773244950.623426 -0.242053956 0.077976108 0.714921176 -0.000224418 0.940277100 -0.102581151 -0.324585944
1773244950.656815 -0.241381526 0.078738980 0.714499772 -0.001792941 0.941752136 -0.104904622 -0.319522619
1773244950.698668 -0.242418230 0.080347821 0.712890267 -0.005867927 0.944056273 -0.111507125 -0.310305506
1773244950.725322 -0.242369503 0.079794206 0.712211668 -0.003932984 0.946330726 -0.111810423 -0.303217977
1773244950.762824 -0.242550492 0.079783440 0.712303996 -0.006036512 0.949110627 -0.110408179 -0.294894129
1773244950.791968 -0.242304683 0.079904675 0.711639881 -0.005334875 0.950810492 -0.112168729 -0.288702548
1773244950.825572 -0.241513133 0.080219761 0.711326599 -0.002458804 0.952539206 -0.113266900 -0.282548457
1773244950.867459 -0.241394073 0.080347158 0.711145639 -0.003443917 0.954155803 -0.114051305 -0.276707560
1773244950.892059 -0.241548255 0.078960739 0.711607099 -0.000947282 0.956850171 -0.110407397 -0.268788040
1773244950.933022 -0.242510378 0.079301953 0.710566282 -0.003270460 0.958757401 -0.112568066 -0.260963619
1773244950.959284 -0.240944728 0.079437070 0.709708214 -0.001419990 0.959116101 -0.113537230 -0.259236604
1773244950.997329 -0.240936264 0.079415321 0.709667563 -0.000431075 0.960697651 -0.113873474 -0.253165245
1773244951.024799 -0.240903348 0.079261273 0.709263086 0.000547927 0.962168992 -0.114051752 -0.247432113
1773244951.058492 -0.240850627 0.079176895 0.709293008 -0.001997095 0.963339269 -0.113348760 -0.243157357
1773244951.100970 -0.240881309 0.079230957 0.709215939 -0.000914387 0.964672029 -0.113721259 -0.237643689
1773244951.131561 -0.240607679 0.079155937 0.708146155 -0.002636898 0.965081036 -0.114394985 -0.235638440
1773244951.163636 -0.240698516 0.078855291 0.708385587 -0.003588482 0.966594040 -0.112954669 -0.230052978
1773244951.192103 -0.240594298 0.078860223 0.707934201 -0.003727925 0.967563748 -0.113371916 -0.225728452
1773244951.224785 -0.240589365 0.079276949 0.707866311 -0.002622485 0.968658626 -0.115576379 -0.219853833
1773244951.264123 -0.240405038 0.079120062 0.706734240 -0.004549436 0.969308197 -0.115225926 -0.217126593
1773244951.291339 -0.240429610 0.079242006 0.706544399 -0.003131914 0.970335782 -0.116450951 -0.211843893
1773244951.332727 -0.240398139 0.079503179 0.706255853 -0.002377263 0.971229494 -0.117788456 -0.206962720
1773244951.358629 -0.240361884 0.079572603 0.705904067 -0.003788129 0.972120285 -0.118217997 -0.202465236
1773244951.398420 -0.240366429 0.079838611 0.705802202 -0.003436947 0.973010659 -0.119324178 -0.197484627
1773244951.424273 -0.239312023 0.079067841 0.705638289 -0.002862990 0.973963261 -0.116694108 -0.194344729
1773244951.459698 -0.239242435 0.079063065 0.704925597 -0.003374101 0.974814653 -0.117446668 -0.189555466
1773244951.498343 -0.239176869 0.079033926 0.704486370 -0.003053904 0.975802004 -0.117818683 -0.184173405
1773244951.524903 -0.239169195 0.078950264 0.704211771 -0.003730976 0.976878405 -0.118231870 -0.178089380
1773244951.565697 -0.239151761 0.078939371 0.704245687 -0.002900477 0.978087962 -0.117797285 -0.171637058
1773244951.591550 -0.239129260 0.078807145 0.703936875 -0.002564118 0.979224563 -0.118062131 -0.164845333
1773244951.631653 -0.239111990 0.078683719 0.703656435 -0.002703635 0.980443776 -0.117573649 -0.157794431
1773244951.659235 -0.239094213 0.078616068 0.703479171 -0.003853749 0.981526434 -0.118147708 -0.150439858
1773244951.692500 -0.239133850 0.078670956 0.703444600 -0.002875662 0.982737720 -0.117943846 -0.142504528
1773244951.731946 -0.236957908 0.078806892 0.702527404 -0.004094139 0.983038008 -0.119181685 -0.139338687
1773244951.759587 -0.236989602 0.078524880 0.702345967 -0.002944903 0.984352887 -0.118243665 -0.130610451
1773244951.799269 -0.239172965 0.077837706 0.702299178 -0.002154012 0.986134112 -0.117387481 -0.117281742
1773244951.826639 -0.239088148 0.078087367 0.702219903 -0.001326236 0.987046361 -0.117870368 -0.108831584
1773244951.859691 -0.239134893 0.077806264 0.701718152 -0.000689314 0.987969875 -0.117897958 -0.100075342
1773244951.899370 -0.236747906 0.078193545 0.700828373 -0.002313999 0.988168776 -0.118859760 -0.096898928
1773244951.926406 -0.236698329 0.078214504 0.700537026 -0.001393969 0.988754213 -0.119900770 -0.089369453
1773244951.964132 -0.236667871 0.078072213 0.700169086 -0.002672506 0.989472330 -0.119351678 -0.081807576
1773244951.992129 -0.236553937 0.078141421 0.699276805 -0.002588031 0.989856660 -0.120405234 -0.075363688
1773244952.032271 -0.236548901 0.078112088 0.699028373 -0.003480206 0.990355909 -0.120097063 -0.068990871
1773244952.059989 -0.236560777 0.078099795 0.699091196 -0.003770449 0.990711510 -0.120605946 -0.062695093
1773244952.092055 -0.236548185 0.078077227 0.698959112 -0.002809605 0.991094410 -0.120365068 -0.056888565
1773244952.140276 -0.236512184 0.077955067 0.698723793 -0.003901898 0.991400719 -0.120366804 -0.051198550
1773244952.161936 -0.236500233 0.077943884 0.698455393 -0.003090488 0.991632760 -0.120723687 -0.045614559
1773244952.200049 -0.236553594 0.077995792 0.698611438 -0.003383697 0.991841316 -0.120820582 -0.040518247
1773244952.227413 -0.236509800 0.077888958 0.698223352 -0.002108931 0.992018402 -0.120927446 -0.035658743
1773244952.260202 -0.236429781 0.077805288 0.697692811 -0.003823592 0.992168307 -0.120884515 -0.031213054
1773244952.300231 -0.236324430 0.077785790 0.697182059 -0.005511398 0.992275238 -0.120957278 -0.026995055
1773244952.326192 -0.236419588 0.077770583 0.697531641 -0.003195411 0.992395341 -0.121101417 -0.021809986
1773244952.364688 -0.236441478 0.077744804 0.697507620 -0.003711696 0.992528856 -0.120754853 -0.017055376
1773244952.393008 -0.236367092 0.077459566 0.696913540 -0.002913381 0.992576897 -0.120925412 -0.012631531
1773244952.437269 -0.236189067 0.077212028 0.696590543 -0.003134003 0.992690027 -0.120376870 -0.008133046
1773244952.459717 -0.236146271 0.076884791 0.696155608 -0.003182555 0.992745399 -0.120139226 -0.003605179
1773244952.493202 -0.236108437 0.076563753 0.695863068 -0.002419861 0.992814958 -0.119627960 0.001318576
1773244952.533299 -0.234718606 0.077512190 0.696620405 -0.004722422 0.992655396 -0.120826013 0.003739980
1773244952.560710 -0.236547306 0.077014871 0.696185052 -0.004963653 0.992653549 -0.120163396 0.013227947
1773244952.600686 -0.236733541 0.077308841 0.696133554 -0.006645398 0.992559195 -0.120119236 0.018800255
1773244952.626485 -0.236440763 0.077544786 0.696277797 -0.006981488 0.992426813 -0.120384790 0.023404676
1773244952.660828 -0.236479044 0.077491410 0.696130872 -0.005782198 0.992261708 -0.120584108 0.029029561
1773244952.699976 -0.236783192 0.077174135 0.695563734 -0.006389639 0.992139339 -0.119938664 0.035119727
1773244952.727180 -0.232776046 0.077190116 0.695620358 -0.003228602 0.992178202 -0.120990083 0.030552804
1773244952.768214 -0.230633959 0.077839866 0.695449173 -0.004432136 0.992035568 -0.122085199 0.030675735
1773244952.796226 -0.230597273 0.078159496 0.695519269 -0.005111394 0.991776943 -0.122690879 0.036045372
1773244952.834384 -0.230220467 0.078052744 0.695271611 -0.004377973 0.991612792 -0.122560784 0.040789146
1773244952.860239 -0.229485035 0.078331903 0.694305182 -0.005520180 0.991348445 -0.123726010 0.043469153
1773244952.893717 -0.229391098 0.078116648 0.694382071 -0.005223990 0.991226912 -0.123010881 0.048064929
1773244952.933923 -0.229348063 0.078022920 0.693877339 -0.005019797 0.990934193 -0.123273499 0.053177584
1773244952.960997 -0.229036838 0.078136392 0.693529427 -0.004717528 0.990687549 -0.123321913 0.057511285
1773244953.000360 -0.228640571 0.077915758 0.693066716 -0.005115679 0.990416169 -0.123465501 0.061692480
1773244953.028060 -0.228585094 0.077641554 0.693050742 -0.003922554 0.990231931 -0.122618057 0.066258565
1773244953.060664 -0.226884633 0.077103280 0.692541301 -0.001967199 0.990185618 -0.122718640 0.066847958
1773244953.100606 -0.226167977 0.076947175 0.692351222 -0.002111945 0.990147889 -0.121698700 0.069225058
1773244953.127765 -0.226037189 0.076861285 0.691668332 -0.001823748 0.989873886 -0.122205377 0.072195612
1773244953.167329 -0.225421533 0.077054828 0.691102803 -0.002251977 0.989753127 -0.121913224 0.074302360
1773244953.193853 -0.224893540 0.077094540 0.690738320 -0.002465023 0.989544988 -0.122559518 0.075985126
1773244953.234337 -0.224227250 0.077283941 0.690086067 -0.002385691 0.989409387 -0.122773141 0.077395678
1773244953.261142 -0.224010333 0.076928593 0.689293802 -0.002700929 0.989333928 -0.122150630 0.079311408
1773244953.294548 -0.223734036 0.076793984 0.688528061 -0.002605913 0.989219129 -0.122009218 0.080947571
1773244953.333957 -0.223263949 0.076901279 0.688047349 -0.003213631 0.989094734 -0.122248903 0.082075939
1773244953.361206 -0.222732872 0.076656885 0.687756538 -0.002502300 0.989034057 -0.121896610 0.083345927
1773244953.400972 -0.222437263 0.076786548 0.687063932 -0.002678295 0.988893628 -0.122277401 0.084442452
1773244953.427915 -0.222059727 0.076549508 0.687001824 -0.001808572 0.988815069 -0.122045413 0.085710920
1773244953.461372 -0.221643656 0.076462187 0.686522961 -0.001691985 0.988760471 -0.122224756 0.086086877
1773244953.500474 -0.221261621 0.076467693 0.685890734 -0.002874954 0.988796413 -0.121902429 0.086099803
1773244953.528266 -0.221065521 0.076429307 0.685178280 -0.003042228 0.988706172 -0.122265987 0.086613663
1773244953.568034 -0.220658094 0.076401085 0.684846163 -0.002419342 0.988731861 -0.122144140 0.086511575
1773244953.594283 -0.220470577 0.076198414 0.684423745 -0.002044375 0.988681436 -0.122475177 0.086629637
1773244953.636589 -0.220412508 0.076436765 0.683549702 -0.002018397 0.988662004 -0.122699805 0.086533874
1773244953.661715 -0.220037341 0.076159075 0.683259368 -0.002218355 0.988777101 -0.122276805 0.085809477
1773244953.694985 -0.219807997 0.076186255 0.682589173 -0.002253945 0.988795161 -0.122404434 0.085417584
1773244953.733669 -0.219569713 0.076056339 0.682143927 -0.001975326 0.988830924 -0.122442290 0.084955491
1773244953.761382 -0.219453841 0.076164722 0.681469381 -0.002218169 0.988827229 -0.122518279 0.084882393
1773244953.801364 -0.219300359 0.075955532 0.680909276 -0.002073864 0.988831878 -0.122591786 0.084725931
1773244953.827702 -0.219020545 0.075884581 0.680348754 -0.002249166 0.988911152 -0.122198254 0.084363706
1773244953.862262 -0.218888462 0.075883791 0.679529548 -0.002367907 0.988811314 -0.122888543 0.084527545
1773244953.900834 -0.218441576 0.075583443 0.679405212 -0.001373675 0.988901258 -0.122222371 0.084463380
1773244953.928728 -0.218326390 0.075607508 0.678752303 -0.001880491 0.988849342 -0.122404881 0.084796764
1773244953.967870 -0.218072817 0.075334504 0.678284049 -0.001331790 0.988835096 -0.122263230 0.085176326
1773244953.995995 -0.218098581 0.075092740 0.677450180 -0.001008619 0.988816798 -0.121788502 0.086068869
1773244954.034322 -0.217519894 0.075492196 0.676909328 -0.001579709 0.988721073 -0.122548230 0.086081788
1773244954.060852 -0.217461884 0.075075574 0.676380992 -0.001393524 0.988719225 -0.121607803 0.087428905
1773244954.094799 -0.217288673 0.075026557 0.675846756 -0.001530904 0.988589346 -0.121887140 0.088500217
1773244954.134026 -0.216890901 0.074970849 0.675391614 -0.001546661 0.988581061 -0.121312074 0.089377970
1773244954.161144 -0.216759354 0.075044565 0.674351633 -0.002002668 0.988349140 -0.122282557 0.090602487
1773244954.202192 -0.216468617 0.074971981 0.673552036 -0.002003911 0.988319278 -0.121694133 0.091713749
1773244954.229723 -0.216475099 0.074852228 0.672656357 -0.002159026 0.988108039 -0.122105904 0.093423560
1773244954.263076 -0.216189712 0.074843250 0.671933055 -0.001953159 0.988067150 -0.121440135 0.094719075
1773244954.305673 -0.215771973 0.074457422 0.671568751 -0.001941485 0.988012731 -0.121207327 0.095581777
1773244954.328552 -0.215392828 0.074185483 0.671071053 -0.000902736 0.987983823 -0.120464139 0.096827216
1773244954.368530 -0.214811265 0.074449882 0.670541286 -0.001428805 0.987866223 -0.121005043 0.097345285
1773244954.394771 -0.214446962 0.074153006 0.669866443 -0.001233008 0.987819076 -0.120652005 0.098260038
1773244954.437585 -0.214845523 0.073889039 0.668582261 -0.001143206 0.987616301 -0.120616443 0.100321516
1773244954.464207 -0.214716002 0.073970042 0.667921364 -0.001616423 0.987458050 -0.120936014 0.101481356
1773244954.494483 -0.214290693 0.074040368 0.667249501 -0.001912224 0.987320065 -0.121487424 0.102157779
1773244954.536363 -0.214188635 0.073754162 0.666487873 -0.001495399 0.987265825 -0.120885268 0.103395693
1773244954.561912 -0.214002207 0.073743947 0.665884018 -0.001866332 0.987166762 -0.121057011 0.104132198
1773244954.601355 -0.214064747 0.073677950 0.664915979 -0.001849891 0.986990571 -0.121388689 0.105408534
1773244954.629349 -0.213840991 0.073801778 0.664126933 -0.002400751 0.986887038 -0.121672280 0.106037810
1773244954.663402 -0.213500947 0.073603615 0.663755000 -0.001921681 0.986850739 -0.121454269 0.106633559
1773244954.703262 -0.213523328 0.073568471 0.662863374 -0.002118202 0.986708581 -0.121484980 0.107903041
1773244954.729523 -0.213283002 0.073453225 0.662288010 -0.002058787 0.986619353 -0.121630974 0.108553469
1773244954.768338 -0.213123739 0.073410153 0.661537945 -0.001941925 0.986566782 -0.121312082 0.109387413
1773244954.796541 -0.212809443 0.073335834 0.661025882 -0.001814934 0.986494243 -0.121594861 0.109729469
1773244954.835941 -0.212836415 0.073217764 0.660115898 -0.001983065 0.986430466 -0.121227771 0.110701397
1773244954.862231 -0.212514833 0.072939605 0.659681439 -0.001901812 0.986424744 -0.121031389 0.110968381
1773244954.895376 -0.212463260 0.073036797 0.658970237 -0.001945077 0.986351728 -0.121070527 0.111572675
1773244954.936790 -0.212536395 0.073007748 0.658075035 -0.002147269 0.986226857 -0.121633217 0.112059414
1773244954.963302 -0.212344706 0.072876744 0.657496393 -0.002005631 0.986269832 -0.121105991 0.112254500
1773244955.002237 -0.211770117 0.072918229 0.657033324 -0.002163666 0.986290395 -0.121760383 0.111359850
1773244955.029984 -0.211797982 0.072426863 0.656300247 -0.001622882 0.986395121 -0.120657153 0.111641861
1773244955.062312 -0.211806551 0.072724275 0.655506253 -0.002350319 0.986287653 -0.121744931 0.111397333
1773244955.101615 -0.211784959 0.072415426 0.654712677 -0.001955115 0.986397505 -0.121104375 0.111129850
1773244955.130423 -0.211331517 0.072435841 0.654223979 -0.002161322 0.986511827 -0.121390834 0.109790578
1773244955.169157 -0.211331964 0.072475970 0.653324544 -0.001989922 0.986525238 -0.121712275 0.109316789
1773244955.197209 -0.211016536 0.072415404 0.652593315 -0.002418679 0.986726403 -0.121487565 0.107730784
1773244955.235413 -0.210875869 0.072475396 0.651782215 -0.002710295 0.986769199 -0.122144260 0.106583402
1773244955.263108 -0.210734129 0.072245598 0.650882661 -0.002300147 0.986977935 -0.121501856 0.105387412
1773244955.296822 -0.210602254 0.071999893 0.650107622 -0.002336561 0.987102449 -0.121561468 0.104144447
1773244955.336655 -0.210600927 0.072084993 0.649070084 -0.002566787 0.987203717 -0.121449083 0.103307344
1773244955.364022 -0.210183308 0.071820512 0.648695767 -0.002194496 0.987359405 -0.121594317 0.101643488
1773244955.403252 -0.210145563 0.071565405 0.647796214 -0.001795415 0.987576187 -0.120500147 0.100845166
1773244955.431165 -0.210131407 0.071588643 0.646868110 -0.002077714 0.987579346 -0.121453173 0.099658526
1773244955.463781 -0.210034326 0.071422771 0.646090865 -0.002038208 0.987744331 -0.120860830 0.098739877
1773244955.503267 -0.209873542 0.071357042 0.645403981 -0.002013236 0.987835407 -0.121295534 0.097286165
1773244955.530741 -0.209695578 0.071212210 0.644686401 -0.001934862 0.987993777 -0.120836623 0.096245058
1773244955.570862 -0.209600747 0.071253143 0.643855274 -0.002304823 0.988033533 -0.121300288 0.095240206
1773244955.596162 -0.209384397 0.071092412 0.643174589 -0.002193001 0.988137603 -0.121250302 0.094221279
1773244955.636734 -0.209227681 0.070964582 0.642470717 -0.002012097 0.988267899 -0.120934024 0.093260385
1773244955.663908 -0.208960742 0.070843205 0.641676843 -0.002185949 0.988374233 -0.121125042 0.091871426
1773244955.697091 -0.208912969 0.070836246 0.640772045 -0.001979655 0.988459527 -0.120888039 0.091268465
1773244955.736296 -0.208782583 0.070657469 0.640040815 -0.002207055 0.988494337 -0.121229552 0.090429664
1773244955.763767 -0.208616406 0.070644937 0.639255702 -0.002120587 0.988599241 -0.120929167 0.089683905
1773244955.803052 -0.208503604 0.070561819 0.638414800 -0.002560519 0.988635182 -0.121417999 0.088609263
1773244955.829727 -0.208265603 0.070486180 0.637770832 -0.001947901 0.988798738 -0.120760545 0.087693363
1773244955.863485 -0.208215445 0.070421264 0.636996567 -0.002521965 0.988799751 -0.121297032 0.086923875
1773244955.902792 -0.208013535 0.070125371 0.636337876 -0.001703626 0.988992453 -0.120390020 0.086007595
1773244955.930373 -0.207951516 0.070251279 0.635480523 -0.002230072 0.988991320 -0.121015996 0.085124843
1773244955.970851 -0.207692742 0.070090510 0.634926379 -0.002046685 0.989108741 -0.120747045 0.084141985
1773244955.996544 -0.207492948 0.070004530 0.634093046 -0.002119509 0.989199221 -0.120620966 0.083252668
1773244956.038509 -0.207379729 0.069842361 0.633439660 -0.001967045 0.989245117 -0.120713666 0.082573839
1773244956.063329 -0.207296520 0.069714010 0.632678986 -0.001775284 0.989353597 -0.120257720 0.081941620
1773244956.098119 -0.207154483 0.069613785 0.631974339 -0.002011127 0.989366174 -0.120702788 0.081125587
1773244956.135698 -0.207079262 0.069560185 0.631176114 -0.001892766 0.989438832 -0.120451279 0.080614731
1773244956.164858 -0.206981793 0.069396384 0.630692720 -0.002027826 0.989460766 -0.120541707 0.080205850
1773244956.205343 -0.206732467 0.069421008 0.629887462 -0.001365041 0.989589036 -0.120014429 0.079424575
1773244956.231720 -0.206600726 0.069286130 0.629273713 -0.002076928 0.989534438 -0.120665058 0.079102509
1773244956.264903 -0.206529558 0.069311135 0.628507733 -0.002148007 0.989503622 -0.120711923 0.079414189
1773244956.304155 -0.206380248 0.069136105 0.627714455 -0.002224608 0.989491463 -0.120690264 0.079596564
1773244956.331719 -0.206173390 0.069177583 0.627294779 -0.002576119 0.989460528 -0.120880730 0.079681098
1773244956.370036 -0.206043363 0.069076881 0.626459599 -0.002653947 0.989423573 -0.120997302 0.079959847
1773244956.398075 -0.205812693 0.068993792 0.625861287 -0.002430238 0.989453971 -0.120744951 0.079972222
1773244956.436800 -0.205611423 0.068960704 0.625201046 -0.002428473 0.989424825 -0.121016368 0.079923108
1773244956.465028 -0.205549598 0.068629935 0.624534547 -0.001761048 0.989499032 -0.120110534 0.080386676
1773244956.498484 -0.205356002 0.068787917 0.623818099 -0.002469984 0.989359796 -0.121100076 0.080596626
1773244956.537406 -0.205104738 0.068720706 0.623237431 -0.002355063 0.989378929 -0.120780215 0.080845058
1773244956.564432 -0.205027089 0.068605475 0.622417510 -0.002395733 0.989299834 -0.121198438 0.081185497
1773244956.603634 -0.204856575 0.068511568 0.621799767 -0.002353401 0.989343762 -0.120674610 0.081430927
1773244956.632070 -0.204662189 0.068429649 0.621208489 -0.002360737 0.989249587 -0.121323019 0.081611268
1773244956.670498 -0.204544514 0.068278149 0.620318234 -0.002250147 0.989297152 -0.120771140 0.081856020
1773244956.698969 -0.204328924 0.068168759 0.619640470 -0.002170566 0.989245594 -0.121126845 0.081955872
1773244956.731277 -0.204079822 0.068098210 0.618754029 -0.002211251 0.989295006 -0.120621115 0.082103610
1773244956.771277 -0.203888834 0.068001270 0.618199110 -0.002200590 0.989226103 -0.121045455 0.082309470
1773244956.797847 -0.203904986 0.067811526 0.617308438 -0.001918680 0.989248753 -0.120342374 0.083071783
1773244956.837808 -0.203557819 0.067894898 0.616555333 -0.002529915 0.989191175 -0.121099003 0.082640916
1773244956.864933 -0.203448102 0.067876875 0.615918636 -0.002557601 0.989145279 -0.121159181 0.083099350
1773244956.898335 -0.203175113 0.067843944 0.615172446 -0.002681362 0.989143610 -0.121138155 0.083146557
1773244956.937297 -0.202973768 0.067689329 0.614520371 -0.002446396 0.989120185 -0.121143430 0.083423682
1773244956.965834 -0.202774078 0.067521669 0.613953590 -0.002506210 0.989165366 -0.120559677 0.083731860
1773244957.004341 -0.202599764 0.067585528 0.613219202 -0.002888464 0.989042222 -0.121563584 0.083722495
1773244957.030871 -0.202486664 0.067463629 0.612447619 -0.002710659 0.989093244 -0.120825060 0.084193565
1773244957.070496 -0.202187479 0.067369878 0.611864746 -0.002730462 0.989030004 -0.121320978 0.084222443
1773244957.098380 -0.202118278 0.067306697 0.611020148 -0.002513902 0.989044368 -0.120730236 0.084906518
1773244957.133854 -0.201708585 0.067185424 0.610397279 -0.002851669 0.989000916 -0.121318109 0.084563196
1773244957.172510 -0.201612711 0.067120083 0.609649539 -0.002356746 0.989035010 -0.120623603 0.085170902
1773244957.199353 -0.201317504 0.066984110 0.609027624 -0.002456052 0.989008069 -0.120885260 0.085110195
1773244957.237532 -0.201152086 0.067001298 0.608253539 -0.002396902 0.988988817 -0.120774098 0.085492790
1773244957.266084 -0.201085597 0.066859566 0.607477903 -0.002267389 0.988931537 -0.120941520 0.085921064
1773244957.299531 -0.200961977 0.066679843 0.606634736 -0.002293997 0.988882601 -0.121142723 0.086199589
1773244957.339623 -0.200569928 0.066780232 0.606016934 -0.002334668 0.988888443 -0.121027023 0.086294293
1773244957.366293 -0.200521290 0.066608571 0.605168343 -0.002408284 0.988813818 -0.121375769 0.086656056
1773244957.406427 -0.200250283 0.066332944 0.604516566 -0.001535257 0.988942564 -0.120217323 0.086822271
1773244957.432639 -0.200096220 0.066107213 0.603745222 -0.001737872 0.988874853 -0.120536633 0.087145559
1773244957.470602 -0.199741989 0.066155113 0.603033185 -0.002047831 0.988893628 -0.120409802 0.087101631
1773244957.499810 -0.199577302 0.066054732 0.602186203 -0.001948891 0.988881707 -0.120368332 0.087296359
1773244957.533161 -0.199480131 0.065891899 0.601334155 -0.001733676 0.988829553 -0.120537288 0.087658077
1773244957.571271 -0.199163586 0.066293940 0.600650668 -0.002497690 0.988737345 -0.121212922 0.087747969
1773244957.599119 -0.199033260 0.066076934 0.599796116 -0.002539996 0.988704979 -0.121294469 0.087998495
1773244957.640844 -0.198668122 0.065831378 0.599174261 -0.001729313 0.988772392 -0.120689683 0.088091604
1773244957.664909 -0.198607326 0.065768160 0.598262310 -0.002362756 0.988690972 -0.120993063 0.088573307
1773244957.699568 -0.198207706 0.065841667 0.597752213 -0.002366282 0.988643706 -0.121431910 0.088500194
1773244957.745830 -0.197857156 0.065646954 0.596990585 -0.002055292 0.988739073 -0.120752998 0.088371515
1773244957.767459 -0.198097557 0.065318331 0.595923245 -0.001821675 0.988651872 -0.120799370 0.089284495
1773244957.806203 -0.197783306 0.065203927 0.595165253 -0.001598179 0.988682151 -0.120298184 0.089629315
1773244957.833850 -0.197543979 0.065195188 0.594323874 -0.002214290 0.988582134 -0.120979942 0.089801624
1773244957.874342 -0.197207332 0.064949036 0.593670964 -0.001880736 0.988628566 -0.120582283 0.089832962
1773244957.899936 -0.196951240 0.064910762 0.592776239 -0.001364990 0.988623261 -0.120460056 0.090063833
1773244957.932133 -0.196652412 0.064853258 0.592123508 -0.001307496 0.988620698 -0.120416850 0.090151109
1773244957.977980 -0.196510091 0.064738192 0.591154099 -0.001549992 0.988541782 -0.120813541 0.090481363
1773244958.001220 -0.196182817 0.064719424 0.590363681 -0.001624496 0.988484800 -0.120988682 0.090867154
1773244958.041755 -0.195897937 0.064609021 0.589351296 -0.002225392 0.988419056 -0.121523447 0.090856224
1773244958.068906 -0.195597351 0.064347073 0.588593245 -0.001551362 0.988501608 -0.120802090 0.090933822
1773244958.100460 -0.195347905 0.064285487 0.587706208 -0.001448629 0.988427281 -0.121250145 0.091146961
1773244958.140767 -0.195223093 0.064164482 0.586814404 -0.001737784 0.988395572 -0.121217281 0.091528758
1773244958.167680 -0.195030481 0.064168058 0.586101711 -0.001866168 0.988313854 -0.121798344 0.091637522
1773244958.214018 -0.194795430 0.064005531 0.585292935 -0.001497392 0.988324881 -0.121373653 0.092087515
1773244958.234323 -0.194576323 0.063733831 0.584493399 -0.001486384 0.988324702 -0.121380456 0.092080258
1773244958.272909 -0.194367617 0.063362926 0.583768308 -0.001125317 0.988387883 -0.120665863 0.092346236
1773244958.300861 -0.194057345 0.063777886 0.582876265 -0.001675537 0.988261223 -0.121745661 0.092276171
1773244958.333805 -0.193834871 0.063568339 0.582076550 -0.001880285 0.988247871 -0.121771157 0.092381425
1773244958.376243 -0.193669260 0.063533604 0.581233501 -0.001682530 0.988260210 -0.121443018 0.092685267
1773244958.400412 -0.193464279 0.063317388 0.580535650 -0.001473942 0.988252997 -0.121325195 0.092919566
1773244958.439662 -0.193226933 0.063287690 0.579656124 -0.001371570 0.988210499 -0.121500976 0.093142927
1773244958.468558 -0.192763239 0.063263692 0.578928292 -0.001665353 0.988176703 -0.121790931 0.093118250
1773244958.517132 -0.192522690 0.063262552 0.578089714 -0.001902659 0.988163888 -0.121579051 0.093525596
1773244958.538771 -0.192235917 0.063137464 0.577326179 -0.002024906 0.988095880 -0.121957183 0.093749195
1773244958.568557 -0.192023486 0.062929012 0.576472402 -0.001591412 0.988131344 -0.121334039 0.094190896
1773244958.607505 -0.191765755 0.062917650 0.575636148 -0.001960115 0.988057673 -0.121809632 0.094343141
1773244958.634367 -0.191671193 0.062673740 0.574687004 -0.001869235 0.988051474 -0.121371374 0.094972529
1773244958.673484 -0.191455662 0.062738113 0.573834717 -0.002078662 0.987959266 -0.121928804 0.095213339
1773244958.701130 -0.191195399 0.062707581 0.573041439 -0.002207584 0.987928331 -0.122082658 0.095334083
1773244958.734313 -0.190956742 0.062492624 0.572202563 -0.001828584 0.987928212 -0.121944994 0.095519111
1773244958.773769 -0.190824464 0.062371761 0.571239531 -0.002056588 0.987888694 -0.121864766 0.096024178
1773244958.801555 -0.190663904 0.062351406 0.570371509 -0.002396398 0.987744987 -0.122734621 0.096386172
1773244958.840261 -0.190263614 0.062188707 0.569736600 -0.002093255 0.987787068 -0.122138388 0.096718907
1773244958.868133 -0.189936757 0.062073380 0.569043458 -0.001916381 0.987789571 -0.122126713 0.096711844
1773244958.899947 -0.189627290 0.061999992 0.568264484 -0.001997893 0.987755418 -0.122306570 0.096831411
1773244958.940512 -0.189444587 0.061428525 0.567422032 -0.000841790 0.987864912 -0.121129334 0.097210698
1773244958.967888 -0.189160913 0.061715335 0.566480815 -0.001518463 0.987755299 -0.122116163 0.097081535
1773244959.006704 -0.188926771 0.061733834 0.565636337 -0.001858088 0.987687230 -0.122478403 0.097311184
1773244959.034454 -0.188664719 0.061603323 0.564725041 -0.001475519 0.987691462 -0.122138992 0.097700626
1773244959.074017 -0.188276350 0.061479576 0.563904405 -0.001753739 0.987699509 -0.122272305 0.097448178
1773244959.101926 -0.188020989 0.061223552 0.562964320 -0.001708777 0.987729967 -0.122061446 0.097404331
1773244959.134158 -0.187449604 0.061209202 0.562397361 -0.001319441 0.987771869 -0.121745147 0.097381242
1773244959.174429 -0.187425926 0.060992964 0.561379373 -0.001407024 0.987744033 -0.121682256 0.097740099
1773244959.201171 -0.187106669 0.060920425 0.560571671 -0.001463000 0.987691641 -0.122134060 0.097705498
1773244959.240399 -0.187129021 0.060802743 0.559353709 -0.001491030 0.987622440 -0.122141801 0.098392576
1773244959.269240 -0.186584130 0.060789898 0.558627367 -0.001130320 0.987654507 -0.122168154 0.098041818
1773244959.301427 -0.186552599 0.060560204 0.557734668 -0.001357414 0.987611711 -0.122219391 0.098405488
1773244959.341428 -0.186098278 0.060445972 0.557064354 -0.001121105 0.987641513 -0.122033589 0.098340191
1773244959.367838 -0.185910910 0.060343035 0.556145906 -0.001292521 0.987588644 -0.122148626 0.098725542
1773244959.408815 -0.185537070 0.060274996 0.555438876 -0.001235496 0.987568855 -0.122380152 0.098637424
1773244959.435107 -0.185473591 0.059983864 0.554500639 -0.000955924 0.987541556 -0.122113369 0.099242762
1773244959.474021 -0.185187519 0.059948385 0.553728461 -0.000727851 0.987550914 -0.121933714 0.099371955
1773244959.501744 -0.184918553 0.059928901 0.552989841 -0.001297782 0.987474203 -0.122622557 0.099280827
1773244959.534693 -0.184654042 0.059784099 0.552190304 -0.000989405 0.987539113 -0.121966749 0.099446401
1773244959.574775 -0.184424326 0.059777930 0.551440775 -0.001111349 0.987484634 -0.122528203 0.099296406
1773244959.602187 -0.184094295 0.059573524 0.550725520 -0.000698331 0.987517178 -0.122095965 0.099508546
1773244959.641443 -0.183788687 0.059429407 0.550017774 -0.000846412 0.987527072 -0.122154072 0.099337623
1773244959.668692 -0.183638692 0.059500687 0.549205244 -0.001335079 0.987422526 -0.122821696 0.099548176
1773244959.702685 -0.183346242 0.059455164 0.548487008 -0.001159559 0.987451315 -0.122569524 0.099575333
1773244959.741477 -0.183291703 0.059129685 0.547409594 -0.000879251 0.987445414 -0.122152574 0.100147367
1773244959.768422 -0.183075279 0.059092812 0.546605170 -0.001004488 0.987405777 -0.122580856 0.100013763
1773244959.808919 -0.182917178 0.058769636 0.545790613 -0.000464098 0.987456143 -0.121910766 0.100338586
1773244959.835761 -0.182664305 0.058584288 0.544939399 -0.000580229 0.987440825 -0.122033611 0.100339919
1773244959.876499 -0.182168365 0.058834665 0.544202268 -0.000990443 0.987399817 -0.122658417 0.099977925
1773244959.902735 -0.181962326 0.058602385 0.543294847 -0.000754272 0.987454057 -0.122141808 0.100076638
1773244959.935528 -0.181753606 0.058494024 0.542415202 -0.001125143 0.987410784 -0.122494899 0.100068748
1773244959.975543 -0.181434646 0.058253393 0.541485369 -0.000672437 0.987449229 -0.122146651 0.100118972
1773244960.003645 -0.181113631 0.058452502 0.540406525 -0.001414825 0.987400949 -0.122575678 0.100062750
1773244960.045656 -0.180875540 0.058316365 0.539495111 -0.001489452 0.987390816 -0.122685127 0.100027710
1773244960.069965 -0.180713624 0.058197223 0.538383186 -0.001511751 0.987344146 -0.122800395 0.100345686
1773244960.103707 -0.180258721 0.058125272 0.537616849 -0.001350815 0.987406731 -0.122590616 0.099988252
1773244960.146843 -0.180140674 0.058155730 0.536353350 -0.001827878 0.987329066 -0.122988135 0.100259021
1773244960.171278 -0.179690123 0.058083303 0.535580575 -0.002061573 0.987371027 -0.123086974 0.099718824
1773244960.209096 -0.179503471 0.057883456 0.534593582 -0.001772165 0.987376630 -0.122894965 0.099905320
1773244960.234698 -0.179249182 0.057856724 0.533512771 -0.001763976 0.987356484 -0.122976787 0.100003675
1773244960.275362 -0.178836003 0.057542250 0.532716990 -0.001742512 0.987425089 -0.122544274 0.099857770
1773244960.302211 -0.178657651 0.057164937 0.531792760 -0.001233975 0.987454891 -0.121988304 0.100250147
1773244960.336768 -0.178377151 0.056923404 0.530832410 -0.001003467 0.987504125 -0.121560708 0.100287646
1773244960.378578 -0.178108037 0.056735970 0.529834330 -0.000914489 0.987511933 -0.121450931 0.100344323
1773244960.403449 -0.177599162 0.057073183 0.528947949 -0.001539292 0.987469554 -0.122315466 0.099701844
1773244960.442109 -0.177332073 0.056850806 0.527970791 -0.001319750 0.987477243 -0.122285545 0.099665642
1773244960.470134 -0.177102774 0.056718819 0.527119339 -0.001205415 0.987492621 -0.122037783 0.099818006
1773244960.503243 -0.177112699 0.055877410 0.526132703 0.000013876 0.987645209 -0.120447010 0.100247167
1773244960.541902 -0.176557243 0.056504816 0.525261879 -0.001458064 0.987540245 -0.122016527 0.099368297
1773244960.569418 -0.176358476 0.056289598 0.524286568 -0.001246605 0.987556100 -0.121900499 0.099356197
1773244960.609173 -0.176072225 0.056302100 0.523320794 -0.001467773 0.987512708 -0.122171126 0.099452384
1773244960.636427 -0.175719395 0.056079507 0.522495985 -0.001060752 0.987579346 -0.121713832 0.099356115
1773244960.675702 -0.175613418 0.055956975 0.521512270 -0.001704128 0.987529874 -0.122262090 0.099165283
1773244960.703424 -0.175229520 0.055873118 0.520728707 -0.001268619 0.987620652 -0.121780701 0.098859936
1773244960.736692 -0.174944699 0.055610105 0.519959867 -0.000963006 0.987672687 -0.121691324 0.098452665
1773244960.775652 -0.174972922 0.055297069 0.518945158 -0.000858224 0.987678587 -0.121357128 0.098806605
1773244960.803027 -0.174407750 0.055558026 0.518292129 -0.001286426 0.987681806 -0.121754289 0.098279774
1773244960.842382 -0.174358279 0.055354886 0.517414689 -0.001766072 0.987660646 -0.121722847 0.098523639
1773244960.870293 -0.174111903 0.055244975 0.516478121 -0.001824641 0.987653613 -0.121877208 0.098401919
1773244960.902236 -0.173794687 0.055237673 0.515707850 -0.001627685 0.987691224 -0.121745318 0.098191105
1773244960.943562 -0.173495114 0.055081785 0.514753878 -0.001479565 0.987706721 -0.121721439 0.098066717
1773244960.971025 -0.172931522 0.054957636 0.514061213 -0.001445175 0.987744808 -0.121842951 0.097531326
1773244961.009562 -0.173095420 0.054697670 0.512911081 -0.001634223 0.987724304 -0.121658430 0.097965457
1773244961.037011 -0.172751307 0.054783866 0.512043953 -0.001929666 0.987741709 -0.121985450 0.097376533
1773244961.075633 -0.171901971 0.054678954 0.511543572 -0.001503167 0.987896681 -0.121601872 0.096285075
1773244961.103970 -0.171588331 0.054771483 0.510470867 -0.001525572 0.987882793 -0.121924214 0.096019782
1773244961.136637 -0.171534479 0.054456964 0.509455144 -0.001704082 0.987922192 -0.121595509 0.096028022
1773244961.176177 -0.171082973 0.054291286 0.508786261 -0.001873801 0.987989128 -0.121621609 0.095300503
1773244961.203599 -0.171195015 0.054248549 0.507610083 -0.001997766 0.987937152 -0.121928222 0.095444493
1773244961.242283 -0.171007067 0.054060623 0.506288767 -0.001455045 0.987975597 -0.121585973 0.095493197
1773244961.270286 -0.171000540 0.053915113 0.505405784 -0.002090311 0.987961590 -0.121699765 0.095481232
1773244961.302949 -0.170659035 0.054210410 0.504487872 -0.001851456 0.987958252 -0.122076385 0.095039189
1773244961.342530 -0.170223102 0.054289646 0.503609776 -0.002103691 0.987984896 -0.122293591 0.094476305
1773244961.371213 -0.169837832 0.054015756 0.502699852 -0.001829807 0.988066316 -0.122007452 0.093998566
1773244961.411190 -0.169591218 0.053577542 0.501272440 -0.002073905 0.988117516 -0.121714443 0.093835644
1773244961.437845 -0.169304937 0.053392157 0.500607908 -0.002035629 0.988162756 -0.121440023 0.093715176
1773244961.475812 -0.169309571 0.053009242 0.499404639 -0.002020780 0.988194942 -0.120967373 0.093987234
1773244961.504975 -0.168892696 0.053293638 0.498187870 -0.002405392 0.988190889 -0.121551760 0.093263991
1773244961.538173 -0.168016762 0.053204492 0.497659951 -0.001961846 0.988343060 -0.121220767 0.092085086
1773244961.575523 -0.167557254 0.053173043 0.496922195 -0.001666036 0.988412738 -0.121240027 0.091314189
1773244961.604590 -0.167426616 0.053314433 0.495766431 -0.002257783 0.988373458 -0.121608138 0.091237284
1773244961.643880 -0.167076558 0.052854769 0.494795531 -0.001941103 0.988482237 -0.120918527 0.090982534
1773244961.670687 -0.167241126 0.052600652 0.493519276 -0.002337280 0.988425016 -0.121060610 0.091405012
1773244961.705467 -0.166684300 0.052434586 0.492675692 -0.002318399 0.988500297 -0.121127114 0.090498887
1773244961.742840 -0.166291073 0.052220963 0.491756231 -0.001933649 0.988620937 -0.120592520 0.089901969
1773244961.771570 -0.166359589 0.052265003 0.490573674 -0.002002937 0.988569617 -0.121094860 0.089789607
1773244961.811116 -0.165932909 0.052211642 0.489281088 -0.002488919 0.988586307 -0.121360525 0.089233309
1773244961.837230 -0.165801689 0.052028179 0.488602966 -0.002372851 0.988666713 -0.120935276 0.088922143
1773244961.876199 -0.165624648 0.050931528 0.487741023 -0.001439612 0.988853395 -0.119393222 0.088950507
1773244961.905351 -0.165316850 0.050135747 0.486817956 -0.001375473 0.988995075 -0.118594475 0.088442750
1773244961.937862 -0.164601594 0.051276937 0.485680073 -0.002161905 0.988845825 -0.120260522 0.087844752
1773244961.977068 -0.164728925 0.051293179 0.484876305 -0.002289107 0.988817692 -0.120348722 0.088037103
1773244962.005567 -0.164353430 0.051634781 0.483375639 -0.002128536 0.988761842 -0.120913789 0.087893866
1773244962.042998 -0.163878873 0.051432990 0.482915372 -0.002272008 0.988835633 -0.120881319 0.087101385
1773244962.071793 -0.163769841 0.051398911 0.481668770 -0.002362003 0.988821805 -0.121112458 0.086934865
1773244962.105477 -0.163483366 0.051588178 0.480492651 -0.002366042 0.988802373 -0.121487960 0.086630717
1773244962.145266 -0.163556933 0.051005460 0.479285151 -0.002621755 0.988847256 -0.121116310 0.086631544
1773244962.172467 -0.163296640 0.050726622 0.478409022 -0.002733180 0.988880396 -0.121046014 0.086347967
1773244962.211336 -0.163098633 0.050512597 0.477510691 -0.002978775 0.988862932 -0.121269748 0.086225435
1773244962.238674 -0.162803531 0.050475091 0.476440728 -0.002785407 0.988888204 -0.121090442 0.086194187
1773244962.279425 -0.162618339 0.049989440 0.475883812 -0.002577594 0.989001095 -0.120484933 0.085753232
1773244962.306531 -0.162253991 0.050196230 0.474958837 -0.002569340 0.988987565 -0.120941401 0.085265771
1773244962.339524 -0.161977947 0.049463935 0.474178225 -0.001372522 0.989167929 -0.119758070 0.084870256
1773244962.377287 -0.161638498 0.050265320 0.473145217 -0.002628013 0.989009261 -0.121288292 0.084516086
1773244962.405488 -0.161424875 0.050268322 0.472109318 -0.002582810 0.989012897 -0.121419169 0.084286869
1773244962.444574 -0.161199063 0.049818955 0.471303105 -0.002434470 0.989105105 -0.120813020 0.084079802
1773244962.471836 -0.161024347 0.049150176 0.470510125 -0.001965249 0.989265263 -0.119517982 0.084058657
1773244962.506338 -0.160783589 0.048851453 0.469652325 -0.002220257 0.989302218 -0.119337738 0.083873175
1773244962.543018 -0.160555512 0.048254482 0.468695939 -0.001890321 0.989397407 -0.118645735 0.083740056
1773244962.571927 -0.160341784 0.047866628 0.467718065 -0.001261753 0.989486277 -0.117914729 0.083734892
1773244962.612606 -0.160125136 0.049385421 0.466743588 -0.002707747 0.989217639 -0.120554149 0.083113290
1773244962.640366 -0.159865677 0.049272016 0.465884089 -0.002872868 0.989233077 -0.120596513 0.082862698
1773244962.680983 -0.159501851 0.049353763 0.464893937 -0.002861583 0.989217281 -0.120876968 0.082642332
1773244962.706152 -0.159298956 0.049471699 0.464147776 -0.003210851 0.989188731 -0.121374413 0.082241118
1773244962.739595 -0.158892021 0.050020546 0.463005513 -0.003554239 0.989126503 -0.122129142 0.081857480
1773244962.779665 -0.158759534 0.048911430 0.462459475 -0.002612158 0.989314854 -0.120618440 0.081856422
1773244962.806351 -0.158707425 0.048704214 0.461248308 -0.002622630 0.989332020 -0.120399863 0.081970558
1773244962.844730 -0.158390284 0.048739769 0.460662663 -0.003059399 0.989334404 -0.120903589 0.081181236
1773244962.873074 -0.158094108 0.048493035 0.459785968 -0.002449383 0.989396393 -0.120656922 0.080812171
1773244962.912136 -0.157791182 0.048475467 0.458861411 -0.002345623 0.989429533 -0.120718338 0.080316775
1773244962.939646 -0.157274425 0.048049428 0.458342105 -0.001871739 0.989593625 -0.119892880 0.079539992
1773244962.971985 -0.157267645 0.048371725 0.457031459 -0.002449573 0.989516079 -0.120770551 0.079160541
1773244963.016843 -0.157249436 0.048074760 0.455901653 -0.002108587 0.989564538 -0.120301515 0.079278730
1773244963.039552 -0.156891972 0.047984719 0.455037951 -0.002118732 0.989622653 -0.120378986 0.078430891
1773244963.078891 -0.156559020 0.048248172 0.454312563 -0.002131960 0.989621639 -0.120721117 0.077915736
1773244963.106150 -0.156348914 0.048250720 0.453021467 -0.002411559 0.989600956 -0.121086463 0.077602766
1773244963.139024 -0.156116381 0.047963373 0.452147365 -0.001906582 0.989692688 -0.120585546 0.077225871
1773244963.178691 -0.155928403 0.047540903 0.451099873 -0.002379860 0.989740372 -0.120352678 0.076964550
1773244963.207662 -0.155731916 0.046642385 0.450343668 -0.001862444 0.989911675 -0.119176745 0.076604642
1773244963.245347 -0.155446351 0.046650425 0.449177295 -0.001936930 0.989950955 -0.119211622 0.076038919
1773244963.272631 -0.155183911 0.047086604 0.448268712 -0.002312323 0.989889503 -0.120023392 0.075549915
1773244963.313648 -0.154882312 0.047073230 0.447456479 -0.001985081 0.989939690 -0.119875260 0.075135872
1773244963.339215 -0.154553950 0.047007576 0.446460217 -0.002091746 0.989945114 -0.120091900 0.074714623
1773244963.373335 -0.154624894 0.046665788 0.445388705 -0.002007517 0.989965975 -0.119845644 0.074835680
1773244963.410953 -0.154189885 0.046736360 0.444308221 -0.002436349 0.989955485 -0.120288596 0.074248329
1773244963.439469 -0.153786600 0.045624197 0.443853766 -0.001636459 0.990174234 -0.118663751 0.073967665
1773244963.478304 -0.153889090 0.046515692 0.442225933 -0.001923734 0.989975691 -0.120240249 0.074072190
1773244963.506141 -0.153588861 0.046336230 0.441494763 -0.001866743 0.990024447 -0.120060004 0.073713347
1773244963.541179 -0.153370216 0.046433974 0.440687329 -0.002036683 0.989986956 -0.120509252 0.073479027
1773244963.584694 -0.153076530 0.046024065 0.439567357 -0.001931970 0.990047395 -0.120302819 0.073004119
1773244963.607347 -0.152789772 0.046077199 0.438605905 -0.001876020 0.990060747 -0.120268986 0.072880968
1773244963.655223 -0.152544424 0.045992047 0.437791169 -0.002061501 0.990061700 -0.120444134 0.072572298
1773244963.674192 -0.152313769 0.045984417 0.436914086 -0.001377785 0.990072370 -0.120476760 0.072388999
1773244963.712906 -0.152261212 0.045798574 0.435929507 -0.001546202 0.990056932 -0.120490097 0.072574385
1773244963.739791 -0.152034774 0.044550538 0.435272992 -0.001678961 0.990224659 -0.119257003 0.072319023
1773244963.773185 -0.152163863 0.045838431 0.433539361 -0.002003415 0.989930451 -0.121409476 0.072755791
1773244963.813932 -0.151561052 0.045624189 0.433089584 -0.001578038 0.990036249 -0.120921686 0.072136171
1773244963.839437 -0.151258200 0.045478731 0.432167143 -0.001789997 0.990080059 -0.120863974 0.071625493
1773244963.879535 -0.151245803 0.045374613 0.430957735 -0.002099362 0.990012825 -0.121248506 0.071895868
1773244963.907444 -0.151007041 0.045814265 0.429877102 -0.002389132 0.989930689 -0.122101076 0.071574040
1773244963.939973 -0.150405169 0.046004705 0.429237872 -0.002298994 0.989965618 -0.122371621 0.070624895
1773244963.979348 -0.150380522 0.045753460 0.427999198 -0.002477747 0.989954889 -0.122308604 0.070878185
1773244964.006463 -0.150161892 0.045056447 0.427290827 -0.002073820 0.990105808 -0.121207677 0.070674524
1773244964.048343 -0.150217429 0.044631433 0.425956696 -0.001697514 0.990121245 -0.120900303 0.070993751
1773244964.073729 -0.149888963 0.044610322 0.424863964 -0.002253800 0.990086496 -0.121115148 0.071096689
1773244964.116711 -0.149586722 0.044342067 0.424151331 -0.001700010 0.990158498 -0.120641634 0.070914000
1773244964.142572 -0.149069130 0.044301108 0.423328876 -0.001994497 0.990157425 -0.120875575 0.070521623
1773244964.175407 -0.148605034 0.044331025 0.422167003 -0.001648506 0.990182877 -0.120797157 0.070308059
1773244964.214252 -0.148950979 0.044285294 0.420390815 -0.001859349 0.990075469 -0.121189386 0.071135439
1773244964.240195 -0.148628190 0.044070125 0.419389695 -0.001870686 0.990071595 -0.121255487 0.071076348
1773244964.284978 -0.148176253 0.043758262 0.418432653 -0.001781232 0.990134716 -0.120876722 0.070844330
1773244964.307756 -0.148232728 0.043521516 0.417697489 -0.001886584 0.990112662 -0.120793477 0.071290351
1773244964.345881 -0.147671461 0.043372698 0.416719973 -0.001661697 0.990139186 -0.120769016 0.070967674
1773244964.374682 -0.147738487 0.043385703 0.415020913 -0.001984709 0.990041792 -0.121278279 0.071448162
1773244964.408252 -0.147709280 0.043926869 0.413582772 -0.002279975 0.989915192 -0.122183733 0.071651131
1773244964.448691 -0.147503361 0.043513495 0.412530333 -0.002040275 0.989929497 -0.121969476 0.071825773
1773244964.474552 -0.147309646 0.043213040 0.411285311 -0.002228878 0.989901364 -0.122038335 0.072089702
1773244964.514473 -0.146778047 0.042748462 0.410846114 -0.002104767 0.990013838 -0.121355861 0.071699753
1773244964.541492 -0.146590427 0.043014035 0.409643471 -0.001976252 0.989919066 -0.122091696 0.071763605
1773244964.575573 -0.145836473 0.042987894 0.409150422 -0.001837651 0.989950716 -0.122172259 0.071190819
1773244964.617166 -0.145814538 0.042723238 0.408056289 -0.001926600 0.989933729 -0.122086331 0.071571223
1773244964.642913 -0.145282298 0.042552419 0.407261729 -0.001978003 0.989960492 -0.121926211 0.071472347
1773244964.686139 -0.145307735 0.042534705 0.406107157 -0.001736861 0.989883065 -0.122320652 0.071876436
1773244964.709151 -0.145160854 0.042194787 0.405160397 -0.001865015 0.989909470 -0.121844098 0.072316945
1773244964.751917 -0.144974411 0.041934382 0.404130131 -0.001534349 0.989926934 -0.121450692 0.072746083
1773244964.774736 -0.144730836 0.041693997 0.403327912 -0.001792054 0.989931583 -0.121362209 0.072825432
1773244964.809097 -0.144491047 0.041302282 0.402531624 -0.001513108 0.989929438 -0.121248357 0.073049493
1773244964.848163 -0.144219756 0.040819444 0.401898712 -0.001053964 0.990001619 -0.120610811 0.073134780
1773244964.875999 -0.143684953 0.041432206 0.400880277 -0.001842730 0.989834905 -0.122152798 0.072815284
1773244964.914789 -0.143432498 0.041456662 0.400221765 -0.001898101 0.989791274 -0.122569703 0.072706930
1773244964.941783 -0.142517120 0.042532369 0.399065435 -0.002193848 0.989586949 -0.124475285 0.072240256
1773244964.974157 -0.142686099 0.042201579 0.397682846 -0.001848901 0.989563048 -0.124345630 0.072798707
1773244965.016845 -0.142707199 0.042110514 0.396683961 -0.001872091 0.989535153 -0.124302074 0.073250331
1773244965.042539 -0.142902210 0.041162565 0.396047831 -0.001465820 0.989662647 -0.122942835 0.073829271
1773244965.081009 -0.142727017 0.041096911 0.394853294 -0.001148014 0.989640951 -0.122884765 0.074220806
1773244965.108979 -0.142131999 0.041139480 0.394362360 -0.001508051 0.989601672 -0.123419635 0.073849797
1773244965.151788 -0.142008036 0.040899012 0.393115252 -0.001558363 0.989587784 -0.123276502 0.074273363
1773244965.176423 -0.141614780 0.040447462 0.392651290 -0.001481044 0.989695966 -0.122676149 0.073826239
1773244965.209643 -0.141608700 0.040595207 0.391232610 -0.001799544 0.989543080 -0.123356640 0.074728549
1773244965.247454 -0.141301110 0.040714469 0.390224725 -0.002039211 0.989474416 -0.123928197 0.074685954
1773244965.274875 -0.141119897 0.040406320 0.389489859 -0.001451319 0.989570737 -0.123047844 0.074878797
1773244965.316517 -0.140814453 0.039960627 0.388525277 -0.001816972 0.989577889 -0.123033062 0.074800625
1773244965.342516 -0.140585184 0.039299529 0.387765795 -0.001115099 0.989685059 -0.122014649 0.075064577
1773244965.375589 -0.140016019 0.039949160 0.387183249 -0.001615825 0.989611626 -0.122944400 0.074504189
1773244965.415364 -0.139719769 0.039451327 0.386306465 -0.002034989 0.989657760 -0.122420512 0.074743800
1773244965.442130 -0.139501333 0.039152741 0.385402679 -0.002192612 0.989632070 -0.122560650 0.074849360
1773244965.481592 -0.139318332 0.038947478 0.384798825 -0.002532228 0.989631295 -0.122582547 0.074813381
1773244965.508261 -0.139057159 0.038644396 0.383865505 -0.002541657 0.989654839 -0.122317418 0.074935585
1773244965.557385 -0.138908893 0.039484933 0.382360846 -0.001757242 0.989509583 -0.123351350 0.075180970
1773244965.575958 -0.138823256 0.039343722 0.381383657 -0.001995369 0.989472747 -0.123509958 0.075398505
1773244965.609036 -0.138124257 0.039294451 0.380897224 -0.001953333 0.989536166 -0.123349041 0.074828655
1773244965.649674 -0.138124168 0.039098255 0.379895508 -0.001558835 0.989482343 -0.123427086 0.075419307
1773244965.675758 -0.137521014 0.038959667 0.379164696 -0.001409070 0.989532351 -0.123368688 0.074859425
1773244965.715696 -0.137890190 0.038616467 0.378081471 -0.001520919 0.989507377 -0.122829258 0.076064810
1773244965.741932 -0.137580201 0.038643233 0.377395302 -0.001897195 0.989415944 -0.123586424 0.076018877
1773244965.775602 -0.137482285 0.038313933 0.376370370 -0.001734741 0.989440262 -0.123004280 0.076647662
1773244965.816669 -0.137073994 0.038913526 0.375898570 -0.001959333 0.989288092 -0.124340937 0.076449476
1773244965.843927 -0.136637539 0.038204815 0.374821603 -0.001998927 0.989425302 -0.123111062 0.076663516
1773244965.884361 -0.136299402 0.038526054 0.373991251 -0.001905300 0.989346266 -0.123764455 0.076633468
1773244965.910746 -0.135947943 0.038345266 0.373105049 -0.002013501 0.989346743 -0.123541936 0.076983146
1773244965.949743 -0.135374844 0.038548965 0.372516006 -0.001895475 0.989288509 -0.124069884 0.076885484
1773244965.976812 -0.135251850 0.038274348 0.371439368 -0.001826344 0.989260733 -0.123823367 0.077637613
1773244966.010187 -0.135253489 0.038013399 0.370105565 -0.001962597 0.989190519 -0.123777479 0.078596771
1773244966.052315 -0.135127455 0.037691925 0.369130313 -0.001841828 0.989154279 -0.123454176 0.079558738
1773244966.075202 -0.134938359 0.037499387 0.367874086 -0.002036241 0.989084601 -0.123461165 0.080404982
1773244966.116690 -0.134774357 0.037244197 0.366726965 -0.001866633 0.989040434 -0.123267412 0.081244782
1773244966.143342 -0.134264156 0.037297688 0.366102576 -0.001986247 0.989012539 -0.123417318 0.081353724
1773244966.176843 -0.133201659 0.037363768 0.365700990 -0.001851244 0.989029050 -0.123757556 0.080636822
1773244966.220698 -0.133770883 0.037092548 0.363875777 -0.001198401 0.988865674 -0.123323560 0.083273485
1773244966.243171 -0.133856773 0.037216932 0.362737864 -0.001442419 0.988685012 -0.123849519 0.084623739
1773244966.283884 -0.133672625 0.037274286 0.361561060 -0.001302236 0.988569617 -0.124129079 0.085559353
1773244966.310317 -0.133229584 0.036807355 0.360660583 -0.001003938 0.988596618 -0.123338036 0.086391538
1773244966.349576 -0.133276656 0.036945999 0.359413505 -0.001454129 0.988415480 -0.123815551 0.087763235
1773244966.377079 -0.132752120 0.036958002 0.358821869 -0.001380682 0.988390982 -0.123748407 0.088134430
1773244966.411497 -0.132037938 0.036381848 0.358122110 -0.000855231 0.988463044 -0.123140156 0.088184386
1773244966.449533 -0.131595224 0.036150958 0.357302785 -0.000985101 0.988411605 -0.122919746 0.089063428
1773244966.476883 -0.131154120 0.036388792 0.356719881 -0.001200938 0.988279879 -0.123573303 0.089616165
1773244966.522864 -0.131569564 0.036021840 0.355017990 -0.001124927 0.988089144 -0.123349518 0.091997080
1773244966.542903 -0.131498903 0.035999607 0.354237586 -0.001357522 0.988016486 -0.123186059 0.092987902
1773244966.580631 -0.130555421 0.035955433 0.353565693 -0.001284673 0.987993062 -0.123319924 0.093060546
1773244966.761564 -0.129611284 0.035707161 0.349781543 -0.001275990 0.987579882 -0.123905361 0.096601307
1773244966.797788 -0.129146859 0.035607282 0.348090947 -0.001365272 0.987396419 -0.124215446 0.098065980
1773244966.812699 -0.128888011 0.035085771 0.347227156 -0.001342045 0.987438858 -0.123263806 0.098836690
1773244966.849831 -0.128754735 0.034965433 0.346372634 -0.001010980 0.987352490 -0.123172522 0.099812590
1773244966.877719 -0.128515035 0.034562964 0.345608890 -0.001085654 0.987340450 -0.122589812 0.100644529
1773244966.917494 -0.128134549 0.034038872 0.344765574 -0.001436155 0.987305641 -0.122353658 0.101267263
1773244966.943779 -0.127971992 0.035227045 0.343131542 -0.000897931 0.986961842 -0.124253072 0.102306686
1773244966.977181 -0.127757013 0.034882877 0.342328101 -0.000991140 0.986888051 -0.124049582 0.103260204
1773244967.019278 -0.127462387 0.034091868 0.341391146 -0.001509004 0.986950517 -0.123007379 0.103901818
1773244967.043670 -0.127214849 0.033726197 0.340544373 -0.001878970 0.986846328 -0.123069771 0.104807787
1773244967.085294 -0.126734421 0.033302989 0.339512020 -0.001579869 0.986886680 -0.122137681 0.105520628
1773244967.111725 -0.126122057 0.034168694 0.338523179 -0.001363683 0.986616790 -0.123748042 0.106168687
1773244967.150004 -0.126343682 0.034377500 0.336952567 -0.000994076 0.986399412 -0.124000639 0.107884176
1773244967.176617 -0.126132384 0.034799442 0.336198211 -0.001335612 0.986198068 -0.125039816 0.108520046
1773244967.210890 -0.125830770 0.034577318 0.335377306 -0.000927627 0.986153662 -0.124619707 0.109407626
1773244967.251026 -0.125528872 0.035208344 0.334077299 -0.000928863 0.985913992 -0.125796005 0.110218205
1773244967.277784 -0.126285002 0.033390280 0.332308799 -0.000444782 0.985955000 -0.123025917 0.112947747
1773244967.319701 -0.126085818 0.033020709 0.331775367 -0.000210316 0.985951304 -0.122564636 0.113480791
1773244967.344133 -0.124936953 0.031194881 0.331990361 -0.000274122 0.986393929 -0.119452320 0.112951837
1773244967.378183 -0.125084296 0.031322744 0.330769598 -0.000732121 0.986106277 -0.120611921 0.114221707
1773244967.422598 -0.124819711 0.030514047 0.329960167 -0.001500465 0.986090720 -0.119971476 0.115020223
1773244967.445811 -0.124463826 0.030328460 0.329123050 -0.002260495 0.985977590 -0.120264217 0.115669869
1773244967.489043 -0.124391004 0.032882337 0.327359617 -0.000104304 0.985393703 -0.123392440 0.117360927
1773244967.511330 -0.124360040 0.032942992 0.326765954 0.000279424 0.985310376 -0.123416230 0.118033543
1773244967.545625 -0.124089554 0.032322187 0.326369911 -0.000247693 0.985282123 -0.122992426 0.118709467
1773244967.585109 -0.123686410 0.031607274 0.325369507 -0.000413800 0.985298395 -0.122115172 0.119477242
1773244967.611982 -0.123359755 0.032087177 0.324451089 0.000063282 0.985088587 -0.123039894 0.120256625
1773244967.651448 -0.122972518 0.032388613 0.323960304 -0.000139457 0.984986424 -0.123781495 0.120332353
1773244967.679021 -0.122829132 0.032036748 0.322436541 0.000327603 0.984841585 -0.123256184 0.122044832
1773244967.717962 -0.122692242 0.032339953 0.320932776 0.000300134 0.984570444 -0.124222204 0.123247087
1773244967.745619 -0.122858107 0.032949731 0.320031285 0.000293571 0.984276772 -0.125346288 0.124449000
1773244967.779367 -0.120572701 0.031684749 0.320837736 0.000296641 0.984850764 -0.123262122 0.121964529
1773244967.817483 -0.121586308 0.032984704 0.318480492 0.000879445 0.984183371 -0.125521183 0.125007391
1773244967.845103 -0.122097664 0.031932183 0.318278074 -0.000231801 0.984159529 -0.124482349 0.126230553
1773244967.883726 -0.121282756 0.032150231 0.317631096 -0.000291403 0.984149158 -0.124869779 0.125928178
1773244967.911846 -0.120511070 0.031560220 0.317477435 -0.000521187 0.984282911 -0.124340579 0.125404298
1773244967.945576 -0.120508648 0.031765345 0.316606313 -0.000597555 0.984081089 -0.124719493 0.126605779
1773244967.984535 -0.119651020 0.031571385 0.316445112 -0.000636017 0.984157324 -0.124836296 0.125896066
1773244968.011706 -0.120366171 0.031989563 0.314852744 -0.000108321 0.983816266 -0.125203818 0.128177896
1773244968.053505 -0.120219097 0.031673837 0.313626885 -0.000145953 0.983646691 -0.125482559 0.129202634
1773244968.079691 -0.119447656 0.031544901 0.313223898 -0.000717649 0.983715177 -0.125275820 0.128879383
1773244968.118034 -0.119270653 0.031414244 0.312597990 -0.000187572 0.983720481 -0.125002921 0.129105374
1773244968.145774 -0.118762776 0.031487789 0.312434703 -0.000688669 0.983780444 -0.125448897 0.128211275
1773244968.179037 -0.118915632 0.030762643 0.311594427 -0.000456142 0.983804762 -0.124440812 0.129005671
1773244968.221614 -0.118514456 0.031450074 0.310940623 -0.000224599 0.983676791 -0.125928611 0.128537327
1773244968.245499 -0.118645146 0.031866815 0.309896946 -0.000264791 0.983544171 -0.126489505 0.129000500
1773244968.288227 -0.117560610 0.031533606 0.309552699 -0.000211574 0.983784854 -0.126338989 0.127301693
1773244968.312449 -0.117340207 0.031825602 0.308555901 -0.000134282 0.983765662 -0.126956969 0.126834318
1773244968.345383 -0.117550388 0.032120068 0.307803720 0.000255233 0.983719051 -0.127416417 0.126735449
1773244968.386632 -0.117727116 0.031127285 0.305985063 -0.000034558 0.983766675 -0.126401708 0.127380282
1773244968.412444 -0.117691800 0.031170413 0.305064350 -0.000155860 0.983744681 -0.127097681 0.126856387
1773244968.453604 -0.118151963 0.031620625 0.303622365 0.000239663 0.983589411 -0.127740830 0.127412871
1773244968.479821 -0.117829517 0.031541009 0.302964538 0.000319394 0.983712077 -0.127921790 0.126279369
1773244968.520383 -0.118191555 0.031858359 0.301274538 -0.000232693 0.983522594 -0.128868163 0.126792297
1773244968.546045 -0.117295071 0.031132136 0.300832152 0.000541937 0.983840287 -0.127843916 0.125355273
1773244968.579559 -0.116597444 0.030868080 0.300577283 0.000148721 0.984052241 -0.127652302 0.123879492
1773244968.618433 -0.116941176 0.031183127 0.298995852 0.000260693 0.983933151 -0.128542945 0.123903900
1773244968.646228 -0.116986975 0.031301588 0.297911853 0.000847791 0.983981848 -0.128450632 0.123610213
1773244968.684697 -0.117010504 0.031571742 0.296755493 0.000407593 0.983891189 -0.129598886 0.123134390
1773244968.713693 -0.114881650 0.029085051 0.297534883 -0.000655925 0.984910667 -0.125419453 0.119249985
1773244968.745929 -0.114201352 0.029215932 0.296560496 -0.000790157 0.984938145 -0.126282886 0.118105389
1773244968.785460 -0.114020586 0.028594926 0.296175778 -0.000651493 0.985195994 -0.125101015 0.117210150
1773244968.812671 -0.113137700 0.028786402 0.295164794 -0.000554202 0.985324442 -0.125794366 0.115374103
1773244968.853455 -0.112634927 0.028552193 0.294443965 -0.000398036 0.985513568 -0.125240043 0.114357919
1773244968.880456 -0.113275245 0.029354151 0.292691946 -0.000195133 0.985169530 -0.127006859 0.115369767
1773244968.919031 -0.112965435 0.029164683 0.292163491 -0.000230793 0.985319018 -0.126733229 0.114389934
1773244968.946294 -0.112414718 0.028982431 0.291506827 -0.000538033 0.985433996 -0.126953349 0.113147803
1773244968.980166 -0.111996241 0.028207853 0.290895432 -0.000379815 0.985711813 -0.125792131 0.112019666
1773244969.019548 -0.111397907 0.028407238 0.290158808 -0.000246887 0.985845864 -0.126098856 0.110485427
1773244969.046495 -0.111956030 0.028631158 0.288769424 -0.000399376 0.985675931 -0.127013445 0.110952325
1773244969.086461 -0.111414537 0.028324474 0.288199395 0.000171350 0.985875130 -0.126489237 0.109775729
1773244969.112549 -0.110985741 0.028157964 0.287655979 -0.000357338 0.986043453 -0.126324877 0.108444795
1773244969.145687 -0.110593431 0.027959730 0.287124306 -0.000342082 0.986145914 -0.126413122 0.107404917
1773244969.185930 -0.112955883 0.028572984 0.284219593 -0.000346732 0.985494673 -0.127944410 0.111491457
1773244969.213399 -0.112596571 0.028510932 0.283222497 -0.000306435 0.985577524 -0.128187671 0.110474996
1773244969.253652 -0.110554032 0.028001707 0.283794820 -0.000133342 0.986092508 -0.127450317 0.106667660
1773244969.280702 -0.111855902 0.030079581 0.281827092 0.000403224 0.985409319 -0.130984157 0.108680785
1773244969.321759 -0.110763237 0.028873932 0.281517893 0.000491232 0.985937595 -0.128829882 0.106440686
1773244969.345787 -0.109872989 0.029342346 0.280748576 0.000647557 0.985955119 -0.129876509 0.104996115
1773244969.380201 -0.109905675 0.028685249 0.280445606 0.000485608 0.986179352 -0.128651693 0.104396939
1773244969.419882 -0.111379445 0.027158629 0.278174549 0.000204641 0.986140132 -0.126752019 0.107058577
1773244969.447261 -0.110462174 0.027750835 0.277778417 0.000127771 0.986256599 -0.127488494 0.105093263
1773244969.485894 -0.111025766 0.027352706 0.276488155 -0.000412408 0.986211300 -0.127284035 0.105763063
1773244969.513687 -0.110494569 0.027495380 0.275750488 0.000080427 0.986262023 -0.127722502 0.104757719
1773244969.547669 -0.110574946 0.026850536 0.275099576 -0.000192988 0.986406028 -0.126898304 0.104402848
1773244969.588773 -0.110281259 0.025801465 0.274348766 -0.000202160 0.986693025 -0.125161424 0.103785776
1773244969.614652 -0.109839246 0.026441060 0.273384213 -0.000139256 0.986563683 -0.126762643 0.103069425
1773244969.652027 -0.109648064 0.026459444 0.272587955 -0.000213005 0.986579835 -0.126997396 0.102624781
1773244969.680402 -0.109401405 0.026332375 0.271850348 -0.000026430 0.986638963 -0.126936018 0.102131478
1773244969.712981 -0.109117635 0.026374862 0.271157473 0.000297953 0.986693561 -0.126732007 0.101856507
1773244969.754070 -0.109421045 0.027346008 0.269841254 0.000360693 0.986261785 -0.129319683 0.102781303
1773244969.780570 -0.108846962 0.028484803 0.268812567 0.000096708 0.986070693 -0.130946055 0.102556087
1773244969.821529 -0.108487993 0.026677053 0.268825531 0.000115614 0.986442447 -0.128329515 0.102287628
1773244969.847575 -0.108160481 0.027359728 0.268042535 0.001197878 0.986325145 -0.128910497 0.102680691
1773244969.885945 -0.108192608 0.029081855 0.267253667 0.001973245 0.985850096 -0.131798953 0.103560433
1773244969.914216 -0.108317241 0.031587537 0.265766352 0.003739448 0.985174894 -0.135435566 0.105231367
1773244969.948156 -0.109181508 0.033873692 0.264134496 0.004821972 0.984267175 -0.139599591 0.108197935
1773244969.986308 -0.107601047 0.025875267 0.264622957 0.001407038 0.985984504 -0.126816228 0.108398646
1773244970.015020 -0.106554434 0.025541808 0.264297128 0.000108267 0.985938013 -0.126945257 0.108678959
1773244970.054200 -0.106177121 0.025016703 0.263395637 0.000316067 0.985816658 -0.126048550 0.110802159
1773244970.081774 -0.105254538 0.024499252 0.262961388 0.000515186 0.985722601 -0.125400305 0.112363279
1773244970.113878 -0.105537996 0.025455631 0.261743546 0.000511359 0.985060334 -0.127153203 0.116137564
1773244970.156249 -0.105170570 0.024855979 0.261353940 0.000168543 0.984897494 -0.126259804 0.118471041
1773244970.180676 -0.104905903 0.024854541 0.260460854 0.000378213 0.984428108 -0.126757935 0.121793419
1773244970.223970 -0.104565129 0.025180724 0.259702414 0.000483612 0.983911276 -0.127435148 0.125214592
1773244970.249487 -0.103997692 0.024832390 0.258977026 0.000301206 0.983553231 -0.127052128 0.128376991
1773244970.287202 -0.103726305 0.024384681 0.258173794 0.000147129 0.983158231 -0.126556322 0.131846100
1773244970.316000 -0.102960289 0.024655532 0.257381529 0.000129824 0.982672334 -0.127006426 0.134997800
1773244970.348679 -0.103701256 0.024949569 0.255820781 0.000033444 0.981672943 -0.127919257 0.141261861
1773244970.387621 -0.103466824 0.024382297 0.254665941 0.000058619 0.981111407 -0.127173513 0.145764530
1773244970.415967 -0.103736743 0.025532652 0.252582401 0.000332197 0.979905844 -0.129365042 0.151819319
1773244970.463718 -0.102520838 0.024785392 0.252456248 0.000401787 0.979660094 -0.128259286 0.154322699
1773244970.481226 -0.101288371 0.024268236 0.252675414 0.000176154 0.979485691 -0.127075896 0.156395406
1773244970.514938 -0.100730345 0.024729114 0.251532227 -0.000005098 0.978628874 -0.128544718 0.160504639
1773244970.554562 -0.100644194 0.024188567 0.251032770 0.000174181 0.977979302 -0.127254575 0.165416703
1773244970.581224 -0.100564785 0.024041463 0.249954432 0.000166675 0.977112472 -0.127264321 0.170455143
1773244970.627379 -0.101982526 0.024650406 0.247737169 0.000607074 0.975597620 -0.128450051 0.178071693
1773244970.648569 -0.099658206 0.024105851 0.248677716 0.000090207 0.975723624 -0.127702981 0.177919701
1773244970.696548 -0.099188402 0.023934666 0.247833893 0.000389464 0.975101709 -0.127710626 0.181291282
1773244970.716646 -0.098670036 0.023982286 0.247489363 0.000143713 0.974434197 -0.127791718 0.184789717
1773244970.748911 -0.098861620 0.023952514 0.246478513 0.000039601 0.973486066 -0.128135815 0.189489096
1773244970.787932 -0.099091142 0.023713190 0.245499119 0.000022580 0.972638607 -0.127750173 0.194046572
1773244970.815217 -0.098367557 0.022957068 0.245090067 -0.000393441 0.972164452 -0.126715839 0.197076693
1773244970.857610 -0.098163202 0.022936914 0.244426221 0.000186298 0.971434534 -0.126379907 0.200855866
1773244970.884208 -0.096585162 0.023128569 0.244739309 0.000149430 0.971069992 -0.127031282 0.202203020
1773244970.916772 -0.095709622 0.023802456 0.244476780 0.000792072 0.970360577 -0.128190964 0.204858020
1773244970.961029 -0.095881902 0.023133758 0.243246943 -0.000076608 0.969330430 -0.127576530 0.210054189
1773244970.983496 -0.092806138 0.023595240 0.244646505 0.000166894 0.969575703 -0.128030881 0.208640814
1773244971.022454 -0.094858676 0.023337919 0.242101565 0.000661586 0.967638671 -0.127555966 0.217725679
1773244971.047917 -0.093835920 0.023449656 0.241765112 0.000257098 0.966911733 -0.127971947 0.220691741
1773244971.087779 -0.094019368 0.022001021 0.240949854 -0.000442603 0.966015995 -0.125584409 0.225923598
1773244971.116702 -0.093296662 0.022030268 0.240178004 -0.000487997 0.965032935 -0.125662863 0.230043665
1773244971.191003 -0.090971678 0.022027619 0.241247848 -0.000417939 0.965008438 -0.125562608 0.230201229
1773244971.205965 -0.090965152 0.022654153 0.239927799 -0.000347612 0.963510811 -0.127133638 0.235550016
1773244971.227751 -0.090008155 0.022836577 0.239560619 0.000235178 0.962695539 -0.127284929 0.238779768
1773244971.255129 -0.089970462 0.021699719 0.238994628 -0.000112645 0.961741507 -0.125038102 0.243759617
1773244971.282510 -0.090124398 0.021731578 0.237750828 -0.000055289 0.960284591 -0.125276163 0.249317870
1773244971.316792 -0.090303071 0.021052882 0.237023175 -0.000283567 0.958953619 -0.123949148 0.255038202
1773244971.363081 -0.087889954 0.020797171 0.237511933 -0.000316725 0.958729506 -0.123403981 0.256142646
1773244971.385242 -0.088060379 0.021245334 0.236452043 -0.000143425 0.957013905 -0.124524586 0.261950344
1773244971.423013 -0.086900383 0.021860212 0.236121148 0.000776297 0.956003964 -0.125242949 0.265273482
1773244971.449283 -0.083776660 0.021765601 0.238736540 0.000718741 0.956770241 -0.125043556 0.262591571
1773244971.489294 -0.083650112 0.021839883 0.237447262 0.000607538 0.955083787 -0.125389352 0.268499732
1773244971.516210 -0.084121197 0.021965764 0.235857517 0.000524462 0.953058362 -0.126060486 0.275296718
1773244971.549814 -0.083972171 0.021687012 0.235210389 0.000131722 0.951655447 -0.125503913 0.280358195
1773244971.588882 -0.085866660 0.022124812 0.231840521 0.000965516 0.948332429 -0.126760677 0.290854603
1773244971.615200 -0.083832599 0.021552201 0.233034641 0.000972422 0.948324561 -0.125195816 0.291557223
1773244971.654699 -0.082366459 0.022482790 0.232729435 0.001970580 0.947162807 -0.126492023 0.294751704
1773244971.683375 -0.080799147 0.022281203 0.234436974 0.001078969 0.946836233 -0.126623288 0.295747489
1773244971.715855 -0.080438182 0.022342775 0.233378023 0.001793036 0.944996595 -0.125814810 0.301908612
1773244971.756170 -0.080260754 0.022559986 0.232714608 0.001250348 0.943124056 -0.127177551 0.307150245
1773244971.783791 -0.080854192 0.022399496 0.231241703 0.001718869 0.940756023 -0.126396328 0.314641148
1773244971.822063 -0.081139743 0.022483364 0.229220450 0.001719419 0.938061416 -0.126993567 0.322351307
1773244971.850178 -0.080929615 0.022359584 0.228842095 0.001857680 0.936215401 -0.126873314 0.327719986
1773244971.889413 -0.079438388 0.021117147 0.228968278 0.000658600 0.935142756 -0.125051647 0.331465870
1773244971.916845 -0.079014912 0.021233199 0.228510484 0.001368830 0.933250904 -0.124695577 0.336885482
1773244971.950360 -0.077878639 0.021647552 0.228563279 0.001543691 0.931845665 -0.125346109 0.340513676
1773244971.989253 -0.077285305 0.021697236 0.228516817 0.001213018 0.930033147 -0.125373289 0.345424980
1773244972.016848 -0.076245643 0.021637088 0.228392750 0.001711977 0.928336501 -0.124966182 0.350102693
1773244972.056543 -0.076382905 0.021721203 0.227810621 0.001636502 0.925835609 -0.124585673 0.356797010
1773244972.083718 -0.075856254 0.021720931 0.227274060 0.002152714 0.923317254 -0.124480188 0.363297820
1773244972.116299 -0.075600423 0.021146484 0.226055861 0.000818253 0.920337379 -0.124037385 0.370935500
1773244972.156610 -0.075287975 0.021179941 0.225613475 0.000673866 0.917568088 -0.124233074 0.377669752
1773244972.184026 -0.075048849 0.021127544 0.225294530 0.000487181 0.914791882 -0.123934135 0.384442240
1773244972.222444 -0.074723199 0.021223193 0.224819243 0.000174871 0.912024856 -0.123967752 0.390950918
1773244972.249565 -0.074209675 0.021135435 0.224352300 0.000129222 0.909124076 -0.123531789 0.397785455
1773244972.290356 -0.073476039 0.021464610 0.223807096 0.000855101 0.906053722 -0.123530231 0.404729873
1773244972.316601 -0.073005915 0.021162804 0.223095030 0.000570809 0.902873278 -0.123237215 0.411864132
1773244972.350842 -0.069754913 0.021956228 0.224542588 0.002036248 0.901863217 -0.123656198 0.413941681
1773244972.389653 -0.068780728 0.022922806 0.224548966 0.003074843 0.899022639 -0.125437468 0.419540644
1773244972.417159 -0.067996770 0.022331780 0.224948227 0.002371986 0.896638751 -0.124120973 0.425002784
1773244972.457266 -0.067245886 0.022061609 0.224806905 0.002474111 0.893734396 -0.123269163 0.431320637
1773244972.484361 -0.066096894 0.021807728 0.224485666 0.002663404 0.890846372 -0.122001536 0.437608629
1773244972.516568 -0.066865809 0.020699022 0.223796129 0.000623598 0.886868656 -0.120252289 0.446097463
1773244972.557025 -0.064339370 0.021652404 0.224462345 0.002461443 0.885251880 -0.121420249 0.448976815
1773244972.583631 -0.064170100 0.021580042 0.224426180 0.001279696 0.882153153 -0.121502213 0.455017984
1773244972.622725 -0.064058021 0.021619175 0.224353343 0.001566211 0.879183054 -0.120785706 0.460918218
1773244972.651717 -0.062788092 0.021217570 0.224110454 0.001555605 0.876636624 -0.120152168 0.465906978
1773244972.689737 -0.062387295 0.021092145 0.224017262 0.001765860 0.873736441 -0.119369030 0.471521646
1773244972.716830 -0.061984926 0.020976501 0.223905087 0.001121363 0.870890677 -0.119279444 0.476781547
1773244972.749576 -0.060905889 0.020773811 0.224042460 0.001017829 0.868711412 -0.118366703 0.480966538
1773244972.789716 -0.060646959 0.020861236 0.223359793 0.000809034 0.865177631 -0.118935972 0.487156302
1773244972.817343 -0.060394935 0.021130636 0.223124653 0.001152073 0.862125576 -0.118864655 0.492554009
1773244972.857540 -0.060243219 0.020724284 0.222912624 0.000988984 0.858893394 -0.118246853 0.498316079
1773244972.885052 -0.059805363 0.020683723 0.222484052 0.000645602 0.855554104 -0.117911272 0.504106939
1773244972.917535 -0.058958828 0.020805100 0.222724244 0.000806334 0.852856576 -0.117695816 0.508706987
1773244972.959574 -0.059031233 0.020292798 0.222473025 0.000120627 0.849398196 -0.116540685 0.514724255
1773244972.984967 -0.058770701 0.020183230 0.222069860 -0.001017333 0.845713139 -0.116579331 0.520747185
1773244973.022303 -0.058403678 0.019519405 0.221538097 -0.000256975 0.842099369 -0.114833958 0.526955128
1773244973.050736 -0.058340035 0.018537754 0.221394718 -0.001245573 0.838704109 -0.112768061 0.532782614
1773244973.089970 -0.053557962 0.019134063 0.225675642 -0.000317192 0.841437578 -0.112973675 0.528412342
1773244973.118113 -0.053384617 0.019242302 0.225422114 -0.000464595 0.837756455 -0.113154307 0.534191072
1773244973.150557 -0.053056784 0.019341907 0.225038767 -0.000993758 0.834007621 -0.113438912 0.539964736
1773244973.189834 -0.052970476 0.019305263 0.224861220 -0.001044143 0.830207944 -0.112393193 0.546004891
1773244973.218283 -0.056851521 0.018038921 0.219155312 -0.002822097 0.819171190 -0.110496163 0.562797904
1773244973.258355 -0.051549219 0.019636905 0.224168822 -0.000016709 0.823047698 -0.112477459 0.556723773
1773244973.284055 -0.051690802 0.019579452 0.224358976 0.000279797 0.819525957 -0.111240804 0.562141061
1773244973.317296 -0.051307678 0.019425893 0.223816618 0.000105455 0.815442145 -0.110732958 0.568148196
1773244973.357673 -0.050840937 0.019389533 0.223093331 -0.000073293 0.811450422 -0.110451020 0.573889196
1773244973.385378 -0.050727580 0.019402394 0.222892940 -0.000691632 0.807628036 -0.110332511 0.579278171
1773244973.423855 -0.050955243 0.019587914 0.221453995 -0.002072681 0.802271008 -0.111236103 0.586501062
1773244973.450638 -0.050799858 0.019441936 0.221201032 -0.002984552 0.798507929 -0.110785283 0.591694832
1773244973.491480 -0.050661605 0.019408792 0.221009627 -0.002436442 0.794694126 -0.109884217 0.596976399
1773244973.519195 -0.050579026 0.019439586 0.220868379 -0.003427386 0.791011512 -0.110153772 0.601793230
1773244973.552075 -0.047956564 0.020220080 0.222666159 -0.001339746 0.790802181 -0.111061476 0.601909876
1773244973.590011 -0.047202185 0.019489793 0.223395973 -0.000110601 0.788713336 -0.108556263 0.605100632
1773244973.618850 -0.045947496 0.018469678 0.224796742 -0.001593499 0.787575662 -0.106218673 0.606992245
1773244973.657744 -0.045968324 0.019081580 0.223823652 -0.002177646 0.782997489 -0.107983902 0.612576246
1773244973.685597 -0.046105232 0.020410603 0.221938968 -0.001167466 0.777268171 -0.110372074 0.619411707
1773244973.717296 -0.046181917 0.020155132 0.221646145 -0.000896194 0.773548901 -0.109381817 0.624225020
1773244973.759215 -0.044151004 0.018964173 0.224439219 -0.001068883 0.774784565 -0.105977058 0.623278856
1773244973.785392 -0.043787159 0.018780533 0.224453747 -0.001144615 0.771443009 -0.105396092 0.627507746
1773244973.823794 -0.043322258 0.018618550 0.224573120 -0.001955836 0.768396080 -0.104838848 0.631325960
1773244973.851227 -0.043009967 0.018700041 0.224246666 -0.001880206 0.764571846 -0.105065778 0.635914803
1773244973.894124 -0.042253442 0.018234584 0.224951819 -0.002638227 0.762407660 -0.103030682 0.638836622
1773244973.918972 -0.038680226 0.019298967 0.227740377 0.000824084 0.764060915 -0.104272537 0.636661291
1773244973.952085 -0.038495399 0.019038092 0.227221072 -0.000431855 0.759617388 -0.104213260 0.641966403
1773244973.993274 -0.037972398 0.018989613 0.227494776 -0.000659401 0.756275058 -0.103353336 0.646038413
1773244974.019148 -0.037606392 0.019422393 0.227464750 0.000638645 0.752419531 -0.103636608 0.650479794
1773244974.058617 -0.036359344 0.019956812 0.228206560 0.002616370 0.749876082 -0.103743002 0.653388321
1773244974.086051 -0.035883576 0.019638665 0.228409633 0.001698241 0.746181607 -0.102950186 0.657731891
1773244974.117890 -0.035550252 0.019669704 0.228206366 0.001295935 0.742193103 -0.103067316 0.662212074
1773244974.158308 -0.035021920 0.019301318 0.228919953 0.000540747 0.739554286 -0.102112517 0.665306091
1773244974.184989 -0.034545913 0.019162899 0.228611842 0.000483896 0.735437989 -0.101228856 0.669987619
1773244974.225292 -0.034493592 0.018632580 0.227921620 -0.002543545 0.730746269 -0.101358756 0.675077736
1773244974.251393 -0.033428408 0.018878426 0.229192555 -0.000068961 0.729216397 -0.100081779 0.676924706
1773244974.292062 -0.032101415 0.018623635 0.230236664 -0.000275065 0.727546573 -0.099232562 0.678843677
1773244974.319667 -0.031823292 0.018962104 0.229897738 -0.000308665 0.723179221 -0.099646643 0.683434129
1773244974.352408 -0.030920522 0.019086722 0.230233565 0.000307233 0.719927549 -0.099453576 0.686886549
1773244974.392051 -0.030913174 0.018896151 0.229516223 -0.000766151 0.714875102 -0.099035524 0.692202985
1773244974.419321 -0.029917553 0.017841300 0.231108323 -0.002512902 0.713782251 -0.096620239 0.693666458
1773244974.459618 -0.029845944 0.018603599 0.230235547 -0.001415863 0.708339393 -0.097671174 0.699080527
1773244974.485131 -0.028806360 0.017708942 0.232136309 -0.003052696 0.707765043 -0.095497109 0.699956954
1773244974.518724 -0.028213924 0.018377343 0.232414722 -0.000649445 0.704419494 -0.095558912 0.703321576
1773244974.559504 -0.028091928 0.017930077 0.232548639 -0.002267953 0.701221526 -0.095055051 0.706574738
1773244974.586841 -0.027564647 0.017853642 0.232054681 -0.002565160 0.697111905 -0.094320349 0.710726559
1773244974.625382 -0.027608901 0.018176712 0.231118456 -0.002556743 0.692547441 -0.095235184 0.715053678
1773244974.652791 -0.026342396 0.018611901 0.232969865 -0.000778125 0.692493737 -0.094499335 0.715207458
1773244974.691914 -0.025540767 0.018888786 0.233470395 0.000397979 0.690306067 -0.095242910 0.717221081
1773244974.719146 -0.025390428 0.018570863 0.233435139 -0.000909615 0.687504828 -0.094048843 0.720063269
1773244974.753753 -0.024935845 0.018739982 0.233188361 -0.000572544 0.684534669 -0.094815589 0.722787678
1773244974.792946 -0.024227696 0.018880367 0.233662054 -0.000549628 0.682831943 -0.094203644 0.724476337
1773244974.820750 -0.024554934 0.017702362 0.232496932 -0.003657545 0.678444803 -0.092782035 0.728759706
1773244974.859663 -0.024028674 0.017944898 0.232663661 -0.003126984 0.676229060 -0.092332833 0.730875552
1773244974.886772 -0.022680677 0.018852744 0.233693555 -0.000587227 0.675569236 -0.093582071 0.731333196
1773244974.920040 -0.021946099 0.018695947 0.234699309 -0.000920977 0.675096691 -0.093109749 0.731829345
1773244974.959444 -0.021545377 0.018558200 0.234358072 -0.001439418 0.672110260 -0.092515893 0.734647214
1773244974.986835 -0.021085296 0.018285127 0.234265104 -0.002313799 0.669391930 -0.091673933 0.737227917
1773244975.028109 -0.020168424 0.018497145 0.234925300 -0.001484555 0.667975545 -0.091661982 0.738515079
1773244975.053088 -0.019610118 0.018477775 0.234665602 -0.001524509 0.665066957 -0.091622226 0.741140306
1773244975.093656 -0.018938961 0.018671904 0.235341012 -0.000904211 0.663726270 -0.091220200 0.742391765
1773244975.119175 -0.018306263 0.018250823 0.235435084 -0.002074036 0.661286354 -0.090533495 0.744647443
1773244975.154401 -0.017693538 0.018196713 0.235379830 -0.002387232 0.658597648 -0.090252116 0.747059584
1773244975.193289 -0.016726473 0.018183986 0.235854059 -0.002559004 0.656977892 -0.090138003 0.748497605
1773244975.220842 -0.015890427 0.018644357 0.236035883 -0.000808437 0.654569805 -0.090093829 0.750613630
1773244975.260514 -0.015362918 0.018093979 0.236268252 -0.002703467 0.652471840 -0.089161567 0.752544582
1773244975.287220 -0.014540119 0.018188760 0.236250088 -0.002279422 0.649574757 -0.088829502 0.755087256
1773244975.327060 -0.013843713 0.018160049 0.237006500 -0.002567979 0.648473561 -0.088293314 0.756095111
1773244975.352963 -0.013038654 0.018284984 0.237224981 -0.002381283 0.646243930 -0.088471226 0.757981479
1773244975.386812 -0.012242505 0.018143913 0.237394795 -0.002574646 0.643945456 -0.087869018 0.760004461
1773244975.426257 -0.011418853 0.018128246 0.237584457 -0.002659301 0.641628504 -0.087479047 0.762006044
1773244975.453941 -0.010589277 0.017985707 0.237756893 -0.003185905 0.639263749 -0.087123945 0.764029503
1773244975.494298 -0.009781968 0.018248430 0.237541899 -0.002463101 0.636260211 -0.086893067 0.766561449
1773244975.521493 -0.009102233 0.017832285 0.238111019 -0.003984089 0.635150552 -0.085844070 0.767592788
1773244975.554373 -0.008365590 0.017541962 0.238519609 -0.004953256 0.633353829 -0.084681340 0.769199193
1773244975.593063 -0.007718254 0.017064666 0.238589734 -0.006627282 0.631144524 -0.083536692 0.771125317
1773244975.621207 -0.006896220 0.017302275 0.238851368 -0.005947594 0.629094422 -0.083596431 0.772797823
1773244975.667091 -0.005154412 0.017439654 0.238821328 -0.004950895 0.626914442 -0.084179595 0.774511218
1773244975.687714 -0.004550636 0.017464027 0.239539266 -0.005018517 0.625991225 -0.083810106 0.775297165
1773244975.728557 -0.003858291 0.017322564 0.239620090 -0.005608923 0.623726368 -0.082869180 0.777217269
1773244975.754471 -0.003042627 0.016930224 0.239890993 -0.006794380 0.621753991 -0.081666373 0.778913617
1773244975.788132 -0.002309211 0.017258350 0.240349844 -0.005584531 0.620375812 -0.082216755 0.779963493
1773244975.827171 -0.001479041 0.017327104 0.240327239 -0.005463484 0.617889106 -0.082082823 0.781949818
1773244975.854837 -0.000787280 0.017075934 0.240590423 -0.006412917 0.616079986 -0.081382379 0.783441901
1773244975.893685 -0.000022579 0.016939189 0.240405291 -0.006921140 0.613450646 -0.081257001 0.785511076
1773244975.921072 0.000747140 0.017074369 0.240963966 -0.006496178 0.612023711 -0.080838226 0.786670148
1773244975.954869 0.001487549 0.016558664 0.241286844 -0.008219532 0.610308409 -0.079500258 0.788121700
1773244975.993768 0.002291620 0.016714167 0.241355777 -0.007654648 0.608046770 -0.079611816 0.789862335
1773244976.020938 0.003142711 0.016466688 0.241296053 -0.008727174 0.605527580 -0.078799240 0.791865408
1773244976.060888 0.003968917 0.017025899 0.241770104 -0.006939065 0.603846848 -0.079416782 0.793103874
1773244976.088533 0.004485868 0.016335592 0.241958216 -0.009666611 0.602129102 -0.077957936 0.794524789
1773244976.126306 0.005361743 0.016634680 0.242223993 -0.008719333 0.600050449 -0.077983283 0.796104252
1773244976.154378 0.006047413 0.016459931 0.242511883 -0.009159778 0.598314464 -0.077536859 0.797448397
1773244976.188271 0.006726570 0.016471013 0.242728949 -0.009372079 0.596480429 -0.076805159 0.798889399
1773244976.228444 0.007815339 0.016753405 0.242625669 -0.008303437 0.593298078 -0.078329995 0.801119804
1773244976.254658 0.008374602 0.016381070 0.243094504 -0.009929248 0.591971576 -0.077038459 0.802207053
1773244976.294148 0.009068720 0.016765809 0.243304148 -0.008572628 0.589987338 -0.077898353 0.803600192
1773244976.322267 0.009883642 0.017165715 0.243669406 -0.007353818 0.587951362 -0.077204458 0.805169940
1773244976.353978 0.010619633 0.016832434 0.243737131 -0.008676517 0.585496724 -0.076130025 0.807045579
1773244976.394328 0.011105932 0.015915427 0.243659496 -0.011883495 0.582894981 -0.074409917 0.809045970
1773244976.420924 0.011688046 0.016054679 0.243883133 -0.011610768 0.580983937 -0.073844500 0.810475051
1773244976.462357 0.012228273 0.015851391 0.244187489 -0.012635201 0.579051316 -0.073132984 0.811906040
1773244976.488604 0.013227046 0.016250554 0.244744003 -0.010959529 0.577097058 -0.073841244 0.813256621
1773244976.526804 0.013720281 0.016581642 0.245140597 -0.010278468 0.575252533 -0.073097534 0.814638376
1773244976.555816 0.014185399 0.016500192 0.245542571 -0.010548570 0.573394775 -0.073237866 0.815930963
1773244976.588156 0.014869630 0.016092286 0.245593250 -0.012423527 0.570293307 -0.071881846 0.818195701
1773244976.628045 0.015144035 0.016265377 0.246198297 -0.012026696 0.569390595 -0.071830258 0.818834603
1773244976.655757 0.015750460 0.016483672 0.246389464 -0.011397267 0.566972315 -0.071852781 0.820517898
1773244976.694483 0.016067974 0.016162004 0.246725008 -0.012514475 0.565191448 -0.070840783 0.821817279
1773244976.721496 0.018174767 0.015892377 0.245804772 -0.013203329 0.557139754 -0.071716763 0.827210784
1773244976.754594 0.018589683 0.015490864 0.245724216 -0.014797743 0.554240227 -0.070602007 0.829225063
1773244976.795505 0.019061849 0.015422619 0.246072546 -0.015250714 0.552228510 -0.070074834 0.830602527
1773244976.823007 0.019699231 0.015478630 0.246434912 -0.015196228 0.549981475 -0.069811732 0.832115233
1773244976.862095 0.020684764 0.016828122 0.246942937 -0.010391368 0.547507107 -0.071422763 0.833682656
1773244976.887917 0.020732284 0.016589584 0.247388810 -0.011713150 0.546557188 -0.070600428 0.834358215
1773244976.928371 0.021146230 0.016367394 0.247700483 -0.012588844 0.544483602 -0.069563955 0.835787058
1773244976.956358 0.021699175 0.016301014 0.247968093 -0.012723785 0.541771472 -0.068769246 0.837611198
1773244976.989630 0.023098655 0.015041078 0.247029334 -0.017486392 0.534822583 -0.068673298 0.841987550
1773244977.028561 0.023495957 0.014677989 0.247440666 -0.018586710 0.532665730 -0.068512492 0.843343198
1773244977.055434 0.023863606 0.014554532 0.247584641 -0.019624211 0.530322731 -0.066727795 0.844937921
1773244977.095489 0.024102673 0.015585240 0.248577163 -0.015782762 0.529440701 -0.066939496 0.845554590
1773244977.122910 0.025277875 0.015186478 0.248290405 -0.017561734 0.524312317 -0.067056656 0.848699987
1773244977.156743 0.025767125 0.015329340 0.248430654 -0.016991980 0.521580935 -0.066998616 0.850397408
1773244977.195483 0.026183963 0.015215297 0.248847455 -0.017634680 0.519270360 -0.066142842 0.851864100
1773244977.223174 0.026427053 0.015290371 0.249389559 -0.017712925 0.517753601 -0.065486118 0.852835894
1773244977.262109 0.026828706 0.014914876 0.249529660 -0.019351464 0.514696658 -0.063974649 0.854763210
1773244977.289957 0.027864411 0.015180287 0.249579325 -0.018509375 0.509995937 -0.065073594 0.857512116
1773244977.329144 0.028163388 0.015075583 0.250055015 -0.019016223 0.507815361 -0.064578287 0.858831584
1773244977.355302 0.028521210 0.015375998 0.250516444 -0.018259937 0.505684018 -0.064396836 0.860118210
1773244977.390233 0.028822042 0.015322691 0.250659466 -0.018629409 0.503073215 -0.064527832 0.861630142
1773244977.428228 0.029813431 0.015677620 0.250845701 -0.017276675 0.498593658 -0.064044639 0.864293993
1773244977.456728 0.030037113 0.015094263 0.251094997 -0.019579506 0.496196091 -0.062817268 0.865713656
1773244977.496371 0.030309469 0.015335095 0.251448750 -0.019014718 0.494053274 -0.062169012 0.866997600
1773244977.523013 0.030894689 0.015356662 0.251628935 -0.018972842 0.490693748 -0.063231230 0.868827641
1773244977.555482 0.030979000 0.015017563 0.251865119 -0.020532858 0.488678426 -0.061491925 0.870052040
1773244977.595518 0.031105861 0.015647458 0.252198309 -0.017949367 0.487194240 -0.062060129 0.870900750
1773244977.623260 0.031254128 0.016512271 0.252864003 -0.014994401 0.486268044 -0.062981166 0.871408045
1773244977.663216 0.032150045 0.016325593 0.253005117 -0.015318197 0.481483668 -0.062164564 0.874113441
1773244977.690179 0.032249957 0.015948670 0.252997220 -0.017339896 0.478650063 -0.061376486 0.875686228
1773244977.729516 0.031761363 0.015849650 0.253612280 -0.017864808 0.478821069 -0.061563540 0.875569046
1773244977.757394 0.033241414 0.015371141 0.253264189 -0.019813530 0.471131891 -0.059284866 0.879845142
1773244977.789385 0.033880860 0.015131334 0.253201544 -0.020476352 0.466101944 -0.057625666 0.882614911
1773244977.830643 0.033743642 0.014479207 0.253358573 -0.023625938 0.463667721 -0.056810580 0.883870244
1773244977.856835 0.034790948 0.015834602 0.253714859 -0.017962987 0.458056390 -0.058103692 0.886840284
1773244977.896019 0.034791246 0.015579856 0.253785998 -0.019397086 0.454254270 -0.056443911 0.888870597
1773244977.923800 0.034668200 0.015440703 0.254272968 -0.020001205 0.451256186 -0.056494553 0.890379786
1773244977.963486 0.035529487 0.015252235 0.254299879 -0.021011839 0.443795174 -0.054854888 0.894200921
1773244977.989808 0.035128750 0.015384953 0.254867971 -0.020400837 0.441164166 -0.054317735 0.895548761
1773244978.023407 0.036253378 0.015080362 0.254445195 -0.021701688 0.431303412 -0.052986544 0.900388122
1773244978.063675 0.036403060 0.015158996 0.254696935 -0.021479942 0.425810754 -0.051791478 0.903073311
1773244978.089889 0.036056846 0.014566815 0.255080134 -0.024355352 0.421738952 -0.050318915 0.904992342
1773244978.129784 0.036975048 0.014783426 0.255090147 -0.023255201 0.412599206 -0.049594726 0.909264266
1773244978.156890 0.037261434 0.014761030 0.255265504 -0.023315238 0.405764759 -0.047769535 0.912430525
1773244978.189896 0.037824959 0.014884268 0.255468994 -0.022976419 0.398050398 -0.047617882 0.915838718
1773244978.229768 0.038019553 0.014597798 0.255688608 -0.023985155 0.391520798 -0.045351226 0.918737948
1773244978.258039 0.038029976 0.015550684 0.256428748 -0.020617684 0.386815786 -0.047076348 0.920723796
1773244978.295973 0.037883453 0.015054565 0.256691784 -0.022548178 0.381491780 -0.044665437 0.923017144
1773244978.324886 0.038771078 0.015173714 0.256215900 -0.021652948 0.371527314 -0.042739220 0.927184939
1773244978.362777 0.038887434 0.015580720 0.256636113 -0.020075861 0.365843982 -0.043178692 0.929457247
1773244978.391059 0.039077856 0.015344352 0.256580442 -0.021107892 0.358564287 -0.041296814 0.932352245
1773244978.424853 0.039121896 0.015118819 0.256726623 -0.021834845 0.352136284 -0.040542923 0.934815288
1773244978.464009 0.038861141 0.013675343 0.257049441 -0.027485894 0.346813083 -0.035169132 0.936871529
1773244978.491732 0.038891084 0.013662869 0.257229418 -0.027618594 0.340613574 -0.035066403 0.939143181
1773244978.529543 0.038929947 0.013516958 0.256800503 -0.028178686 0.333067924 -0.034589604 0.941846728
1773244978.558173 0.038887307 0.013689509 0.257143140 -0.027142201 0.327512622 -0.032354463 0.943902552
1773244978.591077 0.039093681 0.014409715 0.257833451 -0.024487788 0.322408497 -0.033769585 0.945681095
1773244978.630661 0.039163023 0.014351152 0.258079410 -0.024383387 0.316452473 -0.032027125 0.947753966
1773244978.658104 0.039541982 0.013923160 0.257971138 -0.026111502 0.309194684 -0.029807810 0.950172782
1773244978.697813 0.039625369 0.014114095 0.258402199 -0.025598986 0.304385006 -0.030606598 0.951713085
1773244978.724514 0.039754510 0.013964221 0.258016944 -0.026035119 0.297640264 -0.029383428 0.953870595
1773244978.765955 0.039634794 0.014869828 0.258485228 -0.022369651 0.293820411 -0.029724391 0.955136478
1773244978.792199 0.039767690 0.013900183 0.258376122 -0.026053198 0.287579119 -0.027413420 0.957009971
1773244978.824654 0.039799377 0.014869527 0.258860588 -0.022329159 0.283315480 -0.028226940 0.958351195
1773244978.865516 0.039693303 0.014691784 0.259026438 -0.022566915 0.278795183 -0.026279071 0.959725738
1773244978.892063 0.039706923 0.014624120 0.258964717 -0.023323145 0.273195654 -0.026520465 0.961309969
1773244978.930848 0.040173844 0.014914064 0.259384215 -0.021714743 0.266839683 -0.025237411 0.963165700
1773244978.957356 0.040142819 0.013676863 0.259377331 -0.026996275 0.261008978 -0.022833914 0.964688659
1773244978.992882 0.040171169 0.012401489 0.259435117 -0.031907599 0.254822105 -0.018731710 0.966279805
1773244979.031897 0.040122785 0.010803154 0.259272069 -0.037732329 0.248509452 -0.014851902 0.967780292
1773244979.057356 0.040528134 0.014509726 0.259608686 -0.022940630 0.242088601 -0.019940577 0.969777942
1773244979.098071 0.040373065 0.014596148 0.259873092 -0.023382427 0.236513689 -0.022790270 0.971079350
1773244979.125224 0.040503420 0.014652457 0.260065526 -0.023247547 0.229261518 -0.021056592 0.972859323
1773244979.164497 0.040368922 0.014764273 0.260633707 -0.023174044 0.223938182 -0.021919122 0.974081218
1773244979.191694 0.040744402 0.014524973 0.260030091 -0.024030244 0.213933185 -0.020177493 0.976344168
1773244979.225909 0.040723845 0.014459437 0.260174304 -0.024496008 0.206925064 -0.018366724 0.977877617
1773244979.264771 0.040716186 0.014691431 0.260573208 -0.023152150 0.200262770 -0.017521368 0.979311883
1773244979.291432 0.041338358 0.013806978 0.260274529 -0.026342208 0.189724579 -0.013117741 0.981396258
1773244979.331076 0.040849078 0.014711456 0.261381119 -0.022234518 0.186756462 -0.013196098 0.982065976
1773244979.358899 0.040901624 0.014889954 0.261483371 -0.021948058 0.179462045 -0.011903303 0.983448029
1773244979.391923 0.041007914 0.015286134 0.261326820 -0.020644583 0.172081649 -0.014246762 0.984763265
1773244979.431690 0.040797882 0.015225986 0.262068570 -0.020539748 0.167549029 -0.011262159 0.985585451
1773244979.459124 0.040610317 0.015142325 0.262171835 -0.020853940 0.162327930 -0.010643228 0.986459076
1773244979.498657 0.040952254 0.014973193 0.262091100 -0.020935353 0.154963985 -0.008228425 0.987663984
1773244979.525977 0.040644426 0.015144176 0.262545496 -0.020398952 0.151833341 -0.008478829 0.988159239
1773244979.565304 0.040639605 0.015265285 0.262518734 -0.019813383 0.146591574 -0.008340842 0.988963485
1773244979.591978 0.040577579 0.015302327 0.262804598 -0.019584326 0.142366275 -0.007108605 0.989594758
1773244979.626022 0.040602047 0.015192935 0.263015419 -0.019918388 0.137425527 -0.005994130 0.990293682
1773244979.664968 0.040527515 0.015053520 0.263198078 -0.020478237 0.132459626 -0.005235071 0.990963042
1773244979.691962 0.040598191 0.015034527 0.263168335 -0.020457588 0.126460195 -0.004530331 0.991750360
1773244979.732450 0.040709578 0.016159946 0.263513267 -0.016513601 0.121319816 -0.007325476 0.992449045
1773244979.758032 0.040763706 0.015990512 0.263549745 -0.017024383 0.115020424 -0.005623009 0.993201315
1773244979.792318 0.040757306 0.016330756 0.263642251 -0.015451931 0.108673066 -0.005635981 0.993941486
1773244979.832373 0.040742416 0.016231213 0.263685733 -0.016038533 0.102211647 -0.004331757 0.994623959
1773244979.859503 0.040802456 0.016241094 0.264011681 -0.015824379 0.095744945 -0.003844357 0.995272696
1773244979.898492 0.040424507 0.015140705 0.263852686 -0.019603318 0.089514509 0.001178863 0.995791852
1773244979.925739 0.040625483 0.015102968 0.263861477 -0.019961329 0.081198350 0.001832377 0.996496379
1773244979.965035 0.040461428 0.015154383 0.264149636 -0.019159555 0.075141631 0.003021489 0.996984184
1773244979.993246 0.040846512 0.015059514 0.264415115 -0.019069215 0.066514440 0.005478567 0.997588217
1773244980.026848 0.040780906 0.015056922 0.264636219 -0.019108769 0.059585001 0.005895436 0.998022914
1773244980.065763 0.040816061 0.016221287 0.264884979 -0.014913067 0.052491680 0.004148803 0.998501420
1773244980.092927 0.040987805 0.015909914 0.265188187 -0.015654517 0.045174927 0.006101133 0.998837769
1773244980.132187 0.040277109 0.016223500 0.265487909 -0.015095348 0.041862801 0.004871950 0.998997450
1773244980.160860 0.040185209 0.016221009 0.265650809 -0.014806068 0.035528470 0.006251988 0.999239445
1773244980.193731 0.041373558 0.015299391 0.264719516 -0.019768516 0.021381140 0.007130181 0.999550521
1773244980.233746 0.041308194 0.015464593 0.264791995 -0.018760130 0.014405209 0.007817552 0.999689639
1773244980.260376 0.041401688 0.015557471 0.264706373 -0.018249562 0.006612372 0.009167952 0.999769568
1773244980.299110 0.040327221 0.017181017 0.265693396 -0.010977696 0.006021804 0.007134257 0.999896169
1773244980.326727 0.040252559 0.016760010 0.265956461 -0.012783911 -0.000491486 0.009457007 0.999873459
1773244980.372916 0.041361779 0.015236896 0.265257835 -0.019963495 -0.013787061 0.011349169 0.999641180
1773244980.392709 0.041261345 0.015416238 0.265528768 -0.018354172 -0.019406298 0.013156218 0.999556601
1773244980.428620 0.041246556 0.015558077 0.265410542 -0.018176090 -0.026835287 0.013571840 0.999382436
1773244980.469225 0.040417843 0.015413737 0.265333056 -0.017006807 -0.030641634 0.016285948 0.999253035
1773244980.493743 0.040319309 0.015330262 0.265485078 -0.017462583 -0.036885753 0.018578056 0.998994172
1773244980.531457 0.040340088 0.015228669 0.265576184 -0.017540919 -0.043182325 0.018978741 0.998732865
1773244980.560627 0.040392905 0.015284773 0.265545279 -0.017134048 -0.050189674 0.019613314 0.998400092
1773244980.593033 0.040525213 0.015375655 0.265550911 -0.017268285 -0.056804329 0.019519405 0.998045087
1773244980.633185 0.040565655 0.015238968 0.265549302 -0.017591864 -0.062854744 0.021087598 0.997644782
1773244980.659751 0.040587973 0.015156673 0.265925080 -0.017588492 -0.067695014 0.021706739 0.997314811
1773244980.699947 0.040540703 0.015033360 0.266002268 -0.018148614 -0.072922327 0.023068232 0.996905625
1773244980.726957 0.040544879 0.014662172 0.266054153 -0.020725464 -0.078160293 0.022478914 0.996471882
1773244980.766258 0.040560897 0.015115080 0.266445518 -0.018782506 -0.082918279 0.021969460 0.996137083
1773244980.794145 0.039080977 0.015390269 0.266633093 -0.016201863 -0.083412245 0.024639817 0.996078670
1773244980.827511 0.039136406 0.015357411 0.266703129 -0.016288888 -0.089511931 0.024847722 0.995542526
1773244980.867834 0.039068621 0.015347851 0.267016470 -0.016627312 -0.094950072 0.025521735 0.995015860
1773244980.892841 0.039073650 0.015213323 0.267081767 -0.017389368 -0.101047426 0.025972309 0.994390488
1773244980.934029 0.037525836 0.015297526 0.266731203 -0.015696436 -0.103515290 0.027658468 0.994119346
1773244980.961507 0.037530761 0.015274021 0.267255515 -0.015523443 -0.109629020 0.028614108 0.993439317
1773244980.994518 0.037546732 0.015246576 0.267327487 -0.015966039 -0.115851335 0.029616069 0.992696524
1773244981.037405 0.037600730 0.015318465 0.267516911 -0.014878014 -0.122485772 0.030632706 0.991885841
1773244981.061102 0.037603490 0.015315494 0.267717034 -0.015133034 -0.128807679 0.032572832 0.991018951
1773244981.100517 0.037622571 0.015330256 0.267761976 -0.014682116 -0.133995593 0.032319963 0.990345895
1773244981.127791 0.037624337 0.015193770 0.267807424 -0.015761996 -0.139073655 0.032179307 0.989633560
1773244981.166397 0.037578680 0.015181478 0.268008679 -0.015832908 -0.143864900 0.033545736 0.988901854
1773244981.194848 0.037501208 0.015155338 0.268044531 -0.015614261 -0.147038743 0.033090569 0.988453746
1773244981.228135 0.037457146 0.015089940 0.268064380 -0.016344450 -0.150225714 0.033678036 0.987942755
1773244981.265907 0.037463225 0.015165048 0.268084705 -0.015229338 -0.154017627 0.033980679 0.987366199
1773244981.293829 0.037422635 0.015150409 0.268042535 -0.015666874 -0.156266198 0.034460135 0.986989319
1773244981.333422 0.037383363 0.015175106 0.268336385 -0.015112977 -0.159649566 0.034601770 0.986451387
1773244981.360778 0.037361391 0.015177420 0.268348634 -0.015142181 -0.160599127 0.034929335 0.986285210
1773244981.394891 0.032385461 0.015843341 0.271874905 -0.013866996 -0.156170055 0.035421859 0.986997426
1773244981.433269 0.032358408 0.015844572 0.271894634 -0.014224529 -0.156022176 0.035622485 0.987008512
1773244981.461679 0.032318607 0.015847871 0.271926910 -0.014128050 -0.155319363 0.035561699 0.987122893
1773244981.500983 0.032297440 0.015846848 0.271940559 -0.014383790 -0.154375196 0.035025850 0.987286448
1773244981.528295 0.032251380 0.015850862 0.271976650 -0.014433980 -0.153039619 0.035108224 0.987490714
1773244981.567260 0.032244578 0.015849847 0.271980494 -0.014905093 -0.152374119 0.034830265 0.987596452
1773244981.594138 0.032149345 0.015894473 0.272340804 -0.014558126 -0.152293801 0.035276458 0.987598240
1773244981.627857 0.032094218 0.015896540 0.272378653 -0.014662367 -0.150993630 0.035092585 0.987802863
1773244981.667935 0.032065734 0.015897883 0.272400498 -0.015348465 -0.150600076 0.035405464 0.987841368
1773244981.693530 0.032020546 0.015900182 0.272432327 -0.014950483 -0.149539694 0.035192166 0.988016129
1773244981.733652 0.031973921 0.015902039 0.272464961 -0.015505719 -0.148561254 0.035358142 0.988149226
1773244981.762118 0.031940103 0.015903682 0.272489905 -0.015149870 -0.147943228 0.035273194 0.988250494
1773244981.795110 0.028824694 0.016943542 0.279091507 -0.014340429 -0.148706719 0.034553956 0.988173366
1773244981.834706 0.028777845 0.016945658 0.279124588 -0.014704426 -0.147954687 0.034938790 0.988267422
1773244981.862507 0.028864302 0.016983453 0.279379725 -0.013684491 -0.149698362 0.033774327 0.988059938
1773244981.901808 0.027905270 0.017188562 0.280806571 -0.014404355 -0.147901222 0.034407098 0.988298476
1773244981.928188 0.027869351 0.017196119 0.280871630 -0.014354314 -0.147900879 0.034215998 0.988305926
1773244981.975213 0.027855754 0.017202554 0.280958503 -0.014726158 -0.148660615 0.034527950 0.988175571
1773244981.997726 0.027810715 0.017222697 0.281000733 -0.013927747 -0.148969412 0.034092709 0.988155782
1773244982.028957 0.027792946 0.017220758 0.281064659 -0.014565482 -0.149857000 0.034460586 0.987999558
1773244982.077059 0.027749620 0.017178660 0.281136990 -0.015568692 -0.150095671 0.035274502 0.987919331
1773244982.096329 0.027699634 0.017166065 0.281159073 -0.015755065 -0.149985656 0.035573527 0.987922370
1773244982.135525 0.027701646 0.017250365 0.281264842 -0.014468633 -0.151097804 0.034343299 0.987816095
1773244982.163574 0.027599499 0.017259084 0.281435132 -0.014594006 -0.151658058 0.034669567 0.987716973
1773244982.195058 0.027584255 0.017269701 0.281523317 -0.014725483 -0.152301505 0.034974214 0.987605274
1773244982.237693 0.027513243 0.017300680 0.281672180 -0.014316334 -0.152394176 0.034640804 0.987608731
1773244982.262973 0.027475163 0.017296178 0.281734616 -0.014333284 -0.152069539 0.034558676 0.987661421
1773244982.302295 0.027427621 0.017328743 0.281795532 -0.014046775 -0.151488334 0.034591269 0.987753689
1773244982.329450 0.027408920 0.017337572 0.281876594 -0.013960874 -0.151086226 0.034578323 0.987816989
1773244982.367986 0.027328409 0.017368671 0.282201290 -0.013977610 -0.150983319 0.034472607 0.987836182
1773244982.396361 0.027294554 0.017371595 0.282266945 -0.014374601 -0.150153443 0.034510192 0.987955630
1773244982.429303 0.027260840 0.017402245 0.282416254 -0.013679975 -0.149658412 0.034120888 0.988054156
1773244982.468592 0.027236275 0.017411662 0.282485336 -0.014111892 -0.148841619 0.034218542 0.988168061
1773244982.495292 0.023779899 0.018793473 0.291749448 -0.013196648 -0.148340508 0.033937685 0.988265753
1773244982.534536 0.023764320 0.018800979 0.291859359 -0.013734207 -0.147760853 0.034049932 0.988341391
1773244982.561848 0.023683801 0.018829003 0.291927755 -0.013515767 -0.146276757 0.033640798 0.988579154
1773244982.602081 0.023649924 0.018808840 0.292046875 -0.013879295 -0.145331800 0.033837169 0.988706768
1773244982.630170 0.023670293 0.018853569 0.292209893 -0.013523441 -0.145275265 0.033339191 0.988736928
1773244982.662127 0.023610793 0.018833984 0.292283773 -0.014056504 -0.144269943 0.033526219 0.988870323
1773244982.702353 0.023577042 0.018886026 0.292473286 -0.013529300 -0.143894315 0.033073515 0.988947690
1773244982.729064 0.023504026 0.018928103 0.292557478 -0.013347639 -0.142734542 0.033207655 0.989113748
1773244982.770755 0.023507446 0.018918741 0.292677581 -0.013635555 -0.142128810 0.032940131 0.989205956
1773244982.797161 0.023558646 0.018898847 0.292864621 -0.014098312 -0.142306745 0.033120725 0.989167869
1773244982.829083 0.023489356 0.018947989 0.292930841 -0.013981511 -0.141174152 0.033074241 0.989333332
1773244982.868638 0.023539133 0.018964408 0.293104053 -0.013859292 -0.141161457 0.032876160 0.989343464
1773244982.897006 0.023397937 0.018998381 0.293267727 -0.013815857 -0.139576882 0.032690018 0.989575028
1773244982.935575 0.023357034 0.019014468 0.293353945 -0.013963426 -0.138697267 0.032789290 0.989693344
1773244982.963604 0.023274921 0.019038562 0.293444365 -0.013820197 -0.137458906 0.032482859 0.989878237
1773244983.001995 0.023294881 0.019084169 0.293765992 -0.013596612 -0.137736127 0.032133609 0.989854217
1773244983.028528 0.023243755 0.019078508 0.293865412 -0.014005898 -0.136929333 0.032434028 0.989950597
1773244983.062515 0.023216844 0.019088453 0.293972194 -0.014081932 -0.136262611 0.032362398 0.990043879
1773244983.103129 0.023194022 0.019170696 0.294159085 -0.013305686 -0.135915399 0.031942580 0.990115941
1773244983.130272 0.023123167 0.019180795 0.294255495 -0.013342282 -0.134877861 0.031875089 0.990259528
1773244983.170171 0.023089960 0.019230388 0.294522494 -0.013528470 -0.134657621 0.031585444 0.990296245
1773244983.196543 0.023066863 0.019235339 0.294678003 -0.013395807 -0.134159103 0.031253334 0.990376234
1773244983.230395 0.023066700 0.019246606 0.294859260 -0.013542455 -0.133970320 0.031407207 0.990394950
1773244983.269901 0.022947051 0.019326760 0.295141160 -0.013183473 -0.132876754 0.031326666 0.990549624
1773244983.297081 0.022958711 0.019367915 0.295331717 -0.013078926 -0.132562295 0.030842191 0.990608335
1773244983.335901 0.022825971 0.019406445 0.295791417 -0.013393268 -0.131619081 0.030940546 0.990726888
1773244983.363837 0.022750355 0.019421099 0.295900106 -0.013892272 -0.130707800 0.030933630 0.990840852
1773244983.402818 0.022716403 0.019470014 0.296059281 -0.013410686 -0.130200237 0.030790411 0.990918756
1773244983.429966 0.022672758 0.019498097 0.296192199 -0.013569051 -0.129725143 0.030984471 0.990972877
1773244983.464063 0.022669315 0.019527668 0.296376497 -0.013380955 -0.129534870 0.030661585 0.991010368
1773244983.503021 0.022615731 0.019525690 0.296582669 -0.013696912 -0.129075125 0.030638840 0.991066754
1773244983.530347 0.022549935 0.019565020 0.296694249 -0.013797639 -0.128514364 0.030706601 0.991136134
1773244983.573781 0.022480264 0.019584499 0.296819717 -0.013950707 -0.127785474 0.030696522 0.991228521
1773244983.596099 0.022451840 0.019607708 0.297031343 -0.013935491 -0.127599239 0.030605312 0.991255581
1773244983.629882 0.022423439 0.019659249 0.297197044 -0.013793200 -0.127503440 0.030216083 0.991281807
1773244983.671299 0.017869852 0.022391669 0.316069156 -0.014617770 -0.127815366 0.031006537 0.991205394
1773244983.697505 0.017815754 0.022449184 0.316182792 -0.014077784 -0.127626613 0.030562449 0.991251349
1773244983.736279 0.017786436 0.022434825 0.316387236 -0.014595849 -0.127765179 0.030866470 0.991216600
1773244983.763239 0.017705373 0.022508752 0.316491276 -0.014167875 -0.127598673 0.030735239 0.991248310
1773244983.803903 0.017696321 0.022489687 0.316705734 -0.014632552 -0.127976045 0.030953992 0.991186082
1773244983.830295 0.017387122 0.022649731 0.317566305 -0.014278973 -0.127926186 0.030955115 0.991197646
1773244983.862961 0.017243266 0.022714788 0.317627281 -0.014184982 -0.127318472 0.031255055 0.991267860
1773244983.902710 0.017252870 0.022689320 0.317838550 -0.014353698 -0.128114969 0.030998938 0.991170824
1773244983.930665 0.017169081 0.022744393 0.318038285 -0.014065867 -0.128857285 0.030946847 0.991080344
1773244983.969482 0.017104223 0.022784073 0.318226099 -0.013946266 -0.129325598 0.030921854 0.991021812
1773244983.997671 0.017084584 0.022796249 0.318454206 -0.014106338 -0.129915267 0.030838544 0.990945041
1773244984.031385 0.016972296 0.022825481 0.318591267 -0.014074169 -0.130095810 0.031083241 0.990914106
1773244984.070338 0.016949832 0.022832626 0.318808258 -0.014319023 -0.130982578 0.031378534 0.990784466
1773244984.097658 0.016799830 0.022911625 0.319202751 -0.014340403 -0.131226584 0.031207092 0.990757346
1773244984.137737 0.016754925 0.022947609 0.319362253 -0.014281625 -0.131800354 0.031211121 0.990681887
1773244984.164069 0.016631112 0.022951055 0.319524527 -0.014328486 -0.132030129 0.031223498 0.990650237
1773244984.205575 0.016600646 0.023015499 0.319763958 -0.014207330 -0.132601023 0.031105587 0.990579426
1773244984.231066 0.016129106 0.023176387 0.321251392 -0.014150315 -0.133321553 0.031164205 0.990481675
1773244984.264395 0.016068459 0.023192888 0.321440518 -0.014571422 -0.133856311 0.031197280 0.990402400
1773244984.303710 0.016000494 0.023221962 0.321627408 -0.014640183 -0.134409130 0.031070376 0.990330517
1773244984.330338 0.015951276 0.023260726 0.321823686 -0.014137002 -0.135009736 0.030992676 0.990258574
1773244984.370263 0.015762858 0.023351317 0.322146088 -0.014374587 -0.135503590 0.031260170 0.990179241
1773244984.397077 0.015694909 0.023327041 0.322341859 -0.014695350 -0.135842726 0.031286351 0.990127265
1773244984.431017 0.015646003 0.023339124 0.322524160 -0.015308616 -0.136408567 0.031520382 0.990032792
1773244984.470999 0.012224980 0.025079865 0.332435310 -0.014381304 -0.136623099 0.031795032 0.990008295
1773244984.497890 0.012243405 0.025064563 0.332714915 -0.014837495 -0.137798175 0.031811617 0.989838123
1773244984.537313 0.012186170 0.025208218 0.332908064 -0.014355004 -0.138212994 0.032305524 0.989771426
1773244984.565557 0.011758260 0.025301568 0.333760589 -0.014760958 -0.137947008 0.032116253 0.989808738
1773244984.603964 0.011709802 0.025305606 0.333998173 -0.014704483 -0.138335109 0.031803790 0.989765465
1773244984.631385 0.011312403 0.025422346 0.333957613 -0.014269472 -0.136885911 0.031737782 0.989975452
1773244984.665299 0.010321617 0.025769429 0.336771041 -0.014726087 -0.138343990 0.032234609 0.989749968
1773244984.704333 0.010449976 0.025721554 0.337293178 -0.014611258 -0.139699161 0.031684671 0.989579082
1773244984.732778 0.010368571 0.025780350 0.337538958 -0.014623402 -0.139960185 0.031761434 0.989539564
1773244984.772631 0.009472720 0.026060998 0.339039773 -0.014717938 -0.138819754 0.032019153 0.989690423
1773244984.798827 0.009415075 0.026052184 0.339432627 -0.014932192 -0.139244750 0.031740524 0.989636481
1773244984.837170 0.009482265 0.025942821 0.339778006 -0.015466663 -0.139955372 0.031944390 0.989521503
1773244984.865561 0.008619800 0.026544524 0.341292590 -0.014446434 -0.139385983 0.032258984 0.989607096
1773244984.898927 0.008622482 0.026450930 0.341787785 -0.014671111 -0.139918402 0.032016918 0.989536524
1773244984.945311 0.008374713 0.026624070 0.344671071 -0.015140614 -0.141170368 0.032324038 0.989341617
1773244984.966317 0.008156396 0.026608178 0.345191866 -0.015249984 -0.141140595 0.032107517 0.989351273
1773244985.008676 0.007812910 0.026454553 0.345594913 -0.015763359 -0.141271338 0.031887215 0.989331663
1773244985.033478 0.007454090 0.026520273 0.346681058 -0.015556741 -0.141474292 0.031917956 0.989304960
1773244985.065804 0.006838888 0.027060000 0.347372651 -0.015316789 -0.140976623 0.032398067 0.989364088
1773244985.103714 0.006246060 0.027151711 0.347796828 -0.015233495 -0.140364140 0.032583382 0.989446402
1773244985.131200 0.005828880 0.026887376 0.348240644 -0.015515040 -0.140073419 0.031979535 0.989502907
1773244985.171437 0.005924217 0.026965788 0.349630237 -0.015342588 -0.140872851 0.032256115 0.989383101
1773244985.198576 0.004903115 0.026744178 0.349873245 -0.015671801 -0.139885619 0.031997070 0.989526451
1773244985.238416 0.005413026 0.026761713 0.351007968 -0.015765570 -0.141105995 0.032101210 0.989348292
1773244985.265940 0.004644580 0.026599418 0.351641744 -0.015929215 -0.140183583 0.031343602 0.989501059
1773244985.299932 0.004585385 0.027091842 0.352508157 -0.015376651 -0.140237331 0.031824805 0.989486814
1773244985.338809 0.004763424 0.026917197 0.353549987 -0.015508938 -0.140883595 0.031581387 0.989400804
1773244985.366295 0.003827907 0.026970934 0.353798807 -0.016116824 -0.139835745 0.032139745 0.989521742
1773244985.404190 0.003648274 0.027125645 0.354822785 -0.015619829 -0.139978960 0.031476755 0.989530742
1773244985.432065 0.003439657 0.027205814 0.355436146 -0.015796727 -0.139817864 0.031521227 0.989549339
1773244985.466540 0.003028445 0.027172985 0.356254101 -0.015649971 -0.139334083 0.031449996 0.989622176
1773244985.505838 0.002841271 0.027159614 0.357460111 -0.015857810 -0.139338538 0.031278849 0.989623606
1773244985.533353 0.002154313 0.027441259 0.357820064 -0.015905622 -0.138414934 0.031445701 0.989747167
1773244985.572597 0.002057143 0.027301000 0.358733833 -0.016295921 -0.138440073 0.031407163 0.989738524
1773244985.600176 0.001675293 0.027277038 0.359485239 -0.016158760 -0.138092667 0.031400181 0.989789486
1773244985.639804 0.002236210 0.028956879 0.360858709 -0.014338432 -0.139274508 0.032280840 0.989623666
1773244985.668283 0.002038270 0.028956862 0.361431837 -0.014741971 -0.139091074 0.032295421 0.989643037
1773244985.701548 0.001489133 0.028819017 0.362338066 -0.014893237 -0.138627082 0.032291468 0.989705980
1773244985.741955 0.000903703 0.029302374 0.362796664 -0.014275524 -0.137822613 0.031851590 0.989841700
1773244985.767203 0.000907786 0.029166589 0.363739163 -0.014192098 -0.138080508 0.031429529 0.989820480
1773244985.804130 0.000721976 0.028762702 0.364398301 -0.015043368 -0.138134405 0.031322062 0.989803791
1773244985.833618 -0.000233784 0.029440567 0.364942878 -0.013994122 -0.136557907 0.031488780 0.990032613
1773244985.867910 -0.000206508 0.029284256 0.365677238 -0.014533426 -0.136690155 0.031626459 0.990002215
1773244985.908978 -0.000140592 0.029460307 0.366749227 -0.014595530 -0.136940509 0.031623498 0.989966810
1773244985.933790 -0.000804372 0.029365454 0.366943777 -0.014694119 -0.135833398 0.031224860 0.990130484
1773244985.972115 -0.001785450 0.029623188 0.367169648 -0.014775413 -0.134322688 0.031495735 0.990326762
1773244986.001545 -0.001472183 0.029596550 0.368372262 -0.014659428 -0.134785891 0.030704804 0.990290403
1773244986.040656 -0.001594722 0.029642176 0.368985713 -0.014918331 -0.134901360 0.031249361 0.990253806
1773244986.067133 -0.001837663 0.029794320 0.369611591 -0.014779701 -0.134512797 0.031146115 0.990311980
1773244986.100540 -0.002302125 0.029472522 0.370206892 -0.015563487 -0.134138793 0.031508323 0.990339220
1773244986.142761 -0.002519138 0.029397573 0.371081501 -0.015190872 -0.133983299 0.030707167 0.990391195
1773244986.166719 -0.003094882 0.029764447 0.371455014 -0.014761674 -0.132942006 0.030813344 0.990534723
1773244986.206883 -0.002766430 0.029683582 0.372415781 -0.015220203 -0.133461654 0.030676993 0.990462124
1773244986.233624 -0.003214836 0.030061869 0.373000950 -0.014605776 -0.132910296 0.030527228 0.990550160
1773244986.266772 -0.002984725 0.030142717 0.374309689 -0.014749169 -0.133473396 0.030545244 0.990471721
1773244986.305778 -0.003372528 0.030394316 0.374780118 -0.014783048 -0.132844001 0.030811952 0.990547597
1773244986.333003 -0.004056647 0.030456850 0.375574231 -0.014555153 -0.132106587 0.030428780 0.990661442
1773244986.373422 -0.002895609 0.031841885 0.377923012 -0.013485292 -0.134513974 0.031535406 0.990317941
1773244986.399612 -0.003266022 0.031818289 0.378511190 -0.013605480 -0.133828640 0.031503428 0.990410209
1773244986.439264 -0.003703408 0.031609211 0.379435420 -0.014064246 -0.133419231 0.031534076 0.990458071
1773244986.467217 -0.004174814 0.031865068 0.379926383 -0.013642471 -0.132682547 0.031187821 0.990573823
1773244986.499895 -0.004149482 0.031794425 0.380903751 -0.014116207 -0.132859558 0.031030664 0.990548432
1773244986.539012 -0.004413374 0.031989995 0.381677240 -0.013880526 -0.132555470 0.031042408 0.990592122
1773244986.567159 -0.004638158 0.031632084 0.382377118 -0.015047437 -0.132251635 0.031350166 0.990606010
1773244986.606028 -0.005195148 0.031493150 0.383305073 -0.014765453 -0.131661922 0.030446017 0.990716994
1773244986.634309 -0.005390257 0.031805933 0.384150863 -0.014929746 -0.131764337 0.030567475 0.990697145
1773244986.673389 -0.006164283 0.031700164 0.384758681 -0.014767040 -0.130649075 0.030357786 0.990853727
1773244986.699789 -0.006184392 0.031820249 0.385842353 -0.014972283 -0.130849689 0.030155273 0.990830362
1773244986.734254 -0.006908707 0.032013007 0.385873497 -0.014883378 -0.129551113 0.030082012 0.991004586
1773244986.774433 -0.007023327 0.031612031 0.386937201 -0.015580687 -0.129651621 0.030541895 0.990966618
1773244986.801395 -0.006510586 0.032395318 0.388189316 -0.015020177 -0.130667672 0.030833647 0.990832806
1773244986.841449 -0.007384129 0.032764670 0.388675839 -0.013868940 -0.129462197 0.029691348 0.991042674
1773244986.867597 -0.008623578 0.032789901 0.388814598 -0.013905684 -0.127767622 0.029399153 0.991270781
1773244986.901152 -0.008898266 0.032843724 0.389211327 -0.014296324 -0.127224937 0.029610775 0.991328716
1773244986.940070 -0.008584090 0.032758795 0.390571117 -0.014610053 -0.128083423 0.029822195 0.991207242
1773244986.966471 -0.008809231 0.032849938 0.391219854 -0.014416939 -0.127996743 0.029629190 0.991227031
1773244987.007158 -0.009344161 0.032805473 0.391596913 -0.014345977 -0.127453238 0.029028239 0.991315901
1773244987.034713 -0.009519808 0.032350499 0.392647296 -0.015010089 -0.127671078 0.029422553 0.991266429
1773244987.073388 -0.009760201 0.032805398 0.393513292 -0.014592727 -0.127733663 0.029134253 0.991273046
1773244987.101553 -0.009581037 0.032683872 0.394381315 -0.015032696 -0.128005683 0.029303377 0.991226435
1773244987.134485 -0.009930372 0.032681815 0.394783407 -0.015268875 -0.127656534 0.029061083 0.991274953
1773244987.174448 -0.010181829 0.033307392 0.395963550 -0.014278139 -0.127590969 0.029192595 0.991294324
1773244987.200570 -0.010434911 0.033391699 0.396749467 -0.014225676 -0.127448007 0.028727222 0.991327107
1773244987.240404 -0.011076264 0.033487305 0.397125483 -0.014354964 -0.126293719 0.029018724 0.991464436
1773244987.268417 -0.010956451 0.033853732 0.398149252 -0.014164909 -0.126558736 0.029008823 0.991433680
1773244987.301119 -0.011332586 0.033866160 0.398712724 -0.014299819 -0.125842586 0.028569736 0.991535604
1773244987.341449 -0.011969090 0.033979878 0.399367124 -0.014202897 -0.125019357 0.028355762 0.991647303
1773244987.368491 -0.012183510 0.033564180 0.400409043 -0.014728801 -0.124875680 0.027563671 0.991680026
1773244987.407121 -0.012036622 0.033840816 0.401283503 -0.014796236 -0.125276700 0.028786652 0.991593719
1773244987.435248 -0.012413405 0.033796981 0.401857197 -0.015048653 -0.124606840 0.028320100 0.991687775
1773244987.473936 -0.012792163 0.034174614 0.402678221 -0.014600870 -0.124158300 0.028047958 0.991758466
1773244987.501075 -0.013323806 0.034111593 0.403037846 -0.015044754 -0.123108372 0.028165733 0.991879404
1773244987.535147 -0.012528971 0.035204582 0.405273408 -0.014280323 -0.125106022 0.029279785 0.991608441
1773244987.575451 -0.012955993 0.035396144 0.405754894 -0.014098018 -0.124525785 0.029285207 0.991683900
1773244987.601533 -0.013554722 0.035499062 0.406221569 -0.013820825 -0.123858847 0.029170120 0.991774738
1773244987.640866 -0.013777316 0.035685286 0.407277256 -0.013476300 -0.123918153 0.028969979 0.991777897
1773244987.667412 -0.013983548 0.035424534 0.408024669 -0.014159802 -0.123784445 0.028750932 0.991791487
1773244987.702373 -0.014485054 0.035634700 0.408402950 -0.014100450 -0.122919589 0.029202864 0.991886675
1773244987.740571 -0.014802903 0.035664156 0.409040898 -0.014108030 -0.122473627 0.029174361 0.991942525
1773244987.769307 -0.014490329 0.036153682 0.410632282 -0.013583399 -0.123521149 0.028939810 0.991826832
1773244987.809416 -0.014862046 0.036248893 0.411286265 -0.013416573 -0.123136774 0.028534522 0.991888642
1773244987.836453 -0.014670819 0.036358219 0.412580252 -0.013928080 -0.124046795 0.029223762 0.991748154
1773244987.874292 -0.015452988 0.036227193 0.412925392 -0.014005115 -0.122345544 0.028702309 0.991973579
1773244987.902466 -0.017128654 0.036605462 0.412606835 -0.013588927 -0.120130286 0.028923532 0.992243648
1773244987.935536 -0.016430721 0.036471244 0.414001912 -0.013947977 -0.121655956 0.028617561 0.992061675
1773244987.975364 -0.016310804 0.036575045 0.415191978 -0.014115165 -0.122256160 0.028811280 0.991979897
1773244988.002746 -0.016894042 0.036890555 0.415585637 -0.013869038 -0.121487759 0.029395124 0.992060602
1773244988.042993 -0.016860656 0.036743488 0.416458130 -0.014160807 -0.121735208 0.029008146 0.992037594
1773244988.069671 -0.017401218 0.036914978 0.417108089 -0.014164964 -0.121700242 0.028658386 0.992051959
1773244988.102919 -0.017531410 0.036863189 0.418064117 -0.014157427 -0.121647544 0.028264020 0.992069840
1773244988.142515 -0.017872423 0.037008323 0.418827981 -0.014168253 -0.121421158 0.028613789 0.992087364
1773244988.170413 -0.018417694 0.037073318 0.419327348 -0.014422294 -0.120934591 0.028500365 0.992146432
1773244988.209549 -0.019198239 0.036869742 0.419445962 -0.014824012 -0.119626932 0.028077498 0.992311120
1773244988.235413 -0.018534318 0.037255615 0.421067834 -0.014803394 -0.121472329 0.028305085 0.992080688
1773244988.275737 -0.018852986 0.037379302 0.421853453 -0.014670237 -0.121661574 0.027913913 0.992070556
1773244988.302934 -0.018656678 0.037303515 0.422950417 -0.015211735 -0.122256860 0.028612718 0.991969347
1773244988.336365 -0.019291528 0.037753396 0.423896134 -0.014988713 -0.122193590 0.028537106 0.991982698
1773244988.375829 -0.019786507 0.037994176 0.424311996 -0.014731152 -0.121697269 0.028731005 0.992041945
1773244988.403007 -0.020681135 0.037644248 0.424332887 -0.015359701 -0.120173089 0.028429128 0.992226899
1773244988.441584 -0.020426035 0.038188081 0.425858736 -0.015119144 -0.121984839 0.029188575 0.991987467
1773244988.470045 -0.020843945 0.038015146 0.426446885 -0.015167106 -0.121644370 0.028761528 0.992041051
1773244988.503483 -0.020668320 0.038526788 0.427853167 -0.014715388 -0.122607447 0.029277556 0.991914153
1773244988.543574 -0.020992741 0.038794003 0.428614080 -0.014264426 -0.122655652 0.029027143 0.991922140
1773244988.570034 -0.021762304 0.038509246 0.428727746 -0.014852981 -0.121702939 0.028894197 0.992034733
1773244988.609505 -0.021704778 0.038490977 0.429648727 -0.015450479 -0.122420870 0.028949743 0.991935670
1773244988.637236 -0.021663293 0.038528308 0.430942833 -0.015820945 -0.122844048 0.029331403 0.991866291
1773244988.675469 -0.022394277 0.038828809 0.431231588 -0.016054990 -0.122280233 0.032556154 0.991831601
1773244988.702251 -0.023246817 0.038723651 0.431025684 -0.015555246 -0.121433720 0.027669666 0.992091894
1773244988.736808 -0.022857934 0.039243903 0.432778120 -0.015115716 -0.123260975 0.029929584 0.991807699
1773244988.775128 -0.022584230 0.039252140 0.433931500 -0.016249994 -0.125041977 0.029875789 0.991568387
1773244988.803924 -0.023179688 0.039645646 0.434283704 -0.014879752 -0.124699973 0.029353375 0.991648555
1773244988.842566 -0.023645461 0.039829392 0.434978843 -0.015517220 -0.125002787 0.030048503 0.991579831
1773244988.869107 -0.024001740 0.040201243 0.435712039 -0.014334428 -0.125447586 0.029704817 0.991551816
1773244988.903999 -0.024236381 0.040322948 0.436450213 -0.014668164 -0.125822440 0.029726423 0.991498828
1773244988.943707 -0.024843745 0.040148992 0.436937302 -0.014944261 -0.125914454 0.029831367 0.991479874
1773244988.970141 -0.025269389 0.040091872 0.437219650 -0.015291311 -0.125872791 0.029525690 0.991488993
1773244989.010039 -0.024959423 0.040819138 0.439100206 -0.014297813 -0.127663612 0.029739998 0.991268396
1773244989.037254 -0.025402829 0.040257711 0.439708233 -0.015176166 -0.127796873 0.029729957 0.991238475
1773244989.077238 -0.025436111 0.040430248 0.440446585 -0.015276477 -0.128527090 0.030364336 0.991123319
1773244989.103365 -0.025886223 0.040678728 0.441129833 -0.015045481 -0.128903210 0.030720841 0.991066992
1773244989.136863 -0.026141927 0.040950809 0.442863703 -0.014579325 -0.129438907 0.030344684 0.991015732
1773244989.176033 -0.026409760 0.041042943 0.443758368 -0.014736328 -0.129644468 0.030509811 0.990981460
1773244989.204806 -0.027151093 0.041408148 0.443955928 -0.014126369 -0.128782406 0.030289851 0.991109490
1773244989.244334 -0.027389407 0.041065965 0.444807589 -0.015169268 -0.129105031 0.029896485 0.991064072
1773244989.269852 -0.027343050 0.041392382 0.446183085 -0.014916512 -0.129773363 0.030526895 0.990961373
1773244989.311313 -0.027749956 0.041444920 0.446999282 -0.015378443 -0.129346475 0.030682484 0.991005301
1773244989.337962 -0.028362423 0.041791510 0.447367877 -0.015023408 -0.128044516 0.030688507 0.991179645
1773244989.394737 -0.028832868 0.041740384 0.447987974 -0.015304773 -0.127128989 0.030037783 0.991313100
1773244989.409233 -0.028450519 0.041826740 0.449698061 -0.015372774 -0.127552688 0.030594710 0.991240621
1773244989.437376 -0.029130258 0.041695952 0.450383723 -0.016338879 -0.126194850 0.030345742 0.991406620
1773244989.476973 -0.029767290 0.042156838 0.450847477 -0.015080306 -0.124271184 0.029618440 0.991691470
1773244989.504947 -0.030170627 0.042362023 0.452018052 -0.015460034 -0.123479933 0.029808879 0.991778791
1773244989.537565 -0.030357614 0.042622373 0.452877760 -0.015034138 -0.122718848 0.029358193 0.991893232
1773244989.575378 -0.031098999 0.042502608 0.452909976 -0.015548432 -0.120730124 0.029489513 0.992125392
1773244989.604099 -0.031804666 0.042712647 0.453430712 -0.015091111 -0.119202912 0.029126124 0.992327869
1773244989.642292 -0.031450495 0.042901266 0.455372751 -0.015379234 -0.119731478 0.029350089 0.992253184
1773244989.670106 -0.031661190 0.043159485 0.456202507 -0.014679169 -0.119070627 0.029042261 0.992352366
1773244989.711249 -0.032148637 0.043207187 0.457052171 -0.014827180 -0.118095286 0.028729908 0.992475808
1773244989.738130 -0.032176375 0.043476243 0.457940817 -0.014633150 -0.117805935 0.028773978 0.992511809
1773244989.771139 -0.032590263 0.043278474 0.458224028 -0.015077680 -0.117151387 0.028632153 0.992586732
1773244989.809749 -0.033014715 0.043312401 0.459070563 -0.014694105 -0.116309643 0.028226499 0.992703080
1773244989.837532 -0.033249915 0.043725744 0.459828019 -0.014587204 -0.115689844 0.029004889 0.992754638
1773244989.877492 -0.033025384 0.043774344 0.461111456 -0.014588619 -0.116325669 0.028753966 0.992687643
1773244989.905103 -0.033514179 0.044086989 0.461438954 -0.014557839 -0.115048133 0.029316964 0.992820442
1773244989.938477 -0.033734277 0.043826792 0.462618113 -0.014705629 -0.114511006 0.028636416 0.992900252
1773244989.979000 -0.034192674 0.044114094 0.462878287 -0.014343521 -0.113739073 0.028740687 0.992991269
1773244990.005219 -0.034330547 0.043989085 0.464362949 -0.015039572 -0.113616005 0.029185316 0.992982090
1773244990.043446 -0.035200618 0.044340897 0.464412957 -0.014282887 -0.111691363 0.028122718 0.993242264
1773244990.071465 -0.035347797 0.044659480 0.465353996 -0.013972684 -0.111186981 0.028521633 0.993291855
1773244990.110821 -0.035803691 0.044689178 0.465988070 -0.013591824 -0.110296801 0.028364114 0.993400872
1773244990.136888 -0.035081685 0.044662558 0.467879117 -0.014072675 -0.111901335 0.027979923 0.993225634
1773244990.171076 -0.035149440 0.044823073 0.468736082 -0.013670606 -0.111891635 0.027683191 0.993240654
1773244990.211262 -0.035017572 0.045056246 0.469761729 -0.013780302 -0.112099484 0.027786974 0.993212819
1773244990.239075 -0.035698555 0.044713605 0.469770461 -0.014530647 -0.110405803 0.028815096 0.993362486
1773244990.277257 -0.036119200 0.045043647 0.471231580 -0.014183856 -0.109670691 0.027802691 0.993477821
1773244990.304580 -0.036376536 0.045314800 0.472143501 -0.014146106 -0.109426193 0.028226256 0.993493378
1773244990.337733 -0.036797032 0.045375898 0.472884446 -0.014151153 -0.108693235 0.027866527 0.993583918
1773244990.377944 -0.037008837 0.045351263 0.473895013 -0.014716352 -0.108291514 0.028495478 0.993601739
1773244990.405182 -0.037350431 0.045512129 0.474736243 -0.014474505 -0.107228756 0.028263884 0.993727148
1773244990.444441 -0.036994308 0.045838013 0.476057827 -0.013797074 -0.107963517 0.027843924 0.993669033
1773244990.471731 -0.037057400 0.045982137 0.476927519 -0.013594177 -0.107679687 0.027788067 0.993704200
1773244990.511620 -0.038014561 0.045766491 0.477026403 -0.014488460 -0.105710760 0.027515635 0.993910551
1773244990.537716 -0.038011171 0.046145275 0.478258759 -0.014124660 -0.106102303 0.027563762 0.993872762
1773244990.572503 -0.037985414 0.046244755 0.479118764 -0.013737102 -0.106261365 0.027382743 0.993866205
1773244990.610924 -0.038087912 0.045999527 0.480097800 -0.014505878 -0.106153354 0.027643252 0.993859589
1773244990.638932 -0.038826782 0.046255961 0.480659008 -0.014284797 -0.105098307 0.028301474 0.993956387
1773244990.678261 -0.039020326 0.046906196 0.481540382 -0.013355579 -0.105162919 0.026723191 0.994006157
1773244990.704945 -0.039090451 0.046813983 0.482535422 -0.013725073 -0.105298333 0.027234806 0.993972898
1773244990.738774 -0.039453175 0.046910867 0.483319730 -0.013998087 -0.105401665 0.027010728 0.993964255
1773244990.777632 -0.040063947 0.046792068 0.483544677 -0.014249155 -0.104506135 0.027295746 0.994047463
1773244990.805085 -0.039783329 0.047382347 0.485273391 -0.013297205 -0.106041670 0.027310703 0.993897617
1773244990.846604 -0.039557002 0.047716923 0.486753047 -0.013188723 -0.106996693 0.027045643 0.993803918
1773244990.872611 -0.039690465 0.047903180 0.487786442 -0.012739527 -0.107494019 0.027088683 0.993754983
1773244990.912049 -0.040502705 0.047490329 0.487711251 -0.013911000 -0.106587186 0.027709156 0.993819833
1773244990.939532 -0.040954001 0.047519527 0.488442808 -0.014095074 -0.106616020 0.027908580 0.993808568
1773244990.971493 -0.041572429 0.047640257 0.488585085 -0.013274542 -0.106036887 0.027110193 0.993903935
1773244991.013627 -0.041246086 0.047951326 0.490089774 -0.013254588 -0.107480802 0.027581032 0.993736088
1773244991.039711 -0.041172720 0.048044384 0.491623044 -0.013298170 -0.108169116 0.027582716 0.993660808
1773244991.079230 -0.041566424 0.047999509 0.492329836 -0.013738942 -0.108125925 0.027970294 0.993648648
1773244991.104882 -0.041557506 0.048265271 0.493680090 -0.013294077 -0.109010428 0.027698226 0.993565738
1773244991.139815 -0.042038850 0.048413169 0.494079471 -0.013125396 -0.108915657 0.027793661 0.993575692
1773244991.184343 -0.041810170 0.048516039 0.495738357 -0.013830038 -0.110098310 0.027980246 0.993430495
1773244991.205722 -0.042225093 0.048588503 0.496330321 -0.013896907 -0.109787658 0.028239653 0.993456602
1773244991.246075 -0.042183958 0.048990924 0.497440249 -0.013417424 -0.110700704 0.028152721 0.993364334
1773244991.273077 -0.042300552 0.049026858 0.498482227 -0.013439192 -0.111275330 0.028159924 0.993299663
1773244991.313254 -0.042848550 0.049345210 0.499162734 -0.012975600 -0.110502318 0.027975721 0.993397295
1773244991.339718 -0.043048710 0.049113557 0.499787837 -0.014063099 -0.110565200 0.028720753 0.993354261
1773244991.372064 -0.043243878 0.049457438 0.500992715 -0.013701768 -0.110712111 0.028637357 0.993345320
1773244991.411646 -0.043560885 0.049478527 0.501666605 -0.013805389 -0.110468902 0.028111856 0.993385971
1773244991.439687 -0.043789119 0.049651951 0.502515554 -0.013516003 -0.110681191 0.028228663 0.993363023
1773244991.478981 -0.044201478 0.049674932 0.503317475 -0.013738575 -0.110313609 0.028548976 0.993391693
1773244991.506114 -0.044452332 0.049942859 0.503993273 -0.013513386 -0.110636279 0.028514685 0.993359923
1773244991.539589 -0.044642635 0.050282471 0.505188167 -0.012795145 -0.110731080 0.028068332 0.993371606
1773244991.579458 -0.044937089 0.050180826 0.506011844 -0.013074744 -0.111119203 0.028355738 0.993316412
1773244991.606226 -0.044924118 0.050353192 0.507174075 -0.012869845 -0.111943550 0.028056784 0.993234992
1773244991.646744 -0.045577936 0.050428160 0.507469833 -0.013110126 -0.111425497 0.028128425 0.993288100
1773244991.673196 -0.045942992 0.050342638 0.508349001 -0.013376834 -0.111197852 0.028078379 0.993311465
1773244991.711960 -0.045984432 0.050578017 0.509888887 -0.013066472 -0.112150945 0.028047053 0.993209362
1773244991.740328 -0.046615221 0.050689589 0.510241985 -0.013003204 -0.111864574 0.027612848 0.993254662
1773244991.773519 -0.047247373 0.050939016 0.510830045 -0.013252598 -0.111537009 0.028438650 0.993264854
1773244991.812158 -0.047083229 0.051301356 0.512174785 -0.012436674 -0.113038696 0.028212352 0.993112087
1773244991.840361 -0.047562622 0.051205188 0.512884498 -0.013684602 -0.112803094 0.028642811 0.993110180
1773244991.879286 -0.047731251 0.050970051 0.514098883 -0.014230129 -0.113301262 0.029090203 0.993032813
1773244991.906102 -0.048147835 0.051381167 0.514847696 -0.013500390 -0.113534071 0.028924529 0.993021190
1773244991.940824 -0.048593551 0.051567294 0.515447617 -0.013002771 -0.113883927 0.028845582 0.992990077
1773244991.979886 -0.048064061 0.051661901 0.517350554 -0.013109737 -0.116317421 0.029168798 0.992697120
1773244992.007572 -0.048136018 0.051948227 0.518322051 -0.012290361 -0.117617436 0.028476607 0.992574513
1773244992.046017 -0.048572943 0.052010313 0.518988490 -0.012532341 -0.117822155 0.028851692 0.992536366
1773244992.074189 -0.049814686 0.052055757 0.518709898 -0.012722354 -0.116297655 0.029513039 0.992694318
1773244992.112541 -0.049264871 0.052269161 0.520802855 -0.012395293 -0.118947655 0.028859068 0.992403626
1773244992.141368 -0.049707353 0.052356947 0.521439016 -0.012453461 -0.119424790 0.029270317 0.992333531
1773244992.173417 -0.049992956 0.052355155 0.522562146 -0.012481908 -0.119990341 0.029489208 0.992258489
1773244992.212861 -0.050367452 0.052755579 0.523165464 -0.011854396 -0.120764390 0.028973304 0.992187440
1773244992.241354 -0.050536983 0.052843720 0.524058938 -0.011781918 -0.121495716 0.028931238 0.992100239
1773244992.279212 -0.050986432 0.052845180 0.524790108 -0.012270334 -0.121570013 0.029752802 0.992060959
1773244992.306449 -0.051313967 0.052819867 0.525495052 -0.012826235 -0.122287542 0.029246245 0.991980791
1773244992.341338 -0.051468052 0.052904256 0.526495695 -0.012784250 -0.123136394 0.029813675 0.991859436
1773244992.380922 -0.052124351 0.053298917 0.527070105 -0.011850841 -0.123073436 0.029791467 0.991879463
1773244992.407475 -0.052440241 0.053360675 0.527825177 -0.011911979 -0.123585671 0.029742362 0.991816521
1773244992.447292 -0.053272933 0.053450130 0.528055608 -0.012131901 -0.123027883 0.029980298 0.991876066
1773244992.473768 -0.053351946 0.053716712 0.529203415 -0.011655467 -0.124075256 0.029315703 0.991771162
1773244992.513876 -0.053117782 0.053592682 0.530426860 -0.012487661 -0.125947446 0.030634627 0.991485178
1773244992.541567 -0.053455584 0.053897917 0.531171560 -0.011549843 -0.126693949 0.029881682 0.991424382
1773244992.575002 -0.053771585 0.053799137 0.532018840 -0.012507181 -0.126956969 0.030747386 0.991352677
1773244992.613593 -0.053910904 0.053809308 0.533022940 -0.012832052 -0.127846092 0.030858953 0.991230786
1773244992.641419 -0.054565698 0.054113835 0.533369482 -0.012062561 -0.127900302 0.030299431 0.991250694
1773244992.679479 -0.054900713 0.054358460 0.534070492 -0.011893651 -0.128533468 0.030398006 0.991167843
1773244992.708286 -0.054764040 0.054275189 0.535291553 -0.012901023 -0.130207047 0.031206924 0.990911603
1773244992.741742 -0.055619851 0.054541297 0.535424232 -0.011801171 -0.129550934 0.030412253 0.991035998
1773244992.780585 -0.055898160 0.054658078 0.536122262 -0.011795734 -0.130147353 0.030574348 0.990952969
1773244992.808231 -0.055706508 0.054801840 0.537347257 -0.011973973 -0.131775960 0.030625211 0.990733981
1773244992.847629 -0.056123517 0.054852840 0.538098454 -0.012278833 -0.131780684 0.030980378 0.990718544
1773244992.875439 -0.056517057 0.054885678 0.538553655 -0.012010975 -0.132324278 0.030868625 0.990652919
1773244992.913517 -0.056576043 0.054836266 0.539569497 -0.012044369 -0.133202627 0.031564955 0.990512848
1773244992.941867 -0.057388172 0.055032559 0.539680779 -0.012252215 -0.133115858 0.031533986 0.990522921
1773244992.974508 -0.057387352 0.055113405 0.540797055 -0.011843719 -0.134192720 0.031211643 0.990392804
1773244993.015643 -0.057845853 0.055377729 0.541336894 -0.011842588 -0.134215653 0.031541422 0.990379274
1773244993.041558 -0.058441117 0.055599213 0.541753113 -0.011554067 -0.134222865 0.031614408 0.990379333
1773244993.081352 -0.058022030 0.055258214 0.543162584 -0.012541446 -0.136255234 0.032198448 0.990070999
1773244993.107923 -0.058616519 0.055374958 0.543664098 -0.012462475 -0.136058614 0.032002199 0.990105331
1773244993.142349 -0.058917969 0.055727027 0.544525683 -0.011885477 -0.136355579 0.031534478 0.990086615
1773244993.181974 -0.059223279 0.055982776 0.545051455 -0.011677467 -0.136818722 0.032328214 0.989999592
1773244993.207902 -0.059966736 0.056163438 0.545418024 -0.011435507 -0.136323571 0.032480203 0.990065753
1773244993.250043 -0.060425930 0.056252651 0.545929193 -0.011533998 -0.136458829 0.032327946 0.990050972
1773244993.275707 -0.061099179 0.056474697 0.545845866 -0.010974606 -0.135752559 0.032278314 0.990155995
1773244993.316906 -0.060934693 0.056399737 0.547900975 -0.011520347 -0.137539119 0.032612287 0.989892244
1773244993.341341 -0.060786001 0.056391068 0.548876584 -0.011920522 -0.138616100 0.032686584 0.989734828
1773244993.376525 -0.061471410 0.056517668 0.549423456 -0.011440372 -0.137919873 0.031840768 0.989865363
1773244993.415335 -0.061150491 0.056837607 0.551151216 -0.011319775 -0.139954820 0.032002997 0.989575863
1773244993.442584 -0.061997421 0.057155784 0.551352262 -0.010250649 -0.139034986 0.032194596 0.989710927
1773244993.480279 -0.062945895 0.057266839 0.551466644 -0.009930453 -0.137569845 0.032828499 0.989898086
1773244993.508757 -0.062860072 0.057338305 0.552238584 -0.010250635 -0.138489887 0.032656051 0.989772260
1773244993.542800 -0.063399859 0.057586104 0.553148270 -0.010062387 -0.138573229 0.032552302 0.989765942
1773244993.581624 -0.063490756 0.057218261 0.553945601 -0.010884182 -0.138939992 0.032829236 0.989696622
1773244993.609504 -0.063898250 0.057143431 0.554640114 -0.011428542 -0.139151976 0.033371627 0.989642560
1773244993.647776 -0.064030111 0.056863084 0.555648267 -0.012444896 -0.139582992 0.033553097 0.989563465
1773244993.676120 -0.064384304 0.056944005 0.556498230 -0.012540744 -0.139758512 0.033641044 0.989534497
1773244993.716534 -0.064697228 0.057575580 0.557246804 -0.011182207 -0.139859676 0.032963466 0.989559293
1773244993.742707 -0.064951152 0.057590339 0.558071613 -0.011386657 -0.140207052 0.032803882 0.989513099
1773244993.775144 -0.065491654 0.057850022 0.558449268 -0.011391201 -0.140003428 0.032781191 0.989542663
1773244993.815984 -0.065121338 0.058078688 0.559813261 -0.011034580 -0.141523972 0.032605827 0.989336193
1773244993.843074 -0.065708809 0.058159046 0.560613573 -0.011437649 -0.141285285 0.032886144 0.989356458
1773244993.881541 -0.065882906 0.058209199 0.561403155 -0.011274400 -0.141686335 0.033128992 0.989292860
1773244993.908537 -0.066563517 0.058348261 0.561900258 -0.011384334 -0.141098246 0.033289306 0.989370286
1773244993.943126 -0.066310570 0.058936995 0.562727571 -0.010098419 -0.142191738 0.032300718 0.989260435
1773244993.984353 -0.066798739 0.058948796 0.563775241 -0.010638330 -0.142051935 0.032898035 0.989255190
1773244994.010161 -0.067141131 0.058852740 0.564523697 -0.011361282 -0.141945630 0.033307616 0.989248693
1773244994.049022 -0.067703158 0.058943100 0.564967096 -0.011197871 -0.141469717 0.033003185 0.989328921
1773244994.076576 -0.067856371 0.059266806 0.565425456 -0.010333907 -0.141834259 0.032975916 0.989287019
1773244994.115100 -0.068315320 0.059376407 0.566592276 -0.010544164 -0.141769141 0.033332840 0.989282191
1773244994.143332 -0.068412617 0.059352968 0.567369759 -0.010751223 -0.142141551 0.033256430 0.989229083
1773244994.176717 -0.068627857 0.059343826 0.568001449 -0.010751839 -0.142417446 0.033224180 0.989190519
1773244994.215173 -0.069075212 0.059655603 0.568755090 -0.010539225 -0.142314509 0.033257741 0.989206493
1773244994.242867 -0.070266612 0.059513338 0.568464518 -0.010428767 -0.140384406 0.032618228 0.989504695
1773244994.282523 -0.069480732 0.059567992 0.570511222 -0.011315743 -0.142614052 0.033452760 0.989148140
1773244994.308666 -0.069391273 0.059725471 0.571805894 -0.011262531 -0.143282577 0.033190399 0.989060998
1773244994.343553 -0.070138715 0.059856441 0.571877301 -0.010760128 -0.142005846 0.032959849 0.989258409
1773244994.381663 -0.069540337 0.060277160 0.573737264 -0.011000302 -0.143935651 0.033837993 0.988947153
1773244994.409724 -0.070378952 0.059891470 0.573684156 -0.011539551 -0.142624736 0.033484448 0.989142954
1773244994.450094 -0.070636526 0.060355499 0.574805439 -0.011150358 -0.142732859 0.032911640 0.989151061
1773244994.476873 -0.071026817 0.060429323 0.575451612 -0.011262268 -0.142375126 0.032856159 0.989203215
1773244994.515307 -0.070976757 0.060531579 0.576709509 -0.011231671 -0.142922178 0.032659490 0.989131153
1773244994.543147 -0.071609430 0.060357813 0.576940358 -0.011792861 -0.141875848 0.033126384 0.989259720
1773244994.576503 -0.071289845 0.060805395 0.578264713 -0.011324712 -0.142543316 0.032475553 0.989190817
1773244994.616611 -0.071677536 0.060702272 0.579083264 -0.011906461 -0.142056972 0.033025369 0.989235759
1773244994.642952 -0.072117679 0.060316406 0.579814255 -0.013413709 -0.140944541 0.033445023 0.989361465
1773244994.683410 -0.072301179 0.060920313 0.580518425 -0.012177731 -0.140926719 0.033221435 0.989387572
1773244994.710341 -0.072588973 0.060706452 0.581293285 -0.013258523 -0.140421212 0.032964177 0.989454150
1773244994.742666 -0.072800204 0.060800418 0.582006335 -0.013244959 -0.140264526 0.032809917 0.989481628
1773244994.782384 -0.073168524 0.061182857 0.582798421 -0.012617491 -0.139725924 0.032629997 0.989571989
1773244994.810273 -0.073448628 0.060987037 0.583507717 -0.012971406 -0.139212906 0.032403450 0.989647210
1773244994.851246 -0.073631272 0.061078988 0.584059954 -0.013181009 -0.138855383 0.032350235 0.989696383
1773244994.877117 -0.073905021 0.061036963 0.584956586 -0.013550417 -0.138242483 0.032388736 0.989775956
1773244994.916866 -0.074386492 0.061303034 0.585272610 -0.013380582 -0.137465894 0.031221390 0.989923894
1773244994.944497 -0.073576979 0.061890014 0.586865246 -0.012626927 -0.139327839 0.032396723 0.989635646
1773244994.977660 -0.073645785 0.062173229 0.587794721 -0.012825535 -0.139236465 0.032273863 0.989649951
1773244995.019407 -0.074840821 0.061779983 0.587929606 -0.013146229 -0.136830166 0.031585004 0.990003526
1773244995.044524 -0.073799893 0.062163725 0.589535832 -0.013580656 -0.138501689 0.032231089 0.989744365
1773244995.083908 -0.074554071 0.062281247 0.589885473 -0.013038185 -0.137205347 0.032060031 0.989937842
1773244995.111400 -0.073745891 0.062606044 0.591465712 -0.013167846 -0.138876036 0.032236695 0.989697337
1773244995.144027 -0.074130945 0.062591560 0.592096627 -0.013605767 -0.137805626 0.031876683 0.989852726
1773244995.182960 -0.073922239 0.063002951 0.593037903 -0.012832693 -0.138120726 0.031805366 0.989821434
1773244995.210992 -0.074627109 0.063027620 0.593380272 -0.013075488 -0.136787370 0.031821284 0.990002871
1773244995.250501 -0.074419715 0.063224129 0.594391644 -0.012657116 -0.137219921 0.031298473 0.989965141
1773244995.276615 -0.075410321 0.063539743 0.594644189 -0.011992265 -0.135152295 0.030459046 0.990283966
1773244995.317908 -0.075220101 0.063277215 0.596077144 -0.013185007 -0.135735333 0.030765658 0.990179539
1773244995.344041 -0.075823352 0.063152060 0.596701741 -0.013599668 -0.134730190 0.030908735 0.990306735
1773244995.378369 -0.076143704 0.063399717 0.597293139 -0.013146377 -0.134393349 0.030486004 0.990371764
1773244995.419867 -0.076537631 0.063546509 0.597916663 -0.012671178 -0.133989304 0.030446023 0.990433931
1773244995.446709 -0.076453865 0.063848965 0.598977745 -0.012901864 -0.134965986 0.030909337 0.990283966
1773244995.484354 -0.076730661 0.063687555 0.599817097 -0.013467671 -0.135662198 0.031096818 0.990175426
1773244995.511307 -0.077328905 0.063322507 0.600655913 -0.014533043 -0.135815367 0.031617217 0.990122914
1773244995.544556 -0.077701367 0.062902533 0.601357281 -0.015287073 -0.136720508 0.031556498 0.989988863
1773244995.584106 -0.078178346 0.063337639 0.601885140 -0.014805394 -0.137639746 0.031500738 0.989870608
1773244995.611611 -0.078434646 0.063037708 0.602505207 -0.015141687 -0.139018759 0.032036155 0.989655554
1773244995.651318 -0.078908525 0.062746823 0.603673220 -0.015937304 -0.141175464 0.031605508 0.989351630
1773244995.678103 -0.079418570 0.063178517 0.604316890 -0.015132248 -0.143050417 0.032310687 0.989072144
1773244995.717731 -0.079835229 0.063059859 0.605063438 -0.015822977 -0.145149559 0.032799643 0.988739312
1773244995.744334 -0.080407254 0.063007496 0.605974495 -0.015695134 -0.147545904 0.032821327 0.988385916
1773244995.778148 -0.080753580 0.062852010 0.606563151 -0.016697951 -0.150327995 0.033325221 0.987933278
1773244995.820593 -0.080978766 0.063705586 0.607801855 -0.014917178 -0.153777495 0.033305895 0.987431347
1773244995.845399 -0.081840888 0.063204318 0.608182371 -0.016546177 -0.155426785 0.034103304 0.987119913
1773244995.884219 -0.081978709 0.063435018 0.609219193 -0.015685368 -0.158680841 0.033785332 0.986627042
1773244995.912231 -0.081217468 0.064331383 0.610958874 -0.015057005 -0.164133295 0.035547365 0.985682428
1773244995.945150 -0.081644826 0.064810596 0.611967564 -0.014425457 -0.166921809 0.035887733 0.985211194
1773244995.984349 -0.083364502 0.064861402 0.611627638 -0.014169952 -0.166841850 0.036091782 0.985220969
1773244996.010839 -0.083466291 0.064222723 0.612290800 -0.015368824 -0.170401454 0.036053542 0.984595001
1773244996.052480 -0.084162295 0.064901054 0.613185227 -0.014062793 -0.172226906 0.036442485 0.984282553
1773244996.077456 -0.084884234 0.065152392 0.613774538 -0.013724960 -0.174064323 0.036929730 0.983945847
1773244996.118057 -0.084876880 0.064847790 0.614846349 -0.014782079 -0.177577779 0.037663080 0.983274698
1773244996.145774 -0.084946245 0.064883128 0.615774870 -0.014726055 -0.180648923 0.037469886 0.982723296
1773244996.178987 -0.085639596 0.064832166 0.616410136 -0.014662838 -0.182637855 0.038122889 0.982331455
1773244996.218257 -0.086300164 0.064730510 0.617020369 -0.014595532 -0.184854135 0.037992731 0.981922805
1773244996.244905 -0.086922079 0.064707808 0.617702842 -0.015042644 -0.187038347 0.038162977 0.981495738
1773244996.285438 -0.087465942 0.064965293 0.618411720 -0.014445229 -0.189082935 0.038810726 0.981087506
1773244996.312556 -0.088995472 0.065041378 0.618341327 -0.014156335 -0.189371556 0.038679715 0.981041253
1773244996.345897 -0.089902073 0.065229237 0.618742824 -0.013723057 -0.191217989 0.038869034 0.980681717
1773244996.384387 -0.089961976 0.065332256 0.619485974 -0.013547449 -0.194684952 0.039385807 0.979981124
1773244996.412754 -0.089806825 0.065968491 0.620755732 -0.012628160 -0.198841169 0.040225755 0.979124427
1773244996.452238 -0.091011122 0.065489136 0.620903015 -0.013570907 -0.199611306 0.040194947 0.978956342
1773244996.478189 -0.091459543 0.065304518 0.621380150 -0.013617293 -0.201650128 0.040531471 0.978523910
1773244996.520425 -0.092057422 0.065399311 0.621818304 -0.013288563 -0.203428000 0.040823217 0.978148222
1773244996.545718 -0.092641994 0.065907732 0.622220159 -0.012870508 -0.204795823 0.041649699 0.977833509
1773244996.578195 -0.092877418 0.065869287 0.622914076 -0.013178413 -0.206789255 0.042302512 0.977381766
1773244996.619079 -0.093334273 0.066808999 0.623447835 -0.010811899 -0.208162576 0.041571259 0.977150619
1773244996.644719 -0.093260795 0.066515073 0.624821484 -0.011862753 -0.210566163 0.042340182 0.976590216
1773244996.684852 -0.093470082 0.066634513 0.625654221 -0.011864671 -0.212336615 0.042701371 0.976191103
1773244996.712332 -0.093740314 0.067167476 0.625600278 -0.010810870 -0.213856965 0.042904269 0.975862503
1773244996.745578 -0.093714148 0.067441158 0.626663804 -0.010535062 -0.216192409 0.043902822 0.975306332
1773244996.785184 -0.094335601 0.067046113 0.627221823 -0.010973176 -0.217123911 0.043326896 0.975120306
1773244996.813004 -0.093877241 0.066442117 0.628558517 -0.013082474 -0.220680580 0.043972757 0.974266529
1773244996.852397 -0.094428673 0.066968188 0.628899336 -0.011397665 -0.221614882 0.043626890 0.974091172
1773244996.879608 -0.094781831 0.066662431 0.629602730 -0.012571163 -0.223078862 0.043712944 0.973738670
1773244996.918697 -0.095076740 0.067499526 0.630507708 -0.010928319 -0.224974960 0.044482116 0.973287284
1773244996.946604 -0.094647393 0.066676058 0.631552696 -0.013449180 -0.228056967 0.045260414 0.972502232
1773244996.979502 -0.095061690 0.067753591 0.632047117 -0.010473244 -0.229974762 0.044832312 0.972106993
1773244997.018372 -0.095688060 0.067764916 0.632674992 -0.010838782 -0.231609195 0.045136046 0.971700788
1773244997.046962 -0.096017286 0.067712545 0.633006155 -0.010635869 -0.233713761 0.045323990 0.971190214
1773244997.085453 -0.096239775 0.067825958 0.633658648 -0.010441061 -0.236664876 0.045992289 0.970445991
1773244997.113187 -0.097235456 0.067936137 0.633449316 -0.009909364 -0.237755597 0.046055388 0.970181942
1773244997.145632 -0.097783074 0.067728810 0.633678138 -0.010393946 -0.239859447 0.046065107 0.969658434
1773244997.185836 -0.098410323 0.067385979 0.634302199 -0.011044520 -0.242070302 0.046716269 0.969070494
1773244997.213718 -0.098479554 0.067276187 0.634499311 -0.011387761 -0.245107040 0.047394127 0.968269944
1773244997.252236 -0.098395690 0.068816110 0.635608554 -0.007626071 -0.249629691 0.047399104 0.967150569
1773244997.280697 -0.098339722 0.068255410 0.636407912 -0.009161737 -0.253328830 0.048684970 0.966110945
1773244997.319100 -0.098238647 0.068187356 0.637366712 -0.009279399 -0.258134454 0.048832595 0.964829504
1773244997.347337 -0.098588496 0.067860872 0.637959898 -0.010142971 -0.261377811 0.049669497 0.963904440
1773244997.380181 -0.098466322 0.068441078 0.638945818 -0.009112127 -0.266733795 0.050993420 0.962377131
1773244997.418664 -0.100653261 0.068438053 0.638240099 -0.008128628 -0.266886145 0.049492735 0.962422013
1773244997.446519 -0.100580543 0.068141490 0.639164925 -0.008933579 -0.272461951 0.050943930 0.960775375
1773244997.485997 -0.100958437 0.068296298 0.640239894 -0.008763898 -0.277826250 0.051321991 0.959219396
1773244997.513982 -0.103656098 0.070472009 0.638510942 -0.003338518 -0.277937472 0.051684882 0.959201872
1773244997.546844 -0.102297381 0.069019660 0.640111864 -0.006784001 -0.286138326 0.053210508 0.956685722
1773244997.587612 -0.102564842 0.068949051 0.639291704 -0.006576465 -0.289908975 0.054320477 0.955488801
1773244997.612736 -0.102709174 0.069068603 0.639931858 -0.005800604 -0.295531929 0.054225855 0.953774989
1773244997.652496 -0.102973223 0.069089361 0.640721500 -0.005923347 -0.301174343 0.055112690 0.951956689
1773244997.680826 -0.103749603 0.069556728 0.641427696 -0.005457073 -0.306000382 0.056610607 0.950331092
1773244997.719376 -0.104206592 0.069947124 0.641881227 -0.004104355 -0.311355382 0.057229549 0.948559821
1773244997.747552 -0.104451120 0.069958255 0.642324507 -0.004149874 -0.315847576 0.058816124 0.946976066
1773244997.781053 -0.104695663 0.070444733 0.643035889 -0.003263226 -0.321679443 0.059631377 0.944963336
1773244997.819346 -0.105319023 0.068856165 0.642409027 -0.005959367 -0.324930876 0.059121098 0.943869233
1773244997.847076 -0.105983362 0.069295272 0.643602014 -0.005069772 -0.330183357 0.059579600 0.942020953
1773244997.885484 -0.105871603 0.070012391 0.643397391 -0.003560218 -0.334652632 0.061274439 0.940340519
1773244997.913938 -0.105789065 0.069755062 0.644523621 -0.003925836 -0.341250032 0.061364818 0.937959135
1773244997.947222 -0.106174022 0.070018411 0.644007683 -0.002729412 -0.345496029 0.062224891 0.936350942
1773244997.987000 -0.107348382 0.069975071 0.643291116 -0.003100834 -0.346864194 0.062737852 0.935809553
1773244998.014297 -0.108302444 0.069999427 0.642924428 -0.002290471 -0.350653529 0.063571602 0.934342265
1773244998.053643 -0.108280063 0.071243674 0.644306600 -0.000504126 -0.357620120 0.064967699 0.931604445
1773244998.081720 -0.108851671 0.070822924 0.644774079 -0.001195974 -0.362087965 0.064549103 0.929905534
1773244998.119513 -0.109015614 0.069820546 0.644476414 -0.002354314 -0.366853148 0.064120747 0.928063452
1773244998.154446 -0.109376669 0.071333319 0.645006657 0.000218373 -0.372785836 0.066233411 0.925550520
1773244998.181467 -0.111947864 0.070339262 0.643080413 -0.001196437 -0.371702939 0.065775253 0.926017880
1773244998.220316 -0.112721503 0.070139877 0.642789006 -0.001204385 -0.375994176 0.065845683 0.924278796
1773244998.247938 -0.111817479 0.071231551 0.644739628 0.000267324 -0.385740489 0.067997389 0.920098126
1773244998.287591 -0.111217648 0.071404532 0.645515680 0.001296683 -0.393168926 0.068772301 0.916889787
1773244998.313438 -0.113089830 0.070420533 0.643787503 -0.000862278 -0.394693077 0.069079712 0.916212082
1773244998.348398 -0.114121914 0.068950832 0.643843114 -0.002671578 -0.398946732 0.069235884 0.914352596
1773244998.387634 -0.113434702 0.070088923 0.644533753 -0.000976009 -0.407527924 0.070429049 0.910472274
1773244998.415159 -0.113734961 0.070959523 0.643893182 0.001616345 -0.413035661 0.072448805 0.907827079
1773244998.453997 -0.113600016 0.071513601 0.644991279 0.002253063 -0.421430737 0.074128009 0.903823078
1773244998.480492 -0.115174502 0.071276397 0.644337416 0.002426450 -0.425943673 0.074103631 0.901706576
1773244998.520844 -0.112950206 0.071891077 0.646548748 0.003150581 -0.438916773 0.075285226 0.895362675
1773244998.547728 -0.114772499 0.071812749 0.645563722 0.003602284 -0.442156374 0.077390425 0.893585801
1773244998.581318 -0.115438968 0.070370689 0.644037008 0.001370189 -0.446433395 0.075888939 0.891591966
1773244998.621514 -0.114602387 0.071868554 0.646102190 0.004553495 -0.457914203 0.078104563 0.885547042
1773244998.648653 -0.114649057 0.072607458 0.647343874 0.004915643 -0.466632932 0.080615841 0.880755723
1773244998.688063 -0.116525769 0.071932867 0.646119714 0.004418893 -0.470361292 0.080872029 0.878749371
1773244998.713922 -0.115146816 0.072089493 0.646935225 0.004358456 -0.480773807 0.081614740 0.873027265
1773244998.748523 -0.115558937 0.072171368 0.646951795 0.005000062 -0.488312840 0.083551109 0.868645370
1773244998.787378 -0.116964623 0.072589681 0.646657646 0.006240247 -0.494876951 0.084043458 0.864866793
1773244998.815252 -0.118403673 0.071338885 0.645121813 0.004637015 -0.498496383 0.083991036 0.862800837
1773244998.854304 -0.118694156 0.071594641 0.645226300 0.004770414 -0.507215440 0.086293504 0.857474864
1773244998.881866 -0.118690327 0.071578801 0.645359993 0.005483594 -0.515401363 0.087670758 0.852434874
1773244998.921390 -0.118505105 0.070592359 0.645272732 0.003811392 -0.522924483 0.086293384 0.847991109
1773244998.948840 -0.119621798 0.070935406 0.646125495 0.005052641 -0.531810999 0.087149009 0.842351794
1773244998.982160 -0.119417176 0.071737595 0.646060526 0.006963451 -0.538707197 0.088372521 0.837816417
1773244999.020810 -0.118681937 0.072768614 0.647207439 0.008418075 -0.548243761 0.091612607 0.831243038
1773244999.049269 -0.119336665 0.072990969 0.647382259 0.009991638 -0.554969370 0.091017313 0.826816201
1773244999.087365 -0.119496599 0.073027059 0.647488654 0.008482996 -0.560673654 0.095650747 0.822450042
1773244999.115712 -0.118734241 0.072787821 0.646968007 0.009860091 -0.566982388 0.092781723 0.818428576
1773244999.148681 -0.120265454 0.071966350 0.646679461 0.008585683 -0.571338773 0.094904736 0.815163434
1773244999.190207 -0.120231137 0.071998775 0.647282243 0.007752922 -0.578230679 0.096778497 0.810075998
1773244999.216051 -0.118640572 0.071917199 0.649006665 0.007736096 -0.587961674 0.096814051 0.803036869
1773244999.254686 -0.122062430 0.072420157 0.645441651 0.009394065 -0.586136818 0.098705858 0.804122210
1773244999.282013 -0.121876806 0.071358219 0.645602405 0.007487665 -0.592992008 0.096918799 0.799319208
1773244999.321683 -0.121549889 0.070729434 0.645786524 0.006582577 -0.598633707 0.098982975 0.794856429
1773244999.349078 -0.123899207 0.069875993 0.642722726 0.006320886 -0.598624110 0.097024515 0.795107126
1773244999.382769 -0.124215126 0.069666684 0.642817318 0.006418549 -0.604137301 0.097946621 0.790811837
1773244999.422579 -0.124013543 0.070341870 0.643344641 0.007006647 -0.611135840 0.100962438 0.785028994
1773244999.449469 -0.124316603 0.070811450 0.641969442 0.009162870 -0.614703774 0.101103589 0.782197833
1773244999.489410 -0.123623841 0.070477657 0.644003987 0.007887949 -0.624623358 0.101026513 0.774323642
1773244999.516295 -0.124374621 0.070090711 0.643184125 0.007914774 -0.629238427 0.101848155 0.770469487
1773244999.548398 -0.125684649 0.070219830 0.642647088 0.009413508 -0.634439945 0.101774164 0.766184926
1773244999.589179 -0.126585647 0.070538178 0.641534507 0.010475412 -0.638093233 0.104035504 0.762826264
1773244999.616071 -0.126271680 0.070355929 0.640684247 0.009668629 -0.643218935 0.104888327 0.758402526
1773244999.655560 -0.126647532 0.070302077 0.641518116 0.010148158 -0.651130676 0.104386039 0.751684368
1773244999.682689 -0.127295107 0.069668949 0.641499519 0.008408158 -0.657169461 0.103903972 0.746499538
1773244999.720772 -0.127234355 0.069342740 0.640659988 0.009180811 -0.661472023 0.104037352 0.742661893
1773244999.749371 -0.128504559 0.068395659 0.638515711 0.008103890 -0.663121939 0.104839183 0.741088629
1773244999.782540 -0.128619850 0.068535142 0.639178157 0.009045641 -0.670468032 0.105042659 0.734409213
1773244999.822522 -0.128971934 0.067394353 0.638808072 0.005909239 -0.675589204 0.103749424 0.729918003
1773244999.850242 -0.129717767 0.068252854 0.637975514 0.008162115 -0.679265618 0.107035920 0.725999177
1773244999.888375 -0.129485801 0.067948774 0.639848888 0.008999829 -0.688342750 0.104773253 0.717722654
1773244999.915890 -0.129710257 0.066686645 0.639015734 0.004968064 -0.692729473 0.103553936 0.713707030
1773244999.949301 -0.130174860 0.068960145 0.639542282 0.008378021 -0.698515177 0.109258749 0.707155466
1773244999.989022 -0.129979804 0.067802325 0.639943480 0.008395461 -0.704226136 0.105463378 0.702048838
1773245000.016180 -0.130412921 0.067540884 0.640014648 0.008810790 -0.708807290 0.105243966 0.697451293
1773245000.055526 -0.130808219 0.067126371 0.639727771 0.006862852 -0.712773561 0.105593748 0.693366230
1773245000.083062 -0.131116897 0.066999182 0.639453232 0.007980121 -0.715654969 0.104957528 0.690476775
1773245000.121926 -0.131290421 0.065948427 0.639771223 0.006841493 -0.719599009 0.102551624 0.686741352
1773245000.150572 -0.131936967 0.068578377 0.638475358 0.010402025 -0.719787300 0.110704429 0.685231864
1773245000.183252 -0.132337645 0.066835627 0.638862491 0.008526927 -0.723889768 0.106247522 0.681632161
1773245000.222638 -0.132171676 0.067033000 0.638810277 0.008608027 -0.725868344 0.106797986 0.679437459
1773245000.250664 -0.132379755 0.066469193 0.638732493 0.007444467 -0.728260517 0.105983727 0.677014470
1773245000.290352 -0.132765621 0.067008503 0.638861954 0.008520874 -0.730603993 0.107435182 0.674242496
1773245000.316531 -0.133078039 0.067766778 0.638167977 0.010027626 -0.731215477 0.110031649 0.673139215
1773245000.349983 -0.133415282 0.067169905 0.637970746 0.009276850 -0.733071983 0.109228060 0.671258986
1773245000.390145 -0.133497804 0.066375948 0.638272166 0.007428777 -0.736409664 0.107588358 0.667885005
1773245000.416780 -0.133609042 0.065681621 0.639017761 0.006813848 -0.740286589 0.105264559 0.663964391
1773245000.456578 -0.134000093 0.066360295 0.637407005 0.008258673 -0.739892542 0.108232349 0.663910091
1773245000.483307 -0.134310871 0.066407546 0.638888776 0.008485259 -0.745593786 0.107667223 0.657590926
1773245000.522867 -0.134576201 0.067028329 0.639587760 0.010137256 -0.750007153 0.108502701 0.652390718
1773245000.549795 -0.134906009 0.067391738 0.639553964 0.010916390 -0.752218127 0.109468490 0.649665594
1773245000.583427 -0.135430887 0.067058265 0.639465272 0.010028067 -0.754893363 0.109446444 0.646573186
1773245000.622677 -0.135450065 0.066505417 0.639066339 0.008385623 -0.756509483 0.108842820 0.644807220
1773245000.650831 -0.135839611 0.066659436 0.638161480 0.009045563 -0.757290959 0.109691158 0.643736243
1773245000.690021 -0.136362255 0.066108428 0.638909578 0.008253300 -0.761617243 0.108527325 0.638821483
1773245000.718320 -0.136873484 0.066706434 0.637832701 0.008840386 -0.762185633 0.111310139 0.637655854
1773245000.750444 -0.137148306 0.066564344 0.637495518 0.009307096 -0.764285922 0.110991597 0.635186076
1773245000.789643 -0.137807950 0.066481896 0.638552606 0.010411381 -0.769163907 0.109640263 0.629489839
1773245000.817475 -0.138145491 0.066013418 0.638247371 0.008709570 -0.771729529 0.109653272 0.626365542
1773245000.856322 -0.138049752 0.065505177 0.637061417 0.008673751 -0.772191048 0.108370274 0.626020551
1773245000.884337 -0.138872012 0.065821566 0.636842966 0.009282338 -0.775037289 0.109899089 0.622216403
1773245000.923499 -0.139851674 0.065851867 0.637773156 0.010271294 -0.780261993 0.109948531 0.615627348
1773245000.949679 -0.140264079 0.065275759 0.637424171 0.009676933 -0.782876670 0.108422242 0.612580657
1773245000.984996 -0.140346453 0.065611325 0.635691226 0.009670754 -0.782266617 0.111101389 0.612879932
1773245001.023969 -0.140601471 0.065338753 0.636043847 0.008643244 -0.785759389 0.110078707 0.608596921
1773245001.051115 -0.141301900 0.065132752 0.635825217 0.009486754 -0.788256705 0.110084139 0.605345309
1773245001.090012 -0.141399503 0.064683482 0.635486126 0.007982048 -0.790466666 0.109179370 0.602643013
1773245001.116838 -0.142260432 0.064364932 0.635831356 0.008454866 -0.794015765 0.108629853 0.598052740
1773245001.152244 -0.142891496 0.064591683 0.636009574 0.009508783 -0.796911001 0.109043024 0.594097674
1773245001.191313 -0.143333614 0.064554326 0.635049880 0.008520523 -0.797823489 0.110328048 0.592648983
1773245001.217854 -0.143908739 0.063854769 0.635514438 0.008188341 -0.801209688 0.108102940 0.588480830
1773245001.258043 -0.144219995 0.063952692 0.635104716 0.007680594 -0.802592695 0.109106667 0.586414337
1773245001.284838 -0.144537836 0.063588798 0.633870482 0.007024770 -0.802595496 0.108896323 0.586457789
1773245001.318136 -0.145484552 0.064278245 0.633683562 0.008555232 -0.804635167 0.111561514 0.583132148
1773245001.358145 -0.145881116 0.063111410 0.634426653 0.005898912 -0.808600545 0.108200707 0.578293145
1773245001.385263 -0.146232784 0.064551845 0.632102013 0.009027197 -0.805872560 0.113514818 0.581035614
1773245001.423496 -0.146837115 0.064613521 0.631917894 0.009737362 -0.807402134 0.113699831 0.578860343
1773245001.452057 -0.147496402 0.063580915 0.631902993 0.008425648 -0.809962869 0.111443393 0.575733960
1773245001.491410 -0.147493646 0.063985281 0.630893707 0.008419013 -0.809602976 0.112950005 0.575946569
1773245001.518054 -0.148187473 0.064337537 0.630492508 0.010111883 -0.810453355 0.114601307 0.574395061
1773245001.551360 -0.149083912 0.064971887 0.630249918 0.011212802 -0.811905444 0.116764084 0.571882844
1773245001.592437 -0.149324372 0.064059459 0.630267322 0.009375839 -0.813296437 0.114224203 0.570450425
1773245001.618326 -0.149690449 0.064107411 0.629598856 0.009787151 -0.812931478 0.114671409 0.570873797
1773245001.658102 -0.149835348 0.063512728 0.629247546 0.009148740 -0.812839806 0.112717547 0.571403861
1773245001.685604 -0.150790125 0.063689612 0.628820300 0.009802906 -0.812873840 0.114313506 0.571027577
1773245001.718008 -0.151159585 0.063536063 0.628863752 0.009079387 -0.813229740 0.113472179 0.570700467
1773245001.758383 -0.152093947 0.063305691 0.629295349 0.009631430 -0.814537168 0.112958275 0.568925977
1773245001.785863 -0.152455091 0.064446770 0.628042042 0.011632354 -0.811724901 0.116730772 0.572137475
1773245001.823132 -0.152647465 0.063977733 0.627647519 0.010422817 -0.810947120 0.115533136 0.573505282
1773245001.852120 -0.153368026 0.063882932 0.627696455 0.010707641 -0.811377704 0.115237325 0.572950244
1773245001.891240 -0.153513283 0.063048318 0.627026081 0.009527458 -0.810056090 0.112822331 0.575316787
1773245001.918508 -0.154124394 0.063178457 0.626735210 0.009798979 -0.809793115 0.113287076 0.575591087
1773245001.952010 -0.154705003 0.063265033 0.626399338 0.009751183 -0.809428930 0.113969758 0.575969279
1773245001.992292 -0.155026838 0.063190073 0.625983775 0.009789909 -0.808534503 0.113675579 0.577281535
1773245002.030587 -0.156383783 0.064243324 0.625703514 0.012218148 -0.808615208 0.117895909 0.576274812
1773245002.057336 -0.156943619 0.063989684 0.625440717 0.012550972 -0.808388233 0.117090575 0.576750159
1773245002.084674 -0.157470897 0.063112527 0.625535429 0.009666531 -0.809409380 0.114055291 0.575981259
1773245002.118793 -0.157958314 0.062720023 0.625447631 0.008923728 -0.809773326 0.113197431 0.575650871
1773245002.160085 -0.158574879 0.063262403 0.624751329 0.010291389 -0.808561981 0.115017481 0.576968491
1773245002.185321 -0.159153685 0.063179389 0.624410748 0.010324124 -0.808169127 0.115098819 0.577501833
1773245002.225834 -0.159574628 0.062575370 0.624316990 0.009590380 -0.808351696 0.113165028 0.577641070
1773245002.251648 -0.160284162 0.062500089 0.624201119 0.008699631 -0.808766484 0.113310896 0.577045798
1773245002.291989 -0.160701424 0.062328946 0.623856306 0.009398313 -0.808280051 0.112804689 0.577814937
1773245002.319078 -0.161274016 0.062512681 0.623518169 0.009701865 -0.808085740 0.113341384 0.577976763
1773245002.351878 -0.161731377 0.062326021 0.623317182 0.009050565 -0.808143318 0.113104455 0.577953219
1773245002.394216 -0.162312031 0.062216289 0.622868359 0.009767022 -0.807862639 0.112956248 0.578362703
1773245002.423071 -0.162602603 0.061265379 0.622776031 0.007459896 -0.808391094 0.109865643 0.578253984
1773245002.458969 -0.163156062 0.061641958 0.622491658 0.008684388 -0.808336377 0.111483641 0.578003705
1773245002.486948 -0.163866132 0.062873140 0.621590912 0.010690926 -0.807185888 0.115821645 0.578724444
1773245002.519886 -0.164622515 0.062396042 0.621501923 0.010848852 -0.808143258 0.114728004 0.577602327
1773245002.557955 -0.165011480 0.062047623 0.621338964 0.009380502 -0.808822155 0.113601565 0.576899886
1773245002.585921 -0.165256560 0.062098395 0.620775104 0.010182091 -0.808515728 0.114211343 0.577195287
1773245002.628496 -0.165752113 0.061516427 0.620813370 0.008490701 -0.810047984 0.112266541 0.575453222
1773245002.652962 -0.166340858 0.061254755 0.620616198 0.008803788 -0.811035931 0.111836247 0.574139297
1773245002.694442 -0.167070180 0.061906062 0.620108843 0.009649103 -0.811601579 0.114487648 0.572802186
1773245002.721081 -0.167931288 0.062353890 0.619785905 0.011310778 -0.812702477 0.116423272 0.570817173
1773245002.753661 -0.168467820 0.061653741 0.620095432 0.009875301 -0.815461814 0.114171736 0.567352891
1773245002.792361 -0.168906987 0.061421458 0.619551897 0.009003728 -0.816253483 0.114164747 0.566229343
1773245002.819579 -0.169528842 0.061115321 0.619445622 0.009050889 -0.818070352 0.113271110 0.563780665
1773245002.860128 -0.169997126 0.060977079 0.619025528 0.009119605 -0.819223225 0.113324881 0.562092245
1773245002.887021 -0.170668185 0.061379410 0.618678451 0.009813745 -0.820635855 0.114956461 0.559683442
1773245002.920252 -0.171665758 0.061604273 0.618318319 0.011505648 -0.822171986 0.116396241 0.557093263
1773245002.960719 -0.172345489 0.061603047 0.617963791 0.011746925 -0.823607564 0.116939284 0.554849446
1773245002.987079 -0.172554329 0.061388932 0.617541373 0.010592087 -0.824468195 0.116814680 0.553619266
1773245003.028256 -0.173105180 0.060820442 0.617465675 0.009149278 -0.826328576 0.115088463 0.551227689
1773245003.052939 -0.173563793 0.061061461 0.616716444 0.010570842 -0.826628745 0.116474934 0.550460637
1773245003.092527 -0.174107075 0.060979791 0.616398513 0.010679604 -0.827978671 0.116530776 0.548414111
1773245003.120027 -0.174863875 0.060937367 0.616133034 0.010419785 -0.829665959 0.117028885 0.545756638
1773245003.154264 -0.175394177 0.060961373 0.615630150 0.010749222 -0.830407083 0.117878921 0.544438422
1773245003.193473 -0.175686181 0.060751602 0.615276217 0.010315623 -0.831267595 0.117111549 0.543298006
1773245003.219917 -0.176210359 0.060598150 0.614809752 0.010704630 -0.832230031 0.116830774 0.541875720
1773245003.259971 -0.176943585 0.060206547 0.614910483 0.010112396 -0.834551513 0.115961939 0.538492680
1773245003.286541 -0.177683562 0.060336143 0.614487827 0.010964217 -0.835715234 0.117020018 0.536438346
1773245003.320783 -0.178000093 0.060151383 0.613932550 0.010217037 -0.836295366 0.116678916 0.535622776
1773245003.359369 -0.178511202 0.060005691 0.613757670 0.010313621 -0.837804258 0.116214216 0.533359170
1773245003.386461 -0.179101914 0.060233667 0.613348842 0.011096385 -0.838880837 0.117599532 0.531343699
1773245003.426269 -0.179646581 0.059952602 0.613023341 0.010452739 -0.840330064 0.116958469 0.529204011
1773245003.454235 -0.180009574 0.059775360 0.612435639 0.010291757 -0.841000795 0.116849296 0.528164685
1773245003.493379 -0.180746704 0.060278907 0.612042129 0.011949797 -0.842113554 0.118835889 0.525908649
1773245003.519399 -0.181271583 0.059726469 0.611826062 0.011140893 -0.843889832 0.117202207 0.523439884
1773245003.553770 -0.182268679 0.060158398 0.611487269 0.012533998 -0.845542312 0.119714968 0.520162821
1773245003.592556 -0.182649612 0.060046740 0.611087620 0.012133121 -0.846510947 0.119890377 0.518554151
1773245003.620400 -0.183105513 0.060160745 0.610651135 0.012789041 -0.847390831 0.120514683 0.516954124
1773245003.660208 -0.183677077 0.060209170 0.610261619 0.013361742 -0.848346174 0.121355787 0.515172839
1773245003.686860 -0.184070945 0.060034759 0.609869182 0.012674361 -0.849506795 0.121081896 0.513338864
1773245003.721500 -0.184564471 0.059695266 0.609675050 0.012639668 -0.851032138 0.120334312 0.510983527
1773245003.759807 -0.184927881 0.059620284 0.609252393 0.012504433 -0.851892889 0.120535560 0.509503067
1773245003.787888 -0.185257763 0.059492737 0.608783662 0.012267199 -0.852932155 0.120071828 0.507876933
1773245003.827167 -0.185619265 0.059410483 0.608317077 0.012075653 -0.853960514 0.120437510 0.506063581
1773245003.854173 -0.186225384 0.059465997 0.608123183 0.012847366 -0.855830669 0.120913602 0.502760947
1773245003.894313 -0.186742872 0.059357833 0.607553601 0.013271319 -0.857061684 0.120961905 0.500636876
1773245003.921063 -0.187158704 0.059507623 0.607327402 -0.013436209 0.859303176 -0.121898182 -0.496546447
1773245003.956135 -0.187756702 0.059262350 0.607123137 -0.012535801 0.861738265 -0.121263251 -0.492488772
1773245003.993762 -0.187708095 0.059139945 0.606350064 -0.012482895 0.862336338 -0.121274211 -0.491439402
1773245004.020184 -0.188053653 0.058724284 0.605918884 -0.011563378 0.864681840 -0.120546795 -0.487503856
1773245004.059924 -0.188933641 0.059146356 0.605619609 -0.013601872 0.867676795 -0.122596473 -0.481582880
1773245004.087870 -0.189026669 0.058909401 0.604946673 -0.013817295 0.869110048 -0.122094475 -0.479113549
1773245004.121303 -0.189502746 0.059147455 0.604290485 -0.014746929 0.871239781 -0.123661444 -0.474796385
1773245004.160212 -0.189874128 0.058952603 0.603948712 -0.014310099 0.874117017 -0.123852745 -0.469441324
1773245004.188658 -0.190141141 0.059128266 0.603420854 -0.014427574 0.876351058 -0.124838226 -0.464990407
1773245004.228035 -0.190079570 0.058600996 0.602363527 -0.013156642 0.877872705 -0.124343358 -0.462282568
1773245004.255609 -0.190455481 0.058695998 0.602079868 -0.013453932 0.880945623 -0.125244722 -0.456144214
1773245004.293686 -0.190826043 0.058882967 0.601403594 -0.014397509 0.883697152 -0.126729861 -0.450346112
1773245004.321280 -0.191945329 0.057610199 0.601399243 -0.011869607 0.889707625 -0.122816674 -0.439540178
1773245004.353987 -0.192349404 0.058056951 0.600499392 -0.014262346 0.891921818 -0.125331596 -0.434239537
1773245004.394269 -0.192464456 0.057476852 0.600330412 -0.013544946 0.895579219 -0.123293564 -0.427262306
1773245004.420749 -0.192700803 0.056885280 0.600050330 -0.012613505 0.899219155 -0.121527128 -0.420091510
1773245004.461735 -0.192928866 0.057619784 0.598740220 -0.014115210 0.900988042 -0.126135036 -0.414862961
1773245004.489053 -0.193190977 0.056541126 0.598419666 -0.013375051 0.904895842 -0.121761806 -0.407625645
1773245004.522416 -0.193472698 0.056652017 0.597792149 -0.012916227 0.908023179 -0.123109452 -0.400213957
1773245004.560771 -0.193333223 0.056671184 0.597052574 -0.012258406 0.910362363 -0.124310218 -0.394508660
1773245004.587739 -0.193618789 0.056848593 0.596323967 -0.014267897 0.913310409 -0.125875562 -0.387060463
1773245004.628603 -0.193355367 0.057079189 0.595136702 -0.014560847 0.915031135 -0.127908304 -0.382289827
1773245004.655619 -0.193486720 0.056734953 0.594784677 -0.013895413 0.918362558 -0.126849830 -0.374601424
1773245004.695120 -0.193967134 0.055531569 0.594692349 -0.011505961 0.923602343 -0.122886412 -0.362939715
1773245004.722521 -0.193733379 0.056031149 0.593598008 -0.011852355 0.925676763 -0.125813320 -0.356585205
