1773838067.390573 0.000236030 0.000247718 0.004040159 -0.003754928 0.007972647 0.000109958 0.999961138
1773838067.424395 0.000260638 0.000249223 0.004070880 -0.004152949 0.007872001 0.001180721 0.999959707
1773838067.459268 -0.000015608 -0.000155429 0.004928385 -0.003232885 0.008204896 -0.000026384 0.999961078
1773838067.492375 0.004720458 0.002890375 0.057735723 -0.003117744 0.007348302 0.000921970 0.999967694
1773838067.526190 0.004591355 0.003004673 0.058707550 -0.004088716 0.007497009 0.000738583 0.999963284
1773838067.557283 0.002814616 0.003790840 0.058010630 -0.004746953 0.008888329 0.000979451 0.999948740
1773838067.590085 0.002804098 0.003961764 0.057932563 -0.001323163 0.009280656 -0.000089934 0.999956071
1773838067.625311 0.002139315 0.004526753 0.058656964 -0.003051851 0.010176953 0.000545947 0.999943376
1773838067.658885 0.002492757 0.003860654 0.058714800 -0.004069388 0.010379821 0.001140909 0.999937236
1773838067.691801 0.002330377 0.004100811 0.059362490 -0.003804437 0.011033423 -0.000236184 0.999931872
1773838067.725190 0.001837065 0.004004627 0.059660312 -0.003318452 0.011534072 0.000125597 0.999927998
1773838067.758759 0.001639736 0.003981026 0.060248241 -0.003396859 0.011471238 0.000552830 0.999928296
1773838067.791068 0.001541700 0.004562731 0.061463911 -0.004334854 0.011952879 0.000365622 0.999919116
1773838067.824452 0.001533087 0.004506651 0.061834104 -0.004856684 0.012322672 0.000293713 0.999912262
1773838067.858372 0.000260323 0.000269833 0.004700182 -0.004024297 0.010941662 0.001011920 0.999931514
1773838067.890855 0.000459218 0.000456894 0.005067409 -0.002553886 0.010603218 0.000148875 0.999940515
1773838067.925313 0.001541476 0.004421826 0.063240893 -0.002467858 0.011917998 0.000159140 0.999925911
1773838067.960289 0.001414817 0.004686245 0.063851096 -0.003668944 0.012135858 0.000292169 0.999919593
1773838067.990973 0.002272348 0.004307125 0.064531848 -0.005365884 0.012021770 -0.000232878 0.999913335
1773838068.025385 0.001676843 0.004310187 0.064819641 -0.004123536 0.011975407 0.000491834 0.999919653
1773838068.058971 0.002375663 0.004355249 0.065584145 -0.002898678 0.011414777 -0.000147109 0.999930620
1773838068.092465 0.002501876 0.004398707 0.065990299 -0.003492570 0.011328821 -0.000290027 0.999929667
1773838068.124543 0.002980347 0.004209339 0.066370644 -0.004950177 0.011219566 0.000008830 0.999924839
1773838068.158517 0.002469518 0.003983870 0.066840552 -0.004707653 0.011677622 -0.000019062 0.999920726
1773838068.190918 0.002854611 0.004253274 0.067002133 -0.004210231 0.011404538 0.000116566 0.999926090
1773838068.224703 0.002334384 0.004357131 0.067878693 -0.004319907 0.011606960 -0.000910557 0.999922872
1773838068.259068 0.002285564 0.004045715 0.067125313 -0.003887797 0.011450408 -0.000619906 0.999926686
1773838068.292212 0.001993184 0.004220796 0.067765974 -0.004431470 0.011453371 -0.000687369 0.999924362
1773838068.325694 0.002650329 0.003834808 0.067315020 -0.004202583 0.010011710 -0.000467489 0.999940932
1773838068.357874 0.002701127 0.003795424 0.068243809 -0.004557913 0.009363285 0.000101798 0.999945760
1773838068.391057 0.003383109 0.004048560 0.069056854 -0.003255439 0.008393537 0.001290203 0.999958634
1773838068.424003 0.004684350 0.003678989 0.069769830 -0.005394440 0.006890240 -0.000130632 0.999961674
1773838068.459261 0.000253050 0.000331780 0.005582961 -0.003663175 0.007293993 0.000942008 0.999966264
1773838068.492965 0.000239238 0.000304163 0.005698454 -0.004348377 0.006727081 0.000100654 0.999967933
1773838068.526559 0.005439690 0.004193044 0.071622044 -0.004077034 0.004499468 0.001267215 0.999980748
1773838068.560701 0.006485237 0.005185157 0.072672464 -0.003161823 0.003196681 0.000926199 0.999989450
1773838068.593065 0.004250299 0.004079703 0.073762953 -0.003680267 0.003844820 0.001938494 0.999983966
1773838068.625925 0.003791998 0.004020972 0.074112915 -0.004077112 0.003804445 0.000967964 0.999983966
1773838068.657725 0.000607428 0.001512249 0.027552031 -0.004641443 0.003618859 0.001089589 0.999982059
1773838068.692479 0.000537979 0.001748967 0.027790964 -0.002869679 0.003121835 0.001092142 0.999990404
1773838068.726684 0.000599313 0.001639110 0.028337339 -0.002643225 0.002846593 0.000968540 0.999991953
1773838068.758794 0.003091214 0.004155667 0.073135674 -0.005046139 0.003253741 0.000872320 0.999981582
1773838068.793314 0.003196726 0.003778272 0.073476359 -0.003880871 0.003003493 0.001532638 0.999986768
1773838068.825198 0.003225310 0.004089605 0.071470045 -0.001807336 0.002688157 0.000628975 0.999994576
1773838068.859720 0.002941222 0.003822668 0.071881294 -0.002116115 0.003236543 0.002042588 0.999990463
1773838068.893044 0.003638974 0.004415161 0.072325110 -0.005203682 0.002862863 0.002779913 0.999978483
1773838068.926337 0.003870474 0.004397804 0.072268330 -0.003460309 0.003196624 0.001965512 0.999986947
1773838068.958731 0.000914324 0.001791689 0.030810880 -0.001764576 0.003776581 0.001493203 0.999990165
1773838068.993062 0.001130348 0.001551285 0.030856449 -0.002463313 0.004028521 0.001161519 0.999988139
1773838069.026550 0.001149688 0.001779018 0.031715058 -0.002339055 0.004397314 0.000992518 0.999987066
1773838069.058931 0.000852273 0.001901218 0.032079272 -0.002838466 0.004792837 0.001690148 0.999983013
1773838069.092392 0.000559386 0.001861462 0.032875884 -0.003931533 0.005565771 0.001402866 0.999975801
1773838069.126801 0.000899303 0.001928555 0.032785632 -0.002690563 0.005330186 0.000413851 0.999982059
1773838069.158757 0.000606069 0.001920402 0.033585053 -0.003326654 0.006160256 0.001232444 0.999974728
1773838069.192698 0.000874111 0.001925611 0.033614211 -0.001553126 0.005872871 0.001342229 0.999980628
1773838069.225828 0.000556261 0.001983035 0.034445144 -0.001783050 0.006276660 0.000595724 0.999978542
1773838069.260135 0.000010223 0.001964292 0.034581278 -0.002722568 0.006553144 0.000841126 0.999974430
1773838069.293544 -0.000213505 0.002132998 0.035265714 -0.002117980 0.006353573 0.000852933 0.999977171
1773838069.326994 0.000396012 0.002173617 0.035410456 -0.002242673 0.005550559 0.000421990 0.999981940
1773838069.359890 0.001244606 0.002291271 0.035956886 -0.002014081 0.004804919 0.002015082 0.999984384
1773838069.392796 0.000389074 0.002156483 0.036430821 -0.001738562 0.005065863 0.001137452 0.999984980
1773838069.426928 0.000742273 0.001917963 0.037320971 -0.002720602 0.004582574 0.000927141 0.999985337
1773838069.460488 0.000451168 0.002000768 0.037470881 -0.002009512 0.004122302 0.001348715 0.999988556
1773838069.492579 0.000434720 0.002204769 0.038053948 -0.001189350 0.003610775 0.000097712 0.999992788
1773838069.525797 0.000240018 0.002115418 0.038621828 -0.001856816 0.003465200 0.001893577 0.999990463
1773838069.560815 0.000453975 0.002099464 0.039095797 -0.001409106 0.003271811 0.001674496 0.999992251
1773838069.594112 0.000567455 0.001993916 0.039278064 -0.001191637 0.003194675 0.000991963 0.999993682
1773838069.626024 0.000399358 0.002005523 0.039648224 -0.001367684 0.003622479 0.001391221 0.999991536
1773838069.661253 0.000702722 0.002290803 0.039797064 -0.000472129 0.003806614 0.001300614 0.999991775
1773838069.693789 0.000769579 0.002192243 0.040344644 -0.001549222 0.003823281 0.001506605 0.999990344
1773838069.726673 0.000748061 0.002343827 0.040894508 -0.002614149 0.004009916 0.002402277 0.999985695
1773838069.761200 0.000833052 0.002186798 0.041177850 -0.000376754 0.003482871 0.001563332 0.999992669
1773838069.793755 0.000740850 0.002136909 0.041380342 0.000314951 0.002863619 0.002084139 0.999993682
1773838069.827706 0.000652211 0.002180612 0.041658673 0.000292056 0.002588848 0.001972459 0.999994636
1773838069.860638 0.000624559 0.002127898 0.041727234 -0.000151306 0.002436757 0.002077313 0.999994874
1773838069.894362 0.000384409 0.002442211 0.042966723 -0.001721620 0.002329921 0.002734832 0.999992073
1773838069.927611 0.000274895 0.000444693 0.007584453 -0.000120813 0.001337545 0.002989303 0.999994636
1773838069.961114 0.000052588 0.000363494 0.007728848 0.000957617 0.000453588 0.001761000 0.999997854
1773838069.993675 0.000602863 0.002424957 0.043738328 0.000135507 -0.000303540 0.001509630 0.999998748
1773838070.026773 0.001459339 0.002186555 0.044211980 0.000420626 -0.001572826 0.003146100 0.999993682
1773838070.061019 0.001115073 0.002327081 0.044677373 0.000632263 -0.002336137 0.003197229 0.999991953
1773838070.094794 0.000485411 0.002643349 0.045290381 0.000548881 -0.002627093 0.001755127 0.999994814
1773838070.127666 0.000824855 0.002711495 0.045672689 0.001320525 -0.002989462 0.002670816 0.999991059
1773838070.161004 0.000690817 0.002935606 0.046613697 0.000148948 -0.003078355 0.002498210 0.999992132
1773838070.194605 0.000487890 0.002853430 0.046625454 0.000039343 -0.003428406 0.001432369 0.999993086
1773838070.227998 0.000585260 0.002940152 0.047479529 0.000225608 -0.003673473 0.003303298 0.999987781
1773838070.261088 0.000969326 0.002366496 0.047606692 0.000817035 -0.004942846 0.001558740 0.999986231
1773838070.295022 0.000647065 0.002963283 0.046983100 0.000631927 -0.005342934 0.002973041 0.999981105
1773838070.327671 0.000444489 0.002554700 0.047464371 -0.000255023 -0.005829127 0.002534545 0.999979734
1773838070.360879 0.000014444 0.002984758 0.048346963 0.000157926 -0.005876126 0.002183273 0.999980330
1773838070.394648 0.000187371 0.002864989 0.048659176 -0.000040340 -0.006171038 0.002089006 0.999978781
1773838070.428677 0.000014603 0.002960551 0.049472362 0.000857148 -0.006319346 0.002228910 0.999977171
1773838070.460371 -0.000020169 0.003116635 0.050027557 0.001112701 -0.006558037 0.002278691 0.999975264
1773838070.496181 0.000498090 0.003006682 0.050328627 0.000687780 -0.007400734 0.002186746 0.999969959
1773838070.528357 0.000749591 0.003031882 0.050743982 -0.000020559 -0.007550963 0.002554673 0.999968231
1773838070.560398 0.000297065 0.000467399 0.008520736 0.000160367 -0.007541074 0.003058275 0.999966860
1773838070.594320 0.000592151 0.000487050 0.009083360 0.000224543 -0.007786391 0.002683043 0.999966025
1773838070.628201 0.000973500 0.000552528 0.009711920 -0.000073767 -0.008273075 0.003203135 0.999960661
1773838070.662664 0.000892158 0.002751758 0.051496211 0.000705431 -0.007996803 0.002900551 0.999963582
1773838070.696326 0.001309786 0.002790906 0.052203197 -0.000486051 -0.008759853 0.003086602 0.999956727
1773838070.728045 0.001427426 0.002829570 0.052498534 -0.000652197 -0.008872474 0.003564992 0.999954045
1773838070.762241 0.001745496 0.002792901 0.052384514 -0.001030353 -0.009408119 0.004046383 0.999947011
1773838070.795327 0.002113727 0.002824093 0.053008117 -0.000528735 -0.010250861 0.004426699 0.999937534
1773838070.827268 0.002173205 0.002819490 0.053222775 -0.000428476 -0.010356185 0.004290127 0.999937057
1773838070.860534 0.002184309 0.002835847 0.053268008 -0.000834468 -0.010591419 0.004580284 0.999933064
1773838070.896106 0.002405137 0.002915097 0.053739019 -0.001076257 -0.010922483 0.004968170 0.999927402
1773838070.929506 0.000801712 0.002868433 0.054977067 -0.001166576 -0.009449029 0.004124565 0.999946177
1773838070.961468 0.001040678 0.003031385 0.055553894 -0.001476213 -0.009426453 0.004624475 0.999943733
1773838070.996121 0.000499194 0.002962842 0.055959612 -0.001606265 -0.008418420 0.004702870 0.999952197
1773838071.028876 0.000703282 0.002921638 0.056272216 -0.001539959 -0.008152917 0.004490397 0.999955475
1773838071.062311 0.000597092 0.002962494 0.056404959 -0.001483333 -0.007655803 0.004067221 0.999961317
1773838071.096041 0.000976953 0.002970531 0.057029631 -0.002532788 -0.007178009 0.003846417 0.999963641
1773838071.129251 0.000658567 0.003022043 0.057226550 -0.003076565 -0.005912557 0.004761147 0.999966443
1773838071.161719 0.000861785 0.003046346 0.057603233 -0.002010203 -0.005703360 0.005102609 0.999968708
1773838071.194665 0.002447799 0.003205220 0.058369450 -0.000724919 -0.006423221 0.003992327 0.999971092
1773838071.228453 0.000787365 0.003035587 0.056769334 -0.001545088 -0.004225956 0.004417137 0.999980152
1773838071.262820 0.001017711 0.003061309 0.057187248 -0.002968108 -0.003188976 0.004380428 0.999980927
1773838071.294620 0.001176734 0.003096642 0.057714254 -0.002533610 -0.002080498 0.004145081 0.999986053
1773838071.328995 0.001036613 0.003065464 0.057040054 -0.001834533 -0.001151368 0.004486896 0.999987543
1773838071.362422 0.001187192 0.003080600 0.057317965 -0.001499064 0.000007919 0.003253441 0.999993563
1773838071.395965 0.001464872 0.003121168 0.057770874 -0.002034280 0.000698183 0.004027348 0.999989569
1773838071.429910 0.000760191 0.003289300 0.057889588 -0.002970988 0.003139640 0.003453826 0.999984682
1773838071.462374 0.000941927 0.003288706 0.058222052 -0.003198426 0.004304115 0.003976624 0.999977708
1773838071.496193 0.001083600 0.003305714 0.058396593 -0.003044174 0.005065079 0.003482402 0.999976456
1773838071.529527 0.000649428 0.003194776 0.057483297 -0.003963095 0.006575175 0.003236629 0.999965250
1773838071.564367 0.001016929 0.003240258 0.058070466 -0.003082867 0.007410662 0.003605455 0.999961257
1773838071.597022 0.001130026 0.003277491 0.058338311 -0.004223817 0.008790078 0.003744104 0.999945402
1773838071.629525 0.000850584 0.003210658 0.057633821 -0.004516083 0.010051588 0.003875912 0.999931753
1773838071.663375 0.000915212 0.003234755 0.057694517 -0.004706175 0.010989150 0.004357181 0.999919057
1773838071.696318 0.001525157 0.003303248 0.058790702 -0.005130333 0.011812359 0.003253280 0.999911785
1773838071.728968 0.000932387 0.003014025 0.056655686 -0.005768097 0.013570599 0.004034736 0.999883115
1773838071.761650 0.000982085 0.002980941 0.056762218 -0.005348207 0.014337895 0.003126744 0.999877989
1773838071.796833 0.000096345 0.003101008 0.058010485 -0.006250044 0.016328810 0.003160719 0.999842167
1773838071.829795 0.000313643 0.002881483 0.055392060 -0.006613099 0.017472487 0.003467901 0.999819458
1773838071.863621 0.000632881 0.002788126 0.055642638 -0.007050841 0.018158304 0.003244000 0.999804974
1773838071.895807 0.000408223 0.003030896 0.056449778 -0.007099567 0.019382384 0.003281463 0.999781549
1773838071.929824 0.000847920 0.003001230 0.055776797 -0.006431962 0.019173922 0.004083463 0.999787152
1773838071.962736 0.001069642 0.002970243 0.056375556 -0.007034533 0.019216167 0.004281273 0.999781430
1773838071.996320 0.000790884 0.003093889 0.056597192 -0.008116669 0.019793108 0.004200562 0.999762297
1773838072.028959 0.000854254 0.002995953 0.056245245 -0.008471358 0.020466162 0.005035532 0.999741971
1773838072.063938 0.000795211 0.003149932 0.056575730 -0.007540858 0.020516861 0.003535372 0.999754846
1773838072.096449 0.000551609 0.003122966 0.058235463 -0.007431607 0.020678837 0.004484693 0.999748468
1773838072.130497 0.001038927 0.002974972 0.057156485 -0.008079725 0.020417465 0.004561485 0.999748468
1773838072.162171 0.000954739 0.003183438 0.057632212 -0.007808047 0.020260587 0.003611972 0.999757707
1773838072.196539 0.001132805 0.003301058 0.057895228 -0.007806023 0.020177821 0.005297152 0.999751925
1773838072.229545 0.001136894 0.003069812 0.058263171 -0.007218265 0.019828055 0.004560483 0.999766946
1773838072.263770 0.001097018 0.003436123 0.058865927 -0.007052143 0.019991571 0.005145830 0.999762058
1773838072.297302 0.001102737 0.003167610 0.059013225 -0.008011631 0.020124095 0.003868674 0.999757886
1773838072.328944 0.001014333 0.003392952 0.059407145 -0.006988313 0.020062998 0.003967694 0.999766409
1773838072.362592 0.000911840 0.003211702 0.058752369 -0.006979458 0.020141376 0.004482646 0.999762714
1773838072.397403 0.001020325 0.003071369 0.058989473 -0.007378391 0.019638404 0.003893856 0.999772310
1773838072.429430 0.001347929 0.003001028 0.059138302 -0.008389919 0.019094141 0.004660172 0.999771595
1773838072.463645 0.001047855 0.003103266 0.059685864 -0.005183719 0.018931327 0.004156756 0.999798715
1773838072.497281 0.001279914 0.003192120 0.060099240 -0.006729126 0.018965507 0.003092149 0.999792695
1773838072.529958 0.001173932 0.003386775 0.060641941 -0.008035174 0.018825537 0.004355188 0.999781013
1773838072.564349 0.001155900 0.003052029 0.060646623 -0.006522693 0.018401269 0.004714978 0.999798298
1773838072.597481 0.001152440 0.003143312 0.058532149 -0.005385058 0.018369587 0.003830219 0.999809444
1773838072.633367 0.001174535 0.003218109 0.058652647 -0.005065862 0.018373964 0.004120497 0.999809861
1773838072.663796 0.001315517 0.003292043 0.059044410 -0.007033274 0.018945448 0.003895669 0.999788165
1773838072.696553 0.001178682 0.003092654 0.056585345 -0.004708845 0.019713996 0.003005239 0.999790072
1773838072.731230 0.001194571 0.003104065 0.056635935 -0.003255203 0.020630473 0.003304811 0.999776423
1773838072.764154 0.001113643 0.003137986 0.056948107 -0.002506821 0.021662604 0.003064011 0.999757528
1773838072.797024 0.001094431 0.003180452 0.057236530 -0.003437196 0.022886513 0.002320908 0.999729514
1773838072.829545 0.001426746 0.003117569 0.057432860 -0.002697303 0.023561686 0.002433237 0.999715805
1773838072.863677 0.001398816 0.003147220 0.057905015 -0.000492270 0.024450418 0.002006544 0.999698937
1773838072.898094 0.001366260 0.002997085 0.056554798 -0.000619867 0.024531448 0.001570826 0.999697626
1773838072.930769 0.001062496 0.003032199 0.056753550 0.000218298 0.024703650 0.001904793 0.999692976
1773838072.964728 0.000874297 0.003353286 0.057327911 0.000074708 0.024622081 0.001650541 0.999695480
1773838072.997976 0.001081312 0.003158387 0.057533499 -0.000919541 0.023587130 0.002137077 0.999719083
1773838073.030252 0.001155209 0.003026130 0.057202317 0.001757476 0.022256050 0.000478689 0.999750674
1773838073.063510 0.000921001 0.003081151 0.057498589 -0.000478266 0.021643505 0.001951519 0.999763727
1773838073.097448 0.000991199 0.003202049 0.057849437 0.001798999 0.020539526 0.002189465 0.999785006
1773838073.131675 0.001276740 0.002943747 0.057050698 0.003214239 0.019398384 0.002836017 0.999802649
1773838073.164855 0.001323513 0.002721150 0.057423934 0.003583568 0.018870682 0.003336417 0.999809921
1773838073.198053 0.001300868 0.002911619 0.057594329 0.005722527 0.018519510 0.001865934 0.999810398
1773838073.231003 0.001119410 0.002955210 0.056433357 0.005990330 0.018265104 0.002845149 0.999811172
1773838073.264036 0.001380690 0.002870696 0.056509838 0.004395611 0.017092234 0.003507102 0.999838114
1773838073.297497 0.001192168 0.002987845 0.056867551 0.006043635 0.016448263 0.001851316 0.999844730
1773838073.330602 0.001197146 0.002999065 0.056356907 0.004769067 0.015809549 0.001667919 0.999862254
1773838073.364380 0.001168468 0.003075783 0.056502104 0.003518224 0.015001980 0.001973501 0.999879301
1773838073.397338 0.001249151 0.003025590 0.057835020 0.005190327 0.013751794 0.001130826 0.999891281
1773838073.431395 0.001025781 0.003275957 0.057498362 0.004674914 0.013441033 0.001922986 0.999896884
1773838073.464679 0.000790103 0.003184587 0.057752188 0.005740431 0.012529940 0.001975376 0.999903083
1773838073.498844 0.001042491 0.003112354 0.057809845 0.005552658 0.011241459 0.001702761 0.999919891
1773838073.531964 0.001000175 0.003129403 0.058201347 0.004826690 0.010397190 0.001688553 0.999932885
1773838073.564446 0.001168615 0.002974170 0.058355641 0.004827858 0.008992610 0.002335797 0.999945164
1773838073.597655 0.001160947 0.003142675 0.058524225 0.007037352 0.007750888 0.001159691 0.999944508
1773838073.632955 0.001186135 0.003195532 0.059270144 0.002791387 0.007505701 0.002154940 0.999965608
1773838073.666307 0.000943820 0.003217464 0.058661450 0.007271842 0.007143987 0.000592835 0.999947846
1773838073.698740 0.000770438 0.003275297 0.059154596 0.005346772 0.006709545 0.002486191 0.999960124
1773838073.732200 0.000680364 0.003208981 0.059422527 0.003622226 0.006544861 0.001694976 0.999970555
1773838073.765818 0.000967003 0.003028873 0.058892220 0.005197987 0.005514321 0.000791883 0.999970973
1773838073.799025 0.001114366 0.003034651 0.059149440 0.004414775 0.004896062 0.001369030 0.999977291
1773838073.832905 0.001040452 0.003076865 0.059389681 0.004811030 0.004482171 0.000654288 0.999978125
1773838073.864445 0.000955967 0.002998465 0.059926465 0.003378141 0.004875381 0.000840381 0.999982059
1773838073.898641 0.000709989 0.003111094 0.059310533 0.004507143 0.004922784 -0.000276871 0.999977648
1773838073.932030 0.000856430 0.003070487 0.059661590 0.002820459 0.005007524 0.000143078 0.999983430
1773838073.966641 0.000923492 0.003000181 0.059937112 0.001405434 0.004979988 -0.001410158 0.999985576
1773838073.998792 0.000589036 0.003162757 0.059196252 0.000826755 0.005463891 -0.002635111 0.999981284
1773838074.032487 0.000605183 0.003170571 0.059640463 -0.000449699 0.005523721 -0.002596813 0.999981284
1773838074.064659 0.000363052 0.003033470 0.059878111 0.000219074 0.005824614 -0.003413666 0.999977171
1773838074.098617 0.000497729 0.003141587 0.060132474 0.000858250 0.005587556 -0.002455855 0.999980986
1773838074.132875 0.000652822 0.003018500 0.058742251 0.000371527 0.005842780 -0.002317923 0.999980152
1773838074.165430 0.000590866 0.003236282 0.059103575 0.002051068 0.006133452 -0.003214857 0.999973893
1773838074.199396 0.000511120 0.003035733 0.059413590 0.000076376 0.006867862 -0.001722842 0.999974906
1773838074.232667 0.000505385 0.002959534 0.057553742 0.001563281 0.007344193 -0.003906123 0.999964178
1773838074.265447 0.000297254 0.002959005 0.058177572 -0.000997875 0.008442190 -0.003292701 0.999958456
1773838074.299556 0.000413547 0.002998055 0.058266561 -0.000067478 0.008618368 -0.003722648 0.999955893
1773838074.333373 0.000105006 0.003093712 0.060517326 0.001697455 0.009503596 -0.005340925 0.999939144
1773838074.366661 0.000357682 0.003112292 0.058840659 0.000524802 0.009710436 -0.003310133 0.999947190
1773838074.399488 0.000332773 0.002985553 0.057572704 -0.000284363 0.009928559 -0.004449652 0.999940753
1773838074.433233 0.000340997 0.002873340 0.057778791 0.001151914 0.009759115 -0.004634875 0.999940991
1773838074.466284 0.000356073 0.002869936 0.058222145 -0.001218521 0.009624002 -0.003293119 0.999947488
1773838074.498075 0.000308375 0.002904201 0.058277834 0.002225565 0.008748955 -0.005631602 0.999943376
1773838074.533368 0.000444131 0.003097409 0.056444071 0.000599370 0.008218071 -0.004146936 0.999957442
1773838074.567414 0.000255828 0.003121579 0.056661330 -0.000064882 0.007751086 -0.004118717 0.999961495
1773838074.600422 0.000566269 0.003010113 0.056641478 0.000616214 0.006192544 -0.004846678 0.999968886
1773838074.633839 0.000326880 0.003004451 0.057101194 -0.000102206 0.006002619 -0.003569300 0.999975562
1773838074.668831 0.000255875 0.003205680 0.057390928 0.000723160 0.005648525 -0.004744041 0.999972522
1773838074.701591 0.000430345 0.003214134 0.057989854 -0.000349301 0.005017598 -0.003960353 0.999979496
1773838074.734668 0.000275371 0.003204754 0.058067776 -0.000702093 0.004645469 -0.003326859 0.999983430
1773838074.767133 0.000118119 0.002898502 0.053768817 -0.000746155 0.003983165 -0.003558081 0.999985456
1773838074.800045 -0.000014330 0.002790142 0.053963650 -0.000303915 0.003485536 -0.004614548 0.999983191
1773838074.834020 0.000000476 0.002942330 0.053953368 -0.000724881 0.002786628 -0.003843324 0.999988437
1773838074.866983 0.000116149 0.002783323 0.054397009 -0.001257676 0.002392526 -0.003596681 0.999989867
1773838074.899519 0.000114286 0.002849114 0.054511335 -0.001495418 0.001927946 -0.003765246 0.999989927
1773838074.933839 0.000222086 0.002825226 0.054868221 -0.001401039 0.001403361 -0.003971911 0.999990106
1773838074.966347 0.000248441 0.002983512 0.055299908 -0.001033647 0.001182100 -0.004178965 0.999989986
1773838075.000778 -0.000031074 0.002669295 0.053094178 -0.001987399 0.001801470 -0.003433443 0.999990463
1773838075.033118 -0.000353936 0.002665851 0.053225826 -0.001959010 0.002522869 -0.004373041 0.999985337
1773838075.067474 -0.000310497 0.002711262 0.053608119 -0.002510809 0.002785910 -0.004085499 0.999984622
1773838075.101196 0.000010308 0.002676320 0.053742588 -0.003716036 0.002672814 -0.002709913 0.999985814
1773838075.133910 -0.000081158 0.002648735 0.053836405 -0.004545913 0.003394658 -0.003542661 0.999977589
1773838075.165923 0.000165290 0.002691759 0.053889539 -0.004208800 0.003737531 -0.003663395 0.999977410
1773838075.200687 0.000218222 0.002797237 0.053397223 -0.003652541 0.004345530 -0.004131550 0.999975324
1773838075.233448 0.000336168 0.002663014 0.053721603 -0.002907009 0.005606208 -0.003947326 0.999972224
1773838075.267282 0.000180175 0.002745142 0.053869352 -0.003472732 0.006928916 -0.004696860 0.999958932
1773838075.300559 0.000132203 0.002842991 0.053474966 -0.004173150 0.008766056 -0.004761223 0.999941528
1773838075.333623 0.000204134 0.002764487 0.053567998 -0.004938613 0.010519130 -0.004159405 0.999923825
1773838075.367362 0.000098435 0.002852533 0.053806577 -0.004993759 0.012216755 -0.005135867 0.999899685
1773838075.399730 0.000202849 0.002867504 0.052649986 -0.004907582 0.014214337 -0.004061407 0.999878705
1773838075.434281 0.000309571 0.002943418 0.052868020 -0.005771627 0.016090319 -0.004469009 0.999843895
1773838075.465964 0.000177072 0.002976255 0.053075366 -0.005768259 0.018123761 -0.004494475 0.999809027
1773838075.500775 0.000249989 0.002773619 0.052691359 -0.006027168 0.019708533 -0.004788557 0.999776125
1773838075.534211 0.000113716 0.002645885 0.052770719 -0.006592238 0.021351008 -0.004885922 0.999738336
1773838075.566972 0.000284943 0.002867524 0.053101402 -0.006604376 0.022325799 -0.004450122 0.999719024
1773838075.601519 0.000229189 0.002949591 0.053152043 -0.006836551 0.023745021 -0.004596147 0.999684095
1773838075.634522 0.000168002 0.003030325 0.053398989 -0.006910988 0.024896581 -0.004019635 0.999658048
1773838075.668576 0.000378933 0.002959240 0.053743925 -0.006962794 0.025656695 -0.004262226 0.999637485
1773838075.702583 0.000173262 0.002746217 0.053849190 -0.007404251 0.026823942 -0.003968672 0.999604821
1773838075.734503 0.000242547 0.002987116 0.054237418 -0.007241250 0.027480550 -0.005005061 0.999583602
1773838075.769697 0.000446775 0.002861572 0.054211233 -0.007012088 0.027945718 -0.004290064 0.999575615
1773838075.802341 0.000146991 0.002996120 0.054377738 -0.007193456 0.028744200 -0.003661830 0.999554217
1773838075.835577 0.000155190 0.002935659 0.054480940 -0.007211427 0.028877692 -0.003615856 0.999550402
1773838075.868903 0.000160222 0.003109436 0.054927599 -0.006694414 0.029077180 -0.003774892 0.999547660
1773838075.900279 0.000091472 0.003127520 0.055443376 -0.007099185 0.029672582 -0.003031185 0.999529839
1773838075.936464 0.000040958 0.003000694 0.055640947 -0.007276583 0.029980777 -0.003732959 0.999517024
1773838075.968364 0.000234092 0.003127791 0.055713881 -0.006092868 0.029836521 -0.003416529 0.999530375
1773838076.001740 0.000236839 0.003022536 0.055677257 -0.006382575 0.029948724 -0.003720902 0.999524117
1773838076.034805 -0.000035944 0.002902885 0.054627746 -0.006895763 0.030652091 -0.002952868 0.999502003
1773838076.068750 0.000099262 0.002905368 0.054775119 -0.006779423 0.030364279 -0.002983782 0.999511480
1773838076.101479 -0.000086685 0.002813765 0.055016585 -0.006384077 0.030376786 -0.002710128 0.999514461
1773838076.138627 -0.000066994 0.002944995 0.055240273 -0.005704199 0.030470667 -0.003161325 0.999514401
1773838076.167202 -0.000243924 0.002834868 0.055351485 -0.006419010 0.030733239 -0.003072424 0.999502301
1773838076.202318 -0.000105763 0.002984964 0.056425486 -0.005744793 0.030630831 -0.001770497 0.999512672
1773838076.234462 0.000203299 0.003092995 0.056720819 -0.006944898 0.030040698 -0.002033134 0.999522448
1773838076.268089 -0.000139414 0.002971080 0.056000672 -0.006219768 0.030768519 -0.002527732 0.999504030
1773838076.301787 0.000056825 0.003002871 0.056273848 -0.006073271 0.030181061 -0.001717079 0.999524534
1773838076.333842 -0.000048521 0.003064884 0.054896299 -0.005515869 0.030539958 -0.002502622 0.999515176
1773838076.369490 0.000062522 0.003085309 0.055524714 -0.005242062 0.030618187 -0.003251947 0.999512136
1773838076.402305 -0.000066482 0.003007111 0.055728968 -0.005188277 0.030877449 -0.002339967 0.999506950
1773838076.434650 -0.000052578 0.002977635 0.055490673 -0.006111735 0.030208595 -0.003111762 0.999520123
1773838076.470502 -0.000081407 0.002999339 0.055002715 -0.005941779 0.030220231 -0.002261021 0.999523044
1773838076.501234 -0.000092430 0.002963385 0.055199560 -0.004558709 0.029537156 -0.002257073 0.999550700
1773838076.534851 0.000145529 0.002958444 0.057211850 -0.004789421 0.028411033 -0.002444093 0.999581873
1773838076.568523 0.000074692 0.002912801 0.056101996 -0.004598155 0.028351404 -0.001461704 0.999586403
1773838076.602366 0.000044299 0.002930520 0.055602614 -0.004008729 0.027166866 -0.002112138 0.999620676
1773838076.634130 0.000006465 0.002889374 0.055738315 -0.004320378 0.026712967 -0.001814866 0.999632180
1773838076.668095 -0.000123970 0.002941762 0.056020405 -0.004009575 0.026349809 -0.001155528 0.999644041
1773838076.702441 0.000141459 0.003086295 0.056909118 -0.003350821 0.024842333 -0.001844924 0.999684036
1773838076.735348 0.000323919 0.003188523 0.057347819 -0.003409835 0.023861233 -0.001636205 0.999708116
1773838076.768497 0.000102057 0.003256530 0.057342716 -0.003435212 0.023461621 -0.001356956 0.999717951
1773838076.802075 0.000068941 0.003295512 0.057400193 -0.003340123 0.023186376 -0.000767755 0.999725223
1773838076.835207 0.000080497 0.003401719 0.057529904 -0.003402804 0.022870401 -0.001200995 0.999731898
1773838076.869015 0.000050198 0.003437978 0.057724878 -0.002343563 0.022600269 -0.001163218 0.999741137
1773838076.903423 0.000247522 0.003183921 0.056875981 -0.002320315 0.021711927 -0.001009872 0.999761045
1773838076.936376 0.000229575 0.003016827 0.056921985 -0.002465719 0.021293582 -0.001042290 0.999769688
1773838076.970395 0.000396382 0.003038415 0.057132695 -0.002542202 0.020711135 0.000231047 0.999782205
1773838077.001399 0.000372327 0.003001340 0.057385020 -0.003088001 0.020754633 -0.000319401 0.999779761
1773838077.036368 0.000193564 0.003242832 0.059529744 -0.003450622 0.021061618 -0.000098240 0.999772191
1773838077.069773 0.000346029 0.003262404 0.059540395 -0.001115635 0.020388685 -0.000204623 0.999791443
1773838077.102657 0.000369203 0.003124246 0.059719726 -0.002119338 0.020145277 -0.000818822 0.999794483
1773838077.135934 0.000273453 0.003161250 0.060028877 -0.002041368 0.020594558 -0.000102952 0.999785781
1773838077.167842 0.000305858 0.003378722 0.060323201 -0.002705004 0.021109760 -0.001095557 0.999772906
1773838077.202802 0.000289300 0.003268039 0.060186598 -0.002882770 0.021323577 0.000856611 0.999768078
1773838077.236145 0.000184505 0.003275860 0.060545612 -0.002049329 0.021662176 -0.000554987 0.999763072
1773838077.269116 0.000014196 0.003250403 0.060720149 -0.002183923 0.022078406 -0.000423972 0.999753773
1773838077.304598 0.000312989 0.003419397 0.060830135 -0.002323233 0.021816988 -0.000549036 0.999759138
1773838077.335728 0.000058171 0.003464907 0.061770190 -0.002094809 0.022058466 0.000670376 0.999754250
1773838077.369544 0.000191355 0.003516755 0.061818492 -0.002497782 0.021647511 -0.000863886 0.999762177
1773838077.403440 0.000223769 0.003570242 0.062060270 -0.002089158 0.021521758 0.000027275 0.999766171
1773838077.435519 0.000140210 0.003463902 0.062094320 -0.002513768 0.021834724 0.000199403 0.999758422
1773838077.470621 0.000174904 0.003281869 0.062221386 -0.003215323 0.021632507 0.000130196 0.999760807
1773838077.503409 0.000182272 0.003341052 0.062405411 -0.002797920 0.021467824 -0.000623978 0.999765396
1773838077.536399 0.000356218 0.003487176 0.062866047 -0.002865740 0.021080062 -0.000639546 0.999773502
1773838077.569474 0.000213605 0.003454686 0.062855892 -0.002326906 0.021128653 -0.000807809 0.999773741
1773838077.603364 0.000188736 0.003650648 0.063239567 -0.002494957 0.021108435 -0.000454723 0.999773979
1773838077.635964 0.000214374 0.003426145 0.063167714 -0.002597164 0.020716894 -0.000982968 0.999781489
1773838077.670137 0.000369458 0.003463190 0.062304478 -0.001849751 0.020648666 -0.000608825 0.999784946
1773838077.703553 0.000550987 0.003445670 0.062585577 -0.002012396 0.020282337 0.000132141 0.999792278
1773838077.737069 0.000412223 0.003504709 0.062723503 -0.003638931 0.020835117 -0.000279584 0.999776304
1773838077.771039 0.000356248 0.003335916 0.062899902 -0.002372969 0.020730345 -0.000955283 0.999781847
1773838077.803617 0.000242635 0.003368962 0.063213758 -0.001236987 0.021024240 -0.000788959 0.999777913
1773838077.837431 0.000283517 0.003390449 0.061485734 -0.002873523 0.021068694 0.000258073 0.999773860
1773838077.869565 0.000382287 0.003270044 0.061969444 -0.003770505 0.020659331 -0.001370616 0.999778509
1773838077.904323 0.000255456 0.003556519 0.063731678 -0.002238858 0.020274155 -0.000637150 0.999791801
1773838077.936262 0.000124057 0.003526869 0.061155651 -0.002869672 0.019991070 -0.000945764 0.999795616
1773838077.970311 0.000170926 0.003712432 0.061286453 -0.002584046 0.018670937 -0.001034362 0.999821782
1773838078.004567 0.000360423 0.003557626 0.064193413 -0.003781285 0.017162856 -0.000403498 0.999845505
1773838078.037005 0.000174857 0.003530505 0.061387710 -0.004229310 0.016425356 0.000247722 0.999856114
1773838078.070600 0.000393156 0.003553054 0.061564423 -0.003204389 0.014755358 0.000153607 0.999885976
1773838078.104040 0.000401389 0.003496241 0.061643366 -0.004395996 0.013338224 0.000041576 0.999901414
1773838078.137814 0.000254807 0.003654242 0.062064305 -0.005465806 0.012418358 0.000670992 0.999907732
1773838078.169612 0.000069629 0.003835033 0.062221948 -0.002791985 0.011784052 0.000583318 0.999926507
1773838078.203256 0.000285528 0.003511682 0.062146381 -0.004150607 0.010748519 0.001399580 0.999932647
1773838078.237862 0.000181978 0.003518024 0.062401757 -0.003817837 0.010618906 -0.000072126 0.999936342
1773838078.271012 0.000308455 0.003698556 0.062490139 -0.005943739 0.009887192 0.001185388 0.999932766
1773838078.303510 0.000174823 0.003599075 0.062542602 -0.004113520 0.009171281 0.000314230 0.999949455
1773838078.337138 0.000264533 0.003572239 0.060189005 -0.005580011 0.008752054 0.001076501 0.999945521
1773838078.370449 0.000318284 0.003681158 0.060571816 -0.003865086 0.008326237 0.001285415 0.999957025
1773838078.404381 0.000448406 0.003402768 0.060751036 -0.003235975 0.007594957 0.000868426 0.999965549
1773838078.436766 0.000096190 0.003655656 0.062364124 -0.005024925 0.008253681 0.001010469 0.999952793
1773838078.471168 0.000028961 0.003700885 0.062582061 -0.004553750 0.008040197 0.000431773 0.999957204
1773838078.504520 0.000178751 0.003502542 0.061302610 -0.006422195 0.007791299 0.001316917 0.999948144
1773838078.537530 -0.000112886 0.003590306 0.062704235 -0.005470211 0.007911255 0.000654048 0.999953508
1773838078.571950 0.000329244 0.003330066 0.059165206 -0.003901047 0.006957046 0.000117361 0.999968171
1773838078.605108 0.000738641 0.003198354 0.059624840 -0.006126816 0.006631772 0.001124936 0.999958575
1773838078.638194 0.000652345 0.003052046 0.053660851 -0.005991181 0.007005767 0.000801314 0.999957204
1773838078.670458 0.000605572 0.003022613 0.053812455 -0.005521935 0.007140723 0.000518232 0.999959111
1773838078.704494 0.000659445 0.003052073 0.053971302 -0.006345194 0.006831791 0.001010929 0.999956012
1773838078.736649 0.000441816 0.003103669 0.054199774 -0.005491587 0.006584123 -0.000567826 0.999963105
1773838078.771999 0.000621663 0.003213228 0.057785787 -0.007089169 0.006279591 0.000872226 0.999954760
1773838078.803710 0.001078308 0.003300401 0.058402665 -0.006872293 0.004509583 -0.000204101 0.999966204
1773838078.838575 0.001096436 0.003424004 0.058398325 -0.006492577 0.003754214 0.000337750 0.999971807
1773838078.871285 0.000536320 0.003176445 0.056916904 -0.006136155 0.004184889 0.000804465 0.999972105
1773838078.903828 0.000834692 0.003119616 0.056951240 -0.006034299 0.003033105 0.000037089 0.999977171
1773838078.938803 0.000627642 0.003061204 0.053997803 -0.004945504 0.002795615 0.000451870 0.999983728
1773838078.971270 0.000568388 0.002951772 0.054117084 -0.006230483 0.002626691 0.000487358 0.999976993
1773838079.004110 0.000659921 0.003225121 0.057840269 -0.007160266 0.002873214 -0.000254303 0.999970198
1773838079.037609 0.000503665 0.003047315 0.054625738 -0.005856040 0.003284266 0.002470640 0.999974370
1773838079.071558 0.000611101 0.003058454 0.054891836 -0.007491534 0.003042957 0.000944168 0.999966860
1773838079.105303 0.000587397 0.003180648 0.054962434 -0.006071854 0.003701550 0.001455059 0.999973655
1773838079.138914 0.000511177 0.003090217 0.055055816 -0.007205707 0.004930106 0.000661912 0.999961674
1773838079.171706 0.000583420 0.003055984 0.055351168 -0.009295150 0.005458002 0.001577449 0.999940634
1773838079.205213 0.000578362 0.003160193 0.054468535 -0.006433932 0.005993822 0.000244187 0.999961257
1773838079.237052 0.000568602 0.003062872 0.054601610 -0.006689200 0.006119603 0.001082230 0.999958277
1773838079.271519 0.000505904 0.003208998 0.054672655 -0.007946320 0.006590473 0.000487755 0.999946535
1773838079.378492 0.000364561 0.001247770 0.022035649 -0.008382103 0.006288769 0.001110528 0.999944448
1773838079.410112 0.000396482 0.001193221 0.022502534 -0.007930538 0.005462798 0.001367836 0.999952674
1773838079.439250 0.000460498 0.003275207 0.055557758 -0.007421484 0.005875712 0.001064396 0.999954581
1773838079.472269 0.000460867 0.003282952 0.055130955 -0.007489147 0.005794163 0.000796314 0.999954820
1773838079.506295 0.000550936 0.003149992 0.054961782 -0.008755183 0.005398776 0.001183577 0.999946415
1773838079.538403 0.000591463 0.003274759 0.055371501 -0.007386308 0.004844262 0.000549481 0.999960840
1773838079.571764 0.000598022 0.003255489 0.055366848 -0.007170163 0.005090404 0.000512116 0.999961197
1773838079.605747 0.000509544 0.003233485 0.055593196 -0.007701672 0.005672136 0.000837295 0.999953866
1773838079.639102 0.000536406 0.003222128 0.055778723 -0.006911405 0.005536297 0.001083293 0.999960184
1773838079.671106 0.000576245 0.003125873 0.054410700 -0.007643906 0.005710492 0.000057952 0.999954462
1773838079.705855 0.000561794 0.003139928 0.054444887 -0.007403218 0.005720810 0.001107778 0.999955595
1773838079.737576 0.000357443 0.003195739 0.054662243 -0.006857497 0.006751735 0.000565235 0.999953508
1773838079.772172 0.000349404 0.003193557 0.054670263 -0.007102768 0.007038068 0.000700442 0.999949753
1773838079.805483 0.000278787 0.003193071 0.054808903 -0.006929362 0.007983894 0.000451362 0.999944031
1773838079.838215 0.000369435 0.003181503 0.054850917 -0.007652069 0.007898654 0.001255428 0.999938726
1773838079.872920 0.000565548 0.003132609 0.053223949 -0.007437073 0.007754513 0.001563921 0.999941051
1773838079.906905 0.000499095 0.003143281 0.053394753 -0.007744099 0.008446759 0.000980509 0.999933839
1773838079.940244 0.000912491 0.003175189 0.053662755 -0.008180185 0.007303297 0.001884388 0.999938130
1773838079.971179 0.000703072 0.003188923 0.053530660 -0.007592435 0.007960869 0.002712475 0.999935806
1773838080.005040 0.000855585 0.003169894 0.053661671 -0.008294567 0.007693075 0.002458802 0.999932945
1773838080.038994 0.000364061 0.001336921 0.023341717 -0.008298781 0.009028658 0.001994374 0.999922812
1773838080.071760 0.000494084 0.001313360 0.023456795 -0.008803902 0.009608116 0.002062037 0.999912977
1773838080.105552 0.000703423 0.003057052 0.054085623 -0.008066687 0.010326936 0.001270017 0.999913335
1773838080.138086 0.000684265 0.002956993 0.052569233 -0.008260356 0.011342512 0.001120033 0.999900877
1773838080.172718 0.000607155 0.002978224 0.052674551 -0.008618982 0.012363596 0.002225495 0.999883950
1773838080.206580 0.000507436 0.003014942 0.053004615 -0.009835559 0.013865101 0.001354962 0.999854565
1773838080.239933 0.000559529 0.003090084 0.051994428 -0.008241572 0.014534218 0.001134076 0.999859750
1773838080.272902 0.000593495 0.003097762 0.052067954 -0.007321458 0.015063518 0.001911097 0.999857903
1773838080.306843 0.000655454 0.003063082 0.052179791 -0.007844703 0.015243190 0.001603375 0.999851763
1773838080.339158 0.000576875 0.002885557 0.051221509 -0.008665497 0.016182730 0.001886450 0.999829710
1773838080.373878 0.000674906 0.002866084 0.051217154 -0.008455366 0.015988898 0.002365584 0.999833643
1773838080.406498 0.000637475 0.002845660 0.051356185 -0.007872820 0.016272694 0.001422510 0.999835610
1773838080.440534 0.000624972 0.002897110 0.051532120 -0.007943741 0.016796203 0.001985340 0.999825418
1773838080.473621 0.000655710 0.002814416 0.051617194 -0.008029478 0.016716368 0.002141280 0.999825716
1773838080.506132 0.000706517 0.002813080 0.051696576 -0.007215186 0.016211051 0.002099947 0.999840319
1773838080.540698 0.000906402 0.002822471 0.051689722 -0.007995583 0.015333110 0.002201939 0.999848068
1773838080.573839 0.001027640 0.002834383 0.051681817 -0.007981582 0.014564439 0.003313739 0.999856591
1773838080.605587 0.000633190 0.002921916 0.052075319 -0.007364857 0.015464351 0.001994403 0.999851286
1773838080.640400 0.000327120 0.001403222 0.024262670 -0.006143544 0.015594678 0.002728970 0.999855816
1773838080.672720 0.000368141 0.001394256 0.024336059 -0.006238658 0.014611893 0.002278248 0.999871194
1773838080.706328 0.000580656 0.002942563 0.052377295 -0.007184352 0.013718393 0.002686288 0.999876440
1773838080.740819 0.000635268 0.002904728 0.052461091 -0.004928902 0.012572012 0.002114717 0.999906600
1773838080.773663 0.000343124 0.001410270 0.024433495 -0.007412178 0.012954762 0.003081713 0.999883831
1773838080.807477 0.000327394 0.001405698 0.024500685 -0.006242325 0.012344670 0.002317978 0.999901652
1773838080.840593 0.000347484 0.001428455 0.024642712 -0.005276095 0.011832232 0.003257015 0.999910772
1773838080.873504 0.000317054 0.001392890 0.024689281 -0.005456326 0.011323653 0.003146123 0.999916017
1773838080.906303 0.000303224 0.001390894 0.024766592 -0.005236104 0.010928187 0.002955463 0.999922216
1773838080.940591 0.000290557 0.001394440 0.024895571 -0.005693152 0.010437164 0.003190907 0.999924242
1773838080.974408 0.000288799 0.001461745 0.024980813 -0.004853319 0.009965982 0.002417533 0.999935627
1773838081.007003 0.000286778 0.001397646 0.025126060 -0.005044888 0.009687159 0.002520311 0.999937177
1773838081.040636 0.000420876 0.001622376 0.028285760 -0.003551782 0.008309568 0.003058775 0.999954462
1773838081.074380 0.000428041 0.001625800 0.028342353 -0.004967801 0.007454504 0.004182891 0.999951124
1773838081.106383 0.000305891 0.001615450 0.028527832 -0.005201129 0.007201665 0.002898434 0.999956310
1773838081.140033 0.000375486 0.001672827 0.028513046 -0.004860165 0.005805054 0.003930110 0.999963582
1773838081.173629 0.000343599 0.001674243 0.028585637 -0.003344832 0.004824749 0.003937942 0.999975026
1773838081.207835 0.000297925 0.001668744 0.028750246 -0.003694508 0.004080862 0.002782470 0.999980986
1773838081.241278 0.000289096 0.001677378 0.028844183 -0.003658296 0.003812519 0.003553929 0.999979734
1773838081.274522 0.000484655 0.001728458 0.028896844 -0.003089831 0.002581592 0.004319367 0.999982595
1773838081.308537 0.000495970 0.001751761 0.029015327 -0.003219722 0.002377882 0.004175057 0.999983311
1773838081.340517 0.000519171 0.001711282 0.029153246 -0.003614429 0.002099401 0.003767341 0.999984145
1773838081.373542 0.000409477 0.001721190 0.029313840 -0.003938749 0.002468733 0.003800261 0.999981940
1773838081.408104 0.000367960 0.001447904 0.025259903 -0.002038037 0.002265766 0.002667035 0.999991775
1773838081.441199 0.000431765 0.001474028 0.025339682 -0.002211826 0.001810035 0.003429620 0.999990046
1773838081.474950 0.000452127 0.001466050 0.025427260 -0.002462821 0.001322846 0.004307590 0.999986827
1773838081.507330 0.000490060 0.001460108 0.025506428 -0.003761617 0.001360561 0.003616828 0.999985456
1773838081.541625 0.000408704 0.001442010 0.025703497 -0.003536566 0.002428631 0.004369966 0.999981225
1773838081.574038 0.000454475 0.001513615 0.025782887 -0.003983568 0.002307025 0.004139835 0.999980867
1773838081.607468 0.000452010 0.001449781 0.025907405 -0.002827750 0.002232441 0.004004913 0.999985456
1773838081.641147 0.000474872 0.001491932 0.026016796 -0.002358708 0.002475349 0.003345815 0.999988556
1773838081.675930 0.000455838 0.001521399 0.026090166 -0.003002726 0.003278506 0.003951223 0.999982297
1773838081.707995 0.000441009 0.001593110 0.026227040 -0.002521118 0.003846268 0.004954753 0.999977171
1773838081.741014 0.000420554 0.001572762 0.026255492 -0.002921142 0.004383137 0.004349645 0.999976695
1773838081.775336 0.000381178 0.001605057 0.026346434 -0.002584965 0.004865582 0.004297296 0.999975562
1773838081.809083 0.000357459 0.001636098 0.026432374 -0.002874651 0.005520614 0.004134008 0.999972045
1773838081.840180 0.000553959 0.001489446 0.026571648 -0.003429978 0.004916531 0.004653282 0.999971211
1773838081.876648 0.000551234 0.001495113 0.026585875 -0.003544799 0.004577483 0.005324205 0.999969065
1773838081.907202 0.000533916 0.001516816 0.026641013 -0.003755334 0.004164796 0.005084900 0.999971330
1773838081.940691 0.000515119 0.001542380 0.026702441 -0.003056039 0.003924436 0.005650008 0.999971628
1773838081.975466 0.000514097 0.001582140 0.026925690 -0.003301569 0.003845989 0.005266654 0.999973238
1773838082.008781 0.000492092 0.001641582 0.027030494 -0.002092994 0.003804309 0.005152969 0.999977291
1773838082.042190 0.000775642 0.001437559 0.027111493 -0.003195051 0.002099036 0.004963471 0.999980390
1773838082.074718 0.000785793 0.001446897 0.027180614 -0.002941843 0.001689548 0.006329184 0.999974191
1773838082.108134 0.000614213 0.001538945 0.027101805 -0.002218656 0.001503527 0.005313084 0.999982297
1773838082.143977 0.000610460 0.001524640 0.027134385 -0.002053526 0.001230027 0.005690192 0.999980927
1773838082.174548 0.000645849 0.001536731 0.027187858 -0.002234373 0.001161240 0.005819304 0.999979913
1773838082.207358 0.000610827 0.001591370 0.027332738 -0.001399364 0.001171891 0.005431146 0.999983609
1773838082.241204 0.000623314 0.001563172 0.027394552 -0.001796758 0.001151257 0.005834807 0.999980688
1773838082.274035 0.000578957 0.001561099 0.027486945 -0.002166572 0.001568176 0.005884441 0.999979138
1773838082.308487 0.000493163 0.001488868 0.026339818 -0.002170102 0.001594207 0.005676400 0.999980271
1773838082.342496 0.000458501 0.001552638 0.026485946 -0.001928095 0.001883823 0.005785191 0.999979615
1773838082.374913 0.000444417 0.001546579 0.026543828 -0.001630263 0.002177056 0.005964374 0.999978542
1773838082.410082 0.000527844 0.001502070 0.026549250 -0.001899535 0.001957969 0.005412554 0.999981642
1773838082.442059 0.000493922 0.001557298 0.026713710 -0.000975147 0.002319021 0.006134866 0.999978006
1773838082.476593 0.000547649 0.001510551 0.026792927 -0.002246713 0.002396498 0.005984754 0.999976695
1773838082.507820 0.000517055 0.001580955 0.026853627 -0.001368781 0.002468552 0.006815154 0.999972761
1773838082.543047 0.000569805 0.001547541 0.026918894 -0.001050770 0.002214777 0.006635497 0.999974966
1773838082.577096 0.000585351 0.001576138 0.027060717 -0.002839939 0.003123162 0.006885248 0.999967396
1773838082.609455 0.000561673 0.001624113 0.027182886 -0.002413558 0.004361298 0.007504432 0.999959409
1773838082.642892 0.000560483 0.001666486 0.027332509 -0.002911065 0.005834919 0.006532895 0.999957383
1773838082.676768 0.000600478 0.001642276 0.027427856 -0.003157037 0.007249683 0.007226222 0.999942601
1773838082.708793 0.000566456 0.001575582 0.027425114 -0.004351950 0.009511073 0.006763089 0.999922454
1773838082.743443 0.000608854 0.001612406 0.027520955 -0.004678438 0.011514913 0.006817468 0.999899507
1773838082.775133 0.000628579 0.001610977 0.027613264 -0.006007434 0.013949862 0.007222961 0.999858558
1773838082.809502 0.000607283 0.001614975 0.027754448 -0.006755529 0.016727278 0.007700878 0.999807596
1773838082.843698 0.000626534 0.001601094 0.027838456 -0.007089162 0.019154500 0.006591187 0.999769688
1773838082.876546 0.000602159 0.001652112 0.028005267 -0.005985091 0.021726770 0.006849719 0.999722540
1773838082.908952 0.000618011 0.001641792 0.028103277 -0.006709629 0.024230821 0.006199952 0.999664664
1773838082.943087 0.000627423 0.001650682 0.028203750 -0.008480676 0.026724465 0.006940432 0.999582767
1773838082.975700 0.000650253 0.001658296 0.028346181 -0.009259265 0.028939793 0.006578858 0.999516666
1773838083.012063 0.000651506 0.001677082 0.028409002 -0.007744045 0.031220689 0.005196123 0.999469042
1773838083.043437 0.000644787 0.001668537 0.028515048 -0.007947648 0.033343781 0.005805746 0.999395490
1773838083.077402 0.000660054 0.001760138 0.028683705 -0.008464395 0.034999773 0.005613198 0.999335706
1773838083.110289 0.000664620 0.001693508 0.028741244 -0.010741499 0.036308747 0.005464164 0.999267936
1773838083.145145 0.000714106 0.001697220 0.028835284 -0.009671726 0.036766950 0.005937347 0.999259412
1773838083.177323 0.000755915 0.001676509 0.028905986 -0.009585617 0.036666915 0.006497249 0.999260485
1773838083.211239 0.000752612 0.001648968 0.029014513 -0.010346626 0.036265157 0.006482531 0.999267638
1773838083.243719 0.000813214 0.001649267 0.029102534 -0.010865887 0.035186838 0.006875750 0.999298036
1773838083.276947 0.000858484 0.001635368 0.029156601 -0.011879081 0.033980437 0.006733526 0.999329209
1773838083.308714 0.000775877 0.001741259 0.029290248 -0.012034699 0.033275384 0.006325273 0.999353707
1773838083.343707 0.000770523 0.001779897 0.029340085 -0.011821632 0.032099772 0.006824895 0.999391437
1773838083.375610 0.000804324 0.001789193 0.029461281 -0.011292666 0.030037740 0.006873845 0.999461293
1773838083.410980 0.000814777 0.001777494 0.029587667 -0.014843127 0.028192155 0.008040737 0.999459982
1773838083.443486 0.000675343 0.001641427 0.028159643 -0.011291507 0.025871068 0.006054861 0.999583185
1773838083.477198 0.000751935 0.001594939 0.028216397 -0.016087633 0.023792103 0.008069862 0.999554873
1773838083.510456 0.000713969 0.001663933 0.028342517 -0.012211865 0.021661503 0.007687821 0.999661207
1773838083.544045 0.000687117 0.001666584 0.028387265 -0.012832704 0.019587006 0.008279859 0.999691486
1773838083.577264 0.000569965 0.001667592 0.028477147 -0.012798773 0.018100783 0.008314927 0.999719679
1773838083.610533 0.000675809 0.001684222 0.028603356 -0.011697960 0.015457886 0.008938557 0.999772131
1773838083.642958 0.000679480 0.001686065 0.028603291 -0.011793643 0.013784736 0.009592645 0.999789417
1773838083.677759 0.000671902 0.001694036 0.028712368 -0.012339550 0.012598320 0.009081214 0.999803245
1773838083.710845 0.000696795 0.001735574 0.028813738 -0.011001215 0.011879939 0.009636057 0.999822438
1773838083.743057 0.000780790 0.001710689 0.028928872 -0.010613594 0.011187135 0.009516750 0.999835789
1773838083.777710 0.000770399 0.001738037 0.029057592 -0.010819534 0.011377688 0.009118261 0.999835134
1773838083.809393 0.000734371 0.001714651 0.029119086 -0.011512244 0.011630552 0.008813193 0.999827206
1773838083.843050 0.000684144 0.001732975 0.029257366 -0.010875328 0.012225058 0.007995091 0.999834180
1773838083.876817 0.000714014 0.001722213 0.029338771 -0.012604826 0.012001556 0.007922392 0.999817133
1773838083.912836 0.000771969 0.001751543 0.029454177 -0.012768801 0.011325802 0.006945312 0.999830186
1773838083.945264 0.000651151 0.001739152 0.029590823 -0.012772257 0.011801449 0.006377255 0.999828458
1773838083.978258 0.000751261 0.001746282 0.029615480 -0.013672673 0.010833547 0.007075616 0.999822795
1773838084.011310 0.000770573 0.001754746 0.029701961 -0.013705999 0.009984057 0.006784901 0.999833226
1773838084.044313 0.000827730 0.001756108 0.029790992 -0.012077749 0.008868202 0.007094635 0.999862552
1773838084.078071 0.000804021 0.001767300 0.029912353 -0.013051019 0.008144225 0.007062121 0.999856710
1773838084.112396 0.000702653 0.001711972 0.029275686 -0.013274757 0.007664614 0.005422994 0.999867797
1773838084.145326 0.000681832 0.001721186 0.029411571 -0.015662700 0.007358157 0.005731974 0.999833822
1773838084.177883 0.000663658 0.001693347 0.029503208 -0.014687341 0.007017842 0.005185713 0.999854028
1773838084.210842 0.000702791 0.001722004 0.029617811 -0.014309390 0.006191955 0.005654270 0.999862492
1773838084.243880 0.000708921 0.001737943 0.029701546 -0.014399023 0.006119068 0.006371492 0.999857306
1773838084.276967 0.000707128 0.001748494 0.029820463 -0.014273627 0.005760005 0.005847668 0.999864459
1773838084.312074 0.000742549 0.001769065 0.029914588 -0.014428266 0.005339429 0.005985156 0.999863744
1773838084.344898 0.000747052 0.001755248 0.030002369 -0.013977447 0.005277533 0.005136529 0.999875188
1773838084.378153 0.000785789 0.001777071 0.030063059 -0.013036270 0.004776978 0.005795545 0.999886811
1773838084.410804 0.000699760 0.001760905 0.030251084 -0.014391447 0.005202028 0.005187559 0.999869466
1773838084.444969 0.000702322 0.001771674 0.030367091 -0.014835431 0.005790785 0.006154430 0.999854207
1773838084.478106 0.000722718 0.001758875 0.030416539 -0.013821271 0.005734805 0.005742468 0.999871492
1773838084.512142 0.000754772 0.001743941 0.030493794 -0.013931112 0.005903806 0.005586144 0.999869943
1773838084.544575 0.000793343 0.001720947 0.030558797 -0.015154219 0.006088116 0.005739963 0.999850154
1773838084.577572 0.000720352 0.001794618 0.030765017 -0.014217451 0.006838311 0.005098134 0.999862552
1773838084.613123 0.000689202 0.001829638 0.030866481 -0.015044508 0.007438568 0.005122700 0.999846041
1773838084.646479 0.000658522 0.001844368 0.030986879 -0.015848689 0.008184673 0.004612254 0.999830246
1773838084.678153 0.000645010 0.001888044 0.031072428 -0.014516257 0.009072364 0.004454816 0.999843538
1773838084.711670 0.000662219 0.001892255 0.031203181 -0.015285350 0.009669354 0.004289719 0.999827206
1773838084.744931 0.000653883 0.001915573 0.031318270 -0.014878820 0.010220082 0.004507003 0.999826908
1773838084.778636 0.000651780 0.001906005 0.031406362 -0.017415129 0.011029413 0.004620770 0.999776840
1773838084.812387 0.000665116 0.001891296 0.031461827 -0.015535041 0.010857073 0.004770238 0.999808967
1773838084.845456 0.000709515 0.001878360 0.031513974 -0.015443258 0.010603695 0.004880292 0.999812603
1773838084.877147 0.000619637 0.001889644 0.031640019 -0.016764814 0.011426555 0.004216909 0.999785304
1773838084.911929 0.000628490 0.001928984 0.031773046 -0.016743243 0.011769432 0.004243932 0.999781549
1773838084.945837 0.000687367 0.001919986 0.031728439 -0.015419283 0.011123072 0.004751576 0.999807954
1773838084.979289 0.000674901 0.001913457 0.031772014 -0.015590620 0.011241781 0.004781163 0.999803841
1773838085.010926 0.000747660 0.001897031 0.031851370 -0.016425714 0.010668550 0.005326251 0.999794006
1773838085.044263 0.000787292 0.001878403 0.031856164 -0.015992269 0.010488698 0.004993384 0.999804676
1773838085.078153 0.000868123 0.001876299 0.031931795 -0.017298294 0.010205829 0.005683388 0.999782145
1773838085.112650 0.000785753 0.001876856 0.032010436 -0.016561260 0.011077077 0.005386290 0.999786973
1773838085.144806 0.000765493 0.001871560 0.032081541 -0.015447505 0.011539610 0.004970807 0.999801755
1773838085.177392 0.000816904 0.001851823 0.032242011 -0.016780812 0.011331010 0.005304459 0.999780893
1773838085.211579 0.000717100 0.001879922 0.032337092 -0.018179115 0.012308937 0.005416267 0.999744296
1773838085.246325 0.000531867 0.001943399 0.032514099 -0.016132934 0.013324508 0.004277087 0.999771953
1773838085.279442 0.000622667 0.002002056 0.032551158 -0.015081887 0.012706300 0.005192418 0.999792039
1773838085.311454 0.000658003 0.001969540 0.032586705 -0.015449749 0.012409598 0.004299380 0.999794424
1773838085.345438 0.000676735 0.001981057 0.032629594 -0.016921295 0.012431271 0.004803525 0.999767959
1773838085.378134 0.000725987 0.001958676 0.032723788 -0.016634025 0.012042258 0.005159757 0.999775827
1773838085.411405 0.000685825 0.001989964 0.032800764 -0.015318822 0.011878551 0.005170423 0.999798715
1773838085.444652 0.000697125 0.001956057 0.032861151 -0.014878106 0.011377244 0.004910732 0.999812543
1773838085.478407 0.000701349 0.001900729 0.031569246 -0.014820945 0.010900691 0.005668927 0.999814689
1773838085.511371 0.000725678 0.001878472 0.031638160 -0.015044759 0.010389304 0.005102308 0.999819815
1773838085.546296 0.000729826 0.001840719 0.031689767 -0.015214873 0.009948996 0.005572264 0.999819219
1773838085.578225 0.000701754 0.001835740 0.031782065 -0.015345344 0.009501912 0.004808812 0.999825537
1773838085.613112 0.000720455 0.001836117 0.031835098 -0.014842871 0.008914602 0.005205489 0.999836564
1773838085.646265 0.000754623 0.001845494 0.031888220 -0.014677339 0.007980715 0.005519927 0.999845147
1773838085.679786 0.000717483 0.001920501 0.031980544 -0.014410695 0.007566135 0.005458013 0.999852657
1773838085.713626 0.000737418 0.001920511 0.032020867 -0.013277670 0.006799879 0.005611737 0.999872983
1773838085.746064 0.000725535 0.001921992 0.032096647 -0.014148938 0.006400404 0.006139523 0.999860525
1773838085.779823 0.000670728 0.002051009 0.032317586 -0.013090548 0.006398529 0.005241565 0.999880075
1773838085.812813 0.000641858 0.002086771 0.032409996 -0.012165902 0.006490516 0.005738823 0.999888420
1773838085.844951 0.000717265 0.001940602 0.032366771 -0.014094341 0.006020320 0.006314581 0.999862611
1773838085.880121 0.000690405 0.001959733 0.032448880 -0.013838240 0.006226898 0.005562227 0.999869406
1773838085.913905 0.000683081 0.001969433 0.032524206 -0.013017294 0.006296013 0.005459519 0.999880552
1773838085.946354 0.000704655 0.001958746 0.032601811 -0.013149386 0.006207258 0.005509296 0.999879122
1773838085.978720 0.000704588 0.001951451 0.032693990 -0.012957469 0.006242095 0.005468917 0.999881625
1773838086.013233 0.000721670 0.002005787 0.032710981 -0.012431226 0.005907245 0.005431265 0.999890506
1773838086.046942 0.000713903 0.001989211 0.032764956 -0.012888039 0.005792465 0.005504688 0.999885023
1773838086.079160 0.000761659 0.001990201 0.032798961 -0.012932002 0.005354767 0.005331265 0.999887824
1773838086.113647 0.000779715 0.001982337 0.032836828 -0.012749298 0.005287160 0.005441925 0.999889970
1773838086.147363 0.000753336 0.001957617 0.032967120 -0.013020698 0.005288614 0.005395786 0.999886692
1773838086.179318 0.000726615 0.001999351 0.033111978 -0.012651914 0.005232033 0.005570672 0.999890745
1773838086.213103 0.000711909 0.002005899 0.033136528 -0.012827671 0.005180452 0.005231651 0.999890625
1773838086.247092 0.000722814 0.001986566 0.033173386 -0.013193528 0.004794642 0.005212646 0.999887884
1773838086.279771 0.000726231 0.001971468 0.033270519 -0.013078375 0.004178334 0.005398726 0.999891162
1773838086.312411 0.000747824 0.001964224 0.033315126 -0.012700715 0.003875479 0.005277482 0.999897897
1773838086.346650 0.000749389 0.001959609 0.033401057 -0.013545433 0.003513603 0.006404892 0.999881566
1773838086.380714 0.000740060 0.001982781 0.033438873 -0.012940821 0.003401706 0.004819151 0.999898851
1773838086.412411 0.000702808 0.002014552 0.033538733 -0.012884122 0.003338644 0.005595118 0.999895751
1773838086.447274 0.000714475 0.002021634 0.033532355 -0.013853950 0.003344376 0.005668544 0.999882400
1773838086.480334 0.000725348 0.002031903 0.033586513 -0.012758038 0.002993314 0.005573861 0.999898612
1773838086.512468 0.000724700 0.002060121 0.033660423 -0.012727440 0.002971671 0.005584463 0.999898970
1773838086.547520 0.000726153 0.002049661 0.033727337 -0.012275970 0.002512560 0.006569676 0.999899864
1773838086.579124 0.000728138 0.002039240 0.033814412 -0.012428232 0.002449988 0.006227800 0.999900401
1773838086.612822 0.000758582 0.002055299 0.033895213 -0.013105073 0.001970292 0.005973625 0.999894321
1773838086.647240 0.000729865 0.002062434 0.033976331 -0.013228178 0.002269380 0.006736320 0.999887228
1773838086.679862 0.000730095 0.002054001 0.034023657 -0.011655405 0.001839026 0.006162941 0.999911427
1773838086.714242 0.000765048 0.002068412 0.034075338 -0.012943905 0.001375201 0.006631767 0.999893308
1773838086.747818 0.000733116 0.002082982 0.034144320 -0.013515657 0.001553428 0.007157899 0.999881864
1773838086.780853 0.000771658 0.002083400 0.034196779 -0.012750261 0.000904239 0.007106557 0.999893069
1773838086.814530 0.000765450 0.002114023 0.034286313 -0.012360567 0.000892722 0.006827698 0.999899864
1773838086.847617 0.000764812 0.002100407 0.034298055 -0.012083814 0.000652157 0.006887322 0.999903083
1773838086.880662 0.000752524 0.002090669 0.034372076 -0.012149315 0.000856907 0.006607806 0.999903977
1773838086.912836 0.000753322 0.002080764 0.034429200 -0.013481420 0.000850876 0.007253913 0.999882400
1773838086.947444 0.000754166 0.002078467 0.034496848 -0.012879463 0.000762909 0.007729433 0.999886870
1773838086.981818 0.000770928 0.002111236 0.034548897 -0.011528052 0.000091629 0.007511414 0.999905348
1773838087.014146 0.000762525 0.002080911 0.034598790 -0.012403809 -0.000083739 0.007584081 0.999894321
1773838087.047190 0.000748985 0.002123446 0.034685872 -0.012753354 -0.000168127 0.007867931 0.999887705
1773838087.080337 0.000725660 0.002116664 0.034750622 -0.012789342 -0.000217044 0.007613301 0.999889195
1773838087.113153 0.000745770 0.002112784 0.034784243 -0.012434849 -0.000398157 0.008169706 0.999889255
1773838087.148060 0.000740131 0.002115879 0.034843218 -0.013122991 -0.000332539 0.008128265 0.999880791
1773838087.180212 0.000738489 0.002126497 0.034913015 -0.012508473 -0.000326180 0.007660570 0.999892354
1773838087.215683 0.000746172 0.002123075 0.034990259 -0.012937130 -0.000387156 0.007686439 0.999886692
1773838087.248181 0.000746292 0.002152697 0.035054225 -0.012425958 -0.000565526 0.008229074 0.999888778
1773838087.282027 0.000745667 0.002136534 0.035143051 -0.012916526 -0.000752586 0.007837682 0.999885559
1773838087.315077 0.000751398 0.002143059 0.035084371 -0.012428683 -0.000804002 0.008093406 0.999889672
1773838087.347147 0.000704280 0.002153611 0.035201564 -0.012275362 -0.000817851 0.008219346 0.999890506
1773838087.382151 0.000732661 0.002152359 0.035246730 -0.011979405 -0.001278366 0.008837719 0.999888361
1773838087.413675 0.000790342 0.002117240 0.035210129 -0.012078732 -0.001635836 0.008389287 0.999890506
1773838087.448387 0.000775336 0.002142603 0.035333809 -0.011650271 -0.001812937 0.008739998 0.999892294
1773838087.482448 0.000762313 0.002131853 0.035390142 -0.011790081 -0.001922966 0.009168305 0.999886632
1773838087.515355 0.000761425 0.002129470 0.035404351 -0.011501221 -0.002387941 0.008865464 0.999891698
1773838087.547938 0.000768476 0.002140817 0.035430130 -0.010479062 -0.002587577 0.008674503 0.999904096
1773838087.581962 0.000759543 0.002133280 0.035446703 -0.010242011 -0.002595213 0.008822740 0.999905288
1773838087.614866 0.000748646 0.002114228 0.035566878 -0.010779668 -0.002451244 0.008714705 0.999900937
1773838087.648788 0.000769712 0.002137920 0.035642445 -0.011306733 -0.002330016 0.008308505 0.999898851
1773838087.682110 0.000765574 0.002160626 0.035693612 -0.009995834 -0.002494624 0.009781294 0.999899089
1773838087.715941 0.000765095 0.002150808 0.035736389 -0.010383432 -0.002949083 0.008572266 0.999904990
1773838087.749322 0.000759746 0.002181971 0.035796627 -0.009021921 -0.003510169 0.009651575 0.999906540
1773838087.779958 0.000772926 0.002180213 0.035883848 -0.008955934 -0.004233566 0.007881770 0.999919891
1773838087.816385 0.000768427 0.002180332 0.035971180 -0.008916219 -0.004687188 0.008918975 0.999909461
1773838087.848568 0.000790341 0.002215028 0.036068764 -0.008896810 -0.005457432 0.008414146 0.999910116
1773838087.882851 0.000753365 0.002191867 0.036089003 -0.008424606 -0.005674955 0.009543585 0.999902904
1773838087.915819 0.000722116 0.002189707 0.036152236 -0.008648287 -0.006216732 0.010467590 0.999888480
1773838087.949086 0.000766549 0.002202790 0.036224622 -0.008458789 -0.007131159 0.010525068 0.999883413
1773838087.982451 0.000739111 0.002223383 0.036360845 -0.008224506 -0.008111024 0.009932647 0.999883950
1773838088.014474 0.000769747 0.002236537 0.036392208 -0.005973865 -0.009526112 0.010437459 0.999882340
1773838088.049806 0.000774499 0.002155852 0.035192978 -0.005398301 -0.011033756 0.010476247 0.999869645
1773838088.083561 0.000800221 0.002117875 0.035225548 -0.006102560 -0.012262656 0.011180717 0.999843717
1773838088.116354 0.000750131 0.002142263 0.035311166 -0.006091228 -0.012701240 0.010941882 0.999840915
1773838088.148857 0.000775975 0.002133726 0.035359349 -0.004880025 -0.013823872 0.011525887 0.999826074
1773838088.181620 0.000801218 0.002137738 0.035424806 -0.004430830 -0.015022984 0.011458352 0.999811649
1773838088.215786 0.000777398 0.002153110 0.035516467 -0.003569688 -0.015763234 0.011043868 0.999808371
1773838088.249562 0.000808577 0.002160167 0.035613671 -0.003730294 -0.016320340 0.011650723 0.999791980
1773838088.282516 0.000802975 0.002179244 0.035636384 -0.003891487 -0.016567836 0.011043289 0.999794185
1773838088.315671 0.000832596 0.002171553 0.035694990 -0.003268655 -0.016722817 0.012113318 0.999781430
1773838088.348939 0.000848536 0.002163222 0.035766602 -0.003906650 -0.016746484 0.011976932 0.999780416
1773838088.382043 0.000864607 0.002165418 0.035825882 -0.002990016 -0.017027898 0.011443920 0.999785066
1773838088.416594 0.000888515 0.002172539 0.035912748 -0.002227249 -0.017690510 0.012362799 0.999764562
1773838088.449506 0.000848008 0.002191977 0.036044426 -0.002208916 -0.018185191 0.012745646 0.999750972
1773838088.482197 0.000839827 0.002214104 0.036171395 -0.002041556 -0.018598072 0.013682880 0.999731302
1773838088.516459 0.000839701 0.002211163 0.036203086 -0.003235588 -0.018949823 0.013037430 0.999730229
1773838088.549925 0.000841010 0.002208140 0.036292203 -0.001433976 -0.019448604 0.013963899 0.999712288
1773838088.582431 0.000838254 0.002198626 0.036324944 -0.001338384 -0.019976215 0.013803039 0.999704301
1773838088.615696 0.000857729 0.002244634 0.036411025 -0.000760822 -0.020563664 0.013016376 0.999703526
1773838088.650587 0.000872091 0.002200186 0.036404233 -0.000752951 -0.021037733 0.013339332 0.999689400
1773838088.682778 0.000879703 0.002178764 0.036471855 -0.000170888 -0.021406339 0.014474480 0.999666095
1773838088.715463 0.000865310 0.002189249 0.036556974 -0.000222264 -0.021389548 0.013451819 0.999680698
1773838088.749453 0.000859165 0.002194670 0.036649119 0.000137836 -0.021629915 0.013856814 0.999670029
1773838088.781936 0.000845692 0.002222608 0.036716931 0.000486307 -0.021412648 0.013833533 0.999674916
1773838088.815707 0.000854266 0.002225843 0.036708690 0.001520470 -0.021047320 0.013030023 0.999692440
1773838088.850036 0.000867886 0.002212619 0.036794491 0.000546480 -0.020617604 0.013781448 0.999692261
1773838088.884043 0.000867111 0.002217710 0.036801454 0.000852548 -0.020048756 0.014707549 0.999690413
1773838088.917093 0.000823274 0.002223191 0.036895450 0.001381755 -0.019658100 0.013257043 0.999717891
1773838088.948460 0.000876689 0.002211204 0.036961861 0.001632326 -0.019406287 0.013323323 0.999721527
1773838088.982044 0.000876305 0.002216480 0.037005421 0.001540013 -0.019033995 0.014044269 0.999718964
1773838089.015965 0.000868263 0.002225911 0.037138946 0.000804390 -0.018399954 0.013361977 0.999741137
1773838089.050038 0.000858810 0.002205559 0.037159700 0.000777539 -0.017826406 0.013353215 0.999751627
1773838089.084716 0.000871866 0.002240377 0.037227746 0.001586196 -0.017483838 0.013874440 0.999749601
1773838089.116289 0.000817845 0.002248419 0.037268296 0.000912338 -0.016547969 0.012847373 0.999780118
1773838089.150096 0.000822216 0.002255274 0.037282914 0.001311373 -0.016065314 0.013282958 0.999781847
1773838089.185449 0.000818648 0.002224012 0.037369806 0.000538408 -0.015655177 0.013153253 0.999790788
1773838089.216594 0.000859075 0.002231867 0.037420888 0.001147885 -0.015607722 0.013132239 0.999791265
1773838089.250327 0.000807830 0.002231184 0.037488222 0.001150960 -0.015206081 0.012533430 0.999805152
1773838089.282897 0.000815729 0.002248061 0.037565529 0.000315582 -0.014895436 0.013004067 0.999804437
1773838089.316854 0.000830296 0.002269054 0.037645690 0.000476523 -0.014749124 0.013549114 0.999799311
1773838089.350591 0.000812712 0.002280387 0.037689507 0.001401702 -0.014800060 0.011985549 0.999817669
1773838089.383646 0.000800103 0.002279448 0.037746102 0.000465339 -0.014547888 0.012784058 0.999812365
1773838089.417777 0.000793290 0.002274421 0.037824851 0.000261481 -0.014589095 0.012086330 0.999820530
1773838089.449764 0.000808943 0.002258484 0.037898492 0.000519268 -0.015168997 0.012549678 0.999806046
1773838089.484324 0.000810340 0.002299502 0.038021218 0.000461816 -0.015745554 0.012928046 0.999792337
1773838089.518555 0.000799061 0.002310351 0.038046867 -0.000689820 -0.015120121 0.013770831 0.999790609
1773838089.550863 0.000753921 0.002306527 0.038116556 -0.001392720 -0.014027215 0.012030842 0.999828279
1773838089.584896 0.000773949 0.002311613 0.038198289 0.004175762 -0.013757576 0.011709443 0.999828041
1773838089.617345 0.000769716 0.002286072 0.038251426 -0.001975490 -0.012944683 0.016235000 0.999782443
1773838089.651733 0.000774751 0.002285993 0.038317997 -0.000435354 -0.013800763 0.012413039 0.999827623
1773838089.687051 0.000775997 0.002288483 0.038442515 -0.003190511 -0.014342002 0.013604708 0.999799490
1773838089.718861 0.000766059 0.002309790 0.038442999 -0.001130252 -0.014909373 0.014014459 0.999790013
1773838089.751927 0.000786524 0.002321134 0.038479168 0.000502570 -0.015957290 0.014470856 0.999767840
1773838089.784090 0.000783193 0.002327609 0.038534239 0.000211690 -0.016844571 0.013755036 0.999763489
1773838089.818078 0.000756574 0.002330342 0.038660523 -0.002210810 -0.017540399 0.013818537 0.999748170
1773838089.851669 0.000759344 0.002346813 0.038702115 -0.000965552 -0.018577730 0.013276993 0.999738753
1773838089.884144 0.000751508 0.002341450 0.038758151 -0.002778018 -0.019338671 0.013823653 0.999713540
1773838089.918123 0.000753643 0.002327120 0.038802546 -0.001489899 -0.020798033 0.013452263 0.999692082
1773838089.950820 0.000761322 0.002315627 0.038855020 -0.002211153 -0.022068612 0.013709207 0.999660015
1773838089.984250 0.000760541 0.002341920 0.038939957 -0.002933317 -0.023095276 0.014256585 0.999627292
1773838090.017726 0.000738611 0.002329578 0.038999818 -0.002153803 -0.024116090 0.014188134 0.999606133
1773838090.050305 0.000746103 0.002335280 0.039034851 -0.002345114 -0.025078196 0.013725456 0.999588490
1773838090.084039 0.000750456 0.002355060 0.039118316 -0.002290347 -0.025832620 0.013523034 0.999572217
1773838090.118936 0.000756153 0.002336500 0.039128069 -0.003693694 -0.026252672 0.014345597 0.999545574
1773838090.150883 0.000742296 0.002316841 0.039185289 -0.002327499 -0.026928658 0.013566168 0.999542594
1773838090.185494 0.000758861 0.002338508 0.039268259 -0.002789337 -0.027712844 0.014441159 0.999507725
1773838090.218071 0.000758618 0.002354127 0.039325617 -0.003212015 -0.028236587 0.014476907 0.999491274
1773838090.251719 0.000719083 0.002324593 0.039377805 -0.002307077 -0.028275687 0.013370791 0.999508083
1773838090.285546 0.000734204 0.002358364 0.039440174 -0.002735126 -0.028663414 0.014032211 0.999486864
1773838090.318802 0.000736163 0.002296403 0.038547438 -0.002784586 -0.029034626 0.013619741 0.999481738
1773838090.352746 0.000701184 0.002298255 0.038625192 -0.002894300 -0.029037230 0.012795582 0.999492228
1773838090.385237 0.000718513 0.002293161 0.038639475 -0.003871324 -0.029159049 0.013777721 0.999472320
1773838090.417791 0.000706239 0.002331870 0.038775116 -0.001757408 -0.029313194 0.013437649 0.999478400
1773838090.452475 0.000734390 0.002268704 0.038764749 -0.003095078 -0.029260539 0.013801064 0.999471784
1773838090.485352 0.000821944 0.002288361 0.038715553 -0.002786363 -0.029876309 0.013173061 0.999462903
1773838090.519165 0.000724492 0.002319955 0.038863737 -0.003422201 -0.029147167 0.013191129 0.999482214
1773838090.552460 0.000728406 0.002326795 0.038883865 -0.002431422 -0.029072760 0.012980266 0.999490082
1773838090.584460 0.000742823 0.002332882 0.038919158 -0.004073420 -0.028952571 0.013477527 0.999481618
1773838090.619783 0.000707917 0.002323767 0.039001338 -0.004416841 -0.027082905 0.012436274 0.999546051
1773838090.652292 0.000749931 0.002311123 0.038998023 -0.003273214 -0.025887262 0.011630781 0.999591827
1773838090.687912 0.000738206 0.002370267 0.040178601 -0.001233541 -0.024141017 0.013345475 0.999618709
1773838090.717500 0.000751095 0.002329403 0.039176911 -0.005175052 -0.023263674 0.012702287 0.999635279
1773838090.753552 0.000721467 0.002349547 0.039277401 -0.003977825 -0.023141345 0.011169482 0.999661863
1773838090.788115 0.000732987 0.002369362 0.039374888 -0.006551023 -0.023025690 0.012805242 0.999631405
1773838090.818684 0.000742030 0.002353993 0.039407410 -0.003079986 -0.023399524 0.011499560 0.999655306
1773838090.852809 0.000726209 0.002367419 0.039469011 -0.002750386 -0.022991920 0.012065874 0.999659061
1773838090.884919 0.000728322 0.002360479 0.039524984 -0.004461465 -0.022817887 0.012132656 0.999656081
1773838090.917653 0.000726598 0.002339178 0.039598987 -0.006161038 -0.023060091 0.012618923 0.999635458
1773838090.951841 0.000732728 0.002337262 0.039643876 -0.004296900 -0.023564119 0.011975112 0.999641359
1773838090.985121 0.000730420 0.002328826 0.039667472 -0.003037282 -0.024069890 0.012600659 0.999626219
1773838091.019649 0.000733603 0.002313908 0.039738555 -0.003875710 -0.024457045 0.011798753 0.999623716
1773838091.051606 0.000739752 0.002302839 0.039795510 -0.007164276 -0.024515823 0.012598051 0.999594390
1773838091.085883 0.000755647 0.002388152 0.039896809 -0.004309351 -0.025408953 0.012582950 0.999588609
1773838091.118937 0.000760786 0.002380874 0.039936051 -0.002853247 -0.025817573 0.013192154 0.999575496
1773838091.153985 0.000760981 0.002378673 0.039968040 -0.002288800 -0.026323352 0.011807065 0.999581099
1773838091.187879 0.000766388 0.002362278 0.040036421 -0.004994746 -0.025993150 0.012845366 0.999567091
1773838091.219302 0.000766427 0.002351010 0.040097244 -0.005439245 -0.025891775 0.012306715 0.999574184
1773838091.252664 0.000769866 0.002344001 0.040134221 -0.003973470 -0.026040135 0.012058922 0.999580204
1773838091.285977 0.000768664 0.002325219 0.040200930 -0.005160132 -0.025555437 0.012100566 0.999586821
1773838091.318687 0.000807093 0.002391622 0.040286113 -0.004387177 -0.025746711 0.011832577 0.999588788
1773838091.353605 0.000808762 0.002393354 0.040297367 -0.005291924 -0.025478534 0.011833557 0.999591291
1773838091.385650 0.000807890 0.002377440 0.040378906 -0.006628738 -0.025468113 0.011794140 0.999584079
1773838091.419740 0.000813798 0.002362325 0.040438253 -0.005843524 -0.026301181 0.011372314 0.999572277
1773838091.452712 0.000812085 0.002355046 0.040464386 -0.006922224 -0.026744181 0.011817941 0.999548495
1773838091.486228 0.000815006 0.002340845 0.040537804 -0.006457889 -0.028011460 0.011048557 0.999525666
1773838091.518584 0.000826227 0.002455638 0.040664177 -0.005323687 -0.029637989 0.012300833 0.999470830
1773838091.553499 0.000778901 0.002402060 0.040310323 -0.006270367 -0.030451182 0.011853330 0.999446273
1773838091.586813 0.000788401 0.002397971 0.040379539 -0.006557045 -0.031937934 0.012033728 0.999395907
1773838091.620003 0.000787518 0.002404859 0.040448423 -0.006998332 -0.033281997 0.012102024 0.999348223
1773838091.653304 0.000760429 0.002432748 0.040481202 -0.006101700 -0.033964865 0.012355673 0.999328017
1773838091.687118 0.000778939 0.002403390 0.040579975 -0.006798204 -0.034924656 0.012253970 0.999291718
1773838091.719782 0.000795577 0.002415687 0.040610623 -0.006533642 -0.035636220 0.011525285 0.999276996
1773838091.753882 0.000778998 0.002426310 0.040665828 -0.008041642 -0.035247061 0.013010498 0.999261618
1773838091.788312 0.000762303 0.002429488 0.040753320 -0.007398272 -0.034422889 0.012055061 0.999307275
1773838091.819574 0.000759316 0.002412622 0.040812396 -0.007048115 -0.034050427 0.011751934 0.999326169
1773838091.852715 0.000763123 0.002410065 0.040827960 -0.006395201 -0.033289149 0.012658193 0.999345183
1773838091.888050 0.000755182 0.002405307 0.040905047 -0.007386562 -0.032735623 0.012471810 0.999358952
1773838091.922185 0.000768332 0.002405740 0.040950328 -0.007557531 -0.032743476 0.012573696 0.999356151
1773838091.954738 0.000763830 0.002440728 0.041007522 -0.005942539 -0.032358754 0.012827720 0.999376357
1773838091.985782 0.000768479 0.002458615 0.041086983 -0.006433551 -0.032269519 0.012506349 0.999380291
1773838092.020840 0.000775340 0.002435844 0.041129295 -0.008073501 -0.031534232 0.012433320 0.999392748
1773838092.053722 0.000786809 0.002434046 0.041185714 -0.007622394 -0.031179579 0.012369391 0.999408185
1773838092.087575 0.000788926 0.002435390 0.041259680 -0.007457086 -0.030973915 0.012086266 0.999419272
1773838092.119658 0.000779233 0.002442969 0.041320309 -0.006313197 -0.030642390 0.011577540 0.999443412
1773838092.153548 0.000767506 0.002432174 0.041375883 -0.007657270 -0.029962860 0.012498512 0.999443531
1773838092.185982 0.000782473 0.002450047 0.041461840 -0.007667589 -0.029793285 0.012327627 0.999450624
1773838092.220794 0.000785419 0.002468244 0.041522693 -0.008745536 -0.029123593 0.012436101 0.999460161
1773838092.253823 0.000784762 0.002497255 0.041620102 -0.008419788 -0.028503504 0.013063502 0.999472857
1773838092.288402 0.000746022 0.002501438 0.041662648 -0.008444735 -0.027236411 0.011660675 0.999525309
1773838092.320420 0.000756365 0.002490070 0.041719705 -0.008493827 -0.026269130 0.012079374 0.999545872
1773838092.354451 0.000743499 0.002508676 0.041827358 -0.009018323 -0.025101917 0.012396434 0.999567389
1773838092.387386 0.000756355 0.002498653 0.041877951 -0.009516070 -0.024277985 0.012281000 0.999584556
1773838092.421439 0.000750291 0.002476760 0.041956183 -0.009728070 -0.023542851 0.011115568 0.999613702
1773838092.455020 0.000742917 0.002490554 0.042014185 -0.009390566 -0.022935335 0.011630666 0.999625206
1773838092.487290 0.000720891 0.002527705 0.042123772 -0.009657772 -0.022034409 0.010535572 0.999655068
1773838092.520864 0.000734625 0.002508062 0.041841723 -0.010421766 -0.021370340 0.010890895 0.999658048
1773838092.555003 0.000724705 0.002500915 0.041902773 -0.008261890 -0.020608636 0.010787722 0.999695301
1773838092.587673 0.000733013 0.002503075 0.041959852 -0.009310649 -0.020360054 0.010218287 0.999697149
1773838092.620608 0.000728664 0.002504933 0.042061806 -0.010905746 -0.020108117 0.010595734 0.999682188
1773838092.654721 0.000723126 0.002510804 0.042118870 -0.010545553 -0.020290067 0.010769821 0.999680519
1773838092.688224 0.000718519 0.002530755 0.042195737 -0.009875985 -0.020643283 0.010810910 0.999679685
1773838092.721718 0.000713869 0.002535496 0.042227596 -0.009425264 -0.020899398 0.010801866 0.999678791
1773838092.754891 0.000707699 0.002524733 0.042332176 -0.011531572 -0.021413514 0.010486640 0.999649167
1773838092.786523 0.000694601 0.002539159 0.042406954 -0.010896724 -0.021380199 0.011117279 0.999650180
1773838092.821451 0.000703736 0.002547121 0.042472590 -0.011825154 -0.020926617 0.010428865 0.999656677
1773838092.855633 0.000711063 0.002525191 0.042490993 -0.008474029 -0.021109361 0.011433883 0.999675870
1773838092.887102 0.000703778 0.002526535 0.042591058 -0.010597836 -0.021637144 0.012174672 0.999635577
1773838092.921654 0.000705263 0.002519274 0.042630281 -0.010060684 -0.022993350 0.011260107 0.999621570
1773838092.955311 0.000699578 0.002549663 0.042694528 -0.010763642 -0.024398254 0.012094781 0.999571204
1773838092.989223 0.000693425 0.002556989 0.042753637 -0.009327109 -0.025970053 0.011541332 0.999552608
1773838093.022944 0.000709094 0.002543140 0.042808082 -0.009398673 -0.027695101 0.012144501 0.999498487
1773838093.055373 0.000702463 0.002572787 0.042866614 -0.009534464 -0.029129997 0.012085869 0.999457121
1773838093.088665 0.000696647 0.002568410 0.042921666 -0.009297666 -0.030554509 0.012594366 0.999410510
1773838093.120859 0.000676935 0.002587604 0.042956270 -0.008354118 -0.032402605 0.011971472 0.999368310
1773838093.155633 0.000681272 0.002566246 0.043025170 -0.009479596 -0.034052894 0.012842103 0.999292552
1773838093.187383 0.000682399 0.002564044 0.043089934 -0.007960096 -0.036008220 0.012465377 0.999242008
1773838093.223767 0.000676645 0.002580166 0.042951450 -0.009749272 -0.037269942 0.012630727 0.999177814
1773838093.257170 0.000687956 0.002569331 0.042989347 -0.009485682 -0.038409062 0.012373088 0.999140501
1773838093.289368 0.000653954 0.002582970 0.043062355 -0.008698462 -0.038953632 0.011998514 0.999131143
1773838093.324134 0.000667849 0.002587825 0.043099038 -0.010245465 -0.039321389 0.013125849 0.999087870
1773838093.354437 0.000646986 0.002585551 0.043143444 -0.007415477 -0.039780606 0.012094047 0.999107718
1773838093.389016 0.000635255 0.002594686 0.043223314 -0.009126442 -0.040007871 0.012816828 0.999075472
1773838093.422147 0.000632417 0.002612818 0.043269493 -0.008989851 -0.040289562 0.012101984 0.999074340
1773838093.455613 0.000629210 0.002592582 0.043312009 -0.008785382 -0.040385991 0.011902295 0.999074638
1773838093.487814 0.000613200 0.002609680 0.043387864 -0.008257804 -0.040807325 0.011454107 0.999067247
1773838093.522419 0.000621845 0.002614380 0.043434184 -0.008338077 -0.041178521 0.011394044 0.999052048
1773838093.556507 0.000601816 0.002622930 0.043502375 -0.008056964 -0.041404836 0.011267240 0.999046445
1773838093.588988 0.000612646 0.002624762 0.043542337 -0.008849947 -0.041804887 0.012065946 0.999013722
1773838093.622377 0.000613189 0.002622154 0.043576591 -0.007833843 -0.042402502 0.010876236 0.999010682
1773838093.654751 0.000611189 0.002603618 0.043638039 -0.011056467 -0.042310342 0.011655351 0.998975337
1773838093.689197 0.000639958 0.002607509 0.043647975 -0.008403757 -0.042932041 0.011143863 0.998980522
1773838093.723745 0.000597985 0.002609258 0.043708902 -0.008238985 -0.042834822 0.011296694 0.998984277
1773838093.755983 0.000580587 0.002599969 0.043735940 -0.008729283 -0.042699907 0.010818399 0.998991191
1773838093.789537 0.000549672 0.002592707 0.043761909 -0.008751521 -0.042547610 0.010730438 0.998998463
1773838093.822938 0.000533429 0.002584072 0.043771807 -0.009203367 -0.042487334 0.010251377 0.999001980
1773838093.856225 0.000521088 0.002579671 0.043784551 -0.009331298 -0.042398795 0.010471432 0.999002278
1773838093.890027 0.000500018 0.002570370 0.043802682 -0.008235426 -0.042010635 0.010077138 0.999032378
1773838093.921954 0.000459575 0.002557332 0.043839436 -0.010582145 -0.040890854 0.009990184 0.999057591
1773838093.956151 0.000559020 0.002617389 0.044019975 -0.008106332 -0.042017195 0.009561352 0.999038219
1773838093.988701 0.000574709 0.002630381 0.044045847 -0.007252112 -0.042070806 0.010726816 0.999030709
1773838094.022868 0.000565714 0.002617709 0.044105466 -0.007476209 -0.042049225 0.009701099 0.999040484
1773838094.056129 0.000547728 0.002636039 0.044154543 -0.009323015 -0.041705836 0.009930169 0.999037087
1773838094.089574 0.000557111 0.002656097 0.044193294 -0.008508598 -0.042109177 0.010077808 0.999025941
1773838094.124220 0.000542513 0.002626571 0.044207238 -0.007388002 -0.042127993 0.009846901 0.999036372
1773838094.156696 0.000536068 0.002648811 0.044269584 -0.007002420 -0.042407461 0.010279093 0.999023020
1773838094.189769 0.000523565 0.002636838 0.044322457 -0.007476013 -0.042732336 0.010109393 0.999007463
1773838094.223023 0.000523570 0.002657538 0.044356879 -0.007371905 -0.042932071 0.010148923 0.998999238
1773838094.256998 0.000532268 0.002650653 0.044385117 -0.007212924 -0.043065079 0.010167053 0.998994470
1773838094.288481 0.000543589 0.002660405 0.044414017 -0.007569207 -0.043238472 0.010558065 0.998980284
1773838094.323598 0.000551596 0.002653386 0.044439569 -0.007696145 -0.043246575 0.010226653 0.998982430
1773838094.355791 0.000487775 0.002662243 0.044540972 -0.007668758 -0.042747185 0.009950755 0.999006927
1773838094.389080 0.000475372 0.002683426 0.044590335 -0.007542196 -0.042544343 0.010394792 0.999012053
1773838094.423945 0.000468339 0.002668959 0.044640895 -0.007452505 -0.042302776 0.009943825 0.999027550
1773838094.455907 0.000461939 0.002675890 0.044663645 -0.005574482 -0.042093012 0.009659169 0.999051452
1773838094.490077 0.000436230 0.002694207 0.044745896 -0.006633032 -0.041598000 0.009682104 0.999065518
1773838094.523611 0.000417613 0.002709495 0.044803321 -0.006970013 -0.040893815 0.009926322 0.999089897
1773838094.556939 0.000429187 0.002690605 0.044840924 -0.006041477 -0.040790580 0.009686931 0.999102473
1773838094.590829 0.000385988 0.002694521 0.044894733 -0.005277142 -0.040341776 0.009466644 0.999127150
1773838094.623900 0.000384460 0.002696059 0.044948317 -0.006424955 -0.040017597 0.009391029 0.999134183
1773838094.656498 0.000405042 0.002730720 0.044994887 -0.005139555 -0.040386118 0.009462688 0.999126136
1773838094.688763 0.000378248 0.002708374 0.045065165 -0.007463897 -0.040361848 0.009674813 0.999110401
1773838094.724652 0.000351856 0.002739627 0.045118548 -0.005646975 -0.040493302 0.009639936 0.999117315
1773838094.758298 0.000357496 0.002708497 0.045145806 -0.005288619 -0.041023690 0.009278362 0.999101102
1773838094.791788 0.000353348 0.002721734 0.045199484 -0.005720257 -0.041459076 0.009365411 0.999079943
1773838094.825244 0.000347143 0.002706157 0.045239408 -0.006121280 -0.041861065 0.009493268 0.999059618
1773838094.857289 0.000336533 0.002710412 0.045290709 -0.007209934 -0.042180635 0.009049256 0.999042988
1773838094.890934 0.000319926 0.002715272 0.045333043 -0.005729926 -0.042591963 0.008723314 0.999038041
1773838094.924631 0.000303193 0.002721471 0.045377765 -0.005533409 -0.043006409 0.009266119 0.999016523
1773838094.957366 0.000283431 0.002717196 0.045427263 -0.006324194 -0.043647151 0.009217093 0.998984516
1773838094.990316 0.000271007 0.002730473 0.045468390 -0.005555593 -0.044277184 0.008961051 0.998963654
1773838095.024129 0.000259428 0.002740955 0.045519490 -0.005388651 -0.045309160 0.009076175 0.998917282
1773838095.057471 0.000267529 0.002734047 0.045374729 -0.005326415 -0.046365794 0.009419021 0.998865902
1773838095.092067 0.000247109 0.002720380 0.045398626 -0.005005895 -0.047559589 0.008599130 0.998818815
1773838095.124305 0.000231308 0.002725806 0.045450065 -0.005480545 -0.048445787 0.009156372 0.998768806
1773838095.157175 0.000201735 0.002723206 0.045476839 -0.007080806 -0.047461342 0.008005583 0.998815894
1773838095.189908 0.000203940 0.002752943 0.045537975 -0.006423561 -0.046827793 0.007503769 0.998854160
1773838095.224402 0.000208429 0.002746174 0.045562454 -0.003355248 -0.047324613 0.009558621 0.998828173
1773838095.258052 0.000204931 0.002749960 0.045598723 -0.003826163 -0.048372567 0.009510829 0.998776734
1773838095.290065 0.000176445 0.002748454 0.045653045 -0.005037392 -0.049163666 0.008187176 0.998744488
1773838095.325269 0.000183309 0.002738288 0.045710195 -0.006921851 -0.050024077 0.009032894 0.998683155
1773838095.356687 0.000162773 0.002725173 0.045740921 -0.006016388 -0.050596517 0.008730982 0.998662889
1773838095.391206 0.000167857 0.002724220 0.045748118 -0.005200721 -0.051339053 0.009064641 0.998626590
1773838095.423874 0.000104633 0.002730833 0.045814097 -0.004549010 -0.051756248 0.008781081 0.998610795
1773838095.457782 0.000134674 0.002691366 0.045837782 -0.005694422 -0.052800212 0.008717995 0.998550832
1773838095.490404 0.000111361 0.002742806 0.045911141 -0.005613755 -0.053523898 0.008667390 0.998513162
1773838095.525030 0.000082564 0.002757318 0.045956627 -0.004647028 -0.054153912 0.008666192 0.998484194
1773838095.558575 0.000084217 0.002744850 0.045989260 -0.004933943 -0.054741316 0.008417196 0.998452902
1773838095.590855 0.000056108 0.002764131 0.046036460 -0.005091907 -0.054658763 0.007923727 0.998460650
1773838095.624931 0.000044201 0.002757078 0.046086214 -0.004404539 -0.054547016 0.007905209 0.998470187
1773838095.659717 0.000046140 0.002767527 0.046115935 -0.006480558 -0.054081421 0.008027992 0.998483241
1773838095.694241 0.000021426 0.002754725 0.046167582 -0.002920541 -0.053814679 0.007422509 0.998519123
1773838095.724989 0.000005135 0.002771561 0.046215441 -0.004999945 -0.052862063 0.008259008 0.998555183
1773838095.759169 -0.000011418 0.002769010 0.046256680 -0.003802843 -0.051928461 0.007375693 0.998616338
1773838095.792537 -0.000009140 0.002776716 0.046331041 -0.003819252 -0.052544210 0.007860567 0.998580396
1773838095.825731 -0.000023664 0.002758589 0.046350006 -0.009621024 -0.050467126 0.009359390 0.998635530
1773838095.859223 -0.000045915 0.002762652 0.046383433 -0.003596939 -0.048829056 0.005712349 0.998784363
1773838095.892440 -0.000077239 0.002754243 0.046445306 -0.005080370 -0.045931350 0.006661688 0.998909473
1773838095.925911 -0.000065922 0.002776296 0.046473332 -0.003158369 -0.042994171 0.006070152 0.999051929
1773838095.957977 -0.000059641 0.002757173 0.046484772 -0.001987021 -0.040578276 0.006303327 0.999154508
1773838095.992470 -0.000088678 0.002779183 0.046548992 -0.000702328 -0.037379742 0.006163995 0.999281883
1773838096.026537 -0.000079343 0.002749375 0.046564329 -0.000549655 -0.035198603 0.006333242 0.999360085
1773838096.058471 -0.000091901 0.002753537 0.046625569 0.000683935 -0.032956090 0.006441960 0.999435842
1773838096.092827 -0.000098465 0.002803262 0.046621121 0.002004472 -0.031953909 0.006204035 0.999468088
1773838096.123974 -0.000115284 0.002793591 0.046659339 0.000195272 -0.031274024 0.006571233 0.999489248
1773838096.159474 -0.000138654 0.002793068 0.046726231 0.001112442 -0.031566504 0.005512647 0.999485850
1773838096.191842 -0.000145952 0.002790476 0.046755910 0.000918866 -0.031790771 0.005242189 0.999480367
1773838096.225668 -0.000156361 0.002787100 0.046802361 0.000675035 -0.032350048 0.004870357 0.999464512
1773838096.260606 -0.000167053 0.002783905 0.046818122 0.001054492 -0.032401040 0.004735528 0.999463201
1773838096.292075 -0.000184192 0.002784980 0.046881158 0.002178994 -0.032546733 0.004211763 0.999458969
1773838096.326681 -0.000187744 0.002778309 0.046914160 0.001255337 -0.032459926 0.005406490 0.999457657
1773838096.362794 -0.000140811 0.002800614 0.046741601 0.004437510 -0.032961763 0.004573277 0.999436319
1773838096.394099 -0.000155577 0.002796655 0.046787292 0.003333021 -0.033449456 0.005228090 0.999421179
1773838096.427374 -0.000155202 0.002803098 0.046808597 0.003207718 -0.034819350 0.005083945 0.999375522
1773838096.461367 -0.000157837 0.002808194 0.046865392 0.003217941 -0.035500906 0.004476759 0.999354422
1773838096.492944 -0.000185796 0.002790079 0.046899188 0.003097626 -0.036749281 0.004774991 0.999308288
1773838096.527910 -0.000200628 0.002801613 0.046950474 0.003002197 -0.038082592 0.004785242 0.999258637
1773838096.559102 -0.000224493 0.002807702 0.047039986 0.002416292 -0.039367307 0.004616200 0.999211252
1773838096.592920 -0.000252730 0.002822080 0.047071368 0.003313213 -0.039949667 0.004342805 0.999186754
1773838096.626062 -0.000255243 0.002819601 0.047089856 0.003534943 -0.040462047 0.004330112 0.999165416
1773838096.659689 -0.000266972 0.002835125 0.047126051 0.003507033 -0.040551022 0.004545948 0.999160945
1773838096.695758 -0.000271660 0.002821620 0.047172137 0.003915870 -0.040421661 0.004866986 0.999163151
1773838096.727161 -0.000287951 0.002828498 0.047213089 0.004603489 -0.040235247 0.004878155 0.999167681
1773838096.762676 -0.000303755 0.002840522 0.047284085 0.003267147 -0.039969411 0.004508059 0.999185383
1773838096.792275 -0.000322435 0.002830192 0.047332659 0.003722402 -0.040106826 0.004209040 0.999179542
1773838096.826321 -0.000345194 0.002834652 0.047390889 0.002593951 -0.040688243 0.004005901 0.999160469
1773838096.860838 -0.000359930 0.002834549 0.047448378 0.002010551 -0.041262440 0.003359850 0.999140680
1773838096.892483 -0.000364185 0.002829260 0.047489110 0.003355895 -0.042485528 0.002651326 0.999087930
1773838096.927312 -0.000380472 0.002834062 0.047570951 -0.000225690 -0.042800702 0.003755188 0.999076545
1773838096.960109 -0.000396293 0.002811861 0.047565527 0.002926306 -0.043534018 0.001165530 0.999046981
1773838096.992806 -0.000411114 0.002809980 0.047634088 0.001224212 -0.043898445 0.002413156 0.999032319
1773838097.026491 -0.000420179 0.002840397 0.047699299 0.001513001 -0.044631526 0.003449976 0.998996377
1773838097.060213 -0.000424914 0.002838058 0.047754101 0.002639656 -0.045607392 0.002753108 0.998952150
1773838097.092329 -0.000448356 0.002852116 0.047796324 0.002616134 -0.046193171 0.003669645 0.998922348
1773838097.128311 -0.000461927 0.002849606 0.047805853 0.001863848 -0.047011387 0.002838412 0.998888612
1773838097.160562 -0.000471215 0.002851225 0.047826964 0.000795364 -0.047902796 0.001979176 0.998849750
1773838097.194530 -0.000492545 0.002861140 0.047893718 -0.000204361 -0.048657276 0.000995033 0.998815060
1773838097.226547 -0.000520629 0.002857183 0.047948536 -0.000253851 -0.049652245 0.000222052 0.998766541
1773838097.259885 -0.000523308 0.002869152 0.047979515 -0.001193813 -0.050954763 0.000451283 0.998700142
1773838097.294547 -0.000539024 0.002868472 0.048059247 -0.002240482 -0.052512877 0.000599788 0.998617589
1773838097.326452 -0.000568578 0.002873916 0.048097845 0.000012177 -0.053313896 -0.000051083 0.998577774
1773838097.362008 -0.000566154 0.002870206 0.048127670 -0.000099180 -0.054250441 0.001040254 0.998526812
1773838097.394624 -0.000576518 0.002863586 0.048187852 -0.001140833 -0.055115875 -0.000411029 0.998479247
1773838097.427116 -0.000587768 0.002866216 0.048241258 -0.002582402 -0.055647090 -0.000388540 0.998447061
1773838097.461903 -0.000605964 0.002871471 0.048281953 -0.003313741 -0.056143299 -0.000738684 0.998416960
1773838097.493369 -0.000617881 0.002862570 0.048345059 -0.002917455 -0.056666549 -0.001077658 0.998388350
1773838097.526799 -0.000628833 0.002871261 0.048407272 -0.004393715 -0.056738593 -0.001656121 0.998378038
1773838097.559822 -0.000633842 0.002879296 0.048446812 -0.005079012 -0.056631755 -0.001155707 0.998381555
1773838097.592784 -0.000665274 0.002912387 0.048512965 -0.006469902 -0.055806398 -0.001804373 0.998418987
1773838097.626395 -0.000677696 0.002896448 0.048519120 -0.002860629 -0.055928756 -0.001479605 0.998429537
1773838097.660448 -0.000686195 0.002888826 0.048566446 -0.004683582 -0.056418799 -0.000469693 0.998396099
1773838097.696021 -0.000707939 0.002897626 0.048619244 -0.005207160 -0.056807104 -0.001520340 0.998370469
1773838097.727490 -0.000719829 0.002893172 0.048672277 -0.006184480 -0.057106804 -0.000611154 0.998348773
1773838097.759989 -0.000732149 0.002883180 0.048710439 -0.006065820 -0.057331335 -0.000549040 0.998336613
1773838097.794492 -0.000741682 0.002876462 0.048743051 -0.004749563 -0.057822526 -0.000938104 0.998315096
1773838097.827539 -0.000756808 0.002859613 0.048797447 -0.007072634 -0.057854742 -0.001445837 0.998298883
1773838097.861056 -0.000767376 0.002865121 0.048833709 -0.007689682 -0.057615820 -0.000661091 0.998309016
1773838097.893477 -0.000768113 0.002923622 0.048898991 -0.006740268 -0.057655904 -0.000664347 0.998313546
1773838097.928015 -0.000774385 0.002919263 0.048923708 -0.006649982 -0.057652183 -0.000560475 0.998314440
1773838097.961612 -0.000793794 0.002895428 0.048987381 -0.007311589 -0.056737401 -0.000822607 0.998362005
1773838097.993361 -0.000803612 0.002874945 0.049019143 -0.008369696 -0.056314304 -0.000881819 0.998377621
1773838098.027371 -0.000814563 0.002870769 0.049055185 -0.007863230 -0.055433411 -0.001003418 0.998430908
1773838098.061252 -0.000834174 0.002863509 0.049121752 -0.009828828 -0.054467350 -0.000878811 0.998466790
1773838098.094625 -0.000841498 0.002860015 0.049149387 -0.009190040 -0.054309476 -0.000042390 0.998481810
1773838098.128885 -0.000851520 0.002833748 0.049182624 -0.010619625 -0.053604897 -0.000899816 0.998505354
1773838098.162672 -0.000845603 0.002935733 0.049230397 -0.009255231 -0.053354353 0.000450306 0.998532653
1773838098.196397 -0.000855945 0.002929330 0.049265601 -0.008898752 -0.052670080 0.000594231 0.998572111
1773838098.227712 -0.000867181 0.002924216 0.049302541 -0.009495429 -0.051716439 0.000063188 0.998616695
1773838098.261395 -0.000865145 0.003062291 0.049363222 -0.007051668 -0.050953593 0.000824428 0.998675764
1773838098.296410 -0.000873082 0.003092445 0.049404226 -0.006753955 -0.050282277 0.000852849 0.998711824
1773838098.328186 -0.000862214 0.003081037 0.049439408 -0.006300971 -0.049672257 0.000834820 0.998745322
1773838098.361695 -0.000892625 0.003073532 0.049469732 -0.006804644 -0.048473187 0.000572867 0.998801112
1773838098.395736 -0.000892065 0.003069613 0.049504980 -0.006248964 -0.047387905 0.000234739 0.998856962
1773838098.427350 -0.000903974 0.002976855 0.049514849 -0.008446359 -0.046259511 -0.000528269 0.998893619
1773838098.460945 -0.000909334 0.002980927 0.049555983 -0.007813318 -0.044921741 -0.000003235 0.998959959
1773838098.495803 -0.000919412 0.002995673 0.049591333 -0.008075915 -0.043653511 -0.000200114 0.999014080
1773838098.528479 -0.000948189 0.002950859 0.049588144 -0.008410227 -0.042228434 -0.000358770 0.999072492
1773838098.562327 -0.000967262 0.002960161 0.049622037 -0.008255025 -0.041019779 -0.000834048 0.999123871
1773838098.593470 -0.000978099 0.002954549 0.049653895 -0.008352704 -0.039928146 -0.000516940 0.999167502
1773838098.629043 -0.000965726 0.002953957 0.049673993 -0.008275439 -0.039465018 -0.000232677 0.999186635
1773838098.661342 -0.000986563 0.002944104 0.049711153 -0.008027726 -0.038409133 -0.000679066 0.999229610
1773838098.694941 -0.000975037 0.002947289 0.049739681 -0.007727245 -0.037658382 -0.000562237 0.999260604
1773838098.729220 -0.000995765 0.002955219 0.049773689 -0.007928074 -0.036038019 -0.000790463 0.999318659
1773838098.763248 -0.001010536 0.002967383 0.049809303 -0.007390096 -0.034777079 -0.001003927 0.999367237
1773838098.794751 -0.001012481 0.002966484 0.049843874 -0.007217675 -0.033803355 -0.001129839 0.999401808
1773838098.829609 -0.001034486 0.002968335 0.049873233 -0.006583936 -0.032565281 -0.001666981 0.999446571
1773838098.861619 -0.001038304 0.002973328 0.049903918 -0.006148278 -0.031260163 -0.001640379 0.999491036
1773838098.894303 -0.001042338 0.002955012 0.049938627 -0.006688075 -0.029895034 -0.002481384 0.999527633
1773838098.928783 -0.001055910 0.002955491 0.049971372 -0.006004513 -0.028576283 -0.002445116 0.999570608
1773838098.962057 -0.001067827 0.002960554 0.049997456 -0.005969114 -0.027611511 -0.003370655 0.999595225
1773838098.996043 -0.001082471 0.002958653 0.050026800 -0.005741310 -0.026741074 -0.003004158 0.999621391
1773838099.028855 -0.001098821 0.002965784 0.050076850 -0.005997065 -0.025518371 -0.003093279 0.999651611
1773838099.063009 -0.001102014 0.002997998 0.050115809 -0.006183289 -0.024187880 -0.003039699 0.999683678
1773838099.094787 -0.001113777 0.002988349 0.050140198 -0.006481351 -0.022825491 -0.002543381 0.999715209
1773838099.129754 -0.001115728 0.002986875 0.050176505 -0.006309483 -0.021495573 -0.003029676 0.999744415
1773838099.163008 -0.001102858 0.002998025 0.050208002 -0.006836558 -0.020403266 -0.002741603 0.999764681
1773838099.195202 -0.001113107 0.003003033 0.050255772 -0.006087335 -0.019288190 -0.002254568 0.999792874
1773838099.230410 -0.001126067 0.002995610 0.050293494 -0.007112149 -0.018151147 -0.002710697 0.999806285
1773838099.262262 -0.001114807 0.002997846 0.050324798 -0.006935087 -0.017763248 -0.002220168 0.999815702
1773838099.297189 -0.001131017 0.003000266 0.050373651 -0.006941680 -0.017050205 -0.002220356 0.999828041
1773838099.328529 -0.001125176 0.003001778 0.050427556 -0.006867338 -0.017035132 -0.002064021 0.999829173
1773838099.362970 -0.001146393 0.003000897 0.050464839 -0.007017005 -0.016407181 -0.001555340 0.999839544
1773838099.396988 -0.001139121 0.003000999 0.050489414 -0.006339689 -0.016289119 -0.002304659 0.999844551
1773838099.429198 -0.001148699 0.003011151 0.050506450 -0.006651399 -0.015935447 -0.001829423 0.999849200
1773838099.462583 -0.001153682 0.003014174 0.050556649 -0.006349089 -0.015764523 -0.001611923 0.999854267
1773838099.496988 -0.001156882 0.003013144 0.050597250 -0.005976608 -0.015771722 -0.001715008 0.999856293
1773838099.530377 -0.001164507 0.003013596 0.050643433 -0.006812714 -0.015414399 -0.001348496 0.999857068
1773838099.562158 -0.001173235 0.003022027 0.050687991 -0.006061506 -0.015134231 -0.001175215 0.999866366
1773838099.595854 -0.001175920 0.003024862 0.050722301 -0.006462578 -0.015086675 -0.000721361 0.999865055
1773838099.630087 -0.001179891 0.003018144 0.050772920 -0.005842053 -0.015436145 0.000247512 0.999863744
1773838099.662927 -0.001189908 0.003053012 0.050798472 -0.004882402 -0.016095914 0.000004429 0.999858558
1773838099.696603 -0.001202466 0.003031236 0.050859671 -0.004573506 -0.016892020 0.000423929 0.999846756
1773838099.730506 -0.001199984 0.003032631 0.050886638 -0.004012415 -0.018192297 0.001324120 0.999825597
1773838099.762463 -0.001200809 0.003055383 0.050947156 -0.004298150 -0.019443650 0.002626114 0.999798298
1773838099.797022 -0.001201180 0.003056914 0.050983835 -0.005981521 -0.020531099 0.003535038 0.999765098
1773838099.831015 -0.001194756 0.003053050 0.051041473 -0.006243967 -0.021552492 0.004772062 0.999736845
1773838099.862960 -0.001203268 0.003061538 0.051099572 -0.006434581 -0.022013599 0.005310376 0.999722838
1773838099.897692 -0.001195449 0.003061031 0.051171627 -0.007682063 -0.022226458 0.006790973 0.999700367
1773838099.930140 -0.001190973 0.003077285 0.051220499 -0.009973249 -0.021918038 0.008105537 0.999677181
1773838099.963134 -0.001201358 0.003085265 0.051260740 -0.009107754 -0.022684736 0.009139505 0.999659419
1773838099.997232 -0.001201066 0.003077680 0.051280051 -0.004343699 -0.024535039 0.007108606 0.999664307
1773838100.030615 -0.001223381 0.003085115 0.051325154 -0.003612404 -0.025163678 0.006196380 0.999657631
1773838100.064217 -0.001209970 0.003088869 0.051364601 -0.003323640 -0.025695473 0.007916523 0.999632955
1773838100.097228 -0.001214870 0.003090717 0.051443852 -0.005487378 -0.025824822 0.008445881 0.999615729
1773838100.130109 -0.001219700 0.003096583 0.051480524 -0.005886598 -0.026080765 0.008465334 0.999606669
1773838100.163842 -0.001217683 0.003080865 0.051510643 -0.004371725 -0.026395382 0.009307349 0.999598682
1773838100.196312 -0.001233236 0.003099249 0.051565003 -0.003988465 -0.026393529 0.008569152 0.999606967
1773838100.229971 -0.001236825 0.003091831 0.051638465 -0.004137138 -0.025953120 0.008991454 0.999614179
1773838100.264442 -0.001248692 0.003093747 0.051664855 -0.004174996 -0.025115259 0.008317685 0.999641240
1773838100.295830 -0.001247725 0.003108283 0.051696938 -0.004349429 -0.023771590 0.008811585 0.999669135
1773838100.331965 -0.001255075 0.003096394 0.051740460 -0.004957196 -0.021436982 0.008274288 0.999723673
1773838100.363178 -0.001269286 0.003109513 0.051784772 -0.003275241 -0.019075118 0.007904505 0.999781430
1773838100.401792 -0.001249154 0.003105808 0.051781595 -0.002404777 -0.017548788 0.008384368 0.999807954
1773838100.429931 -0.001249678 0.003108913 0.051822461 -0.003993257 -0.015541358 0.009113085 0.999829710
1773838100.462993 -0.001252088 0.003101310 0.051863212 -0.005530739 -0.013568456 0.008516258 0.999856353
1773838100.502519 -0.001268476 0.003109083 0.051904414 -0.003830262 -0.011436840 0.008078567 0.999894619
1773838100.530267 -0.001253451 0.003113518 0.051907837 -0.002437234 -0.009701296 0.008436311 0.999914408
1773838100.563879 -0.001259838 0.003117772 0.051943649 -0.002706992 -0.008088088 0.008125639 0.999930620
1773838100.601575 -0.001249258 0.003117124 0.051986888 -0.003780171 -0.006444732 0.007728189 0.999942183
1773838100.630368 -0.001253001 0.003104240 0.052018225 -0.004184306 -0.004800773 0.008092388 0.999946952
1773838100.663411 -0.001258679 0.003120480 0.052037641 -0.002748328 -0.003111927 0.007775069 0.999961138
1773838100.699022 -0.001261866 0.003116345 0.052071787 -0.002538261 -0.001208487 0.007492143 0.999967992
1773838100.731751 -0.001260909 0.003117429 0.052118465 -0.002041703 0.000153159 0.007652167 0.999968588
1773838100.767776 -0.001258876 0.003122482 0.052146900 -0.002842475 0.001190003 0.007717395 0.999965429
1773838100.799186 -0.001259515 0.003127323 0.052159570 -0.002920690 0.002142260 0.007712280 0.999963641
1773838100.836972 -0.001259408 0.003120414 0.052181643 -0.002277242 0.002944475 0.007818825 0.999962449
1773838100.865752 -0.001265911 0.003118652 0.052218746 -0.002075057 0.004183213 0.007514443 0.999960840
1773838100.898874 -0.001269430 0.003131340 0.052271523 -0.002611118 0.005643066 0.007462156 0.999952793
1773838100.937540 -0.001270129 0.003131999 0.052291062 -0.002185136 0.007074916 0.007154944 0.999946952
1773838100.964571 -0.001280128 0.003136722 0.052304696 -0.002412059 0.009016907 0.007464772 0.999928534
1773838101.002191 -0.001281791 0.003135897 0.052335709 -0.001320605 0.010661740 0.007260896 0.999915898
1773838101.031285 -0.001286064 0.003140668 0.052380104 -0.001938515 0.012508884 0.007492811 0.999891758
1773838101.064878 -0.001290355 0.003137586 0.052408841 -0.002043795 0.014629425 0.007232859 0.999864697
1773838101.102209 -0.001293847 0.003140683 0.052448865 -0.001902003 0.017588757 0.006956293 0.999819279
1773838101.131383 -0.001296083 0.003140867 0.052496519 -0.002773362 0.020611132 0.007678531 0.999754190
1773838101.168902 -0.001290048 0.003141541 0.052501500 -0.000878866 0.023527922 0.006759660 0.999699891
1773838101.198246 -0.001298748 0.003142619 0.052532129 -0.001503870 0.027532566 0.007416128 0.999592245
1773838101.231668 -0.001305458 0.003142667 0.052567817 -0.002326849 0.031735368 0.006425813 0.999472916
1773838101.265720 -0.001308155 0.003143966 0.052610200 -0.003376457 0.036223412 0.005656023 0.999321997
1773838101.298715 -0.001315052 0.003147210 0.052624743 -0.005167029 0.040921737 0.005651663 0.999132991
1773838101.336755 -0.001323201 0.003150007 0.052672502 -0.002808922 0.045703981 0.005292031 0.998937070
1773838101.364421 -0.001321739 0.003160867 0.052708089 -0.001555873 0.050191712 0.005413722 0.998723686
1773838101.398095 -0.001318151 0.003150156 0.052701440 -0.000926080 0.054412574 0.007237283 0.998491883
1773838101.435925 -0.001331837 0.003163212 0.052736666 0.001641723 0.058634307 0.005303164 0.998264074
1773838101.464854 -0.001346550 0.003167919 0.052808471 -0.000897553 0.063361853 0.005468376 0.997975230
1773838101.503019 -0.001347432 0.003166832 0.052830700 -0.002985702 0.067889616 0.005144286 0.997675061
1773838101.531042 -0.001344307 0.003164708 0.052844781 -0.001435755 0.072080374 0.004761154 0.997386396
1773838101.564894 -0.001359710 0.003176385 0.052927654 -0.001505132 0.077347614 0.005661450 0.996986926
1773838101.602893 -0.001368207 0.003171800 0.052946173 -0.000297297 0.082134686 0.004369717 0.996611595
1773838101.631733 -0.001372491 0.003167533 0.052969310 -0.000493649 0.087126546 0.004164890 0.996188402
1773838101.665482 -0.001379360 0.003161741 0.053021833 -0.002023797 0.091703549 0.004551283 0.995773911
1773838101.703452 -0.001358897 0.003159351 0.053078528 -0.001961071 0.095561415 0.003918186 0.995413840
1773838101.733151 -0.001368550 0.003169886 0.053111009 -0.001310434 0.099414468 0.003693727 0.995038390
1773838101.771945 -0.001379592 0.003176127 0.053159557 -0.002152951 0.103067935 0.004226702 0.994663000
1773838101.797890 -0.001362126 0.003165248 0.053206339 -0.001764891 0.106576473 0.003098725 0.994298100
1773838101.832063 -0.001368445 0.003176141 0.053237736 -0.001491516 0.110254779 0.003633469 0.993895590
1773838101.871186 -0.001359801 0.003158841 0.053277288 -0.001838741 0.113688000 0.003390975 0.993508995
1773838101.898713 -0.001385388 0.003175064 0.053297222 -0.001450064 0.117535628 0.002299825 0.993064940
1773838101.937907 -0.001358731 0.003161078 0.053324714 -0.002563105 0.120738715 0.002554240 0.992677689
1773838101.965694 -0.001348953 0.003153620 0.053336862 -0.002356796 0.124444313 0.001822408 0.992222130
1773838101.997720 -0.001365644 0.003157671 0.053321563 -0.001779719 0.129153863 0.001706819 0.991621494
1773838102.037066 -0.001376389 0.003165856 0.053399790 -0.000815569 0.133991256 0.001421396 0.990981162
1773838102.065626 -0.001392893 0.003169026 0.053420253 -0.001906676 0.139538571 0.001878608 0.990213037
1773838102.103229 -0.001391957 0.003189539 0.053438049 -0.001575605 0.145165280 0.000575937 0.989405990
1773838102.132039 -0.001387212 0.003162291 0.053476296 -0.001447716 0.150971040 0.000862582 0.988536775
1773838102.164919 -0.001390740 0.003164839 0.053504813 -0.001315397 0.156946331 -0.000339193 0.987606227
1773838102.204404 -0.001411842 0.003158903 0.053526282 -0.001989370 0.163091704 0.000050288 0.986608863
1773838102.232795 -0.001425587 0.003181444 0.053534519 -0.001740169 0.168849930 -0.000102577 0.985640228
1773838102.270517 -0.001421230 0.003184340 0.053560399 -0.000997204 0.173909739 -0.001111413 0.984760463
1773838102.299235 -0.001421247 0.003190328 0.053567350 -0.000814181 0.179106176 -0.001095191 0.983828783
1773838102.331970 -0.001416299 0.003182364 0.053623870 -0.001165594 0.184249103 -0.001003819 0.982878387
1773838102.371441 -0.001441788 0.003193605 0.053666286 -0.001059529 0.189650625 -0.001950919 0.981849134
1773838102.398418 -0.001432544 0.003212583 0.053683866 -0.000865139 0.194579840 -0.001357519 0.980885386
1773838102.437367 -0.001446312 0.003218385 0.053695682 -0.000643082 0.199575722 -0.002609476 0.979878724
1773838102.466344 -0.001441160 0.003226105 0.053725526 -0.000824242 0.204863131 -0.001554414 0.978789091
1773838102.498880 -0.001458697 0.003233766 0.053724278 -0.000741890 0.210616827 -0.002259998 0.977565825
1773838102.537604 -0.001449967 0.003235223 0.053731404 -0.000443395 0.216185883 -0.002526083 0.976348877
1773838102.565896 -0.001442084 0.003216476 0.053689282 -0.001224798 0.221774682 -0.002495433 0.975094020
1773838102.604836 -0.001450941 0.003223541 0.053700808 -0.001059274 0.227393955 -0.002643975 0.973798692
1773838102.632937 -0.001446368 0.003223687 0.053707443 0.000117126 0.233801663 -0.004052181 0.972275913
1773838102.666718 -0.001450634 0.003223454 0.053702325 -0.000485686 0.240622833 -0.004470835 0.970608294
1773838102.704618 -0.001456292 0.003225482 0.053746156 -0.000368224 0.247813359 -0.004481610 0.968797386
1773838102.733450 -0.001439428 0.003217100 0.053727128 -0.001616875 0.254657358 -0.005803814 0.967012584
1773838102.771312 -0.001428777 0.003217012 0.053703096 -0.001743627 0.262262881 -0.006026675 0.964976072
1773838102.800428 -0.001435621 0.003207342 0.053655010 -0.001998148 0.270254344 -0.007303373 0.962759197
1773838102.833567 -0.001438897 0.003208461 0.053646624 -0.002023128 0.278415471 -0.007660204 0.960428059
1773838102.871874 -0.001463154 0.003237985 0.053830836 -0.001006338 0.288024902 -0.006197249 0.957602322
1773838102.900507 -0.001458334 0.003245059 0.053935725 -0.000385133 0.296951592 -0.007480440 0.954863131
1773838102.932760 -0.001460752 0.003242528 0.053937938 -0.000953301 0.306184024 -0.006337455 0.951950788
1773838102.971521 -0.001464635 0.003215340 0.053912975 -0.001966491 0.315172404 -0.007676942 0.949001372
1773838103.000072 -0.001466816 0.003216391 0.053916175 -0.002313415 0.324959904 -0.006584166 0.945702076
1773838103.038704 -0.001469476 0.003227677 0.053925872 -0.001239258 0.334736884 -0.007844115 0.942278147
1773838103.069148 -0.001479808 0.003212229 0.053985775 -0.001378590 0.344945401 -0.009029230 0.938578308
1773838103.100015 -0.001485785 0.003220067 0.053990398 -0.001990235 0.355425656 -0.009003791 0.934659064
1773838103.138534 -0.001480969 0.003218144 0.054005980 -0.002494949 0.366376549 -0.008585793 0.930423737
1773838103.166896 -0.001482941 0.003209693 0.054052241 -0.002912833 0.377536833 -0.009669418 0.925939500
1773838103.204545 -0.001489419 0.003210323 0.054049913 -0.002349372 0.388726294 -0.010287625 0.921292841
1773838103.234554 -0.001495993 0.003213456 0.054066826 -0.002232074 0.400617301 -0.009832877 0.916189969
1773838103.266410 -0.001502162 0.003214842 0.054097015 -0.002835502 0.412154377 -0.010797855 0.911045611
1773838103.304956 -0.001507480 0.003212586 0.054104000 -0.003000575 0.423745543 -0.010902329 0.905710697
1773838103.333927 -0.001519399 0.003215127 0.054100111 -0.003019916 0.435069978 -0.012108558 0.900310159
1773838103.372222 -0.001505891 0.003212247 0.054112505 -0.003067828 0.445859760 -0.013277921 0.894999027
1773838103.401203 -0.001482273 0.003207281 0.054148946 -0.003316628 0.456780165 -0.012400034 0.889487028
1773838103.434377 -0.001507003 0.003183303 0.054219998 -0.004454093 0.468023270 -0.014496055 0.883585989
1773838103.472782 -0.001493013 0.003218384 0.054228600 -0.004363791 0.478832752 -0.012916402 0.877800286
1773838103.501579 -0.001475371 0.003229356 0.054257575 -0.004227374 0.489393383 -0.013543922 0.871947706
1773838103.538196 -0.001471497 0.003218956 0.054339450 -0.004635002 0.500412226 -0.014142521 0.865659297
1773838103.567646 -0.001481282 0.003219121 0.054321837 -0.004554022 0.510472894 -0.014882268 0.859752953
1773838103.601269 -0.001482865 0.003193577 0.054290146 -0.005125937 0.520168364 -0.014333032 0.853928089
1773838103.639431 -0.001463808 0.003205526 0.054316867 -0.005470453 0.530408978 -0.014148413 0.847606122
1773838103.667846 -0.001473419 0.003219729 0.054286744 -0.004837020 0.540296197 -0.014210995 0.841340959
1773838103.706214 -0.001430845 0.003158137 0.054361228 -0.006378969 0.549824953 -0.014591097 0.835128069
1773838103.735408 -0.001525572 0.003150743 0.054326411 -0.006216195 0.559699059 -0.013628392 0.828560531
1773838103.768262 -0.001534158 0.003148284 0.054318879 -0.006395666 0.568605185 -0.014887366 0.822450995
1773838103.814230 -0.001430446 0.003151973 0.054404613 -0.006359144 0.577439427 -0.014515737 0.816279709
1773838103.834604 -0.001414543 0.003199389 0.054416940 -0.005728862 0.586100459 -0.015265532 0.810074329
1773838103.873003 -0.001386864 0.003196242 0.054425232 -0.005420030 0.594043076 -0.016497444 0.804245770
1773838103.902125 -0.001380792 0.003192524 0.054429974 -0.005499491 0.602360427 -0.015824271 0.798048437
1773838103.935093 -0.001375889 0.003191753 0.054435372 -0.005796983 0.610236406 -0.017321523 0.792008758
1773838103.973797 -0.001374914 0.003190342 0.054430570 -0.006016643 0.617822111 -0.017818872 0.786092937
1773838104.002251 -0.001390981 0.003191172 0.054427743 -0.005721911 0.626198947 -0.015888352 0.779480398
1773838104.040679 -0.001413405 0.003204509 0.054518063 -0.006085431 0.634791136 -0.019654771 0.772409737
1773838104.068858 -0.001474279 0.003159758 0.054512341 -0.006151304 0.643231928 -0.019454813 0.765399456
1773838104.100988 -0.001420226 0.003185998 0.054577146 -0.006505439 0.651036561 -0.020791423 0.758733630
1773838104.139268 -0.001404047 0.003179776 0.054578375 -0.007397815 0.658287942 -0.018757366 0.752496064
1773838104.168055 -0.001378033 0.003218954 0.054598808 -0.006016294 0.665009081 -0.022572028 0.746469855
1773838104.206354 -0.001392925 0.003200231 0.054603390 -0.006476259 0.671939433 -0.019831432 0.740312159
1773838104.234537 -0.001380894 0.003206012 0.054635923 -0.007007740 0.678266287 -0.021669116 0.734463155
1773838104.267809 -0.001401494 0.003183597 0.054673061 -0.006970820 0.685182631 -0.022014961 0.728005230
1773838104.306998 -0.001399481 0.003193848 0.054642413 -0.006237380 0.691668689 -0.021520225 0.721867323
1773838104.334065 -0.001379614 0.003192220 0.054655220 -0.005945602 0.697660089 -0.022021528 0.716065705
1773838104.373330 -0.001392821 0.003196086 0.054643571 -0.006447546 0.704410732 -0.021377079 0.709441304
1773838104.401522 -0.001388124 0.003192502 0.054645389 -0.006840982 0.710982144 -0.022674426 0.702811122
1773838104.434812 -0.001387319 0.003183107 0.054664876 -0.006692220 0.717865229 -0.022745790 0.695778251
1773838104.473413 -0.001375225 0.003190196 0.054680042 -0.006961603 0.724386752 -0.022686703 0.688985288
1773838104.501750 -0.001347473 0.003184192 0.054699380 -0.006925904 0.730974853 -0.021899261 0.682017744
1773838104.535944 -0.001395688 0.003132298 0.054673720 -0.007583162 0.737328768 -0.023782266 0.675072730
1773838104.573013 -0.001373629 0.003218269 0.054657623 -0.005651501 0.743984401 -0.023755239 0.667750657
1773838104.602323 -0.001359612 0.003164713 0.054631528 -0.007035875 0.750649095 -0.022391845 0.660284042
1773838104.640155 -0.001357575 0.003174813 0.054665420 -0.006897083 0.757639229 -0.023972461 0.652196705
1773838104.668593 -0.001356229 0.003172260 0.054634791 -0.006397347 0.763730764 -0.023397205 0.645079017
1773838104.701751 -0.001362603 0.003168045 0.054633260 -0.006651788 0.769713938 -0.024470339 0.637885034
1773838104.740472 -0.001348229 0.003166415 0.054626003 -0.007039245 0.775100350 -0.024351833 0.631329417
1773838104.768498 -0.001357129 0.003164606 0.054642610 -0.007712818 0.780752063 -0.025755014 0.624262273
1773838104.808340 -0.001360788 0.003161957 0.054647453 -0.007364242 0.786037445 -0.024630636 0.617644072
1773838104.836007 -0.001359935 0.003160686 0.054636747 -0.007326637 0.790331900 -0.024754871 0.612134755
1773838104.868858 -0.001334631 0.003155305 0.054651387 -0.007445839 0.794367969 -0.025464682 0.606857181
1773838104.907265 -0.001344910 0.003164380 0.054647394 -0.007327968 0.798138976 -0.025780967 0.601876974
1773838104.935206 -0.001431183 0.003169568 0.054610733 -0.006436171 0.801786244 -0.024579706 0.597070575
1773838104.974171 -0.001329551 0.003161283 0.054649118 -0.007687464 0.805827379 -0.026664549 0.591499925
1773838105.002261 -0.001398951 0.003175260 0.054618184 -0.006641632 0.809971273 -0.026255177 0.585843742
1773838105.035056 -0.001459707 0.003170418 0.054600213 -0.006948862 0.814455450 -0.026014486 0.579600930
1773838105.073971 -0.001294903 0.003158211 0.054664094 -0.008533989 0.818902969 -0.027364193 0.573215723
1773838105.103215 -0.001260417 0.003109524 0.054586109 -0.009285054 0.822612107 -0.025588255 0.567951083
1773838105.141319 -0.001308748 0.003161044 0.054616392 -0.007893559 0.827018917 -0.026527068 0.561492324
1773838105.169913 -0.001332866 0.003053961 0.054617975 -0.010143711 0.830537558 -0.026733961 0.556228042
1773838105.201915 -0.001281502 0.003139763 0.054645997 -0.008474744 0.833940744 -0.027039491 0.551126003
1773838105.240754 -0.001196869 0.003178916 0.054665204 -0.008985182 0.837145388 -0.028175473 0.546180427
1773838105.270058 -0.001213178 0.003180691 0.054669894 -0.008941976 0.839958251 -0.028245034 0.541841805
