1773839174.877669 -0.000906977 0.000309914 0.007312414 0.005348640 -0.013998924 0.003226436 0.999882519
1773839174.909989 -0.000927102 0.000023649 0.007657788 0.004539628 -0.016122906 0.003781994 0.999852538
1773839174.943915 -0.004140598 0.001931099 0.042211663 0.004710504 -0.019588029 0.009860379 0.999748409
1773839174.976254 -0.004188990 0.002048348 0.042821739 0.005905929 -0.021759680 0.004807453 0.999734223
1773839175.009597 -0.004104367 0.002146347 0.043226968 0.004949762 -0.021306930 -0.002807845 0.999756813
1773839175.044368 -0.003960935 0.001802531 0.042868607 0.008631119 -0.020814393 0.007311989 0.999719381
1773839175.076507 -0.004249066 0.001873040 0.044471089 0.003299761 -0.019244637 0.003948437 0.999801576
1773839175.109977 -0.001088089 0.000342012 0.008180172 0.004182876 -0.015225485 0.004374158 0.999865770
1773839175.144020 -0.004534637 0.001749831 0.043783750 0.002384792 -0.014115471 0.004637972 0.999886751
1773839175.176542 -0.004517575 0.001862416 0.044136573 0.002963187 -0.012352539 0.004854818 0.999907494
1773839175.211160 -0.004999608 0.002300606 0.047308572 0.004296979 -0.010878684 0.004503074 0.999921441
1773839175.243809 -0.004875491 0.001697395 0.045575865 0.002518125 -0.010018316 0.004584364 0.999936104
1773839175.277845 -0.005178945 0.001910823 0.045886405 0.002812053 -0.010274042 0.004325505 0.999933898
1773839175.310824 -0.001177721 0.000380857 0.009022805 0.002344286 -0.010154355 0.004764206 0.999934316
1773839175.342992 -0.000525310 0.000479140 0.010450318 0.001183981 -0.011953573 0.005413568 0.999913216
1773839175.379218 -0.004918325 0.001998450 0.047738772 0.000910910 -0.013466931 0.005771332 0.999892235
1773839175.411602 -0.005074527 0.001935210 0.048349630 0.001495923 -0.014799177 0.006682795 0.999867022
1773839175.446472 -0.004922720 0.002022203 0.048745014 0.000346915 -0.015545252 0.005553359 0.999863684
1773839175.476163 -0.005014620 0.001921432 0.049212135 0.001274913 -0.016151154 0.005829685 0.999851763
1773839175.510841 -0.005093527 0.001823375 0.049691096 0.001116789 -0.016682645 0.007245596 0.999833941
1773839175.545277 -0.004893067 0.002028391 0.050451085 0.000620744 -0.017008476 0.007097185 0.999829948
1773839175.576429 -0.004956234 0.001934542 0.050914466 0.000311144 -0.016555412 0.007283642 0.999836385
1773839175.610250 -0.005045287 0.001814729 0.051479261 -0.000696728 -0.015890619 0.007467282 0.999845624
1773839175.644422 -0.005042208 0.001923365 0.052607872 -0.001673001 -0.015299985 0.007284472 0.999854982
1773839175.676890 -0.005157132 0.001787965 0.053104915 -0.001237946 -0.014514617 0.007593020 0.999865055
1773839175.710656 -0.005193744 0.001903641 0.053426918 -0.002312283 -0.013883961 0.008011173 0.999868810
1773839175.744509 -0.004823454 0.002679057 0.054512545 -0.000887905 -0.013924653 0.008050196 0.999870241
1773839175.778293 -0.004872517 0.002323669 0.055190191 -0.001394180 -0.013449341 0.007463518 0.999880731
1773839175.810737 -0.005021553 0.002227335 0.055690076 -0.001576413 -0.012743177 0.007484258 0.999889553
1773839175.844445 -0.005124178 0.002159381 0.056358464 -0.001601588 -0.012097017 0.007390033 0.999898255
1773839175.879202 -0.005318672 0.002162312 0.056948379 -0.001843333 -0.011182498 0.005072994 0.999922872
1773839175.910850 -0.005152846 0.002326495 0.058694620 -0.002370247 -0.011152382 0.006920664 0.999911070
1773839175.943959 -0.005248506 0.002198290 0.059243191 -0.001642378 -0.010383773 0.007037738 0.999919951
1773839175.977445 -0.005105178 0.002192265 0.059212603 -0.008200303 -0.010292716 0.007798761 0.999882996
1773839176.010381 -0.005135458 0.002248331 0.060153931 -0.010169904 -0.011036397 0.009616619 0.999841154
1773839176.045940 -0.005140915 0.002252392 0.059003297 -0.011255741 -0.011124579 0.008596619 0.999837816
1773839176.077378 -0.005174865 0.002315810 0.059235211 -0.007275871 -0.012916198 0.009841033 0.999841690
1773839176.112641 -0.002688986 0.001587083 0.031976588 -0.003337273 -0.013992940 0.004805671 0.999884963
1773839176.145313 -0.002741811 0.001597945 0.032262411 -0.001328145 -0.016120916 0.008519812 0.999832869
1773839176.177380 -0.002447592 0.001422771 0.032169566 -0.001406563 -0.018561868 0.005477170 0.999811709
1773839176.211322 -0.002430082 0.001456427 0.032829467 -0.001050193 -0.020234238 0.006090784 0.999776125
1773839176.244467 -0.002591177 0.001347780 0.033470541 -0.001807785 -0.020897159 0.006327036 0.999759972
1773839176.279685 -0.002700352 0.001637314 0.034128066 -0.002154895 -0.020082014 0.007506300 0.999767840
1773839176.311561 -0.002820441 0.001622146 0.034465052 -0.003361336 -0.018554842 0.007627720 0.999793112
1773839176.345302 -0.002417017 0.001575901 0.033122912 -0.005212989 -0.016679533 0.007724628 0.999817431
1773839176.377499 -0.002505798 0.001626917 0.033572011 -0.004985693 -0.013990953 0.008579346 0.999852896
1773839176.413183 -0.002590862 0.001581779 0.034113117 -0.003705803 -0.011492521 0.008119152 0.999894142
1773839176.445673 -0.002905228 0.001527527 0.036866028 -0.003545069 -0.008927433 0.006842919 0.999930441
1773839176.478601 -0.003092716 0.001700684 0.037462000 -0.004591319 -0.007157904 0.006982795 0.999939442
1773839176.512515 -0.003038668 0.001860960 0.038087439 -0.004221123 -0.006064012 0.007288083 0.999946117
1773839176.544682 -0.001434321 0.000655041 0.013965107 -0.005168332 -0.004977505 0.007660431 0.999944925
1773839176.577676 -0.001341002 0.000686474 0.014533140 -0.005332775 -0.004560104 0.008127577 0.999942362
1773839176.613596 -0.001584873 0.000689211 0.015089074 -0.005318433 -0.004431115 0.007446561 0.999948323
1773839176.647166 -0.001794481 0.000640287 0.015349806 -0.005170096 -0.004702792 0.007207030 0.999949574
1773839176.679426 -0.001573478 0.000632081 0.016122973 -0.005341928 -0.005886964 0.007841175 0.999937654
1773839176.712401 -0.003501542 0.002072274 0.040987790 -0.005402631 -0.007300890 0.008308115 0.999924242
1773839176.746223 -0.003337678 0.002140272 0.041693043 -0.006336174 -0.009386549 0.009054794 0.999894857
1773839176.779207 -0.003564613 0.002208657 0.042022716 -0.005392292 -0.011286706 0.008431274 0.999886215
1773839176.812548 -0.003412955 0.002031650 0.042508930 -0.005383682 -0.013069608 0.008893310 0.999860525
1773839176.845567 -0.003672884 0.002172823 0.042577777 -0.006451081 -0.013594232 0.009291221 0.999843597
1773839176.881295 -0.003629900 0.002225422 0.043158378 -0.005056442 -0.014135948 0.008770265 0.999848843
1773839176.911614 -0.003651239 0.002015055 0.043822620 -0.005456876 -0.014067169 0.009187683 0.999843955
1773839176.945603 -0.003649303 0.002098237 0.044492915 -0.004296053 -0.013410095 0.008560955 0.999864221
1773839176.979600 -0.003374657 0.002201485 0.045395859 -0.005847876 -0.012717863 0.008676617 0.999864399
1773839177.013088 -0.004098197 0.002288905 0.045736730 -0.004867196 -0.011022709 0.008385185 0.999892235
1773839177.047794 -0.004002218 0.002263021 0.045923438 -0.003787400 -0.010391185 0.008302931 0.999904335
1773839177.079984 -0.003905172 0.002354056 0.046522159 -0.005901089 -0.010247611 0.009781821 0.999882221
1773839177.114064 -0.003709668 0.002332639 0.047196925 -0.003655815 -0.010999348 0.009031333 0.999892056
1773839177.146948 -0.003947887 0.002331693 0.047191788 -0.005002856 -0.012152146 0.010476732 0.999858737
1773839177.179913 -0.003854473 0.002323705 0.047930174 -0.004930474 -0.014092561 0.010077099 0.999837756
1773839177.214470 -0.004123721 0.002421501 0.048415557 -0.004280015 -0.015636593 0.010145353 0.999817133
1773839177.245835 -0.004223012 0.002409856 0.049095113 -0.004677914 -0.016843656 0.010179106 0.999795377
1773839177.280542 -0.004001408 0.002336400 0.049512718 -0.003853892 -0.018334255 0.009790577 0.999776542
1773839177.312625 -0.004149059 0.002225871 0.049836006 -0.004293076 -0.019014606 0.010301508 0.999756932
1773839177.345791 -0.004133462 0.002399941 0.050641015 -0.003439846 -0.019769341 0.009576419 0.999752760
1773839177.380895 -0.004308052 0.002547133 0.051249661 -0.002276099 -0.019832408 0.008955520 0.999760628
1773839177.411839 -0.004090040 0.002118585 0.044465233 -0.003262488 -0.019632045 0.009425931 0.999757528
1773839177.445979 -0.004207622 0.002136345 0.045246065 -0.001909060 -0.019422742 0.009019718 0.999768853
1773839177.480244 -0.004067405 0.002244235 0.045871850 -0.001627651 -0.019021578 0.009286459 0.999774575
1773839177.512029 -0.004228757 0.002356806 0.046604257 -0.001766048 -0.018325729 0.008389375 0.999795318
1773839177.549523 -0.004161180 0.002263795 0.047097310 -0.001801992 -0.017633958 0.008071710 0.999810278
1773839177.579293 -0.004344377 0.002443951 0.047722191 -0.001561013 -0.016995458 0.008224688 0.999820530
1773839177.612732 -0.004214468 0.002556761 0.048285220 0.000597478 -0.016816197 0.007548136 0.999829948
1773839177.647488 -0.004421207 0.002450009 0.048681181 -0.001376290 -0.016702909 0.008304670 0.999825060
1773839177.679295 -0.004229520 0.002486043 0.049469694 -0.000382077 -0.016948322 0.008314673 0.999821723
1773839177.714318 -0.004274997 0.002624675 0.050089631 0.000747163 -0.016936813 0.008166881 0.999822915
1773839177.747216 -0.004574477 0.002563660 0.050349787 -0.000072234 -0.016803894 0.007769644 0.999828577
1773839177.779469 -0.004609423 0.002689538 0.050854195 -0.000319224 -0.017187685 0.007460369 0.999824345
1773839177.813774 -0.004324864 0.002495250 0.049384478 -0.000265687 -0.017999949 0.008019360 0.999805808
1773839177.845974 -0.004327985 0.002380289 0.049945053 0.000747153 -0.018424841 0.007581637 0.999801219
1773839177.879242 -0.004643839 0.002425777 0.050461892 -0.000462650 -0.018228065 0.007729567 0.999803841
1773839177.912819 -0.004527873 0.002662692 0.051431771 0.000450112 -0.018508414 0.006055335 0.999810278
1773839177.947665 -0.004461360 0.002730385 0.052003451 -0.000647408 -0.018683221 0.006434113 0.999804556
1773839177.980501 -0.004529180 0.002705427 0.052623093 -0.000892261 -0.018700102 0.006788262 0.999801695
1773839178.012297 -0.004707223 0.002777403 0.053130805 -0.001172520 -0.018660856 0.006531747 0.999803841
1773839178.047453 -0.004654200 0.002837605 0.053759679 -0.000666393 -0.018634530 0.006761563 0.999803305
1773839178.080406 -0.004748536 0.002888652 0.054371335 -0.000347764 -0.018527733 0.006643566 0.999806225
1773839178.114033 -0.005024050 0.003095729 0.055056136 -0.001631674 -0.018226888 0.006507689 0.999811351
1773839178.146703 -0.005093193 0.002896893 0.055566467 -0.001858583 -0.018597074 0.006325203 0.999805331
1773839178.180923 -0.005062323 0.002877324 0.056161296 -0.003417109 -0.018830890 0.006139192 0.999798000
1773839178.214514 -0.005336603 0.002907076 0.056695323 -0.002482048 -0.018877743 0.005736918 0.999802232
1773839178.247677 -0.005328312 0.003072667 0.057341851 -0.003597415 -0.019240115 0.005919295 0.999790907
1773839178.280832 -0.002155570 0.001082498 0.021367261 -0.004016995 -0.020221194 0.005947272 0.999769747
1773839178.313510 -0.002014312 0.001119072 0.022117447 -0.002353848 -0.021947308 0.005667512 0.999740303
1773839178.347605 -0.002216588 0.001085508 0.022437228 -0.003960424 -0.023209879 0.006714363 0.999700189
1773839178.381541 -0.002308313 0.001322936 0.023188893 -0.003705535 -0.024535306 0.005886080 0.999674797
1773839178.414983 -0.002397259 0.001221307 0.023794141 -0.004670220 -0.024960415 0.005005275 0.999665022
1773839178.447503 -0.002519406 0.001296330 0.024390975 -0.005553264 -0.024851127 0.004790080 0.999664247
1773839178.480439 -0.002649048 0.001402515 0.024771839 -0.004771185 -0.024713721 0.004406043 0.999673486
1773839178.513033 -0.002809559 0.001252768 0.025366057 -0.004936521 -0.023982128 0.005077798 0.999687314
1773839178.548077 -0.002837686 0.001261275 0.025884191 -0.004573672 -0.022987887 0.005365270 0.999710917
1773839178.582116 -0.003035397 0.001436792 0.026375353 -0.003291641 -0.021655006 0.004395676 0.999750435
1773839178.615891 -0.002882021 0.001259629 0.027107449 -0.004510615 -0.020573419 0.005587980 0.999762535
1773839178.649420 -0.003302166 0.001321423 0.027362827 -0.004403922 -0.018848728 0.004435692 0.999802828
1773839178.681154 -0.003113986 0.001367528 0.028100492 -0.005076032 -0.017799795 0.004340619 0.999819279
1773839178.715670 -0.003092298 0.001328112 0.028789077 -0.004922470 -0.016778655 0.004489380 0.999837041
1773839178.747005 -0.003150147 0.001471929 0.029500257 -0.003449358 -0.016162280 0.003807744 0.999856174
1773839178.782702 -0.003353741 0.001448212 0.030033225 -0.003582565 -0.015423299 0.004360395 0.999865115
1773839178.816278 -0.003182022 0.001401472 0.030663256 -0.002923814 -0.014952435 0.004273320 0.999874771
1773839178.848842 -0.003529764 0.001387291 0.031061295 -0.002941140 -0.013760716 0.003727600 0.999894023
1773839178.882230 -0.003439935 0.001479107 0.031662896 -0.003264733 -0.012966702 0.004088311 0.999902248
1773839178.914652 -0.003250051 0.001519003 0.032351639 -0.003039091 -0.012659159 0.004148707 0.999906659
1773839178.947358 -0.003243636 0.001520928 0.033167478 -0.001287623 -0.012311815 0.003646209 0.999916732
1773839178.981801 -0.002555689 0.001235780 0.024514209 -0.001465776 -0.011084600 0.003352973 0.999931872
1773839179.015445 -0.002685381 0.001122302 0.024901930 -0.001044687 -0.010583189 0.003312295 0.999937952
1773839179.049424 -0.002875087 0.001235111 0.025414282 -0.001151109 -0.010398254 0.003632573 0.999938726
1773839179.081681 -0.002661810 0.001311765 0.026051706 0.000062459 -0.010766285 0.003803020 0.999934793
1773839179.114454 -0.002539949 0.001335681 0.026545575 -0.000367332 -0.010976704 0.004244222 0.999930680
1773839179.148385 -0.002641555 0.001305659 0.026880480 0.000241879 -0.011183187 0.004317142 0.999928117
1773839179.183454 -0.002792138 0.001292138 0.027301671 0.000428753 -0.011183764 0.003823877 0.999930084
1773839179.216192 -0.003068453 0.001376989 0.028028740 0.000826859 -0.011120079 0.003675583 0.999931097
1773839179.247482 -0.002548029 0.001306107 0.028898077 0.000254931 -0.012044116 0.004767820 0.999916017
1773839179.282145 -0.002729673 0.001354609 0.029480420 0.000669342 -0.012311737 0.003899455 0.999916375
1773839179.315279 -0.002524781 0.001327774 0.030086519 0.000677674 -0.012758263 0.004393093 0.999908686
1773839179.349308 -0.002877607 0.001206053 0.030350739 0.000161234 -0.012491383 0.004314455 0.999912679
1773839179.382783 -0.002868652 0.001313525 0.031088427 0.000139882 -0.012514524 0.004082092 0.999913335
1773839179.417091 -0.002671260 0.001333318 0.026281411 0.001400383 -0.012266615 0.003821949 0.999916494
1773839179.448102 -0.002639244 0.001286705 0.026798479 0.001129682 -0.012544298 0.003971981 0.999912798
1773839179.482451 -0.002510132 0.001310846 0.027526656 0.001383718 -0.012554228 0.003760838 0.999913156
1773839179.517278 -0.002512793 0.001403825 0.028217923 0.001858687 -0.015725121 0.002399502 0.999871731
1773839179.549169 -0.002278112 0.001572607 0.028603604 -0.001337402 -0.022639364 0.009950210 0.999693274
1773839179.582458 -0.002505507 0.001552479 0.028812885 -0.002540597 -0.028657837 0.009375516 0.999542117
1773839179.616585 -0.002582513 0.001516147 0.029032651 0.004082315 -0.033377908 0.005355541 0.999420106
1773839179.648170 -0.003384997 0.001529555 0.029064439 0.012608577 -0.035484727 -0.011015756 0.999229968
1773839179.683018 -0.003244359 0.001471260 0.029392529 0.021583052 -0.036112674 -0.018320153 0.998946607
1773839179.714785 -0.003022443 0.001362374 0.030233374 0.005536077 -0.033147480 -0.002429346 0.999432147
1773839179.749616 -0.002982936 0.001622759 0.031140877 -0.004032455 -0.030019948 0.010843186 0.999482334
1773839179.783529 -0.002883700 0.001634693 0.031686205 -0.001245191 -0.026884163 0.002936219 0.999633491
1773839179.816293 -0.003267135 0.001626145 0.031853270 0.004245443 -0.022738189 0.002666528 0.999728858
1773839179.849980 -0.003406809 0.001630857 0.032224812 0.001981413 -0.018175304 0.004009480 0.999824822
1773839179.883365 -0.003343576 0.001671608 0.032629311 0.001922320 -0.014520898 0.003249384 0.999887407
1773839179.916547 -0.003310511 0.001794472 0.033400055 0.001738246 -0.011704090 0.003077844 0.999925256
1773839179.950029 -0.003345985 0.001839821 0.033758882 0.002191924 -0.009912822 0.002398194 0.999945581
1773839179.982425 -0.003417580 0.001619097 0.034391433 0.001060930 -0.008680297 0.003313977 0.999956250
1773839180.015693 -0.003465949 0.001665635 0.034734052 0.001783791 -0.007975473 0.003086392 0.999961853
1773839180.049687 -0.003526314 0.001781377 0.035165764 0.001209542 -0.007538554 0.002532796 0.999967635
1773839180.082090 -0.003418584 0.001807047 0.035632208 0.001180951 -0.007630219 0.003295296 0.999964774
1773839180.116365 -0.003368139 0.001841781 0.036120649 0.001068385 -0.008033809 0.003366464 0.999961495
1773839180.150177 -0.003721266 0.001720177 0.036551233 0.001501510 -0.008155398 0.002644098 0.999962091
1773839180.185269 -0.003608893 0.001930685 0.037071675 0.000381819 -0.009093429 0.004095745 0.999950171
1773839180.216428 -0.003514004 0.001782250 0.037049331 0.001786641 -0.009828350 0.003281270 0.999944687
1773839180.250254 -0.003442231 0.001997104 0.037715953 -0.000094029 -0.011106110 0.004909238 0.999926269
1773839180.283492 -0.003560479 0.001935320 0.037926976 0.001319759 -0.011792080 0.003357804 0.999923944
1773839180.316950 -0.003551451 0.001871221 0.038650945 -0.000203301 -0.012317217 0.004447795 0.999914229
1773839180.350823 -0.003451149 0.001975044 0.039041899 0.000256141 -0.012522036 0.004190073 0.999912798
1773839180.384692 -0.003708889 0.001957324 0.039314389 -0.000024880 -0.012014458 0.004377517 0.999918222
1773839180.418381 -0.003676531 0.002074480 0.039741825 0.000056546 -0.011356543 0.004476594 0.999925494
1773839180.451440 -0.003468600 0.002146390 0.040373467 0.000276105 -0.011057053 0.004032321 0.999930680
1773839180.483787 -0.003620780 0.002107221 0.040880851 0.000312760 -0.009940276 0.004168865 0.999941826
1773839180.518896 -0.003627267 0.002197640 0.041450065 0.000850830 -0.009478679 0.003451052 0.999948740
1773839180.551093 -0.003616292 0.002227874 0.041873597 -0.003300027 -0.010570299 0.005841801 0.999921620
1773839180.583678 -0.004005972 0.001888274 0.041964639 -0.008942031 -0.010155728 0.003270540 0.999903083
1773839180.615842 -0.003906398 0.001912564 0.042264782 0.002787803 -0.012612996 0.004299184 0.999907255
1773839180.649858 -0.003811643 0.002053159 0.042842399 -0.000609205 -0.013341685 0.002906023 0.999906540
1773839180.684063 -0.003286164 0.002221218 0.044071466 -0.002539651 -0.014175511 0.003906982 0.999888659
1773839180.717698 -0.004069576 0.002019962 0.043841351 -0.001185454 -0.013301047 0.003333841 0.999905229
1773839180.750641 -0.003358466 0.001673003 0.033520143 -0.000347217 -0.012911817 0.002812779 0.999912620
1773839180.783703 -0.003468614 0.001665573 0.033902522 -0.000212039 -0.012230492 0.003352514 0.999919534
1773839180.816993 -0.003472813 0.001771796 0.034488000 0.000627409 -0.011646213 0.002824373 0.999927998
1773839180.852186 -0.003509585 0.001645532 0.034771010 -0.001456801 -0.010999151 0.003334339 0.999932885
1773839180.883054 -0.003459537 0.001956119 0.035420813 0.000682301 -0.010696677 0.002454844 0.999939561
1773839180.918043 -0.003328635 0.002006707 0.035915568 0.000669981 -0.010473656 0.002515564 0.999941766
1773839180.951989 -0.003460600 0.001891088 0.036255494 0.000192646 -0.009746280 0.002787954 0.999948621
1773839180.984017 -0.003497671 0.001845378 0.036767382 -0.000206043 -0.008995260 0.002654224 0.999956012
1773839181.017552 -0.003569565 0.002112713 0.037308872 0.000559640 -0.007999002 0.002252704 0.999965310
1773839181.050939 -0.003488457 0.001875746 0.037755296 -0.000192934 -0.007346690 0.002866573 0.999968886
1773839181.084611 -0.003444788 0.001987509 0.038226273 -0.000626094 -0.006670386 0.003159952 0.999972522
1773839181.117949 -0.003655085 0.001949055 0.038308039 0.001977172 -0.005849378 0.001469389 0.999979854
1773839181.150759 -0.003633281 0.001999495 0.039099533 -0.001436608 -0.005696097 0.003072316 0.999978006
1773839181.184641 -0.003551935 0.002131462 0.039628018 0.000494610 -0.006214861 0.001862138 0.999978781
1773839181.217725 -0.003553544 0.002070579 0.040281422 0.000107620 -0.006741244 0.002390956 0.999974370
1773839181.252205 -0.003728917 0.002000665 0.040522099 0.000416418 -0.007318965 0.002739831 0.999969363
1773839181.283640 -0.003608527 0.002019232 0.041036177 0.000349038 -0.008067580 0.003059917 0.999962687
1773839181.318021 -0.003881478 0.002137744 0.041474346 0.000853694 -0.008376352 0.002871571 0.999960423
1773839181.352133 -0.003604172 0.002215212 0.042012006 0.001218881 -0.009043417 0.002763522 0.999954581
1773839181.385752 -0.003888252 0.002197068 0.042313259 0.001510188 -0.009102502 0.002657343 0.999953926
1773839181.418050 -0.004011970 0.002226386 0.042802379 0.000664318 -0.009308572 0.002450705 0.999953449
1773839181.453117 -0.004024257 0.002220456 0.043115411 0.001032674 -0.009652114 0.002414006 0.999949992
1773839181.485241 -0.003977994 0.002245808 0.043725837 0.001663784 -0.010022622 0.001939068 0.999946535
1773839181.518140 -0.003907558 0.002339951 0.044354327 0.001974251 -0.010138474 0.001695743 0.999945223
1773839181.552017 -0.004034285 0.002367664 0.044622578 0.002954378 -0.009734700 0.001433895 0.999947250
1773839181.585145 -0.004425244 0.002312223 0.044981264 0.002344883 -0.009254270 0.001128910 0.999953806
1773839181.620085 -0.004440375 0.002182726 0.045011695 0.002643845 -0.009029694 0.000210903 0.999955714
1773839181.650223 -0.004500661 0.002227643 0.045439098 0.002675711 -0.009110807 0.000287434 0.999954879
1773839181.684378 -0.004621619 0.002266955 0.045784727 0.001874356 -0.009039923 0.000596752 0.999957204
1773839181.717061 -0.004593367 0.002238527 0.046133008 0.002887622 -0.009210370 -0.000057017 0.999953389
1773839181.752207 -0.004558597 0.002349080 0.045758255 0.003193967 -0.008924436 -0.000169409 0.999955058
1773839181.786192 -0.004760329 0.002453885 0.045934353 0.002401844 -0.008338262 0.000106924 0.999962389
1773839181.817671 -0.004650729 0.002430855 0.046389874 0.003479750 -0.008338186 -0.000296408 0.999959171
1773839181.852254 -0.004574824 0.002404104 0.046771880 0.002820553 -0.008036138 -0.000315022 0.999963641
1773839181.884193 -0.004624653 0.002448795 0.047189459 0.003382799 -0.008029994 -0.000287670 0.999961972
1773839181.917576 -0.004692906 0.002433434 0.047579728 0.003334790 -0.008298256 -0.000211654 0.999959946
1773839181.952100 -0.004804584 0.002429808 0.047940392 0.002925462 -0.008405678 -0.000289781 0.999960303
1773839181.984704 -0.004952656 0.002370546 0.047001813 0.003641588 -0.008998629 -0.000859059 0.999952495
1773839182.019058 -0.004784062 0.002364923 0.047647905 0.002922255 -0.011046552 0.000009131 0.999934733
1773839182.051754 -0.004908916 0.002541113 0.047955953 0.003180111 -0.013342123 0.000822268 0.999905586
1773839182.085472 -0.004845573 0.002487342 0.048303131 0.007285428 -0.015556918 0.002734721 0.999848664
1773839182.120116 -0.005262136 0.002390592 0.048313957 0.007055386 -0.016363580 -0.000325537 0.999841154
1773839182.151025 -0.005286694 0.002465132 0.048989490 0.002531431 -0.016670488 0.001164629 0.999857128
1773839182.186209 -0.005506531 0.002385419 0.049047507 0.004208894 -0.016315576 -0.001410867 0.999857068
1773839182.219537 -0.005424896 0.002412756 0.049722314 -0.000035158 -0.015786869 -0.000690791 0.999875128
1773839182.252549 -0.005560833 0.002612381 0.050031692 0.003209481 -0.015057742 -0.001830941 0.999879777
1773839182.286421 -0.005422941 0.002431935 0.050845366 0.001508482 -0.014364290 -0.001032517 0.999895155
1773839182.318759 -0.005576760 0.002615969 0.050859291 0.004821390 -0.012915412 -0.000578786 0.999904811
1773839182.352880 -0.005759756 0.002831440 0.051179249 0.004507423 -0.010713185 -0.000828296 0.999932110
1773839182.385923 -0.005765991 0.002681568 0.051620372 0.004274216 -0.008545822 -0.001400967 0.999953330
1773839182.419529 -0.005858503 0.002723876 0.051979240 0.004426199 -0.006049511 -0.002231353 0.999969423
1773839182.452713 -0.005748265 0.002717766 0.052450199 0.001840274 -0.004334967 -0.002174019 0.999986529
1773839182.485013 -0.005736478 0.002742958 0.052813217 0.001743111 -0.003138474 -0.002183432 0.999991179
1773839182.520592 -0.005703401 0.002740276 0.053243384 0.004977208 -0.002678253 -0.002620813 0.999980569
1773839182.553053 -0.005885009 0.002715365 0.053615235 0.002596929 -0.001935830 -0.002713369 0.999991059
1773839182.584615 -0.005903351 0.002639052 0.053950708 0.001802585 -0.001986079 -0.003846279 0.999989033
1773839182.619812 -0.005955218 0.002800441 0.054316271 0.001551134 -0.002393070 -0.004195395 0.999987125
1773839182.653166 -0.005898445 0.002822279 0.054686662 0.001998926 -0.003369659 -0.003563704 0.999985993
1773839182.687000 -0.006079890 0.002794788 0.054959901 0.001805143 -0.003772882 -0.003837907 0.999983907
1773839182.719430 -0.005992544 0.002702477 0.055423502 0.001285800 -0.004445910 -0.003775266 0.999982178
1773839182.753194 -0.006287025 0.002810924 0.055616237 0.001745939 -0.004429409 -0.003986052 0.999980748
1773839182.787543 -0.006111238 0.002864514 0.056228176 0.000852151 -0.005406602 -0.003344378 0.999979436
1773839182.820138 -0.006143225 0.003006546 0.056602355 0.001530167 -0.005646109 -0.003582325 0.999976456
1773839182.853539 -0.006399279 0.002811846 0.056447212 0.001027936 -0.005511612 -0.003210257 0.999979079
1773839182.886095 -0.006300874 0.002806850 0.057025794 0.000171724 -0.005552932 -0.003278529 0.999979138
1773839182.920744 -0.006466070 0.002880279 0.057256036 0.001430384 -0.005489600 -0.003248307 0.999978602
1773839182.954906 -0.006435622 0.002926772 0.057960447 0.001695581 -0.005664202 -0.002906553 0.999978244
1773839182.986341 -0.006534781 0.002919616 0.058029927 0.002274046 -0.005942880 -0.004703425 0.999968648
1773839183.020306 -0.004282559 0.002020192 0.041221488 0.000790054 -0.008729392 -0.004468744 0.999951601
1773839183.054366 -0.004184431 0.002037089 0.041778557 -0.011709177 -0.009913594 0.004651261 0.999871492
1773839183.085316 -0.004345580 0.002021695 0.042211469 -0.022703413 -0.011594830 -0.000122304 0.999674976
1773839183.120107 -0.004559500 0.002072948 0.042349443 -0.021088125 -0.014146997 0.002887046 0.999673367
1773839183.154082 -0.004640759 0.002037628 0.042567492 -0.004448555 -0.015380244 -0.002415089 0.999868870
1773839183.186776 -0.004473103 0.001996921 0.042965785 0.011261206 -0.017735932 -0.005750918 0.999762714
1773839183.219508 -0.004695935 0.002186677 0.043216843 0.002129731 -0.016387768 -0.005071871 0.999850571
1773839183.254369 -0.004697094 0.002130323 0.043531723 -0.001526681 -0.015512133 -0.000414058 0.999878407
1773839183.288275 -0.004828726 0.002086272 0.044025540 -0.001468180 -0.013963687 -0.000934091 0.999900937
1773839183.319213 -0.004855561 0.002158746 0.044424728 -0.000623168 -0.012454814 -0.000742735 0.999921918
1773839183.353059 -0.004947444 0.002142773 0.044507157 0.001274066 -0.010627083 -0.000999796 0.999942243
1773839183.387297 -0.005113919 0.002086879 0.044916943 0.002210835 -0.008429417 -0.002353171 0.999959230
1773839183.421093 -0.005089525 0.002313760 0.045485523 0.002252548 -0.005755309 -0.003482277 0.999974847
1773839183.456307 -0.005095164 0.002301287 0.045968041 0.002255277 -0.003320882 -0.002556156 0.999988675
1773839183.486741 -0.004847164 0.002199068 0.046172824 0.001535427 -0.000920231 -0.001222837 0.999997616
1773839183.520822 -0.005046913 0.002229487 0.046521310 -0.000728652 0.002141386 -0.002645506 0.999993920
1773839183.552928 -0.005044771 0.002147237 0.046737626 -0.000210273 0.004264798 -0.001181669 0.999990165
1773839183.586120 -0.005117116 0.002157621 0.046996430 -0.000129774 0.006324056 -0.002755872 0.999976218
1773839183.622137 -0.004559753 0.002154172 0.043625738 0.000486670 0.007058464 -0.001956586 0.999973059
1773839183.654424 -0.004537985 0.002029568 0.043992151 0.000499573 0.007580316 -0.001720288 0.999969661
1773839183.689164 -0.004612660 0.002144375 0.044463404 0.001791415 0.008112872 -0.001831560 0.999963760
1773839183.721209 -0.004754270 0.002173709 0.044779051 -0.000867736 0.008429908 -0.003001813 0.999959588
1773839183.754643 -0.004757751 0.002235767 0.045007672 0.001063639 0.007658235 -0.001307687 0.999969244
1773839183.787492 -0.004610969 0.002236638 0.045200102 0.000510308 0.006693738 -0.001182524 0.999976754
1773839183.820141 -0.004618459 0.002194917 0.045706928 0.001109942 0.005764545 -0.001893134 0.999980986
1773839183.855252 -0.004735386 0.002277440 0.045935977 0.001700546 0.004468598 -0.001408664 0.999987602
1773839183.887663 -0.004601448 0.002226531 0.046445902 0.001601806 0.003096266 -0.001316724 0.999993026
1773839183.921508 -0.004646706 0.002254861 0.046917986 0.000926780 0.001665613 -0.000768560 0.999997914
1773839183.955466 -0.004597012 0.002296317 0.047135293 0.001707779 0.000354900 0.000401377 0.999998391
1773839183.986857 -0.004619683 0.002261600 0.047258023 0.001724331 -0.000398185 0.000400034 0.999998391
1773839184.021874 -0.004470597 0.002268667 0.047489692 0.002262027 -0.001406478 0.000139452 0.999996424
1773839184.055055 -0.004729972 0.002316805 0.047920700 -0.000248608 0.000647729 0.000541318 0.999999642
1773839184.088238 -0.004692253 0.002219427 0.045387439 -0.004241389 0.003774827 0.000165135 0.999983847
1773839184.121080 -0.004656282 0.002236191 0.045547172 -0.003199998 0.004464608 0.001206713 0.999984205
1773839184.153180 -0.004519508 0.002197060 0.045804601 0.005675935 0.002528617 0.006273407 0.999961019
1773839184.188174 -0.004617700 0.002233310 0.046327200 0.004067298 0.001176386 0.000557107 0.999990880
1773839184.222096 -0.004844494 0.002401216 0.046571735 0.008448921 0.000106830 -0.002885226 0.999960124
1773839184.254981 -0.004710499 0.002324941 0.046832792 0.002950570 -0.001751156 0.001944574 0.999992192
1773839184.288074 -0.004668716 0.002481504 0.047290817 0.001693310 -0.003697931 0.001119912 0.999991119
1773839184.321478 -0.004810967 0.002397437 0.047352955 0.004127770 -0.005885165 0.002865039 0.999970019
1773839184.355313 -0.004656896 0.002470594 0.047682233 0.004075531 -0.007636159 0.002444401 0.999959528
1773839184.388204 -0.004820119 0.002299067 0.047801699 0.004013489 -0.008727252 0.003352696 0.999948204
1773839184.420466 -0.004990501 0.002311381 0.047991157 0.005811505 -0.009392054 0.001905056 0.999937177
1773839184.454355 -0.005000570 0.002360387 0.048358049 0.004361205 -0.009239862 0.002354912 0.999944985
1773839184.487279 -0.004970248 0.002239970 0.048535921 0.003697074 -0.006941201 0.002902495 0.999964833
1773839184.520736 -0.004847228 0.002387630 0.049099561 0.000536700 -0.004165718 0.003231070 0.999985933
1773839184.554930 -0.004899995 0.002529630 0.049184769 0.003079733 -0.002236594 0.002819434 0.999988794
1773839184.587355 -0.004695275 0.002292356 0.049456079 0.006467146 -0.001987376 0.006094189 0.999958515
1773839184.623801 -0.004763005 0.002313678 0.049674816 0.005990393 -0.000410241 0.001435214 0.999980927
1773839184.654175 -0.005030239 0.002302059 0.050015450 0.006683882 0.000608591 0.002590721 0.999974132
1773839184.688777 -0.005097929 0.002465490 0.050153635 0.007260097 0.001531826 0.001926918 0.999970615
1773839184.722206 -0.005262064 0.002468046 0.050542660 0.005767620 0.002104395 0.002107151 0.999978900
1773839184.755821 -0.005299033 0.002426680 0.050950460 0.006385346 0.002512308 0.002897367 0.999972224
1773839184.788109 -0.005115004 0.002468226 0.051321253 0.006843125 0.002459962 0.002132927 0.999971271
1773839184.822004 -0.005122426 0.002443956 0.051318176 0.006697214 0.002946617 0.002682396 0.999969602
1773839184.855963 -0.005052066 0.002485529 0.051843524 0.006524390 0.003197904 0.002419310 0.999970675
1773839184.888651 -0.005345868 0.002412278 0.051934890 0.006465415 0.004056633 0.002137079 0.999968588
1773839184.921621 -0.005274454 0.002443655 0.052329108 0.006523645 0.004487451 0.002765803 0.999964833
1773839184.955969 -0.005454848 0.002487513 0.052395597 0.006964144 0.005643755 0.001643930 0.999958456
1773839184.989104 -0.005150346 0.002479078 0.052775249 0.005583948 0.005925471 0.002140115 0.999964535
1773839185.023878 -0.005357859 0.002396425 0.053165819 0.006374352 0.006801354 0.003562515 0.999950171
1773839185.056905 -0.005274999 0.002402559 0.053525344 0.006289069 0.007654941 0.002555165 0.999947667
1773839185.088934 -0.005303462 0.002553040 0.053844247 0.005797733 0.008971584 0.002298108 0.999940276
1773839185.121778 -0.005554865 0.002343275 0.053852081 0.005334392 0.010472006 0.002171822 0.999928594
1773839185.156386 -0.004975037 0.002363870 0.049080975 0.005369166 0.010646307 0.002020354 0.999926865
1773839185.189909 -0.004944490 0.002388400 0.049447469 0.005251071 0.011289940 0.002511464 0.999919355
1773839185.221947 -0.005104545 0.002237352 0.049532086 0.005276007 0.012136010 0.002387744 0.999909580
1773839185.254625 -0.005166676 0.002275584 0.049824513 0.004207057 0.012767122 0.002543940 0.999906421
1773839185.288939 -0.005285188 0.002183995 0.050058220 0.003951261 0.013130651 0.002401736 0.999903083
1773839185.322148 -0.005061371 0.002459041 0.050667159 0.004459701 0.012733349 0.002495854 0.999905884
1773839185.356534 -0.004969480 0.002430559 0.050969604 0.004155043 0.012256355 0.002866738 0.999912143
1773839185.388996 -0.005095873 0.002515123 0.051187795 0.004438457 0.011943580 0.002617780 0.999915421
1773839185.422616 -0.005138632 0.002460943 0.051490609 0.003749386 0.011259593 0.002885388 0.999925435
1773839185.457193 -0.005230626 0.002528262 0.051750321 0.002979644 0.010852295 0.002677622 0.999933064
1773839185.489614 -0.005123165 0.002445064 0.051846888 0.002822703 0.010143530 0.003326712 0.999939024
1773839185.523492 -0.005223313 0.002409969 0.052064266 0.003635158 0.009595898 0.002527738 0.999944150
1773839185.556506 -0.005172732 0.002452133 0.052426483 0.002857978 0.008878157 0.003695413 0.999949694
1773839185.589003 -0.005179174 0.002350821 0.052615922 0.002409563 0.008401724 0.002944178 0.999957502
1773839185.626438 -0.005263567 0.002431084 0.052870009 0.002285773 0.007431773 0.003362079 0.999964118
1773839185.655974 -0.005193394 0.002458369 0.053170003 0.001893698 0.006010366 0.003775519 0.999972999
1773839185.692186 -0.005271726 0.002442461 0.053387895 0.002435735 0.004619210 0.003701395 0.999979496
1773839185.723744 -0.005532586 0.002460542 0.053533494 0.002743147 0.003302933 0.003628235 0.999984205
1773839185.756582 -0.005387975 0.002532569 0.053976260 0.001796812 0.000951957 0.004104648 0.999989510
1773839185.789958 -0.005516245 0.002506432 0.054171029 0.002044630 -0.000457392 0.003658821 0.999991119
1773839185.823665 -0.005481483 0.002618357 0.054490052 0.002528243 -0.002269367 0.004362145 0.999984741
1773839185.857937 -0.005511576 0.002599252 0.054876756 0.001959776 -0.003691800 0.004632673 0.999980569
1773839185.889113 -0.005564033 0.002657350 0.055027384 0.001533035 -0.004417020 0.004748743 0.999977827
1773839185.923288 -0.005463601 0.002712756 0.055416096 0.002245036 -0.005373362 0.004092738 0.999974668
1773839185.956692 -0.005374152 0.002701590 0.055867016 0.000939082 -0.006292373 0.004641532 0.999969006
1773839185.989467 -0.005488367 0.002753938 0.055934563 0.002525175 -0.006668169 0.005000119 0.999962091
1773839186.022101 -0.005516585 0.002626456 0.056247607 0.001881638 -0.007478566 0.005523839 0.999954998
1773839186.055663 -0.005542449 0.002660248 0.056525953 0.003484153 -0.008541085 0.004500393 0.999947309
1773839186.090612 -0.005501882 0.002694299 0.056755997 0.001893983 -0.009765735 0.005011762 0.999937952
1773839186.122945 -0.005496803 0.002667991 0.057102501 0.002208610 -0.011470078 0.005145282 0.999918520
1773839186.157110 -0.005595561 0.002633239 0.057175327 0.001871131 -0.012602345 0.005397484 0.999904275
1773839186.191432 -0.005434873 0.002691972 0.057603121 0.001662698 -0.014050444 0.005859794 0.999882698
1773839186.223856 -0.005691694 0.002660431 0.057600878 0.001644018 -0.014608464 0.006398380 0.999871433
1773839186.256645 -0.005537027 0.002664285 0.057968419 0.002729726 -0.016255079 0.007056684 0.999839246
1773839186.289487 -0.005704249 0.002705348 0.058105603 0.001468410 -0.016786112 0.005497013 0.999842882
1773839186.322921 -0.005590524 0.002757107 0.058263443 0.002148333 -0.017782785 0.006120468 0.999820828
1773839186.357145 -0.005577796 0.002711309 0.058439031 0.003222937 -0.018712509 0.007162528 0.999794066
1773839186.391169 -0.005555218 0.002741807 0.058768246 0.002798620 -0.019483585 0.006548901 0.999784827
1773839186.424272 -0.005547068 0.002726848 0.058923531 0.003299724 -0.019719942 0.006708196 0.999777555
1773839186.457748 -0.005386054 0.002846502 0.059317548 0.003986751 -0.020413801 0.007473286 0.999755740
1773839186.491589 -0.005512646 0.002870765 0.059085872 0.003951504 -0.019966487 0.006256337 0.999773264
1773839186.524809 -0.005597949 0.002849788 0.059247058 0.003730926 -0.019693183 0.006435850 0.999778390
1773839186.557509 -0.005311524 0.002778078 0.059676230 0.003659855 -0.019790567 0.006892738 0.999773681
1773839186.591328 -0.005392304 0.002800666 0.059899323 0.003864307 -0.019253442 0.007641494 0.999777973
1773839186.624027 -0.005535491 0.002895302 0.060016207 0.004603023 -0.018412564 0.007065808 0.999794900
1773839186.656307 -0.005592300 0.002844763 0.059966706 0.004191276 -0.017233569 0.006241845 0.999823213
1773839186.692059 -0.005517631 0.002877310 0.060282953 0.003287920 -0.016301524 0.007481962 0.999833703
1773839186.723517 -0.005554737 0.002845637 0.060476027 0.003999956 -0.014510072 0.007428099 0.999859095
1773839186.756969 -0.005493158 0.002866858 0.060959436 0.003029800 -0.012711789 0.007292108 0.999888003
1773839186.790620 -0.005548248 0.002960248 0.061204258 0.003391085 -0.010527331 0.008115638 0.999905884
1773839186.824016 -0.005666641 0.002907644 0.060872294 0.003537175 -0.008095779 0.007323314 0.999934137
1773839186.857885 -0.005485822 0.003004811 0.061215766 0.003456229 -0.006599490 0.007448383 0.999944508
1773839186.891783 -0.005398612 0.002847152 0.061605107 0.003435333 -0.005719219 0.007722950 0.999947906
1773839186.927068 -0.005631346 0.002882596 0.061714556 0.003704896 -0.004805058 0.008491018 0.999945521
1773839186.958488 -0.005583079 0.002911401 0.062059704 0.004510795 -0.004468939 0.007926698 0.999948442
1773839186.991845 -0.005618460 0.002928474 0.062133916 0.004110068 -0.004218780 0.007835261 0.999951959
1773839187.024847 -0.005670867 0.002997901 0.062415179 0.006233216 -0.003905265 0.007507178 0.999944746
1773839187.058571 -0.005530945 0.002989565 0.062722012 0.005831969 -0.003908682 0.007663311 0.999945998
1773839187.092322 -0.005575956 0.003109748 0.063030191 0.005966468 -0.003303490 0.007533664 0.999948382
1773839187.124624 -0.005662926 0.003049200 0.063265204 0.005852966 -0.002664843 0.008230878 0.999945462
1773839187.158522 -0.005741362 0.002944318 0.063168891 0.005061839 -0.001391415 0.008792866 0.999947548
1773839187.194629 -0.006016360 0.003033916 0.063313857 0.004607626 -0.000240264 0.007578280 0.999960661
1773839187.224371 -0.005989544 0.003081227 0.063575163 0.005951467 0.000188221 0.007944500 0.999950707
1773839187.258834 -0.005909438 0.003028569 0.063901000 0.006112815 0.000503951 0.007906571 0.999949932
1773839187.292760 -0.006108509 0.002980397 0.064101405 0.006636002 0.001629134 0.008192776 0.999943137
1773839187.325558 -0.006072803 0.003026088 0.064323783 0.006670495 0.002127647 0.008340281 0.999940693
1773839187.359018 -0.006089617 0.003107481 0.064665191 0.005993211 0.002606690 0.007975698 0.999946833
1773839187.390925 -0.006127500 0.003008367 0.064929031 0.005219251 0.003024344 0.008865075 0.999942541
1773839187.423872 -0.006163108 0.003086092 0.065249771 0.005878354 0.002801595 0.008944728 0.999938786
1773839187.459848 -0.006298873 0.003036217 0.065327667 0.006383875 0.002608849 0.008433097 0.999940634
1773839187.493533 -0.006441867 0.002954719 0.065459207 0.006543294 0.002596988 0.008147077 0.999942064
1773839187.527853 -0.006420929 0.002923788 0.065752648 0.005670893 0.002594618 0.008779093 0.999942005
1773839187.558438 -0.006442497 0.002993028 0.066232063 0.004724014 0.002765189 0.008879421 0.999945581
1773839187.594849 -0.006563579 0.003007837 0.066272385 0.006301573 0.002757072 0.008545012 0.999939859
1773839187.626211 -0.006670984 0.003004887 0.066451117 0.006933573 0.002595999 0.007893944 0.999941468
1773839187.658260 -0.005775711 0.002685980 0.057641953 0.003819946 0.002242895 0.008886496 0.999950707
1773839187.692831 -0.005834889 0.002640340 0.057752606 0.005551756 0.001827952 0.008235251 0.999948978
1773839187.725804 -0.005869534 0.002571083 0.058017373 0.004860050 0.001405583 0.009191846 0.999944925
1773839187.759093 -0.005996353 0.002660086 0.058171544 0.006872924 0.001448475 0.007916297 0.999944031
1773839187.792416 -0.005961865 0.002699245 0.058527067 0.004755912 0.001124832 0.009528471 0.999942660
1773839187.825219 -0.006067747 0.002658380 0.058669612 0.006098182 0.000806126 0.008693355 0.999943316
1773839187.859574 -0.006030816 0.002601795 0.059016347 0.005205237 0.000425299 0.009071790 0.999945223
1773839187.891539 -0.006247979 0.002810954 0.059366930 0.005547336 0.000499511 0.008995652 0.999944031
1773839187.926041 -0.006105566 0.002692260 0.059557077 0.005662746 0.000005966 0.009770687 0.999936223
1773839187.958059 -0.006196329 0.002743903 0.059993077 0.005786648 0.000498937 0.009139711 0.999941349
1773839187.992744 -0.006158400 0.002837875 0.060225260 0.004849521 0.001071389 0.009242133 0.999944985
1773839188.026298 -0.006288826 0.002817952 0.060583271 0.006021635 0.001576933 0.008627309 0.999943435
1773839188.058269 -0.006412444 0.002784599 0.060683060 0.004968161 0.001927050 0.009221434 0.999943256
1773839188.093022 -0.006148136 0.002741219 0.059220068 0.005595377 0.001924731 0.007745210 0.999952495
1773839188.124632 -0.006217252 0.002827518 0.059550896 0.005417222 0.001730404 0.008437010 0.999948204
1773839188.158134 -0.006186848 0.002929016 0.059873939 0.006609503 0.001723591 0.007249441 0.999950409
1773839188.193652 -0.006383901 0.002803672 0.059762236 0.004860051 0.002720992 0.008449183 0.999948800
1773839188.225066 -0.006444546 0.002751044 0.059967447 0.007269094 0.002910834 0.006744592 0.999946594
1773839188.259826 -0.006368157 0.002788190 0.060333602 0.006082007 0.002286679 0.007595054 0.999950051
1773839188.293455 -0.006411902 0.002752390 0.060543422 0.005429524 0.001961397 0.008527111 0.999946952
1773839188.326434 -0.006486484 0.002719833 0.060749114 0.006506681 0.001315603 0.007963379 0.999946237
1773839188.364143 -0.006664265 0.002728537 0.060884796 0.005354081 0.000622565 0.008275625 0.999951243
1773839188.391764 -0.006624879 0.002792315 0.061183147 0.006395333 -0.000259191 0.007392474 0.999952197
1773839188.425514 -0.006712710 0.002817091 0.061270196 0.005587461 -0.000935888 0.007738595 0.999953985
1773839188.458079 -0.006645654 0.002805226 0.061699137 0.005303669 -0.001668631 0.007816010 0.999953985
1773839188.494916 -0.006748087 0.002898098 0.061739832 0.006479226 -0.002064888 0.007144356 0.999951303
1773839188.525927 -0.006792295 0.002839863 0.061968140 0.005409857 -0.002165307 0.007872255 0.999952018
1773839188.558603 -0.006843697 0.002928870 0.062235273 0.004717455 -0.001594174 0.007882671 0.999956489
1773839188.593145 -0.007012561 0.002922954 0.062275603 0.006814280 -0.000736422 0.006271528 0.999956846
1773839188.626853 -0.006983259 0.002931024 0.062585436 0.005009954 -0.000284529 0.007717731 0.999957621
1773839188.660271 -0.007001505 0.002951357 0.062822014 0.005375897 0.000363626 0.006107148 0.999966860
1773839188.693158 -0.007051835 0.002981910 0.063015707 0.005789168 0.000892087 0.006232162 0.999963403
1773839188.726516 -0.007100142 0.002989686 0.063320264 0.005433199 0.001376830 0.005667671 0.999968231
1773839188.760478 -0.007083041 0.002967667 0.063575372 0.004977288 0.001609311 0.006417703 0.999965727
1773839188.794532 -0.007086881 0.003000784 0.063836381 0.006185609 0.001472976 0.005979491 0.999961913
1773839188.829188 -0.007214393 0.003023856 0.064058244 0.005629606 0.001828077 0.006852136 0.999958992
1773839188.861041 -0.007085835 0.003025505 0.064324737 0.006235633 0.001468656 0.006011811 0.999961376
1773839188.892421 -0.007350606 0.002960039 0.064422168 0.006382433 0.001581184 0.006273035 0.999958694
1773839188.926655 -0.007283313 0.003072649 0.064786412 0.005628798 0.001134999 0.006257100 0.999963939
1773839188.959708 -0.007274154 0.003045504 0.065076120 0.006675810 0.000957919 0.005628551 0.999961436
1773839188.995754 -0.007367031 0.002986260 0.065131217 0.005994174 0.000942661 0.006075962 0.999963105
1773839189.026035 -0.007344332 0.002959884 0.065442756 0.005691577 0.000643366 0.006405536 0.999963045
1773839189.060581 -0.007451119 0.003010588 0.065590203 0.006341707 0.000037215 0.005893257 0.999962509
1773839189.094105 -0.007276058 0.003012481 0.065982141 0.005211404 -0.001035818 0.006784842 0.999962866
1773839189.125719 -0.007532708 0.003019788 0.066028357 0.006268062 -0.001710199 0.005784340 0.999962151
1773839189.161250 -0.007432877 0.003048732 0.066360101 0.005491496 -0.003348813 0.006060278 0.999960959
1773839189.194664 -0.007458963 0.003078286 0.066396497 0.005785122 -0.004695632 0.005836963 0.999955177
1773839189.228167 -0.007468354 0.003056755 0.066681743 0.005613310 -0.006372014 0.005592627 0.999948263
1773839189.261780 -0.007411214 0.003060097 0.066946775 0.005784890 -0.008329413 0.006312350 0.999928653
1773839189.293706 -0.007433752 0.003120354 0.067261286 0.005722891 -0.009285784 0.005585880 0.999924898
1773839189.328491 -0.007332892 0.003076706 0.067461766 0.005646102 -0.009808855 0.006487784 0.999914885
1773839189.362339 -0.007414556 0.003082989 0.067690507 0.005805318 -0.009331545 0.005228653 0.999925911
1773839189.393895 -0.007472382 0.003101239 0.067690991 0.005890197 -0.008281298 0.005778778 0.999931633
1773839189.425930 -0.007367577 0.003109832 0.068103708 0.005946075 -0.007350028 0.005055428 0.999942482
1773839189.460553 -0.007296208 0.003113698 0.068325862 0.005947915 -0.005580620 0.005204198 0.999953151
1773839189.495507 -0.007305496 0.003148970 0.068555243 0.006045151 -0.003869283 0.004969807 0.999961853
1773839189.526948 -0.007291948 0.003192120 0.068862461 0.005962279 -0.001921452 0.004720744 0.999969184
1773839189.562604 -0.007339328 0.003153491 0.069074452 0.005773038 -0.000008289 0.003819301 0.999976039
1773839189.598169 -0.007095636 0.003134919 0.067795157 0.005405528 0.000520827 0.004564277 0.999974847
1773839189.627844 -0.007151289 0.003128320 0.067924760 0.006695999 0.001153547 0.004346027 0.999967456
1773839189.662018 -0.007074075 0.003184831 0.068230957 0.004030355 0.001517997 0.004355122 0.999981284
1773839189.693548 -0.007122250 0.003100548 0.068394683 0.008337261 0.000972215 0.002751471 0.999961019
1773839189.727493 -0.007177047 0.003127995 0.068621084 0.003294999 -0.000040576 0.006573268 0.999972999
1773839189.761925 -0.007150145 0.003215788 0.068925589 0.004814246 -0.001845951 0.002560391 0.999983430
1773839189.793729 -0.006720930 0.002982805 0.065393247 0.003666892 -0.004344186 0.004421868 0.999974072
1773839189.827107 -0.006752976 0.003018950 0.065633625 0.005711535 -0.006658032 0.004432121 0.999951720
1773839189.861424 -0.006671644 0.003021963 0.065884605 0.003659939 -0.009051523 0.004863822 0.999940515
1773839189.894756 -0.006697063 0.003057148 0.066133171 0.005969666 -0.011290570 0.004844462 0.999906719
1773839189.928433 -0.006793559 0.003018257 0.066348575 0.005818072 -0.013002859 0.005014000 0.999885917
1773839189.962806 -0.006772308 0.003006565 0.066655882 0.005550936 -0.014432827 0.005343459 0.999866128
1773839189.994908 -0.006842763 0.003008249 0.066788495 0.005334007 -0.014859709 0.005511723 0.999860168
1773839190.028033 -0.006902354 0.003041252 0.066997252 0.005490898 -0.015071516 0.004812780 0.999859750
1773839190.061891 -0.006855478 0.003069527 0.067364469 0.005090086 -0.015267811 0.005012598 0.999857903
1773839190.095498 -0.006930403 0.003027098 0.067487150 0.005278985 -0.014753290 0.004565809 0.999866843
1773839190.128445 -0.006988240 0.003053616 0.067832939 0.004631878 -0.014138238 0.004922715 0.999877214
1773839190.161640 -0.007033122 0.003067274 0.068044432 0.004925456 -0.013954085 0.005270015 0.999876618
1773839190.195887 -0.006984002 0.003108299 0.068355933 0.005547314 -0.014347983 0.005584132 0.999866068
1773839190.228580 -0.006965361 0.003095133 0.068609670 0.005196564 -0.014470730 0.006178423 0.999862731
1773839190.262255 -0.006979235 0.003113064 0.068877809 0.004288038 -0.014104414 0.006396010 0.999870896
1773839190.295230 -0.006989999 0.003170299 0.069300197 0.002278861 -0.013217779 0.004253362 0.999900997
1773839190.329057 -0.007187151 0.003114825 0.069369867 0.002507094 -0.012293400 0.006197914 0.999902070
1773839190.361922 -0.007198897 0.003219895 0.069710001 0.004957006 -0.012167509 0.005882800 0.999896407
1773839190.393952 -0.007282742 0.003210672 0.069845833 0.005500720 -0.011350565 0.005697070 0.999904275
1773839190.428897 -0.007277424 0.003184839 0.070202060 0.002619094 -0.010750775 0.005518682 0.999923587
1773839190.460659 -0.007310340 0.003175633 0.070446998 0.003462253 -0.010244848 0.005562979 0.999926090
1773839190.496295 -0.007426612 0.003186575 0.070678994 0.003897527 -0.009683012 0.005202823 0.999931991
1773839190.528073 -0.007429156 0.003181815 0.070908904 0.004596435 -0.009243735 0.005737327 0.999930263
1773839190.562626 -0.007544329 0.003217591 0.071181297 0.003094985 -0.008374157 0.004909895 0.999948084
1773839190.596680 -0.007441232 0.003153253 0.071123600 0.004549238 -0.008279839 0.005102761 0.999942362
1773839190.629318 -0.007475075 0.003170792 0.071411714 0.003607984 -0.007699819 0.004275706 0.999954700
1773839190.662573 -0.007523772 0.003143799 0.071608625 0.005097990 -0.007515948 0.004977611 0.999946356
1773839190.696111 -0.007614279 0.003172532 0.071916476 0.005169141 -0.007264467 0.003495522 0.999954164
1773839190.730251 -0.007672857 0.003216711 0.072163686 0.004630402 -0.006961786 0.003597197 0.999958575
1773839190.761644 -0.007633712 0.003183049 0.072515480 0.005067135 -0.007039146 0.004328880 0.999953032
1773839190.795763 -0.007707612 0.003247354 0.072696991 0.004219744 -0.007034475 0.004382646 0.999956727
1773839190.829617 -0.007719150 0.003239064 0.072933391 0.003129164 -0.009124057 0.004757509 0.999942124
1773839190.862541 -0.007659700 0.003282580 0.073178589 0.003854562 -0.011533821 0.010320768 0.999872804
1773839190.894578 -0.007702902 0.003310510 0.073430203 0.004641490 -0.013734483 0.013098897 0.999809086
1773839190.930273 -0.007876733 0.003263375 0.073776037 0.001681922 -0.013899494 -0.005824223 0.999885023
1773839190.963024 -0.007772666 0.003300425 0.073898181 0.013976935 -0.016512502 -0.005676669 0.999749839
1773839190.996775 -0.007373532 0.003172695 0.070421614 0.013918485 -0.016237931 0.004000608 0.999763250
1773839191.028765 -0.007375452 0.003162646 0.070826665 -0.002195192 -0.014439305 0.004672293 0.999882400
1773839191.064314 -0.007851972 0.003351836 0.074888296 -0.002899318 -0.015080398 0.006937138 0.999858022
1773839191.095752 -0.007252376 0.003269296 0.071405344 0.003810261 -0.015762191 0.006216993 0.999849200
1773839191.129368 -0.007712137 0.003364519 0.075323679 0.003158425 -0.015738059 0.006062592 0.999852777
1773839191.162937 -0.007299690 0.003245408 0.071798168 0.005212026 -0.015674969 0.006187887 0.999844432
1773839191.195771 -0.007237027 0.003277440 0.072136238 0.005610069 -0.015870133 0.005928408 0.999840736
1773839191.229856 -0.007256245 0.003283557 0.072359510 0.005844748 -0.015758488 0.004957351 0.999846458
1773839191.265069 -0.007245142 0.003275853 0.072608374 0.005242859 -0.015538990 0.006516696 0.999844253
1773839191.297017 -0.007716325 0.003411660 0.075849824 0.003222252 -0.015298965 0.006058686 0.999859393
1773839191.332106 -0.007719132 0.003451700 0.076121315 0.004584760 -0.015343918 0.006454218 0.999850929
1773839191.363821 -0.007703839 0.003472440 0.076382019 0.005008004 -0.015072993 0.005966415 0.999856055
1773839191.398143 -0.007762520 0.003429597 0.076571144 0.004597067 -0.014614490 0.005790130 0.999865830
1773839191.430789 -0.007765655 0.003475635 0.076829344 0.004481143 -0.014550501 0.005803625 0.999867260
1773839191.463622 -0.007759664 0.003451089 0.077085540 0.003498721 -0.014225383 0.005432967 0.999877930
1773839191.498909 -0.007759496 0.003477917 0.077353112 0.002531745 -0.013620529 0.006291262 0.999884248
1773839191.529937 -0.007733839 0.003474438 0.077607580 0.002556229 -0.013071005 0.006850758 0.999887824
1773839191.563437 -0.007705882 0.003423863 0.077857316 0.003051071 -0.012692179 0.006712224 0.999892294
1773839191.598684 -0.007697822 0.003540527 0.078100637 0.004766261 -0.012323893 0.005759133 0.999896109
1773839191.630012 -0.007717666 0.003523279 0.078349188 0.003196683 -0.011964003 0.006018585 0.999905229
1773839191.663234 -0.007763987 0.003542860 0.078588143 0.003066326 -0.011756335 0.006415187 0.999905646
1773839191.699249 -0.007728992 0.003511033 0.078881226 0.002803364 -0.011847921 0.006699278 0.999903440
1773839191.730663 -0.007820386 0.003539859 0.079115137 0.003303123 -0.012077912 0.005769398 0.999904990
1773839191.764510 -0.007836627 0.003596771 0.079376779 0.002811527 -0.013045968 0.005711312 0.999894619
1773839191.795660 -0.007775959 0.003582682 0.079650506 -0.003019324 -0.014507387 0.008350438 0.999855340
1773839191.830418 -0.007828208 0.003595059 0.079834357 0.000569069 -0.015350351 0.006180325 0.999862909
1773839191.863091 -0.007776190 0.003628849 0.080094427 0.003472580 -0.016918909 0.008523095 0.999814510
1773839191.896819 -0.007968233 0.003647228 0.080335654 0.000885531 -0.016308758 0.005245051 0.999852836
1773839191.929976 -0.007913094 0.003621651 0.080568507 0.001398521 -0.016483789 0.006202489 0.999843895
1773839191.963961 -0.007941096 0.003675174 0.080824420 0.001559347 -0.016254481 0.006694009 0.999844253
1773839191.998123 -0.007998775 0.003675387 0.081016779 0.002740896 -0.015462365 0.005927453 0.999859095
1773839192.029651 -0.008125920 0.003609749 0.081217676 0.000290746 -0.014346947 0.005995329 0.999879062
1773839192.064480 -0.007992819 0.003603736 0.081066266 0.001386119 -0.013826130 0.006165935 0.999884427
1773839192.098473 -0.008070711 0.003650159 0.081320487 0.000834053 -0.013109921 0.006454907 0.999892890
1773839192.129641 -0.008080348 0.003643571 0.081541695 0.001087512 -0.012910893 0.006051716 0.999897718
1773839192.164648 -0.008173180 0.003592287 0.081806324 0.000171269 -0.012928242 0.005799077 0.999899566
1773839192.197474 -0.008231716 0.003624245 0.082065240 0.000160793 -0.013145370 0.005036197 0.999900937
1773839192.229708 -0.008319283 0.003619005 0.082284570 -0.000645889 -0.013235368 0.004957728 0.999899924
1773839192.263992 -0.008317376 0.003696085 0.082498461 0.000143074 -0.013805763 0.004785686 0.999893248
1773839192.298027 -0.007804124 0.003441985 0.076243803 0.000561944 -0.014127434 0.004210414 0.999891162
1773839192.331602 -0.007812616 0.003439415 0.076464854 -0.000054620 -0.014721358 0.004585585 0.999881148
1773839192.363688 -0.007896040 0.003468892 0.076684564 0.001985381 -0.015169287 0.003131771 0.999878049
1773839192.398800 -0.007917735 0.003421766 0.076961309 -0.001249821 -0.015473691 0.004669067 0.999868572
1773839192.432459 -0.007943263 0.003488437 0.077190913 0.001677516 -0.015794750 0.003780243 0.999866724
1773839192.464870 -0.007966839 0.003490475 0.077443503 0.000812159 -0.016105829 0.004068075 0.999861717
1773839192.498843 -0.007931317 0.003468273 0.077150315 -0.000479036 -0.016036434 0.003111157 0.999866426
1773839192.530565 -0.007989992 0.003475419 0.077374138 0.000118433 -0.016232463 0.003436872 0.999862313
1773839192.564758 -0.007985338 0.003482060 0.077640302 -0.000060782 -0.016850969 0.004124084 0.999849498
1773839192.597740 -0.007994667 0.003540468 0.077911578 0.000956407 -0.017216571 0.003845617 0.999843955
1773839192.630773 -0.008032401 0.003540324 0.078149639 0.000931727 -0.017514940 0.004491041 0.999836087
1773839192.666540 -0.008013544 0.003539108 0.078452304 0.000414038 -0.017995825 0.003918635 0.999830306
1773839192.699031 -0.008101566 0.003547089 0.078634627 0.001436135 -0.018145556 0.003556743 0.999827981
1773839192.731422 -0.008213853 0.003539737 0.078751929 0.001561620 -0.018314358 0.005026304 0.999818385
1773839192.765307 -0.008210189 0.003521447 0.079025239 0.002184896 -0.018803615 0.004182035 0.999812067
1773839192.799375 -0.008258127 0.003528571 0.079266801 0.000782497 -0.019124102 0.004379191 0.999807239
1773839192.833986 -0.008267110 0.003565386 0.079498671 0.000395814 -0.019883564 0.004576167 0.999791741
1773839192.864389 -0.008346279 0.003494523 0.079648398 0.001410778 -0.020583840 0.003559425 0.999780774
1773839192.898017 -0.008314051 0.003630644 0.080038920 0.000260736 -0.021644777 0.004870791 0.999753773
1773839192.931703 -0.008295292 0.003611683 0.080077372 0.001502493 -0.022677243 0.004342747 0.999732316
1773839192.964470 -0.008389683 0.003635821 0.080348477 0.001036184 -0.023376076 0.004553423 0.999715865
1773839192.997957 -0.008378686 0.003623886 0.080560371 0.000529518 -0.024246484 0.004070255 0.999697566
1773839193.032505 -0.008395001 0.003635193 0.080775648 -0.000932555 -0.024764553 0.004332238 0.999683499
1773839193.065129 -0.008394379 0.003646379 0.081078336 -0.000109983 -0.025320629 0.003954073 0.999671578
1773839193.097788 -0.008411426 0.003640500 0.081297241 0.000009914 -0.025440600 0.004189875 0.999667585
1773839193.131837 -0.008468451 0.003675607 0.081488244 0.000971618 -0.025101598 0.003353461 0.999678791
1773839193.168076 -0.008507820 0.003661908 0.081698246 0.000122931 -0.024604211 0.003204821 0.999692142
1773839193.198077 -0.008496137 0.003717683 0.081840008 0.000419346 -0.024055865 0.003634376 0.999703944
1773839193.232816 -0.008477156 0.003711826 0.082011819 -0.000027419 -0.023581259 0.004004638 0.999713898
1773839193.266132 -0.008439947 0.003768769 0.082355514 0.000440151 -0.023387976 0.004229910 0.999717414
1773839193.298096 -0.008517122 0.003706316 0.082508862 0.000484518 -0.022422988 0.003509959 0.999742270
1773839193.332104 -0.008543201 0.003724629 0.082713798 -0.000619918 -0.021406064 0.004053927 0.999762475
1773839193.365820 -0.008538837 0.003799282 0.082976289 0.000602030 -0.020575993 0.004005426 0.999780059
1773839193.400099 -0.008339280 0.003679001 0.081154108 0.000176928 -0.019599553 0.004666051 0.999796987
1773839193.431790 -0.008305672 0.003650555 0.081426129 0.000104420 -0.018991781 0.004522116 0.999809384
1773839193.465720 -0.008411597 0.003695783 0.081595138 0.000193207 -0.017648080 0.004055149 0.999836028
1773839193.501276 -0.008426379 0.003731417 0.081825271 0.000429653 -0.016702935 0.003852407 0.999852955
1773839193.533729 -0.008406395 0.003699850 0.082084782 0.000145026 -0.015922485 0.004945552 0.999861002
1773839193.567320 -0.008503995 0.003688529 0.082221791 0.000309439 -0.014943325 0.003878386 0.999880791
1773839193.600968 -0.008480717 0.003717850 0.082322240 0.000155758 -0.014145341 0.003983153 0.999891996
1773839193.632995 -0.008495695 0.003729980 0.082586713 0.000387474 -0.013337625 0.005056164 0.999898195
1773839193.666697 -0.008489846 0.003719350 0.082768321 -0.000112538 -0.012625062 0.003878827 0.999912798
1773839193.699603 -0.008407671 0.003761607 0.083072983 0.001002227 -0.012349185 0.005253333 0.999909461
1773839193.732508 -0.008605740 0.003736729 0.083152227 0.001128607 -0.010856124 0.004657701 0.999929607
1773839193.765360 -0.008618586 0.003760295 0.083333209 0.001091918 -0.009987576 0.004119209 0.999941051
1773839193.799602 -0.008589064 0.003811482 0.083587028 0.001330819 -0.009535815 0.003460933 0.999947667
1773839193.834091 -0.008605558 0.003770231 0.083661377 0.001597682 -0.008692094 0.005657236 0.999944925
1773839193.865606 -0.008641255 0.003740076 0.083837710 0.001057813 -0.007938845 0.004761083 0.999956608
1773839193.898842 -0.008580926 0.003732636 0.084047452 0.000005984 -0.007715107 0.004990268 0.999957740
1773839193.934594 -0.008641968 0.003783999 0.084286943 0.001444452 -0.007628049 0.004579587 0.999959350
1773839193.966637 -0.008666798 0.003785924 0.084422357 0.001236337 -0.007535193 0.004711479 0.999959767
1773839193.999780 -0.008699446 0.003764087 0.084640563 0.002219300 -0.007695680 0.003828124 0.999960601
1773839194.032938 -0.008671751 0.003766379 0.084890924 0.002233729 -0.008184656 0.005163267 0.999950707
1773839194.065716 -0.008807190 0.003826763 0.084955722 0.002527747 -0.008266793 0.005286601 0.999948680
1773839194.100456 -0.008771171 0.003823797 0.085207291 0.001689489 -0.009276936 0.005762585 0.999938965
1773839194.133288 -0.008818489 0.003831167 0.085279323 0.002259949 -0.009827988 0.005324695 0.999934971
1773839194.166847 -0.008830979 0.003854529 0.085425325 0.003099489 -0.010785832 0.005911994 0.999919534
1773839194.200463 -0.008841068 0.003821062 0.085604496 0.002097732 -0.012524014 0.007454374 0.999891579
1773839194.233303 -0.008824391 0.003863675 0.085864343 0.004526726 -0.014294634 0.009156408 0.999845624
1773839194.267258 -0.008924365 0.003885574 0.086030573 0.006613616 -0.016262934 -0.000893697 0.999845445
1773839194.300212 -0.008907510 0.003869349 0.086212531 0.004761387 -0.016481668 0.003724665 0.999845862
1773839194.333323 -0.008934428 0.003881870 0.086487830 -0.002239924 -0.016968004 0.007801537 0.999823093
1773839194.367184 -0.008740345 0.003825158 0.084969141 0.004238264 -0.016761096 0.006447570 0.999829769
1773839194.400604 -0.008836024 0.003850924 0.085097320 0.004712789 -0.016710795 0.005736789 0.999832809
1773839194.434685 -0.008838126 0.003848147 0.085366167 0.004343388 -0.016374746 0.005917164 0.999839008
1773839194.466372 -0.008848699 0.003877256 0.085551552 0.004114150 -0.016119465 0.006161698 0.999842644
1773839194.501484 -0.008821971 0.003873243 0.085800521 0.005045268 -0.016722949 0.005676456 0.999831319
1773839194.533960 -0.008829090 0.003876142 0.085980788 0.004732582 -0.017123066 0.006947437 0.999818027
1773839194.566164 -0.008917276 0.003876220 0.086158589 0.005752601 -0.017651519 0.006091345 0.999809086
1773839194.601423 -0.008854611 0.003884656 0.086370252 0.003866616 -0.018589979 0.006091681 0.999801159
1773839194.633013 -0.008841580 0.003887749 0.086512357 0.005502177 -0.019577505 0.006347070 0.999773026
1773839194.667323 -0.008850511 0.003890732 0.086665787 0.005708762 -0.020473594 0.006999954 0.999749601
1773839194.700258 -0.008931052 0.003869642 0.086839586 0.005871391 -0.021136738 0.006646344 0.999737263
1773839194.734321 -0.008955791 0.003889489 0.087001249 0.004860345 -0.021755582 0.007032479 0.999726772
1773839194.767420 -0.008903126 0.003920403 0.087231122 0.005905075 -0.022606956 0.006804083 0.999703825
1773839194.801858 -0.008915549 0.003893866 0.087427959 0.005898729 -0.023017162 0.006826656 0.999694347
1773839194.837033 -0.008924207 0.003935284 0.087564975 0.006405615 -0.023452299 0.007233710 0.999678254
1773839194.866965 -0.008917448 0.003928031 0.086979195 0.004368732 -0.023605874 0.006652534 0.999689639
1773839194.901734 -0.008903513 0.003924865 0.087211378 0.005403926 -0.024555441 0.006194307 0.999664664
1773839194.933172 -0.008922196 0.003921063 0.087371625 0.005981951 -0.024977380 0.007051587 0.999645233
1773839194.966846 -0.008986981 0.003960426 0.087548144 0.006399449 -0.025020817 0.005907573 0.999648988
1773839195.002136 -0.008985071 0.003954580 0.087758116 0.006150353 -0.024904327 0.006407740 0.999650359
1773839195.034391 -0.008999463 0.003996229 0.087928466 0.006172064 -0.024683826 0.006484376 0.999655247
1773839195.069803 -0.008976727 0.004012371 0.088149808 0.005802632 -0.024231985 0.006869951 0.999665916
1773839195.101069 -0.009043188 0.004040486 0.088342354 0.005017918 -0.023084704 0.005907207 0.999703467
1773839195.134654 -0.009025333 0.004026813 0.088514507 0.005511498 -0.021750724 0.006136882 0.999729395
1773839195.168996 -0.009050465 0.004045065 0.088693105 0.005643612 -0.019855045 0.006469203 0.999765992
1773839195.199841 -0.009172807 0.004047303 0.089629218 0.005956532 -0.018209245 0.005112191 0.999803364
1773839195.234963 -0.009183072 0.004043135 0.089843482 0.002452772 -0.016724680 0.007318692 0.999830306
1773839195.267918 -0.009174031 0.004016347 0.089999713 0.005677893 -0.014671189 0.005038910 0.999863565
1773839195.301048 -0.009250375 0.004036686 0.090213679 0.004253926 -0.012667144 0.005637493 0.999894857
1773839195.334863 -0.009295374 0.004050523 0.090410620 0.004892393 -0.011076903 0.005297491 0.999912620
1773839195.367630 -0.009273673 0.004040349 0.090606570 0.003718871 -0.009615500 0.004929416 0.999934733
1773839195.401466 -0.009306831 0.004128160 0.090783782 0.003815900 -0.008060869 0.004463273 0.999950290
1773839195.433414 -0.009316905 0.004076380 0.090872772 0.004370853 -0.006570157 0.005460446 0.999953926
1773839195.468583 -0.009290291 0.004082312 0.091088243 0.004424419 -0.005413841 0.004373299 0.999965966
1773839195.501821 -0.009303001 0.004091491 0.091272384 0.003212178 -0.004108727 0.004274200 0.999977291
1773839195.536031 -0.009341244 0.004128458 0.091455854 0.003161566 -0.002963881 0.004491128 0.999980509
1773839195.571227 -0.009385260 0.004111049 0.091553189 0.002865141 -0.001978010 0.004205810 0.999985099
1773839195.603316 -0.009374262 0.004127169 0.091774657 0.003530679 -0.001160583 0.003357122 0.999987483
1773839195.636818 -0.009426875 0.004129623 0.091934912 0.003224539 -0.000074210 0.003709638 0.999987900
1773839195.669482 -0.009428560 0.004137057 0.092143781 0.002354967 0.000633508 0.003834214 0.999989688
1773839195.701868 -0.009479440 0.004130304 0.092286840 0.001306572 0.001182677 0.003068041 0.999993742
1773839195.735283 -0.009479929 0.004125300 0.092451625 0.002275675 0.001410208 0.002753010 0.999992609
1773839195.768061 -0.009222186 0.004079476 0.090546347 0.001628112 0.001139080 0.003565848 0.999991655
1773839195.800702 -0.009258998 0.004050298 0.090674028 0.001482426 0.001267939 0.003207876 0.999992967
1773839195.834927 -0.009298659 0.004063616 0.090870626 0.000713573 0.001151149 0.003196681 0.999993980
1773839195.868545 -0.009329584 0.004071529 0.091035619 0.000304152 0.000849377 0.003167399 0.999994576
1773839195.902619 -0.009369132 0.004058161 0.091194257 0.001139777 -0.000208139 0.002644878 0.999995828
1773839195.934914 -0.009322526 0.004094201 0.091483012 -0.002055530 -0.005482583 0.002109869 0.999980628
1773839195.967241 -0.009352729 0.004108019 0.091667883 -0.007203544 -0.011682552 0.003354866 0.999900162
1773839196.002186 -0.009343840 0.004102882 0.091793828 -0.009020133 -0.017540159 0.004487751 0.999795377
1773839196.033895 -0.009351442 0.004068143 0.091833368 -0.006195174 -0.022116194 0.004953873 0.999723911
1773839196.069455 -0.009328676 0.004065785 0.091924585 -0.004603887 -0.024962557 0.006870591 0.999654174
1773839196.101524 -0.009391856 0.004045946 0.091913931 0.005556084 -0.026108149 0.001519964 0.999642491
1773839196.135483 -0.009369439 0.004175691 0.092131771 0.013366659 -0.027080610 -0.009147474 0.999502003
1773839196.168066 -0.009361969 0.004210740 0.092407078 0.006342996 -0.025100786 -0.002764323 0.999660969
1773839196.201989 -0.009360635 0.004198730 0.092691422 -0.009720728 -0.021961547 0.007400488 0.999684155
1773839196.236613 -0.009377172 0.004154253 0.092908815 -0.018896677 -0.020383438 0.003420199 0.999607801
1773839196.269325 -0.009343040 0.004169742 0.093100898 -0.014319013 -0.019395323 0.005426023 0.999694645
1773839196.302614 -0.009346368 0.004145270 0.093053445 0.000509617 -0.019365475 0.004354105 0.999802828
1773839196.336799 -0.009331768 0.004175663 0.093267053 -0.000780381 -0.018560395 0.002080337 0.999825239
1773839196.369363 -0.009367399 0.004217935 0.093508005 -0.003571837 -0.018142607 0.003560549 0.999822676
1773839196.403524 -0.009354861 0.004225549 0.093725093 -0.003732492 -0.018652396 0.003899415 0.999811471
1773839196.436352 -0.009376072 0.004256906 0.093878761 -0.002402374 -0.019381449 0.004704076 0.999798179
1773839196.469218 -0.009383518 0.004234591 0.094057396 -0.001293258 -0.019985616 0.003632538 0.999792814
1773839196.503472 -0.009425947 0.004236514 0.094210066 -0.003005733 -0.020234970 0.003874957 0.999783218
1773839196.535223 -0.009439228 0.004212898 0.094400518 -0.002395608 -0.020458106 0.003766426 0.999780715
1773839196.569868 -0.009416693 0.004297392 0.094659142 -0.003520691 -0.020452738 0.003838346 0.999777257
1773839196.602831 -0.009462188 0.004307398 0.094731756 -0.003087896 -0.020164557 0.003395621 0.999786139
1773839196.637770 -0.009502196 0.004271328 0.094871737 -0.003191928 -0.019721376 0.003262875 0.999795079
1773839196.669590 -0.009491410 0.004336073 0.095111541 -0.003380494 -0.019415675 0.003898121 0.999798179
1773839196.703237 -0.009537959 0.004347091 0.095273107 -0.003557947 -0.018807694 0.002503633 0.999813616
1773839196.736798 -0.009588482 0.004331379 0.095453940 -0.003794991 -0.018175308 0.002597577 0.999824226
1773839196.768770 -0.009613440 0.004362409 0.095650688 -0.004034633 -0.017671343 0.003064947 0.999831021
1773839196.801840 -0.009660523 0.004333306 0.095809624 -0.003403784 -0.016508818 0.002289366 0.999855280
1773839196.835938 -0.009687893 0.004339956 0.096038103 -0.004045167 -0.015506469 0.002604152 0.999868155
1773839196.869506 -0.009715026 0.004316527 0.095979057 -0.003887192 -0.014366984 0.002085489 0.999887049
1773839196.903391 -0.009740467 0.004317711 0.096168108 -0.005523723 -0.013133002 0.001901220 0.999896705
1773839196.935657 -0.009778441 0.004288150 0.096329972 -0.003597165 -0.011876984 0.001935640 0.999921143
1773839196.968653 -0.009843731 0.004305467 0.096548781 -0.004888796 -0.010606864 0.002025424 0.999929726
1773839197.004427 -0.009892055 0.004364078 0.096789807 -0.003049903 -0.009512234 0.001344686 0.999949157
1773839197.037052 -0.009862173 0.004371944 0.097038463 -0.003286287 -0.008622831 0.001397105 0.999956429
1773839197.070340 -0.009911724 0.004400848 0.097255513 -0.004456432 -0.007552803 0.001672438 0.999960124
1773839197.103342 -0.010021646 0.004392672 0.097377673 -0.003979164 -0.006443436 0.000938791 0.999970853
1773839197.137767 -0.010042014 0.004411652 0.097596087 -0.004036111 -0.005359561 0.000072242 0.999977469
1773839197.171239 -0.010113940 0.004362180 0.097754337 -0.005199460 -0.003818480 0.000072093 0.999979198
1773839197.203507 -0.010092356 0.004425011 0.097974919 -0.002840993 -0.002895467 0.000149010 0.999991775
1773839197.238475 -0.010118058 0.004465419 0.098242640 -0.005077557 -0.001893709 0.001343112 0.999984443
1773839197.270615 -0.010207919 0.004419630 0.098319843 -0.001806565 -0.000555980 0.000180432 0.999998152
1773839197.303984 -0.010176523 0.004436031 0.098642252 -0.004253672 0.000022664 0.000564411 0.999990821
1773839197.338247 -0.010238986 0.004461119 0.098825239 -0.003439415 0.000696459 -0.000051260 0.999993861
1773839197.371293 -0.010332045 0.004502838 0.098937601 -0.003791297 0.001266661 0.000679804 0.999991775
1773839197.404014 -0.010364627 0.004505556 0.099096619 -0.001587035 0.001611019 -0.000921805 0.999997020
1773839197.436313 -0.010383421 0.004539432 0.099373251 -0.004444062 0.001601336 0.000370788 0.999988735
1773839197.469000 -0.010458663 0.004548267 0.099510215 -0.003892652 0.001416835 -0.000186136 0.999991417
1773839197.504706 -0.010519353 0.004506786 0.099636436 -0.002687674 0.001132710 -0.000707468 0.999995470
1773839197.537573 -0.010561371 0.004543347 0.099858537 -0.002499984 0.000628937 -0.000075808 0.999996662
1773839197.571411 -0.010672922 0.004540846 0.099964380 -0.001667990 0.000082701 -0.000071349 0.999998629
1773839197.604912 -0.010604355 0.004583983 0.100232594 -0.002790831 -0.000645213 0.000448411 0.999995768
1773839197.638615 -0.010688558 0.004601903 0.100440167 -0.000726231 -0.000720936 -0.000210553 0.999999464
1773839197.671585 -0.010693143 0.004594005 0.100564688 -0.001723219 -0.000409837 0.000512749 0.999998271
1773839197.704487 -0.010749009 0.004568433 0.100741491 -0.001519277 0.000526496 -0.000120240 0.999998689
1773839197.738865 -0.010739903 0.004565923 0.101011343 -0.001789178 0.001848898 -0.000418184 0.999996603
1773839197.769537 -0.010761132 0.004629429 0.101289399 0.000296915 0.003357654 -0.001459223 0.999993265
1773839197.803732 -0.010809321 0.004638105 0.101393163 -0.000966150 0.004633672 -0.000855234 0.999988437
1773839197.838334 -0.010881762 0.004640077 0.101598464 -0.000024365 0.005881309 -0.001386013 0.999981761
1773839197.870751 -0.010878909 0.004658438 0.101797596 0.001663542 0.007087563 -0.001342856 0.999972641
1773839197.905239 -0.010917182 0.004645531 0.101958379 0.000951278 0.008171652 -0.000356987 0.999966085
1773839197.936376 -0.011028303 0.004647764 0.102094807 -0.000133450 0.009731802 -0.002175063 0.999950290
1773839197.971285 -0.011008448 0.004682780 0.102304913 -0.000415408 0.010783806 -0.002560497 0.999938488
1773839198.003135 -0.010995401 0.004667060 0.102464311 0.000599820 0.012043972 -0.000477539 0.999927163
1773839198.037339 -0.011014247 0.004684721 0.102668881 0.001893270 0.012911641 -0.003149193 0.999909878
1773839198.071190 -0.010995982 0.004719349 0.102879450 0.000842732 0.013449246 -0.001982386 0.999907196
1773839198.103193 -0.011064760 0.004742322 0.103042223 0.001464416 0.013665486 -0.001985336 0.999903560
1773839198.138268 -0.011052067 0.004697568 0.103216648 -0.000683510 0.013300121 -0.001941012 0.999909401
1773839198.173936 -0.011099702 0.004709310 0.103370175 0.002797166 0.012616494 -0.003513438 0.999910295
1773839198.204928 -0.011119061 0.004709693 0.103539176 0.001069066 0.011627676 -0.002651853 0.999928296
1773839198.239134 -0.010992041 0.004758881 0.103751250 0.000917201 0.009790887 -0.001829196 0.999949932
1773839198.271667 -0.011036947 0.004729297 0.103848577 0.001409181 0.008152956 -0.002294188 0.999963105
1773839198.304477 -0.011027456 0.004729305 0.104050733 0.001387644 0.006603967 -0.002597792 0.999973834
1773839198.336790 -0.011002961 0.004756985 0.104331054 0.001671554 0.005086633 -0.002328882 0.999982893
1773839198.370934 -0.011088445 0.004784007 0.104508325 0.001712393 0.003556828 -0.004041400 0.999984026
1773839198.405712 -0.011068185 0.004811305 0.104666911 -0.002296036 0.000140191 0.000238271 0.999997318
1773839198.437791 -0.011135159 0.004808499 0.104847439 -0.010426496 -0.002087975 -0.000382765 0.999943376
1773839198.472265 -0.011187918 0.004764047 0.105019599 -0.014667303 -0.004399744 0.001295912 0.999881923
1773839198.506121 -0.011115307 0.004791879 0.105199434 0.000339256 -0.006597846 -0.001140887 0.999977529
1773839198.537896 -0.011128254 0.004805901 0.104984619 0.013011410 -0.008853128 -0.008362832 0.999841154
1773839198.575498 -0.011132754 0.004812496 0.105200127 0.003643807 -0.008284099 -0.009260816 0.999916196
1773839198.605022 -0.011129685 0.004806655 0.105437532 -0.001933432 -0.006700691 0.003411734 0.999969840
1773839198.639463 -0.011165581 0.004818157 0.105581321 -0.002963876 -0.005826089 -0.001151568 0.999978006
1773839198.671304 -0.011242889 0.004830776 0.105656952 0.002321854 -0.004657438 -0.001577124 0.999985218
1773839198.705539 -0.011187429 0.004921631 0.106174983 0.000568811 -0.002761074 0.000167426 0.999996006
1773839198.739528 -0.011166949 0.004917091 0.106320426 0.001107964 -0.000903699 -0.001035489 0.999998391
1773839198.772245 -0.011231875 0.004874773 0.106262103 0.000520665 0.000678242 -0.000301877 0.999999583
1773839198.805318 -0.011272643 0.004900562 0.106447294 0.000171925 0.001541642 -0.000950198 0.999998331
1773839198.838513 -0.011239210 0.004880334 0.106597759 -0.000597272 0.001787458 0.000136339 0.999998212
1773839198.872318 -0.011188549 0.004862293 0.106747679 -0.000684176 0.001550891 0.000604134 0.999998331
1773839198.904889 -0.011270273 0.004934787 0.106952190 -0.000632741 0.001679954 -0.000149425 0.999998391
1773839198.938370 -0.011291970 0.004912605 0.107123666 0.000251879 0.001420083 -0.000433159 0.999998868
1773839198.971824 -0.011228995 0.004936398 0.107367195 -0.001053312 0.001267675 0.000133060 0.999998629
1773839199.006620 -0.011307530 0.004952029 0.107546411 -0.001349125 0.002115235 0.000046216 0.999996841
1773839199.039156 -0.011307986 0.004929224 0.107720912 -0.002020240 0.003029783 0.000129072 0.999993324
1773839199.072551 -0.011306795 0.004907525 0.107942767 -0.002773060 0.004521787 0.000269182 0.999985874
1773839199.104946 -0.011419232 0.004931522 0.108140118 -0.002371784 0.006225440 -0.000046855 0.999977827
1773839199.138693 -0.010869791 0.004754458 0.104388252 -0.002157585 0.007298450 -0.000629844 0.999970853
1773839199.172548 -0.010856038 0.004806557 0.104624011 -0.002410826 0.008822278 -0.001087666 0.999957561
1773839199.206072 -0.010925036 0.004819415 0.104779609 -0.003591160 0.010663811 -0.001117138 0.999936104
1773839199.239996 -0.010876561 0.004826260 0.105035305 -0.004393869 0.012096218 -0.001054830 0.999916613
1773839199.272099 -0.010938140 0.004842267 0.105234884 -0.004696664 0.013422790 -0.001239935 0.999898076
1773839199.306551 -0.010990094 0.004852619 0.105422057 -0.004852241 0.014620185 -0.002345896 0.999878585
1773839199.339225 -0.011054072 0.004858414 0.105612136 -0.005079148 0.015806189 -0.003003719 0.999857664
1773839199.372742 -0.011104494 0.004817212 0.105758980 -0.005605734 0.016413201 -0.002208589 0.999847114
1773839199.406934 -0.011024782 0.004928392 0.106075652 -0.006428404 0.016086549 -0.002915822 0.999845684
1773839199.438462 -0.011094739 0.004884524 0.106149524 -0.006317923 0.015725635 -0.002802480 0.999852419
1773839199.473230 -0.011126461 0.004836764 0.106362134 -0.007461842 0.014781326 -0.003306943 0.999857426
1773839199.506200 -0.011162068 0.004835540 0.106537193 -0.008569533 0.013424084 -0.003740573 0.999866188
1773839199.539082 -0.011124684 0.004885852 0.106720820 -0.006435988 0.011346881 -0.003147471 0.999909937
1773839199.573069 -0.011173638 0.004908448 0.106982008 -0.008708839 0.009216467 -0.002949431 0.999915242
1773839199.605070 -0.011151550 0.004904160 0.107233733 -0.007213465 0.006496232 -0.003516700 0.999946654
1773839199.640244 -0.011213407 0.004892458 0.107389763 -0.009570087 0.004169661 -0.002680128 0.999941885
1773839199.673231 -0.011209521 0.004916911 0.107568398 -0.006063560 0.001306981 -0.003476048 0.999974728
1773839199.706675 -0.011108089 0.004930304 0.107082836 -0.007868673 -0.001549693 -0.001549414 0.999966621
1773839199.740238 -0.011118949 0.004928519 0.107317582 -0.007526288 -0.003891318 -0.002639214 0.999960601
1773839199.772133 -0.011081799 0.004973600 0.107544161 -0.007234805 -0.006185101 -0.002378852 0.999951839
1773839199.807372 -0.011151468 0.004955816 0.107716322 -0.008489065 -0.008063615 -0.002123268 0.999929190
1773839199.839977 -0.011143245 0.005017809 0.107946396 -0.007263865 -0.010261207 -0.002690498 0.999917328
1773839199.873435 -0.011100847 0.004994005 0.108182743 -0.009479316 -0.012351583 -0.000487010 0.999878645
1773839199.907567 -0.011132943 0.005029799 0.108374462 -0.009042272 -0.013882004 -0.000971648 0.999862254
1773839199.940590 -0.011312741 0.005085866 0.109151930 -0.005775679 -0.014823297 -0.001255210 0.999872684
1773839199.974329 -0.011203050 0.005129392 0.109428734 -0.006965893 -0.016043436 0.000120150 0.999846995
1773839200.005818 -0.011185616 0.005094455 0.109523833 -0.005291373 -0.017041728 0.000214566 0.999840736
1773839200.039165 -0.011206171 0.005043909 0.109695517 -0.007634306 -0.017726755 0.000206438 0.999813676
1773839200.074504 -0.011195226 0.005134512 0.109951168 -0.005209882 -0.018193629 0.000260065 0.999820888
1773839200.107486 -0.011240070 0.005116172 0.110163786 -0.008072929 -0.018061090 -0.000655909 0.999804080
1773839200.139502 -0.011264237 0.005160527 0.110383540 -0.005799188 -0.017883630 -0.001893153 0.999821424
1773839200.173600 -0.011257825 0.005160796 0.110550836 -0.007035603 -0.017772531 0.000104684 0.999817312
1773839200.207711 -0.011271980 0.005124383 0.110754587 -0.004889311 -0.017422494 -0.002895254 0.999832034
1773839200.241174 -0.011345831 0.005174297 0.110943966 -0.008707361 -0.016267452 -0.002451645 0.999826729
1773839200.275517 -0.011348676 0.005142600 0.110770248 -0.007050580 -0.015925746 -0.003125418 0.999843419
1773839200.309676 -0.011424158 0.005138468 0.110921271 -0.007925149 -0.015290947 -0.004382498 0.999842048
1773839200.340075 -0.011478662 0.005128275 0.111091897 -0.007266108 -0.014980893 -0.004228223 0.999852419
1773839200.375110 -0.011387659 0.005211821 0.111371942 -0.005402164 -0.015289731 -0.003702200 0.999861658
1773839200.409130 -0.011417659 0.005194278 0.111559026 -0.005341765 -0.015340621 -0.003721150 0.999861121
1773839200.442498 -0.011421816 0.005252526 0.111767925 -0.005583990 -0.015318085 -0.004167013 0.999858379
1773839200.476042 -0.011500748 0.005200922 0.111908607 -0.006177866 -0.014370300 -0.004965564 0.999865294
1773839200.506868 -0.011495104 0.005237403 0.112167150 -0.007577552 -0.013951324 -0.005003867 0.999861419
1773839200.540732 -0.011501370 0.005215695 0.112333290 -0.007322595 -0.013150384 -0.005774118 0.999870002
1773839200.575969 -0.011540527 0.005180900 0.112483457 -0.006859365 -0.012261597 -0.005545944 0.999885917
1773839200.608737 -0.011619953 0.005246865 0.112644903 -0.005109145 -0.010976691 -0.006811226 0.999903500
1773839200.642267 -0.011599304 0.005244854 0.112911843 -0.006156352 -0.009591170 -0.006067313 0.999916613
1773839200.675261 -0.011605203 0.005255571 0.113095477 -0.005316218 -0.008353337 -0.006683928 0.999928594
1773839200.708222 -0.011639811 0.005267851 0.113237359 -0.005800012 -0.006882611 -0.006326576 0.999939501
1773839200.741309 -0.011631933 0.005309598 0.113460496 -0.004125571 -0.005675379 -0.007097753 0.999950171
1773839200.774074 -0.011716428 0.005323573 0.113546267 -0.003528235 -0.004006493 -0.006596467 0.999963999
1773839200.807820 -0.011708832 0.005359749 0.113607295 -0.004094487 -0.002591081 -0.006802023 0.999965131
1773839200.841020 -0.011721503 0.005379836 0.113813028 -0.003840519 -0.001684263 -0.008097658 0.999958396
1773839200.874779 -0.011730026 0.005378361 0.113955632 -0.003973308 -0.001044621 -0.007639626 0.999962389
1773839200.909112 -0.011770081 0.005403483 0.114120424 -0.003145306 -0.000374555 -0.007923519 0.999963582
1773839200.941373 -0.011708810 0.005409216 0.114424847 -0.003027819 -0.000897378 -0.008478968 0.999959052
1773839200.974730 -0.011719153 0.005410263 0.114622094 -0.004689219 -0.004565489 -0.008815077 0.999939740
1773839201.006712 -0.011743817 0.005397494 0.114847966 -0.014399564 -0.008602575 -0.003786693 0.999852121
1773839201.039777 -0.011834881 0.005392782 0.115044758 -0.017828777 -0.012406836 -0.005993318 0.999746084
1773839201.076979 -0.011827315 0.005425005 0.115074001 -0.018043647 -0.016353054 -0.004464187 0.999693453
1773839201.108694 -0.011888458 0.005425224 0.115109809 0.000426954 -0.019004034 -0.012411932 0.999742270
1773839201.142785 -0.011838843 0.005451822 0.115299672 0.013777206 -0.022527162 -0.009978242 0.999601483
1773839201.174840 -0.011830595 0.005504305 0.115612216 -0.003071076 -0.021567106 -0.007777701 0.999732435
1773839201.207731 -0.011900641 0.005497487 0.115858726 -0.023201719 -0.021673603 -0.004201985 0.999486983
1773839201.243015 -0.011958132 0.005476248 0.116112635 -0.031018147 -0.020982563 -0.005631079 0.999282658
1773839201.275500 -0.011956667 0.005485184 0.116186306 -0.021824846 -0.022180121 -0.004561640 0.999505341
1773839201.308498 -0.011918337 0.005506003 0.116404682 -0.008030738 -0.023239851 -0.005547158 0.999682248
1773839201.342252 -0.011866217 0.005480769 0.116036057 -0.000134528 -0.024360584 -0.008434626 0.999667645
1773839201.375208 -0.011860502 0.005503023 0.116287567 -0.003154961 -0.023783723 -0.005668201 0.999696076
1773839201.408476 -0.011820578 0.005518829 0.116553664 -0.004271199 -0.023548782 -0.007057073 0.999688625
1773839201.441476 -0.011881752 0.005560673 0.116790161 -0.005715679 -0.023170341 -0.008077702 0.999682546
1773839201.475094 -0.011927607 0.005536530 0.116928324 -0.003820543 -0.022861877 -0.007647313 0.999702096
1773839201.508596 -0.011961166 0.005546934 0.117095582 -0.004558205 -0.022238944 -0.006245792 0.999722779
1773839201.542225 -0.012028981 0.005563086 0.117264174 -0.003402288 -0.021557419 -0.008634700 0.999724507
1773839201.574493 -0.011949493 0.005578013 0.117540881 -0.005612490 -0.021027979 -0.007798776 0.999732733
1773839201.609292 -0.012038859 0.005600169 0.117644630 -0.006053471 -0.020601530 -0.008085643 0.999736726
1773839201.643597 -0.012052091 0.005588783 0.117862917 -0.007770510 -0.020776261 -0.007870074 0.999722958
1773839201.676255 -0.012020918 0.005607820 0.118051708 -0.004577460 -0.021242034 -0.009063019 0.999722779
1773839201.710687 -0.012085448 0.005603983 0.118220307 -0.006029078 -0.020524628 -0.007745295 0.999741197
1773839201.742833 -0.012103935 0.005607351 0.118404217 -0.005841693 -0.019698752 -0.008998756 0.999748409
1773839201.775160 -0.012089113 0.005670676 0.118610017 -0.006313622 -0.019067252 -0.008676142 0.999760628
1773839201.810115 -0.012118628 0.005644831 0.118788354 -0.006677328 -0.018659063 -0.008596485 0.999766648
1773839201.842726 -0.012159280 0.005675786 0.118932687 -0.004937033 -0.018066550 -0.009542618 0.999779046
1773839201.876297 -0.012116612 0.005641452 0.119149603 -0.006253764 -0.017279826 -0.008446494 0.999795437
1773839201.908528 -0.012181669 0.005692022 0.119299829 -0.008064681 -0.016159816 -0.009407953 0.999792635
1773839201.942521 -0.012116017 0.005689167 0.119180962 -0.004707951 -0.015604341 -0.009332696 0.999823570
1773839201.976984 -0.012111582 0.005685461 0.119368158 -0.006844082 -0.014467505 -0.008720994 0.999833882
1773839202.008313 -0.012123645 0.005684152 0.119517796 -0.005575080 -0.013479462 -0.009032172 0.999852777
1773839202.043361 -0.012086694 0.005717874 0.119818136 -0.006146376 -0.012578950 -0.009014441 0.999861360
1773839202.074761 -0.012123108 0.005719963 0.119974077 -0.004458856 -0.011627432 -0.010284872 0.999869525
1773839202.109307 -0.012137123 0.005784344 0.120167382 -0.004875540 -0.010539145 -0.009437410 0.999888003
1773839202.142375 -0.012175116 0.005755938 0.120343409 -0.004934555 -0.009591670 -0.010358592 0.999888182
1773839202.176973 -0.012212072 0.005799302 0.120538168 -0.004263881 -0.008345508 -0.010350632 0.999902487
1773839202.209884 -0.012193757 0.005808904 0.120751850 -0.004339652 -0.007385846 -0.010780782 0.999905169
1773839202.242939 -0.012121130 0.005669504 0.118705265 -0.004585248 -0.005890740 -0.010751439 0.999914348
1773839202.276193 -0.012196872 0.005637827 0.118845128 -0.002286194 -0.004313305 -0.011558615 0.999921262
1773839202.310807 -0.012191663 0.005643115 0.119071037 -0.004519830 -0.002353073 -0.010940394 0.999927163
1773839202.341863 -0.012194091 0.005656865 0.119280331 -0.001621332 -0.000479853 -0.011733839 0.999929726
1773839202.376946 -0.012325214 0.005626034 0.119381763 -0.003518285 0.001794870 -0.011051484 0.999931097
1773839202.408758 -0.012299822 0.005657199 0.119643323 0.000327586 0.002524760 -0.012514168 0.999918461
1773839202.443705 -0.012285134 0.005714436 0.119935818 -0.004769833 -0.002701603 -0.014087877 0.999885738
1773839202.476588 -0.012336815 0.005677791 0.120163493 -0.016728556 -0.007156914 -0.008485146 0.999798477
1773839202.509828 -0.012409699 0.005743235 0.120504126 -0.026327087 -0.011700694 -0.015246579 0.999468625
1773839202.543814 -0.012443508 0.005715804 0.120521508 -0.032193236 -0.014999064 -0.008978550 0.999328792
1773839202.577088 -0.012487356 0.005670054 0.120642930 -0.035879076 -0.015049297 -0.010357412 0.999189138
1773839202.609384 -0.012582872 0.005711949 0.120741062 -0.028484637 -0.011368223 -0.015646933 0.999407113
1773839202.646036 -0.012788231 0.005854541 0.122810073 0.010682948 -0.016198218 -0.023446169 0.999536753
1773839202.676789 -0.012558544 0.005112226 0.122864984 0.001296478 -0.023908522 -0.028675124 0.999301970
1773839202.709383 -0.012650719 0.005928854 0.123433374 -0.029028255 -0.028707985 -0.019352477 0.998978794
1773839202.743945 -0.012510769 0.005718579 0.121327452 -0.048596986 -0.031394269 -0.007832349 0.998294234
1773839202.777612 -0.012486697 0.005724929 0.121480241 -0.059431322 -0.040252596 -0.009089285 0.997379065
1773839202.810652 -0.012525913 0.005859777 0.123701148 -0.058740426 -0.050553612 -0.008385937 0.996957183
1773839202.843088 -0.012438376 0.005770672 0.121448152 -0.047688730 -0.061600223 -0.009322640 0.996917367
1773839202.878212 -0.012342596 0.005762669 0.121384948 -0.033405431 -0.072101891 -0.008933457 0.996797681
1773839202.909989 -0.012322669 0.005767660 0.121326678 -0.022909049 -0.080266699 -0.010268963 0.996457219
1773839202.942898 -0.012225306 0.005777993 0.121401019 -0.019948956 -0.090386450 -0.010071147 0.995656013
1773839202.979553 -0.012179106 0.005741924 0.121363088 -0.024049656 -0.098314047 -0.009347952 0.994820893
1773839203.010868 -0.012109425 0.005754298 0.121244051 -0.013101340 -0.106463283 -0.007174986 0.994204462
1773839203.042572 -0.011992369 0.005763540 0.121202737 0.002186161 -0.112585835 -0.007374351 0.993612230
1773839203.077160 -0.012065820 0.006000133 0.124187410 -0.001684243 -0.114740998 -0.002891245 0.993389785
1773839203.109093 -0.011955114 0.005783724 0.121118121 0.000400988 -0.114716507 -0.004029925 0.993390024
1773839203.145410 -0.011889443 0.005798751 0.121281415 -0.002781550 -0.115321092 -0.003594396 0.993317842
1773839203.177791 -0.011864098 0.005787220 0.121308684 -0.000366266 -0.114800043 -0.005882449 0.993371129
1773839203.210748 -0.011825366 0.005763122 0.121332228 0.001715321 -0.113556534 -0.006377309 0.993509591
1773839203.244737 -0.011857254 0.005768217 0.121382289 -0.001007078 -0.112144835 -0.004192772 0.993682504
1773839203.277500 -0.011813967 0.005831382 0.121402688 0.003219145 -0.111330710 -0.003939654 0.993770361
1773839203.311787 -0.011747370 0.005805185 0.121575460 0.000288761 -0.110140681 -0.002764641 0.993912101
1773839203.342540 -0.011704825 0.005836886 0.121672735 0.000785673 -0.108951800 -0.004046604 0.994038463
1773839203.377793 -0.011815417 0.005849399 0.121509470 0.000903625 -0.107227117 -0.005279753 0.994220078
1773839203.410705 -0.011749838 0.005821191 0.121557727 -0.001056479 -0.107431047 -0.003350613 0.994206309
1773839203.445339 -0.011728333 0.005828015 0.121618949 -0.001333061 -0.108353890 -0.003418021 0.994105637
1773839203.478468 -0.011853615 0.005761616 0.121548899 0.001860319 -0.107422054 -0.005762253 0.994195044
1773839203.511336 -0.011838274 0.005742397 0.121616982 0.000270279 -0.105089568 -0.004872327 0.994450808
1773839203.542946 -0.011864876 0.005784971 0.121631533 -0.000266992 -0.101853177 -0.005592123 0.994783700
1773839203.577968 -0.011929718 0.005793462 0.121650606 0.000465912 -0.098276645 -0.006437811 0.995138228
1773839203.610314 -0.011894295 0.005821891 0.121713102 -0.000047033 -0.094251052 -0.006418365 0.995527744
1773839203.644801 -0.011920989 0.005837082 0.121765412 0.000017374 -0.089924403 -0.006873684 0.995924830
1773839203.677535 -0.012058506 0.005784495 0.121781640 0.000185149 -0.084951334 -0.007293060 0.996358395
1773839203.711601 -0.011937577 0.005746832 0.121932060 -0.000573367 -0.080236278 -0.006506715 0.996754467
1773839203.745580 -0.012020258 0.005844697 0.122067310 -0.000212181 -0.074541844 -0.007634637 0.997188628
1773839203.776736 -0.012129935 0.005804729 0.122016780 0.000232653 -0.068381101 -0.008549669 0.997622609
1773839203.812280 -0.012076950 0.005790979 0.121683083 -0.000683953 -0.062662221 -0.007684151 0.998004973
1773839203.844772 -0.012107451 0.005829495 0.121749856 -0.000274380 -0.057129376 -0.009708578 0.998319507
1773839203.878053 -0.012116773 0.005801440 0.121944718 -0.002152243 -0.052177425 -0.009609419 0.998589277
1773839203.912466 -0.012210236 0.005819119 0.121922411 -0.001065605 -0.047512386 -0.011457993 0.998804331
1773839203.944521 -0.012253835 0.005869037 0.122007899 -0.001972431 -0.043840881 -0.010116793 0.998985350
1773839203.979162 -0.012248628 0.005820394 0.122085713 -0.000860622 -0.041050792 -0.010586367 0.999100566
1773839204.011719 -0.012258717 0.005872362 0.122222692 0.000208433 -0.038561679 -0.009643325 0.999209642
1773839204.044423 -0.012301296 0.005852489 0.122244775 0.000180864 -0.035864148 -0.010016598 0.999306440
1773839204.078701 -0.012349898 0.005869852 0.122464605 -0.000033518 -0.033468142 -0.010498209 0.999384642
1773839204.111774 -0.012345314 0.005843982 0.122565269 -0.000772397 -0.031465556 -0.010657169 0.999447703
1773839204.145584 -0.012340797 0.005858408 0.122748137 -0.002549140 -0.029631546 -0.010516162 0.999502301
1773839204.178416 -0.012436284 0.005818614 0.122734934 -0.000041012 -0.027970351 -0.011425649 0.999543428
1773839204.211960 -0.012480734 0.005834920 0.122782297 -0.000859165 -0.026314508 -0.010767734 0.999595344
1773839204.246054 -0.012508499 0.005836817 0.122960739 -0.000975869 -0.025260944 -0.010880677 0.999621153
1773839204.279293 -0.012564026 0.005845883 0.123025224 0.000235763 -0.024315501 -0.012417543 0.999627173
1773839204.312762 -0.012581257 0.005882918 0.123210266 -0.002406861 -0.023514228 -0.010950037 0.999660611
1773839204.344719 -0.012606488 0.005862230 0.123284020 -0.000422632 -0.023041053 -0.012083285 0.999661386
1773839204.377925 -0.012633258 0.005927548 0.123502314 -0.001337645 -0.022614788 -0.011507433 0.999677122
1773839204.412991 -0.012692408 0.005900649 0.123563260 -0.000412434 -0.022061791 -0.013000845 0.999671996
1773839204.445801 -0.012718866 0.005891663 0.123694278 -0.000640286 -0.021538345 -0.012378952 0.999691188
1773839204.479544 -0.012621632 0.005901536 0.123555571 -0.001274752 -0.021173740 -0.012222639 0.999700248
1773839204.512765 -0.012626434 0.005908369 0.123656154 -0.000147570 -0.020903492 -0.012267357 0.999706209
1773839204.544598 -0.012605270 0.005911673 0.123808920 -0.001671597 -0.020493465 -0.012733620 0.999707520
1773839204.579253 -0.012696020 0.005895691 0.123911396 -0.000805575 -0.019970747 -0.012070077 0.999727368
1773839204.613339 -0.012730770 0.005905567 0.124031648 -0.000086341 -0.019453106 -0.013084439 0.999725103
1773839204.646154 -0.012767720 0.005934241 0.124158546 -0.001367637 -0.018569643 -0.012608405 0.999747157
1773839204.680768 -0.012813045 0.005972917 0.124321759 -0.000277988 -0.018167419 -0.012772818 0.999753296
1773839204.712317 -0.012839803 0.005985432 0.124433607 -0.000241707 -0.017615663 -0.013094068 0.999759078
1773839204.748296 -0.012896823 0.005952290 0.124539278 0.000157742 -0.016986946 -0.013071842 0.999770224
1773839204.779731 -0.012958382 0.005942040 0.124611624 -0.000820632 -0.016160570 -0.012894964 0.999785900
1773839204.813670 -0.012949280 0.005953291 0.124722540 -0.000573450 -0.015487717 -0.013254927 0.999792039
1773839204.845785 -0.013014604 0.005978776 0.124848366 -0.000399362 -0.015320772 -0.013513120 0.999791265
1773839204.878395 -0.013021542 0.005984460 0.125012040 0.000192133 -0.017134601 -0.014470045 0.999748468
1773839204.912843 -0.013084271 0.005920271 0.125041395 -0.003438963 -0.021856043 -0.011844613 0.999685049
1773839204.945621 -0.013116647 0.005944098 0.125224844 -0.009607535 -0.027996639 -0.012063504 0.999489069
1773839204.979734 -0.013233443 0.005956903 0.125558034 -0.008905116 -0.034595046 -0.012563874 0.999282718
1773839205.012943 -0.013144247 0.005975092 0.125331774 -0.007101914 -0.041347839 -0.011627818 0.999051929
1773839205.045573 -0.013129565 0.005982215 0.125469685 -0.006678904 -0.047046378 -0.011061596 0.998809159
1773839205.080489 -0.013074549 0.005975910 0.125522688 -0.008143334 -0.050355282 -0.010795918 0.998639822
1773839205.112736 -0.013093770 0.006001512 0.125572085 -0.009647464 -0.050977852 -0.011524188 0.998586655
1773839205.148457 -0.013081845 0.005973998 0.125671655 -0.010214970 -0.050437152 -0.012057639 0.998602211
1773839205.179057 -0.013023556 0.005965990 0.125823855 -0.012130809 -0.048315503 -0.011647744 0.998690486
1773839205.212699 -0.013041038 0.005986945 0.125931144 -0.011715971 -0.045156162 -0.011939503 0.998839915
1773839205.247766 -0.013058009 0.006001112 0.125940248 -0.009614879 -0.040656865 -0.011340191 0.999062538
1773839205.279614 -0.013140233 0.005971816 0.125932962 -0.012016525 -0.035209205 -0.010719845 0.999250233
1773839205.315993 -0.013216966 0.005995433 0.125790462 0.011048529 -0.033048373 -0.014100016 0.999293208
1773839205.346867 -0.013188807 0.005996688 0.125865370 0.028701691 -0.031394713 -0.022624109 0.998838663
1773839205.380751 -0.013252618 0.006011427 0.126083434 0.020334041 -0.026156979 -0.033734709 0.998881519
1773839205.415122 -0.013252564 0.006015214 0.126005605 0.000915909 -0.020680670 -0.029010892 0.999364734
1773839205.447759 -0.013133261 0.006067357 0.126255140 -0.014494127 -0.017639466 -0.006336363 0.999719262
1773839205.483821 -0.013283743 0.006017320 0.126292124 -0.020182433 -0.016066886 -0.009836094 0.999618828
1773839205.515255 -0.013203757 0.006034521 0.126375526 -0.006390597 -0.020208096 -0.016640773 0.999636889
1773839205.547643 -0.013118878 0.006034822 0.126445547 0.005305005 -0.023742341 -0.003371040 0.999698341
1773839205.581565 -0.013105952 0.006076470 0.126547113 0.005887493 -0.026425531 0.001317505 0.999632597
1773839205.614920 -0.013234483 0.006048793 0.126634076 0.002369314 -0.026812779 -0.012346743 0.999561429
1773839205.648002 -0.013312424 0.006076641 0.126712903 0.004959262 -0.025716571 -0.013134970 0.999570668
1773839205.680257 -0.013415381 0.006076733 0.126833826 0.003490265 -0.023989374 -0.022050532 0.999462903
1773839205.714040 -0.013364397 0.006048731 0.126971066 0.001847601 -0.020763775 -0.010173926 0.999730945
1773839205.746593 -0.013410797 0.006081462 0.127123073 -0.002998099 -0.018767672 -0.011886321 0.999748766
1773839205.780857 -0.013449028 0.006116066 0.127281427 0.001147928 -0.016913382 -0.012105693 0.999783039
1773839205.814352 -0.013536513 0.006122073 0.127381295 0.000700201 -0.015034857 -0.012892127 0.999803662
1773839205.846048 -0.013499487 0.006115981 0.127492756 0.001925985 -0.013922416 -0.012457655 0.999823630
1773839205.880307 -0.013494547 0.006107914 0.127669826 0.001127970 -0.012882638 -0.012652526 0.999836326
1773839205.914027 -0.013487118 0.006116450 0.127870470 -0.000545644 -0.010705058 -0.012430167 0.999865294
1773839205.946605 -0.013529500 0.006170859 0.128021941 -0.004610615 -0.007415324 -0.013033692 0.999876976
1773839205.980911 -0.013538904 0.006183103 0.128142104 -0.002786910 -0.005966479 -0.011898442 0.999907553
1773839206.014002 -0.013525129 0.006131926 0.128205329 -0.002564953 -0.006518617 -0.009279449 0.999932408
1773839206.047205 -0.013554472 0.006135660 0.128252015 0.001722471 -0.007469996 -0.011997720 0.999898612
1773839206.081481 -0.013501846 0.006121624 0.128437907 0.004307139 -0.008662025 -0.014900675 0.999842167
1773839206.114753 -0.013558794 0.006140796 0.128513783 0.003974178 -0.009614278 -0.013011361 0.999861240
1773839206.146802 -0.013502732 0.006120177 0.128646880 0.000558346 -0.010630731 -0.011408967 0.999878228
1773839206.181838 -0.013462808 0.006152894 0.128826112 0.000199727 -0.011808971 -0.010735649 0.999872625
1773839206.213264 -0.013447266 0.006152224 0.128901303 0.000172442 -0.012463336 -0.010259396 0.999869704
1773839206.247730 -0.013607793 0.006150659 0.128947780 0.001350711 -0.012003259 -0.011093714 0.999865532
1773839206.280452 -0.013595170 0.006134539 0.129078314 0.001941660 -0.011543999 -0.011457224 0.999865830
1773839206.316782 -0.013507962 0.006215826 0.129283980 0.003399529 -0.011165567 -0.012163434 0.999857903
1773839206.347865 -0.013602422 0.006160207 0.129311100 0.002785509 -0.009879919 -0.011438655 0.999881923
1773839206.382071 -0.013482451 0.006182395 0.129551396 0.002127407 -0.009395753 -0.011268012 0.999890149
1773839206.415288 -0.013552458 0.006173015 0.129534274 0.001718160 -0.008384446 -0.011323947 0.999899268
1773839206.448509 -0.013544934 0.006187641 0.129631177 0.001885147 -0.007849926 -0.011147403 0.999905288
1773839206.481356 -0.013502595 0.006199802 0.129740611 0.002657544 -0.007789473 -0.011359891 0.999901593
1773839206.513946 -0.013500540 0.006210089 0.129824847 0.003040966 -0.007528142 -0.012122544 0.999893546
1773839206.547909 -0.013607983 0.006174290 0.129927933 0.004584306 -0.007208825 -0.012399143 0.999886632
1773839206.582492 -0.013628066 0.006182770 0.130018190 0.003417278 -0.007527593 -0.011905961 0.999894977
1773839206.616117 -0.013656070 0.006228847 0.130126595 0.003610402 -0.007783043 -0.012262702 0.999888003
1773839206.647745 -0.013616517 0.006291491 0.130310565 0.004225815 -0.008042305 -0.012323289 0.999882758
1773839206.683713 -0.013642947 0.006242881 0.130376175 0.004222505 -0.008238331 -0.011750189 0.999888122
1773839206.717404 -0.013636182 0.006231226 0.130472139 0.004439715 -0.007882660 -0.012983599 0.999874711
1773839206.748462 -0.013663225 0.006217819 0.130555928 0.004467390 -0.008408521 -0.012841200 0.999872208
1773839206.782465 -0.013676433 0.006220246 0.130658537 0.001797249 -0.010836829 -0.011070760 0.999878347
1773839206.814410 -0.013627187 0.006263494 0.130852655 -0.007498159 -0.013289058 -0.007743677 0.999853551
1773839206.849042 -0.013705791 0.006257370 0.130909979 -0.010655008 -0.014536019 -0.008642175 0.999800205
1773839206.882130 -0.013678634 0.006248529 0.130971566 -0.003615267 -0.016112654 -0.007786268 0.999833286
1773839206.915103 -0.013749793 0.006250963 0.130973846 0.005480819 -0.016070513 -0.009807609 0.999807715
1773839206.948050 -0.013832337 0.006231031 0.130979210 0.010328082 -0.014559480 -0.014273641 0.999738753
1773839206.981917 -0.013788688 0.006266021 0.131145105 0.010174673 -0.012341012 -0.012698063 0.999791443
1773839207.014290 -0.013834880 0.006274399 0.131296903 0.005946710 -0.009811490 -0.011249287 0.999870837
1773839207.049822 -0.013896782 0.006272457 0.131359383 0.006000310 -0.007441144 -0.010955567 0.999894261
1773839207.084371 -0.013885382 0.006278043 0.131436393 0.005237593 -0.005557831 -0.009211062 0.999928415
1773839207.116643 -0.013901063 0.006280287 0.131510496 0.008092583 -0.004265400 -0.011164173 0.999895811
1773839207.147978 -0.013978316 0.006295515 0.131596670 0.007429451 -0.002691306 -0.010693360 0.999911547
1773839207.182483 -0.013989105 0.006306306 0.131726444 0.008745313 -0.002251834 -0.011257888 0.999895811
1773839207.215064 -0.014004146 0.006277431 0.131777287 0.006018788 -0.001948621 -0.009941693 0.999930561
1773839207.250320 -0.014009228 0.006301857 0.131931096 0.007626892 -0.002378063 -0.009959009 0.999918461
1773839207.282046 -0.014116476 0.006284988 0.131971672 0.007742637 -0.002825623 -0.010643879 0.999909341
1773839207.315734 -0.014085041 0.006293324 0.132095397 0.008033451 -0.003806934 -0.010006252 0.999910414
1773839207.348868 -0.014128532 0.006367353 0.132218227 0.008312558 -0.004550279 -0.010186450 0.999903202
1773839207.382051 -0.014236758 0.006321498 0.132208645 0.008328471 -0.005047541 -0.010523336 0.999897182
1773839207.415567 -0.014180627 0.006245436 0.131744191 0.007831035 -0.005662615 -0.009406464 0.999909043
1773839207.448406 -0.014094248 0.006255222 0.131914929 0.008641072 -0.006697032 -0.011044730 0.999879241
1773839207.481996 -0.014161960 0.006272681 0.131997421 0.006306591 -0.006855093 -0.008888036 0.999917090
1773839207.517555 -0.014193499 0.006293402 0.132045716 0.010088543 -0.007226889 -0.010688595 0.999865830
1773839207.548480 -0.014142863 0.006299487 0.132175893 0.007591341 -0.008073901 -0.008545781 0.999902070
1773839207.583218 -0.014208572 0.006272833 0.132224292 0.008511836 -0.008688566 -0.010587226 0.999869943
1773839207.615370 -0.014196716 0.006306610 0.132331744 0.007806856 -0.009037321 -0.009649692 0.999882102
1773839207.649014 -0.014296957 0.006282357 0.132386744 0.008692137 -0.009418492 -0.010160061 0.999866247
1773839207.681942 -0.014245349 0.006290784 0.132557750 0.007782873 -0.010624019 -0.008649779 0.999875844
1773839207.715610 -0.014294439 0.006305473 0.132644594 0.008041064 -0.011559954 -0.010431947 0.999846399
1773839207.749894 -0.014372805 0.006293529 0.132643223 0.007985964 -0.012644625 -0.009526282 0.999842763
1773839207.784301 -0.014377827 0.006301024 0.132800609 0.008177094 -0.014400043 -0.009045782 0.999821961
1773839207.815052 -0.014423972 0.006262694 0.132903665 0.008489991 -0.016357115 -0.009577253 0.999784291
1773839207.849853 -0.014426598 0.006270559 0.133007258 0.008094653 -0.018198740 -0.009109165 0.999760091
1773839207.883196 -0.014407018 0.006351613 0.133235157 0.007829997 -0.020171836 -0.008728609 0.999727786
1773839207.915485 -0.014417619 0.006290638 0.133288205 0.007066324 -0.021978533 -0.009375732 0.999689519
1773839207.950265 -0.014411828 0.006308259 0.133464679 0.008297880 -0.023996850 -0.008995431 0.999637127
1773839207.983252 -0.014445930 0.006289188 0.133495539 0.007794418 -0.025108699 -0.008324092 0.999619663
1773839208.015479 -0.014509344 0.006280863 0.133531347 0.006620287 -0.025710084 -0.010159302 0.999595881
1773839208.048465 -0.014464967 0.006305313 0.133683413 0.004165061 -0.026850080 -0.008157352 0.999597490
1773839208.083177 -0.014470521 0.006275451 0.133732408 0.009623634 -0.028405840 -0.008685614 0.999512374
1773839208.115767 -0.014505859 0.006308828 0.133823842 0.008472107 -0.029160546 -0.008550500 0.999502242
1773839208.149902 -0.014492715 0.006311439 0.134043723 0.006888313 -0.030038763 -0.009692227 0.999477983
1773839208.183346 -0.014424026 0.006279227 0.134132266 0.006303929 -0.030934142 -0.008375565 0.999466419
1773839208.216671 -0.014477015 0.006327851 0.134208187 0.007764549 -0.031908233 -0.009047399 0.999419689
1773839208.249985 -0.014502093 0.006338149 0.134287074 0.007594188 -0.032511596 -0.008831506 0.999403477
1773839208.284288 -0.014433570 0.006348370 0.134464487 0.008251824 -0.033277113 -0.009326276 0.999368548
1773839208.315979 -0.014453506 0.006353499 0.134533390 0.007370578 -0.034656581 -0.008346955 0.999337256
1773839208.350097 -0.014392924 0.006333864 0.134688035 0.005607143 -0.036348630 -0.006954687 0.999299228
1773839208.382817 -0.014470903 0.006371376 0.134674400 0.008645462 -0.036850046 -0.008608351 0.999246359
1773839208.417645 -0.014411608 0.006371713 0.134803459 0.008509124 -0.036770109 -0.010917959 0.999227881
1773839208.449102 -0.014456991 0.006346292 0.134953201 0.007021541 -0.036209349 -0.008831014 0.999280512
1773839208.483558 -0.014451357 0.006334792 0.135036916 0.005398039 -0.035851587 -0.008573276 0.999305785
1773839208.517764 -0.014499491 0.006371117 0.135128185 0.007775152 -0.035277806 -0.009519322 0.999301970
1773839208.550861 -0.014454505 0.006362947 0.135281712 0.006845423 -0.034683224 -0.008986830 0.999334514
1773839208.583354 -0.014409777 0.006335910 0.135344803 0.006287471 -0.033709571 -0.008946933 0.999371886
1773839208.616482 -0.014475821 0.006387989 0.135425538 0.006660843 -0.032509431 -0.009398549 0.999405026
1773839208.650573 -0.014463788 0.006369178 0.135418385 0.006530723 -0.031709541 -0.009402413 0.999431551
1773839208.684846 -0.014477560 0.006384557 0.135539889 0.006726737 -0.031016197 -0.008882894 0.999456763
1773839208.716620 -0.014468411 0.006399347 0.135668963 0.006256867 -0.030467425 -0.009244888 0.999473393
1773839208.750442 -0.014515879 0.006385311 0.135731339 0.005661684 -0.029562322 -0.009078893 0.999505639
1773839208.784697 -0.014543701 0.006366709 0.135803655 0.005130838 -0.028708782 -0.008703495 0.999536753
1773839208.817903 -0.014455555 0.006419840 0.136002108 0.006002846 -0.028217180 -0.008954053 0.999543667
1773839208.851525 -0.014415262 0.006436810 0.136096761 0.005951776 -0.027576553 -0.009225631 0.999559402
1773839208.884853 -0.014435796 0.006425399 0.136240318 0.005468305 -0.026709970 -0.009219709 0.999585748
1773839208.916797 -0.014425395 0.006406514 0.136341482 0.006452482 -0.026013767 -0.009080673 0.999599457
1773839208.950810 -0.014557380 0.006398812 0.136311948 0.005738896 -0.025433673 -0.009731762 0.999612689
1773839208.984261 -0.014436634 0.006385312 0.136192113 0.003501891 -0.029969625 -0.008141658 0.999511480
1773839209.018523 -0.014375707 0.006381011 0.136346728 -0.003626376 -0.036586333 -0.004234747 0.999314904
1773839209.050763 -0.014411159 0.006403978 0.136764541 -0.008405169 -0.044095658 -0.004899588 0.998979986
1773839209.083106 -0.014301203 0.006413458 0.136434481 -0.003819345 -0.053612333 -0.003662371 0.998547792
1773839209.118038 -0.014347428 0.006380625 0.136390179 0.004193930 -0.062102437 -0.005159872 0.998047650
1773839209.151222 -0.014280669 0.006413123 0.136884645 0.001172210 -0.068126895 -0.003562628 0.997669637
1773839209.187980 -0.014262627 0.006389885 0.136896208 0.002703524 -0.071350947 -0.004279666 0.997438431
1773839209.217016 -0.014146997 0.006448370 0.136690766 0.001841342 -0.072071463 -0.002647963 0.997394264
1773839209.250250 -0.014355450 0.006365062 0.136947274 0.001403755 -0.068045080 -0.003131770 0.997676373
1773839209.284433 -0.014280845 0.006406952 0.136753649 0.000890067 -0.060842775 -0.003734490 0.998139977
1773839209.318207 -0.014360909 0.006444121 0.136844531 0.000242163 -0.050121881 -0.011185152 0.998680472
1773839209.350762 -0.014379792 0.006437732 0.136884496 0.007695732 -0.040575996 -0.006965904 0.999122560
1773839209.384218 -0.014333163 0.006436952 0.136995092 0.006408484 -0.032322742 -0.004391752 0.999447286
1773839209.418251 -0.014372054 0.006394672 0.137146637 0.003716724 -0.024050923 -0.011990879 0.999631882
1773839209.451678 -0.014262990 0.006508990 0.137424931 0.002268248 -0.016901432 -0.006127651 0.999835789
1773839209.484688 -0.014306188 0.006485100 0.137529612 0.001264776 -0.011412859 -0.008135263 0.999900997
1773839209.517463 -0.014307912 0.006468764 0.137635991 0.002063106 -0.008033704 -0.008733237 0.999927461
1773839209.551570 -0.014395450 0.006437752 0.137719855 0.001804312 -0.005753716 -0.008191179 0.999948263
1773839209.585083 -0.014411709 0.006426530 0.137835890 0.001559212 -0.004820494 -0.008003609 0.999955118
1773839209.618828 -0.014523447 0.006424385 0.137868896 0.000830672 -0.004443068 -0.007841663 0.999959052
1773839209.651552 -0.014446948 0.006489114 0.137968346 0.000241626 -0.005490955 -0.008038243 0.999952555
1773839209.688335 -0.014415403 0.006533384 0.138144761 -0.000643521 -0.006937010 -0.007871558 0.999944746
1773839209.719594 -0.014507418 0.006496844 0.138196602 -0.000034994 -0.008791111 -0.007036886 0.999936581
1773839209.751778 -0.014471921 0.006553452 0.138362482 -0.000822335 -0.010739258 -0.007707786 0.999912262
1773839209.788767 -0.014517820 0.006535661 0.138457790 -0.000613721 -0.012869140 -0.007405135 0.999889553
1773839209.820693 -0.014553219 0.006545329 0.138570130 -0.000816594 -0.014848568 -0.007334669 0.999862492
1773839209.854210 -0.014609618 0.006530896 0.138648480 -0.000576838 -0.016123492 -0.008211290 0.999836147
1773839209.887338 -0.014647392 0.006535660 0.138748556 0.000021781 -0.016883509 -0.007313383 0.999830723
1773839209.919184 -0.014678247 0.006548893 0.138861492 0.000142838 -0.017472006 -0.007982979 0.999815464
1773839209.952066 -0.014723947 0.006556068 0.138959363 -0.000196121 -0.017669449 -0.007729726 0.999813974
1773839209.984628 -0.014733369 0.006515239 0.139066055 -0.000736375 -0.017997090 -0.007198789 0.999811828
1773839210.017745 -0.014749380 0.006515765 0.139092728 -0.000809866 -0.018142378 -0.007220621 0.999809027
1773839210.051591 -0.014768397 0.006531748 0.139202774 -0.001097659 -0.018075833 -0.007300050 0.999809384
1773839210.084279 -0.014778928 0.006523903 0.139290154 -0.000196540 -0.018377259 -0.007526026 0.999802768
1773839210.117996 -0.014778925 0.006511708 0.139406741 0.000058415 -0.018811939 -0.007796919 0.999792635
1773839210.150971 -0.014805187 0.006554231 0.139519170 0.000194125 -0.018874677 -0.007502323 0.999793708
1773839210.185757 -0.014880162 0.006551537 0.139618441 0.000208075 -0.018650012 -0.007258689 0.999799669
1773839210.219490 -0.014809739 0.006565467 0.139824450 -0.000097613 -0.018967994 -0.007267301 0.999793649
1773839210.252755 -0.014862239 0.006576812 0.139901176 0.000136289 -0.018699246 -0.006523322 0.999803901
1773839210.285861 -0.014882008 0.006582229 0.140015468 0.000173568 -0.018261291 -0.007133777 0.999807775
1773839210.319209 -0.014928894 0.006573543 0.140109956 -0.000170736 -0.017329155 -0.006711613 0.999827325
1773839210.352294 -0.014953798 0.006559511 0.140232846 0.000283388 -0.016447192 -0.007329172 0.999837816
1773839210.385908 -0.014921671 0.006576603 0.140375257 0.001828657 -0.016740989 -0.009081521 0.999816895
1773839210.418662 -0.014892331 0.006592368 0.140589297 -0.005134893 -0.017130941 -0.002908249 0.999835849
1773839210.453358 -0.014964066 0.006577448 0.140690312 -0.017218312 -0.016269727 -0.003349541 0.999713778
1773839210.486268 -0.014953792 0.006597981 0.140816644 -0.020374244 -0.016614934 -0.001137078 0.999653697
1773839210.517838 -0.015054022 0.006621576 0.140804008 -0.007599742 -0.016802177 -0.004700919 0.999818921
1773839210.552022 -0.015013309 0.006608194 0.140914246 0.008563965 -0.016780399 -0.009252137 0.999779701
1773839210.585762 -0.015059918 0.006594175 0.141004607 0.005115338 -0.015237122 -0.008768598 0.999832392
1773839210.620005 -0.015061352 0.006606113 0.141146451 0.001834219 -0.013430635 -0.004652305 0.999897301
1773839210.652966 -0.015042046 0.006610127 0.141315162 0.000354664 -0.012190565 -0.003487792 0.999919534
1773839210.686598 -0.015035434 0.006643990 0.141454801 0.001086929 -0.011137784 -0.003730527 0.999930441
1773839210.720115 -0.015057122 0.006666610 0.141581863 0.003612797 -0.010370648 -0.003876604 0.999932230
1773839210.753070 -0.015165443 0.006649562 0.141644016 0.005172848 -0.009394152 -0.004663931 0.999931633
1773839210.787599 -0.015159803 0.006635020 0.141714051 0.006313000 -0.008893385 -0.004882400 0.999928594
1773839210.818869 -0.015175078 0.006659726 0.141918480 0.004535169 -0.008331603 -0.003948591 0.999947190
1773839210.852864 -0.015192744 0.006701109 0.142054126 0.006075120 -0.007882229 -0.004276900 0.999941349
1773839210.887250 -0.015228833 0.006716804 0.142214417 0.004558698 -0.007046747 -0.004056639 0.999956548
1773839210.918696 -0.015225759 0.006718257 0.142349243 0.006152706 -0.006404208 -0.003827515 0.999953270
1773839210.953139 -0.015270385 0.006698209 0.142471194 0.006312440 -0.005038422 -0.004311830 0.999958098
1773839210.986239 -0.015355384 0.006723454 0.142573625 0.006066880 -0.003268804 -0.005608351 0.999960542
1773839211.020174 -0.015349070 0.006726559 0.142703965 0.006661335 -0.002171458 -0.004214976 0.999966562
1773839211.053257 -0.015341560 0.006701802 0.142769277 0.005823311 -0.001236175 -0.004831794 0.999970615
1773839211.087518 -0.015359505 0.006721193 0.142881408 0.006351278 -0.000635977 -0.004553915 0.999969244
1773839211.120403 -0.015399715 0.006733292 0.143021643 0.006213821 -0.000226378 -0.005515263 0.999965489
1773839211.152932 -0.015428146 0.006733966 0.143136680 0.005942656 -0.000498370 -0.005164030 0.999968886
1773839211.185928 -0.015454342 0.006742957 0.143301442 0.006237540 -0.001244223 -0.004700128 0.999968708
1773839211.221649 -0.015499399 0.006753194 0.143398523 0.006979716 -0.002284013 -0.004572875 0.999962568
1773839211.254028 -0.015544239 0.006731986 0.143493026 0.007457877 -0.003431255 -0.005360914 0.999951899
1773839211.287330 -0.015603372 0.006737700 0.143604293 0.005750724 -0.004569757 -0.004214467 0.999964118
1773839211.320411 -0.015647717 0.006712546 0.143677235 0.007421541 -0.006372037 -0.005172369 0.999938786
1773839211.352306 -0.015680224 0.006753029 0.143783569 0.006896754 -0.008102420 -0.005002971 0.999930859
1773839211.386704 -0.015739568 0.006760740 0.143891424 0.006776568 -0.009621686 -0.005304333 0.999916673
1773839211.422740 -0.015722841 0.006747437 0.144028023 0.006963486 -0.012100243 -0.005010421 0.999889970
1773839211.455016 -0.015796743 0.006728967 0.144042104 0.007330638 -0.014539887 -0.004313678 0.999858141
1773839211.487756 -0.015826210 0.006748397 0.144208521 0.006181093 -0.017379625 -0.003754379 0.999822795
1773839211.519568 -0.015778245 0.006771603 0.144409537 0.007428201 -0.020489698 -0.003837865 0.999755085
1773839211.554821 -0.015813246 0.006782243 0.144493610 0.007085482 -0.023557954 -0.003969292 0.999689460
1773839211.586542 -0.015843261 0.006773456 0.144593179 0.007102933 -0.026776625 -0.003462371 0.999610186
1773839211.622244 -0.015919434 0.006822478 0.144622028 0.007419407 -0.030519927 -0.003101700 0.999501824
1773839211.654253 -0.015930083 0.006767598 0.144751936 0.006691413 -0.034895379 -0.003024699 0.999364018
1773839211.688390 -0.015964121 0.006760299 0.144844204 0.006034087 -0.039964173 -0.002689930 0.999179304
1773839211.721090 -0.015960032 0.006815525 0.144965962 0.007267038 -0.045703512 -0.002522133 0.998925447
1773839211.754556 -0.015897367 0.006776944 0.145119444 0.006267178 -0.052033354 -0.001912591 0.998623848
1773839211.787735 -0.015938936 0.006769652 0.145159930 0.005521070 -0.058316518 -0.001835455 0.998281181
1773839211.820472 -0.015993364 0.006746990 0.145195201 0.005276254 -0.065120786 -0.001748260 0.997861922
1773839211.854407 -0.015974907 0.006769417 0.145327032 0.005936970 -0.072405338 -0.001106715 0.997357011
1773839211.888555 -0.016046559 0.006787826 0.145348668 0.006248553 -0.079668388 -0.001532412 0.996800661
1773839211.920105 -0.016185621 0.006746545 0.145390645 0.005571420 -0.087037794 -0.000388290 0.996189415
1773839211.954226 -0.016090933 0.006727721 0.145584956 0.005913453 -0.095355384 -0.000787209 0.995425403
1773839211.988114 -0.016128324 0.006777894 0.145630524 0.006103718 -0.103061624 -0.000504830 0.994656146
1773839212.020429 -0.016143925 0.006770803 0.145756602 0.005634909 -0.110895023 -0.000299525 0.993816137
1773839212.055008 -0.016059633 0.006778813 0.145913884 0.006081912 -0.118716121 0.001060745 0.992909074
1773839212.087794 -0.016064949 0.006833597 0.146011531 0.005651412 -0.125724912 0.001203978 0.992048323
1773839212.120333 -0.016168835 0.006833741 0.146007061 0.006601560 -0.132227540 0.000552967 0.991197228
1773839212.154736 -0.016219536 0.006777630 0.146129042 0.005797403 -0.138356626 0.001282850 0.990364671
1773839212.188563 -0.016177442 0.006794057 0.146264002 0.006086128 -0.144646555 0.001742842 0.989463091
1773839212.222909 -0.016268851 0.006720598 0.146243647 0.005219624 -0.150001138 0.001181664 0.988671303
1773839212.255117 -0.016293706 0.006804407 0.146398380 0.006506390 -0.155970842 0.001986439 0.987738192
1773839212.289420 -0.016218571 0.006773301 0.146518171 0.006545761 -0.161652416 0.002646251 0.986822486
1773839212.321535 -0.016310461 0.006770264 0.146512106 0.006688266 -0.167053387 0.002711415 0.985921443
1773839212.354711 -0.016349766 0.006774761 0.146558240 0.006264482 -0.172199413 0.003170664 0.985037088
1773839212.387835 -0.016381770 0.006730018 0.146751702 0.005705558 -0.177757666 0.003534010 0.984051406
1773839212.420368 -0.016431715 0.006758058 0.146696880 0.006222045 -0.182702512 0.003627182 0.983141840
1773839212.454011 -0.016457800 0.006663283 0.146697357 0.006473089 -0.188000351 0.004780705 0.982135952
1773839212.488778 -0.016429402 0.006670063 0.146799758 0.006910615 -0.193338498 0.004275958 0.981098413
1773839212.523151 -0.016522817 0.006720793 0.146937653 0.006730656 -0.198045865 0.004669847 0.980158508
1773839212.557299 -0.016431067 0.006777004 0.146885484 0.007217990 -0.202592000 0.004642439 0.979225636
1773839212.588761 -0.016448863 0.006761969 0.147046179 0.006783223 -0.207096666 0.005138837 0.978283465
1773839212.620575 -0.016469255 0.006799953 0.147077680 0.007301683 -0.211019024 0.005576403 0.977438807
1773839212.655623 -0.016448829 0.006776113 0.147143632 0.007936539 -0.215585113 0.005489742 0.976437390
1773839212.689112 -0.016411033 0.006811834 0.147340387 0.007215085 -0.220230207 0.006524203 0.975399435
1773839212.728142 -0.016518097 0.006802336 0.147261679 0.008588667 -0.224312365 0.005982143 0.974461138
1773839212.755616 -0.016506039 0.006814113 0.147317931 0.007810214 -0.229109541 0.006616958 0.973346829
1773839212.787925 -0.016523015 0.006828629 0.147456601 0.007714209 -0.234249935 0.007037303 0.972120345
1773839212.822247 -0.016571984 0.006808791 0.147384316 0.007626926 -0.239120141 0.007254371 0.970932961
1773839212.854905 -0.016523287 0.006761623 0.147457644 0.008382354 -0.244759291 0.007078696 0.969521821
1773839212.888923 -0.016681541 0.006791393 0.147366688 0.008748771 -0.250017613 0.007132362 0.968175530
1773839212.921259 -0.016731281 0.006780135 0.147665843 0.008983293 -0.256066859 0.007591353 0.966587543
1773839212.954918 -0.016727071 0.006763167 0.147650629 0.009199368 -0.261808842 0.007589752 0.965046108
1773839212.990094 -0.016694289 0.006775454 0.147686601 0.007703299 -0.267748028 0.007447095 0.963429391
1773839213.022213 -0.016674627 0.006745893 0.147719279 0.008649013 -0.273721904 0.008304876 0.961734176
1773839213.055459 -0.016858231 0.006811645 0.147806153 0.008721654 -0.279309124 0.007871924 0.960129380
1773839213.089334 -0.016765814 0.006747790 0.147765458 0.009034162 -0.285631448 0.007933887 0.958264112
1773839213.122852 -0.016719434 0.006761177 0.147928298 0.009210389 -0.292121947 0.008436133 0.956299543
1773839213.156271 -0.016869184 0.006686240 0.148031369 0.009308245 -0.298155606 0.007766061 0.954440355
1773839213.188884 -0.016774576 0.006677859 0.147899687 0.009282952 -0.304324746 0.009104970 0.952479661
1773839213.223205 -0.016741958 0.006642808 0.147976443 0.009025747 -0.310421079 0.009032847 0.950513422
1773839213.255896 -0.016946394 0.006774464 0.147952795 0.009197847 -0.315245003 0.009153801 0.948921621
1773839213.288604 -0.016879786 0.006620324 0.147998989 0.007982017 -0.320600539 0.009258647 0.947135627
1773839213.323823 -0.017026383 0.006626631 0.148066744 0.007714475 -0.325016826 0.009713233 0.945626915
1773839213.356254 -0.016919773 0.006633337 0.148163974 0.007205233 -0.330039054 0.009912294 0.943887770
1773839213.391973 -0.017007932 0.006580205 0.148184121 0.007701151 -0.334601641 0.010104777 0.942274034
1773839213.422816 -0.016797051 0.006649802 0.148669988 0.008100485 -0.340751141 0.010768008 0.940056980
1773839213.455797 -0.017029919 0.006744688 0.148434967 0.009215988 -0.344985157 0.010059088 0.938508987
1773839213.489537 -0.017050512 0.006586691 0.148178637 0.011131419 -0.349821746 0.010454504 0.936691821
1773839213.523237 -0.017052434 0.006512037 0.147966087 0.011045934 -0.354796559 0.010562686 0.934818625
1773839213.555412 -0.017042242 0.006662900 0.148344174 0.010602791 -0.360824347 0.011385471 0.932504058
1773839213.589532 -0.017103858 0.006608333 0.148450434 0.009965890 -0.365651220 0.011437342 0.930628359
1773839213.622721 -0.017076187 0.006597488 0.148567557 0.008902334 -0.370482236 0.011351001 0.928727567
1773839213.657539 -0.016988181 0.006695600 0.148642927 0.009046966 -0.375496030 0.012436038 0.926696420
1773839213.690126 -0.016979627 0.006739653 0.148689955 0.009827176 -0.380030394 0.012393421 0.924838781
1773839213.724909 -0.017037593 0.006711055 0.148963079 0.005764086 -0.383594334 0.010144228 0.923427999
1773839213.759419 -0.017017961 0.006754507 0.149282619 0.009704351 -0.387906492 0.011077752 0.921581089
1773839213.789003 -0.017109372 0.006700493 0.148644805 0.018098535 -0.391676188 0.011197628 0.919857025
1773839213.823593 -0.017234646 0.006757558 0.148677289 0.011930769 -0.396316379 0.013757909 0.917933404
1773839213.856777 -0.017258823 0.006734426 0.148757368 0.007133361 -0.400557429 0.011124983 0.916176379
1773839213.889819 -0.017155848 0.006659797 0.148835644 0.007117767 -0.405504018 0.012803221 0.913975835
1773839213.922788 -0.017156646 0.006661629 0.148892134 0.009547858 -0.410182029 0.012893439 0.911862552
1773839213.956223 -0.017202832 0.006651904 0.148925543 0.011482584 -0.414627284 0.013174271 0.909823537
1773839213.990113 -0.017210737 0.006644548 0.148937806 0.011106616 -0.418937445 0.013194650 0.907851279
1773839214.022931 -0.017275758 0.006625327 0.148943886 0.010457161 -0.422915816 0.012842816 0.906017601
1773839214.057215 -0.017278589 0.006639006 0.149171591 0.010604887 -0.427574039 0.013923370 0.903810918
1773839214.090206 -0.017198391 0.006657997 0.149163887 0.010328225 -0.431698263 0.013272711 0.901861310
1773839214.123992 -0.017362893 0.006674480 0.149414748 0.010269301 -0.436285257 0.013725275 0.899645090
1773839214.156554 -0.017437458 0.006637789 0.149322331 0.009454260 -0.441437483 0.013702041 0.897137582
1773839214.190476 -0.017390452 0.006619564 0.149395227 0.009663499 -0.448007137 0.013984569 0.893868387
1773839214.225134 -0.017384276 0.006627573 0.149546981 0.010699621 -0.454701185 0.015108239 0.890451610
1773839214.256644 -0.017529093 0.006605169 0.149618670 0.011164004 -0.460148394 0.015729832 0.887632489
1773839214.291625 -0.017556734 0.006593320 0.149572849 0.011347846 -0.464751363 0.014852030 0.885243952
1773839214.323086 -0.017510027 0.006603403 0.149628833 0.011059847 -0.468355209 0.014878723 0.883345783
1773839214.357376 -0.017637819 0.006555922 0.149550438 0.009494978 -0.470457554 0.014783492 0.882247686
1773839214.391560 -0.017635256 0.006568793 0.149668023 0.009500547 -0.473337233 0.014037267 0.880718172
1773839214.423859 -0.017704405 0.006551331 0.149531201 0.010579094 -0.475890994 0.014369881 0.879323244
1773839214.456236 -0.017840520 0.006490190 0.149202436 0.009417618 -0.478252590 0.014248528 0.878056228
1773839214.489994 -0.017879795 0.006473878 0.149088547 0.010695285 -0.481015623 0.013682955 0.876540005
1773839214.523964 -0.018169243 0.006419563 0.149233997 0.009088413 -0.484133899 0.013523423 0.874842227
1773839214.558292 -0.018209446 0.006373348 0.148947358 0.008777078 -0.487435400 0.014183376 0.872999728
1773839214.590972 -0.017991982 0.006459927 0.149139866 0.009511137 -0.492209762 0.014343210 0.870306432
1773839214.625463 -0.017998073 0.006446105 0.149094254 0.009120576 -0.495896101 0.013798659 0.868224263
1773839214.657367 -0.018042628 0.006429099 0.149099559 0.008886890 -0.499487191 0.013619606 0.866168618
1773839214.689711 -0.018093504 0.006406684 0.149041712 0.008238384 -0.503156483 0.013571269 0.864049435
1773839214.727292 -0.018452071 0.006418638 0.150220171 0.008969278 -0.507959127 0.013979063 0.861221015
1773839214.758110 -0.018457711 0.006573519 0.150329456 0.008841199 -0.512434721 0.014912178 0.858551204
1773839214.790952 -0.018410236 0.006539561 0.150422260 0.008802985 -0.517128885 0.015157237 0.855728030
1773839214.824132 -0.018520549 0.006507411 0.150453374 0.009640584 -0.521421075 0.015231150 0.853109062
1773839214.858212 -0.018471666 0.006484465 0.150486648 0.009628590 -0.526092350 0.014971062 0.850241125
1773839214.891399 -0.018593311 0.006345785 0.150488377 0.008302182 -0.530424774 0.014778465 0.847562492
1773839214.924714 -0.018664092 0.006315472 0.150446817 0.008822540 -0.534950912 0.014491197 0.844712794
1773839214.958536 -0.018929925 0.006510281 0.150623411 0.009355667 -0.539574504 0.015154358 0.841749489
1773839214.991803 -0.018990487 0.006554605 0.150667250 0.010558658 -0.544356942 0.015772704 0.838638902
1773839215.025480 -0.018832147 0.006371310 0.150597841 0.008863650 -0.549336553 0.014879243 0.835421681
1773839215.057486 -0.019061577 0.006544135 0.150775760 0.009952520 -0.553674877 0.015391151 0.832531214
1773839215.092099 -0.018931597 0.006551864 0.150788546 0.009907681 -0.558667541 0.016012635 0.829177976
1773839215.124803 -0.019097257 0.006543179 0.150775835 0.010340436 -0.562495470 0.015527592 0.826589882
1773839215.158452 -0.019173853 0.006523632 0.150767475 0.010725330 -0.566354632 0.015413731 0.823947728
1773839215.192419 -0.019201715 0.006488423 0.150917783 0.009770006 -0.570534706 0.015239480 0.821074009
1773839215.223656 -0.019246414 0.006451059 0.150934041 0.010513986 -0.574168384 0.015115675 0.818530142
1773839215.256987 -0.019313801 0.006448997 0.150947943 0.010603667 -0.577795863 0.015436015 0.815966487
1773839215.291067 -0.019455682 0.006537396 0.151056051 0.010500301 -0.581417382 0.015507378 0.813389897
1773839215.324506 -0.019463498 0.006473017 0.151115522 0.006852928 -0.585861802 0.015847975 0.810227036
1773839215.358510 -0.019538436 0.006207919 0.150941044 0.005318591 -0.589281917 0.012614052 0.807811499
1773839215.392524 -0.019498654 0.006049767 0.151341259 0.014070186 -0.593952954 0.016603498 0.804205358
1773839215.426160 -0.019486558 0.005984078 0.151317433 0.010144555 -0.597773373 0.015296481 0.801455021
1773839215.458234 -0.019777380 0.005969181 0.151318267 0.009775913 -0.600416601 0.015197434 0.799483180
1773839215.492601 -0.019720286 0.005871425 0.151414871 0.009413053 -0.603761852 0.014931994 0.796969354
1773839215.524295 -0.019836653 0.005769026 0.151458919 0.008921616 -0.606419921 0.014313515 0.794965684
1773839215.558114 -0.019993939 0.005964329 0.151036516 0.010191226 -0.608055532 0.014516545 0.793696284
1773839215.591607 -0.020222925 0.006046605 0.151166961 0.009609262 -0.610436916 0.016385207 0.791837037
1773839215.626077 -0.020317979 0.005985702 0.151514873 0.011129442 -0.613425374 0.015626084 0.789519668
1773839215.659709 -0.020673219 0.006114853 0.151664898 0.008055367 -0.615177751 0.016167112 0.788181543
1773839215.693041 -0.020363696 0.005922039 0.151692450 0.007467066 -0.617294967 0.012030459 0.786604404
1773839215.727582 -0.020409610 0.005986598 0.151885360 0.009823183 -0.620225489 0.017378749 0.784169495
1773839215.760267 -0.020450711 0.005976106 0.151900724 0.010256615 -0.622810245 0.016483501 0.782132030
1773839215.792501 -0.020507853 0.005950330 0.151880026 0.009045482 -0.624854028 0.016378904 0.780517340
1773839215.825967 -0.020655693 0.005921439 0.151895016 0.008919248 -0.627074957 0.015925791 0.778744996
1773839215.859259 -0.020634554 0.005825235 0.151681781 0.006966656 -0.629108012 0.014460823 0.777152181
1773839215.892455 -0.020823462 0.005799565 0.151687428 0.004945660 -0.631200135 0.013830377 0.775480926
1773839215.926344 -0.021097502 0.005866230 0.151933953 0.007875645 -0.633560181 0.016033480 0.773487151
1773839215.958188 -0.020864492 0.005892281 0.151907757 0.010759179 -0.635816097 0.016267749 0.771594107
1773839215.992710 -0.021305012 0.005826540 0.151949525 0.007428003 -0.636617959 0.015532666 0.770987153
1773839216.026186 -0.021347411 0.005845748 0.151953951 0.004902165 -0.637415767 0.015009574 0.770358264
1773839216.060711 -0.021851635 0.005664292 0.152263343 0.006805717 -0.638089120 0.015299478 0.769780397
1773839216.093484 -0.022000641 0.005643462 0.152254194 0.006078671 -0.639051914 0.015879007 0.768975675
1773839216.124885 -0.022201037 0.005612583 0.152268097 0.005615135 -0.639865696 0.015575969 0.768308342
1773839216.159909 -0.022153437 0.005627819 0.152272314 0.005559559 -0.641125023 0.015180329 0.767266154
1773839216.193431 -0.022263130 0.005596028 0.152376190 0.005160473 -0.642632842 0.015972376 0.765990376
1773839216.225258 -0.022309154 0.005604095 0.152384847 0.004907486 -0.644160748 0.015669847 0.764713883
1773839216.259799 -0.022366012 0.005583693 0.152379081 0.005024395 -0.645694852 0.015731204 0.763416946
1773839216.292985 -0.022631479 0.005771330 0.152590007 0.005982195 -0.647624969 0.016794220 0.761750638
1773839216.327339 -0.022703085 0.005739914 0.152703762 0.006121585 -0.649442255 0.015901161 0.760219991
1773839216.360362 -0.023005415 0.005682474 0.152628303 0.005121764 -0.650340438 0.015230055 0.759472966
1773839216.393525 -0.023179261 0.005755335 0.152632341 0.005940840 -0.651691318 0.016056759 0.758291125
1773839216.425532 -0.023313787 0.005635721 0.152499124 0.004574958 -0.652199149 0.014262612 0.757899642
1773839216.460260 -0.023448931 0.005816133 0.152687982 0.005879055 -0.653890550 0.015706565 0.756403208
1773839216.492312 -0.023506347 0.005680997 0.152690649 0.005243058 -0.655155718 0.015944676 0.755307376
1773839216.527283 -0.023673194 0.005706020 0.152685538 0.005344708 -0.656310022 0.015374843 0.754315734
1773839216.558353 -0.023855001 0.005681492 0.152679637 0.004732236 -0.657204688 0.014316717 0.753561318
1773839216.592404 -0.023957869 0.005658424 0.152640432 0.004067962 -0.658240855 0.014767762 0.752651572
1773839216.625173 -0.024058420 0.005648051 0.152593538 0.003697894 -0.659529507 0.014751984 0.751524806
1773839216.660345 -0.024212955 0.005624373 0.152503192 0.004253221 -0.660760581 0.014869147 0.750437319
1773839216.694271 -0.024354627 0.005590525 0.152417809 0.004524795 -0.662232935 0.014692247 0.749140322
1773839216.728345 -0.024591587 0.005753789 0.152805686 0.004995365 -0.664915860 0.015274463 0.746745348
1773839216.761006 -0.024768312 0.005695775 0.152860031 0.004453020 -0.666695714 0.015642751 0.745152533
1773839216.793776 -0.024937131 0.005740060 0.152934477 0.004345269 -0.668709159 0.016332781 0.743332028
1773839216.827722 -0.025073390 0.005745747 0.152876347 0.004786909 -0.670112789 0.016286960 0.742065132
1773839216.859204 -0.025213454 0.005706789 0.152970985 0.001088552 -0.671508789 0.014888790 0.740846157
1773839216.892511 -0.025354370 0.005698596 0.153021112 0.002479712 -0.673218250 0.015051251 0.739286542
1773839216.927834 -0.025447728 0.005700280 0.153010905 0.006963701 -0.674290359 0.016366553 0.738252103
1773839216.960480 -0.025622405 0.005748896 0.153050289 0.004227631 -0.675167084 0.016794497 0.737461507
1773839216.993414 -0.025744166 0.005662218 0.153135568 0.003497202 -0.675891280 0.015675806 0.736826301
1773839217.027195 -0.025860175 0.005670281 0.153131083 0.002435992 -0.676639140 0.015622052 0.736145020
1773839217.059815 -0.026038218 0.005710335 0.153042436 0.005047270 -0.676834464 0.016060587 0.735942721
1773839217.094462 -0.026186116 0.005708491 0.153159589 0.003667703 -0.677642941 0.015972469 0.735208452
1773839217.127084 -0.026325837 0.005755243 0.153171897 0.004091025 -0.678213477 0.016525185 0.734667778
1773839217.161163 -0.026499536 0.005787083 0.153253153 0.004126600 -0.679260135 0.016163321 0.733707964
1773839217.195155 -0.026626036 0.005784521 0.153257430 0.003960606 -0.679790199 0.016162178 0.733217776
1773839217.228175 -0.026795231 0.005749660 0.153301567 0.002697052 -0.680456817 0.015900943 0.732610643
1773839217.261630 -0.026877038 0.005766522 0.153297544 0.005388489 -0.680932164 0.016193755 0.732147574
1773839217.294796 -0.027044520 0.005802284 0.153367788 0.003281812 -0.681425214 0.016260674 0.731699705
1773839217.326524 -0.027161717 0.005793344 0.153251693 0.004384301 -0.681118429 0.016211750 0.731980622
1773839217.360491 -0.027295651 0.005683321 0.153408766 0.002557856 -0.681881428 0.014697892 0.731310606
1773839217.394144 -0.027544808 0.005764525 0.153275713 0.004558966 -0.681226730 0.015677862 0.731890380
1773839217.428102 -0.027633600 0.005730377 0.153343245 0.004574891 -0.681361318 0.015891442 0.731760442
1773839217.462678 -0.027772792 0.005720617 0.153354198 0.004359096 -0.681144655 0.015147902 0.731979191
1773839217.495047 -0.027890764 0.005666361 0.153415442 0.003878854 -0.681017637 0.014632233 0.732110560
1773839217.527310 -0.028073307 0.005732011 0.153447732 0.004836650 -0.680788517 0.014523122 0.732320070
1773839217.561078 -0.028326042 0.005747108 0.153452426 0.004877554 -0.680398047 0.013975392 0.732693195
1773839217.594588 -0.028434295 0.005730649 0.153462395 0.004197007 -0.680168808 0.014102952 0.732907832
1773839217.626750 -0.028573412 0.005693633 0.153433070 0.005052747 -0.680043578 0.013914688 0.733022213
1773839217.661692 -0.028711636 0.005688658 0.153487876 0.004655609 -0.680200100 0.013891732 0.732879996
1773839217.694446 -0.028814543 0.005729039 0.153539523 0.004417541 -0.680407286 0.014621708 0.732674956
1773839217.727815 -0.028984547 0.005716063 0.153510764 0.006663743 -0.680518806 0.014725035 0.732552290
1773839217.762964 -0.029148262 0.005744767 0.153542325 0.003087128 -0.681275129 0.013686360 0.731892943
1773839217.795012 -0.029257635 0.005723064 0.153534636 0.005690106 -0.682129085 0.015390497 0.731047630
1773839217.830548 -0.029444868 0.005759949 0.153519481 0.007442826 -0.682660341 0.014863099 0.730546772
1773839217.863052 -0.029555773 0.005719713 0.153549135 0.003427438 -0.683436513 0.013543126 0.729876220
1773839217.895063 -0.029719535 0.005849503 0.153532639 0.006826166 -0.684123456 0.014663748 0.729186893
1773839217.927281 -0.029923609 0.005788837 0.153570890 0.003659834 -0.684922576 0.013728303 0.728477359
1773839217.961740 -0.030004576 0.005768880 0.153637230 0.005754091 -0.686008811 0.014444763 0.727427125
1773839217.995479 -0.030130653 0.005795402 0.153677344 0.005396020 -0.687110066 0.015405145 0.726369977
1773839218.028560 -0.030296825 0.005736426 0.153595716 0.006710497 -0.687662542 0.015941003 0.725824416
1773839218.060748 -0.030454656 0.005782953 0.153658539 0.005951808 -0.688286602 0.015013780 0.725259066
1773839218.095433 -0.030581359 0.005762626 0.153654680 0.004742580 -0.688353598 0.015114164 0.725202382
1773839218.129218 -0.030726150 0.005786822 0.153665215 0.003440593 -0.688583136 0.013203269 0.725029051
1773839218.162277 -0.030828193 0.005734941 0.153636992 0.010315979 -0.688369632 0.017187059 0.725083053
1773839218.194113 -0.031013895 0.005778946 0.153624415 0.001294622 -0.689076126 0.015871523 0.724513948
1773839218.227740 -0.031193681 0.005831609 0.153668270 0.006767507 -0.689936519 0.014918550 0.723684490
1773839218.262530 -0.031326123 0.005760157 0.153664201 0.004238787 -0.691105843 0.015710378 0.722570419
1773839218.293744 -0.031489294 0.005763906 0.153663069 0.004722945 -0.692258656 0.015922287 0.721458316
1773839218.329180 -0.031634435 0.005812467 0.153684124 0.005861179 -0.693526149 0.016132290 0.720227003
1773839218.362816 -0.031777944 0.005793399 0.153735012 0.004533681 -0.695073187 0.015488321 0.718757868
1773839218.394133 -0.031909779 0.005710071 0.153684884 0.004525566 -0.696569383 0.015775217 0.717301726
1773839218.429295 -0.032054376 0.005809266 0.153670594 0.006003891 -0.698149264 0.016283447 0.715741932
1773839218.462988 -0.032202505 0.005775498 0.153733492 0.005671244 -0.700321734 0.015828921 0.713629305
1773839218.494543 -0.032318071 0.005726218 0.153739274 0.003310036 -0.705182910 0.015811175 0.708841383
1773839218.529358 -0.032398947 0.005745742 0.153768241 -0.001572438 -0.711764812 0.015262739 0.702250302
1773839218.889100 -0.033527896 0.005831006 0.153995737 0.005227080 -0.712800562 0.017436920 0.701130509
1773839218.911866 -0.033611912 0.005774730 0.154011413 0.006094111 -0.710380912 0.017645216 0.703569829
1773839218.928549 -0.033732273 0.005787752 0.154084876 0.006189186 -0.709059060 0.017053017 0.704915762
1773839218.961530 -0.033837792 0.005816433 0.154089481 0.005395068 -0.708153784 0.017417770 0.705822766
1773839218.996024 -0.033941917 0.005807518 0.154155120 0.005454263 -0.708377838 0.017276077 0.705600977
1773839219.030332 -0.034076992 0.005798792 0.154101297 0.004454889 -0.708876729 0.017696582 0.705096304
1773839219.065199 -0.034180470 0.005762901 0.154125765 0.005338519 -0.709840536 0.017109020 0.704134405
1773839219.096375 -0.034276467 0.005782332 0.154121667 0.005760751 -0.711015522 0.017973181 0.702923000
1773839219.130242 -0.034400199 0.005855641 0.154120892 0.006235696 -0.712212741 0.018427666 0.701694012
1773839219.163131 -0.034538463 0.005801437 0.154075980 0.006425617 -0.713046551 0.018200615 0.700850964
1773839219.195643 -0.034701932 0.005850105 0.154153198 0.005977014 -0.714027882 0.019596646 0.699817359
1773839219.229353 -0.034841314 0.005828298 0.154175669 0.006097113 -0.714293361 0.017566243 0.699599326
1773839219.263273 -0.034947813 0.005811503 0.154209018 0.005959434 -0.714238167 0.018015070 0.699645400
1773839219.295812 -0.035062037 0.005800812 0.154238179 0.005749268 -0.714017034 0.019086568 0.699844480
1773839219.330135 -0.035189297 0.005776342 0.154284060 0.006682430 -0.713622808 0.019349897 0.700230956
1773839219.362441 -0.035315834 0.005764117 0.154321983 0.006560724 -0.713249922 0.019132081 0.700617909
1773839219.396747 -0.035420489 0.005751514 0.154348999 0.006961890 -0.712833703 0.018715926 0.701048732
1773839219.430007 -0.035538428 0.005733720 0.154385209 0.006330179 -0.712469280 0.018914090 0.701419771
1773839219.462913 -0.035661358 0.005719412 0.154423788 0.005820615 -0.712077439 0.019365227 0.701809645
1773839219.497360 -0.035796795 0.005737018 0.154432207 0.006750287 -0.712059617 0.019850250 0.701805830
1773839219.530418 -0.035908319 0.005697615 0.154503241 0.005684192 -0.712387025 0.019819461 0.701483786
1773839219.563224 -0.036063462 0.005615992 0.154124767 0.008955704 -0.711832106 0.018986264 0.702035844
1773839219.597460 -0.036198795 0.005601732 0.154168934 0.000674901 -0.713052571 0.018509883 0.700865805
1773839219.629907 -0.036316309 0.005642265 0.154635087 -0.003590224 -0.715501308 0.013816211 0.698465466
1773839219.663800 -0.036397941 0.005627343 0.154663682 -0.002033427 -0.716636121 0.014904561 0.697285056
1773839219.696027 -0.036430005 0.005573224 0.154246807 0.010320973 -0.716395378 0.022548730 0.697253644
1773839219.730430 -0.036509823 0.005617603 0.154693738 0.011539416 -0.718309164 0.020622840 0.695322573
1773839219.764583 -0.036731627 0.005535510 0.154341757 0.007934473 -0.716463327 0.020654161 0.697273791
1773839219.797175 -0.036917821 0.005511983 0.154399499 0.006498670 -0.715815067 0.019800745 0.697978854
1773839219.829910 -0.037071452 0.005687864 0.153872177 0.004598235 -0.712965786 0.021222398 0.700862467
1773839219.864318 -0.037221711 0.005731753 0.154007807 0.006759687 -0.713397443 0.022730302 0.700358272
1773839219.896531 -0.037307139 0.005705513 0.153998718 0.009196900 -0.713226974 0.022424268 0.700513959
1773839219.929408 -0.037441250 0.005668881 0.153997287 0.009558595 -0.714375436 0.021567924 0.699364841
1773839219.963979 -0.037589781 0.005722734 0.154224351 0.003545149 -0.720843613 0.020916494 0.692772985
1773839219.996560 -0.037676871 0.005713505 0.154212981 0.000677393 -0.727653742 0.014739484 0.685785890
1773839220.029554 -0.037713524 0.005613749 0.153981909 -0.001321476 -0.734148860 0.009675324 0.678918302
1773839220.063223 -0.037740614 0.005684145 0.154193595 -0.000403111 -0.743403912 0.017385121 0.668616652
1773839220.097681 -0.037749466 0.005686976 0.154247478 0.004450406 -0.752605081 0.017334608 0.658228993
1773839220.132978 -0.037603021 0.005594385 0.154143602 0.003970027 -0.760966659 0.019976832 0.648471236
1773839220.164882 -0.037573472 0.005633568 0.154292569 0.012980044 -0.768989384 0.028529635 0.638492644
1773839220.198726 -0.037602220 0.005319468 0.154142156 0.007749293 -0.772837341 0.024486950 0.634084165
1773839220.233109 -0.037677743 0.005588592 0.154415026 0.008931697 -0.775488853 0.024182564 0.630834758
1773839220.267730 -0.037625097 0.005646181 0.154337704 0.006038442 -0.777089477 0.024628265 0.628879130
1773839220.298396 -0.037738431 0.005680354 0.154347658 0.006975411 -0.780055106 0.024311356 0.625199437
1773839220.330660 -0.037750423 0.005616466 0.154539675 0.009836421 -0.783752322 0.025845952 0.620457530
1773839220.365002 -0.037818573 0.005627411 0.154538095 0.006313194 -0.786932290 0.025624337 0.616474748
1773839220.397067 -0.037856333 0.005623239 0.154742107 0.008035913 -0.790534556 0.025483048 0.611834228
1773839220.431613 -0.037801549 0.005567587 0.154528543 0.006468263 -0.792776227 0.024144301 0.609000087
1773839220.464340 -0.037860934 0.005618928 0.154745311 0.007621741 -0.795990050 0.024673354 0.604758561
1773839220.498501 -0.037898581 0.005535789 0.154599294 0.007133585 -0.797888815 0.024751944 0.602253973
1773839220.531560 -0.037936553 0.005498996 0.154641747 0.006879519 -0.800072610 0.025028916 0.599341214
1773839220.564020 -0.037860878 0.005532615 0.154704183 0.007437360 -0.801594257 0.025960509 0.597258151
1773839220.597906 -0.037893098 0.005471411 0.154407904 0.006895051 -0.801516354 0.026050493 0.597365260
1773839220.631824 -0.037925966 0.005511432 0.154623598 0.006994302 -0.802947819 0.026596900 0.595414460
1773839220.664555 -0.037912920 0.005356926 0.154623628 0.005968451 -0.803552806 0.026493238 0.594613612
1773839220.698287 -0.037893251 0.005396206 0.154689610 0.005948135 -0.804120064 0.026837081 0.593831062
1773839220.732313 -0.037919678 0.005402755 0.154713467 0.005550667 -0.804338753 0.026978262 0.593532205
1773839220.765450 -0.037928984 0.005361452 0.154631659 0.004911906 -0.804346085 0.027169153 0.593519211
1773839220.798208 -0.037969127 0.005311058 0.154772162 0.004686398 -0.805245697 0.027743939 0.592273355
1773839220.831973 -0.038014177 0.005420719 0.154782459 0.004605325 -0.805255890 0.028231723 0.592237055
1773839220.864518 -0.038025312 0.005364130 0.154644847 0.003767476 -0.803715408 0.028472677 0.594320357
1773839220.899059 -0.038086429 0.005416470 0.154660836 0.003315768 -0.801371694 0.029318267 0.597438633
1773839220.931814 -0.038142927 0.005432842 0.154661730 0.003840269 -0.797448575 0.029919406 0.602632463
1773839220.967366 -0.038278770 0.005422755 0.154631600 0.005200692 -0.791927576 0.029293422 0.609889805
1773839220.998611 -0.038355824 0.005579780 0.154775158 0.010856124 -0.786319017 0.027963525 0.617092073
1773839221.032026 -0.038358130 0.005373494 0.154750347 0.031029157 -0.780856550 0.022740632 0.623524785
1773839221.064322 -0.038425874 0.005369333 0.154815510 0.031654276 -0.775957406 0.022899983 0.629574180
1773839221.099920 -0.038579024 0.005296351 0.154725179 0.007857501 -0.771602035 0.026374670 0.635509968
1773839221.132360 -0.038633056 0.005258354 0.154707655 0.007844391 -0.768790245 0.025818625 0.638931572
1773839221.165199 -0.038693167 0.005274606 0.154736742 0.010474684 -0.766457200 0.024826249 0.641730011
1773839221.199656 -0.038873978 0.005270599 0.154830396 0.008087686 -0.764787197 0.025079461 0.643743873
1773839221.232575 -0.038954444 0.005188329 0.154891595 0.009150567 -0.763101280 0.025339928 0.645717084
1773839221.267064 -0.039124254 0.005481336 0.154763490 0.011079659 -0.761117756 0.026540760 0.647975802
1773839221.299439 -0.039189942 0.005494476 0.154805720 0.009526405 -0.759796381 0.026101636 0.649567068
1773839221.332791 -0.039325610 0.005492769 0.154768273 0.010360368 -0.758082867 0.025848649 0.651563406
1773839221.366197 -0.039405439 0.005530681 0.154849887 0.011018797 -0.756815672 0.026126906 0.653012991
1773839221.399773 -0.039586850 0.005603908 0.154851675 0.010995860 -0.755266666 0.027064811 0.654766262
1773839221.433401 -0.039712228 0.005663079 0.154840469 0.011727972 -0.753733695 0.027054805 0.656518161
1773839221.465509 -0.039809499 0.005642714 0.154869169 0.013254684 -0.752227008 0.027107641 0.658212841
1773839221.499546 -0.039878525 0.005663956 0.154773608 0.010710986 -0.750408173 0.027342984 0.660322130
1773839221.532995 -0.039972600 0.005672809 0.154802710 0.014129955 -0.748855293 0.027642338 0.662006080
1773839221.565895 -0.040106684 0.005657691 0.154908136 0.011024277 -0.747701883 0.027940143 0.663354933
1773839221.599661 -0.040193111 0.005656808 0.154794484 0.013722129 -0.745783925 0.027808879 0.665465832
1773839221.633330 -0.040312190 0.005632828 0.154801905 0.011772938 -0.744212270 0.027167425 0.667286694
1773839221.666502 -0.040386461 0.005587327 0.154816031 0.013090738 -0.742872715 0.026787460 0.668768466
1773839221.699589 -0.040494628 0.005600802 0.154816702 0.012781687 -0.742087305 0.027794238 0.669604838
1773839221.734063 -0.040622745 0.005583492 0.154841244 0.012735287 -0.741708279 0.027669173 0.670030653
1773839221.768672 -0.040728368 0.005590663 0.154827118 0.013131215 -0.741561174 0.027486594 0.670193315
1773839221.799941 -0.040825881 0.005636306 0.154789269 0.011378617 -0.741517842 0.027697532 0.670264661
1773839221.833534 -0.040878989 0.005619730 0.154775932 0.013548386 -0.741785824 0.027999960 0.669915140
1773839221.866135 -0.041001603 0.005566317 0.154776469 0.011989621 -0.742041051 0.028072761 0.669659078
1773839221.900447 -0.041140579 0.005473444 0.154814482 0.012429818 -0.742482603 0.027044270 0.669203818
1773839221.936373 -0.041220859 0.005542258 0.154763564 0.011604086 -0.742492318 0.027030686 0.669208407
1773839221.967122 -0.041356966 0.005576030 0.154666588 0.012710560 -0.742432892 0.028190963 0.669206381
1773839221.999542 -0.041524909 0.005593275 0.154740900 0.011969950 -0.743103206 0.028843245 0.668447852
1773839222.033036 -0.041631542 0.005464410 0.154689938 0.012470048 -0.742955565 0.027265705 0.668668926
1773839222.066779 -0.041768759 0.005544763 0.154620588 0.011760538 -0.742512405 0.028431984 0.669125319
1773839222.099890 -0.041887306 0.005446513 0.154717267 0.011702796 -0.742364228 0.028083488 0.669305444
1773839222.133603 -0.042013440 0.005524941 0.154662937 0.012601350 -0.741533816 0.028567333 0.670188606
1773839222.167060 -0.042158738 0.005505783 0.154668331 0.011852579 -0.740926206 0.028797964 0.670864046
1773839222.200206 -0.042281233 0.005542377 0.154682323 0.012692273 -0.740627944 0.028555200 0.671188295
1773839222.233216 -0.042421166 0.005505404 0.154622182 0.011784899 -0.739842534 0.028895652 0.672056019
1773839222.267663 -0.042587847 0.005500919 0.154623330 0.012811967 -0.739016354 0.028512837 0.672961950
1773839222.301328 -0.042708475 0.005598312 0.154550031 0.012483958 -0.738381505 0.028937919 0.673646450
1773839222.332060 -0.042892274 0.005646069 0.154596150 0.009857002 -0.738726437 0.028899122 0.673313379
1773839222.366690 -0.043004669 0.005465610 0.154443279 0.011391443 -0.737501562 0.028711403 0.674638629
1773839222.399720 -0.043094933 0.005508827 0.154419810 0.011943563 -0.736882150 0.029412961 0.675275445
1773839222.433530 -0.043282382 0.005522067 0.154420733 0.012307811 -0.736087561 0.027977305 0.676195920
1773839222.466065 -0.043419499 0.005510429 0.154433459 0.010566404 -0.734097779 0.027774841 0.678393245
1773839222.500040 -0.043559112 0.005518173 0.154381007 0.010043606 -0.731262445 0.026614467 0.681502700
1773839222.533528 -0.043683413 0.005422675 0.154403418 0.008442121 -0.729251921 0.026624294 0.683674991
1773839222.566954 -0.043805625 0.005441519 0.154399663 0.011463175 -0.728157997 0.029356761 0.684684396
1773839222.600355 -0.043990694 0.005440509 0.154384747 0.011678475 -0.727370918 0.027466407 0.685595214
1773839222.633527 -0.044129640 0.005441325 0.154325143 0.005897643 -0.726599038 0.024426062 0.686602116
1773839222.667825 -0.044253170 0.005395871 0.154372156 0.009079332 -0.726724863 0.028168678 0.686290860
1773839222.699857 -0.044374198 0.005453317 0.154257745 0.011241434 -0.726936817 0.026954329 0.686083019
1773839222.734943 -0.044482209 0.005386665 0.154352322 0.012550361 -0.727944672 0.027720608 0.684960306
1773839222.768779 -0.044647776 0.005436085 0.154253796 0.011190517 -0.728115797 0.028107502 0.684786201
1773839222.800650 -0.044851728 0.005481010 0.154273197 0.010832986 -0.728787363 0.027691755 0.684094131
1773839222.836099 -0.044990331 0.005527508 0.154188812 0.009800111 -0.729069114 0.027332608 0.683823824
1773839222.870651 -0.045161985 0.005545654 0.154211298 0.008470543 -0.729350924 0.026894188 0.683558464
1773839222.903003 -0.045315553 0.005546440 0.154232025 0.009213774 -0.729431152 0.027741482 0.683429360
1773839222.933997 -0.045485541 0.005553165 0.154239818 0.010080618 -0.729344726 0.026129773 0.683572829
1773839222.967575 -0.045573402 0.005506538 0.154195443 0.009856411 -0.728693426 0.027113291 0.684232116
1773839223.000571 -0.045756433 0.005486746 0.154254735 0.008633374 -0.728642821 0.026938563 0.684309423
1773839223.033481 -0.045897834 0.005532138 0.154242426 0.007998425 -0.728290617 0.025932198 0.684730828
1773839223.068191 -0.046059914 0.005591393 0.154295743 0.009251961 -0.727857053 0.026498478 0.685154200
1773839223.101109 -0.046209205 0.005510555 0.154208869 0.006195168 -0.726885974 0.023617338 0.686323941
1773839223.133442 -0.046387989 0.005520221 0.154251710 0.007424107 -0.726953864 0.026110621 0.686149538
1773839223.166639 -0.046532445 0.005510302 0.154235974 0.008033865 -0.726698637 0.025160560 0.686448455
1773839223.201398 -0.046659935 0.005462821 0.154265225 0.006910046 -0.727086306 0.023736518 0.686100781
1773839223.234164 -0.046818592 0.005459312 0.154246390 0.006328114 -0.727416873 0.024241513 0.685738325
1773839223.268432 -0.046957251 0.005417963 0.154254377 0.007544752 -0.728405297 0.023117363 0.684714854
1773839223.301677 -0.047109477 0.005495368 0.154266074 0.001988753 -0.729666114 0.022992859 0.683414042
1773839223.333985 -0.047328584 0.005371991 0.154252380 -0.006996002 -0.729697108 0.011672877 0.683635116
1773839223.369025 -0.047479868 0.005437671 0.154232711 -0.013808604 -0.729317129 0.002768165 0.684030890
1773839223.400984 -0.047495686 0.005494350 0.154292837 -0.006744697 -0.731020153 0.019422995 0.682045996
1773839223.436497 -0.047432560 0.005320404 0.154339954 0.010570385 -0.733235776 0.041408997 0.678630054
1773839223.469916 -0.047683202 0.005481371 0.154239431 0.009020123 -0.733757079 0.031920843 0.678601682
1773839223.502599 -0.047920860 0.005454329 0.154209197 -0.006474913 -0.733613431 0.011085958 0.679445684
1773839223.534871 -0.048048776 0.005624780 0.154327124 -0.014268851 -0.735077500 0.007590740 0.677790403
1773839223.569295 -0.048125044 0.005435059 0.154272497 -0.007530209 -0.736417949 0.014163480 0.676336646
1773839223.602164 -0.048106246 0.005294473 0.154224917 0.006129534 -0.737879157 0.023800725 0.674485207
1773839223.635051 -0.048279159 0.005456651 0.154233456 0.005090332 -0.739191353 0.021543141 0.673131585
1773839223.668421 -0.048399732 0.005495404 0.154274076 0.003721046 -0.740638196 0.023195568 0.671493232
1773839223.702373 -0.048524369 0.005470904 0.154229388 0.005079228 -0.741631031 0.021686953 0.670438111
1773839223.736959 -0.048643611 0.005438972 0.154206410 0.003539750 -0.742336214 0.021427808 0.669675469
1773839223.770113 -0.048788443 0.005464872 0.154193506 0.005449607 -0.742755234 0.022340858 0.669167936
1773839223.807647 -0.048886284 0.005521605 0.154214084 0.004017443 -0.742732227 0.021916294 0.669217706
1773839223.835478 -0.049051285 0.005571275 0.154165491 0.005407022 -0.742297113 0.022581287 0.669668496
1773839223.869226 -0.049168564 0.005522423 0.154131547 0.003638900 -0.741843164 0.022414388 0.670188844
1773839223.901678 -0.049270935 0.005548185 0.154113710 0.005275103 -0.741047382 0.022534076 0.671053886
1773839223.938006 -0.049399007 0.005533848 0.154064372 0.004203712 -0.739781439 0.020881368 0.672510087
1773839223.969991 -0.049556687 0.005499105 0.154089883 0.004341426 -0.738726735 0.020816887 0.673669577
1773839224.001572 -0.049736485 0.005647101 0.154086590 0.003401575 -0.737545073 0.020403296 0.674981117
1773839224.037039 -0.049843397 0.005557449 0.154091969 0.003328185 -0.736631036 0.023318473 0.675884545
1773839224.069628 -0.049942859 0.005648631 0.154107794 0.009440425 -0.735956907 0.024968436 0.676502049
1773839224.103310 -0.050113901 0.005673102 0.154116452 0.006147093 -0.735088646 0.024286844 0.677508056
1773839224.134389 -0.050248746 0.005636571 0.154006243 0.005365121 -0.733628392 0.024137605 0.679100871
1773839224.168108 -0.050422024 0.005588296 0.154038325 0.005987043 -0.732850671 0.022930866 0.679976583
1773839224.205556 -0.050516941 0.005583936 0.154014543 0.006488153 -0.731744885 0.024588609 0.681104004
1773839224.237180 -0.050657570 0.005464114 0.153984278 0.007177386 -0.730773091 0.024157861 0.682155073
1773839224.270688 -0.050806474 0.005636844 0.154009581 0.006102465 -0.729977846 0.023597347 0.683036089
1773839224.302387 -0.050945915 0.005590895 0.154005989 0.007907199 -0.729434669 0.024083812 0.683580697
1773839224.335967 -0.051075913 0.005682186 0.153960809 0.006459953 -0.729047596 0.024632340 0.683989167
1773839224.370111 -0.051185705 0.005585552 0.153893054 0.007443747 -0.728649557 0.024280181 0.684415698
1773839224.402335 -0.051314667 0.005567453 0.153899312 0.007325484 -0.728578210 0.024160065 0.684497237
1773839224.436164 -0.051467553 0.005570681 0.153868899 0.007580767 -0.728506505 0.023656545 0.684588373
1773839224.468601 -0.051566835 0.005485085 0.153738901 0.005690964 -0.728153348 0.023637826 0.684982836
1773839224.503666 -0.051705986 0.005619364 0.153747544 0.006664671 -0.728304088 0.022355668 0.684856892
1773839224.537134 -0.051817764 0.005656370 0.153763175 0.007891855 -0.728472888 0.026588911 0.684512913
1773839224.569963 -0.051980682 0.005630998 0.153685972 0.006703113 -0.728296757 0.023344366 0.684831321
1773839224.603321 -0.052075181 0.005629703 0.153760955 0.008233851 -0.728867769 0.024179960 0.684177816
1773839224.637613 -0.052224286 0.005594063 0.153714597 0.005658995 -0.729120672 0.024023727 0.683939934
1773839224.671575 -0.052339729 0.005623497 0.153698102 0.007818212 -0.729595363 0.024531327 0.683394253
1773839224.704619 -0.052454092 0.005623268 0.153700814 0.007128381 -0.730372846 0.025000900 0.682553828
1773839224.735264 -0.052593652 0.005599450 0.153649867 0.006071217 -0.731111884 0.024551721 0.681788683
1773839224.770267 -0.052742839 0.005556798 0.153661594 0.007194044 -0.732588649 0.023445468 0.680229664
1773839224.803376 -0.052851014 0.005578177 0.153585255 0.004217310 -0.733932614 0.024405776 0.678770602
1773839224.836675 -0.052970041 0.005535172 0.153560296 0.006953024 -0.735579610 0.023645019 0.676989794
1773839224.870527 -0.053085618 0.005725487 0.153540328 0.006797632 -0.736877382 0.025914643 0.675495327
1773839224.902551 -0.053209089 0.005578735 0.153460681 0.006689238 -0.737915158 0.024578620 0.674412608
1773839224.937658 -0.053344626 0.005578767 0.153458938 0.005331085 -0.738922417 0.024159063 0.673336208
1773839224.969161 -0.053507283 0.005612209 0.153443888 0.005801320 -0.739708304 0.024787705 0.672445893
1773839225.003529 -0.053655077 0.005703885 0.153478980 0.006199676 -0.740349472 0.024838688 0.671734512
1773839225.036710 -0.053763866 0.005558837 0.153399721 0.005790598 -0.740401685 0.024822202 0.671681225
1773839225.070341 -0.053881533 0.005502808 0.153290868 0.005944616 -0.740365446 0.023493530 0.671767533
1773839225.104524 -0.054051898 0.005578564 0.153355360 0.005570068 -0.740924060 0.025210576 0.671092331
1773839225.138464 -0.054152466 0.005506809 0.153296709 0.005332212 -0.741056442 0.024490993 0.670974791
1773839225.168458 -0.054311894 0.005595356 0.153225005 0.006176680 -0.741272986 0.023939133 0.670748174
1773839225.203149 -0.054410495 0.005607132 0.153203607 0.005985984 -0.741754949 0.024220867 0.670206726
1773839225.236949 -0.054530874 0.005642305 0.153157383 0.006434375 -0.742210865 0.024168504 0.669699550
1773839225.269471 -0.054673180 0.005467101 0.153139144 0.004110647 -0.742892206 0.022753539 0.669011593
1773839225.303734 -0.054786958 0.005563234 0.153152913 0.005762512 -0.743712544 0.023848230 0.668049157
1773839225.336883 -0.054920748 0.005529278 0.153141007 0.006320472 -0.744377971 0.023216896 0.667324841
1773839225.371095 -0.055027291 0.005568545 0.153157115 0.005919629 -0.744981766 0.023588268 0.666641355
1773839225.404380 -0.055175677 0.005603855 0.153131410 0.006573343 -0.745785654 0.023781553 0.665728867
1773839225.437558 -0.055307999 0.005524362 0.153090864 0.004140205 -0.746471584 0.022252621 0.665032208
1773839225.470110 -0.055458568 0.005565586 0.153053224 0.007952251 -0.747195780 0.024969798 0.664087117
1773839225.505370 -0.055579260 0.005542440 0.153049529 0.006247038 -0.748019814 0.023577651 0.663228035
1773839225.537633 -0.055695131 0.005544957 0.153072968 0.007128800 -0.749094605 0.023374245 0.662012160
1773839225.572330 -0.055844348 0.005523292 0.153083667 0.005263992 -0.750035882 0.022579234 0.660990655
1773839225.604606 -0.055958912 0.005526891 0.153097302 0.007672738 -0.750898123 0.024729857 0.659910262
1773839225.638973 -0.056107789 0.005506733 0.153100178 0.006201301 -0.751623273 0.023904931 0.659130156
1773839225.672118 -0.056220397 0.005508956 0.153104693 0.006815483 -0.752180159 0.023726083 0.658495009
1773839225.703091 -0.056382552 0.005495553 0.153126016 0.005674838 -0.752758801 0.023600906 0.657848716
1773839225.738695 -0.056511745 0.005482558 0.153154731 0.006901689 -0.753214240 0.025015451 0.657263160
1773839225.772197 -0.056632016 0.005526940 0.152926356 0.006031800 -0.752440453 0.024977492 0.658158958
1773839225.804458 -0.056780621 0.005514449 0.152944326 0.004963319 -0.752481997 0.024751602 0.658128798
1773839225.838185 -0.056902345 0.005511048 0.152957797 0.006773643 -0.752418876 0.024408719 0.658197641
1773839225.870258 -0.057054497 0.005512166 0.152693495 0.004818463 -0.751026750 0.023913478 0.659821093
1773839225.903955 -0.057174020 0.005662635 0.152604535 0.006712153 -0.750215650 0.023416460 0.660744309
1773839225.938005 -0.057275407 0.005567770 0.152556017 0.006590096 -0.749876797 0.026329460 0.661020577
1773839225.970114 -0.057430796 0.005611917 0.152578294 0.007235160 -0.749627531 0.025093328 0.661344528
1773839226.004270 -0.057553776 0.005490664 0.152591959 0.007981081 -0.749406815 0.024678539 0.661601603
1773839226.039013 -0.057718813 0.005638529 0.152468458 0.005605238 -0.748115778 0.025086017 0.663070202
1773839226.071570 -0.057839513 0.005511620 0.152607277 0.008751957 -0.748050690 0.025568163 0.663091123
1773839226.105652 -0.058005132 0.005554860 0.152701721 0.007550269 -0.747591972 0.024884129 0.663648963
1773839226.138240 -0.058129802 0.005646915 0.152732030 0.010370000 -0.746907294 0.026154973 0.664332628
1773839226.171447 -0.058235891 0.005566618 0.152554959 0.008041460 -0.745441079 0.025931329 0.666018367
1773839226.205142 -0.058372252 0.005587916 0.152486816 0.010246991 -0.744496226 0.026097378 0.667037666
1773839226.237408 -0.058495015 0.005597661 0.152424961 0.009962152 -0.743569374 0.025577776 0.668095171
1773839226.272299 -0.058627963 0.005632110 0.152347341 0.009724393 -0.742605150 0.025884846 0.669158340
1773839226.305747 -0.058747239 0.005615966 0.152248919 0.010642883 -0.741750538 0.026329435 0.670074344
1773839226.337964 -0.058896832 0.005632430 0.152162224 0.010145000 -0.740983307 0.025896773 0.670947134
1773839226.372174 -0.059025969 0.005666375 0.152104676 0.011233890 -0.740417421 0.026058663 0.671548069
1773839226.405541 -0.059221096 0.005490834 0.152483001 0.010644099 -0.741964281 0.025055146 0.669886529
1773839226.438300 -0.059396207 0.005338506 0.152746499 0.008879971 -0.742945731 0.023782145 0.668870032
1773839226.471949 -0.059555076 0.005341528 0.152704850 0.008422337 -0.742689610 0.024868380 0.669120908
1773839226.504168 -0.059693418 0.005303107 0.152668551 0.008811362 -0.742514729 0.023845831 0.669347107
1773839226.539154 -0.059829921 0.005413164 0.152670175 0.010585974 -0.742643833 0.024323592 0.669160962
1773839226.570723 -0.059996944 0.005356343 0.152689040 0.008100515 -0.743091881 0.023815835 0.668716431
1773839226.606004 -0.060135763 0.005380461 0.152659625 0.010168342 -0.743336260 0.024130644 0.668405235
1773839226.637891 -0.060276277 0.005385580 0.152614698 0.008807912 -0.743676424 0.024236754 0.668042183
1773839226.671517 -0.060437195 0.005415166 0.152561069 0.009801614 -0.743974388 0.024360402 0.667691946
1773839226.705519 -0.060557924 0.005487663 0.152310997 0.009376278 -0.743616939 0.024705308 0.668083489
1773839226.738381 -0.060715076 0.005479043 0.152228832 0.009017221 -0.744189858 0.024567114 0.667455316
1773839226.773109 -0.060872123 0.005534617 0.152241349 0.009741379 -0.745141566 0.025550453 0.666345477
1773839226.806059 -0.061025549 0.005509802 0.152207106 0.009724943 -0.745959759 0.025586745 0.665428281
1773839226.838143 -0.061178185 0.005458137 0.152195051 0.008470683 -0.746757925 0.025225962 0.664563358
1773839226.871599 -0.061360985 0.005479846 0.152214766 0.009315884 -0.747514129 0.025376560 0.663695574
1773839226.906041 -0.061513849 0.005459095 0.152163088 0.008035139 -0.747746408 0.024596363 0.663480103
1773839226.939697 -0.061669067 0.005508569 0.152137637 0.008866930 -0.748215795 0.025960121 0.662888050
1773839226.971958 -0.061844967 0.005403407 0.152090743 0.008037950 -0.748467267 0.024703298 0.662662745
1773839227.005036 -0.061994724 0.005469400 0.152085438 0.008669873 -0.749058604 0.025449054 0.661957979
1773839227.039908 -0.062140372 0.005487668 0.152075157 0.008631975 -0.749569833 0.025030784 0.661395490
1773839227.071799 -0.062319107 0.005433841 0.152031437 0.007877801 -0.750034809 0.024740681 0.660888553
1773839227.105726 -0.062477108 0.005492787 0.151989698 0.008586399 -0.750619173 0.025068792 0.660203516
1773839227.138395 -0.062636286 0.005496836 0.151991978 0.007596946 -0.751282156 0.024827341 0.659470260
1773839227.172640 -0.062792651 0.005470236 0.151953667 0.008450259 -0.751822531 0.024865991 0.658842325
1773839227.207309 -0.062935531 0.005481772 0.151926488 0.008887852 -0.752231061 0.025035441 0.658363581
1773839227.239107 -0.063091546 0.005432635 0.151912108 0.009216523 -0.752672791 0.024365647 0.657879174
1773839227.273089 -0.063240118 0.005475845 0.151864737 0.008748739 -0.752798378 0.024850890 0.657723725
1773839227.305207 -0.063419551 0.005433034 0.151799411 0.008278677 -0.752823353 0.023440417 0.657753050
1773839227.339721 -0.063584238 0.005432996 0.151859030 0.007175006 -0.753652394 0.023060342 0.656829357
1773839227.374413 -0.063734934 0.005427212 0.151801422 0.008985677 -0.754001319 0.024332419 0.656360567
1773839227.406607 -0.063923255 0.005424845 0.151782095 0.008512734 -0.754592836 0.023692837 0.655710101
1773839227.439099 -0.064096399 0.005423894 0.151751786 0.007850846 -0.755490839 0.021268850 0.654766798
1773839227.472237 -0.064240694 0.005435328 0.151668206 0.007386778 -0.756180346 0.022844413 0.653922617
1773839227.506493 -0.064400107 0.005400494 0.151675478 0.007729379 -0.757324755 0.022967085 0.652588665
1773839227.540220 -0.064589851 0.005480284 0.151630655 0.007609145 -0.758348048 0.021495812 0.651450872
1773839227.571758 -0.064736038 0.005442553 0.151583597 0.007583520 -0.759376585 0.022549473 0.650216222
1773839227.607577 -0.064909324 0.005413036 0.151590034 0.005955659 -0.760725856 0.021819219 0.648679078
1773839227.638998 -0.065084957 0.005383257 0.151530892 0.006985365 -0.761759162 0.020853400 0.647486925
1773839227.673608 -0.065209799 0.005476860 0.151537150 0.007072272 -0.763233244 0.022387279 0.645696461
1773839227.707904 -0.065369420 0.005395403 0.151481390 0.006458964 -0.764660716 0.022311013 0.644014418
1773839227.740385 -0.065548845 0.005450462 0.151456624 0.005820307 -0.766332328 0.021341732 0.642063379
1773839227.774298 -0.065677866 0.005450564 0.151349872 0.005692008 -0.767695487 0.020765746 0.640452981
1773839227.805715 -0.065830216 0.005492361 0.151320353 0.005517279 -0.769442737 0.022061830 0.638310850
1773839227.839324 -0.065976106 0.005458410 0.151311666 0.004426887 -0.771383524 0.021696409 0.635985136
1773839227.873715 -0.066113889 0.005438599 0.151290223 0.005189941 -0.773434401 0.020855589 0.633511901
1773839227.905950 -0.066270933 0.005453441 0.151271358 0.003613172 -0.775687397 0.021034935 0.630756378
1773839227.940274 -0.066415101 0.005472007 0.151223779 0.004007014 -0.777833819 0.021478483 0.628090143
1773839227.973797 -0.066535756 0.005473983 0.151138708 0.003569424 -0.779849350 0.020848718 0.625609875
1773839228.008290 -0.066666268 0.005443792 0.151052102 0.003379517 -0.781952918 0.020457719 0.622992516
1773839228.039893 -0.066819400 0.005398003 0.151110798 0.001901440 -0.784847379 0.020239951 0.619355619
1773839228.072641 -0.066941358 0.005452865 0.151064128 0.003507033 -0.787319660 0.019903818 0.616213799
1773839228.107458 -0.067058280 0.005460187 0.150998339 0.002300979 -0.789609969 0.020138180 0.613274276
1773839228.140992 -0.067163572 0.005441498 0.150934190 0.002666131 -0.792017639 0.019857550 0.610169411
1773839228.174839 -0.067280665 0.005455029 0.150933012 0.002897511 -0.794796944 0.019845931 0.606544077
1773839228.208815 -0.067403711 0.005420447 0.150848255 0.001993782 -0.797259510 0.019550074 0.603316724
1773839228.241434 -0.067513227 0.005393705 0.150855139 0.002166013 -0.800331891 0.019642770 0.599231482
1773839228.274848 -0.067633286 0.005398843 0.150807709 0.002540879 -0.803426445 0.019929355 0.595064938
1773839228.306947 -0.067719549 0.005442457 0.150733247 0.003285119 -0.806593060 0.020579539 0.590739667
1773839228.341301 -0.067820534 0.005385322 0.150676221 0.001579736 -0.810171664 0.019560615 0.585864127
1773839228.374249 -0.067911342 0.005471285 0.150628954 0.003704755 -0.814236343 0.020805152 0.580148816
1773839228.406505 -0.068031371 0.005455892 0.150645494 0.002525400 -0.818875849 0.020461254 0.573600292
1773839228.440707 -0.068118192 0.005455873 0.150618136 0.003656374 -0.823665679 0.021151321 0.566669285
1773839228.473613 -0.068181299 0.005550446 0.150558740 0.002545943 -0.828434587 0.021338586 0.559673250
1773839228.506486 -0.068287283 0.005610436 0.150435433 0.003957294 -0.833179355 0.022368899 0.552536070
1773839228.542448 -0.068393238 0.005584266 0.150422707 0.003218340 -0.838470280 0.022094090 0.544489741
1773839228.573677 -0.068429105 0.005530561 0.150377050 0.003579267 -0.843701780 0.022246594 0.536339164
1773839228.607826 -0.068557918 0.005582811 0.150391847 0.002855670 -0.849239528 0.022788331 0.527508080
1773839228.640047 -0.068651818 0.005606106 0.150368884 0.004078093 -0.854769528 0.023282951 0.518469334
1773839228.674032 -0.068698503 0.005629666 0.150308877 0.002878757 -0.859721720 0.024445115 0.510169387
1773839228.708598 -0.068758674 0.005644769 0.150243118 0.003346080 -0.864615023 0.023856403 0.501857102
1773839228.740060 -0.068802431 0.005578873 0.150178224 -0.002141597 0.869384348 -0.024174411 -0.493540168
1773839228.775042 -0.068920329 0.005769162 0.150199205 -0.004273517 0.874576211 -0.025934935 -0.484175235
1773839228.807732 -0.069013812 0.005849202 0.150174439 -0.004404356 0.879449010 -0.025807768 -0.475272566
1773839228.841880 -0.069099776 0.005851572 0.150185645 -0.003835400 0.884277344 -0.026804460 -0.466176450
1773839228.873836 -0.069163404 0.005843975 0.150164530 -0.004713479 0.888978481 -0.026932824 -0.457132071
1773839228.907953 -0.069209471 0.005828359 0.150070682 -0.003053118 0.893096864 -0.026851177 -0.449051976
1773839228.941407 -0.069296166 0.005890540 0.150088951 -0.004156134 0.897539079 -0.026440958 -0.440121919
1773839228.973790 -0.069349959 0.005864521 0.150060058 -0.004154280 0.901676893 -0.027439930 -0.431519032
1773839229.011323 -0.069425747 0.005904094 0.150046632 -0.003859905 0.905665100 -0.027035715 -0.423113406
1773839229.040402 -0.069508135 0.005865770 0.150011301 -0.003675784 0.909561813 -0.027532009 -0.414639413
1773839229.075066 -0.069489270 0.005917931 0.149925888 -0.003640736 0.913049996 -0.028176971 -0.406856984
1773839229.109154 -0.069637492 0.005935870 0.150001675 -0.004942126 0.917231202 -0.028558711 -0.397299558
1773839229.141647 -0.069667563 0.005904012 0.149947137 -0.003262985 0.920664012 -0.028243214 -0.389319360
1773839229.176119 -0.069807187 0.005834252 0.149938613 -0.003376255 0.924447417 -0.027558008 -0.380297512
1773839229.208539 -0.069858462 0.005907472 0.149899751 -0.003680034 0.927852750 -0.027930357 -0.371881306
1773839229.242488 -0.069936231 0.005746384 0.149850562 -0.002204588 0.931301832 -0.027826469 -0.363177299
1773839229.278374 -0.069957405 0.005847713 0.149783507 -0.003220737 0.934509218 -0.028451277 -0.354785383
1773839229.307914 -0.070017383 0.005867699 0.149793431 -0.002701614 0.938014090 -0.028403459 -0.345420837
1773839229.342263 -0.070038185 0.005784486 0.149817288 -0.002298546 0.941321790 -0.028117282 -0.336329341
1773839229.375828 -0.070148245 0.005745348 0.149819002 -0.002071109 0.944730639 -0.027650278 -0.326672941
1773839229.408127 -0.070096776 0.005825006 0.149734005 -0.003055650 0.947687209 -0.028640278 -0.317898363
1773839229.444195 -0.070319973 0.005779650 0.149805307 -0.002769873 0.951239288 -0.029169982 -0.307059050
1773839229.475379 -0.070480071 0.005760822 0.149749622 -0.002029020 0.954385877 -0.028154049 -0.297238708
1773839229.510477 -0.070489727 0.005813580 0.149724782 -0.003214583 0.957134128 -0.028698483 -0.288201779
1773839229.543114 -0.070461288 0.005806332 0.149712443 -0.002692095 0.959799349 -0.028783677 -0.279194266
1773839229.575728 -0.070446774 0.005826290 0.149701446 -0.002974139 0.962427437 -0.029839586 -0.269878179
1773839229.609968 -0.070555203 0.005846672 0.149679750 -0.002502332 0.965055108 -0.029329227 -0.260388464
1773839229.641242 -0.070557430 0.005772558 0.149662644 -0.002385732 0.967467308 -0.029746067 -0.251229942
1773839229.676525 -0.070927903 0.005942068 0.149706781 -0.003231193 0.970323324 -0.030768545 -0.239823848
1773839229.709436 -0.070912912 0.005947639 0.149629802 -0.003621270 0.972467601 -0.031256810 -0.230903968
1773839229.745870 -0.070961952 0.005902357 0.149646521 -0.002425470 0.974716723 -0.030892596 -0.221285030
1773839229.778469 -0.070881560 0.005834504 0.149667263 -0.002103860 0.976788223 -0.030700503 -0.211985335
1773839229.810043 -0.070987418 0.005941080 0.149538383 -0.002676700 0.978712380 -0.030491374 -0.202941269
1773839229.844994 -0.070770636 0.005926217 0.149486572 -0.002241891 0.980302930 -0.031754274 -0.194917470
1773839229.877553 -0.071176246 0.005713139 0.149654001 -0.002073570 0.982805133 -0.030136820 -0.182158038
1773839229.909066 -0.071259290 0.005658649 0.149633184 -0.001436693 0.984624863 -0.029595895 -0.172150955
1773839229.943815 -0.071597628 0.005801637 0.149684072 -0.001268041 0.986566544 -0.030760683 -0.160432771
1773839229.978004 -0.071521059 0.005729421 0.149615884 -0.000544637 0.987953007 -0.029947678 -0.151827902
1773839230.013343 -0.071717985 0.005725540 0.149768084 -0.001162373 0.989587367 -0.030934425 -0.140565187
1773839230.042305 -0.071449831 0.005514237 0.149634808 0.000278312 0.990596950 -0.028977698 -0.133708477
1773839230.077640 -0.071708813 0.005461184 0.149740234 -0.000213250 0.991974354 -0.028569615 -0.123168878
1773839230.110661 -0.071929067 0.005642935 0.149810761 -0.000005621 0.993158042 -0.029529799 -0.112982713
1773839230.142053 -0.071871355 0.005537374 0.149768263 -0.000625824 0.994071066 -0.028988795 -0.104794808
1773839230.176492 -0.071779080 0.005657486 0.149602666 0.000141682 0.994792342 -0.030422889 -0.097276233
1773839230.208993 -0.071941800 0.005544766 0.149748683 0.000403829 0.995732784 -0.029299680 -0.087507635
1773839230.243001 -0.071734205 0.005592037 0.149609506 0.000781404 0.996276259 -0.029423457 -0.081038594
1773839230.276129 -0.072128646 0.005867028 0.149639204 0.000179984 0.996975780 -0.031810381 -0.070904002
1773839230.309897 -0.072170638 0.005837755 0.149612680 -0.000149681 0.997499764 -0.030942600 -0.063536026
1773839230.344562 -0.072130837 0.005857526 0.149608031 -0.000026496 0.997870326 -0.030787770 -0.057506524
1773839230.375858 -0.072130993 0.005866067 0.149657115 0.000291627 0.998190939 -0.031370047 -0.051290438
1773839230.409398 -0.072072595 0.005817103 0.149540722 -0.000048410 0.998437345 -0.030792752 -0.046634357
1773839230.445079 -0.072141916 0.005865910 0.149622828 0.000255614 0.998677433 -0.030809464 -0.041159127
1773839230.478564 -0.072166435 0.005868168 0.149580449 0.000080472 0.998826802 -0.031389333 -0.036873732
1773839230.512773 -0.072132774 0.005840118 0.149478838 -0.000303155 0.998986542 -0.029538583 -0.033959992
1773839230.544057 -0.072277218 0.005928718 0.149655625 -0.000555038 0.999138355 -0.030144779 -0.028521402
1773839230.576950 -0.072275124 0.005928685 0.149688676 -0.000795931 0.999234617 -0.030644478 -0.024297716
1773839230.611253 -0.072140865 0.005844412 0.149510235 -0.000239227 0.999319136 -0.029702188 -0.021884495
1773839230.644029 -0.072113372 0.005826935 0.149456918 -0.000137765 0.999375761 -0.029838996 -0.018910814
1773839230.677519 -0.072307289 0.005949782 0.149300799 -0.001170060 0.999418437 -0.030314425 -0.015569839
1773839230.709697 -0.072317503 0.005957510 0.149400324 -0.002192234 0.999463141 -0.030077575 -0.012806025
1773839230.745068 -0.072308391 0.005952233 0.149383232 -0.002223606 0.999483705 -0.029986301 -0.011325113
1773839230.780215 -0.072292112 0.005932347 0.149256662 -0.001699932 0.999504745 -0.029356034 -0.011206425
1773839230.811666 -0.072309569 0.005946876 0.149305105 -0.002099434 0.999502838 -0.029701868 -0.010366342
1773839230.847913 -0.072303578 0.005941059 0.149287641 -0.001368200 0.999487221 -0.030442784 -0.009831500
1773839230.877470 -0.072308302 0.005948199 0.149283171 -0.001382847 0.999495268 -0.030326104 -0.009360778
1773839230.910045 -0.072386064 0.005903838 0.148847893 -0.001396709 0.999520063 -0.029336020 -0.009851764
1773839230.946911 -0.072367333 0.005919658 0.148806080 -0.000262066 0.999490619 -0.030523345 -0.009313394
1773839230.977663 -0.072423689 0.005928903 0.148807690 -0.000061859 0.999506772 -0.030370636 -0.007988654
1773839231.011412 -0.072302267 0.005996018 0.148574367 0.001014155 0.999473929 -0.031180354 -0.008866164
1773839231.043318 -0.072392732 0.005847414 0.148434877 -0.001008845 0.999555230 -0.028711008 -0.008001682
1773839231.078045 -0.072472207 0.005894480 0.148380980 -0.000979062 0.999535203 -0.029588196 -0.007279658
1773839231.110802 -0.072399043 0.005843836 0.148219526 -0.000531659 0.999530792 -0.029516490 -0.008168627
1773839231.143419 -0.072359540 0.005816230 0.148193121 -0.000989038 0.999541104 -0.028890181 -0.009054742
1773839231.176510 -0.072515801 0.005899209 0.147925928 -0.000869017 0.999524772 -0.029314484 -0.009492869
1773839231.211205 -0.072463408 0.005816318 0.147944435 0.000107395 0.999535799 -0.028631134 -0.010411236
1773839231.244675 -0.072389238 0.005747284 0.147708461 -0.000272293 0.999520361 -0.028366020 -0.012423915
1773839231.276740 -0.072594404 0.005877351 0.147704318 -0.000524986 0.999473393 -0.030290451 -0.011623167
1773839231.310928 -0.072540678 0.005879556 0.147601321 -0.000630577 0.999448895 -0.030702619 -0.012605730
1773839231.344306 -0.072457112 0.005838835 0.147281036 -0.000108556 0.999434054 -0.030363275 -0.014477731
1773839231.376697 -0.072549976 0.005810515 0.147441357 0.000266075 0.999490261 -0.029120924 -0.013080033
1773839231.411158 -0.072655410 0.005915223 0.147294253 0.000548407 0.999488056 -0.029474555 -0.012432768
1773839231.443289 -0.072603934 0.005839452 0.146983787 0.000332910 0.999463379 -0.030015511 -0.013110357
1773839231.478290 -0.072858103 0.005917517 0.147080958 0.000427543 0.999500096 -0.030044638 -0.009836386
1773839231.512945 -0.072637923 0.005871056 0.146706522 -0.000291470 0.999484181 -0.029949008 -0.011590125
1773839231.545276 -0.072663799 0.005844247 0.146558896 0.000032022 0.999484479 -0.030335635 -0.010511318
1773839231.584887 -0.072548531 0.005807416 0.146381259 0.000288756 0.999497592 -0.029798636 -0.010793892
1773839231.610133 -0.072583660 0.005922394 0.146337122 0.000423455 0.999480844 -0.030700848 -0.009760667
1773839231.642998 -0.072639540 0.005946399 0.146260932 0.001777041 0.999510169 -0.030077690 -0.008462404
1773839231.682704 -0.072537169 0.005833607 0.146096095 0.000298798 0.999551415 -0.028807770 -0.008184388
1773839231.709676 -0.072660722 0.005848935 0.145878747 0.001319371 0.999554873 -0.029118918 -0.006357013
1773839231.749556 -0.072688974 0.005886768 0.145759374 0.001318002 0.999532700 -0.030132772 -0.004962441
1773839231.776941 -0.072690748 0.005927104 0.145572975 0.000552056 0.999498010 -0.031465892 -0.003654641
1773839231.811953 -0.072777413 0.005873018 0.145538986 0.000156474 0.999500155 -0.031580627 -0.001467333
1773839231.849575 -0.072764121 0.005819121 0.145403787 -0.000711509 0.999499083 -0.031638611 -0.000192973
1773839231.877584 -0.072790690 0.005942135 0.145322382 0.001461035 0.999471962 -0.032429572 0.001414649
1773839231.915964 -0.072711550 0.005835410 0.145002276 0.000430329 0.999514401 -0.031069225 0.002340757
1773839231.944257 -0.072718963 0.005855636 0.144867867 0.001215068 0.999529839 -0.030286774 0.004616245
1773839231.978503 -0.072819360 0.005909801 0.144810051 0.001986112 0.999459207 -0.031860564 0.007891311
1773839232.017700 -0.072729282 0.005935308 0.144649550 0.001359382 0.999399900 -0.033158422 0.009924876
1773839232.044264 -0.072605044 0.005924331 0.144459113 0.002054693 0.999371707 -0.033313736 0.011921191
1773839232.084661 -0.072793707 0.005857435 0.144323125 0.001537238 0.999301732 -0.033346392 0.016785290
1773839232.112392 -0.072765574 0.005822725 0.144207627 0.001301108 0.999304414 -0.031752057 0.019514875
1773839232.146074 -0.072803736 0.005853422 0.144119933 0.002184534 0.999200463 -0.032609340 0.023028174
1773839232.181076 -0.072758183 0.005799290 0.143884271 0.001787011 0.999163985 -0.032128159 0.025217546
1773839232.213336 -0.072778657 0.005908599 0.143757954 0.001751915 0.999044597 -0.033780672 0.027669184
1773839232.256596 -0.072844252 0.005836674 0.143644080 0.001738526 0.998968661 -0.034103230 0.029925838
1773839232.281079 -0.072761729 0.005838222 0.143509179 0.002819167 0.998966038 -0.033425666 0.030684615
1773839232.310672 -0.072814867 0.005824650 0.143391013 0.001987646 0.998929918 -0.033419434 0.031909999
1773839232.358102 -0.072853908 0.005804833 0.143347293 0.002146375 0.998891473 -0.033766970 0.032725021
1773839232.379250 -0.072824299 0.005802847 0.143167078 0.002055276 0.998863220 -0.034128286 0.033216488
1773839232.415834 -0.072949059 0.005816246 0.142983094 0.002403367 0.998813033 -0.034044798 0.034751184
1773839232.445856 -0.072978616 0.005843488 0.142904535 0.001564847 0.998753011 -0.034770258 0.035790883
1773839232.478535 -0.072987728 0.005809554 0.142763242 0.001938940 0.998721123 -0.034889225 0.036539409
1773839232.517460 -0.073002949 0.005773908 0.142592609 0.001889795 0.998701215 -0.034472372 0.037470024
1773839232.545238 -0.073021375 0.005844945 0.142459318 0.002190487 0.998625815 -0.035295766 0.038677633
1773839232.583793 -0.072986543 0.005795951 0.142296553 0.002144233 0.998596847 -0.035169203 0.039533284
1773839232.613364 -0.072916925 0.005802934 0.142175436 0.002309207 0.998591244 -0.034984700 0.039828602
1773839232.646711 -0.072992824 0.005843082 0.142026082 0.002278611 0.998534858 -0.035339009 0.040915307
1773839232.686395 -0.073031768 0.005903793 0.141865239 0.002161664 0.998461366 -0.036595769 0.041604631
1773839232.712044 -0.073044516 0.005786060 0.141776100 0.002231839 0.998500407 -0.035036527 0.042004284
1773839232.753627 -0.073010303 0.005781363 0.141596213 0.002949505 0.998514652 -0.034892142 0.041740254
1773839232.779272 -0.072974578 0.005815316 0.141462669 0.002127764 0.998501778 -0.036019936 0.041135393
1773839232.812548 -0.073001474 0.005804665 0.141331762 0.002237007 0.998553097 -0.035021108 0.040746111
1773839232.853387 -0.073013447 0.005827066 0.141178697 0.002848299 0.998569369 -0.035423346 0.039953351
1773839232.880012 -0.072965734 0.005748813 0.141089991 0.002881700 0.998627841 -0.035672460 0.038229786
1773839232.924455 -0.073035337 0.005770312 0.140891477 0.002253856 0.998652577 -0.036404081 0.036914658
1773839232.951550 -0.073045254 0.005749362 0.140724674 0.003337379 0.998777390 -0.034895681 0.034854989
1773839232.983217 -0.073028333 0.005793047 0.140572399 0.002889799 0.998784244 -0.036836199 0.032629687
1773839233.017874 -0.073028699 0.005757353 0.140453696 0.002219955 0.998839915 -0.037115041 0.030599285
1773839233.046983 -0.073054336 0.005757804 0.140268505 0.003124692 0.998940051 -0.036051448 0.028448714
1773839233.086536 -0.073000081 0.005768086 0.140160635 0.003699671 0.998961508 -0.037036657 0.026278421
1773839233.112997 -0.073025525 0.005755491 0.140114009 0.003452564 0.998985231 -0.037265360 0.025056606
1773839233.145538 -0.073042393 0.005768547 0.139992923 0.004025329 0.999024630 -0.037195832 0.023453418
1773839233.191871 -0.073123515 0.005744837 0.139822870 0.003954956 0.999037027 -0.037305817 0.022753390
1773839233.213557 -0.073085018 0.005791207 0.139646366 0.003891945 0.999058008 -0.037359901 0.021730483
1773839233.251570 -0.073002286 0.005756169 0.139518112 0.004594586 0.999067545 -0.037634231 0.020655595
1773839233.280255 -0.073013365 0.005721733 0.139364630 0.004863779 0.999078274 -0.037381187 0.020532098
1773839233.313282 -0.073039815 0.005698982 0.139306098 0.004577331 0.999075651 -0.037402496 0.020687515
1773839233.356211 -0.073119402 0.005652272 0.139174029 0.004376739 0.999076366 -0.037039582 0.021339031
1773839233.380085 -0.073083520 0.005666682 0.139014199 0.004879168 0.999062121 -0.037198167 0.021618176
1773839233.419399 -0.073128082 0.005811336 0.138853505 0.004466927 0.998988390 -0.038630623 0.022581372
1773839233.445369 -0.073039949 0.005677340 0.138720721 0.005624970 0.999035954 -0.037050877 0.022863982
1773839233.479785 -0.073104776 0.005647508 0.138621897 0.005076983 0.999003232 -0.037573449 0.023558374
1773839233.519684 -0.073105901 0.005650978 0.138415098 0.005145735 0.999029875 -0.036751475 0.023709768
1773839233.546530 -0.073128335 0.005627951 0.138321042 0.004591338 0.999005735 -0.037274294 0.024023434
1773839233.584825 -0.073110878 0.005652823 0.138094813 0.005065476 0.998977780 -0.037893809 0.024121588
1773839233.612747 -0.073089704 0.005678694 0.137962401 0.004418657 0.998978853 -0.037915938 0.024167504
1773839233.647884 -0.073124722 0.005673613 0.137857050 0.005054041 0.998946011 -0.038292896 0.024800649
1773839233.689594 -0.073058560 0.005653261 0.137668476 0.005234330 0.998951733 -0.037951946 0.025053442
1773839233.714293 -0.073105589 0.005630044 0.137519717 0.005410437 0.998940885 -0.037496369 0.026111951
1773839233.751664 -0.073099755 0.005662842 0.137376025 0.005285618 0.998915136 -0.037414115 0.027217682
1773839233.780536 -0.073176757 0.005683422 0.137228116 0.006258811 0.998842299 -0.037620872 0.029318623
1773839233.813866 -0.073186889 0.005661785 0.137085140 0.005307199 0.998772502 -0.038163733 0.031126974
1773839233.851365 -0.073187962 0.005638415 0.136957526 0.006401584 0.998697460 -0.038269490 0.033134356
1773839233.880240 -0.073131144 0.005576932 0.136786208 0.005881872 0.998641014 -0.038391758 0.034750152
1773839233.918863 -0.073203385 0.005632654 0.136670142 0.005858088 0.998546481 -0.038907081 0.036836006
1773839233.947107 -0.073254444 0.005640723 0.136526361 0.007136720 0.998498738 -0.038130786 0.038669728
1773839233.980404 -0.073200248 0.005622056 0.136380479 0.006826509 0.998490691 -0.037552334 0.039491463
1773839234.019280 -0.073166184 0.005602239 0.136237010 0.006864208 0.998471260 -0.037037048 0.040450655
1773839234.047390 -0.073170200 0.005609899 0.136101589 0.007968603 0.998403609 -0.037526332 0.041454848
1773839234.085578 -0.073191173 0.005623250 0.135977104 0.007001439 0.998378098 -0.037643462 0.042131931
1773839234.113472 -0.073161848 0.005628593 0.135783032 0.007322762 0.998373032 -0.037065614 0.042705078
1773839234.146747 -0.073165871 0.005636716 0.135659367 0.007818679 0.998346865 -0.037087861 0.043208040
1773839234.185851 -0.073166437 0.005660249 0.135535702 0.007177823 0.998369634 -0.036230810 0.043518357
1773839234.214387 -0.073151752 0.005637351 0.135389492 0.008242906 0.998323083 -0.036810286 0.043910574
1773839234.252548 -0.073154263 0.005631744 0.135200992 0.007693151 0.998344839 -0.036243025 0.043987136
1773839234.281309 -0.073189341 0.005656713 0.135062650 0.008391118 0.998313487 -0.036674522 0.044212054
1773839234.314606 -0.073154613 0.005640767 0.134874344 0.006677556 0.998390198 -0.035466492 0.043756012
1773839234.352692 -0.073218122 0.005637837 0.134747744 0.008404674 0.998409450 -0.035019793 0.043376170
1773839234.381267 -0.073108181 0.005648744 0.134597182 0.008098928 0.998460352 -0.035351351 0.041971669
1773839234.419485 -0.073136501 0.005622034 0.134363845 0.008779410 0.998517454 -0.034636278 0.041062340
1773839234.448260 -0.073166743 0.005601878 0.134287536 0.008139290 0.998581946 -0.034062192 0.040095333
1773839234.480458 -0.073216081 0.005561296 0.134195581 0.008245037 0.998587370 -0.034307495 0.039728180
1773839234.519874 -0.073121883 0.005555051 0.133937404 0.008958494 0.998644829 -0.034057695 0.038318396
1773839234.548898 -0.073154420 0.005549451 0.133814275 0.008941282 0.998670816 -0.033705756 0.037955482
1773839234.586444 -0.073256373 0.005483549 0.133747995 0.009560293 0.998666942 -0.033128873 0.038411219
1773839234.615221 -0.073332913 0.005437946 0.133563682 0.009023421 0.998694181 -0.032363217 0.038486831
1773839234.648273 -0.073041774 0.005610589 0.133235425 0.009214987 0.998724639 -0.032833595 0.037230853
1773839234.693146 -0.073104858 0.005629878 0.133035123 0.009211043 0.998698354 -0.032944296 0.037834257
1773839234.713453 -0.073075362 0.005582468 0.132984385 0.010621258 0.998663545 -0.033345241 0.038031343
1773839234.751881 -0.073039562 0.005606032 0.132795721 0.008136883 0.998704970 -0.032830901 0.038004704
1773839234.781619 -0.072971523 0.005561912 0.132668614 0.009005176 0.998737872 -0.032119319 0.037547953
1773839234.814330 -0.072984867 0.005602750 0.132486209 0.010054991 0.998692811 -0.033029538 0.037690308
1773839234.853552 -0.072964638 0.005551076 0.132340372 0.009828840 0.998758435 -0.031245710 0.037531294
1773839234.881547 -0.072979368 0.005576949 0.132140011 0.009152046 0.998726845 -0.032016896 0.037892502
1773839234.920719 -0.072959229 0.005570096 0.132049263 0.010027103 0.998703361 -0.032107860 0.038210832
1773839234.948630 -0.072906338 0.005577647 0.131879419 0.010132829 0.998678386 -0.032733671 0.038305860
1773839234.986616 -0.072875842 0.005611271 0.131662562 0.010095909 0.998676777 -0.032151185 0.038846862
1773839235.014887 -0.072917864 0.005593838 0.131503850 0.009808999 0.998655975 -0.031616878 0.039879013
1773839235.049174 -0.072912976 0.005586040 0.131388813 0.011059396 0.998606324 -0.032158453 0.040359642
1773839235.088670 -0.072852425 0.005586849 0.131236210 0.009871123 0.998622894 -0.031926889 0.040441405
1773839235.115301 -0.072854593 0.005527518 0.130942658 0.009374881 0.998631835 -0.031533245 0.040647615
1773839235.153537 -0.072723046 0.005524948 0.130739152 0.009916810 0.998664618 -0.031034382 0.040093262
1773839235.182189 -0.072673224 0.005518640 0.130631387 0.009898272 0.998672545 -0.030771350 0.040103227
1773839235.215303 -0.072687805 0.005473706 0.130407467 0.008995355 0.998669744 -0.030588355 0.040523447
1773839235.254002 -0.072687499 0.005494256 0.130228534 0.010599563 0.998623550 -0.030647416 0.041223422
1773839235.281572 -0.072663970 0.005496738 0.130055934 0.009100552 0.998568833 -0.031666268 0.042127483
1773839235.316294 -0.072769396 0.005495867 0.129921064 0.010606330 0.998526335 -0.030043367 0.043932416
1773839235.361554 -0.072749190 0.005491061 0.129739046 0.010678797 0.998438835 -0.030424155 0.045609292
1773839235.382901 -0.072761409 0.005462639 0.129599184 0.010855424 0.998320818 -0.031021416 0.047700088
1773839235.424599 -0.072632402 0.005418129 0.129356384 0.008995795 0.998294055 -0.030557619 0.048931472
1773839235.449297 -0.072669983 0.005463222 0.129176095 0.010846069 0.998215735 -0.029463086 0.050789692
1773839235.481648 -0.072608225 0.005451768 0.129029885 0.009936271 0.998189867 -0.027909771 0.052338228
1773839235.520780 -0.072641164 0.005452780 0.128876194 0.009130131 0.998076558 -0.028983206 0.054034427
1773839235.549059 -0.072637931 0.005463635 0.128661260 0.009637157 0.998034358 -0.026882278 0.055784173
1773839235.587919 -0.072676748 0.005487267 0.128531232 0.011961310 0.997794151 -0.029508069 0.058250077
1773839235.615104 -0.072595470 0.005468361 0.128385827 0.009977966 0.997696698 -0.029692089 0.060167480
1773839235.647967 -0.072593614 0.005498636 0.128224090 0.011489682 0.997564733 -0.029278234 0.062252592
1773839235.687654 -0.072558075 0.005456268 0.128110230 0.011538106 0.997454762 -0.029243162 0.063998401
1773839235.716015 -0.072602369 0.005488052 0.127909362 0.013000068 0.997301221 -0.029182022 0.066103406
1773839235.753960 -0.072531492 0.005476850 0.127799138 0.011752225 0.997210383 -0.029595336 0.067509048
1773839235.782969 -0.072521269 0.005444066 0.127635106 0.011805478 0.997185707 -0.028212974 0.068448938
1773839235.816466 -0.072498202 0.005462895 0.127468422 0.012856981 0.997132480 -0.027692106 0.069243431
1773839235.855839 -0.072516121 0.005463171 0.127265081 0.012700336 0.997090757 -0.026936907 0.070165418
1773839235.882220 -0.072472043 0.005469421 0.127085388 0.011909542 0.997093081 -0.025882982 0.070665285
1773839235.921870 -0.072490461 0.005449085 0.126885206 0.012828379 0.997047246 -0.025593091 0.071254872
1773839235.949669 -0.072505340 0.005477625 0.126683548 0.012560983 0.996994674 -0.026013359 0.071882114
1773839235.983222 -0.072437078 0.005472233 0.126533747 0.011621252 0.997015655 -0.025629297 0.071887873
1773839236.021928 -0.072472855 0.005453384 0.126379251 0.011604655 0.997028410 -0.024185106 0.072213300
1773839236.050380 -0.072383657 0.005439009 0.126247734 0.010799985 0.997052610 -0.023506792 0.072228193
1773839236.090529 -0.072359256 0.005443922 0.125990108 0.011735599 0.997042298 -0.022572024 0.072522067
1773839236.116522 -0.072349869 0.005409657 0.125829399 0.011192812 0.996997237 -0.022570914 0.073224612
1773839236.150348 -0.072300449 0.005488106 0.125629157 0.011324025 0.997001827 -0.021693327 0.073406927
1773839236.188915 -0.072267801 0.005511506 0.125397786 0.010263711 0.997015834 -0.021576921 0.073406786
1773839236.216283 -0.072237685 0.005485941 0.125184372 0.011225393 0.997027040 -0.019696202 0.073642321
1773839236.254137 -0.072240531 0.005481886 0.125021204 0.010733469 0.996975541 -0.019583650 0.074438766
1773839236.283186 -0.072187074 0.005461283 0.124850117 0.010134348 0.996932626 -0.019201197 0.075192489
1773839236.317275 -0.072134919 0.005439133 0.124680117 0.010516153 0.996880233 -0.018081874 0.076106943
1773839236.360130 -0.072113484 0.005459216 0.124505408 0.010527981 0.996791422 -0.019674830 0.076869600
1773839236.384238 -0.072120711 0.005504757 0.124340706 0.011369989 0.996716738 -0.019143498 0.077846266
1773839236.421509 -0.072164796 0.005458380 0.124166004 0.011020014 0.996685565 -0.018237391 0.078510329
1773839236.450218 -0.072067700 0.005440907 0.123998031 0.010303609 0.996686697 -0.018503314 0.078531168
1773839236.484040 -0.071986362 0.005466931 0.123760976 0.011413018 0.996751428 -0.016216528 0.078059271
1773839236.521764 -0.071983442 0.005464111 0.123602666 0.010131234 0.996731937 -0.017812209 0.078137249
1773839236.550040 -0.071921326 0.005435513 0.123478755 0.011761260 0.996796548 -0.014755764 0.077721007
1773839236.590953 -0.071915910 0.005464470 0.123238146 0.010326449 0.996767223 -0.016043356 0.078044459
1773839236.616061 -0.071890958 0.005467142 0.123047374 0.010362212 0.996798754 -0.014386552 0.077960134
1773839236.649666 -0.071834780 0.005493269 0.122861117 0.010258787 0.996775746 -0.015291885 0.078095563
1773839236.688470 -0.071784273 0.005474672 0.122729547 0.010382304 0.996778607 -0.015926357 0.077916406
1773839236.716959 -0.071775861 0.005461891 0.122528024 0.010360765 0.996811390 -0.016015997 0.077479966
1773839236.759817 -0.071726874 0.005485492 0.122378677 0.009150798 0.996829569 -0.017513094 0.077074170
1773839236.783751 -0.071674302 0.005441723 0.122227311 0.010424899 0.996848762 -0.016793128 0.076823309
1773839236.816594 -0.071735479 0.005430310 0.122033685 0.009463121 0.996832430 -0.017910216 0.076907739
1773839236.855840 -0.071646661 0.005481923 0.121833824 0.009510160 0.996890903 -0.016829563 0.076386072
1773839236.884424 -0.071566194 0.005460809 0.121685162 0.009312376 0.996916175 -0.019250816 0.075503558
1773839236.922388 -0.071626343 0.005454826 0.121438824 0.010043769 0.996907532 -0.019641424 0.075423345
1773839236.950346 -0.071613334 0.005488012 0.121265605 0.010559904 0.996888459 -0.020965818 0.075248107
1773839236.982979 -0.071589738 0.005462144 0.121085644 0.010666870 0.996941507 -0.018975811 0.075058728
1773839237.022237 -0.071595296 0.005492082 0.120890900 0.009053664 0.996892631 -0.021168577 0.075332224
1773839237.050482 -0.071588986 0.005457334 0.120724455 0.011366698 0.996854782 -0.020172747 0.075791486
1773839237.090467 -0.071560748 0.005442242 0.120555378 0.010911711 0.996815026 -0.020901157 0.076183349
1773839237.117672 -0.071519740 0.005463751 0.120348305 0.011723650 0.996798575 -0.019450760 0.076660492
1773839237.149801 -0.071539566 0.005526411 0.120114543 0.011474681 0.996652722 -0.021843232 0.077939376
1773839237.192714 -0.071567118 0.005459731 0.119947836 0.011299242 0.996578693 -0.021791575 0.078920156
1773839237.217174 -0.071525037 0.005486373 0.119715385 0.011892496 0.996515751 -0.022026205 0.079560123
1773839237.256874 -0.071514457 0.005508436 0.119573921 0.011597011 0.996460855 -0.022048984 0.080281831
1773839237.284853 -0.071508095 0.005535177 0.119374819 0.011468003 0.996414363 -0.022524495 0.080743723
1773839237.317078 -0.071512260 0.005498591 0.119193196 0.013000703 0.996367872 -0.022294370 0.081147939
1773839237.357762 -0.071535572 0.005547214 0.119011737 0.011745658 0.996349275 -0.022818884 0.081421353
1773839237.384679 -0.071452059 0.005537236 0.118859552 0.011417605 0.996368468 -0.023087878 0.081156820
1773839237.423652 -0.071495011 0.005540510 0.118678987 0.013838171 0.996348441 -0.022997802 0.081051968
1773839237.451115 -0.071421504 0.005561773 0.118481003 0.011271875 0.996432602 -0.022631451 0.080515675
1773839237.484497 -0.071355894 0.005501668 0.118358962 0.011695852 0.996474564 -0.022384379 0.080004022
1773839237.523149 -0.071428552 0.005545953 0.118188538 0.012386872 0.996440232 -0.023207845 0.080092847
1773839237.550520 -0.071366072 0.005572000 0.118007548 0.011503670 0.996460199 -0.023877496 0.079778686
1773839237.590517 -0.071333706 0.005548033 0.117822528 0.010999018 0.996441066 -0.024070624 0.080030665
1773839237.617951 -0.071401171 0.005545121 0.117669366 0.012444078 0.996341765 -0.023548499 0.081201494
1773839237.652038 -0.071348622 0.005551955 0.117488384 0.011849847 0.996274114 -0.024369778 0.081875354
1773839237.690308 -0.071340583 0.005545155 0.117359772 0.011253475 0.996190548 -0.024253994 0.083003677
1773839237.718405 -0.071314193 0.005532478 0.117188357 0.012373215 0.996060371 -0.024555868 0.084307298
1773839237.757208 -0.071286917 0.005545338 0.116964027 0.012086027 0.995908737 -0.025620375 0.085809901
1773839237.785290 -0.071324795 0.005503363 0.116857126 0.012211136 0.995790243 -0.025455106 0.087205194
1773839237.819311 -0.071251437 0.005499027 0.116705365 0.012042844 0.995729446 -0.025282027 0.087969780
1773839237.856595 -0.071240835 0.005516461 0.116514988 0.012100014 0.995533109 -0.028069729 0.089328535
1773839237.885446 -0.071278483 0.005510261 0.116321713 0.015088552 0.995392919 -0.026043961 0.091033004
1773839237.923792 -0.071295179 0.005497246 0.116092704 0.013783649 0.995313287 -0.026446583 0.091989383
1773839237.952229 -0.071297690 0.005522874 0.115925916 0.015275115 0.995211840 -0.025970075 0.092981935
1773839237.984110 -0.071211509 0.005538112 0.115725845 0.014255776 0.995130360 -0.028071566 0.093404062
1773839238.023930 -0.071176402 0.005529145 0.115559570 0.014868112 0.995130360 -0.027343154 0.093524285
1773839238.051667 -0.071150504 0.005509926 0.115416043 0.014419712 0.995164454 -0.027446959 0.093200751
1773839238.089746 -0.071130589 0.005518730 0.115208499 0.014981752 0.995167971 -0.028261922 0.092830367
1773839238.119168 -0.071130402 0.005521256 0.115047358 0.014985196 0.995186269 -0.029214097 0.092337817
1773839238.152050 -0.071092606 0.005532732 0.114888377 0.015819542 0.995272160 -0.028726174 0.091421157
1773839238.186075 -0.071064740 0.005507687 0.114724621 0.015305465 0.995356679 -0.029081430 0.090471581
1773839238.220403 -0.071022339 0.005529345 0.114539146 0.015522951 0.995465875 -0.028596384 0.089380644
1773839238.256207 -0.071011752 0.005483870 0.114415355 0.014944725 0.995522082 -0.029502450 0.088555329
1773839238.285178 -0.070957959 0.005431413 0.114240348 0.016127735 0.995606124 -0.029314216 0.087458588
1773839238.319381 -0.070933759 0.005508279 0.114095926 0.014434447 0.995661318 -0.030661706 0.086660780
1773839238.358584 -0.070865177 0.005442303 0.113910951 0.015732188 0.995775759 -0.029698646 0.085446991
1773839238.386032 -0.070813201 0.005485391 0.113738209 0.015194078 0.995853364 -0.029982312 0.084535323
1773839238.424649 -0.070819110 0.005394220 0.113557786 0.015754830 0.995912075 -0.029427061 0.083934523
1773839238.452353 -0.070788011 0.005425424 0.113405801 0.015543919 0.995956182 -0.029693788 0.083354674
1773839238.486063 -0.070750713 0.005392207 0.113248952 0.015239900 0.995944917 -0.030126197 0.083389878
1773839238.526961 -0.070738256 0.005404623 0.113068007 0.015800556 0.995859087 -0.030936262 0.084011592
1773839238.552709 -0.070680074 0.005497328 0.112909093 0.015751230 0.995788157 -0.032201163 0.084385648
1773839238.590926 -0.070707448 0.005367710 0.112765715 0.015281780 0.995820045 -0.029725170 0.085001700
1773839238.620159 -0.070663579 0.005203459 0.112745300 0.016632935 0.995758593 -0.029153390 0.085663438
1773839238.662677 -0.070664972 0.005392486 0.112430573 0.018015789 0.995604932 -0.030023415 0.086861320
1773839238.685511 -0.070647478 0.005434208 0.112287655 0.017405100 0.995487273 -0.030044420 0.088315032
1773839238.719439 -0.070635453 0.005453611 0.112149999 0.016320441 0.995320320 -0.030589752 0.090196714
1773839238.758364 -0.070636414 0.005439944 0.112016447 0.018873848 0.995023727 -0.031542566 0.092609867
1773839238.786346 -0.070576563 0.005376866 0.111880153 0.017648567 0.994877458 -0.031729430 0.094343416
1773839238.825247 -0.070570767 0.005437440 0.111663945 0.017913520 0.994729519 -0.030518608 0.096233569
1773839238.852482 -0.070578277 0.005392488 0.111509994 0.018269408 0.994537830 -0.030675795 0.098080426
1773839238.886470 -0.070554279 0.005370586 0.111353084 0.018652868 0.994416833 -0.030600185 0.099251635
1773839238.920618 -0.070563391 0.005379179 0.111198112 0.018515663 0.994295835 -0.030588558 0.100484900
1773839238.952747 -0.070588037 0.005348777 0.111094341 0.018248953 0.994201124 -0.030808872 0.101399675
1773839238.989191 -0.070567198 0.005306691 0.110952877 0.018686553 0.994109273 -0.031435713 0.102026373
1773839239.020383 -0.070501201 0.005368709 0.110793173 0.018760767 0.994080544 -0.032300077 0.102022290
1773839239.053120 -0.070466839 0.005360260 0.110677280 0.018560475 0.994087279 -0.032595411 0.101899698
1773839239.086550 -0.070510030 0.005339286 0.110441148 0.019259620 0.994085431 -0.032240994 0.101900361
1773839239.120290 -0.070490986 0.005344793 0.110286623 0.018753000 0.994151771 -0.031107835 0.101699956
1773839239.154227 -0.070461288 0.005330674 0.110147297 0.018948231 0.994159341 -0.030912828 0.101649120
1773839239.186214 -0.070455700 0.005342245 0.109982453 0.019387942 0.994162917 -0.030491220 0.101658553
1773839239.221352 -0.070437454 0.005374869 0.109715991 0.019302841 0.994153500 -0.030519266 0.101758413
1773839239.260591 -0.070434086 0.005374401 0.109571308 0.019888099 0.994078934 -0.030470494 0.102386981
1773839239.287184 -0.070411235 0.005410365 0.109423891 0.019392142 0.994024396 -0.030952305 0.102866180
1773839239.323510 -0.070390046 0.005334145 0.109329313 0.020679401 0.993954897 -0.031084122 0.103246234
1773839239.353799 -0.070403397 0.005402708 0.109141938 0.019886782 0.993889451 -0.031717189 0.103837840
1773839239.388493 -0.070373520 0.005369458 0.109019205 0.020156739 0.993891954 -0.031610612 0.103794336
1773839239.423285 -0.070336677 0.005380400 0.108891398 0.020319970 0.993922353 -0.031258736 0.103577755
1773839239.453490 -0.070352405 0.005351210 0.108736016 0.020442024 0.993945599 -0.031627081 0.103218421
1773839239.492730 -0.070323959 0.005353069 0.108583607 0.020864816 0.994018316 -0.031683788 0.102412842
1773839239.521365 -0.070264578 0.005348007 0.108431250 0.021039393 0.994155943 -0.031183749 0.101187199
1773839239.554356 -0.070262365 0.005348776 0.108264439 0.021253604 0.994333088 -0.030891456 0.099477299
1773839239.591664 -0.070238672 0.005383187 0.108099520 0.020687671 0.994488835 -0.031642903 0.097789027
1773839239.619987 -0.070239015 0.005327577 0.107941732 0.021127049 0.994678080 -0.031622514 0.095755681
1773839239.655623 -0.070158988 0.005309789 0.107870653 0.020313900 0.994966865 -0.031562384 0.092909202
1773839239.688251 -0.070068359 0.005272452 0.107762553 0.020768693 0.995281100 -0.030919086 0.089600392
1773839239.720708 -0.069992021 0.005266176 0.107666627 0.020490196 0.995547593 -0.031603709 0.086408466
1773839239.754672 -0.070120543 0.005365245 0.107321247 0.020702293 0.995740533 -0.031701777 0.084066391
1773839239.787306 -0.070062689 0.005357353 0.107239522 0.020011436 0.996002495 -0.031292088 0.081236653
1773839239.822353 -0.070144698 0.005303815 0.107086144 0.020679006 0.996106923 -0.032063298 0.079469398
1773839239.855204 -0.070056908 0.005338696 0.106891267 0.020380219 0.996291518 -0.032391179 0.077063277
1773839239.887767 -0.070079207 0.005340072 0.106758282 0.020274492 0.996379375 -0.032582860 0.075864337
1773839239.921501 -0.069998071 0.005331885 0.106642693 0.020503253 0.996495187 -0.031863254 0.074576594
1773839239.953741 -0.069980189 0.005306134 0.106515817 0.020488767 0.996546507 -0.031978667 0.073842391
1773839239.989052 -0.069937758 0.005300174 0.106345162 0.020129420 0.996578574 -0.032087512 0.073460072
1773839240.020428 -0.069900341 0.005297949 0.106192648 0.020380875 0.996561527 -0.032789838 0.073311254
1773839240.054636 -0.069871455 0.005295218 0.106063515 0.019767636 0.996561110 -0.032714061 0.073518269
1773839240.088013 -0.069819249 0.005283596 0.105993822 0.020146836 0.996524155 -0.032257676 0.074115865
1773839240.120542 -0.069841251 0.005289636 0.105818793 0.020209346 0.996408701 -0.032818723 0.075393625
1773839240.155881 -0.069790617 0.005268985 0.105757587 0.020736277 0.996291876 -0.033101019 0.076660618
1773839240.188448 -0.069805712 0.005261374 0.105623290 0.020448497 0.996116877 -0.034513976 0.078369252
1773839240.221931 -0.069789782 0.005270964 0.105454735 0.021290841 0.996035814 -0.033037197 0.079799354
1773839240.256365 -0.069760986 0.005241242 0.105397403 0.020484548 0.995890021 -0.034622040 0.081146315
1773839240.289382 -0.069721237 0.005277631 0.105196312 0.020874450 0.995801449 -0.034417313 0.082214668
1773839240.323214 -0.069685057 0.005292847 0.105076775 0.021389673 0.995728433 -0.034173906 0.083063588
1773839240.354434 -0.069678366 0.005257889 0.104995310 0.021219283 0.995592475 -0.036011580 0.083955951
1773839240.387647 -0.069643684 0.005267096 0.104902752 0.021379476 0.995518982 -0.035297595 0.085082129
1773839240.422649 -0.069601379 0.005268270 0.104779176 0.021865929 0.995454013 -0.034784950 0.085925750
1773839240.455924 -0.069628827 0.005246926 0.104659863 0.022048783 0.995303094 -0.035518125 0.087316550
1773839240.489543 -0.069667451 0.005227000 0.104563601 0.021335954 0.995169044 -0.035849035 0.088871904
1773839240.520800 -0.069651254 0.005278797 0.104452401 0.021692526 0.994993210 -0.036349084 0.090535805
1773839240.555203 -0.069567412 0.005243024 0.104395173 0.021970244 0.994889796 -0.035746943 0.091835067
1773839240.589986 -0.069589771 0.005232133 0.104270756 0.021926658 0.994696856 -0.036075793 0.093786500
1773839240.622058 -0.069551453 0.005243439 0.104147695 0.021542668 0.994498670 -0.036142562 0.095926940
1773839240.656376 -0.069574900 0.005227347 0.104026914 0.022336163 0.994276106 -0.035648629 0.098210454
1773839240.688592 -0.069524363 0.005231743 0.103910856 0.022195542 0.994042993 -0.036822654 0.100149691
1773839240.722148 -0.069509760 0.005244970 0.103805497 0.021336716 0.993898332 -0.036674127 0.101812795
1773839240.756275 -0.069508940 0.005183961 0.103709608 0.022388235 0.993756056 -0.034960076 0.103563927
1773839240.788117 -0.069471285 0.005182807 0.103604771 0.022645673 0.993525565 -0.035964422 0.105359875
1773839240.822243 -0.069503516 0.005267918 0.103519171 0.021756565 0.993372619 -0.036495972 0.106796741
1773839240.854446 -0.069556721 0.005288244 0.103411540 0.022538546 0.993223667 -0.036474738 0.108019978
1773839240.888462 -0.069541633 0.005261684 0.103362173 0.022334877 0.993198395 -0.035938259 0.108473793
1773839240.923273 -0.069487706 0.005265224 0.103227265 0.022066755 0.993196368 -0.036129352 0.108483225
1773839240.956897 -0.069523200 0.005272240 0.103069477 0.022817424 0.993156731 -0.035963096 0.108746193
1773839240.989212 -0.069465198 0.005174058 0.102988139 0.022541722 0.993228495 -0.034856610 0.108508252
1773839241.021658 -0.069517121 0.005240147 0.102851115 0.022562165 0.993123174 -0.036270622 0.109003499
1773839241.055557 -0.069494434 0.005230969 0.102777116 0.022749303 0.993115962 -0.036310297 0.109016657
1773839241.089299 -0.069406666 0.005212988 0.102663249 0.022380710 0.993171632 -0.036744546 0.108438805
1773839241.121883 -0.069412678 0.005218995 0.102474645 0.022541841 0.993203580 -0.037152622 0.107972816
1773839241.156212 -0.069395103 0.005202536 0.102336675 0.022938311 0.993312359 -0.036291655 0.107178494
1773839241.188706 -0.069391899 0.005264465 0.102186278 0.022360079 0.993419349 -0.036924444 0.106087454
1773839241.222794 -0.069360361 0.005196115 0.102037303 0.021676529 0.993587613 -0.036805891 0.104685418
1773839241.256771 -0.069382630 0.005208463 0.101829410 0.022604203 0.993734300 -0.036249977 0.103281520
1773839241.289780 -0.069299839 0.005262744 0.101669170 0.021372821 0.993957818 -0.036607269 0.101246834
1773839241.325827 -0.069265127 0.005213735 0.101531222 0.022009149 0.994158387 -0.035689827 0.099453174
1773839241.355067 -0.069205634 0.005224240 0.101440862 0.022241918 0.994303703 -0.036552254 0.097618438
1773839241.389663 -0.069138497 0.005223718 0.101288833 0.021212839 0.994495511 -0.037089083 0.095671676
1773839241.423407 -0.069152489 0.005222301 0.101196885 0.021432132 0.994637787 -0.037623156 0.093919419
1773839241.456397 -0.069104291 0.005215310 0.100982636 0.022024514 0.994840562 -0.036834937 0.091925666
1773839241.489715 -0.069049679 0.005265246 0.100809202 0.021258876 0.995031238 -0.037028544 0.089942850
1773839241.523566 -0.069042340 0.005226214 0.100668885 0.021349706 0.995194137 -0.036957271 0.088130824
1773839241.556841 -0.069076538 0.005158546 0.100496814 0.022753356 0.995321214 -0.036862552 0.086366467
1773839241.589083 -0.069075212 0.005148286 0.100377053 0.021532035 0.995525479 -0.036882661 0.084291480
1773839241.621737 -0.069094718 0.005163678 0.100108378 0.022583332 0.995693147 -0.035926424 0.082428843
1773839241.658430 -0.068908595 0.005173266 0.099966280 0.022428704 0.995877981 -0.036900818 0.079764336
1773839241.690221 -0.068909712 0.005178151 0.099804439 0.021808757 0.996007442 -0.037226696 0.078151673
1773839241.722648 -0.068820342 0.005178672 0.099670269 0.022621496 0.996177673 -0.035913233 0.076344714
1773839241.758529 -0.068827815 0.005211102 0.099476151 0.021592708 0.996249974 -0.037270654 0.075037494
1773839241.791074 -0.068831943 0.005155527 0.099333577 0.023671232 0.996302903 -0.036665048 0.073999301
1773839241.824635 -0.068851106 0.005152618 0.099147208 0.022829218 0.996335149 -0.037659861 0.073327020
1773839241.856733 -0.068875328 0.005120518 0.098919012 0.023110211 0.996454477 -0.035561062 0.072662219
1773839241.889765 -0.068819359 0.005128507 0.098748848 0.022528609 0.996482432 -0.037052114 0.071710430
1773839241.922657 -0.068777382 0.005130729 0.098603800 0.023532405 0.996497333 -0.037077602 0.071166009
1773839241.956853 -0.068680935 0.005127256 0.098533265 0.023222812 0.996538401 -0.037659731 0.070382051
1773839241.990967 -0.068703949 0.005097641 0.098393299 0.023142258 0.996547818 -0.037555199 0.070331722
1773839242.022243 -0.068740465 0.005044744 0.098274171 0.024466291 0.996529937 -0.036668941 0.070603400
1773839242.057398 -0.068724133 0.005048027 0.098013140 0.023925854 0.996508181 -0.037422460 0.070700534
1773839242.090810 -0.068605408 0.005059659 0.097997308 0.023900049 0.996441960 -0.038568757 0.071025565
1773839242.122857 -0.068652265 0.005050707 0.097723633 0.023695135 0.996369421 -0.038596537 0.072089165
1773839242.157737 -0.068654068 0.005039976 0.097540654 0.024158170 0.996343195 -0.037530608 0.072856314
1773839242.190228 -0.068526179 0.005064145 0.097376399 0.024442667 0.996240199 -0.038895987 0.073451340
1773839242.224560 -0.068533018 0.005136067 0.097225204 0.023948101 0.996139169 -0.039426263 0.074691370
1773839242.257004 -0.068619281 0.004994004 0.097056814 0.024813429 0.996033847 -0.038694941 0.076180935
1773839242.290040 -0.068506390 0.005044639 0.096935086 0.023874015 0.995950699 -0.039547190 0.077124827
1773839242.325515 -0.068457156 0.005035730 0.096796140 0.024240382 0.995874286 -0.039451908 0.078040287
1773839242.356954 -0.068411082 0.005067278 0.096617803 0.023959702 0.995760620 -0.040314775 0.079128996
1773839242.393414 -0.068420798 0.005098100 0.096487969 0.023987079 0.995636821 -0.040665112 0.080487706
1773839242.425797 -0.068357065 0.005084131 0.096266031 0.023842799 0.995591879 -0.040734243 0.081049569
1773839242.458396 -0.068350054 0.005039075 0.096105196 0.024036679 0.995536387 -0.040077347 0.081995562
1773839242.491272 -0.068329059 0.004948192 0.096026018 0.024539655 0.995458663 -0.040193491 0.082730189
1773839242.525727 -0.068298265 0.004974808 0.095848747 0.023663348 0.995429516 -0.040421110 0.083224103
1773839242.559677 -0.068281949 0.005053866 0.095643751 0.024506940 0.995340109 -0.041093390 0.083718151
1773839242.591480 -0.068260849 0.005049336 0.095524423 0.024111073 0.995308876 -0.041308608 0.084097996
1773839242.624405 -0.068208091 0.004989500 0.095377915 0.023851186 0.995317161 -0.040493745 0.084469654
1773839242.657983 -0.068227515 0.004965134 0.095263451 0.024216788 0.995202541 -0.041477103 0.085235514
1773839242.691671 -0.068175144 0.004953216 0.095177040 0.024393588 0.995185137 -0.041507144 0.085374057
1773839242.723344 -0.068204269 0.004958228 0.094969690 0.025046473 0.995144010 -0.041095581 0.085861623
1773839242.756576 -0.068075716 0.004948328 0.094748475 0.024095472 0.995216787 -0.040554315 0.085546963
1773839242.790296 -0.068014860 0.004904009 0.094645984 0.023840347 0.995190084 -0.040707789 0.085856065
1773839242.825098 -0.068005577 0.004903413 0.094549775 0.023990721 0.995112240 -0.041431893 0.086368673
1773839242.858217 -0.068027548 0.004966991 0.094314240 0.024097323 0.995074093 -0.041180059 0.086897276
1773839242.891332 -0.067917459 0.004866635 0.094189204 0.024610171 0.995070457 -0.041234054 0.086768888
1773839242.924700 -0.067822054 0.004916670 0.094098717 0.024520990 0.995066583 -0.040953115 0.086971737
1773839242.956774 -0.067865476 0.004865226 0.093848959 0.024221219 0.995042443 -0.040671848 0.087462582
1773839242.991489 -0.067877501 0.004885386 0.093703568 0.024192892 0.994943440 -0.041945703 0.087993152
1773839243.024970 -0.067817129 0.004882697 0.093555711 0.025312556 0.994935572 -0.041670397 0.087897904
1773839243.058675 -0.067761585 0.004900764 0.093347900 0.024547996 0.995002270 -0.041761380 0.087314233
1773839243.091897 -0.067725897 0.004885413 0.093210854 0.025324682 0.995090604 -0.040922847 0.086478852
1773839243.125384 -0.067670301 0.004904179 0.093049444 0.025292143 0.995146513 -0.042115707 0.085264295
1773839243.159015 -0.067665488 0.004932641 0.092830449 0.025157800 0.995217264 -0.043132491 0.083960116
1773839243.191411 -0.067580506 0.004836119 0.092711695 0.026212124 0.995441020 -0.040965684 0.082048230
1773839243.224027 -0.067516178 0.004863187 0.092522711 0.025644263 0.995588422 -0.041452773 0.080172852
1773839243.258297 -0.067564845 0.004832230 0.092331834 0.025549611 0.995651782 -0.042259511 0.078986347
1773839243.291139 -0.067472622 0.004803368 0.092209615 0.026303023 0.995783150 -0.041907370 0.077251762
1773839243.327080 -0.067459792 0.004839273 0.092051566 0.025798507 0.995895147 -0.041846123 0.076001182
1773839243.358777 -0.067432910 0.004845190 0.091873996 0.025308374 0.996018767 -0.041304432 0.074833430
1773839243.392594 -0.067412287 0.004784384 0.091722555 0.025835700 0.996124566 -0.040762775 0.073530182
1773839243.425148 -0.067364745 0.004801851 0.091528200 0.025715204 0.996213138 -0.040767096 0.072360732
1773839243.460672 -0.067368060 0.004785796 0.091388650 0.025129609 0.996272266 -0.041011907 0.071610235
1773839243.493237 -0.067302644 0.004832497 0.091197148 0.026108744 0.996352971 -0.040051486 0.070674859
1773839243.525104 -0.067250140 0.004828641 0.091058254 0.025430860 0.996392310 -0.040751770 0.069963247
1773839243.559503 -0.067299820 0.004851400 0.090869531 0.026573172 0.996379912 -0.040231049 0.070016563
1773839243.592025 -0.067213356 0.004786676 0.090711720 0.025761427 0.996424794 -0.039725590 0.069969878
1773839243.625096 -0.067201711 0.004810900 0.090542354 0.025737198 0.996352553 -0.040630203 0.070486173
1773839243.659682 -0.067156523 0.004794551 0.090395093 0.025327196 0.996313155 -0.040560454 0.071227774
1773839243.691355 -0.067201622 0.004771640 0.090216756 0.025370456 0.996201754 -0.040318470 0.072889149
1773839243.725787 -0.067180462 0.004764084 0.090033054 0.024630617 0.996124923 -0.040452521 0.074108563
1773839243.759570 -0.067220524 0.004763647 0.089838408 0.025514662 0.995965898 -0.040376142 0.075964980
1773839243.791819 -0.067085870 0.004785200 0.089668266 0.025021138 0.995868325 -0.040604971 0.077275530
1773839243.825756 -0.067014001 0.004815602 0.089438945 0.025868833 0.995738268 -0.040480260 0.078723721
1773839243.858627 -0.067089014 0.004695054 0.089306198 0.026015956 0.995569587 -0.040277325 0.080883197
1773839243.892863 -0.066983357 0.004793293 0.089176297 0.025166649 0.995431542 -0.041352201 0.082295895
1773839243.924878 -0.066989981 0.004794104 0.089012228 0.025304027 0.995286167 -0.041258030 0.084041163
1773839243.959746 -0.067008182 0.004771214 0.088850573 0.026196012 0.995117545 -0.041408714 0.085674569
1773839243.993937 -0.066970818 0.004689344 0.088663131 0.025801305 0.995041907 -0.040752236 0.086977832
1773839244.024716 -0.066864140 0.004606300 0.088622876 0.025058923 0.994995117 -0.040703930 0.087749474
1773839244.059917 -0.066905707 0.004764059 0.088353582 0.026164042 0.994811237 -0.041071583 0.089325868
1773839244.091684 -0.066815257 0.004748874 0.088204153 0.025297668 0.994763970 -0.041099504 0.090085998
1773839244.126578 -0.066856556 0.004761776 0.088070460 0.026158020 0.994632542 -0.040717792 0.091454320
1773839244.160712 -0.066702314 0.004758390 0.087870955 0.025592174 0.994580388 -0.041521765 0.091819659
1773839244.193200 -0.066721991 0.004745006 0.087730311 0.025983699 0.994479954 -0.041549712 0.092779912
1773839244.226927 -0.066663422 0.004697733 0.087606385 0.026440600 0.994499028 -0.039982058 0.093134478
1773839244.259044 -0.066671066 0.004550292 0.087413803 0.025969416 0.994409680 -0.040164307 0.094137214
1773839244.292936 -0.066623777 0.004567442 0.087281331 0.025727646 0.994339526 -0.040589999 0.094760172
1773839244.326824 -0.066555873 0.004731464 0.087089263 0.025680762 0.994263947 -0.041214932 0.095294192
1773839244.358159 -0.066498034 0.004646342 0.086979091 0.025163835 0.994263470 -0.040986814 0.095534980
1773839244.392916 -0.066528328 0.004669583 0.086727530 0.025671953 0.994173825 -0.041064978 0.096296698
1773839244.426674 -0.066464067 0.004624073 0.086598009 0.025805237 0.994179785 -0.041123666 0.096174166
1773839244.459253 -0.066456646 0.004666538 0.086429127 0.025375243 0.994161963 -0.041696902 0.096225753
1773839244.492312 -0.066375740 0.004653086 0.086256362 0.026634842 0.994223654 -0.041266788 0.095430307
1773839244.526763 -0.066366322 0.004667532 0.086055458 0.025592417 0.994305730 -0.041785508 0.094631560
1773839244.559601 -0.066356607 0.004673484 0.085879005 0.025314197 0.994399905 -0.042394783 0.093438335
1773839244.594005 -0.066269949 0.004623634 0.085698009 0.025893005 0.994613230 -0.041466687 0.091403529
1773839244.628086 -0.066281810 0.004639695 0.085535675 0.025557708 0.994764686 -0.041368794 0.089881003
1773839244.660041 -0.066255867 0.004626230 0.085411564 0.025504041 0.994883239 -0.042037591 0.088259466
1773839244.693638 -0.066159025 0.004646390 0.085194394 0.025607295 0.995045245 -0.041608222 0.086590886
1773839244.725407 -0.066109218 0.004643039 0.084970996 0.025511228 0.995202422 -0.041544747 0.084825084
1773839244.760421 -0.066060290 0.004625955 0.084866390 0.025047436 0.995360792 -0.040752865 0.083479159
1773839244.792885 -0.066041343 0.004579856 0.084673569 0.025894290 0.995443821 -0.040369708 0.082409754
1773839244.827316 -0.066026509 0.004612240 0.084485091 0.025858810 0.995550513 -0.039726119 0.081439391
1773839244.860746 -0.065971106 0.004589097 0.084315106 0.024921825 0.995661855 -0.040052179 0.080201633
1773839244.894831 -0.065897003 0.004624882 0.084152736 0.025784431 0.995737255 -0.039760031 0.079130314
1773839244.925915 -0.065856695 0.004578201 0.083984584 0.025158061 0.995796204 -0.039806511 0.078565180
1773839244.961095 -0.065858610 0.004597808 0.083796985 0.026009001 0.995824933 -0.039173640 0.078241415
1773839244.994046 -0.065819964 0.004629777 0.083655320 0.025543187 0.995858669 -0.039153729 0.077975042
1773839245.025804 -0.065785117 0.004615942 0.083447136 0.026006993 0.995874345 -0.038725782 0.077834651
1773839245.061892 -0.065718405 0.004510816 0.083280027 0.025189957 0.995931149 -0.038218375 0.077627204
1773839245.095101 -0.065666951 0.004524204 0.083122902 0.025390612 0.995982766 -0.037140902 0.077421769
1773839245.128017 -0.065628797 0.004514058 0.082974643 0.025956424 0.995937765 -0.037904132 0.077443369
1773839245.159270 -0.065645814 0.004514852 0.082771920 0.025318360 0.995911896 -0.038191140 0.077845305
1773839245.193067 -0.065667205 0.004545396 0.082557797 0.025586039 0.995943427 -0.036692265 0.078074664
1773839245.228442 -0.065523550 0.004443731 0.082462378 0.024595844 0.995966077 -0.037317976 0.077807009
1773839245.261893 -0.065584801 0.004455258 0.082291007 0.026613491 0.995895743 -0.036221325 0.078558341
1773839245.294623 -0.065519139 0.004470787 0.082098074 0.024395153 0.995878935 -0.037196718 0.079034552
1773839245.327441 -0.065469436 0.004433581 0.081946731 0.025373818 0.995834768 -0.036209080 0.079738088
1773839245.360714 -0.065407351 0.004470651 0.081806332 0.025156841 0.995750487 -0.036601510 0.080675244
1773839245.394244 -0.065313511 0.004409036 0.081640750 0.025427340 0.995705009 -0.036500785 0.081195690
1773839245.427979 -0.065255098 0.004447081 0.081486680 0.025816908 0.995640874 -0.036133841 0.082018688
1773839245.459780 -0.065240122 0.004498475 0.081276074 0.023559410 0.995564699 -0.037383225 0.083056144
1773839245.494089 -0.065198772 0.004440068 0.081099465 0.025164371 0.995524406 -0.035007704 0.084097348
1773839245.528126 -0.065323137 0.004555942 0.080779240 0.023668895 0.995328248 -0.035981562 0.086410567
1773839245.561247 -0.065181389 0.004411341 0.080798067 0.024795720 0.995257676 -0.034654729 0.087443456
1773839245.595684 -0.065169320 0.004447568 0.080605917 0.024552559 0.995115399 -0.034336183 0.089238249
1773839245.627433 -0.065234803 0.004478969 0.080351107 0.024296250 0.994954765 -0.034392674 0.091059595
1773839245.661247 -0.065159611 0.004482660 0.080208607 0.023653358 0.994830847 -0.035017509 0.092335433
1773839245.694764 -0.065189555 0.004499901 0.080030203 0.023603229 0.994685113 -0.034615684 0.094054125
1773839245.729957 -0.065125264 0.004442387 0.079893306 0.024122240 0.994620502 -0.033102032 0.095144071
1773839245.761804 -0.065091744 0.004489841 0.079676531 0.023653744 0.994480312 -0.034611013 0.096184433
1773839245.793816 -0.065064043 0.004459431 0.079534754 0.023782032 0.994371414 -0.034384932 0.097352929
1773839245.828449 -0.065011099 0.004376274 0.079379439 0.023838103 0.994282484 -0.033383243 0.098588362
1773839245.860440 -0.064990759 0.004428473 0.079249971 0.023947598 0.994147122 -0.032814015 0.100106552
1773839245.895085 -0.064930953 0.004486237 0.079079114 0.023063300 0.993958950 -0.034839641 0.101488158
1773839245.928263 -0.064882904 0.004399073 0.079019725 0.024371620 0.993894756 -0.032700539 0.102517515
1773839245.962390 -0.064912468 0.004376303 0.078845158 0.023302393 0.993720531 -0.034064703 0.104000531
1773839245.993418 -0.064867251 0.004329935 0.078719012 0.024389967 0.993692040 -0.031356942 0.104871154
1773839246.026482 -0.064843982 0.004361269 0.078593336 0.023568291 0.993508220 -0.034333766 0.105863348
1773839246.062279 -0.064823404 0.004370196 0.078455865 0.024342446 0.993412018 -0.033455245 0.106867641
1773839246.094499 -0.064814240 0.004350838 0.078299761 0.024212226 0.993279338 -0.034220800 0.107882991
1773839246.129089 -0.064820625 0.004347957 0.078212447 0.024166243 0.993237793 -0.034436200 0.108207308
1773839246.161333 -0.064740203 0.004322394 0.078042299 0.024017425 0.993230939 -0.034235369 0.108366653
1773839246.195696 -0.064671427 0.004354714 0.077853985 0.024688436 0.993227243 -0.034582190 0.108139768
1773839246.229572 -0.064645104 0.004312298 0.077752434 0.024437074 0.993269265 -0.035008799 0.107672483
1773839246.260725 -0.064608559 0.004341409 0.077549301 0.024490025 0.993420005 -0.034021463 0.106580593
1773839246.295690 -0.064505458 0.004314936 0.077426843 0.024364635 0.993496656 -0.035856169 0.105285965
1773839246.329590 -0.064536229 0.004307033 0.077275865 0.024406049 0.993613362 -0.035812575 0.104184195
1773839246.361295 -0.064433500 0.004284803 0.077098869 0.024149150 0.993804038 -0.035374776 0.102562487
1773839246.395023 -0.064391866 0.004298019 0.076896131 0.024295829 0.993862808 -0.036986317 0.101382717
1773839246.429034 -0.064337395 0.004324741 0.076760434 0.024358975 0.993998766 -0.037842188 0.099704973
1773839246.463494 -0.064257637 0.004331233 0.076583326 0.024420584 0.994173586 -0.037565779 0.098037057
1773839246.494737 -0.064186662 0.004333780 0.076391563 0.023541477 0.994318783 -0.038321279 0.096475087
1773839246.529233 -0.064144373 0.004292219 0.076249838 0.023858201 0.994470239 -0.037971202 0.094962455
1773839246.562774 -0.064129792 0.004295985 0.076042004 0.023351554 0.994591117 -0.038366903 0.093654908
1773839246.595002 -0.064065814 0.004236876 0.075883396 0.022921404 0.994727731 -0.038822662 0.092109740
1773839246.628982 -0.064041302 0.004274695 0.075710528 0.022526171 0.994842649 -0.038570013 0.091066174
1773839246.662352 -0.063999541 0.004289038 0.075567454 0.023272434 0.994924605 -0.038270116 0.090104520
1773839246.695753 -0.063961521 0.004323481 0.075345397 0.023228098 0.995024502 -0.038091172 0.089082994
1773839246.728324 -0.063957900 0.004249294 0.075212337 0.022360222 0.995097637 -0.038365327 0.088367186
1773839246.761440 -0.063940510 0.004263030 0.074988402 0.022881549 0.995115936 -0.038036264 0.088170268
1773839246.795988 -0.063908651 0.004252169 0.074820995 0.022821292 0.995120168 -0.038269520 0.088037215
1773839246.828539 -0.063847288 0.004262098 0.074664488 0.022832539 0.995114684 -0.037906341 0.088252582
1773839246.862283 -0.063793935 0.004232472 0.074538693 0.023528136 0.995054901 -0.037597742 0.088873766
1773839246.896894 -0.063755631 0.004289814 0.074333303 0.022116773 0.994939983 -0.038765427 0.090013914
1773839246.929050 -0.063728601 0.004266357 0.074146308 0.022715557 0.994863391 -0.037566524 0.091211542
1773839246.962767 -0.063697346 0.004224114 0.074049264 0.023022380 0.994701087 -0.037765641 0.092808463
1773839246.995760 -0.063585997 0.004276481 0.073878594 0.022594200 0.994554460 -0.038527064 0.094162941
1773839247.028486 -0.063570753 0.004212613 0.073738724 0.023216940 0.994415581 -0.037532333 0.095864534
1773839247.062836 -0.063647836 0.004214638 0.073569603 0.022126444 0.994229615 -0.038612615 0.097606324
1773839247.096136 -0.063575670 0.004219716 0.073374212 0.022652602 0.994129300 -0.038116112 0.098696634
1773839247.130716 -0.063587770 0.004232046 0.073200598 0.022251772 0.994064152 -0.037092287 0.099826925
1773839247.163262 -0.063477941 0.004217652 0.073139846 0.021706710 0.993992150 -0.038057722 0.100299776
1773839247.195453 -0.063465074 0.004201087 0.073003709 0.022284854 0.993933916 -0.037645485 0.100903928
1773839247.230425 -0.063542530 0.004172827 0.072782844 0.022122171 0.993863344 -0.037702739 0.101610839
1773839247.261909 -0.063498691 0.004137814 0.072709046 0.021848071 0.993855178 -0.037697151 0.101752207
1773839247.295821 -0.063438207 0.004139423 0.072586618 0.022286527 0.993835866 -0.037778348 0.101815745
1773839247.329905 -0.063328646 0.004125857 0.072448015 0.021439902 0.993880630 -0.038046312 0.101459749
1773839247.362054 -0.063379250 0.004139160 0.072202072 0.020575926 0.993915439 -0.037360329 0.101552621
1773839247.399174 -0.063264839 0.004148550 0.072157189 0.020357527 0.994042635 -0.036362555 0.100710392
1773839247.428708 -0.063355602 0.004160645 0.071924247 0.019889100 0.994040072 -0.037007004 0.100594252
1773839247.463604 -0.063255221 0.004104313 0.071698219 0.018712059 0.994190693 -0.035530511 0.099861175
1773839247.496745 -0.063233718 0.004141852 0.071605138 0.018799452 0.994228363 -0.036490805 0.099120855
1773839247.529971 -0.063216671 0.004094624 0.071426421 0.018599305 0.994309843 -0.035958517 0.098533981
1773839247.564250 -0.063194960 0.004123138 0.071222171 0.018444603 0.994381249 -0.035768218 0.097910203
1773839247.596883 -0.063147955 0.004079881 0.071093597 0.018156970 0.994470835 -0.036220506 0.096882306
1773839247.630212 -0.063105419 0.004091339 0.070985310 0.017805953 0.994560957 -0.036092985 0.096066482
1773839247.663735 -0.063075788 0.004070610 0.070779480 0.017989593 0.994724870 -0.034361303 0.094963826
1773839247.697512 -0.063046999 0.004044293 0.070589811 0.016881010 0.994790256 -0.035063874 0.094222508
1773839247.730916 -0.062983997 0.004068682 0.070474535 0.016055698 0.994937122 -0.034177173 0.093135282
1773839247.764997 -0.063012689 0.004069527 0.070299797 0.017529514 0.994975746 -0.034270909 0.092420146
1773839247.796173 -0.062995762 0.004054809 0.070167378 0.017686943 0.995003998 -0.035543606 0.091601409
1773839247.830403 -0.062936217 0.004050355 0.069960915 0.017015742 0.995127022 -0.034271657 0.090874180
1773839247.864212 -0.062881805 0.004035301 0.069862217 0.016245611 0.995205283 -0.034044053 0.090241693
1773839247.897849 -0.062848791 0.004064311 0.069653548 0.015971845 0.995220184 -0.034047179 0.090124756
1773839247.929891 -0.062846504 0.004112915 0.069476552 0.017091392 0.995232880 -0.032652583 0.090295188
1773839247.963614 -0.062765285 0.004082816 0.069355235 0.015253004 0.995308340 -0.032834653 0.089724511
1773839247.997663 -0.062751986 0.004033784 0.069243982 0.014935005 0.995312035 -0.033042852 0.089660540
1773839248.031199 -0.062637687 0.004118232 0.069179580 0.015641224 0.995314062 -0.032833103 0.089594916
1773839248.063989 -0.062453881 0.004065011 0.069149099 0.014704953 0.995412111 -0.031845041 0.089019276
1773839248.095835 -0.062200420 0.003945972 0.069159262 0.014635017 0.995485485 -0.032008030 0.088147268
1773839248.129705 -0.062619388 0.004071878 0.068628207 0.014963986 0.995367229 -0.032839336 0.089116193
1773839248.163865 -0.062575936 0.004060999 0.068522796 0.014663083 0.995416701 -0.032803029 0.088625737
1773839248.197428 -0.062594935 0.004088724 0.068341181 0.013685780 0.995422959 -0.033846550 0.088318937
1773839248.231504 -0.062534034 0.004050663 0.068231113 0.014811471 0.995490134 -0.033086412 0.087665945
1773839248.263737 -0.062494271 0.004043465 0.068076022 0.014515214 0.995512903 -0.033283331 0.087381832
1773839248.297818 -0.062501512 0.004026135 0.067931525 0.014754505 0.995504618 -0.033467975 0.087365881
1773839248.330056 -0.062458929 0.004077151 0.067685403 0.014064568 0.995538712 -0.033578694 0.087047890
1773839248.363584 -0.062509842 0.004080504 0.067507982 0.014464745 0.995516777 -0.033311058 0.087335259
1773839248.397576 -0.062429950 0.004065759 0.067354955 0.015154217 0.995499253 -0.033634495 0.087294556
1773839248.432204 -0.062446065 0.004097427 0.067213535 0.013712704 0.995448351 -0.035236862 0.087481044
1773839248.465701 -0.062375803 0.004091010 0.067033172 0.012899547 0.995498717 -0.033551581 0.087693907
1773839248.497662 -0.062351525 0.004093225 0.066875838 0.014935254 0.995402455 -0.034383155 0.088139921
1773839248.531287 -0.062296245 0.004057621 0.066719823 0.013151179 0.995449662 -0.033225015 0.088335164
1773839248.565502 -0.062270369 0.004088181 0.066547275 0.012206123 0.995354235 -0.035165664 0.088794023
1773839248.597965 -0.062269572 0.004021336 0.066406816 0.013502032 0.995312512 -0.034055144 0.089503586
1773839248.630955 -0.062204044 0.004025652 0.066282690 0.013196623 0.995258451 -0.034784749 0.089869551
1773839248.664597 -0.062114611 0.004042686 0.066081621 0.012927631 0.995271504 -0.034538239 0.089858867
1773839248.698696 -0.062061384 0.004070724 0.065942034 0.012398879 0.995264590 -0.035134126 0.089779072
1773839248.730205 -0.062044647 0.004068175 0.065801054 0.013231930 0.995272815 -0.034963224 0.089635313
1773839248.765603 -0.062014516 0.004048030 0.065619655 0.011528741 0.995324254 -0.035635147 0.089032948
1773839248.798759 -0.061978959 0.004037991 0.065471128 0.011766332 0.995435119 -0.034478635 0.088214211
1773839248.831785 -0.061989848 0.004102399 0.065313213 0.011683513 0.995426774 -0.035925556 0.087740049
1773839248.865484 -0.061965637 0.004033602 0.065168463 0.012453356 0.995504498 -0.035299782 0.087003887
1773839248.898264 -0.061897617 0.004007200 0.065027684 0.010848673 0.995574057 -0.035618164 0.086289957
1773839248.931726 -0.061867870 0.004035127 0.064902656 0.010833848 0.995609462 -0.036018021 0.085715339
1773839248.965951 -0.061827216 0.004047733 0.064693354 0.010128651 0.995650887 -0.036112141 0.085279405
1773839249.000130 -0.061834514 0.003987730 0.064545788 0.011216370 0.995637655 -0.035407085 0.085592844
1773839249.032697 -0.061808947 0.003973798 0.064417258 0.011133061 0.995546997 -0.036480341 0.086205550
1773839249.066354 -0.061814304 0.003974825 0.064253822 0.012478544 0.995523572 -0.034032624 0.087286189
1773839249.097806 -0.061733339 0.003949343 0.064061537 0.010628586 0.995460391 -0.035510484 0.087662391
1773839249.131912 -0.061683759 0.003977924 0.063916072 0.011477828 0.995426536 -0.034657855 0.088278338
1773839249.164779 -0.061670970 0.003987948 0.063725144 0.010854118 0.995394468 -0.034469377 0.088791117
1773839249.197928 -0.061644297 0.003972019 0.063596763 0.011154465 0.995352745 -0.035306707 0.088892601
1773839249.232288 -0.061584521 0.003974899 0.063441500 0.010900146 0.995368719 -0.035832111 0.088534571
1773839249.265393 -0.061541177 0.003969130 0.063311540 0.010166462 0.995409787 -0.036090385 0.088054128
1773839249.299228 -0.061503749 0.003965558 0.063077934 0.010316537 0.995555401 -0.033801340 0.087295316
1773839249.331603 -0.061475758 0.003907779 0.062934019 0.011265061 0.995587528 -0.034788549 0.086419716
1773839249.366349 -0.061460167 0.003933493 0.062759839 0.010155879 0.995656610 -0.036032602 0.085242964
1773839249.398789 -0.061420605 0.003951550 0.062570386 0.010932350 0.995775700 -0.036471844 0.083552144
1773839249.432031 -0.061372735 0.003912139 0.062443573 0.010677452 0.995948434 -0.035698973 0.081843086
1773839249.465252 -0.061349798 0.003904546 0.062250204 0.010638895 0.996089697 -0.035607286 0.080151342
1773839249.500303 -0.061298512 0.003920779 0.062101636 0.011396734 0.996139169 -0.036768485 0.078898400
1773839249.533601 -0.061241515 0.003910162 0.061925031 0.011470070 0.996255040 -0.036624681 0.077478752
1773839249.565421 -0.061237395 0.003912770 0.061734997 0.010371860 0.996359766 -0.036091447 0.076531589
1773839249.599537 -0.061237417 0.003917762 0.061564855 0.011830591 0.996435881 -0.035597704 0.075554036
1773839249.633075 -0.061151862 0.003900727 0.061398685 0.010750423 0.996453464 -0.036979508 0.074815772
1773839249.664765 -0.061059795 0.003856496 0.061208487 0.011094446 0.996614933 -0.035832666 0.073154278
1773839249.699723 -0.061023280 0.003834680 0.061048854 0.011244028 0.996697605 -0.035764541 0.072029591
1773839249.733300 -0.061000377 0.003842020 0.060861323 0.011082083 0.996779501 -0.035736833 0.070927627
1773839249.766265 -0.060941096 0.003843690 0.060697034 0.010765188 0.996890187 -0.035249665 0.069652826
1773839249.798964 -0.060905349 0.003811504 0.060586017 0.010566868 0.996997058 -0.034679379 0.068429112
1773839249.832331 -0.060859296 0.003749353 0.060380805 0.010830867 0.997031450 -0.035030264 0.067703888
1773839249.866344 -0.060770180 0.003795281 0.060278859 0.012404874 0.996920943 -0.037839025 0.067549966
1773839249.900844 -0.060837984 0.003781356 0.060048863 0.009963772 0.996935725 -0.037107941 0.068139136
1773839249.932981 -0.060830012 0.003789011 0.059840783 0.010717150 0.996912956 -0.036656532 0.068600178
1773839249.967353 -0.060770664 0.003785457 0.059671137 0.012255068 0.996855497 -0.036667448 0.069169387
1773839250.000118 -0.060755797 0.003786291 0.059411570 0.011277498 0.996815383 -0.036511198 0.069991328
1773839250.033421 -0.060708884 0.003851266 0.059233084 0.011180414 0.996719360 -0.037198160 0.071005322
1773839250.065288 -0.060641456 0.003818495 0.059094355 0.012412792 0.996618569 -0.037720580 0.071934327
1773839250.100333 -0.060624089 0.003786888 0.058928560 0.011146526 0.996545494 -0.037609506 0.073200971
1773839250.132247 -0.060602162 0.003796284 0.058741100 0.012318833 0.996416390 -0.038058605 0.074526280
1773839250.165639 -0.060579609 0.003798612 0.058525003 0.012417770 0.996294200 -0.038929839 0.075684212
1773839250.199869 -0.060568240 0.003796564 0.058376882 0.011636971 0.996165276 -0.039247621 0.077323839
1773839250.233481 -0.060554292 0.003790206 0.058170259 0.011775930 0.996035099 -0.039628141 0.078771621
1773839250.267030 -0.060470633 0.003789970 0.057988010 0.012371301 0.995934784 -0.040250126 0.079629101
1773839250.299908 -0.060505282 0.003757033 0.057732079 0.011768163 0.995898545 -0.039123863 0.080727346
1773839250.333379 -0.060466304 0.003743623 0.057499532 0.011876114 0.995944977 -0.037109714 0.081089042
1773839250.367472 -0.060426358 0.003720421 0.057275314 0.012859031 0.995875597 -0.038441692 0.081170559
1773839250.400313 -0.060413025 0.003716723 0.057093464 0.011929755 0.995856225 -0.039467007 0.081057981
1773839250.435518 -0.060380571 0.003721312 0.056884922 0.011846647 0.995881021 -0.039317116 0.080838464
1773839250.468107 -0.060381848 0.003765200 0.056669984 0.011265658 0.995950222 -0.038758863 0.080336675
1773839250.500362 -0.060300540 0.003719921 0.056505505 0.012323423 0.996066749 -0.036570895 0.079760566
1773839250.533680 -0.060361542 0.003738768 0.056244362 0.011657815 0.995961487 -0.039344177 0.079855308
1773839250.569209 -0.060279429 0.003742590 0.056106780 0.011448544 0.996013761 -0.038837194 0.079480343
1773839250.600452 -0.060209814 0.003671643 0.055949848 0.011784174 0.996065140 -0.037715267 0.079327837
1773839250.634779 -0.060146052 0.003696847 0.055780098 0.011341194 0.996092439 -0.036986418 0.079393037
1773839250.667568 -0.060147185 0.003673033 0.055581104 0.010930076 0.996009350 -0.038069934 0.079978406
1773839250.699791 -0.060164928 0.003714783 0.055377122 0.011850637 0.995975792 -0.037367377 0.080594093
1773839250.732543 -0.060103931 0.003691689 0.055242505 0.010263938 0.995924175 -0.039005544 0.080673836
1773839250.768613 -0.060134806 0.003682726 0.054976325 0.012252740 0.995921373 -0.036981046 0.081380658
1773839250.800345 -0.060030274 0.003656058 0.054869115 0.011197074 0.995913923 -0.037806861 0.081244372
1773839250.834853 -0.059976343 0.003657654 0.054734889 0.010993632 0.995924056 -0.038279332 0.080926955
1773839250.867764 -0.059934892 0.003652655 0.054525126 0.011468741 0.995960891 -0.037616000 0.080717698
1773839250.901150 -0.059916947 0.003642466 0.054371905 0.010497003 0.996019542 -0.037463494 0.080195472
1773839250.934627 -0.059899978 0.003667111 0.054142721 0.010532700 0.996051669 -0.038202953 0.079439797
1773839250.968164 -0.059890032 0.003620115 0.053997703 0.010757296 0.996144950 -0.038102396 0.078279562
1773839251.002970 -0.059896775 0.003619969 0.053747632 0.010652698 0.996199667 -0.038561862 0.077367142
1773839251.033756 -0.059876911 0.003609551 0.053600956 0.010464665 0.996250570 -0.039228454 0.076396093
1773839251.068156 -0.059816785 0.003640975 0.053432830 0.010208143 0.996352434 -0.039251678 0.075079091
1773839251.100224 -0.059764907 0.003592325 0.053310011 0.010443890 0.996437848 -0.039355591 0.073849112
1773839251.134995 -0.059768550 0.003586629 0.053109072 0.010753412 0.996463537 -0.040425170 0.072873324
1773839251.167519 -0.059748847 0.003553470 0.052988026 0.010405436 0.996519566 -0.040560625 0.072078414
1773839251.202246 -0.059704367 0.003623807 0.052753348 0.010680978 0.996650815 -0.039705593 0.070686214
1773839251.234438 -0.059789740 0.003584514 0.052518241 0.010200696 0.996626794 -0.040909790 0.070408963
1773839251.266836 -0.059697717 0.003563197 0.052390266 0.009948057 0.996708810 -0.040388979 0.069579378
1773839251.301542 -0.059578869 0.003542160 0.052261725 0.008936515 0.996744275 -0.041567236 0.068506204
1773839251.334565 -0.059612751 0.003569178 0.051972762 0.010435776 0.996799767 -0.040216859 0.068292767
1773839251.367394 -0.059604231 0.003585238 0.051804941 0.009128290 0.996779740 -0.041226238 0.068170413
1773839251.400355 -0.059548810 0.003556858 0.051592339 0.009761428 0.996792555 -0.040482555 0.068341121
1773839251.434972 -0.059571825 0.003568103 0.051360659 0.009163797 0.996714771 -0.041581661 0.068895914
1773839251.466932 -0.059565321 0.003540580 0.051178850 0.009729583 0.996744275 -0.039836030 0.069421090
1773839251.500429 -0.059475258 0.003545500 0.051010486 0.008438585 0.996687710 -0.041066851 0.069684520
1773839251.535932 -0.059486721 0.003530205 0.050830752 0.009133899 0.996648669 -0.040310301 0.070591263
1773839251.568503 -0.059449852 0.003539824 0.050614964 0.008585921 0.996621013 -0.040299747 0.071054332
1773839251.601185 -0.059461616 0.003557505 0.050422844 0.007945944 0.996577740 -0.040445819 0.071651027
1773839251.635368 -0.059405036 0.003556770 0.050252426 0.008207644 0.996570766 -0.040045466 0.071942523
1773839251.668620 -0.059414327 0.003495548 0.050057698 0.008780024 0.996530652 -0.039550982 0.072700091
1773839251.701433 -0.059310384 0.003483167 0.049918219 0.007538835 0.996489704 -0.040598955 0.072822846
1773839251.735027 -0.059277304 0.003501245 0.049752075 0.008994780 0.996519506 -0.038966164 0.073141016
1773839251.768487 -0.059240058 0.003489122 0.049576662 0.007123561 0.996415854 -0.041267671 0.073496170
1773839251.802491 -0.059179295 0.003478252 0.049422447 0.007922218 0.996422470 -0.040187273 0.073922135
1773839251.835144 -0.059201092 0.003497207 0.049212635 0.007720442 0.996360302 -0.041075330 0.074292392
1773839251.869043 -0.059222780 0.003474498 0.049023278 0.007656218 0.996308208 -0.041296676 0.074872471
1773839251.900963 -0.059150018 0.003466575 0.048894860 0.008076502 0.996327937 -0.040691834 0.074897096
1773839251.934572 -0.059160780 0.003437025 0.048712522 0.007038371 0.996244252 -0.042526595 0.075095050
1773839251.969112 -0.059158850 0.003460479 0.048530925 0.008246822 0.996239901 -0.042630620 0.074971184
1773839252.001541 -0.059089389 0.003444914 0.048394367 0.007825151 0.996294558 -0.042867173 0.074151203
1773839252.035104 -0.059074029 0.003415018 0.048188634 0.006978821 0.996273458 -0.043812763 0.073966265
1773839252.068487 -0.059041675 0.003405279 0.048037998 0.007608852 0.996292174 -0.043764595 0.073679410
1773839252.102168 -0.059008628 0.003397819 0.047908202 0.008573788 0.996256769 -0.044601969 0.073550038
1773839252.135476 -0.058996502 0.003396627 0.047768611 0.008255647 0.996137381 -0.047244031 0.073553756
1773839252.169388 -0.058952175 0.003382308 0.047580209 0.009166529 0.996137619 -0.047623049 0.073197529
1773839252.203751 -0.058953293 0.003376859 0.047406234 0.009104107 0.996133387 -0.048872348 0.072435200
1773839252.235545 -0.058863580 0.003352137 0.047269873 0.008604695 0.996313155 -0.047502596 0.070919879
1773839252.268759 -0.058848951 0.003338613 0.047122344 0.009128124 0.996294081 -0.049898684 0.069461644
1773839252.301977 -0.058820516 0.003371266 0.046880115 0.008704814 0.996363640 -0.051041648 0.067664661
1773839252.335806 -0.058743209 0.003317466 0.046788983 0.009357932 0.996511936 -0.050719302 0.065603971
1773839252.369834 -0.058739483 0.003353549 0.046542980 0.008506567 0.996625423 -0.050739437 0.063960522
1773839252.402730 -0.058723938 0.003311962 0.046347976 0.009407122 0.996726990 -0.050606608 0.062335990
1773839252.435470 -0.058694515 0.003358010 0.046151012 0.008946843 0.996730506 -0.052581478 0.060690820
1773839252.469481 -0.058654029 0.003362383 0.045976572 0.009429064 0.996811509 -0.052682135 0.059182286
1773839252.502867 -0.058602061 0.003359887 0.045814257 0.008804765 0.996916056 -0.052715223 0.057463430
1773839252.536487 -0.058532432 0.003335645 0.045626622 0.008802985 0.997046590 -0.051826008 0.055988546
1773839252.568547 -0.058472179 0.003321172 0.045432124 0.008984705 0.997131944 -0.051591966 0.054639172
1773839252.602443 -0.058436781 0.003302141 0.045263328 0.008722719 0.997173190 -0.051878840 0.053648002
1773839252.637265 -0.058343008 0.003266206 0.045140121 0.008096259 0.997283518 -0.051004957 0.052521482
1773839252.669709 -0.058292065 0.003228248 0.044957086 0.008829636 0.997360528 -0.050179720 0.051730175
1773839252.703355 -0.058386073 0.003273998 0.044631124 0.008656505 0.997321010 -0.051265970 0.051455848
1773839252.736629 -0.058325816 0.003262168 0.044477310 0.008083559 0.997366488 -0.050837826 0.051090278
1773839252.769933 -0.058287464 0.003263065 0.044298310 0.008282165 0.997412920 -0.049888376 0.051088881
1773839252.801936 -0.058264088 0.003254967 0.044103812 0.008575633 0.997429311 -0.049240943 0.051347464
1773839252.836523 -0.058199231 0.003299969 0.043954045 0.008109074 0.997390389 -0.050176073 0.051273819
1773839252.870008 -0.058180697 0.003323058 0.043765277 0.007965121 0.997384906 -0.049776964 0.051789332
1773839252.903145 -0.058124565 0.003215508 0.043600261 0.008668301 0.997429729 -0.048525739 0.052000578
1773839252.936027 -0.058072850 0.003168950 0.043459985 0.008225088 0.997436345 -0.048332728 0.052124433
1773839252.971591 -0.058062535 0.003214827 0.043222178 0.008045992 0.997403026 -0.048563909 0.052574247
1773839253.003385 -0.058036882 0.003219228 0.043020755 0.007764618 0.997434199 -0.047563415 0.052938253
1773839253.037630 -0.058005325 0.003193513 0.042819597 0.007965358 0.997378886 -0.048034936 0.053521749
1773839253.070679 -0.058020491 0.003190621 0.042562231 0.008653789 0.997332752 -0.047588002 0.054661579
1773839253.104484 -0.058010880 0.003190374 0.042337976 0.007664987 0.997262776 -0.047611333 0.056048073
1773839253.138093 -0.057865132 0.003170596 0.042266667 0.008139047 0.997198045 -0.047948003 0.056839846
1773839253.170158 -0.057808898 0.003097861 0.042069782 0.007115148 0.997187197 -0.047068018 0.057893794
1773839253.203997 -0.057776265 0.003062984 0.041920092 0.008069771 0.997206032 -0.045130461 0.058976144
1773839253.237176 -0.057789844 0.003037301 0.041708525 0.007151075 0.997073293 -0.046357125 0.060371477
1773839253.269752 -0.057700459 0.003052949 0.041508026 0.007227040 0.997051239 -0.045780867 0.061161503
1773839253.303872 -0.057735268 0.002988324 0.041328087 0.006054631 0.996932864 -0.046704829 0.062504157
1773839253.336947 -0.057708394 0.002998175 0.041132275 0.007354626 0.996905386 -0.046014365 0.063310683
1773839253.370386 -0.057678934 0.003017282 0.040975947 0.006882067 0.996881902 -0.045705009 0.063953854
1773839253.403852 -0.057628915 0.003049672 0.040752567 0.006113705 0.996856153 -0.047019098 0.063478857
1773839253.436029 -0.057627697 0.003049930 0.040568072 0.006048113 0.996870518 -0.047110688 0.063190944
1773839253.472233 -0.057577658 0.002994006 0.040438250 0.007358709 0.996914029 -0.047054753 0.062402807
1773839253.505817 -0.057507891 0.003053979 0.040268280 0.006502863 0.996909678 -0.048975725 0.061075490
1773839253.537733 -0.057502162 0.003083005 0.040091455 0.005852037 0.997007906 -0.048520409 0.059890050
1773839253.571186 -0.057472862 0.003050592 0.039934631 0.007589240 0.997124851 -0.047508325 0.058543593
1773839253.603337 -0.057459839 0.003063357 0.039716944 0.005718447 0.997128427 -0.049305767 0.057193581
1773839253.638411 -0.057430521 0.003021534 0.039572045 0.006806960 0.997170687 -0.049697045 0.055986956
1773839253.670189 -0.057405278 0.003024648 0.039358251 0.005671571 0.997179389 -0.050729383 0.055023685
1773839253.705608 -0.057371385 0.003022340 0.039187767 0.005820737 0.997283816 -0.049262818 0.054445192
1773839253.737796 -0.057324830 0.003030206 0.038980994 0.005225386 0.997309387 -0.049255215 0.054043021
1773839253.770540 -0.057237770 0.003003272 0.038804457 0.004728313 0.997294366 -0.049998391 0.053681280
1773839253.805029 -0.057317995 0.002971934 0.038563665 0.005445081 0.997305870 -0.049462073 0.053896815
1773839253.836988 -0.057207130 0.003006607 0.038335763 0.005025710 0.997284949 -0.049958471 0.053866547
1773839253.870154 -0.057172757 0.002960795 0.038171433 0.005141869 0.997242153 -0.050135203 0.054479830
1773839253.904134 -0.057137202 0.002930911 0.037992306 0.004607970 0.997186184 -0.050290696 0.055401567
1773839253.938741 -0.057166640 0.002895938 0.037828855 0.004126210 0.997081459 -0.050812181 0.056829579
1773839253.971432 -0.057037372 0.002917403 0.037579358 0.004496965 0.997070253 -0.050168525 0.057565413
1773839254.004025 -0.057010643 0.002982288 0.037406486 0.003906714 0.996923566 -0.051586144 0.058881536
1773839254.038073 -0.057002135 0.002873510 0.037212744 0.005292761 0.996948361 -0.049039461 0.060506746
1773839254.072123 -0.056956846 0.002867754 0.037037421 0.002612697 0.996803641 -0.050530501 0.061825428
1773839254.105149 -0.056928441 0.002899873 0.036780301 0.004306373 0.996786535 -0.049444497 0.062875412
1773839254.139289 -0.056922145 0.002862311 0.036671493 0.003877832 0.996709168 -0.050020751 0.063669086
1773839254.173092 -0.056875657 0.002890320 0.036397204 0.003168511 0.996767044 -0.048449654 0.064016126
1773839254.206041 -0.056840986 0.002852780 0.036260664 0.003535333 0.996691644 -0.048979044 0.064763412
1773839254.239153 -0.056759290 0.002808773 0.036013994 0.005379634 0.996675611 -0.048426256 0.065296501
1773839254.271699 -0.056686796 0.002808525 0.035844233 0.003395284 0.996537209 -0.051061787 0.065534122
1773839254.303804 -0.056716267 0.002772859 0.035576541 0.005584913 0.996696532 -0.047026090 0.065980032
1773839254.338260 -0.056616697 0.002817683 0.035404917 0.003585535 0.996546984 -0.050488558 0.065819256
1773839254.371052 -0.056569323 0.002830990 0.035150852 0.005968876 0.996668518 -0.047817376 0.065800659
1773839254.405165 -0.056547400 0.002821701 0.034982607 0.004713852 0.996660531 -0.048558336 0.065480113
1773839254.437448 -0.056457270 0.002760179 0.034843177 0.004815302 0.996739388 -0.047950920 0.064714916
1773839254.472514 -0.056475423 0.002772123 0.034607638 0.005030684 0.996780396 -0.047673464 0.064270936
1773839254.505684 -0.056447607 0.002749469 0.034432761 0.005434703 0.996794105 -0.048197947 0.063631237
1773839254.537883 -0.056435239 0.002711828 0.034208424 0.005504651 0.996892035 -0.047185130 0.062845051
1773839254.571930 -0.056305710 0.002866920 0.034062017 0.005859879 0.996971011 -0.047027566 0.061667264
1773839254.605585 -0.056302890 0.002725823 0.033826172 0.006755291 0.997003555 -0.046910170 0.061136805
1773839254.639354 -0.056185164 0.002688296 0.033702265 0.006091341 0.997116506 -0.046541635 0.059627295
1773839254.672099 -0.056331050 0.002656669 0.033437766 0.007444643 0.997167468 -0.045759294 0.059226129
1773839254.704509 -0.056230679 0.002684887 0.033241861 0.005755896 0.997242808 -0.046426006 0.057604004
1773839254.739632 -0.056301542 0.002648901 0.032967299 0.006436720 0.997298419 -0.046391554 0.056588214
1773839254.771011 -0.056203604 0.002624592 0.032777529 0.006842501 0.997445405 -0.045563258 0.054588117
1773839254.806747 -0.056172840 0.002605602 0.032674704 0.006642669 0.997553587 -0.044916406 0.053153232
1773839254.839046 -0.056241039 0.002572104 0.032382380 0.007191613 0.997613311 -0.044680774 0.052149620
1773839254.872745 -0.056239501 0.002530072 0.032135490 0.007467479 0.997721970 -0.043556996 0.050969794
1773839254.905389 -0.056174111 0.002546825 0.031981181 0.006596475 0.997735858 -0.044520907 0.049975447
1773839254.939423 -0.056086913 0.002653340 0.031832580 0.007497564 0.997677147 -0.046056878 0.049627271
1773839254.970946 -0.056167074 0.002652076 0.031613085 0.007039291 0.997680843 -0.045918163 0.049748253
1773839255.004570 -0.056109764 0.002601880 0.031495903 0.006997628 0.997636855 -0.046597861 0.050003976
1773839255.039673 -0.056009181 0.002632547 0.031336639 0.006065632 0.997584999 -0.047800243 0.050025649
1773839255.072938 -0.056044105 0.002615828 0.031151721 0.007162297 0.997566998 -0.047430396 0.050587684
1773839255.105747 -0.056019902 0.002651053 0.030928485 0.005742553 0.997561693 -0.047802020 0.050524127
1773839255.140303 -0.056154575 0.002613590 0.030622289 0.007866031 0.997578681 -0.046707582 0.050925344
1773839255.173146 -0.056036785 0.002608570 0.030478844 0.007254556 0.997616351 -0.046508618 0.050457709
1773839255.206219 -0.056041621 0.002616651 0.030325891 0.007684503 0.997656643 -0.045737825 0.050301474
1773839255.240215 -0.056047563 0.002612893 0.030114509 0.008472330 0.997691929 -0.044954918 0.050180577
1773839255.274229 -0.055930819 0.002572630 0.030003421 0.008524545 0.997742534 -0.044477388 0.049587160
1773839255.305174 -0.055947561 0.002621797 0.029736359 0.008369747 0.997767210 -0.043932114 0.049603108
1773839255.340351 -0.055942602 0.002573180 0.029529573 0.008481562 0.997820020 -0.042942632 0.049388267
1773839255.373065 -0.055944484 0.002529684 0.029248351 0.009202663 0.997848332 -0.042322978 0.049222220
1773839255.406747 -0.055908538 0.002528514 0.029095426 0.008665982 0.997874916 -0.041844767 0.049189489
1773839255.439882 -0.055973969 0.002484945 0.028866356 0.008548144 0.997840285 -0.042099029 0.049693331
1773839255.472299 -0.055926248 0.002523147 0.028653931 0.008366637 0.997792661 -0.043008633 0.049900569
1773839255.506575 -0.055836387 0.002508138 0.028475050 0.008375107 0.997824311 -0.042443644 0.049750291
1773839255.540361 -0.055807434 0.002561779 0.028257824 0.008611092 0.997846007 -0.041649956 0.049944803
1773839255.573482 -0.055784825 0.002492260 0.028102133 0.009720633 0.997870028 -0.040954065 0.049837369
1773839255.607338 -0.055828836 0.002509783 0.027827799 0.009256627 0.997895479 -0.040659659 0.049656019
1773839255.638604 -0.055744682 0.002451165 0.027686831 0.009707772 0.997909546 -0.041186903 0.048846275
1773839255.672623 -0.055778470 0.002437741 0.027503200 0.009579695 0.997925103 -0.041626155 0.048177343
1773839255.705661 -0.055665113 0.002398333 0.027308270 0.009027856 0.998024642 -0.040909301 0.046817038
1773839255.739019 -0.055624720 0.002444596 0.027073991 0.009149104 0.998074889 -0.040746044 0.045854572
1773839255.772220 -0.055557378 0.002447617 0.026905308 0.010134726 0.998103380 -0.040742226 0.045021508
1773839255.807637 -0.055556625 0.002441070 0.026661582 0.010351907 0.998161316 -0.039745539 0.044577420
1773839255.840158 -0.055505276 0.002399067 0.026535897 0.010191513 0.998157799 -0.040117078 0.044358909
1773839255.873642 -0.055523135 0.002400504 0.026279002 0.010469876 0.998075247 -0.041883904 0.044518355
1773839255.905369 -0.055434950 0.002387847 0.026151909 0.010463676 0.998083651 -0.042016279 0.044205867
1773839255.940520 -0.055450141 0.002389546 0.025903050 0.010459427 0.998081625 -0.041628119 0.044618107
1773839255.973328 -0.055388898 0.002373839 0.025734566 0.011034125 0.998089850 -0.041281037 0.044618201
1773839256.007114 -0.055361915 0.002382340 0.025528409 0.010571503 0.998090982 -0.041309606 0.044678632
1773839256.040919 -0.055324379 0.002374271 0.025315516 0.011587422 0.998084307 -0.041224711 0.044654269
1773839256.073057 -0.055281457 0.002413795 0.025063286 0.010368768 0.998066902 -0.042243231 0.044389185
1773839256.107645 -0.055274960 0.002307737 0.024889007 0.011094306 0.998069704 -0.041880108 0.044494916
1773839256.140698 -0.055201445 0.002351441 0.024671674 0.011376392 0.998042822 -0.042223811 0.044701960
1773839256.174961 -0.055277638 0.002366654 0.024474666 0.011405885 0.997960865 -0.043184359 0.045597218
1773839256.207814 -0.055251349 0.002389860 0.024232149 0.012163185 0.997882903 -0.044004824 0.046318237
1773839256.241101 -0.055152569 0.002320553 0.024129422 0.012345894 0.997804999 -0.044815313 0.047163218
1773839256.274618 -0.055179588 0.002324042 0.023946362 0.011689784 0.997715712 -0.045707315 0.048348382
1773839256.307789 -0.055125628 0.002281868 0.023765305 0.013244926 0.997633874 -0.045780025 0.049551476
1773839256.340971 -0.055149544 0.002391404 0.023501376 0.013236617 0.997491717 -0.046687815 0.051529482
1773839256.374865 -0.055135805 0.002243197 0.023303829 0.012938259 0.997441709 -0.046146665 0.053039312
1773839256.407843 -0.055074900 0.002301049 0.023079183 0.013228453 0.997335315 -0.046574432 0.054571714
1773839256.441682 -0.054999162 0.002257985 0.022896368 0.013196497 0.997227192 -0.047134578 0.056054458
1773839256.475606 -0.055028807 0.002260899 0.022722650 0.013955266 0.997110248 -0.046976510 0.058048941
1773839256.508622 -0.054824609 0.002283204 0.022594020 0.012653081 0.996997714 -0.048167069 0.059290651
1773839256.543821 -0.054918926 0.002245869 0.022305224 0.013086198 0.996866465 -0.048022054 0.061481234
1773839256.574420 -0.054939814 0.002263140 0.022113744 0.013829626 0.996733725 -0.048414383 0.063140281
1773839256.607446 -0.054893225 0.002270391 0.021938022 0.013178245 0.996698797 -0.047772918 0.064308800
1773839256.641853 -0.054948814 0.002266116 0.021718452 0.014135507 0.996603668 -0.047679760 0.065634787
1773839256.674185 -0.054898966 0.002290964 0.021505658 0.014086790 0.996537149 -0.048097141 0.066347286
1773839256.708122 -0.054838426 0.002204630 0.021349691 0.013844839 0.996552706 -0.047095940 0.066880502
1773839256.740829 -0.054857407 0.002228860 0.021145899 0.013597399 0.996499836 -0.047397871 0.067502983
1773839256.775180 -0.054766033 0.002206852 0.021030048 0.014632618 0.996464968 -0.047366846 0.067822576
1773839256.808168 -0.054761019 0.002162734 0.020832054 0.013978110 0.996483266 -0.046443406 0.068327844
1773839256.842896 -0.054790229 0.002210157 0.020644940 0.013733251 0.996430695 -0.046871975 0.068849750
1773839256.875791 -0.054785565 0.002180680 0.020465875 0.015391948 0.996386707 -0.046660498 0.069277883
1773839256.909440 -0.054718718 0.002244174 0.020302810 0.014304638 0.996393144 -0.046717655 0.069380075
1773839256.942587 -0.054640464 0.002122020 0.020113587 0.014337126 0.996476948 -0.045012325 0.069296755
1773839256.974900 -0.054671612 0.002126839 0.019944150 0.014942527 0.996454597 -0.045079056 0.069446966
1773839257.006784 -0.054603130 0.002143585 0.019790199 0.014821814 0.996483147 -0.045004178 0.069110639
1773839257.042556 -0.054546077 0.002090698 0.019579750 0.015277391 0.996527612 -0.044228327 0.068870440
1773839257.076349 -0.054519728 0.002100492 0.019412154 0.014069478 0.996604621 -0.043518644 0.068464704
1773839257.109734 -0.054502979 0.002119353 0.019250486 0.014369437 0.996620476 -0.043662209 0.068079457
1773839257.141469 -0.054383907 0.002083198 0.019140027 0.013494218 0.996698022 -0.043708857 0.067086168
1773839257.174946 -0.054271109 0.002054608 0.019026557 0.014727028 0.996827662 -0.042360160 0.065751992
1773839257.208702 -0.054480366 0.002077807 0.018697280 0.012998361 0.996785700 -0.043277252 0.066154450
1773839257.241380 -0.054426339 0.002126053 0.018509703 0.014509420 0.996816218 -0.042958386 0.065585315
1773839257.276251 -0.054460377 0.002050869 0.018277500 0.013674545 0.996867239 -0.042607650 0.065217033
1773839257.337467 -0.054365147 0.002066841 0.018026052 0.013579707 0.996972561 -0.041742086 0.064179383
1773839257.353896 -0.054372452 0.002111100 0.017833449 0.015020573 0.996925712 -0.042714845 0.063945189
1773839257.375784 -0.054320395 0.002078567 0.017670838 0.014536131 0.996995807 -0.042241726 0.063274421
1773839257.409569 -0.054307912 0.002086006 0.017501829 0.011416341 0.997007906 -0.044512548 0.062157724
1773839257.442191 -0.054268662 0.002055228 0.017339267 0.014377709 0.997220099 -0.039896931 0.061266486
1773839257.475635 -0.054264639 0.002089968 0.017156977 0.012724009 0.997152030 -0.043557946 0.060237996
1773839257.509379 -0.054236155 0.002045398 0.016943133 0.012799530 0.997205317 -0.043307669 0.059516411
1773839257.541799 -0.054191969 0.002079512 0.016793780 0.012440602 0.997263670 -0.043224186 0.058669966
1773839257.575568 -0.054180674 0.002036907 0.016575333 0.012070761 0.997337222 -0.043000646 0.057651568
1773839257.611624 -0.054081697 0.002029475 0.016473545 0.011492245 0.997373641 -0.043598231 0.056683350
1773839257.642554 -0.054164488 0.002021735 0.016280694 0.012043303 0.997354388 -0.043695386 0.056832779
1773839257.674589 -0.054077893 0.002000644 0.016109910 0.012446926 0.997395813 -0.043381032 0.056256529
1773839257.709047 -0.054104865 0.002005265 0.015926246 0.012946110 0.997347653 -0.044187389 0.056369867
1773839257.743150 -0.054105010 0.002025048 0.015729124 0.012537570 0.997266054 -0.046065245 0.056402452
1773839257.776817 -0.054108877 0.001974596 0.015567113 0.013007700 0.997291028 -0.045356996 0.056428093
1773839257.809401 -0.054098170 0.001959077 0.015352064 0.013046687 0.997278631 -0.045442067 0.056569215
1773839257.841733 -0.054085892 0.001974226 0.015172262 0.012617392 0.997250259 -0.045542520 0.057084113
1773839257.876518 -0.054065522 0.001952853 0.015045525 0.012477362 0.997133136 -0.047290776 0.057735894
1773839257.907750 -0.054142736 0.001933386 0.014795829 0.014513913 0.997027218 -0.047304716 0.059062727
1773839257.942562 -0.054030489 0.001966375 0.014667303 0.013873898 0.996944368 -0.048229933 0.059860878
1773839257.976157 -0.054065928 0.001959978 0.014419550 0.014279348 0.996904254 -0.047300674 0.061160706
1773839258.008214 -0.054037482 0.001937490 0.014327329 0.013823794 0.996859610 -0.046967618 0.062240168
1773839258.043478 -0.054007526 0.001870783 0.014158687 0.014648381 0.996756852 -0.047058586 0.063613474
1773839258.075133 -0.053970728 0.001994879 0.013925304 0.014757158 0.996612549 -0.048350845 0.064868405
1773839258.110456 -0.053949662 0.001964479 0.013787633 0.013334428 0.996505082 -0.049232710 0.066151127
1773839258.143213 -0.053904098 0.001927894 0.013625417 0.014368334 0.996474266 -0.047995720 0.067297727
1773839258.174687 -0.053898290 0.001858841 0.013473890 0.013157250 0.996429563 -0.047936380 0.068243586
1773839258.209916 -0.053859789 0.001822328 0.013353879 0.013880922 0.996398747 -0.047432322 0.068898328
1773839258.243648 -0.053839169 0.001815235 0.013176899 0.013186279 0.996348619 -0.047934353 0.069410667
1773839258.276819 -0.053833596 0.001850237 0.012956820 0.012332114 0.996284723 -0.048864406 0.069834791
1773839258.309930 -0.053807199 0.001829909 0.012767972 0.013259096 0.996288359 -0.048360109 0.069964468
1773839258.342838 -0.053794816 0.001788551 0.012639638 0.012220734 0.996328652 -0.047467407 0.070190936
1773839258.376803 -0.053776544 0.001802999 0.012420686 0.012775869 0.996299803 -0.047481034 0.070491485
1773839258.410103 -0.053715739 0.001808087 0.012288824 0.012511547 0.996219218 -0.048346005 0.071087584
1773839258.444115 -0.053697631 0.001794578 0.012107065 0.013322480 0.996162295 -0.048034731 0.071943253
1773839258.476623 -0.053644404 0.001748557 0.011957366 0.012212592 0.996194899 -0.046699017 0.072565131
1773839258.509811 -0.053725958 0.001801445 0.011770155 0.012952780 0.996044219 -0.047621395 0.073894031
1773839258.542210 -0.053628668 0.001784855 0.011531379 0.013155957 0.995994210 -0.047649592 0.074512005
1773839258.576790 -0.053548440 0.001821220 0.011328191 0.012769414 0.995927453 -0.048407238 0.074981183
1773839258.611007 -0.053536188 0.001822522 0.011154709 0.012357770 0.995901048 -0.048495848 0.075342305
1773839258.642072 -0.053468894 0.001874965 0.010974541 0.012792047 0.995899975 -0.048266936 0.075431623
1773839258.676861 -0.053451877 0.001852471 0.010771099 0.012191448 0.995925844 -0.047626968 0.075595751
1773839258.710110 -0.053427659 0.001810355 0.010568861 0.012369954 0.995954037 -0.047487393 0.075282484
1773839258.743096 -0.053346932 0.001762345 0.010365278 0.012502845 0.995993972 -0.047178712 0.074925870
1773839258.777647 -0.053342547 0.001798759 0.010153137 0.011938906 0.996015728 -0.047423214 0.074573122
1773839258.810764 -0.053395346 0.001766576 0.009933935 0.013129020 0.996094465 -0.045822084 0.074322142
1773839258.844348 -0.053268749 0.001737132 0.009765040 0.011655008 0.996260107 -0.044872262 0.072913654
1773839258.878426 -0.053305920 0.001688353 0.009587169 0.011906021 0.996231973 -0.046812080 0.072032832
1773839258.909966 -0.053260345 0.001697542 0.009429172 0.012089769 0.996370792 -0.046402674 0.070327304
1773839258.946243 -0.053256240 0.001669183 0.009112305 0.011877001 0.996518254 -0.046036478 0.068490870
1773839258.975661 -0.053202465 0.001606882 0.008984172 0.011377848 0.996627688 -0.046617486 0.066562608
1773839259.010693 -0.053125124 0.001676263 0.008771477 0.012119858 0.996793330 -0.045648627 0.064593680
1773839259.046627 -0.053132348 0.001713157 0.008545451 0.010222232 0.996784806 -0.048412703 0.063021466
1773839259.077141 -0.053093392 0.001647932 0.008299193 0.012968520 0.996964812 -0.046072938 0.061402585
1773839259.111402 -0.053081043 0.001698511 0.008104157 0.010760081 0.996982098 -0.047578935 0.060390953
1773839259.144680 -0.053103480 0.001606092 0.007906429 0.012411256 0.997103214 -0.045072045 0.059996679
1773839259.176708 -0.052970726 0.001622140 0.007800823 0.010557906 0.997037113 -0.048124485 0.059071764
1773839259.211442 -0.053008832 0.001671755 0.007537873 0.012763304 0.997113883 -0.046375010 0.058739435
1773839259.245656 -0.052997753 0.001604663 0.007293045 0.010254066 0.997134626 -0.046769392 0.058566388
1773839259.277558 -0.052929960 0.001595252 0.007113035 0.011712767 0.997198105 -0.045134518 0.058494266
1773839259.310544 -0.052857261 0.001571290 0.006952257 0.010525340 0.997122705 -0.046946730 0.058579188
1773839259.344237 -0.052861087 0.001569686 0.006705311 0.012048282 0.997127950 -0.045752835 0.059138045
1773839259.378093 -0.052793160 0.001602590 0.006494440 0.011020161 0.997052729 -0.046546526 0.059981402
1773839259.410033 -0.052707564 0.001571867 0.006296736 0.012696791 0.997096121 -0.043901708 0.060915500
1773839259.445667 -0.052684281 0.001477106 0.006113651 0.011543687 0.996995866 -0.044592068 0.062269431
1773839259.477913 -0.052579496 0.001501641 0.005963315 0.011942043 0.996929348 -0.044712704 0.063166797
1773839259.511164 -0.052614190 0.001451506 0.005747127 0.011214068 0.996874571 -0.044083308 0.064590804
1773839259.544100 -0.052525748 0.001446826 0.005521901 0.010722055 0.996871352 -0.043404479 0.065181099
1773839259.576553 -0.052491792 0.001419566 0.005307769 0.012232194 0.996843398 -0.041886441 0.066325575
1773839259.611682 -0.052492872 0.001529924 0.005169613 0.010973465 0.996674657 -0.044253018 0.067534246
1773839259.644303 -0.052439574 0.001486358 0.004906084 0.010943450 0.996637642 -0.043674640 0.068455227
1773839259.677079 -0.052378524 0.001434651 0.004725796 0.011962668 0.996630788 -0.041646998 0.069638245
1773839259.711781 -0.052329700 0.001425060 0.004523860 0.010725385 0.996591449 -0.041304566 0.070600167
1773839259.744301 -0.052278675 0.001485809 0.004386825 0.011176556 0.996522009 -0.041209109 0.071559690
1773839259.776928 -0.052273262 0.001444730 0.004147302 0.010389910 0.996447146 -0.041497208 0.072546922
1773839259.811934 -0.052180354 0.001435202 0.004004174 0.011196351 0.996410668 -0.040995769 0.073210180
1773839259.845173 -0.052203283 0.001460558 0.003764623 0.011257376 0.996339142 -0.040434759 0.074475840
1773839259.879294 -0.052154515 0.001440969 0.003588097 0.012608158 0.996247530 -0.040169224 0.075619750
1773839259.913026 -0.052151646 0.001443710 0.003361123 0.010399379 0.996180236 -0.040611129 0.076599978
1773839259.945624 -0.052036110 0.001423133 0.003189874 0.007074151 0.996152401 -0.041880265 0.076657377
1773839259.977370 -0.052050665 0.001416465 0.003029684 0.011364073 0.996277273 -0.036293242 0.077364393
1773839260.011734 -0.051971007 0.001399230 0.002810814 0.009129622 0.996177018 -0.038751494 0.077758417
1773839260.045628 -0.052008878 0.001428697 0.002675848 0.009957727 0.996055841 -0.039012808 0.079067275
1773839260.077480 -0.051895838 0.001405329 0.002434636 0.010640495 0.996017635 -0.038461339 0.079726696
1773839260.111690 -0.051840790 0.001305839 0.002268100 0.010357387 0.995991588 -0.038085140 0.080268338
1773839260.143882 -0.051794309 0.001434727 0.002024217 0.010441690 0.995957136 -0.038022511 0.080713637
1773839260.178442 -0.051767901 0.001387763 0.001826986 0.010431469 0.995946586 -0.037636336 0.081024908
1773839260.212866 -0.051805474 0.001313114 0.001651709 0.010421138 0.995987475 -0.036217730 0.081170581
1773839260.244655 -0.051701885 0.001301423 0.001415539 0.010190055 0.996011972 -0.036429893 0.080803193
1773839260.278460 -0.051663466 0.001395629 0.001205984 0.011737489 0.996028423 -0.035807874 0.080668479
1773839260.313885 -0.051585883 0.001345810 0.000998833 0.011391014 0.996038675 -0.037331350 0.079896905
1773839260.345716 -0.051514622 0.001337564 0.000836961 0.012035319 0.996120691 -0.037387356 0.078745700
1773839260.379827 -0.051461443 0.001302416 0.000641355 0.011812023 0.996217072 -0.036964845 0.077753849
1773839260.414319 -0.051427688 0.001320767 0.000420538 0.011401027 0.996335864 -0.036317211 0.076589473
1773839260.446084 -0.051459197 0.001285642 0.000230009 0.012179749 0.996441185 -0.035874076 0.075297080
1773839260.480583 -0.051509913 0.001311090 -0.000036574 0.012663423 0.996558964 -0.035176676 0.073976137
1773839260.512376 -0.051387768 0.001261555 -0.000249449 0.012751897 0.996736705 -0.034470104 0.071869582
1773839260.547121 -0.051393572 0.001266951 -0.000421733 0.013088520 0.996851563 -0.034483697 0.070189148
1773839260.579088 -0.051321201 0.001247860 -0.000662461 0.013985251 0.997034073 -0.032702997 0.068249322
1773839260.613232 -0.051307652 0.001256149 -0.000842365 0.012987667 0.997127593 -0.033342604 0.066754118
1773839260.645059 -0.051332776 0.001301034 -0.001065241 0.015042313 0.997199118 -0.033099394 0.065361165
1773839260.680203 -0.051226173 0.001268217 -0.001329118 0.013133164 0.997374237 -0.032741956 0.063246205
1773839260.714602 -0.051251158 0.001213713 -0.001575454 0.014242267 0.997495651 -0.032080770 0.061403356
1773839260.747597 -0.051177178 0.001199184 -0.001761820 0.013750213 0.997651935 -0.031260069 0.059366163
1773839260.781741 -0.051133964 0.001249918 -0.001989110 0.015602309 0.997698665 -0.032510553 0.057419837
1773839260.812746 -0.051119283 0.001270130 -0.002229109 0.013157798 0.997881174 -0.030804180 0.055777252
1773839260.847301 -0.051079031 0.001260481 -0.002406816 0.014243504 0.997925937 -0.031714372 0.054176819
1773839260.881009 -0.051079504 0.001274371 -0.002659264 0.014664123 0.997994661 -0.031486623 0.052916378
1773839260.911896 -0.051107693 0.001295893 -0.002966289 0.013950361 0.998066545 -0.031119999 0.051962212
1773839260.946762 -0.050976284 0.001217337 -0.003098540 0.015059687 0.998120427 -0.030980429 0.050685052
1773839260.982157 -0.050997134 0.001303619 -0.003306841 0.014712335 0.998114824 -0.031809341 0.050383907
1773839261.014156 -0.050998814 0.001285448 -0.003588633 0.013585269 0.998141110 -0.032175887 0.049945079
1773839261.050480 -0.050931070 0.001309499 -0.003823647 0.013366616 0.998113751 -0.033123031 0.049932092
1773839261.079788 -0.050964747 0.001193708 -0.004090427 0.013293175 0.998051882 -0.034104783 0.050523903
1773839261.113940 -0.050865121 0.001279573 -0.004281178 0.013100487 0.998073876 -0.033431493 0.050589539
1773839261.147702 -0.050927307 0.001233267 -0.004519359 0.014283231 0.998026609 -0.032425873 0.051840872
1773839261.181589 -0.050910320 0.001289774 -0.004712548 0.014824446 0.997927427 -0.033531584 0.052884519
1773839261.214178 -0.050928593 0.001197938 -0.004936691 0.014499887 0.997882545 -0.033434976 0.053873017
1773839261.246555 -0.050850417 0.001273052 -0.005192531 0.014128360 0.997829378 -0.034226157 0.054456048
1773839261.280316 -0.050873842 0.001238409 -0.005387642 0.015086274 0.997754931 -0.034697399 0.055259317
1773839261.313198 -0.050928675 0.001185798 -0.005621830 0.014739678 0.997741759 -0.033894949 0.056082532
1773839261.346318 -0.050956879 0.001197635 -0.005865210 0.016315784 0.997711241 -0.033178315 0.056615207
1773839261.379126 -0.050974611 0.001149597 -0.006092617 0.014648352 0.997805238 -0.032119703 0.056022361
1773839261.413462 -0.050902151 0.001160855 -0.006369145 0.015550366 0.997800231 -0.033260725 0.055196375
1773839261.448951 -0.050861832 0.001236506 -0.006562673 0.015909581 0.997797310 -0.033552602 0.054969270
1773839261.481375 -0.050788980 0.001246936 -0.006669567 0.014280941 0.997751236 -0.036507357 0.054366950
1773839261.517577 -0.050798938 0.001216682 -0.006969441 0.017593365 0.997813225 -0.033331282 0.054298598
1773839261.547617 -0.050775521 0.001219033 -0.007147921 0.013088389 0.997821689 -0.034937013 0.054405935
1773839261.578991 -0.050876729 0.001151713 -0.007363855 0.014700443 0.997783720 -0.033660796 0.055484131
1773839261.614128 -0.050743695 0.001093623 -0.007639244 0.016260467 0.997782707 -0.032418042 0.055805907
1773839261.646760 -0.050666422 0.001097662 -0.007794619 0.012894812 0.997697353 -0.035541259 0.056307551
1773839261.750844 -0.050658196 0.001052459 -0.008495098 0.015662378 0.997580111 -0.032788869 0.059274793
1773839261.780725 -0.050632127 0.001100616 -0.008702846 0.016530517 0.997466147 -0.032914940 0.060865786
1773839261.814200 -0.050639711 0.001145385 -0.008936652 0.017347772 0.997386754 -0.032117680 0.062347393
1773839261.847051 -0.050548188 0.001095577 -0.009095900 0.014240627 0.997524023 -0.030153930 0.061917767
1773839261.880630 -0.050536826 0.001093369 -0.009462237 0.018186195 0.997466743 -0.029930588 0.061915256
1773839261.914137 -0.050481055 0.001133352 -0.009592014 0.014609771 0.997439384 -0.033179380 0.061646871
1773839261.948743 -0.050374884 0.001120918 -0.009803362 0.016144257 0.997506201 -0.031737149 0.060939029
1773839261.982390 -0.050382465 0.001098851 -0.010033296 0.015704077 0.997599006 -0.030876968 0.059968825
1773839262.014740 -0.050319597 0.000998083 -0.010341438 0.016648531 0.997748971 -0.028930159 0.058162715
1773839262.047719 -0.050440121 0.001093830 -0.010621959 0.016482733 0.997797489 -0.029882319 0.056881867
1773839262.081625 -0.050447825 0.001116929 -0.010800350 0.015935615 0.997876287 -0.031123891 0.054956969
1773839262.117632 -0.050392490 0.001095272 -0.011049101 0.015264153 0.998012006 -0.030581830 0.052950494
1773839262.147500 -0.050330337 0.001111268 -0.011302030 0.015104651 0.998165727 -0.028866852 0.051026393
1773839262.180768 -0.050350502 0.001065849 -0.011563211 0.015458183 0.998179972 -0.030411111 0.049728651
1773839262.214556 -0.050264176 0.001133889 -0.011800322 0.015562793 0.998232007 -0.031349119 0.048041429
1773839262.248112 -0.050303530 0.001101605 -0.011932556 0.014199935 0.998312950 -0.030113550 0.047568321
1773839262.281828 -0.050188724 0.001086240 -0.012215326 0.015573285 0.998380959 -0.028850736 0.046481229
1773839262.313717 -0.050232526 0.001113808 -0.012398624 0.015630808 0.998341262 -0.030293135 0.046397127
1773839262.349091 -0.050186202 0.001060169 -0.012648671 0.015386770 0.998369932 -0.029750895 0.046213191
1773839262.381375 -0.050191306 0.001096557 -0.012867902 0.015001811 0.998350799 -0.030075518 0.046541572
1773839262.414858 -0.050017916 0.001158955 -0.013068408 0.015240283 0.998399436 -0.028917495 0.046153475
1773839262.448479 -0.050115783 0.001043515 -0.013387002 0.014398452 0.998353183 -0.029215813 0.047223337
1773839262.482137 -0.050055489 0.001146280 -0.013639449 0.015809430 0.998298347 -0.029362991 0.047836456
1773839262.514380 -0.050180893 0.001159808 -0.013879274 0.014729870 0.998214662 -0.030622091 0.049121074
1773839262.548683 -0.050139099 0.001166319 -0.014044033 0.015083596 0.998163104 -0.030155148 0.050334658
1773839262.581618 -0.050038360 0.001102012 -0.014294932 0.014957175 0.998207629 -0.028390504 0.050515618
1773839262.614347 -0.050087653 0.001142548 -0.014526891 0.016322741 0.998091877 -0.030120164 0.051370781
1773839262.647697 -0.049961507 0.001138964 -0.014744870 0.013424368 0.998283148 -0.025548588 0.050968826
1773839262.681161 -0.050058331 0.001157586 -0.015002321 0.015899330 0.998055518 -0.030171292 0.052173968
1773839262.715636 -0.049954031 0.001133663 -0.015094875 0.014460123 0.998057365 -0.031260811 0.051915128
1773839262.749631 -0.049909577 0.001141881 -0.015328954 0.014146334 0.998103201 -0.030457847 0.051596466
1773839262.782420 -0.049899757 0.001167569 -0.015516208 0.014903088 0.998126388 -0.029184261 0.051671069
1773839262.816771 -0.049814630 0.001151567 -0.015760452 0.015134979 0.998121500 -0.029204195 0.051687378
1773839262.849524 -0.049903221 0.001086184 -0.015930286 0.014358719 0.998078406 -0.029896868 0.052340467
1773839262.885166 -0.049895614 0.001076356 -0.016169272 0.015678747 0.998098254 -0.028044019 0.052607920
1773839262.915469 -0.049999859 0.001052100 -0.016380738 0.013525113 0.998124123 -0.027187014 0.053162273
1773839262.949947 -0.049881432 0.001073988 -0.016515011 0.017629394 0.998024344 -0.027553353 0.053641375
1773839262.983409 -0.049840696 0.001067095 -0.016752446 0.014796792 0.997973859 -0.029763877 0.054253157
1773839263.016210 -0.049834888 0.001060952 -0.016983720 0.015441545 0.997949898 -0.028701195 0.055080201
1773839263.049016 -0.049811486 0.001063946 -0.017182646 0.015737409 0.997925580 -0.028493579 0.055542707
1773839263.082173 -0.049711786 0.001091920 -0.017427281 0.016144658 0.997946680 -0.026950942 0.055816166
1773839263.115967 -0.049789216 0.001135898 -0.017628448 0.015839353 0.997871280 -0.028732892 0.056359697
1773839263.149295 -0.049748011 0.001013894 -0.017850516 0.015821863 0.997900426 -0.027468385 0.056479570
1773839263.182462 -0.049768988 0.001122751 -0.018046532 0.015936958 0.997888267 -0.028386736 0.056206308
1773839263.214421 -0.049662352 0.001053260 -0.018275913 0.014875806 0.997973084 -0.027707662 0.055323821
1773839263.249699 -0.049593884 0.001050876 -0.018501621 0.015335630 0.998036206 -0.027196918 0.054303885
1773839263.281703 -0.049618743 0.001055561 -0.018726168 0.016007027 0.998054624 -0.027240178 0.053746950
1773839263.315173 -0.049622625 0.001049918 -0.018928450 0.016105993 0.998107374 -0.027262645 0.052715886
1773839263.349074 -0.049457107 0.001107533 -0.019155294 0.015785165 0.998194814 -0.027889250 0.050795514
1773839263.382780 -0.049551640 0.001088446 -0.019376572 0.015590183 0.998215199 -0.028128382 0.050321192
1773839263.415056 -0.049419090 0.001007643 -0.019555118 0.015964918 0.998237073 -0.028301889 0.049667340
1773839263.450732 -0.049468137 0.001105118 -0.019866508 0.015860602 0.998224020 -0.028957108 0.049585283
1773839263.482070 -0.049446400 0.001056440 -0.020000374 0.016516058 0.998221755 -0.028769562 0.049525898
1773839263.516180 -0.049395844 0.001086958 -0.020214489 0.016214211 0.998239517 -0.028653016 0.049335528
1773839263.550126 -0.049356338 0.001010741 -0.020397097 0.017601628 0.998255253 -0.027510451 0.049191661
1773839263.583461 -0.049352147 0.000989378 -0.020624649 0.017321803 0.998225629 -0.028288510 0.049450386
1773839263.616337 -0.049349602 0.001036949 -0.020885911 0.017107975 0.998211384 -0.027799252 0.050085526
1773839263.649109 -0.049403895 0.001007308 -0.021163682 0.016938366 0.998164177 -0.027903568 0.051017314
1773839263.683027 -0.049400013 0.001013964 -0.021420574 0.018187586 0.998099566 -0.028153956 0.051709101
1773839263.716818 -0.049422562 0.000985019 -0.021603463 0.018608522 0.998034835 -0.027756853 0.053007014
1773839263.750534 -0.049312025 0.001019524 -0.021823836 0.017132506 0.998040617 -0.027871190 0.053334441
1773839263.782052 -0.049297310 0.001007479 -0.022042200 0.018204331 0.998016655 -0.026359491 0.054189436
1773839263.814824 -0.049184147 0.001011697 -0.022248555 0.016938936 0.998005152 -0.026549339 0.054717213
1773839263.848844 -0.049236801 0.000962213 -0.022463892 0.019597832 0.997916460 -0.026364457 0.055530429
1773839263.884483 -0.049247749 0.000958751 -0.022702394 0.017933851 0.997927964 -0.026542792 0.055799790
1773839263.916023 -0.049179096 0.000997102 -0.022898279 0.017857160 0.997923076 -0.026293363 0.056029499
1773839263.950360 -0.049202785 0.001005892 -0.023061994 0.019398645 0.997828126 -0.027940426 0.056410361
1773839263.983436 -0.049092144 0.000948833 -0.023298506 0.017202271 0.997955620 -0.025785346 0.055891048
1773839264.015567 -0.049140669 0.001003411 -0.023498934 0.018424191 0.997892082 -0.026386892 0.056353424
1773839264.049320 -0.049071591 0.001009286 -0.023709550 0.018856853 0.997882903 -0.026824370 0.056165583
1773839264.081856 -0.049045220 0.001012073 -0.023935027 0.018326204 0.997925162 -0.025799742 0.056070603
1773839264.118547 -0.049025893 0.001024008 -0.024126107 0.018735152 0.997868061 -0.027311288 0.056235790
1773839264.150459 -0.049035333 0.001008310 -0.024356553 0.019467579 0.997861028 -0.027403813 0.056065816
1773839264.184446 -0.048926935 0.001013082 -0.024527486 0.018158602 0.997943580 -0.026583249 0.055426892
1773839264.216831 -0.048944309 0.001019663 -0.024760284 0.018476289 0.997940183 -0.026787521 0.055285230
1773839264.249929 -0.048974395 0.000984061 -0.024859339 0.019155640 0.997971594 -0.025831766 0.054940671
1773839264.284018 -0.048926037 0.000986080 -0.025126122 0.018246962 0.997981369 -0.026684936 0.054664657
1773839264.317020 -0.048908014 0.001044745 -0.025276482 0.018067738 0.997987688 -0.027067944 0.054419138
1773839264.349657 -0.048918460 0.000946847 -0.025481913 0.019047406 0.998006701 -0.025685957 0.054405786
1773839264.382612 -0.048844423 0.001003481 -0.025681378 0.019048160 0.997989774 -0.026969161 0.054094028
1773839264.416290 -0.048944760 0.000939071 -0.025878800 0.018825755 0.997954965 -0.027061874 0.054764006
1773839264.449468 -0.048926011 0.000979747 -0.026023470 0.018975008 0.997963667 -0.026336621 0.054907773
1773839264.483379 -0.048919760 0.000970531 -0.026204893 0.019851947 0.997896373 -0.026635004 0.055671547
1773839264.516706 -0.048829384 0.000910428 -0.026438266 0.019530423 0.997862577 -0.026318051 0.056534860
1773839264.551125 -0.048832752 0.000960967 -0.026632182 0.019928463 0.997756541 -0.026709210 0.058062736
1773839264.583775 -0.048841532 0.000950017 -0.026820984 0.019609515 0.997660160 -0.026437221 0.059922669
1773839264.617449 -0.048734736 0.000972312 -0.026944561 0.019312000 0.997582853 -0.026434341 0.061292097
1773839264.649176 -0.048939090 0.000929173 -0.027242303 0.020039126 0.997403741 -0.024701199 0.064607032
1773839264.685050 -0.048681047 0.000957394 -0.027384216 0.020691521 0.997284234 -0.026443951 0.065549329
1773839264.719882 -0.048777290 0.001004788 -0.027573876 0.019056164 0.997134387 -0.025692044 0.068554565
1773839264.751270 -0.048780989 0.000961162 -0.027709445 0.020355552 0.996980071 -0.024704734 0.070753418
1773839264.784604 -0.048765644 0.000931264 -0.027940547 0.019272409 0.996827245 -0.024965888 0.073080026
1773839264.818465 -0.048795279 0.000993490 -0.028190026 0.019296488 0.996667743 -0.023831313 0.075585149
1773839264.850357 -0.048753344 0.000914488 -0.028365901 0.019448886 0.996504545 -0.024330214 0.077514015
1773839264.884387 -0.048661623 0.000859940 -0.028516982 0.018916775 0.996359110 -0.023810668 0.079646930
1773839264.917835 -0.048651136 0.000928728 -0.028718568 0.019550124 0.996107638 -0.024493940 0.082385279
1773839264.951765 -0.048644241 0.000913165 -0.028957603 0.018569604 0.995904744 -0.024381993 0.085055396
1773839264.984019 -0.048639841 0.000898606 -0.029064767 0.019734833 0.995716333 -0.022128111 0.087577656
1773839265.017817 -0.048616305 0.000962125 -0.029283188 0.019014839 0.995472789 -0.024227580 0.089918926
1773839265.049909 -0.048530959 0.000966580 -0.029426098 0.019116474 0.995254099 -0.023567395 0.092457727
1773839265.083405 -0.048499346 0.001012248 -0.029568721 0.018056342 0.994975865 -0.024933316 0.095264524
1773839265.118488 -0.048536997 0.000974095 -0.029750936 0.019385941 0.994651139 -0.023286281 0.098747306
1773839265.150347 -0.048469178 0.000957595 -0.029931962 0.017766060 0.994326413 -0.023296801 0.102257401
1773839265.183769 -0.048495013 0.001016945 -0.030122399 0.018727014 0.993866861 -0.021847058 0.106773980
1773839265.216589 -0.048410501 0.000952645 -0.030216221 0.018588152 0.993350148 -0.023809029 0.111099318
1773839265.250600 -0.048435993 0.000945911 -0.030423366 0.018997481 0.992786705 -0.022245040 0.116270207
1773839265.283669 -0.048392273 0.000964936 -0.030614220 0.018533403 0.992093384 -0.023508906 0.121879280
1773839265.318314 -0.048480295 0.000994940 -0.030705757 0.018977873 0.991280615 -0.023769535 0.128209174
1773839265.351914 -0.048364811 0.000932307 -0.030775599 0.019533321 0.990566075 -0.022748416 0.133715183
1773839265.385087 -0.048464533 0.000942448 -0.030839726 0.018919529 0.989618123 -0.024640134 0.140324041
1773839265.417446 -0.048442993 0.000961213 -0.030978847 0.019352788 0.988684475 -0.023121037 0.146948308
1773839265.453025 -0.048464451 0.000956754 -0.031119652 0.018900516 0.987647355 -0.023961984 0.153692141
1773839265.485261 -0.048474379 0.000887115 -0.031262033 0.018641684 0.986541927 -0.023816308 0.160686746
1773839265.517125 -0.048409801 0.000984167 -0.031467613 0.018843275 0.985280156 -0.024580987 0.168118417
1773839265.552103 -0.048292328 0.000956620 -0.031555582 0.019233692 0.984039247 -0.024488775 0.175206006
1773839265.584450 -0.048295755 0.000905260 -0.031786084 0.018658334 0.982490718 -0.025120523 0.183664978
1773839265.618621 -0.048347775 0.000928750 -0.031753704 0.019126819 0.980939567 -0.025047338 0.191740364
1773839265.651730 -0.048356112 0.000912989 -0.031888537 0.018988388 0.979107738 -0.026099563 0.200764284
1773839265.685186 -0.048440665 0.000916291 -0.031990796 0.019933147 0.977201164 -0.025812805 0.209795803
1773839265.718425 -0.048280288 0.000949298 -0.032203872 0.018444415 0.975248992 -0.027210897 0.218652293
1773839265.752138 -0.048265625 0.000945792 -0.032248188 0.019577779 0.973228812 -0.025649944 0.227561966
1773839265.783928 -0.048263069 0.000949917 -0.032406837 0.018025529 0.971005321 -0.026953181 0.236848667
1773839265.818835 -0.048287470 0.001026900 -0.032400951 0.019243216 0.968654096 -0.027280040 0.246160030
1773839265.852203 -0.048152216 0.001026871 -0.032505754 0.019343900 0.966370642 -0.028514260 0.254834324
1773839265.884916 -0.048208751 0.000929484 -0.032503478 0.018346818 0.963910162 -0.028796965 0.264029086
1773839265.919346 -0.048155669 0.000982250 -0.032993454 0.019107169 0.961159587 -0.030356305 0.273652405
1773839265.952420 -0.047960177 0.000940397 -0.033094212 0.020455273 0.958863497 -0.027858660 0.281755716
1773839265.986008 -0.048327036 0.000915246 -0.032982066 0.019439230 0.955786586 -0.029834174 0.291897297
1773839266.021329 -0.048057839 0.000954832 -0.033186793 0.019961873 0.953390300 -0.030080941 0.299572349
1773839266.050766 -0.047915466 0.000998913 -0.033258893 0.019500254 0.950811446 -0.031288832 0.307568491
1773839266.086274 -0.047813050 0.000948704 -0.033401921 0.019765079 0.948093474 -0.030423827 0.315915376
1773839266.120126 -0.047906738 0.000898828 -0.033359561 0.019055007 0.945176244 -0.031109858 0.324516535
1773839266.153421 -0.048045047 0.000960708 -0.033496752 0.019738769 0.941876531 -0.031786565 0.333869219
1773839266.188458 -0.047903627 0.000899524 -0.033678956 0.019892784 0.938680887 -0.031406023 0.342777014
1773839266.219548 -0.047972366 0.001028168 -0.033880267 0.020046014 0.935212314 -0.032208119 0.352049202
1773839266.250889 -0.047903672 0.001052514 -0.034015879 0.019542124 0.931707025 -0.032803919 0.361197978
1773839266.286085 -0.048038546 0.000998276 -0.033996109 0.020280598 0.928282380 -0.032115426 0.369931281
1773839266.319248 -0.047943417 0.001034929 -0.034093007 0.019251470 0.924824834 -0.033629578 0.378414392
1773839266.354303 -0.048035659 0.001029236 -0.034116846 0.019039925 0.920929611 -0.034546230 0.387727559
1773839266.385354 -0.047932792 0.000909545 -0.034527943 0.021550529 0.917107821 -0.031606071 0.396799564
1773839266.419625 -0.047793344 0.000847004 -0.034756172 0.019501058 0.913237035 -0.034309037 0.405512869
1773839266.452483 -0.047812153 0.000883080 -0.034792341 0.020673536 0.909241378 -0.032050129 0.414518476
1773839266.486130 -0.047988795 0.000865567 -0.034778669 0.021147873 0.905120194 -0.033854384 0.423277855
1773839266.519292 -0.047815520 0.000810356 -0.035071719 0.021102117 0.900981784 -0.031553406 0.432193130
1773839266.553022 -0.047849696 0.000833359 -0.034930672 0.020423850 0.896995068 -0.033723358 0.440278918
1773839266.585301 -0.047901534 0.000898991 -0.035037458 0.021643436 0.892716050 -0.032278407 0.448940665
1773839266.618442 -0.048012275 0.000753502 -0.034911964 0.020109177 0.888626575 -0.033942912 0.456931353
1773839266.652143 -0.047682025 0.000936580 -0.035392441 0.021037145 0.883883715 -0.034130648 0.465985149
1773839266.685235 -0.047842368 0.000731410 -0.035425890 0.021079751 0.879479706 -0.033675704 0.474275291
1773839266.719597 -0.047938559 0.000779778 -0.035466824 0.021303669 0.874828517 -0.032749325 0.482854724
1773839266.752155 -0.047785554 0.000888879 -0.035531502 0.020883711 0.870240569 -0.034396484 0.490980774
1773839266.786311 -0.047825605 0.000943030 -0.035401575 0.021048607 0.865690172 -0.034858461 0.498921186
1773839266.819862 -0.047866412 0.000756837 -0.035546370 0.021430392 0.860506415 -0.034374032 0.507826567
1773839266.853063 -0.047913529 0.000821189 -0.035692204 0.021497270 0.854750037 -0.036388900 0.517316163
1773839266.884765 -0.047883909 0.000938664 -0.035651732 0.021943392 0.850176811 -0.035620552 0.524832487
1773839266.919219 -0.047758192 0.000752660 -0.035673916 0.020767227 0.845201910 -0.035432722 0.532866895
1773839266.953569 -0.047699898 0.000830699 -0.036100671 0.022266421 0.839168191 -0.035822026 0.542233944
1773839266.986518 -0.047677118 0.000792667 -0.036138300 0.022981325 0.833917618 -0.035415504 0.550271690
1773839267.019930 -0.047771953 0.000799192 -0.036233064 0.023622908 0.827796519 -0.035647977 0.559396148
1773839267.053206 -0.047632359 0.000814984 -0.036153264 0.022472225 0.822719157 -0.036190536 0.566849589
1773839267.087299 -0.047437921 0.000759606 -0.036318231 0.022308439 0.816907823 -0.035731290 0.575228035
1773839267.120509 -0.047324792 0.000827356 -0.036381189 0.021148458 0.811143875 -0.037045553 0.583288848
1773839267.153444 -0.047338199 0.000821408 -0.036358602 0.022048537 0.805191040 -0.036455691 0.591482997
1773839267.186724 -0.047291953 0.000814227 -0.036392838 0.021716056 0.799236357 -0.037219688 0.599469960
1773839267.219958 -0.047431819 0.000803810 -0.036322370 0.021963011 0.792946160 -0.036393657 0.607807100
1773839267.253005 -0.047400594 0.000753077 -0.036324985 0.021571370 0.786756098 -0.036588676 0.615800858
1773839267.287435 -0.047270939 0.000822945 -0.036403656 0.020269593 0.780290008 -0.037480727 0.623964667
1773839267.320894 -0.047552429 0.000863156 -0.036836620 0.024263749 0.772536695 -0.036200084 0.633472919
1773839267.353827 -0.047977947 0.000886525 -0.037137151 0.025924791 0.764808536 -0.035845172 0.642737091
1773839267.386722 -0.048062824 0.000834299 -0.037179299 0.026386557 0.759158850 -0.036566071 0.649341643
1773839267.420525 -0.048141565 0.000754256 -0.037285436 0.026473043 0.753896534 -0.034367241 0.655559480
1773839267.454299 -0.048192441 0.000696009 -0.037338898 0.026540883 0.749059856 -0.035985041 0.660991728
1773839267.487220 -0.048118785 0.000697445 -0.037378956 0.026688484 0.744922221 -0.034163363 0.665741324
1773839267.521093 -0.047992934 0.000932260 -0.037627488 0.027691863 0.740518570 -0.035726883 0.670514047
1773839267.553842 -0.047982953 0.000870595 -0.037562232 0.026458753 0.736521184 -0.036143351 0.674929798
1773839267.586993 -0.048017368 0.000886128 -0.037667673 0.027371066 0.732501626 -0.035374966 0.679294407
1773839267.620908 -0.047483023 0.000887754 -0.037554003 0.024579186 0.730170190 -0.035136901 0.681918442
1773839267.653921 -0.047615070 0.000905734 -0.037724677 0.024142489 0.725381732 -0.035742164 0.686994135
1773839267.686082 -0.047561679 0.000898854 -0.037773281 0.025032274 0.721556783 -0.033705410 0.691081107
1773839267.720955 -0.047523219 0.000863084 -0.037779078 0.024161877 0.718044937 -0.035222307 0.694684863
1773839267.753520 -0.047643926 0.000903123 -0.037683465 0.024351036 0.715010405 -0.034542061 0.697835207
1773839267.787682 -0.047824845 0.000988794 -0.037661772 0.024364298 0.711690247 -0.035526309 0.701171339
1773839267.822451 -0.047594041 0.000854875 -0.037426103 0.022166789 0.709871888 -0.035776533 0.703072250
1773839267.855083 -0.047736838 0.000920889 -0.037526459 0.022672953 0.707481623 -0.035189956 0.705490828
1773839267.886557 -0.047614854 0.000817868 -0.037340857 0.020529537 0.705704391 -0.036253572 0.707280397
1773839267.920586 -0.047774706 0.000939508 -0.037358236 0.021386158 0.704172432 -0.036073461 0.708789468
1773839267.954612 -0.047518179 0.000591188 -0.037680265 0.020915799 0.702960908 -0.034526601 0.710081875
1773839267.986629 -0.047516663 0.000632306 -0.037837002 0.023068242 0.701753080 -0.034245677 0.711222649
1773839268.022006 -0.047444452 0.000600829 -0.037873637 0.023593094 0.700998306 -0.033296760 0.711994410
1773839268.053239 -0.047410216 0.000583923 -0.037851602 0.022612231 0.700538576 -0.034144867 0.712438405
1773839268.087939 -0.047320124 0.000531266 -0.037854124 0.022161858 0.699774742 -0.034762178 0.713172972
1773839268.122334 -0.047248192 0.000521669 -0.037993018 0.023832899 0.699091196 -0.032937478 0.713875711
1773839268.154546 -0.047243703 0.000547784 -0.038173363 0.024308221 0.698125362 -0.034313023 0.714739561
1773839268.190315 -0.046927869 0.000393200 -0.038227070 0.023121858 0.697667003 -0.032678097 0.715302885
1773839268.222818 -0.046652578 0.000236505 -0.038218565 0.020213915 0.697218895 -0.034190733 0.715757132
1773839268.255308 -0.046478357 0.000381869 -0.037877385 0.020800089 0.698125362 -0.032799039 0.714921474
1773839268.289085 -0.046448406 0.000357608 -0.037717640 0.018875854 0.698637724 -0.035404649 0.714349806
1773839268.321609 -0.046337605 0.000293694 -0.037476745 0.018800108 0.699454188 -0.033875633 0.713626564
1773839268.355055 -0.046216223 0.000225915 -0.037199441 0.017045362 0.700801253 -0.035099853 0.712288618
1773839268.388404 -0.046554074 0.000364461 -0.037215631 0.017707961 0.700599313 -0.035759706 0.712438285
1773839268.422864 -0.046037506 0.000154444 -0.037224773 0.016372915 0.701609671 -0.034095328 0.711557031
1773839268.455000 -0.045651890 -0.000014687 -0.037246000 0.014702624 0.701667905 -0.035450708 0.711469829
1773839268.488680 -0.045309208 -0.000166481 -0.037273008 0.012724363 0.701353490 -0.033494275 0.711912632
1773839268.522096 -0.045402892 -0.000127596 -0.037325278 0.013376476 0.701391995 -0.035086431 0.711785972
1773839268.554952 -0.045554951 0.000457754 -0.037866663 0.018894166 0.698874474 -0.035470594 0.714114368
1773839268.588561 -0.045513082 0.000425962 -0.037991751 0.019085892 0.697912455 -0.035221204 0.715061843
1773839268.620742 -0.045408539 0.000373201 -0.038000025 0.018124808 0.697343946 -0.035165928 0.715643942
1773839268.655258 -0.045383256 0.000370137 -0.038024016 0.017940821 0.697245657 -0.035255253 0.715739965
1773839268.688882 -0.045082435 0.000711126 -0.038253024 0.020815877 0.696259856 -0.036335006 0.716567338
1773839268.722163 -0.044914503 0.000858106 -0.038224686 0.022019673 0.696296394 -0.035220318 0.716551483
1773839268.755765 -0.044856586 0.000804439 -0.038290236 0.021479804 0.696154952 -0.036786668 0.716626585
1773839268.788533 -0.044687390 0.000830041 -0.038322724 0.022037117 0.695631087 -0.036726106 0.717121303
1773839268.821249 -0.044512819 0.000785205 -0.038185984 0.021620439 0.695795476 -0.035508145 0.717035830
1773839268.854792 -0.044342041 0.000751536 -0.038148709 0.020922367 0.695203066 -0.036077876 0.717602491
1773839268.888896 -0.043997925 0.000743577 -0.037997663 0.020040097 0.694831669 -0.036843009 0.717948496
1773839268.922171 -0.043886565 0.000770941 -0.038097534 0.020569056 0.693628132 -0.033018589 0.719282091
1773839268.956612 -0.043770276 0.000778921 -0.037953492 0.020049125 0.692775249 -0.037226725 0.719912946
1773839268.989060 -0.043614484 0.000790109 -0.038075741 0.020810058 0.690661430 -0.035811145 0.721991181
1773839269.022376 -0.043481540 0.000795926 -0.038105778 0.020388024 0.688754439 -0.036046315 0.723811030
1773839269.055838 -0.043446869 0.000832997 -0.038166098 0.020725943 0.686630666 -0.036223255 0.725807607
1773839269.090260 -0.043296136 0.000768514 -0.038144939 0.020856557 0.684452832 -0.035464250 0.727895319
1773839269.120868 -0.043058507 0.000670880 -0.038116552 0.019618079 0.682617784 -0.034519676 0.729696214
1773839269.155757 -0.042966306 0.000639403 -0.038148005 0.020140752 0.681074023 -0.036116321 0.731045902
1773839269.191327 -0.042677097 0.000380397 -0.038124308 0.018514847 0.679919779 -0.035171609 0.732208490
1773839269.223490 -0.042484391 0.000254328 -0.038132709 0.017414194 0.679101169 -0.033248115 0.733084440
1773839269.256391 -0.042411629 0.000286249 -0.038176879 0.017258175 0.678010464 -0.033903793 0.734067082
1773839269.289324 -0.042211875 0.000287929 -0.038160894 0.017631814 0.677218974 -0.034377817 0.734766424
1773839269.322189 -0.042124949 0.000256527 -0.038213689 0.017590508 0.676564038 -0.034753129 0.735352874
1773839269.356304 -0.042079058 0.000247166 -0.038188726 0.017366361 0.676540971 -0.034088984 0.735410571
1773839269.388764 -0.041898232 0.000201150 -0.038212057 0.016998794 0.676240325 -0.034985147 0.735653520
1773839269.421660 -0.041713931 0.000174621 -0.038257491 0.017088940 0.676000774 -0.034765299 0.735881984
1773839269.457607 -0.041482821 0.000337337 -0.038326047 0.017737892 0.675717771 -0.033837080 0.736169755
1773839269.490901 -0.041378617 0.000331241 -0.038335126 0.017620724 0.675492406 -0.035341881 0.736308634
1773839269.523828 -0.041266635 0.000297824 -0.038376112 0.017695226 0.675071776 -0.033609048 0.736773610
1773839269.556573 -0.041148383 0.000288049 -0.038402677 0.017592074 0.674243212 -0.035710964 0.737435579
1773839269.589667 -0.040948890 0.000244237 -0.038419954 0.016700678 0.673162937 -0.034806006 0.738485813
1773839269.622892 -0.040795535 0.000179840 -0.038453132 0.016828764 0.671819925 -0.034232020 0.739731669
1773839269.655737 -0.040658016 0.000156162 -0.038472589 0.016381456 0.670145154 -0.033378676 0.741298199
1773839269.689766 -0.040414620 0.000115363 -0.038508058 0.015949914 0.668239057 -0.032382723 0.743070364
1773839269.722859 -0.040235419 0.000248053 -0.038445331 0.016412068 0.667012215 -0.033249438 0.744123518
1773839269.756730 -0.040076543 0.000193068 -0.038480405 0.016621966 0.665439427 -0.031873446 0.745585799
1773839269.790807 -0.039928466 0.000110865 -0.038491972 0.016035846 0.664414763 -0.031005876 0.746548414
1773839269.824198 -0.039715413 0.000098225 -0.038545076 0.015235598 0.663436770 -0.030859092 0.747440457
1773839269.858859 -0.039581064 0.000334620 -0.038476519 0.016559873 0.663378179 -0.031476084 0.747438550
1773839269.891562 -0.039384939 0.000279967 -0.038411286 0.015685469 0.663818240 -0.030814180 0.747094214
1773839269.924422 -0.039273892 0.000267674 -0.038457993 0.015648225 0.664275348 -0.031004574 0.746680677
1773839269.957002 -0.039067883 0.000332307 -0.038304489 0.015354229 0.665474117 -0.030694416 0.745631516
1773839269.988946 -0.038847387 0.000516900 -0.038426809 0.016320892 0.665531754 -0.031610183 0.745521188
1773839270.023802 -0.038722131 0.000302192 -0.038388893 0.014912543 0.666341484 -0.029676393 0.744906664
1773839270.056784 -0.038572975 0.000382294 -0.038277652 0.014138525 0.667233169 -0.031004889 0.744069040
1773839270.090125 -0.038416188 0.000307623 -0.038197443 0.013749857 0.667734265 -0.029604074 0.743683696
1773839270.122722 -0.038123667 0.000440308 -0.038166173 0.014033386 0.667608142 -0.030037005 0.743774295
1773839270.156542 -0.037965864 0.000268764 -0.038206723 0.012182665 0.667574346 -0.028309552 0.743904948
1773839270.190669 -0.037837543 0.000285685 -0.038185924 0.012128081 0.667593002 -0.028486557 0.743882358
1773839270.223516 -0.037675250 0.000281511 -0.038236301 0.011842808 0.667019308 -0.028100856 0.744416058
1773839270.257188 -0.037501201 0.000281148 -0.038287222 0.011836421 0.666394472 -0.027753487 0.744988620
1773839270.290287 -0.037428852 0.000334032 -0.038213324 0.012137156 0.666451871 -0.027501693 0.744941771
1773839270.322947 -0.037198089 0.000304245 -0.038095526 0.010987267 0.666569591 -0.028110487 0.744831502
1773839270.357466 -0.037078679 0.000267786 -0.038202062 0.010875577 0.666241944 -0.027437715 0.745151401
1773839270.389704 -0.036908422 0.000316014 -0.038231883 0.011662186 0.665880084 -0.027617678 0.745456159
1773839270.423985 -0.036757845 0.000334027 -0.038256325 0.011557075 0.665509939 -0.026889762 0.745814979
1773839270.456015 -0.036593229 0.000355377 -0.038166944 0.010951715 0.665529728 -0.027250564 0.745793343
1773839270.490897 -0.036477502 0.000316960 -0.038276851 0.011137543 0.665001392 -0.026341729 0.746294320
1773839270.524571 -0.036295746 0.000360485 -0.038252145 0.011097321 0.664805233 -0.026303690 0.746471047
1773839270.558178 -0.036155380 0.000299661 -0.038196303 0.011154855 0.664481938 -0.027003611 0.746733010
1773839270.590873 -0.036017016 0.000235130 -0.038293451 0.011551709 0.663809121 -0.026214035 0.747353256
1773839270.625297 -0.035864353 0.000307097 -0.038226593 0.011823153 0.663387716 -0.027160417 0.747689307
1773839270.659808 -0.035705302 0.000230781 -0.038284827 0.011616761 0.662460148 -0.026727615 0.748530090
1773839270.691316 -0.035495821 0.000220763 -0.038234502 0.011497379 0.661840975 -0.027148804 0.749064267
1773839270.724400 -0.035383534 0.000223525 -0.038261473 0.013124182 0.660757422 -0.026907604 0.750002205
1773839270.758032 -0.035168480 0.000169594 -0.038160149 0.012511206 0.659943640 -0.027389061 0.750711441
1773839270.790715 -0.035025563 0.000183716 -0.038272493 0.012890922 0.658222377 -0.027918225 0.752195239
1773839270.823918 -0.034888323 0.000179208 -0.038210589 0.013383333 0.657424569 -0.027959816 0.752882481
1773839270.857322 -0.034709565 0.000201832 -0.038369115 0.013532798 0.655955434 -0.028582023 0.754136860
1773839270.891664 -0.034585230 0.000243768 -0.038330063 0.013905592 0.655644000 -0.027877960 0.754427195
1773839270.923873 -0.034422066 0.000181773 -0.038400721 0.013193850 0.654785931 -0.028880948 0.755147159
1773839270.957055 -0.034253575 0.000121194 -0.038347289 0.013368283 0.654438913 -0.028436687 0.755461693
1773839270.991375 -0.034089532 0.000164887 -0.038344301 0.013294911 0.653945029 -0.028664639 0.755881906
1773839271.024645 -0.033933241 0.000138182 -0.038415913 0.013375094 0.653056920 -0.028108001 0.756668746
1773839271.057972 -0.033766910 0.000207475 -0.038404815 0.014192288 0.652291715 -0.029328283 0.757267356
1773839271.091784 -0.033620790 0.000070704 -0.038316954 0.013278521 0.652170300 -0.028443044 0.757422268
1773839271.125482 -0.033412151 -0.000040390 -0.038297959 0.012089220 0.651733398 -0.027569462 0.757850409
1773839271.158478 -0.033162657 0.000263291 -0.038396105 0.014356847 0.651043653 -0.028389277 0.758373260
1773839271.190358 -0.033030864 0.000251817 -0.038367979 0.013507335 0.651376605 -0.029170129 0.758073330
1773839271.223906 -0.032840356 0.000315561 -0.038411677 0.014355500 0.651510000 -0.028723037 0.757960141
1773839271.258800 -0.032684982 0.000334864 -0.038376018 0.014372349 0.652115941 -0.029515741 0.757408082
1773839271.291287 -0.032560233 0.000375864 -0.038415693 0.014533253 0.652357042 -0.029429063 0.757200778
1773839271.325432 -0.032343891 0.000199332 -0.038295347 0.013753259 0.652807117 -0.030244682 0.756795168
1773839271.358137 -0.032211192 0.000175930 -0.038311981 0.012997960 0.652840614 -0.028287843 0.756855309
1773839271.391580 -0.032045580 0.000141502 -0.038322121 0.012481655 0.652834415 -0.028811883 0.756849587
1773839271.426090 -0.031903304 0.000240980 -0.038384456 0.013367075 0.652394354 -0.028884245 0.757211089
1773839271.457379 -0.031681340 0.000104791 -0.038238652 0.011756818 0.652559519 -0.028009892 0.757128358
1773839271.492248 -0.031503692 0.000205141 -0.038231023 0.012186469 0.652307391 -0.028993968 0.757301688
1773839271.524731 -0.031355705 0.000217302 -0.038295589 0.012058475 0.651917458 -0.028061992 0.757674575
1773839271.559397 -0.031173527 0.000306926 -0.038167097 0.012160446 0.652431905 -0.029374648 0.757180214
1773839271.594085 -0.031004686 0.000268036 -0.038311653 0.012249934 0.652132988 -0.028067496 0.757485807
1773839271.625146 -0.030877195 0.000336839 -0.038291138 0.012660738 0.652301729 -0.029720804 0.757270634
1773839271.659260 -0.030736547 0.000212585 -0.038179655 0.011706698 0.653261304 -0.027918717 0.756527066
1773839271.692347 -0.030558638 0.000252316 -0.038179096 0.011591220 0.653792799 -0.029588357 0.756006062
1773839271.724451 -0.030359481 0.000302638 -0.038091257 0.012185705 0.654564977 -0.028367689 0.755375087
1773839271.758262 -0.030225143 0.000395760 -0.038080249 0.012015169 0.655186594 -0.030764244 0.754744828
1773839271.791756 -0.030038100 0.000261526 -0.038075324 0.011301947 0.656154454 -0.028286502 0.754011571
1773839271.824872 -0.029875150 0.000236596 -0.038131252 0.011236331 0.656795919 -0.028994571 0.753426969
1773839271.857587 -0.029730825 0.000128834 -0.038064603 0.010519922 0.658053577 -0.029830143 0.752306402
1773839271.891899 -0.029612232 0.000297987 -0.038083531 0.011099160 0.659005225 -0.028985756 0.751497686
1773839271.926590 -0.029411271 0.000315878 -0.038131718 0.011631357 0.659515560 -0.029456178 0.751023471
1773839271.959394 -0.029204965 0.000298160 -0.038153753 0.011331782 0.659647882 -0.029601272 0.750906110
1773839271.992475 -0.028987462 0.000232850 -0.038063873 0.010970428 0.660495579 -0.029544432 0.750168264
1773839272.025264 -0.028796889 0.000252360 -0.038044568 0.010771217 0.660715044 -0.028706165 0.750010371
1773839272.058882 -0.028672613 0.000195122 -0.038060021 0.010075836 0.660763144 -0.029175600 0.749959528
1773839272.093077 -0.028464554 0.000255421 -0.037976481 0.010850779 0.660752356 -0.029348835 0.749951482
1773839272.126195 -0.028331354 0.000245451 -0.037950885 0.010221954 0.660365343 -0.029648649 0.750289321
1773839272.160943 -0.028201297 0.000289379 -0.037919894 0.010352965 0.660062253 -0.029627908 0.750555038
1773839272.191395 -0.028024802 0.000311605 -0.037925649 0.010820477 0.659498274 -0.029214304 0.751060247
1773839272.226240 -0.027852792 0.000270702 -0.037885979 0.010114310 0.658794224 -0.030671710 0.751629591
1773839272.263433 -0.027671030 0.000254464 -0.037852753 0.009996844 0.658169389 -0.029323431 0.752232194
1773839272.292164 -0.027413983 0.000157820 -0.037725631 0.009840192 0.657896876 -0.030665573 0.752419114
1773839272.331759 -0.027248133 0.000169637 -0.037871838 0.009511895 0.656607151 -0.028496033 0.753634214
1773839272.358043 -0.027077908 0.000187703 -0.037740827 0.009498808 0.656596422 -0.029576275 0.753602087
1773839272.392544 -0.026872031 0.000182890 -0.037735067 0.008843097 0.656123817 -0.030268904 0.753994107
1773839272.430843 -0.026713550 0.000199590 -0.037726991 0.008887633 0.656031847 -0.028791234 0.754131496
1773839272.459978 -0.026522517 0.000176967 -0.037614904 0.008631284 0.656375527 -0.029879557 0.753793001
1773839272.497838 -0.026382282 0.000166816 -0.037617698 0.008523604 0.655855477 -0.029394247 0.754265785
1773839272.525979 -0.026163537 0.000183085 -0.037584212 0.008671043 0.655255556 -0.029740598 0.754771829
1773839272.559610 -0.026004691 0.000170108 -0.037554495 0.008634704 0.654733717 -0.029735383 0.755225182
1773839272.598188 -0.025851235 0.000174563 -0.037567537 0.008922681 0.653538227 -0.030659048 0.756219685
1773839272.625615 -0.025627179 0.000167826 -0.037556168 0.008036396 0.653000593 -0.028919285 0.756762385
1773839272.660737 -0.025496773 0.000168559 -0.037555888 0.008124190 0.651926935 -0.030930681 0.757607162
1773839272.692360 -0.025326828 0.000195076 -0.037339751 0.007631112 0.652288616 -0.029517630 0.757357240
1773839272.726776 -0.025124045 0.000157700 -0.037428889 0.007428245 0.651511371 -0.030369908 0.757994354
1773839272.765301 -0.024930703 0.000228118 -0.037330553 0.008098746 0.651787221 -0.029329488 0.757791281
1773839272.793918 -0.024772365 0.000238029 -0.037381653 0.008334931 0.651438892 -0.030852238 0.758027673
1773839272.831580 -0.024625512 0.000210427 -0.037474297 0.008510917 0.651210845 -0.029786140 0.758264303
1773839272.859227 -0.024423162 0.000222962 -0.037436921 0.008626039 0.651709020 -0.028798521 0.757873058
1773839272.893741 -0.024280662 0.000246998 -0.037421301 0.008189788 0.652203918 -0.029813189 0.757412791
1773839272.932679 -0.024095017 0.000279360 -0.037284024 0.008132266 0.653129101 -0.031314086 0.756555080
1773839272.958811 -0.023899488 0.000260724 -0.037274387 0.007846301 0.653511167 -0.030370008 0.756266713
1773839272.998174 -0.023719404 0.000249348 -0.037232172 0.007672827 0.653813899 -0.029304475 0.756048799
1773839273.026340 -0.023550963 0.000261454 -0.037228752 0.008685300 0.654188216 -0.030095853 0.755682886
1773839273.059669 -0.023388773 0.000247621 -0.037196621 0.007542922 0.654491901 -0.029339105 0.755461931
1773839273.098528 -0.023244666 0.000282200 -0.037157737 0.007930778 0.654867887 -0.031327844 0.755052149
1773839273.127340 -0.023031823 0.000303757 -0.037172228 0.008602384 0.654833913 -0.029018931 0.755166531
1773839273.165281 -0.022793887 0.000216254 -0.037133351 0.007535182 0.654680610 -0.030111305 0.755268037
1773839273.193746 -0.022655956 0.000247379 -0.037144668 0.008136723 0.654360175 -0.028555682 0.755599856
1773839273.227631 -0.022442224 0.000150041 -0.037070692 0.007061125 0.654290557 -0.030231617 0.755605757
1773839273.265791 -0.022230165 0.000230328 -0.037023868 0.007031141 0.654364169 -0.029232172 0.755581558
1773839273.293732 -0.022066427 0.000250552 -0.036999848 0.008584910 0.654536486 -0.028818751 0.755432129
1773839273.327915 -0.021891274 0.000197226 -0.036951169 0.007317377 0.654972613 -0.029851861 0.755027294
1773839273.362560 -0.021724224 0.000230739 -0.036970209 0.007774855 0.655396044 -0.028791830 0.754696369
1773839273.402220 -0.021544918 0.000250034 -0.036980685 0.006533560 0.656083524 -0.029594351 0.754079521
1773839273.426892 -0.021309197 0.000209031 -0.036919445 0.006384845 0.657173395 -0.027291326 0.753218114
1773839273.461607 -0.021134451 0.000235833 -0.036886849 0.006792037 0.657907605 -0.028790548 0.752517402
1773839273.493688 -0.020993195 0.000183891 -0.036846399 0.005708540 0.658995032 -0.027306071 0.751629829
1773839273.528671 -0.020799037 0.000224210 -0.036800534 0.005455672 0.659748137 -0.028322536 0.750933051
1773839273.560007 -0.020593382 0.000227536 -0.036788817 0.005606277 0.660231411 -0.026711689 0.750566185
1773839273.594861 -0.020448666 0.000222115 -0.036772013 0.005913650 0.660628319 -0.027896767 0.750171304
1773839273.627907 -0.020236067 0.000212618 -0.036761891 0.005460947 0.660902441 -0.026322402 0.749990165
1773839273.666922 -0.020053249 0.000244479 -0.036797039 0.005446361 0.661100984 -0.026640939 0.749804020
1773839273.694367 -0.019880326 0.000328632 -0.036709223 0.004687115 0.661637187 -0.026674019 0.749334872
1773839273.727001 -0.019604180 0.000264397 -0.036558472 0.005099695 0.662324667 -0.025807116 0.748754978
1773839273.766338 -0.019418377 0.000231585 -0.036636010 0.004670987 0.661615014 -0.025551587 0.749393702
1773839273.793346 -0.019214958 0.000183988 -0.036587626 0.003730278 0.661468983 -0.025530810 0.749528527
1773839273.831740 -0.019043837 0.000253382 -0.036514871 0.003350953 0.661097944 -0.025909649 0.749844611
1773839273.861268 -0.018813573 0.000269952 -0.036505550 0.003822408 0.660087466 -0.025070339 0.750760555
1773839273.894338 -0.018689580 0.000293438 -0.036515459 0.004388471 0.659112871 -0.024186790 0.751642168
1773839273.932272 -0.018436456 0.000221574 -0.036439218 0.002667696 0.658380985 -0.024512306 0.752280831
1773839273.961204 -0.018258020 0.000215655 -0.036489498 0.003291463 0.656938314 -0.023186637 0.753580511
1773839273.999309 -0.018070083 0.000205804 -0.036413826 0.002345601 0.656008661 -0.024444073 0.754353762
1773839274.027733 -0.017903816 0.000222249 -0.036489956 0.003581754 0.654717505 -0.023612017 0.755496264
1773839274.060971 -0.017684592 0.000230173 -0.036436163 0.002206931 0.654043436 -0.023067161 0.756102026
1773839274.099496 -0.017525960 0.000247282 -0.036425639 0.002699936 0.652984917 -0.024026465 0.756984890
1773839274.128213 -0.017355986 0.000258283 -0.036453746 0.003333846 0.652275383 -0.024088763 0.757591844
1773839274.166275 -0.017127372 0.000250841 -0.036411118 0.002974957 0.652096391 -0.024497297 0.757734299
1773839274.194749 -0.016931646 0.000266121 -0.036399804 0.001841781 0.651993155 -0.023635874 0.757854104
1773839274.228491 -0.016747333 0.000292431 -0.036393683 0.003409813 0.651677608 -0.023877837 0.758112431
1773839274.267982 -0.016586412 0.000269502 -0.036403071 0.002704072 0.651316941 -0.024073748 0.758418977
1773839274.294345 -0.016386705 0.000251192 -0.036378585 0.002611725 0.651142895 -0.023806272 0.758577168
1773839274.333297 -0.016224049 0.000299609 -0.036367882 0.003561768 0.650510013 -0.024752026 0.759085894
1773839274.361767 -0.016039845 0.000234317 -0.036335692 0.003067073 0.650441587 -0.025139712 0.759133875
1773839274.395783 -0.015876085 0.000240929 -0.036393333 0.003652482 0.649818361 -0.024332048 0.759691179
1773839274.433421 -0.015703417 0.000270882 -0.036402114 0.003623447 0.649553657 -0.025342140 0.759884655
1773839274.462438 -0.015531877 0.000230146 -0.036371659 0.004035110 0.649661839 -0.024415761 0.759820402
1773839274.501294 -0.015382253 0.000274972 -0.036396008 0.005017739 0.649320185 -0.025780892 0.760061443
1773839274.529038 -0.015214765 0.000270670 -0.036373343 0.004242428 0.649507880 -0.025068669 0.759929657
1773839274.562220 -0.014972746 0.000284660 -0.036295503 0.004310477 0.650024176 -0.026683806 0.759432614
1773839274.600512 -0.014800993 0.000218581 -0.036216728 0.002453743 0.650699437 -0.025304740 0.758909702
1773839274.628908 -0.014623385 0.000257866 -0.036268502 0.003601668 0.650699139 -0.026342046 0.758870006
1773839274.667778 -0.014440997 0.000236605 -0.036263898 0.003570385 0.650923610 -0.025647404 0.758701444
1773839274.698056 -0.014289216 0.000264010 -0.036239002 0.003577020 0.651289523 -0.026168704 0.758369565
1773839274.728896 -0.014093651 0.000281894 -0.036228046 0.003994633 0.651743889 -0.026943702 0.757949829
1773839274.767815 -0.013878521 0.000281082 -0.036177725 0.003610197 0.652525902 -0.025359174 0.757333338
1773839274.794882 -0.013710376 0.000268782 -0.036158640 0.002402234 0.653034508 -0.026399069 0.756864011
1773839274.834299 -0.013538491 0.000288597 -0.036132760 0.003817892 0.653610945 -0.025796968 0.756381333
1773839274.861025 -0.013326704 0.000297357 -0.036047623 0.003610940 0.654563069 -0.026811002 0.755523145
1773839274.894879 -0.013138265 0.000307449 -0.036027998 0.003440252 0.655413270 -0.026099507 0.754811525
1773839274.933991 -0.012993140 0.000303335 -0.036008675 0.003227685 0.656311333 -0.026512776 0.754017293
1773839274.961413 -0.012826790 0.000317592 -0.036008351 0.003116576 0.657169759 -0.026103243 0.753283978
1773839275.001997 -0.012662606 0.000282847 -0.036065124 0.002753157 0.657332063 -0.025876353 0.753151655
1773839275.030167 -0.012533135 0.000282371 -0.036051068 0.003232422 0.658064902 -0.026385799 0.752491832
1773839275.061248 -0.012362900 0.000288497 -0.036036946 0.003668728 0.658445060 -0.026888592 0.752139390
1773839275.101299 -0.012255654 0.000293285 -0.036025546 0.004113767 0.658684552 -0.026887927 0.751927376
1773839275.130142 -0.012029289 0.000299929 -0.036002558 0.003395273 0.658641517 -0.025716972 0.752009571
1773839275.167664 -0.011783145 0.000306721 -0.035978641 0.002684108 0.658594668 -0.024555996 0.752092361
1773839275.196029 -0.011724088 0.000269916 -0.036069281 0.003012045 0.657558620 -0.025736218 0.752957642
1773839275.229994 -0.011506017 0.000261755 -0.035893518 0.003276221 0.657621562 -0.028091075 0.752817392
1773839275.267399 -0.011306305 0.000300038 -0.035857189 0.003307401 0.657088161 -0.027429847 0.753307223
1773839275.296202 -0.011162831 0.000299104 -0.035842706 0.002873795 0.656337917 -0.027148435 0.753973007
1773839275.334676 -0.011020214 0.000331533 -0.035827901 0.004178732 0.655120730 -0.027886163 0.754997849
1773839275.362990 -0.010883695 0.000319976 -0.035834767 0.004325082 0.653563142 -0.027669577 0.756353736
1773839275.396811 -0.010714612 0.000277775 -0.035822447 0.003166175 0.652065873 -0.028206974 0.757630765
1773839275.435349 -0.010561896 0.000280043 -0.035836317 0.003187844 0.650493920 -0.026746204 0.759033680
1773839275.462710 -0.010337332 0.000309947 -0.035756886 0.003945117 0.648764074 -0.028303796 0.760452807
1773839275.500675 -0.010221187 0.000292285 -0.035769891 0.004192048 0.647012115 -0.027257247 0.761980891
1773839275.529667 -0.010077295 0.000296176 -0.035794277 0.003417202 0.645130157 -0.028088717 0.763548553
1773839275.568358 -0.009940983 0.000307780 -0.035727866 0.004053610 0.644042253 -0.028308928 0.764455199
1773839275.595936 -0.009754438 0.000278728 -0.035725668 0.004597299 0.643028855 -0.027990516 0.765316486
1773839275.629904 -0.009608116 0.000277039 -0.035708442 0.002969926 0.642638326 -0.027651135 0.765664816
1773839275.668905 -0.009471864 0.000330369 -0.035679724 0.004332785 0.642345607 -0.028818825 0.765860856
1773839275.696280 -0.009318468 0.000281777 -0.035620186 0.003838629 0.642493546 -0.028745001 0.765742123
1773839275.730968 -0.009155480 0.000229171 -0.035585538 0.003120031 0.642705798 -0.027379850 0.765617311
1773839275.767789 -0.009048842 0.000285049 -0.035618581 0.003296795 0.642827451 -0.028949210 0.765456736
1773839275.796498 -0.008868727 0.000282855 -0.035549145 0.003312055 0.643388689 -0.028657725 0.764995933
1773839275.834325 -0.008789212 0.000259547 -0.035551358 0.003618322 0.643627584 -0.028677488 0.764792800
1773839275.863086 -0.008717697 0.000307749 -0.035624456 0.005145737 0.643842399 -0.030652130 0.764526665
1773839275.896908 -0.008570296 0.000267976 -0.035574354 0.003619953 0.644695044 -0.027322356 0.763942897
1773839275.936521 -0.008461998 0.000284067 -0.035557654 0.005378011 0.644949675 -0.031719051 0.763547540
1773839275.963737 -0.008340369 0.000249975 -0.035524257 0.004823677 0.645896494 -0.028558502 0.762875378
1773839276.001287 -0.008259142 0.000231904 -0.035509091 0.005427693 0.646459877 -0.033218071 0.762205184
1773839276.030305 -0.008132617 0.000264181 -0.035542369 0.005558756 0.646936774 -0.028719803 0.761982262
1773839276.062546 -0.007997278 0.000268777 -0.035501931 0.005316546 0.647272885 -0.032230783 0.761558115
1773839276.102016 -0.007854740 0.000236071 -0.035464391 0.004424437 0.647806823 -0.031069199 0.761157990
1773839276.129470 -0.007718508 0.000301456 -0.035431243 0.005956927 0.647579074 -0.032625299 0.761276126
1773839276.169876 -0.007548888 0.000286600 -0.035388116 0.005850445 0.647235870 -0.032119039 0.761590302
1773839276.196857 -0.007479259 0.000267603 -0.035403382 0.005725982 0.646801412 -0.030833177 0.762013495
1773839276.236982 -0.007413369 0.000280728 -0.035410874 0.005701036 0.645938158 -0.033355583 0.762639403
1773839276.263986 -0.007200545 0.000254601 -0.035299893 0.004174342 0.645821512 -0.030883301 0.762852132
1773839276.296993 -0.007087966 0.000255781 -0.035281636 0.005025492 0.645184755 -0.032327808 0.763325870
1773839276.336351 -0.007016557 0.000283453 -0.035289068 0.005334165 0.644723237 -0.032915939 0.763688445
1773839276.364492 -0.006921939 0.000257733 -0.035282675 0.004647367 0.644669235 -0.032171600 0.763770223
1773839276.404966 -0.006804292 0.000286827 -0.035240572 0.004929525 0.644903600 -0.032645870 0.763550460
1773839276.431262 -0.006695243 0.000314109 -0.035218738 0.005132444 0.645181775 -0.032572933 0.763317227
1773839276.463145 -0.006652072 0.000255165 -0.035195861 0.005082555 0.645704508 -0.034150165 0.762806416
1773839276.503363 -0.006536881 0.000255158 -0.035161436 0.004957961 0.646425307 -0.033109687 0.762242436
1773839276.530350 -0.006427899 0.000258423 -0.035133436 0.005755216 0.646958888 -0.034667186 0.761714756
1773839276.568880 -0.006367531 0.000246615 -0.035150852 0.005618025 0.647770524 -0.032818813 0.761107564
1773839276.597738 -0.006193064 0.000287155 -0.035083689 0.006280813 0.648758411 -0.035074439 0.760159791
1773839276.632442 -0.006091184 0.000273588 -0.035088606 0.006942370 0.649574339 -0.034004077 0.759505570
1773839276.669288 -0.006004816 0.000284690 -0.035069093 0.006759299 0.650175333 -0.034861669 0.758953989
1773839276.697225 -0.005892736 0.000285071 -0.035010282 0.006639021 0.651254177 -0.033504501 0.758090615
1773839276.736648 -0.005795125 0.000260915 -0.034995351 0.006369784 0.651448607 -0.036315061 0.757796407
1773839276.764026 -0.005705667 0.000279358 -0.034994457 0.007069330 0.652040601 -0.033953853 0.757390499
1773839276.797157 -0.005595820 0.000294867 -0.034941349 0.007249866 0.652489305 -0.036975395 0.756860614
1773839276.843375 -0.005525107 0.000282108 -0.034980141 0.007203531 0.652509570 -0.033917475 0.756986797
1773839276.864471 -0.005417098 0.000281910 -0.034914523 0.006925696 0.652512848 -0.036529042 0.756865025
1773839276.902162 -0.005307262 0.000300536 -0.034874804 0.006488529 0.652558506 -0.035194397 0.756892741
1773839276.932130 -0.005206792 0.000270638 -0.034839250 0.006654959 0.652579665 -0.035790954 0.756845117
1773839276.964558 -0.005104279 0.000300883 -0.034802392 0.006766437 0.652675629 -0.036771659 0.756714284
1773839277.022959 -0.004958594 0.000287385 -0.034751017 0.006532287 0.652677834 -0.035514724 0.756774485
1773839277.035338 -0.004869911 0.000287183 -0.034720249 0.006292369 0.652469158 -0.037053674 0.756882727
1773839277.075546 -0.004752900 0.000284988 -0.034751855 0.006622384 0.651834548 -0.035918247 0.757481158
1773839277.098715 -0.004676003 0.000274474 -0.034712337 0.006153759 0.651390135 -0.036681615 0.757830739
1773839277.132181 -0.004547618 0.000298866 -0.034712963 0.006709884 0.650600970 -0.036476903 0.758513451
1773839277.173287 -0.004433764 0.000294677 -0.034678504 0.007156635 0.650261581 -0.036982097 0.758775949
1773839277.198144 -0.004350192 0.000318255 -0.034696952 0.007802741 0.649892032 -0.037192959 0.759075761
1773839277.239956 -0.004194427 0.000288172 -0.034630526 0.007428410 0.650228560 -0.037337780 0.758784175
1773839277.265454 -0.004115928 0.000300582 -0.034646947 0.007575179 0.650083959 -0.037032951 0.758921564
1773839277.297685 -0.004019943 0.000299217 -0.034631670 0.007649816 0.649936974 -0.037256114 0.759035766
1773839277.336330 -0.003869547 0.000260132 -0.034592763 0.006986191 0.649782836 -0.035922091 0.759238482
1773839277.364600 -0.003795377 0.000274511 -0.034629084 0.007312056 0.649176478 -0.037192333 0.759692848
1773839277.403603 -0.003681387 0.000284368 -0.034639556 0.007652767 0.648536563 -0.037314195 0.760229826
1773839277.432073 -0.003655321 0.000295734 -0.034724947 0.007739244 0.647642851 -0.036567591 0.761026740
1773839277.465725 -0.003568117 0.000303248 -0.034773264 0.008068488 0.646945417 -0.035522915 0.761665702
1773839277.503629 -0.003332617 0.000289052 -0.034557521 0.006711213 0.647462487 -0.037656710 0.761136830
1773839277.531462 -0.003245308 0.000294295 -0.034558885 0.006909169 0.647289932 -0.037804849 0.761274457
1773839277.570714 -0.003163305 0.000293602 -0.034607895 0.006771902 0.646973133 -0.035850987 0.761639416
1773839277.598973 -0.003060280 0.000279704 -0.034605436 0.006775204 0.646770179 -0.037432764 0.761735678
1773839277.632471 -0.002925731 0.000263985 -0.034557622 0.006965174 0.647005796 -0.036107492 0.761597812
1773839277.670935 -0.002799904 0.000267501 -0.034489229 0.006273489 0.647180021 -0.037914883 0.761367977
1773839277.699335 -0.002678085 0.000249248 -0.034461804 0.005943091 0.647195041 -0.036139265 0.761444151
1773839277.744488 -0.002572942 0.000257676 -0.034437764 0.005847955 0.646920085 -0.037899595 0.761592984
1773839277.766373 -0.002465491 0.000263303 -0.034472793 0.006210713 0.646204710 -0.035901830 0.762293875
1773839277.799718 -0.002386827 0.000265419 -0.034503665 0.005937912 0.645354569 -0.036317244 0.762996256
1773839277.838146 -0.002227116 0.000277057 -0.034435876 0.005444726 0.644732654 -0.036633860 0.763510406
1773839277.865426 -0.002150945 0.000250103 -0.034425922 0.005824263 0.643922210 -0.037670728 0.764140785
1773839277.903628 -0.002058785 0.000261244 -0.034489673 0.005374104 0.643033504 -0.035128798 0.765013039
1773839277.933610 -0.001951152 0.000275940 -0.034504697 0.006050758 0.641929090 -0.036451906 0.765873134
1773839277.966708 -0.001835199 0.000271833 -0.034471355 0.005070014 0.641442001 -0.034382012 0.766383946
1773839278.007561 -0.001743865 0.000278637 -0.034437720 0.006333761 0.641097665 -0.036855426 0.766547680
1773839278.033138 -0.001632256 0.000268372 -0.034455616 0.005635407 0.640787780 -0.034704238 0.766912580
1773839278.072898 -0.001520127 0.000262644 -0.034429058 0.005341616 0.640671372 -0.035892408 0.766957223
1773839278.100175 -0.001402074 0.000268664 -0.034411274 0.005355265 0.640946567 -0.035650767 0.766738474
1773839278.131985 -0.001274033 0.000296921 -0.034379072 0.005688719 0.641298831 -0.035489380 0.766448915
1773839278.170653 -0.001153828 0.000277554 -0.034331080 0.005725233 0.641765177 -0.035919249 0.766038179
1773839278.199940 -0.001039929 0.000265221 -0.034333255 0.004764923 0.642073274 -0.035156511 0.765821874
1773839278.238333 -0.000910017 0.000271246 -0.034292120 0.004718806 0.642726898 -0.035080463 0.765277207
1773839278.266690 -0.000799124 0.000276824 -0.034271918 0.005152948 0.643326819 -0.035157517 0.764766634
1773839278.300006 -0.000681922 0.000274482 -0.034248739 0.005799622 0.644118309 -0.035637438 0.764073193
1773839278.339362 -0.000544409 0.000249906 -0.034243837 0.004570312 0.644785047 -0.034655314 0.763564229
1773839278.365518 -0.000440706 0.000273433 -0.034236368 0.004570420 0.645695329 -0.034698095 0.762792706
1773839278.404445 -0.000325641 0.000262864 -0.034215316 0.004930949 0.646447062 -0.033994891 0.762185156
1773839278.433404 -0.000202698 0.000278899 -0.034191642 0.004524422 0.647204340 -0.034982912 0.761500001
1773839278.465707 -0.000117748 0.000268266 -0.034203045 0.005165162 0.647816300 -0.034350634 0.761004150
1773839278.504574 -0.000016538 0.000276462 -0.034173608 0.005017994 0.648731112 -0.034854889 0.760202587
1773839278.533453 0.000103345 0.000268913 -0.034152389 0.004796625 0.649341702 -0.034672998 0.759690762
1773839278.572039 0.000203119 0.000287329 -0.034131601 0.005291483 0.649704695 -0.034392815 0.759389818
1773839278.599009 0.000300618 0.000289981 -0.034110013 0.005100886 0.650007367 -0.034215651 0.759140134
1773839278.638314 0.000392299 0.000265931 -0.034098979 0.004135971 0.650534332 -0.033764813 0.758714616
1773839278.665930 0.000480395 0.000285245 -0.034091111 0.004681104 0.650817990 -0.033592548 0.758475780
1773839278.700205 0.000584941 0.000283773 -0.034063291 0.004800141 0.650990486 -0.034150224 0.758302152
1773839278.739954 0.000637319 0.000282714 -0.034068353 0.004738157 0.650878787 -0.033907697 0.758409202
1773839278.766521 0.000734511 0.000272766 -0.034013756 0.004352099 0.651024461 -0.033720158 0.758294880
1773839278.805300 0.000812276 0.000257151 -0.034002706 0.003782182 0.651084423 -0.033412460 0.758260071
1773839278.834572 0.000892247 0.000280125 -0.033986472 0.004073117 0.651229978 -0.033505525 0.758129418
1773839278.868318 0.000962093 0.000272915 -0.033972789 0.004725281 0.651059151 -0.033614967 0.758267522
1773839278.907786 0.001033873 0.000264640 -0.033952884 0.004040046 0.650939822 -0.033737771 0.758368492
1773839278.934304 0.001097160 0.000272731 -0.033951305 0.004412015 0.650620818 -0.034306016 0.758614600
1773839278.975090 0.001199276 0.000280890 -0.033924811 0.004858010 0.650448740 -0.033565141 0.758792579
1773839279.003288 0.001279016 0.000265436 -0.033903521 0.003968203 0.650439262 -0.033072278 0.758827567
1773839279.034790 0.001346274 0.000243065 -0.033901274 0.003885508 0.650153637 -0.033553962 0.759051561
1773839279.073791 0.001448049 0.000243513 -0.033878393 0.003888071 0.649742842 -0.032462489 0.759450674
1773839279.100782 0.001526248 0.000244886 -0.033881687 0.003796925 0.649068654 -0.032238189 0.760036945
1773839279.144217 0.001610343 0.000261363 -0.033859506 0.004081965 0.648446977 -0.032381058 0.760559857
1773839279.167035 0.001656658 0.000254083 -0.033861004 0.003940843 0.647164047 -0.032783680 0.761635363
1773839279.201786 0.001745399 0.000248261 -0.033832110 0.003894209 0.645954311 -0.032005440 0.762694955
1773839279.238880 0.001803792 0.000242137 -0.033831034 0.003980383 0.644074559 -0.032653946 0.764255106
1773839279.267333 0.001893634 0.000273239 -0.033819988 0.005225577 0.641929567 -0.032041222 0.766076028
1773839279.305481 0.001933152 0.000249942 -0.033815283 0.004552336 0.640152752 -0.033384915 0.767508388
1773839279.333884 0.001997541 0.000255680 -0.033810209 0.004782057 0.638996124 -0.032283295 0.768517315
1773839279.368069 0.002070718 0.000267252 -0.033775158 0.004020625 0.638328135 -0.032599617 0.769063294
1773839279.408276 0.002105430 0.000262454 -0.033802222 0.003853855 0.637288868 -0.031465359 0.769972682
1773839279.435215 0.002175768 0.000242331 -0.033791039 0.003395602 0.636064053 -0.031087665 0.771002293
1773839279.475957 0.002224418 0.000271042 -0.033770490 0.003901792 0.634629667 -0.031728547 0.772154927
1773839279.501115 0.002239795 0.000257021 -0.033757541 0.003832336 0.633010626 -0.031391390 0.773496866
1773839279.533908 0.002279431 0.000279326 -0.033748034 0.003901820 0.631163955 -0.031435188 0.775002301
1773839279.573264 0.002305872 0.000263383 -0.033769947 0.003904435 0.628562033 -0.031187845 0.777124047
1773839279.601588 0.002348946 0.000246056 -0.033746183 0.003261740 0.626090705 -0.031306058 0.779114604
1773839279.640292 0.002346831 0.000250680 -0.033783730 0.003787533 0.623078644 -0.031113101 0.781530857
1773839279.668086 0.002392820 0.000267659 -0.033774290 0.003996845 0.620075464 -0.031032562 0.783917964
1773839279.702423 0.002424578 0.000268205 -0.033744156 0.003651254 0.617330492 -0.031128267 0.786079288
1773839279.743489 0.002444930 0.000274326 -0.033774775 0.003858369 0.613812268 -0.031213980 0.788825214
1773839279.770401 0.002498630 0.000263161 -0.033758517 0.003933581 0.610449731 -0.031033577 0.791436970
1773839279.812060 0.002495352 0.000257506 -0.033772066 0.003868663 0.606983662 -0.031278219 0.794089079
1773839279.836172 0.002529088 0.000268568 -0.033792123 0.005004450 0.602558434 -0.031441934 0.797439456
1773839279.869953 0.002540804 0.000244249 -0.033788640 0.003754745 0.598672390 -0.030678965 0.800397396
1773839279.906332 0.002568734 0.000247395 -0.033782911 0.003984458 0.594544053 -0.030709311 0.803466499
1773839279.933809 0.002617294 0.000260959 -0.033810914 0.004562823 0.590371192 -0.030065889 0.806558788
1773839279.974271 0.002628383 0.000255347 -0.033803638 0.003986025 0.586571574 -0.030408652 0.809316516
1773839280.002041 0.002664074 0.000255766 -0.033799838 0.004497796 0.582981646 -0.030004550 0.811918676
1773839280.034116 0.002685181 0.000258046 -0.033811167 0.004699295 0.578965902 -0.030137323 0.814781070
1773839280.076458 0.002722103 0.000258055 -0.033795282 0.004115449 0.575351000 -0.029774781 0.817354083
1773839280.102386 0.002725391 0.000252661 -0.033788659 0.004189224 0.571466625 -0.029723054 0.820076168
1773839280.140703 0.002774473 0.000237914 -0.033790760 0.003686471 0.567421019 -0.029010599 0.822908342
1773839280.170580 0.002812160 0.000263245 -0.033807211 0.004395843 0.562511563 -0.029576184 0.826248527
1773839280.209191 0.002834496 0.000256246 -0.033804070 0.004269764 0.557974279 -0.029057452 0.829338372
1773839280.236075 0.002882176 0.000262037 -0.033806548 0.004271424 0.552829623 -0.029186007 0.832772076
1773839280.269433 0.002919366 0.000267334 -0.033809632 0.004544193 0.547599614 -0.028345648 0.836247921
1773839280.307432 0.002971447 0.000264011 -0.033804122 0.004507178 0.541923940 -0.028661346 0.839926600
1773839280.335323 0.003018937 0.000242336 -0.033781476 0.003791080 0.536610603 -0.027663108 0.843367934
1773839280.374304 0.003093355 0.000260663 -0.033796988 0.004201848 0.530195594 -0.027728684 0.847411394
1773839280.402636 0.003127064 0.000254888 -0.033778246 0.004452367 0.523786902 -0.027248206 0.851401746
1773839280.436283 0.003159042 0.000269423 -0.033790249 0.004641339 0.516759157 -0.027328148 0.855681956
1773839280.474332 0.003229261 0.000265372 -0.033796385 0.005024716 0.509111643 -0.027424948 0.860248744
1773839280.501973 0.003274401 0.000253322 -0.033835322 0.003941878 0.500997245 -0.026863286 0.865022838
1773839280.540149 0.003336344 0.000243807 -0.033825856 0.004893115 0.493251801 -0.025053227 0.869511962
1773839280.569270 0.003358929 0.000233992 -0.033825874 0.004014609 0.485425740 -0.025315270 0.873902082
1773839280.603187 0.003423516 0.000272708 -0.033823907 0.005194427 0.477288961 -0.025395632 0.878364027
1773839280.641175 0.003482064 0.000251013 -0.033858024 0.005370856 0.468661875 -0.025033411 0.883006513
1773839280.669695 0.003527103 0.000245408 -0.033844836 0.005384346 0.460543782 -0.023957362 0.887297332
1773839280.707136 0.003572838 0.000264496 -0.033840545 0.004607609 0.452284008 -0.023604147 0.891549647
1773839280.736275 0.003636707 0.000256044 -0.033893246 0.005137182 0.443174690 -0.022990743 0.896125674
1773839280.768616 0.003678175 0.000250442 -0.033845142 0.004991380 0.435696632 -0.023057535 0.899784327
1773839280.808013 0.003721997 0.000288523 -0.033811592 0.005738068 0.427836269 -0.023033552 0.903544486
1773839280.836801 0.003726228 0.000246908 -0.033844855 0.004476522 0.419453889 -0.022780767 0.907479703
1773839280.873684 0.003808148 0.000230938 -0.033819817 0.004522244 0.411153227 -0.021069705 0.911311507
1773839280.903953 0.003850725 0.000243695 -0.033817042 0.004900300 0.402520388 -0.021162661 0.915153205
1773839280.936863 0.003880866 0.000221810 -0.033802614 0.003544876 0.393554509 -0.020969247 0.919055223
1773839280.976187 0.003928207 0.000235689 -0.033781469 0.004385476 0.384272426 -0.020206304 0.922988117
1773839281.002779 0.003957514 0.000224890 -0.033796862 0.003969231 0.374769658 -0.018938005 0.926916003
1773839281.040179 0.003964507 0.000213996 -0.033879410 0.004065352 0.363920361 -0.018753672 0.931232333
1773839281.070182 0.003973211 0.000225012 -0.033825636 0.003778647 0.354793072 -0.018502757 0.934754074
1773839281.104486 0.004058136 0.000239237 -0.033833828 0.004313147 0.343616843 -0.017214883 0.938942194
1773839281.141843 0.004045964 0.000239362 -0.033842370 0.003401087 0.332959503 -0.016692938 0.942787230
1773839281.170024 0.004079043 0.000204398 -0.033792686 0.002732677 0.321889102 -0.016384203 0.946631670
1773839281.207685 0.004141796 0.000250251 -0.033892792 0.004312476 0.308960199 -0.015087103 0.950945497
1773839281.236758 0.004087186 0.000240478 -0.033796456 0.003583882 0.298792154 -0.015639607 0.954183340
1773839281.275052 0.004116936 0.000220688 -0.033775672 0.003514215 0.287341923 -0.014631549 0.957709849
1773839281.303414 0.004109963 0.000186727 -0.033937495 0.004105745 0.274704307 -0.013416960 0.961426377
1773839281.335929 0.004187734 0.000221208 -0.034045793 0.004020999 0.262273431 -0.012295422 0.964906871
1773839281.375073 0.004200510 0.000219607 -0.034115657 0.004525694 0.249991193 -0.011230639 0.968172371
1773839281.403461 0.004193956 0.000227003 -0.034097768 0.004048273 0.239588648 -0.010644223 0.970807672
1773839281.440997 0.004169504 0.000206065 -0.034047257 0.003538388 0.230066121 -0.011050294 0.973105848
1773839281.470599 0.004160454 0.000240836 -0.033951599 0.004179006 0.220306620 -0.009982838 0.975370646
1773839281.502822 0.004181647 0.000234946 -0.034130119 0.004876317 0.208285660 -0.009899320 0.978005767
1773839281.542836 0.004194532 0.000221030 -0.034199871 0.004154517 0.198301554 -0.008097577 0.980098784
1773839281.570224 0.004187103 0.000225045 -0.034166917 0.003924991 0.189581215 -0.008864905 0.981817186
1773839281.608899 0.004151087 0.000223086 -0.034108013 0.003496887 0.182205483 -0.008399905 0.983218372
1773839281.636613 0.004193189 0.000289341 -0.034012452 0.003817800 0.175032631 -0.009808364 0.984506369
1773839281.669817 0.004216525 0.000272167 -0.034069099 0.004818929 0.167888284 -0.007634985 0.985764682
1773839281.708816 0.004131388 0.000243896 -0.034149066 0.004119509 0.161195546 -0.008082185 0.986880779
1773839281.736681 0.004215043 0.000269680 -0.034091618 0.004063614 0.154818043 -0.008337221 0.987899482
1773839281.774884 0.004218966 0.000277535 -0.034068607 0.002315683 0.149256557 -0.008380285 0.988760293
1773839281.803972 0.004220187 0.000265441 -0.034102235 0.003362707 0.144272655 -0.007965588 0.989500165
1773839281.837628 0.004219774 0.000258557 -0.034084223 0.002643188 0.140579805 -0.007801733 0.990035057
1773839281.876197 0.004137334 0.000195947 -0.034229964 0.002457542 0.136460185 -0.007761558 0.990612090
1773839281.903137 0.004131930 0.000205925 -0.034194767 0.001860294 0.132820070 -0.008406628 0.991102755
1773839281.942089 0.004117714 0.000233494 -0.034180563 0.002228172 0.128612667 -0.008374833 0.991657019
1773839281.971545 0.004133633 0.000227483 -0.034202628 0.002141252 0.122973427 -0.007893810 0.992376268
1773839282.003906 0.004135634 0.000222293 -0.034159862 0.001553705 0.117760375 -0.008089693 0.993007839
1773839282.043149 0.004153325 0.000185749 -0.034105293 0.000472415 0.113009296 -0.008354831 0.993558705
1773839282.071290 0.004135547 0.000225602 -0.034089360 0.000901339 0.108478509 -0.008679718 0.994060457
1773839282.110212 0.004212025 0.000245355 -0.034257136 0.003832140 0.101719111 -0.005524566 0.994790435
1773839282.137286 0.004174158 0.000202634 -0.034371190 0.003527383 0.096416220 -0.004843359 0.995323062
1773839282.170076 0.004167717 0.000185099 -0.034353446 0.002917605 0.091635115 -0.005501024 0.995773137
1773839282.210006 0.004165865 0.000221632 -0.034368053 0.003345381 0.085673973 -0.005316834 0.996303380
1773839282.237865 0.004099342 0.000209895 -0.034515277 0.005009779 0.079234526 -0.003348995 0.996837795
1773839282.276374 0.004149922 0.000219711 -0.034472633 0.005178101 0.072514012 -0.003519765 0.997347713
1773839282.303577 0.004134167 0.000178780 -0.034398329 0.003409006 0.066802971 -0.004166918 0.997751653
1773839282.338183 0.004179520 0.000211124 -0.034347959 0.003945328 0.060525756 -0.004402054 0.998149157
1773839282.376667 0.004172801 0.000201268 -0.034378521 0.003932650 0.054961037 -0.003421345 0.998474896
1773839282.404536 0.004188121 0.000223128 -0.034359988 0.003972492 0.050043568 -0.003535230 0.998732865
1773839282.443922 0.004142709 0.000220720 -0.034466509 0.004663316 0.044255529 -0.002983061 0.999004900
1773839282.470529 0.004124700 0.000210319 -0.034456503 0.003821890 0.039215274 -0.004331425 0.999214053
1773839282.504770 0.004141695 0.000219192 -0.034467157 0.004469231 0.033232156 -0.003639814 0.999431014
1773839282.543243 0.004105046 0.000172374 -0.034513522 0.003694905 0.027428482 -0.003455416 0.999610960
1773839282.570677 0.004099159 0.000189907 -0.034523074 0.004384291 0.021786800 -0.002927149 0.999748766
1773839282.610735 0.004047971 0.000214916 -0.034514613 0.005139843 0.017391980 -0.002553498 0.999832273
1773839282.638395 0.004022199 0.000243784 -0.034467824 0.006253242 0.013031223 -0.001899828 0.999893785
1773839282.671774 0.004071916 0.000235885 -0.034523062 0.005706132 0.006001954 -0.002201645 0.999963284
1773839282.710000 0.004076946 0.000228132 -0.034482367 0.003880876 0.000349180 -0.003792187 0.999985218
1773839282.738732 0.004067514 0.000238383 -0.034545284 0.005704874 -0.005625270 -0.001677897 0.999966502
1773839282.777604 0.004064264 0.000231478 -0.034569290 0.004854308 -0.012297763 -0.003013085 0.999908030
1773839282.804677 0.004055251 0.000240190 -0.034633517 0.005848225 -0.018217947 -0.002309791 0.999814272
1773839282.843787 0.004046398 0.000239744 -0.034653768 0.006012506 -0.023292210 -0.001662062 0.999709249
1773839282.871000 0.004063670 0.000243514 -0.034639966 0.004800047 -0.028291544 -0.004209528 0.999579310
1773839282.904543 0.004040112 0.000234314 -0.034673333 0.005782516 -0.031334296 -0.002871067 0.999488056
1773839282.943986 0.004038555 0.000239306 -0.034693077 0.006682459 -0.034086928 -0.001839108 0.999394834
1773839282.971157 0.004037771 0.000240425 -0.034689136 0.006541700 -0.036418118 -0.001671270 0.999313831
1773839283.010874 0.004053320 0.000228582 -0.034629580 0.004300504 -0.039279062 -0.004001398 0.999211013
1773839283.038966 0.004053121 0.000227334 -0.034634408 0.004530961 -0.042065408 -0.003399604 0.999098778
1773839283.071914 0.004053541 0.000227618 -0.034633484 0.004968845 -0.045430038 -0.003237771 0.998949885
1773839283.111250 0.004036140 0.000234416 -0.034678400 0.005666709 -0.049875919 -0.003010655 0.998734772
1773839283.138980 0.004034824 0.000230285 -0.034682587 0.005150295 -0.052926410 -0.002781877 0.998581231
1773839283.177476 0.004039554 0.000234162 -0.034674369 0.005347254 -0.055925190 -0.003613793 0.998414099
1773839283.205379 0.004033044 0.000233255 -0.034681112 0.005291945 -0.057760682 -0.002766553 0.998312593
1773839283.238019 0.004035529 0.000233647 -0.034676284 0.005345073 -0.059531394 -0.003105034 0.998207271
1773839283.276661 0.004161035 0.000223012 -0.034108754 0.005874617 -0.068234250 0.001228249 0.997651279
1773839283.305154 0.004163916 0.000224638 -0.034107801 0.005739725 -0.069336332 0.001354681 0.997575879
1773839283.343801 0.004166832 0.000223851 -0.034102339 0.005892595 -0.070237666 0.001168670 0.997512162
1773839283.373229 0.004165311 0.000225945 -0.034105934 0.005626846 -0.071548171 0.001218391 0.997420549
1773839283.406423 0.004170341 0.000224632 -0.034101378 0.005521008 -0.072797962 0.001335640 0.997330487
1773839283.443874 0.004172816 0.000222667 -0.034092464 0.005178405 -0.073721752 0.001694457 0.997263968
1773839283.472770 0.004167846 0.000221651 -0.034104683 0.005012395 -0.073893748 0.001834539 0.997251868
1773839283.510797 0.004173782 0.000220863 -0.034095723 0.005338544 -0.074162118 0.001782309 0.997230351
1773839283.538242 0.004170512 0.000220209 -0.034102302 0.005217085 -0.074245960 0.001975721 0.997224331
1773839283.571808 0.004174804 0.000222745 -0.034096029 0.005421228 -0.074302338 0.001814683 0.997219384
1773839283.610984 0.004177948 0.000221428 -0.034091879 0.005454795 -0.074447915 0.002271956 0.997207403
1773839283.638673 0.004180378 0.000221577 -0.034085140 0.005244854 -0.074418433 0.001928503 0.997211456
1773839283.678250 0.004179143 0.000221965 -0.034088675 0.005552148 -0.074685059 0.002088633 0.997189522
1773839283.707165 0.004182843 0.000222066 -0.034089480 0.005497541 -0.075672306 0.001983185 0.997115612
1773839283.739233 0.004197005 0.000219204 -0.034058552 0.005215892 -0.077395283 0.001089282 0.996986270
1773839283.778260 0.004196829 0.000219375 -0.034054998 0.004870740 -0.078147039 0.001152209 0.996929288
1773839283.806781 0.004209028 0.000217015 -0.034041066 0.004382330 -0.079103880 0.001328375 0.996855855
1773839283.853614 0.004206486 0.000217624 -0.034049273 0.004720680 -0.080266833 0.001580324 0.996760964
1773839283.873274 0.004222983 0.000214921 -0.034029868 0.004620508 -0.082129516 0.000937566 0.996610522
1773839283.908800 0.004244382 0.000214094 -0.034000024 0.004894431 -0.084308028 0.001079091 0.996427178
1773839283.945189 0.004232954 0.000215386 -0.034014456 0.005202362 -0.085288845 0.000906746 0.996342242
1773839283.973526 0.004232043 0.000215252 -0.034013920 0.004911845 -0.086891323 0.001371964 0.996204734
1773839284.013283 0.004254280 0.000213187 -0.033987530 0.005013195 -0.090513580 0.001056573 0.995882034
1773839284.041682 0.004261097 0.000210085 -0.033983763 0.004046179 -0.092793323 0.000616980 0.995676994
1773839284.074015 0.004277456 0.000208428 -0.033963386 0.004209328 -0.095793948 0.000324214 0.995392263
1773839284.111377 0.004167701 0.000222290 -0.034098763 0.004895221 -0.086187929 0.001449629 0.996265829
1773839284.140302 0.004166210 0.000222524 -0.034101181 0.004467739 -0.087018348 0.000634831 0.996196508
1773839284.178017 0.004166726 0.000223214 -0.034099061 0.004669415 -0.087317564 0.000048574 0.996169567
1773839284.206468 0.004142721 0.000226642 -0.034129024 0.004753370 -0.085346520 0.000806820 0.996339679
1773839284.245257 0.004166403 0.000223247 -0.034098648 0.005219988 -0.088652164 0.000735222 0.996048689
1773839284.273502 0.004141788 0.000225160 -0.034128040 0.004738802 -0.087018661 0.000522182 0.996195257
1773839284.306642 0.004249013 0.000215025 -0.033997659 0.004145389 -0.098190725 0.000244812 0.995158970
1773839284.346265 0.004251922 0.000214344 -0.033987023 0.004042401 -0.099203601 0.000127284 0.995058954
1773839284.374043 0.004155475 0.000224452 -0.034111731 0.004330076 -0.090047367 -0.000346781 0.995927989
1773839284.411447 0.004160084 0.000222776 -0.034103829 0.004050521 -0.090895250 0.000205108 0.995852172
1773839284.440090 0.004314207 0.000213142 -0.033959113 0.003852253 -0.103811607 -0.000698295 0.994589269
1773839284.472794 0.004319656 0.000212471 -0.033951674 0.003531000 -0.104001246 -0.000798182 0.994570553
1773839284.511627 0.004268143 0.000211506 -0.033956405 0.003817888 -0.099431738 -0.000751208 0.995036781
1773839284.540602 0.004271839 0.000212404 -0.033950046 0.003558228 -0.099059701 -0.001146531 0.995074451
1773839284.579472 0.004332673 0.000210570 -0.033939019 0.001991256 -0.103015102 -0.001345306 0.994676888
1773839284.607697 0.004329843 0.000210629 -0.033943366 0.002775625 -0.102099270 -0.001557138 0.994769096
1773839284.639765 0.004269646 0.000211816 -0.033953652 0.002723398 -0.096748494 -0.001103419 0.995304525
1773839284.681171 0.004193164 0.000221153 -0.034061488 0.003075832 -0.089184284 -0.000833938 0.996010065
1773839284.707600 0.004192053 0.000221628 -0.034061946 0.002955679 -0.088739082 -0.001353809 0.996049583
1773839284.745165 0.004304742 0.000212288 -0.033938978 0.002084936 -0.098664805 -0.002042127 0.995116413
1773839284.774257 0.004346059 0.000210297 -0.033920154 0.001304609 -0.101170860 -0.002998852 0.994863689
1773839284.808144 0.004354320 0.000209456 -0.033909760 0.000813543 -0.101254493 -0.002171224 0.994857848
1773839284.846908 0.004362970 0.000209775 -0.033893541 0.000839453 -0.099938080 -0.002744923 0.994989514
1773839284.874922 0.004377802 0.000209021 -0.033884060 0.001498167 -0.100621097 -0.002620599 0.994920254
1773839284.913371 0.004376897 0.000210057 -0.033884656 0.001026372 -0.099964999 -0.003241702 0.994985163
1773839284.940176 0.004337806 0.000212371 -0.033921771 0.000066089 -0.098142572 -0.002678723 0.995168746
1773839284.974721 0.004380228 0.000207731 -0.033866793 -0.000007195 -0.100774877 -0.002512327 0.994906068
1773839285.013453 0.004377810 0.000211553 -0.033871688 0.000873044 -0.100064717 -0.003672516 0.994973779
1773839285.040522 0.004354350 0.000210924 -0.033900693 -0.000807803 -0.098227508 -0.003025976 0.995159090
1773839285.079573 0.004392766 0.000213349 -0.033863172 0.000498173 -0.099359095 -0.004005081 0.995043457
1773839285.107867 0.004415699 0.000211727 -0.033838060 -0.000990542 -0.101023011 -0.003557049 0.994877219
1773839285.141553 0.004416832 0.000210601 -0.033837497 -0.000988793 -0.100594066 -0.003713938 0.994920135
1773839285.179723 0.004395268 0.000209208 -0.033854347 -0.000881652 -0.098677278 -0.003758641 0.995112002
1773839285.208289 0.004414077 0.000210587 -0.033837087 -0.000974901 -0.100517228 -0.004130463 0.994926214
1773839285.246886 0.004428498 0.000213452 -0.033819396 -0.000751126 -0.101285972 -0.004299170 0.994847775
1773839285.275203 0.004420420 0.000214747 -0.033832163 -0.001767441 -0.098838948 -0.003466775 0.995095849
1773839285.307399 0.004415868 0.000215017 -0.033828743 -0.000440677 -0.098352492 -0.005287501 0.995137453
1773839285.347256 0.004427481 0.000210314 -0.033815760 -0.001861020 -0.099056616 -0.004043722 0.995071828
1773839285.374792 0.004441544 0.000209481 -0.033800647 -0.001109595 -0.099486798 -0.004443158 0.995028317
1773839285.415172 0.004433509 0.000208542 -0.033806499 -0.001270453 -0.097437389 -0.005136078 0.995227575
1773839285.441890 0.004445608 0.000207889 -0.033785228 -0.003334176 -0.098496489 -0.003954036 0.995123923
1773839285.474601 0.004455314 0.000209813 -0.033776678 0.000118163 -0.099044822 -0.005067894 0.995070040
1773839285.512716 0.004449300 0.000209932 -0.033784341 -0.002172551 -0.097754769 -0.004915552 0.995195985
1773839285.542053 0.004453557 0.000210371 -0.033777662 0.000369723 -0.098297618 -0.005838876 0.995139837
1773839285.581222 0.004244069 0.000218325 -0.033978097 -0.002055337 -0.079761647 -0.002755972 0.996808052
1773839285.608006 0.004249337 0.000216329 -0.033972982 -0.002202138 -0.079079837 -0.003532209 0.996859610
1773839285.646648 0.004246039 0.000213115 -0.033976857 -0.001263607 -0.077795498 -0.004620959 0.996957839
1773839285.674383 0.004249610 0.000216182 -0.033969957 -0.001494764 -0.077133663 -0.003726699 0.997012675
1773839285.708721 0.004258902 0.000220508 -0.033954930 -0.000787531 -0.077532306 -0.004599001 0.996978939
1773839285.747778 0.004262196 0.000219409 -0.033949625 0.000051316 -0.078166388 -0.004208333 0.996931434
1773839285.774805 0.004271838 0.000219577 -0.033936445 -0.000032188 -0.079607204 -0.004574272 0.996815801
1773839285.814254 0.004268003 0.000218229 -0.033934820 0.000031109 -0.079885989 -0.004280540 0.996794820
1773839285.841877 0.004289621 0.000217781 -0.033915892 -0.000521846 -0.081689745 -0.004246523 0.996648610
1773839285.874563 0.004289250 0.000218685 -0.033914581 -0.001469092 -0.081785820 -0.004512153 0.996638596
1773839285.915262 0.004300721 0.000217588 -0.033904377 -0.001151506 -0.082603343 -0.004459641 0.996571839
1773839285.941900 0.004300105 0.000219924 -0.033899657 -0.000362975 -0.082894243 -0.004209430 0.996549368
1773839285.981310 0.004309612 0.000221174 -0.033885032 -0.000031569 -0.083601162 -0.004611090 0.996488631
1773839286.009709 0.004311975 0.000219111 -0.033881087 0.000241171 -0.083475113 -0.004853787 0.996497989
1773839286.042769 0.004307429 0.000218520 -0.033881679 0.000408266 -0.082954556 -0.004813760 0.996541619
1773839286.080397 0.004330775 0.000217599 -0.033857230 0.000279638 -0.084515013 -0.003843899 0.996414781
1773839286.109708 0.004332568 0.000216059 -0.033853598 0.000044076 -0.084176503 -0.004463970 0.996440828
1773839286.147282 0.004330450 0.000217720 -0.033855319 0.001247197 -0.083657935 -0.003887167 0.996486187
1773839286.176535 0.004340445 0.000215959 -0.033840295 0.001390570 -0.084147193 -0.004001535 0.996444345
1773839286.208856 0.004344238 0.000216242 -0.033834834 0.002405650 -0.084008761 -0.003505036 0.996455967
1773839286.248524 0.004359826 0.000220210 -0.033816759 0.002513807 -0.084906720 -0.003678635 0.996378958
1773839286.275552 0.004364107 0.000216540 -0.033805165 0.001984066 -0.084220894 -0.003809849 0.996437848
1773839286.313635 0.004365976 0.000218493 -0.033799089 0.003259205 -0.084416255 -0.003632551 0.996418655
1773839286.342092 0.004373180 0.000216343 -0.033789553 0.004788943 -0.084884346 -0.003062305 0.996374607
1773839286.374845 0.004378473 0.000219015 -0.033782344 0.004788952 -0.085008129 -0.003941339 0.996360958
1773839286.413980 0.004325792 0.000215678 -0.033840444 0.004988128 -0.079031013 -0.002750878 0.996855855
1773839286.442369 0.004322473 0.000214409 -0.033843454 0.005073522 -0.077721819 -0.002807366 0.996958256
1773839286.481675 0.004329345 0.000215132 -0.033834044 0.004845292 -0.077343173 -0.002220299 0.996990263
1773839286.509403 0.004331724 0.000214712 -0.033830665 0.005585943 -0.076475479 -0.002973245 0.997051358
1773839286.542839 0.004334604 0.000216159 -0.033826560 0.005957591 -0.076069266 -0.002595751 0.997081339
1773839286.581573 0.004347185 0.000215723 -0.033808105 0.007028856 -0.076319329 -0.003188543 0.997053504
1773839286.610029 0.004350929 0.000217409 -0.033801459 0.007264623 -0.076345339 -0.002881438 0.997050822
1773839286.647851 0.004351602 0.000217200 -0.033799723 0.006621069 -0.075759642 -0.002986290 0.997099638
1773839286.676833 0.004359998 0.000217290 -0.033786908 0.007537895 -0.075859830 -0.002613432 0.997086585
1773839286.709082 0.004371734 0.000214287 -0.033769790 0.007560013 -0.076425478 -0.002742752 0.997042835
1773839286.749235 0.004379155 0.000214565 -0.033761028 0.009153828 -0.076751389 -0.001842969 0.997006536
1773839286.776297 0.004389711 0.000214515 -0.033744287 0.009133444 -0.076984920 -0.001970329 0.996988475
1773839286.815029 0.004391908 0.000214236 -0.033739720 0.010095521 -0.076898232 -0.001782362 0.996986210
1773839286.843040 0.004403607 0.000213505 -0.033723734 0.010003646 -0.077462465 -0.002065824 0.996942937
1773839286.876172 0.004395468 0.000214540 -0.033733476 0.009965755 -0.076370031 -0.001653299 0.997028351
1773839286.915745 0.004407233 0.000213833 -0.033714931 0.010688494 -0.076997936 -0.000842389 0.996973574
1773839286.942734 0.004401484 0.000213879 -0.033722922 0.010120753 -0.076805815 -0.001173870 0.996994019
1773839286.981754 0.004410667 0.000213393 -0.033709086 0.010689801 -0.077497154 -0.000926900 0.996934831
1773839287.010001 0.004422082 0.000212762 -0.033692408 0.010410036 -0.078461334 -0.001602375 0.996861517
1773839287.043975 0.004423394 0.000212819 -0.033690024 0.011067945 -0.078642175 -0.000308251 0.996841431
1773839287.083089 0.004419274 0.000212324 -0.033695661 0.010069956 -0.078611515 0.000032575 0.996854484
1773839287.110016 0.004420720 0.000213222 -0.033692606 0.010145615 -0.079330318 -0.000832139 0.996796429
1773839287.148245 0.004424107 0.000213090 -0.033684842 0.009243902 -0.080425851 -0.000807362 0.996717393
1773839287.176772 0.004435581 0.000212916 -0.033667460 0.009319043 -0.082360975 -0.000649486 0.996558785
1773839287.210642 0.004436746 0.000213256 -0.033663254 0.008394418 -0.083257295 -0.000652056 0.996492505
1773839287.253914 0.004437435 0.000213451 -0.033661168 0.008459457 -0.084192425 -0.001438987 0.996412516
1773839287.276891 0.004439839 0.000213750 -0.033658374 0.008994759 -0.085133933 -0.000342211 0.996328831
1773839287.316500 0.004439793 0.000213860 -0.033658613 0.008650200 -0.085533276 -0.001120572 0.996297121
1773839287.344558 0.004440578 0.000211816 -0.033648256 0.007274111 -0.085442692 -0.001039093 0.996315956
1773839287.376130 0.004445184 0.000211644 -0.033643339 0.007284152 -0.085956112 -0.001262281 0.996271491
1773839287.415077 0.004444885 0.000212121 -0.033642448 0.007874572 -0.085897252 -0.000717991 0.996272624
1773839287.443163 0.004440533 0.000211866 -0.033647671 0.007334052 -0.085348986 -0.000742092 0.996323824
1773839287.482435 0.004457955 0.000210093 -0.033622574 0.006359674 -0.086615220 -0.001004011 0.996221006
1773839287.509743 0.004459819 0.000209534 -0.033618271 0.006392143 -0.086718470 -0.001219270 0.996211588
1773839287.543062 0.004467046 0.000210287 -0.033608329 0.006130384 -0.087115131 -0.001522129 0.996178210
1773839287.591310 0.004470835 0.000209196 -0.033601403 0.006639139 -0.087341279 -0.001665261 0.996154904
1773839287.614662 0.004470895 0.000210054 -0.033597700 0.006216731 -0.087043099 -0.001413055 0.996184170
1773839287.649236 0.004474833 0.000210567 -0.033590123 0.006917858 -0.086955741 -0.002330185 0.996185422
1773839287.677691 0.004476352 0.000210622 -0.033586945 0.005642743 -0.086457334 -0.001713688 0.996238112
1773839287.716259 0.004476050 0.000210524 -0.033585273 0.006463218 -0.085618533 -0.002199683 0.996304572
1773839287.744971 0.004481801 0.000210778 -0.033578951 0.005932814 -0.085002214 -0.001638368 0.996361732
1773839287.776531 0.004480394 0.000209830 -0.033577226 0.006149248 -0.083382703 -0.002110241 0.996496379
1773839287.815928 0.004488154 0.000208519 -0.033563863 0.004867434 -0.082719125 -0.001311143 0.996560156
1773839287.843876 0.004490106 0.000208624 -0.033562288 0.005563310 -0.081614487 -0.002022330 0.996646404
1773839287.882710 0.004493219 0.000208044 -0.033557165 0.004355312 -0.080837041 -0.001069281 0.996717274
1773839287.911312 0.004493653 0.000208968 -0.033555537 0.005483225 -0.080156758 -0.001519587 0.996766031
1773839287.944649 0.004486865 0.000207593 -0.033558402 0.004219065 -0.078841366 -0.001747805 0.996876717
1773839287.983358 0.004489761 0.000206835 -0.033552486 0.004807548 -0.078416735 -0.001841539 0.996907353
1773839288.010744 0.004491607 0.000206739 -0.033551183 0.003725349 -0.077721022 -0.001081970 0.996967554
1773839288.049995 0.004497255 0.000206336 -0.033540778 0.004606315 -0.077829987 -0.001090489 0.996955395
1773839288.077369 0.004505951 0.000206425 -0.033526633 0.003427263 -0.077659145 -0.001216830 0.996973336
1773839288.111647 0.004502118 0.000206409 -0.033529811 0.004675304 -0.076093234 -0.001970095 0.997087777
1773839288.151551 0.004500107 0.000205245 -0.033530306 0.004001234 -0.075016417 -0.002138811 0.997171938
1773839288.177837 0.004512076 0.000204126 -0.033512086 0.003375778 -0.074747734 -0.001557328 0.997195542
1773839288.217108 0.004513303 0.000204430 -0.033510998 0.002981914 -0.073543653 -0.001349720 0.997286618
1773839288.244764 0.004506148 0.000206094 -0.033510622 0.004681588 -0.072167918 -0.002863191 0.997377336
1773839288.278576 0.004506797 0.000208653 -0.033503477 0.003178812 -0.071660385 -0.002058806 0.997421861
1773839288.316720 0.004509608 0.000205665 -0.033495739 0.003764531 -0.071395434 -0.002042691 0.997438848
1773839288.344685 0.004518333 0.000207375 -0.033480190 0.003456900 -0.071888991 -0.003096265 0.997401774
1773839288.384098 0.004525919 0.000206155 -0.033474628 0.003616794 -0.072634034 -0.003002781 0.997347534
1773839288.411990 0.004487582 0.000209491 -0.033497117 0.003572567 -0.070564263 -0.002537664 0.997497559
1773839288.445757 0.004487895 0.000210201 -0.033492252 0.003606861 -0.071381062 -0.002181313 0.997440159
1773839288.484560 0.004486096 0.000206412 -0.033496309 0.004524148 -0.071994007 -0.003258210 0.997389436
1773839288.512370 0.004489502 0.000207060 -0.033486299 0.003273874 -0.073259480 -0.003130400 0.997302592
1773839288.549750 0.004494353 0.000208292 -0.033479188 0.003526653 -0.074728571 -0.003410470 0.997191846
1773839288.577584 0.004493447 0.000207640 -0.033476587 0.004127628 -0.076067433 -0.003780091 0.997086942
1773839288.612388 0.004512838 0.000210392 -0.033453688 0.003759640 -0.078478754 -0.002664194 0.996905088
1773839288.650584 0.004507693 0.000209218 -0.033453252 0.003464763 -0.078907281 -0.003755037 0.996868849
1773839288.678721 0.004511224 0.000207353 -0.033452079 0.004260626 -0.079923302 -0.003907671 0.996784210
1773839288.717007 0.004510060 0.000208356 -0.033450257 0.003717126 -0.080501251 -0.003928132 0.996739805
1773839288.746244 0.004512510 0.000203914 -0.033438727 0.003368869 -0.081642769 -0.003844873 0.996648490
1773839288.779129 0.004522345 0.000206586 -0.033428855 0.003908015 -0.083189711 -0.003789122 0.996518791
1773839288.824777 0.004529716 0.000208376 -0.033419829 0.002964316 -0.084293023 -0.003557237 0.996430218
1773839288.845272 0.004527529 0.000209952 -0.033420622 0.004962186 -0.084881164 -0.005246120 0.996364892
1773839288.890140 0.004531767 0.000211360 -0.033408727 0.002764265 -0.085581906 -0.003739834 0.996320248
1773839288.912874 0.004530396 0.000207914 -0.033399433 0.003582653 -0.085573368 -0.004356465 0.996315897
1773839288.945154 0.004533072 0.000208032 -0.033397891 0.001844469 -0.085985512 -0.003690852 0.996287823
1773839288.984238 0.004531899 0.000208804 -0.033396065 0.005059763 -0.086754866 -0.004362748 0.996207297
1773839289.012922 0.004531790 0.000208562 -0.033395629 0.003286835 -0.087215722 -0.002458214 0.996181011
1773839289.051636 0.004534675 0.000206475 -0.033389807 0.004393821 -0.088321015 -0.003955023 0.996074498
1773839289.078099 0.004540713 0.000206721 -0.033381581 0.003599047 -0.089525275 -0.003727151 0.995971084
1773839289.112025 0.004559347 0.000205819 -0.033320811 0.004171612 -0.089303784 -0.003786361 0.995988488
1773839289.151100 0.004558329 0.000206891 -0.033320922 0.003644272 -0.089307353 -0.003766298 0.995990336
1773839289.178759 0.004555649 0.000205418 -0.033317775 0.003812419 -0.089140445 -0.003962724 0.996003926
1773839289.217737 0.004557873 0.000208349 -0.033297561 0.004329339 -0.089660682 -0.003599693 0.995956421
1773839289.245504 0.004562656 0.000207110 -0.033299021 0.002390630 -0.089257926 -0.002355435 0.996002853
1773839289.279835 0.004563398 0.000209979 -0.033288475 0.003447659 -0.088966347 -0.003771006 0.996021509
1773839289.319966 0.004560982 0.000207728 -0.033287525 0.002270884 -0.088213421 -0.003194121 0.996093869
1773839289.398615 0.004573468 0.000209504 -0.033268709 0.002237944 -0.087477118 -0.003801126 0.996156752
1773839289.421590 0.004583999 0.000207422 -0.033253558 0.003071054 -0.087110080 -0.004181048 0.996185184
1773839289.446305 0.004586742 0.000207071 -0.033246469 0.001306702 -0.086432569 -0.002970584 0.996252418
1773839289.484429 0.004589524 0.000208158 -0.033244524 0.002422384 -0.085656606 -0.004071006 0.996313453
1773839289.512357 0.004587861 0.000208266 -0.033246167 0.002292436 -0.084775217 -0.004618272 0.996386707
1773839289.551411 0.004587093 0.000207323 -0.033242606 0.001432936 -0.083025686 -0.005100744 0.996533334
1773839289.579974 0.004569563 0.000205733 -0.033263985 0.001193040 -0.080204017 -0.005049683 0.996764958
1773839289.619290 0.004575881 0.000205181 -0.033251975 -0.001057071 -0.078632131 -0.005306324 0.996888995
1773839289.645721 0.004578342 0.000206359 -0.033246800 0.002465533 -0.077011675 -0.005548735 0.997011662
1773839289.679312 0.004580540 0.000204578 -0.033239245 0.001113969 -0.075014286 -0.005672256 0.997165680
1773839289.718803 0.004581506 0.000201646 -0.033234593 -0.000149301 -0.072992899 -0.006492517 0.997311294
1773839289.746126 0.004611496 0.000199071 -0.033187836 0.000645758 -0.073951162 -0.006974567 0.997237265
1773839289.784982 0.004610928 0.000197319 -0.033187326 0.000087980 -0.072791182 -0.007152688 0.997321546
1773839289.814012 0.004609318 0.000195419 -0.033184092 0.000059219 -0.072067544 -0.006817320 0.997376442
1773839289.845989 0.004621426 0.000199585 -0.033173040 -0.000368699 -0.071830675 -0.006896247 0.997392952
1773839289.885150 0.004657357 0.000192121 -0.033109799 -0.000934774 -0.071931385 -0.006481468 0.997388124
1773839289.914738 0.004656177 0.000196440 -0.033106763 -0.000674063 -0.071167365 -0.007314271 0.997437358
1773839289.955744 0.004663835 0.000195131 -0.033096999 -0.001619290 -0.071252137 -0.007264779 0.997430563
1773839289.980487 0.004655100 0.000196218 -0.033107772 -0.001370088 -0.070146509 -0.007523677 0.997507393
1773839290.014023 0.004662781 0.000195972 -0.033084791 -0.003570180 -0.071077764 -0.006183539 0.997445226
1773839290.052073 0.004657045 0.000190691 -0.033083536 -0.004076867 -0.070904277 -0.007826232 0.997444093
1773839290.079305 0.004673403 0.000192634 -0.033067126 -0.001967471 -0.072733812 -0.007157073 0.997323751
1773839290.118993 0.004677153 0.000196215 -0.033057977 -0.002665190 -0.073512554 -0.006985473 0.997266233
1773839290.147496 0.004676241 0.000194781 -0.033059891 -0.003621405 -0.073878109 -0.007471423 0.997232735
1773839290.180373 0.004684280 0.000194103 -0.033045463 -0.003277784 -0.075516194 -0.006579795 0.997117460
1773839290.220009 0.004688540 0.000194149 -0.033040285 -0.003890169 -0.077073239 -0.007223359 0.996991694
1773839290.246392 0.004693404 0.000195258 -0.033033378 -0.003864258 -0.078731060 -0.006969125 0.996864021
1773839290.285450 0.004688719 0.000201775 -0.033045664 -0.003936469 -0.079711862 -0.006447078 0.996789336
1773839290.313412 0.004703253 0.000194427 -0.033018019 -0.003336410 -0.082399592 -0.007182518 0.996567905
1773839290.347658 0.004644888 0.000203611 -0.033119123 -0.004305017 -0.081719570 -0.006769895 0.996623039
1773839290.386248 0.004639000 0.000211233 -0.033120591 -0.003454722 -0.082659326 -0.006515135 0.996550560
1773839290.414654 0.004649977 0.000209481 -0.033104572 -0.003352619 -0.084488980 -0.007271838 0.996392250
1773839290.453824 0.004656705 0.000202872 -0.033098776 -0.004137085 -0.086035095 -0.007077670 0.996258378
1773839290.479541 0.004631734 0.000210422 -0.033149086 -0.002870895 -0.087148920 -0.006611061 0.996169209
1773839290.514540 0.004632159 0.000209227 -0.033148691 -0.004223101 -0.087697051 -0.005788940 0.996121407
1773839290.552234 0.004634328 0.000201456 -0.033149343 -0.002873269 -0.088226795 -0.005725385 0.996079803
1773839290.580446 0.004620004 0.000203895 -0.033146419 -0.002360309 -0.087351136 -0.006338258 0.996154606
1773839290.619001 0.004629380 0.000202539 -0.033141229 -0.005341959 -0.087581731 -0.005993190 0.996124983
1773839290.648424 0.004635616 0.000200602 -0.033127449 -0.003091548 -0.088169061 -0.007506453 0.996072412
1773839290.680854 0.004645627 0.000202111 -0.033102620 -0.003553458 -0.088878967 -0.006257087 0.996016443
1773839290.720649 0.004642085 0.000196503 -0.033110917 -0.003420442 -0.087968595 -0.007978293 0.996085405
1773839290.748492 0.004653014 0.000202770 -0.033096742 -0.005119626 -0.088175185 -0.007369960 0.996064544
1773839290.786435 0.004654984 0.000200840 -0.033091947 -0.002938940 -0.087638818 -0.007129346 0.996122420
1773839290.814668 0.004657357 0.000197635 -0.033079974 -0.004728527 -0.086771026 -0.007268841 0.996190488
1773839290.849152 0.004665121 0.000196960 -0.033054594 -0.003602298 -0.086458102 -0.007895608 0.996217668
1773839290.889723 0.004662625 0.000196583 -0.033070266 -0.003419314 -0.084564410 -0.007840915 0.996381283
1773839290.915318 0.004663471 0.000193965 -0.033068050 -0.004424565 -0.082646027 -0.007790993 0.996538639
1773839290.953550 0.004609718 0.000202006 -0.033178933 -0.003743637 -0.081312791 -0.009166395 0.996639431
1773839290.981025 0.004608057 0.000201906 -0.033177599 -0.003748024 -0.079240918 -0.009035659 0.996807516
1773839291.015632 0.004606536 0.000199947 -0.033163868 -0.004106579 -0.077502780 -0.008456985 0.996947765
1773839291.053980 0.004614009 0.000201204 -0.033152077 -0.003831960 -0.075944178 -0.008488973 0.997068584
1773839291.081717 0.004611327 0.000211696 -0.033148628 -0.002588833 -0.073625363 -0.009795662 0.997234464
1773839291.121842 0.004617396 0.000207475 -0.033140048 -0.002580122 -0.072448798 -0.009885379 0.997319818
1773839291.149573 0.004614403 0.000210490 -0.033128858 -0.003407071 -0.071001321 -0.009651054 0.997423708
1773839291.183641 0.004613840 0.000209640 -0.033126865 -0.002926697 -0.069619514 -0.008649466 0.997531831
1773839291.221358 0.004606675 0.000208292 -0.033132877 -0.004202327 -0.067425251 -0.010560098 0.997659624
1773839291.248765 0.004649354 0.000207931 -0.033077825 -0.003050280 -0.067945324 -0.009376726 0.997640312
1773839291.286567 0.004647605 0.000207956 -0.033079598 -0.001607509 -0.066122547 -0.010056896 0.997759521
1773839291.315498 0.004662155 0.000213070 -0.033063762 -0.002839658 -0.065572843 -0.010874998 0.997784495
1773839291.348379 0.004665790 0.000216462 -0.033066507 -0.001355230 -0.065012634 -0.010876448 0.997824252
1773839291.388431 0.004638758 0.000215109 -0.033083290 -0.002544952 -0.062897608 -0.010032903 0.997966290
1773839291.414829 0.004637160 0.000208785 -0.033082578 -0.001830175 -0.062971748 -0.010315665 0.997960269
1773839291.459210 0.004628035 0.000210530 -0.033066735 -0.002943228 -0.062334791 -0.010737076 0.997993171
1773839291.481861 0.004621810 0.000207466 -0.033078399 -0.003723429 -0.062116776 -0.011353437 0.997997403
1773839291.515868 0.004629734 0.000211520 -0.033071671 -0.000604123 -0.063275069 -0.006144132 0.997977018
1773839291.554397 0.004626410 0.000208103 -0.033074375 0.002894433 -0.062975846 -0.013626537 0.997917831
1773839291.582376 0.004635043 0.000204327 -0.033060294 -0.001435084 -0.063401133 -0.008806348 0.997948229
1773839291.621388 0.004623770 0.000208646 -0.033057161 -0.002455226 -0.063227169 -0.011686538 0.997927725
1773839291.704232 0.004630090 0.000195985 -0.033030171 0.001550667 -0.061990164 -0.009773291 0.998027682
1773839291.720309 0.004630542 0.000196119 -0.033028200 0.002681573 -0.061712265 -0.010642371 0.998033583
1773839291.749120 0.004632430 0.000192366 -0.033020649 0.000776806 -0.061856039 -0.009767819 0.998036981
1773839291.787978 0.004634473 0.000194863 -0.033017438 0.001367989 -0.062407266 -0.011661383 0.997981668
1773839291.815668 0.004640355 0.000193991 -0.033012111 0.001552149 -0.063967347 -0.009599462 0.997904599
1773839291.849848 0.004625458 0.000192654 -0.033027112 0.002847862 -0.065098748 -0.010407418 0.997820497
1773839291.888693 0.004625942 0.000189842 -0.033019740 0.002047394 -0.067232385 -0.008959920 0.997695029
1773839291.916055 0.004637023 0.000192657 -0.033003923 0.004680641 -0.070464291 -0.009119804 0.997461617
1773839291.955225 0.004629892 0.000190299 -0.033021495 0.004481838 -0.071787447 -0.008617722 0.997372627
1773839291.983518 0.004595025 0.000198771 -0.033111501 0.005510886 -0.073282383 -0.008928989 0.997256041
1773839292.016493 0.004596455 0.000197118 -0.033103820 0.005226925 -0.075568832 -0.008772689 0.997088313
1773839292.054485 0.004593466 0.000196722 -0.033112749 0.006057051 -0.076893263 -0.009405035 0.996976614
1773839292.081957 0.004608480 0.000194484 -0.033084899 0.007715805 -0.080003925 -0.008716792 0.996726573
1773839292.121335 0.004616937 0.000193494 -0.033050451 0.007922767 -0.080108777 -0.008356858 0.996719599
1773839292.148849 0.004617714 0.000194439 -0.033040609 0.008090571 -0.080590688 -0.008872878 0.996674955
1773839292.183187 0.004614620 0.000194194 -0.033042505 0.008349776 -0.080089822 -0.008698143 0.996714711
1773839292.221702 0.004622207 0.000192899 -0.033031743 0.009039848 -0.080605648 -0.006925786 0.996681035
1773839292.249096 0.004614065 0.000194829 -0.033056613 0.009213302 -0.080355123 -0.009487997 0.996678531
1773839292.288123 0.004618748 0.000194834 -0.033042938 0.009651301 -0.080814846 -0.009528663 0.996636808
1773839292.316249 0.004618172 0.000193496 -0.033041567 0.009625159 -0.080630966 -0.008642632 0.996660054
1773839292.355022 0.004620399 0.000193478 -0.033037223 0.010021091 -0.080630206 -0.010490473 0.996638477
1773839292.382222 0.004624297 0.000192393 -0.033024460 0.011561416 -0.080678821 -0.008227463 0.996639132
1773839292.415445 0.004619705 0.000193264 -0.033035908 0.010936530 -0.079383694 -0.010796783 0.996725619
1773839292.455082 0.004624427 0.000192072 -0.033024173 0.010351266 -0.079127967 -0.009993507 0.996760607
1773839292.483491 0.004577885 0.000193941 -0.033123396 0.011723038 -0.079243809 -0.009536818 0.996740699
1773839292.522147 0.004579482 0.000195694 -0.033117689 0.011728280 -0.079335026 -0.010663551 0.996721983
1773839292.549341 0.004576970 0.000195210 -0.033116177 0.010007356 -0.084326029 -0.009355990 0.996344030
1773839292.582491 0.004631080 0.000192752 -0.033002701 0.005354973 -0.089152098 -0.001740645 0.996002078
1773839292.618066 0.004601881 0.000192106 -0.033058435 -0.006051065 -0.094412334 0.010325214 0.995461226
1773839292.649425 0.004604791 0.000191103 -0.033052288 -0.004619831 -0.098973736 0.007551037 0.995050669
1773839292.688122 0.004601346 0.000193081 -0.033059590 0.012304243 -0.101563856 -0.012780587 0.994670808
1773839292.716417 0.004589397 0.000203761 -0.033107132 0.047757518 -0.106207244 -0.046189059 0.992121875
1773839292.750399 0.004577036 0.000198790 -0.033111684 0.064441890 -0.107039049 -0.067417681 0.989871085
1773839292.784842 0.004565770 0.000198526 -0.033114534 0.051869821 -0.104577750 -0.056369975 0.991562128
1773839292.817742 0.004571142 0.000196291 -0.033098776 0.028217318 -0.102970086 -0.030005107 0.993831277
1773839292.852698 0.004584375 0.000199616 -0.033083905 0.005127653 -0.101851791 -0.003215035 0.994781196
1773839292.883514 0.004614498 0.000194274 -0.033025201 -0.002709823 -0.100516170 -0.002588588 0.994928360
1773839292.918395 0.004609691 0.000192285 -0.033015870 0.005484677 -0.098698661 -0.008892255 0.995062470
1773839292.953825 0.004555257 0.000190880 -0.032869887 0.013371710 -0.085953571 -0.010063284 0.996158540
1773839292.984183 0.004553674 0.000186676 -0.032862149 0.010261975 -0.083637491 -0.008513871 0.996407032
1773839293.021371 0.004558205 0.000186068 -0.032859560 0.010321141 -0.082495086 -0.009097634 0.996496499
1773839293.050771 0.004559253 0.000185510 -0.032852240 0.007605670 -0.080595389 -0.007823489 0.996687174
1773839293.084063 0.004560999 0.000187242 -0.032857765 0.012745555 -0.078509562 -0.008858209 0.996792495
1773839293.118252 0.004562327 0.000186747 -0.032846950 0.008541847 -0.076781958 -0.009314951 0.996967793
1773839293.151270 0.004565571 0.000187731 -0.032841872 0.010914561 -0.075081445 -0.009130370 0.997075856
1773839293.183877 0.004565112 0.000186011 -0.032836128 0.008556778 -0.073749676 -0.008902675 0.997200370
1773839293.216949 0.004567574 0.000184323 -0.032830741 0.010122545 -0.072858796 -0.008557554 0.997254193
1773839293.251130 0.004565689 0.000187859 -0.032834742 0.009886616 -0.071542040 -0.008024386 0.997356296
1773839293.285368 0.004569095 0.000187091 -0.032826580 0.010583398 -0.070996605 -0.009349179 0.997376621
1773839293.317438 0.004570249 0.000186441 -0.032819729 0.008199480 -0.070063896 -0.008299182 0.997474313
1773839293.352152 0.004573433 0.000188423 -0.032812670 0.009726224 -0.069988795 -0.006402047 0.997479856
1773839293.383450 0.004648682 0.000191013 -0.032921877 0.010575549 -0.081790261 -0.009270371 0.996550322
1773839293.419111 0.004646582 0.000188158 -0.032920267 0.009633317 -0.081627771 -0.007972280 0.996584475
1773839293.452695 0.004640139 0.000194725 -0.032920375 0.010306730 -0.080847301 -0.007750421 0.996643066
1773839293.485170 0.004642276 0.000191649 -0.032917000 0.008904451 -0.080579780 -0.007843543 0.996677518
1773839293.522474 0.004637285 0.000207190 -0.032930601 0.011039891 -0.082616232 -0.008877836 0.996480703
1773839293.550235 0.004635650 0.000207554 -0.032930791 0.012877585 -0.083345719 -0.009521330 0.996392012
1773839293.583720 0.004636420 0.000207961 -0.032925740 0.010193618 -0.083876103 -0.008073814 0.996391356
1773839293.618096 0.004642426 0.000208471 -0.032914590 0.010023337 -0.085354321 -0.007606020 0.996271193
1773839293.651366 0.004638124 0.000207006 -0.032912906 0.008086172 -0.085630834 -0.008409932 0.996258616
1773839293.685150 0.004635029 0.000208144 -0.032916348 0.009351563 -0.086330138 -0.008638305 0.996185243
1773839293.718729 0.004619361 0.000204755 -0.032943994 0.009644958 -0.084980056 -0.008359837 0.996300876
1773839293.752866 0.004662317 0.000207781 -0.032876510 0.008571653 -0.086459324 -0.008245305 0.996184349
1773839293.786532 0.004657527 0.000206715 -0.032862451 0.008540498 -0.087359220 -0.009168036 0.996098042
1773839293.817996 0.004654469 0.000208624 -0.032854188 0.005269063 -0.087479010 -0.004187952 0.996143639
1773839293.851976 0.004654755 0.000209553 -0.032849792 0.003738732 -0.087460451 -0.007520696 0.996132553
1773839293.885818 0.004669292 0.000211812 -0.032820482 0.005964518 -0.089607477 -0.006582844 0.995937526
1773839293.917741 0.004522266 0.000198643 -0.032701708 0.004778270 -0.073164798 -0.008041086 0.997276008
1773839293.953252 0.004518834 0.000196800 -0.032701127 0.006225586 -0.072801992 -0.007897414 0.997295737
1773839293.985630 0.004522956 0.000197446 -0.032691125 0.006787734 -0.072813243 -0.007900275 0.997291207
1773839294.051816 0.004528837 0.000198669 -0.032680284 0.005768719 -0.072575390 -0.007989300 0.997314215
1773839294.079519 0.004523831 0.000198233 -0.032679625 0.003980508 -0.071427360 -0.007296681 0.997411132
1773839294.096157 0.004522281 0.000200417 -0.032675877 0.004191049 -0.070689224 -0.006522654 0.997468233
1773839294.118894 0.004520931 0.000200696 -0.032670565 0.003758431 -0.069126889 -0.007143719 0.997575223
1773839294.151759 0.004521281 0.000199976 -0.032664914 0.003652259 -0.067780912 -0.006232556 0.997674048
1773839294.185883 0.004517581 0.000199206 -0.032665219 0.002896295 -0.065889515 -0.005197685 0.997809172
1773839294.219008 0.004522138 0.000202305 -0.032653086 0.004053377 -0.065460458 -0.005660636 0.997830868
1773839294.252076 0.004513888 0.000201999 -0.032645211 0.003751302 -0.063871831 -0.006007182 0.997932971
1773839294.287072 0.004514157 0.000202694 -0.032638960 0.003593561 -0.062716290 -0.006571629 0.998003244
1773839294.319068 0.004513899 0.000202615 -0.032634422 0.002840240 -0.061866280 -0.005955000 0.998062611
1773839294.352125 0.004512616 0.000202804 -0.032629948 0.003407478 -0.059521314 -0.006051593 0.998202860
1773839294.386221 0.004511683 0.000201713 -0.032623909 -0.002571460 -0.056231417 -0.007477341 0.998386443
1773839294.419858 0.004511170 0.000201632 -0.032626148 -0.002133599 -0.053630911 -0.001281336 0.998557746
1773839294.453700 0.004511108 0.000200866 -0.032621194 0.005866647 -0.052662421 -0.001755151 0.998593628
1773839294.485666 0.004509391 0.000200797 -0.032616112 0.002132777 -0.050345547 -0.010079452 0.998678744
1773839294.520030 0.004507480 0.000200923 -0.032613605 0.004547249 -0.047920454 -0.004872801 0.998828948
1773839294.552231 0.004506791 0.000201109 -0.032608643 0.001655939 -0.046301611 -0.008399649 0.998890817
1773839294.586643 0.004503135 0.000203891 -0.032592889 0.002720686 -0.045732118 -0.006506557 0.998928845
1773839294.622050 0.004500945 0.000203233 -0.032589424 0.000250224 -0.045166329 -0.007448598 0.998951674
1773839294.654091 0.004500039 0.000204511 -0.032585140 0.001334625 -0.045685455 -0.006218842 0.998935640
1773839294.685627 0.004499890 0.000204253 -0.032580309 0.001879356 -0.046595618 -0.005830029 0.998895049
1773839294.720733 0.004499533 0.000205221 -0.032575302 0.001683117 -0.047822569 -0.006462744 0.998833537
1773839294.752777 0.004499662 0.000204714 -0.032568943 0.002088664 -0.049068708 -0.006769669 0.998770297
1773839294.786996 0.004499373 0.000204928 -0.032564357 0.002058374 -0.050548941 -0.005360953 0.998705089
1773839294.819806 0.004498058 0.000204864 -0.032560524 0.001292490 -0.051877026 -0.005032229 0.998640001
1773839294.853553 0.004489511 0.000206631 -0.032504883 0.000796742 -0.054196022 -0.004110506 0.998521507
1773839294.886248 0.004489975 0.000206666 -0.032501411 -0.000287255 -0.056016896 -0.003997523 0.998421788
1773839294.920101 0.004487212 0.000205594 -0.032496545 0.000127955 -0.057561323 -0.003068666 0.998337269
1773839294.952335 0.004487371 0.000207621 -0.032490607 0.000112100 -0.059606791 -0.002763117 0.998218060
1773839294.987447 0.004486094 0.000207153 -0.032487117 -0.000480895 -0.061647184 -0.003161051 0.998092890
1773839295.022749 0.004484833 0.000208874 -0.032478221 0.000637184 -0.063809268 -0.003636821 0.997955263
1773839295.052788 0.004484130 0.000210749 -0.032471869 -0.002822774 -0.065806910 -0.003165662 0.997823358
1773839295.086960 0.004481842 0.000209394 -0.032468911 0.000071354 -0.067365527 -0.003014530 0.997723818
1773839295.121838 0.004480742 0.000209782 -0.032463849 0.000138699 -0.069099747 -0.003312376 0.997604251
1773839295.153457 0.004481713 0.000210487 -0.032457918 -0.001619690 -0.070972458 -0.004320749 0.997467577
1773839295.186707 0.004477971 0.000210386 -0.032454088 -0.000353649 -0.072136037 -0.003379917 0.997389019
1773839295.220449 0.004473637 0.000212370 -0.032432444 -0.002250051 -0.074080400 -0.003547021 0.997243404
1773839295.254030 0.004473756 0.000212004 -0.032428019 0.000296725 -0.076327167 -0.004928154 0.997070611
1773839295.287296 0.004473069 0.000212129 -0.032421850 -0.002607615 -0.078626968 -0.003109086 0.996895850
1773839295.320187 0.004471469 0.000213002 -0.032417256 -0.000777457 -0.080838621 -0.005223937 0.996713221
1773839295.353304 0.004470363 0.000212624 -0.032413371 -0.002131024 -0.083069608 -0.003762471 0.996534348
1773839295.386509 0.004469481 0.000214091 -0.032407537 -0.000548114 -0.085369773 -0.004722261 0.996338010
1773839295.419854 0.004467563 0.000213867 -0.032400310 -0.000532552 -0.087648816 -0.004225509 0.996142328
1773839295.454371 0.004467612 0.000214115 -0.032394927 -0.002071051 -0.089940809 -0.003984618 0.995936990
1773839295.487160 0.004466371 0.000214442 -0.032389630 -0.001558307 -0.092032865 -0.003599229 0.995748222
1773839295.521363 0.004464866 0.000214906 -0.032384820 -0.001295618 -0.094241247 -0.003533798 0.995542288
1773839295.553699 0.004461746 0.000214938 -0.032379370 -0.001534730 -0.095763415 -0.004197108 0.995394111
1773839295.587373 0.004461397 0.000216047 -0.032373887 -0.002426557 -0.097464532 -0.002462844 0.995232999
1773839295.620084 0.004461125 0.000215885 -0.032367159 -0.001593797 -0.099090643 -0.003098306 0.995072305
1773839295.655715 0.004462041 0.000215802 -0.032361634 -0.002048011 -0.100257270 -0.002189200 0.994957030
1773839295.686645 0.004461144 0.000216376 -0.032354217 -0.002998343 -0.100754641 -0.003223377 0.994901538
1773839295.721070 0.004457837 0.000216364 -0.032349173 -0.001727598 -0.100573383 -0.003481247 0.994922042
1773839295.754738 0.004456635 0.000217113 -0.032344289 -0.003065565 -0.100087084 -0.002683784 0.994970322
1773839295.787907 0.004453959 0.000218499 -0.032338519 -0.000375154 -0.099275813 -0.004565491 0.995049417
1773839295.820993 0.004452284 0.000218312 -0.032331344 -0.003482963 -0.098483950 -0.003303238 0.995127022
1773839295.853915 0.004451729 0.000218802 -0.032325793 -0.000895680 -0.098271146 -0.004938732 0.995146990
1773839295.887615 0.004449756 0.000219451 -0.032319050 -0.003090032 -0.097395368 -0.003315244 0.995235443
1773839295.920230 0.004450058 0.000219297 -0.032312486 -0.001510835 -0.097212717 -0.005473031 0.995247424
1773839295.956164 0.004447686 0.000219048 -0.032306310 -0.002293423 -0.096466973 -0.004239437 0.995324492
1773839295.989155 0.004447426 0.000220222 -0.032299861 -0.001074638 -0.095940448 -0.004417509 0.995376706
1773839296.021448 0.004445109 0.000221425 -0.032294504 -0.001495584 -0.094946623 -0.005786431 0.995464444
1773839296.054661 0.004437168 0.000222498 -0.032252435 -0.002821757 -0.094029807 -0.004724707 0.995554149
1773839296.087780 0.004435975 0.000222740 -0.032246962 -0.001974490 -0.093597300 -0.005920662 0.995590568
1773839296.122140 0.004435563 0.000224659 -0.032238930 -0.002555383 -0.093281530 -0.005501471 0.995621324
1773839296.153665 0.004433689 0.000223296 -0.032234177 -0.002879552 -0.093012221 -0.005650713 0.995644748
1773839296.186921 0.004434299 0.000222546 -0.032228351 -0.001335620 -0.093347125 -0.004914826 0.995620608
1773839296.220877 0.004433096 0.000224905 -0.032222174 -0.002146127 -0.093795836 -0.005240701 0.995575368
1773839296.254985 0.004431894 0.000224435 -0.032216925 -0.001758233 -0.093966849 -0.004689761 0.995562732
1773839296.288842 0.004432514 0.000223935 -0.032210700 -0.002805369 -0.094883375 -0.004844249 0.995472670
1773839296.321437 0.004431293 0.000223692 -0.032205321 -0.002042773 -0.095926076 -0.003940434 0.995378554
1773839296.356623 0.004429720 0.000225361 -0.032200363 -0.000044694 -0.096936703 -0.004324063 0.995281160
1773839296.388619 0.004430229 0.000224300 -0.032193076 -0.001605369 -0.098122105 -0.004136323 0.995164514
1773839296.424074 0.004428715 0.000224360 -0.032188553 -0.002479545 -0.098829605 -0.003831614 0.995093882
1773839296.455525 0.004429003 0.000225248 -0.032181382 -0.002105232 -0.099988036 -0.004092608 0.994978011
1773839296.489258 0.004425746 0.000227953 -0.032158237 -0.001384243 -0.101397343 -0.003785186 0.994837821
1773839296.524922 0.004426512 0.000226762 -0.032152988 -0.000275091 -0.102915473 -0.004261221 0.994680941
1773839296.554216 0.004424748 0.000228170 -0.032148361 -0.000925987 -0.104095563 -0.005015693 0.994554222
1773839296.587665 0.004423684 0.000227255 -0.032144345 0.000408516 -0.105806224 -0.004175617 0.994377911
1773839296.622998 0.004425277 0.000229799 -0.032134786 -0.000385311 -0.107566908 -0.003688195 0.994190931
1773839296.655459 0.004420963 0.000228226 -0.032134987 -0.000371878 -0.108638197 -0.003877658 0.994073689
1773839296.687452 0.004420067 0.000227113 -0.032133456 0.000563708 -0.109982051 -0.003581459 0.993926942
1773839296.721733 0.004418269 0.000227139 -0.032127224 0.001205755 -0.111395508 -0.004218184 0.993766427
1773839296.754657 0.004417834 0.000227222 -0.032124475 0.001958039 -0.112492159 -0.003346792 0.993645072
1773839296.788978 0.004416752 0.000228402 -0.032117911 0.002205872 -0.113182656 -0.004357577 0.993562162
1773839296.822097 0.004417094 0.000227971 -0.032111943 0.001678048 -0.113447346 -0.003119649 0.993537664
1773839296.855184 0.004418392 0.000229600 -0.032104716 0.002481234 -0.113721117 -0.003391840 0.993503809
1773839296.888336 0.004413904 0.000229165 -0.032103967 0.002274073 -0.113073334 -0.003925589 0.993576288
1773839296.922954 0.004414892 0.000226847 -0.032099009 0.002209530 -0.113128878 -0.003208253 0.993572652
1773839296.956895 0.004415263 0.000231622 -0.032089312 0.002872582 -0.112810336 -0.003874799 0.993604839
1773839296.989856 0.004409642 0.000231639 -0.032068368 0.002821444 -0.111416347 -0.003754450 0.993762732
1773839297.024374 0.004407791 0.000230533 -0.032065347 0.002224238 -0.110022798 -0.003392150 0.993920803
1773839297.056310 0.004407251 0.000229323 -0.032060064 0.000343069 -0.108199701 -0.003555185 0.994122803
1773839297.089199 0.004407824 0.000231775 -0.032053914 0.001662649 -0.106989481 -0.003443090 0.994252801
1773839297.122489 0.004406183 0.000231411 -0.032047804 0.003451296 -0.105190203 -0.004038319 0.994437933
1773839297.156408 0.004405034 0.000230837 -0.032044083 0.001902828 -0.103175379 -0.004239562 0.994652331
1773839297.189447 0.004403914 0.000232327 -0.032038763 0.002228447 -0.101063870 -0.004626568 0.994866669
1773839297.222824 0.004403738 0.000233443 -0.032032013 0.002115471 -0.099096797 -0.004211742 0.995066643
1773839297.255712 0.004403451 0.000233204 -0.032028645 0.001866833 -0.096880883 -0.004062244 0.995285928
1773839297.288796 0.004401604 0.000233117 -0.032023989 0.003097597 -0.095154032 -0.005234500 0.995444000
1773839297.321906 0.004400369 0.000234091 -0.032020286 0.002041459 -0.093383104 -0.004693782 0.995617092
1773839297.356522 0.004396725 0.000233728 -0.032017305 0.003040808 -0.091302238 -0.005558166 0.995803058
1773839297.389490 0.004394164 0.000233984 -0.032012731 0.002231275 -0.089513183 -0.005619314 0.995967269
1773839297.423092 0.004391949 0.000234192 -0.032009948 0.003347458 -0.088207178 -0.005855560 0.996079326
1773839297.455870 0.004393364 0.000234010 -0.032002345 0.003110240 -0.087218985 -0.006017911 0.996166110
1773839297.488905 0.004389445 0.000235302 -0.031998977 0.003558722 -0.085949838 -0.006248142 0.996273518
1773839297.523665 0.004392464 0.000236594 -0.031991288 0.004172317 -0.085755698 -0.006365914 0.996287107
1773839297.556634 0.004388652 0.000235472 -0.031987760 0.002794123 -0.085440770 -0.006228345 0.996319890
1773839297.589352 0.004388525 0.000235206 -0.031982910 0.003192296 -0.085707322 -0.007178267 0.996289432
1773839297.622129 0.004387103 0.000235737 -0.031977203 0.002292454 -0.086286083 -0.007129215 0.996242285
1773839297.655347 0.004386555 0.000235965 -0.031971842 0.002963205 -0.087239660 -0.007154516 0.996157289
1773839297.689863 0.004384283 0.000236787 -0.031968493 0.002461117 -0.088265300 -0.007014186 0.996069312
1773839297.722013 0.004381902 0.000236550 -0.031965412 0.002565807 -0.089686841 -0.006489801 0.995945573
1773839297.756674 0.004381310 0.000237307 -0.031958412 0.002332139 -0.091356307 -0.006492126 0.995794415
1773839297.789764 0.004378969 0.000236722 -0.031956919 0.002759056 -0.092731133 -0.006472055 0.995666325
1773839297.822174 0.004378080 0.000237029 -0.031950649 0.002660186 -0.093860008 -0.006000488 0.995563805
1773839297.857875 0.004376300 0.000238206 -0.031946838 0.002869384 -0.094866388 -0.006352574 0.995465636
1773839297.890301 0.004373999 0.000238529 -0.031938694 0.004701005 -0.095772661 -0.006776666 0.995369077
1773839297.923816 0.004375860 0.000238140 -0.031932160 0.002108641 -0.096856795 -0.005783122 0.995279253
1773839297.955590 0.004375278 0.000238923 -0.031927302 0.003962435 -0.097636633 -0.006162935 0.995195150
1773839297.989584 0.004373337 0.000240024 -0.031919137 0.004630210 -0.098423004 -0.005378291 0.995119393
1773839298.022565 0.004369246 0.000239945 -0.031916104 0.001810717 -0.098641753 -0.006083460 0.995102763
1773839298.056322 0.004368908 0.000240644 -0.031911645 0.004039989 -0.099348083 -0.007379199 0.995017171
1773839298.089686 0.004368580 0.000239910 -0.031904917 0.003033967 -0.099985026 -0.006094781 0.994965672
1773839298.122407 0.004363707 0.000240784 -0.031899992 0.005134490 -0.100432441 -0.007429087 0.994902909
1773839298.157165 0.004362689 0.000240547 -0.031899393 0.003228378 -0.100969389 -0.006028764 0.994866014
1773839298.190437 0.004347741 0.000242104 -0.031848677 0.004459883 -0.101462871 -0.007974999 0.994797349
1773839298.222625 0.004342734 0.000242202 -0.031843696 0.001907669 -0.101618268 -0.006709710 0.994799018
1773839298.256756 0.004341430 0.000241898 -0.031839680 0.001629203 -0.101757631 -0.009153621 0.994765759
1773839298.290921 0.004339593 0.000243348 -0.031835068 0.004865728 -0.102067597 -0.008987690 0.994724989
1773839298.323995 0.004339654 0.000244036 -0.031829670 0.004673394 -0.102247909 -0.007766456 0.994717658
1773839298.357371 0.004338826 0.000243500 -0.031823169 0.002373469 -0.101983704 -0.007632405 0.994753957
1773839298.389233 0.004335476 0.000243727 -0.031819481 0.004132154 -0.101127140 -0.009769480 0.994816959
1773839298.424255 0.004334581 0.000243705 -0.031813886 0.003314100 -0.100450508 -0.008708187 0.994898438
1773839298.457488 0.004332727 0.000244483 -0.031810015 0.004287231 -0.099663705 -0.010535178 0.994956136
1773839298.489786 0.004333109 0.000244424 -0.031802338 0.003241867 -0.099007986 -0.008950773 0.995041072
1773839298.524140 0.004335317 0.000244170 -0.031794608 0.003216520 -0.099020369 -0.009582776 0.995034039
1773839298.557894 0.004333859 0.000244881 -0.031789333 0.003327254 -0.098422222 -0.009168855 0.995096922
1773839298.590550 0.004331192 0.000245887 -0.031783421 0.003674814 -0.097775921 -0.009800017 0.995153427
1773839298.623911 0.004329962 0.000245457 -0.031779639 0.003315391 -0.097096175 -0.009974132 0.995219529
1773839298.657290 0.004330280 0.000245710 -0.031771544 0.002845966 -0.096533358 -0.009884060 0.995276570
1773839298.690050 0.004326886 0.000245873 -0.031767715 0.003634765 -0.095424175 -0.010405158 0.995375693
1773839298.724805 0.004326425 0.000245598 -0.031759992 0.002531025 -0.094471596 -0.010563479 0.995468259
1773839298.758333 0.004321491 0.000247604 -0.031757809 0.003375921 -0.093196556 -0.011274472 0.995578170
1773839298.790206 0.004322586 0.000246235 -0.031751003 0.002016279 -0.092509381 -0.011372788 0.995644808
1773839298.823977 0.004321494 0.000247173 -0.031746879 0.003371379 -0.091854788 -0.011664295 0.995698392
1773839298.857932 0.004319711 0.000247159 -0.031741887 0.003298549 -0.091110356 -0.011621041 0.995767534
1773839298.889734 0.004317254 0.000246968 -0.031736206 0.001980517 -0.090075821 -0.011584161 0.995865524
1773839298.924772 0.004315625 0.000246672 -0.031731654 0.003110028 -0.088861108 -0.013465297 0.995948136
1773839298.957541 0.004316329 0.000248504 -0.031722251 0.001769959 -0.087849192 -0.011536746 0.996065378
1773839298.990773 0.004317643 0.000248742 -0.031716660 0.002661555 -0.086643323 -0.011984886 0.996163726
1773839299.024561 0.004314716 0.000249068 -0.031714231 0.001961386 -0.084560707 -0.013479894 0.996325195
1773839299.057831 0.004310410 0.000248290 -0.031708453 0.002448402 -0.082195856 -0.011693959 0.996544600
1773839299.091460 0.004299645 0.000250815 -0.031664308 0.004679313 -0.080724336 -0.013948556 0.996627867
1773839299.126010 0.004299172 0.000252491 -0.031656627 0.000861873 -0.079152875 -0.012535952 0.996783316
1773839299.157450 0.004296437 0.000252219 -0.031654175 0.004183146 -0.078029834 -0.014031346 0.996843517
1773839299.192696 0.004293790 0.000250785 -0.031647313 0.002091379 -0.076839440 -0.012892822 0.996957898
1773839299.225243 0.004294372 0.000253275 -0.031640206 0.003551670 -0.076574475 -0.012511723 0.996979058
1773839299.258671 0.004296876 0.000254044 -0.031632956 0.005483082 -0.076365605 -0.013434787 0.996974289
1773839299.291410 0.004295541 0.000252631 -0.031628482 0.004633486 -0.075924993 -0.012142966 0.997028828
1773839299.324971 0.004294884 0.000253266 -0.031624451 0.005470066 -0.076472871 -0.011659978 0.996988475
1773839299.358159 0.004288128 0.000253334 -0.031623874 0.008580129 -0.076735303 -0.008459834 0.996978700
1773839299.390769 0.004290294 0.000252763 -0.031614989 0.007014362 -0.077553004 -0.014967442 0.996851146
1773839299.425531 0.004286889 0.000252208 -0.031611163 0.004322615 -0.077383213 -0.011649615 0.996923983
1773839299.458396 0.004289153 0.000252259 -0.031604793 0.005385116 -0.078146040 -0.011548288 0.996860445
1773839299.492133 0.004285862 0.000253223 -0.031598013 0.006154023 -0.078040391 -0.013225799 0.996843457
1773839299.523895 0.004283935 0.000255577 -0.031593591 0.007516126 -0.077994071 -0.013523999 0.996833742
1773839299.558481 0.004283022 0.000254591 -0.031589299 0.006449204 -0.077906169 -0.012943100 0.996855795
1773839299.592770 0.004280817 0.000255188 -0.031581666 0.006701292 -0.077506617 -0.013199075 0.996881902
1773839299.625481 0.004277239 0.000254767 -0.031580165 0.007061389 -0.077313334 -0.014137079 0.996881604
1773839299.658394 0.004277224 0.000255599 -0.031572830 0.007414685 -0.077488661 -0.013799879 0.996870160
1773839299.691021 0.004273919 0.000255558 -0.031568188 0.007693632 -0.076985747 -0.014721073 0.996893823
1773839299.725266 0.004270366 0.000255466 -0.031541005 0.006179410 -0.077241383 -0.013444786 0.996902585
1773839299.759397 0.004269075 0.000257006 -0.031536717 0.007396899 -0.077453643 -0.012895783 0.996885121
1773839299.792233 0.004267287 0.000256649 -0.031529035 0.007279249 -0.077528745 -0.013282431 0.996875048
1773839299.825510 0.004266114 0.000257557 -0.031524256 0.007629316 -0.077340715 -0.014355128 0.996872187
1773839299.858231 0.004265483 0.000257553 -0.031519726 0.007406839 -0.077191748 -0.013354725 0.996899307
1773839299.892832 0.004262612 0.000257339 -0.031515233 0.006602772 -0.076651178 -0.014066804 0.996936858
1773839299.925104 0.004264161 0.000259464 -0.031506956 0.005909153 -0.076671109 -0.013418121 0.996948600
1773839299.958657 0.004261343 0.000257200 -0.031504795 0.004394647 -0.076228306 -0.013201958 0.996993303
1773839299.993049 0.004259867 0.000258404 -0.031499401 0.006066245 -0.076451741 -0.014161674 0.996954203
1773839300.025465 0.004255460 0.000258029 -0.031474017 0.005186775 -0.076451071 -0.013089547 0.996973932
1773839300.058852 0.004254356 0.000257755 -0.031468835 0.005488227 -0.076520078 -0.014136581 0.996952713
1773839300.092250 0.004253255 0.000259074 -0.031462684 0.002294295 -0.076885082 -0.011915075 0.996966124
1773839300.125521 0.004251072 0.000259222 -0.031457178 -0.003646572 -0.077784613 -0.012807905 0.996881247
1773839300.158394 0.004250917 0.000258295 -0.031452652 0.006239633 -0.078921027 -0.012512896 0.996782780
1773839300.192517 0.004249865 0.000256930 -0.031446926 0.005976479 -0.079735838 -0.008561485 0.996761322
1773839300.225666 0.004247051 0.000257861 -0.031444363 0.001653253 -0.079114892 -0.014062675 0.996764898
1773839300.259074 0.004246465 0.000257557 -0.031438131 0.003667799 -0.078959771 -0.012137137 0.996797144
1773839300.293001 0.004245551 0.000259415 -0.031432804 0.003704037 -0.078254186 -0.012974275 0.996842146
1773839300.326431 0.004244508 0.000259807 -0.031427663 0.003568395 -0.076654047 -0.012624926 0.996971428
1773839300.359896 0.004250878 0.000261179 -0.031439759 0.005664886 -0.075153284 -0.014118373 0.997055948
1773839300.393358 0.004249891 0.000260623 -0.031434059 0.005094626 -0.072584994 -0.012874243 0.997266114
1773839300.426580 0.004247986 0.000260450 -0.031429160 0.003632577 -0.069724731 -0.013047447 0.997474313
1773839300.458775 0.004248103 0.000261228 -0.031421624 0.005222355 -0.067659281 -0.013853316 0.997598648
1773839300.492407 0.004245880 0.000260964 -0.031417258 0.005418862 -0.065096706 -0.013811409 0.997768641
1773839300.526359 0.004245106 0.000260541 -0.031409763 0.005302551 -0.062872775 -0.013506669 0.997916043
1773839300.559995 0.004243473 0.000263138 -0.031402793 0.005875895 -0.060523722 -0.014244653 0.998047829
1773839300.593416 0.004242624 0.000263267 -0.031396288 0.005039949 -0.058677342 -0.013396640 0.998174369
1773839300.626395 0.004240405 0.000263145 -0.031389784 0.005292035 -0.056501701 -0.013835432 0.998292625
1773839300.661222 0.004239603 0.000262466 -0.031387951 0.005386068 -0.055280175 -0.014734711 0.998347580
1773839300.693291 0.004239851 0.000263420 -0.031382665 0.005431918 -0.054911569 -0.013594281 0.998383880
1773839300.726158 0.004236661 0.000265304 -0.031376515 0.005007821 -0.054574396 -0.014250564 0.998395443
1773839300.759687 0.004235447 0.000262452 -0.031370379 0.005150355 -0.055478759 -0.013328963 0.998357594
1773839300.793111 0.004234280 0.000264178 -0.031364731 0.005702262 -0.056695569 -0.014078805 0.998275936
1773839300.826554 0.004232037 0.000266608 -0.031358562 0.005958759 -0.057768531 -0.014114498 0.998212397
1773839300.859273 0.004231601 0.000264947 -0.031351514 0.003787426 -0.059374705 -0.013093588 0.998142660
1773839300.893929 0.004228120 0.000264333 -0.031347644 0.005502020 -0.060759585 -0.013387443 0.998047471
1773839300.929869 0.004227994 0.000266175 -0.031339690 0.006335552 -0.062521547 -0.012961788 0.997939289
1773839300.960532 0.004227084 0.000265876 -0.031336047 0.006611472 -0.063943781 -0.013292957 0.997843087
1773839300.994045 0.004226660 0.000264013 -0.031330623 0.005512225 -0.065133311 -0.012359761 0.997784793
1773839301.027384 0.004223759 0.000265280 -0.031326503 0.006822909 -0.066258170 -0.012412412 0.997702003
1773839301.060742 0.004222397 0.000264265 -0.031316739 0.006628458 -0.067416817 -0.012402892 0.997625768
1773839301.094695 0.004220409 0.000265642 -0.031312998 0.007867671 -0.067937560 -0.012136892 0.997584760
1773839301.129253 0.004220396 0.000264789 -0.031305015 0.008389322 -0.068587169 -0.011785439 0.997540236
1773839301.161161 0.004220331 0.000265642 -0.031297542 0.009133184 -0.068728670 -0.011824637 0.997523487
1773839301.194567 0.004218778 0.000266993 -0.031290412 0.009564097 -0.068379335 -0.011668839 0.997545302
1773839301.227100 0.004215559 0.000266634 -0.031284958 0.010232325 -0.067815013 -0.011681133 0.997577071
1773839301.260320 0.004192570 0.000267955 -0.031194773 0.008627729 -0.067336112 -0.012205756 0.997618377
1773839301.293615 0.004192161 0.000270382 -0.031187555 0.010130545 -0.068158858 -0.011116198 0.997561097
1773839301.328036 0.004191165 0.000269634 -0.031180145 0.010953751 -0.069337867 -0.011509541 0.997466683
1773839301.360784 0.004187679 0.000271298 -0.031175816 0.011634392 -0.070033282 -0.012651667 0.997396529
1773839301.393885 0.004187984 0.000271003 -0.031167226 0.010682263 -0.070749797 -0.012518101 0.997358322
1773839301.427652 0.004186874 0.000270208 -0.031161014 0.010195487 -0.070844419 -0.011337810 0.997370839
1773839301.459505 0.004185654 0.000271679 -0.031154532 0.009236623 -0.070752934 -0.011895609 0.997380197
1773839301.494421 0.004184373 0.000271793 -0.031147992 0.008987877 -0.070321582 -0.011685228 0.997415423
1773839301.527843 0.004179893 0.000272988 -0.031144911 0.009769809 -0.069667257 -0.012747508 0.997440994
1773839301.561067 0.004181862 0.000270340 -0.031136114 0.008791413 -0.069416091 -0.010303426 0.997495830
1773839301.595284 0.004174404 0.000271719 -0.031112343 0.008638162 -0.068223089 -0.011795878 0.997562945
1773839301.627149 0.004171630 0.000271874 -0.031107733 0.008551992 -0.066692315 -0.010827695 0.997678161
1773839301.661402 0.004171585 0.000270545 -0.031102119 0.008759356 -0.065623924 -0.010744442 0.997748137
1773839301.693379 0.004169824 0.000271753 -0.031094044 0.008855788 -0.062560849 -0.010375209 0.997947931
1773839301.727952 0.004170406 0.000271819 -0.031086020 0.009089351 -0.060083985 -0.011092331 0.998090327
1773839301.761484 0.004168648 0.000272316 -0.031080209 0.008432296 -0.057381630 -0.010956196 0.998256564
1773839301.793927 0.004168113 0.000272252 -0.031073671 0.008210980 -0.054433815 -0.010518035 0.998428226
1773839301.826848 0.004164199 0.000271473 -0.031070545 0.008031164 -0.051384240 -0.011333711 0.998582363
1773839301.860358 0.004164427 0.000273092 -0.031061821 0.007962253 -0.049015108 -0.010331496 0.998712838
1773839301.894944 0.004159755 0.000272892 -0.031038472 0.008668756 -0.046485964 -0.010301305 0.998828232
1773839301.928852 0.004158915 0.000273930 -0.031032432 0.009113829 -0.044938050 -0.011384831 0.998883307
1773839301.960583 0.004159551 0.000273567 -0.031025315 0.008862255 -0.043636836 -0.009715560 0.998960912
1773839301.996957 0.004158631 0.000274360 -0.031020219 0.009604839 -0.042170156 -0.010882781 0.999005020
1773839302.029973 0.004158021 0.000273172 -0.031014545 0.009303572 -0.040345967 -0.010084250 0.999091566
1773839302.063675 0.004156796 0.000274397 -0.031008724 0.010632410 -0.038673706 -0.010352948 0.999141693
1773839302.095336 0.004156532 0.000274064 -0.031002175 0.010884807 -0.037424795 -0.010894576 0.999180794
1773839302.127837 0.004156281 0.000275620 -0.030995846 0.011648099 -0.036143534 -0.010989268 0.999218285
1773839302.164815 0.004158225 0.000275385 -0.030988714 0.012210852 -0.035410535 -0.010896205 0.999238849
1773839302.193947 0.004157522 0.000274104 -0.030981837 0.010506431 -0.034468800 -0.010581910 0.999294519
1773839302.228510 0.004152525 0.000274893 -0.030959891 0.010605452 -0.032862339 -0.010552216 0.999347925
1773839302.262609 0.004152009 0.000276029 -0.030953035 0.011166046 -0.032046072 -0.009813097 0.999375820
1773839302.295339 0.004151548 0.000276881 -0.030946176 0.011847625 -0.030968403 -0.009440960 0.999405563
1773839302.328695 0.004150903 0.000275668 -0.030941345 0.010932960 -0.029746007 -0.009981164 0.999447882
1773839302.360662 0.004150105 0.000277767 -0.030934684 0.012244562 -0.028972331 -0.009918455 0.999455988
1773839302.394330 0.004149847 0.000275244 -0.030928412 0.010693434 -0.028140431 -0.008613363 0.999509633
1773839302.428049 0.004147190 0.000277344 -0.030923765 0.010950860 -0.027300216 -0.009413989 0.999522984
1773839302.462441 0.004150165 0.000276534 -0.030915240 0.009787723 -0.027397823 -0.007998379 0.999544680
1773839302.496043 0.004147852 0.000277085 -0.030910254 0.010719293 -0.027452350 -0.008815000 0.999526739
1773839302.528669 0.004147137 0.000276616 -0.030903647 0.011907469 -0.028393144 -0.009912810 0.999476731
1773839302.561532 0.004145805 0.000277466 -0.030900924 0.011340003 -0.029246580 -0.008624108 0.999470711
1773839302.594998 0.004144746 0.000277077 -0.030894600 0.011495363 -0.030589098 -0.008544000 0.999429405
1773839302.627981 0.004145370 0.000278815 -0.030886421 0.011319356 -0.032391150 -0.008999962 0.999370635
1773839302.662338 0.004144913 0.000277221 -0.030880922 0.011141380 -0.034206837 -0.008392528 0.999317467
1773839302.695963 0.004143098 0.000277594 -0.030874969 0.010813948 -0.035902601 -0.008434075 0.999261200
1773839302.729045 0.004141811 0.000277007 -0.030869152 0.010488282 -0.038226731 -0.008137138 0.999180913
1773839302.761530 0.004140473 0.000277541 -0.030864352 0.011405778 -0.040494833 -0.008359012 0.999079704
1773839302.794569 0.004139102 0.000279198 -0.030857394 0.010124906 -0.042666927 -0.009151906 0.998996139
1773839302.829997 0.004136397 0.000279854 -0.030851644 0.010627660 -0.044579402 -0.008283638 0.998914957
1773839302.862550 0.004135452 0.000278166 -0.030845692 0.011682870 -0.046591684 -0.009250048 0.998802900
1773839302.896166 0.004135925 0.000278934 -0.030834975 0.010181716 -0.048501372 -0.007964922 0.998739481
1773839302.929014 0.004134452 0.000280059 -0.030835377 0.011166423 -0.050168194 -0.008823113 0.998639345
1773839302.963213 0.004133246 0.000280239 -0.030829486 0.010376747 -0.052033875 -0.007480590 0.998563409
1773839302.996768 0.004131927 0.000280475 -0.030822664 0.010844119 -0.053611275 -0.008100249 0.998470128
1773839303.030848 0.004131895 0.000279312 -0.030813297 0.007517113 -0.054885741 -0.007424339 0.998436749
1773839303.064297 0.004129323 0.000281858 -0.030809531 0.012802422 -0.055449769 -0.008790994 0.998340666
1773839303.096671 0.004127212 0.000281474 -0.030802056 0.007947083 -0.055606999 -0.008245729 0.998387039
1773839303.129150 0.004127593 0.000281087 -0.030794049 0.008942449 -0.056482393 -0.009226030 0.998320937
1773839303.163050 0.004126273 0.000282825 -0.030786455 0.008657316 -0.054989208 -0.005571057 0.998433888
1773839303.196768 0.004124882 0.000280933 -0.030777225 -0.003178218 -0.052886177 -0.008904781 0.998555779
1773839303.229448 0.004122920 0.000280861 -0.030772418 0.015228504 -0.051886559 -0.025620546 0.998208106
1773839303.261785 0.004123027 0.000282847 -0.030768342 0.024959328 -0.049888685 -0.014278810 0.998340786
1773839303.296614 0.004121631 0.000283721 -0.030764855 0.007490137 -0.046670791 -0.001708628 0.998880804
1773839303.328936 0.004118720 0.000282639 -0.030757079 -0.004473278 -0.042718414 -0.010092244 0.999026179
1773839303.361790 0.004116994 0.000282475 -0.030751621 -0.000920902 -0.041807402 -0.007397837 0.999097884
1773839303.396007 0.004116227 0.000282516 -0.030746855 0.009955428 -0.041543994 -0.010199637 0.999035001
1773839303.430855 0.004117400 0.000283691 -0.030738277 0.007178232 -0.041695077 -0.010392758 0.999050558
1773839303.462719 0.004115835 0.000282006 -0.030733449 0.008092413 -0.041961133 -0.009030733 0.999045670
1773839303.496954 0.004114157 0.000283707 -0.030725237 0.008992815 -0.042348806 -0.011390352 0.998997509
1773839303.529840 0.004114334 0.000283293 -0.030718734 0.008491674 -0.043156281 -0.009703741 0.998985112
1773839303.562639 0.004112533 0.000283083 -0.030712504 0.008260714 -0.043898974 -0.010633386 0.998945236
1773839303.597511 0.004110209 0.000283121 -0.030707039 0.007845445 -0.044474330 -0.010325250 0.998926401
1773839303.629069 0.004109546 0.000285587 -0.030701838 0.008868707 -0.045104396 -0.011670396 0.998874724
1773839303.664248 0.004093679 0.000287947 -0.030598219 0.007615508 -0.045425430 -0.012638853 0.998858750
1773839303.695459 0.004091579 0.000286793 -0.030594014 0.007900713 -0.045428921 -0.011642190 0.998868465
1773839303.730787 0.004088945 0.000286044 -0.030589113 0.005607525 -0.045398228 -0.011554976 0.998886406
1773839303.764405 0.004089666 0.000288305 -0.030581256 0.009915664 -0.046184689 -0.013641854 0.998790562
1773839303.795994 0.004086604 0.000287175 -0.030574352 0.007563502 -0.045998778 -0.012750560 0.998831451
1773839303.830909 0.004085348 0.000289305 -0.030568123 0.007055384 -0.045611460 -0.015310164 0.998817027
1773839303.863741 0.004083077 0.000290169 -0.030561309 0.008691580 -0.045417849 -0.015878705 0.998804092
1773839303.896889 0.004082272 0.000289418 -0.030555967 0.007544353 -0.046062242 -0.016202118 0.998778641
1773839303.929862 0.004081224 0.000290051 -0.030548094 0.007516681 -0.046796706 -0.016099995 0.998746395
1773839303.963336 0.004081171 0.000289313 -0.030543150 0.008095902 -0.047748230 -0.016354565 0.998692691
1773839303.997123 0.004080201 0.000289314 -0.030535545 0.007952596 -0.048899066 -0.015545709 0.998651087
1773839304.030342 0.004079143 0.000289885 -0.030528305 0.008941537 -0.050266508 -0.016151095 0.998565197
1773839304.064226 0.004076880 0.000290337 -0.030494843 0.006345513 -0.052349713 -0.013675760 0.998515010
1773839304.096971 0.004075790 0.000291440 -0.030489692 0.008448847 -0.053422086 -0.013080304 0.998450577
1773839304.130391 0.004075086 0.000290441 -0.030481691 0.006492060 -0.053070541 -0.018194580 0.998403907
1773839304.163755 0.004074438 0.000291422 -0.030474886 0.013486040 -0.052077133 -0.021132549 0.998328328
1773839304.196376 0.004073561 0.000291941 -0.030468049 0.004410697 -0.053257417 -0.010607183 0.998514712
1773839304.230947 0.004072743 0.000292350 -0.030461384 0.008050162 -0.053796757 -0.015172017 0.998404205
1773839304.264265 0.004070410 0.000290004 -0.030457923 0.008963034 -0.054499868 -0.015339346 0.998355746
1773839304.297682 0.004070486 0.000292774 -0.030449079 0.010245412 -0.054946501 -0.015694400 0.998313367
1773839304.330981 0.004068992 0.000293734 -0.030441174 0.010122887 -0.055372428 -0.015804904 0.998289347
1773839304.363712 0.004067171 0.000292699 -0.030435849 0.009703756 -0.055875871 -0.016139338 0.998260081
1773839304.398115 0.004066192 0.000292954 -0.030431282 0.008198715 -0.056578651 -0.015931716 0.998237371
1773839304.433849 0.004065889 0.000294271 -0.030423934 0.009233827 -0.057431404 -0.017109333 0.998160124
1773839304.465962 0.004064118 0.000293869 -0.030416753 0.009622475 -0.057753514 -0.017590016 0.998129487
1773839304.500455 0.004063581 0.000293572 -0.030408945 0.008857285 -0.058717381 -0.017496571 0.998081982
1773839304.532883 0.004062600 0.000294192 -0.030402536 0.009150062 -0.058989014 -0.017507695 0.998063147
1773839304.565452 0.004061878 0.000292841 -0.030395830 0.008265457 -0.058842827 -0.017011164 0.998088062
1773839304.598559 0.004058671 0.000293866 -0.030390983 0.008712608 -0.058103453 -0.017700920 0.998115599
1773839304.630540 0.004058797 0.000294993 -0.030381775 0.010100842 -0.057719670 -0.017024534 0.998136520
1773839304.664792 0.004056669 0.000295645 -0.030377088 0.011366350 -0.056155771 -0.018558094 0.998184860
1773839304.697553 0.004057694 0.000295204 -0.030372804 0.010399161 -0.055325113 -0.017467165 0.998261452
1773839304.732029 0.004054554 0.000295041 -0.030366600 0.005363568 -0.054309621 -0.014863450 0.998399138
1773839304.765302 0.004054614 0.000293846 -0.030360743 0.002952812 -0.053520296 -0.015657924 0.998439670
1773839304.798699 0.004052655 0.000293784 -0.030356826 0.011492222 -0.054026064 -0.016659586 0.998334408
1773839304.832884 0.004051812 0.000295722 -0.030347677 0.009989684 -0.053940948 -0.017550072 0.998339891
1773839304.866579 0.004051784 0.000296784 -0.030340385 0.009792716 -0.054078322 -0.016779335 0.998347700
1773839304.898862 0.004051079 0.000295183 -0.030333724 0.008817093 -0.053633537 -0.015793206 0.998396873
1773839304.934558 0.004048199 0.000296437 -0.030328508 0.009756840 -0.053155415 -0.015489724 0.998418450
1773839304.965524 0.004048540 0.000296509 -0.030324107 0.011473026 -0.052793395 -0.018221833 0.998373270
1773839304.999381 0.004047986 0.000295586 -0.030314008 0.006919275 -0.051946320 -0.013621349 0.998533010
1773839305.032184 0.004046461 0.000297865 -0.030309405 0.008642677 -0.050818853 -0.015480953 0.998550534
1773839305.064547 0.004033769 0.000299033 -0.030231068 0.009240090 -0.049668241 -0.016313555 0.998589754
1773839305.099772 0.004033314 0.000299467 -0.030224809 0.008913323 -0.048413217 -0.015533970 0.998666823
1773839305.131830 0.004032316 0.000298844 -0.030217201 0.007856473 -0.046954889 -0.015523563 0.998745501
1773839305.166713 0.004031045 0.000299188 -0.030210981 0.005968233 -0.045469869 -0.015446212 0.998828471
1773839305.198943 0.004028643 0.000299077 -0.030205296 0.008813431 -0.044677321 -0.013910801 0.998865724
1773839305.232026 0.004028199 0.000299288 -0.030197486 0.006532106 -0.044176828 -0.016030092 0.998873770
1773839305.266408 0.004027863 0.000299609 -0.030190933 0.006466868 -0.043663055 -0.014580968 0.998918951
1773839305.298711 0.004024939 0.000299845 -0.030185644 0.006754981 -0.042937480 -0.014997942 0.998942316
1773839305.332008 0.004023659 0.000301115 -0.030177178 0.006530162 -0.042698748 -0.015004908 0.998953998
1773839305.365536 0.004020801 0.000299996 -0.030173596 0.006266246 -0.042506915 -0.015042461 0.998963237
1773839305.399154 0.004022386 0.000301023 -0.030163342 0.006314656 -0.042848095 -0.014604311 0.998954892
1773839305.431839 0.004020559 0.000302431 -0.030148521 0.006346654 -0.043090940 -0.014277789 0.998948991
1773839305.465448 0.004019831 0.000303669 -0.030140061 0.006741911 -0.043031078 -0.013785322 0.998955905
1773839305.499057 0.004019091 0.000303169 -0.030134503 0.007523596 -0.043026030 -0.013811752 0.998950124
1773839305.534125 0.004017649 0.000304033 -0.030127518 0.007210383 -0.042932369 -0.013790292 0.998956800
1773839305.567143 0.004016964 0.000303894 -0.030120075 0.006230855 -0.043181505 -0.013472086 0.998956978
1773839305.600513 0.004014818 0.000304637 -0.030112926 0.006267501 -0.043088134 -0.013231819 0.998963952
1773839305.634561 0.004016482 0.000304930 -0.030105872 0.005564080 -0.043879695 -0.012505697 0.998943090
1773839305.666558 0.004013769 0.000304552 -0.030099088 0.005950043 -0.044486847 -0.012874780 0.998909295
1773839305.699078 0.004013240 0.000304453 -0.030094104 0.007225922 -0.045078117 -0.012424095 0.998880088
1773839305.732846 0.004013083 0.000305964 -0.030085461 0.006910402 -0.045624662 -0.012026850 0.998862326
1773839305.766716 0.004003772 0.000306200 -0.030038230 0.005961159 -0.045453936 -0.012498533 0.998870432
1773839305.798030 0.004002606 0.000306883 -0.030031741 0.005634752 -0.045899529 -0.011998049 0.998858094
1773839305.833210 0.004001836 0.000306582 -0.030024631 0.005791275 -0.046600427 -0.011308528 0.998832822
1773839305.865550 0.004001476 0.000308848 -0.030018289 0.007649429 -0.047656652 -0.011262325 0.998771012
1773839305.899241 0.004000046 0.000307522 -0.030013310 0.008167597 -0.047147613 -0.011805980 0.998784781
1773839305.933364 0.003998672 0.000308254 -0.030005502 0.008360148 -0.046640500 -0.011115648 0.998814881
1773839305.965949 0.003997098 0.000307031 -0.030000465 0.009278893 -0.046264403 -0.011855949 0.998815775
1773839306.000028 0.003995337 0.000308194 -0.029995231 0.009199240 -0.045299489 -0.011136335 0.998869002
1773839306.033491 0.003995844 0.000309094 -0.029986173 0.009154285 -0.044809170 -0.010661765 0.998896718
1773839306.066947 0.003994395 0.000308500 -0.029980918 0.008687230 -0.043739066 -0.010361996 0.998951495
1773839306.100415 0.003994610 0.000307780 -0.029972874 0.009489279 -0.042898625 -0.010804877 0.998975933
1773839306.133118 0.003990532 0.000309529 -0.029940965 0.009283591 -0.042106152 -0.009948120 0.999020457
1773839306.165294 0.003987789 0.000309106 -0.029935978 0.009731742 -0.041025609 -0.009783449 0.999062836
1773839306.199669 0.003988794 0.000310595 -0.029927580 0.010249142 -0.040943816 -0.010920865 0.999049187
1773839306.233567 0.003986620 0.000309626 -0.029921535 0.009153303 -0.039980318 -0.010705013 0.999101222
1773839306.266009 0.003986509 0.000310216 -0.029914990 0.008765374 -0.039854661 -0.009749439 0.999119461
1773839306.298396 0.003986294 0.000311231 -0.029906416 0.008232031 -0.039448127 -0.009045279 0.999146760
1773839306.333442 0.003984923 0.000310732 -0.029900661 0.007712824 -0.038643140 -0.009988610 0.999173403
1773839306.366840 0.003982269 0.000310803 -0.029894853 0.008587223 -0.038057577 -0.008342347 0.999203801
1773839306.399963 0.003981670 0.000310559 -0.029888395 0.008401160 -0.037722163 -0.010774913 0.999194860
1773839306.434374 0.003979126 0.000310170 -0.029882928 0.006724230 -0.036423445 -0.009451203 0.999269128
1773839306.467061 0.003979180 0.000311283 -0.029876329 0.007943421 -0.035846788 -0.009242649 0.999283016
1773839306.499249 0.003974967 0.000313708 -0.029842010 0.006696977 -0.035403337 -0.008147445 0.999317467
1773839306.532865 0.003974257 0.000312841 -0.029835332 0.006328885 -0.035371479 -0.007430431 0.999326587
1773839306.566690 0.003973293 0.000314064 -0.029828614 0.005278106 -0.034801260 -0.007279333 0.999353826
1773839306.600676 0.003972453 0.000314636 -0.029822838 0.007606501 -0.034743592 -0.008432151 0.999331772
1773839306.633254 0.003972300 0.000314206 -0.029815471 0.007596831 -0.035465609 -0.007658778 0.999312699
1773839306.666789 0.003969003 0.000314640 -0.029810218 0.008492236 -0.035481669 -0.008521172 0.999297917
1773839306.700743 0.003969279 0.000315045 -0.029803373 0.006946791 -0.036470443 -0.007746439 0.999280572
1773839306.734167 0.003968192 0.000314692 -0.029796397 0.006439025 -0.036924820 -0.008062842 0.999264777
1773839306.766776 0.003966862 0.000315428 -0.029791016 0.006301126 -0.037726652 -0.006854756 0.999244690
1773839306.799106 0.003965146 0.000314969 -0.029783996 0.008356788 -0.039046850 -0.006320472 0.999182463
1773839306.834156 0.003964396 0.000315918 -0.029778559 0.008555731 -0.040135406 -0.007117775 0.999132276
1773839306.867718 0.003960459 0.000315422 -0.029746305 0.009221914 -0.040633965 -0.007828197 0.999100864
1773839306.900776 0.003958965 0.000315198 -0.029740646 0.009301596 -0.041249268 -0.006723823 0.999082923
1773839306.935362 0.003957966 0.000315885 -0.029732600 0.008863492 -0.041534979 -0.006656646 0.999075532
1773839306.968376 0.003958540 0.000315558 -0.029726768 0.008488785 -0.041976046 -0.005407096 0.999067903
1773839307.001195 0.003955886 0.000315734 -0.029720765 0.010110868 -0.042147838 -0.006737208 0.999037504
1773839307.034213 0.003955167 0.000316354 -0.029714683 0.010396698 -0.042795647 -0.006003757 0.999011695
1773839307.067689 0.003954637 0.000317402 -0.029706610 0.010358802 -0.043540254 -0.006041021 0.998979688
1773839307.101046 0.003953461 0.000316662 -0.029700082 0.010219989 -0.043974936 -0.005018728 0.998967767
1773839307.133808 0.003953407 0.000317876 -0.029692452 0.009825444 -0.045218952 -0.005325509 0.998914599
1773839307.166634 0.003950646 0.000316781 -0.029686959 0.008961818 -0.045816407 -0.006264556 0.998889983
1773839307.201227 0.003949346 0.000317020 -0.029679550 0.009594057 -0.046405908 -0.005647114 0.998860598
1773839307.234217 0.003949074 0.000317949 -0.029672816 0.009907245 -0.047479928 -0.005428021 0.998808324
1773839307.267762 0.003942912 0.000318655 -0.029637586 0.011016227 -0.048578560 -0.006949084 0.998734415
1773839307.300854 0.003941305 0.000319008 -0.029630423 0.008561219 -0.049239825 -0.005540108 0.998734891
1773839307.333375 0.003941264 0.000319044 -0.029623307 0.009017895 -0.050277177 -0.006850068 0.998671114
1773839307.368902 0.003940151 0.000319111 -0.029617397 0.008204883 -0.051056344 -0.006188388 0.998642921
1773839307.401191 0.003939002 0.000320217 -0.029609663 0.008877508 -0.051489305 -0.007288358 0.998607516
1773839307.435182 0.003938430 0.000319582 -0.029602701 0.007541369 -0.051465992 -0.006581082 0.998624623
1773839307.468287 0.003937878 0.000320398 -0.029594166 0.006456142 -0.051301494 -0.006573390 0.998640716
1773839307.499982 0.003935681 0.000319533 -0.029588636 0.006707747 -0.050204955 -0.007297599 0.998689771
1773839307.536088 0.003936393 0.000320016 -0.029581631 0.005845267 -0.049200404 -0.006243766 0.998752296
1773839307.566932 0.003935074 0.000320905 -0.029575596 0.004091412 -0.047608964 -0.005927315 0.998840094
1773839307.601209 0.003931268 0.000320664 -0.029569205 0.005155372 -0.045516074 -0.008248169 0.998916268
1773839307.635191 0.003931399 0.000320716 -0.029558243 0.004537995 -0.044132266 -0.007333608 0.998988450
1773839307.668450 0.003928986 0.000323123 -0.029539151 0.002881888 -0.042536132 -0.007414186 0.999063253
1773839307.701202 0.003926303 0.000322443 -0.029532487 0.001470332 -0.040332962 -0.007478827 0.999157250
1773839307.734678 0.003927168 0.000322742 -0.029524988 0.002355301 -0.039104164 -0.007568816 0.999203682
1773839307.768025 0.003924953 0.000323607 -0.029520998 0.002937042 -0.037119754 -0.009380573 0.999262452
1773839307.800524 0.003925069 0.000323564 -0.029512061 0.000822338 -0.035653610 -0.009470484 0.999318957
1773839307.834802 0.003925215 0.000323666 -0.029506147 0.001808009 -0.033952069 -0.008944854 0.999381781
1773839307.869398 0.003922868 0.000324328 -0.029499361 0.001174766 -0.032368332 -0.010429952 0.999420881
1773839307.900851 0.003922177 0.000325435 -0.029492512 0.000592726 -0.030879624 -0.011356158 0.999458432
1773839307.934949 0.003921923 0.000325513 -0.029485544 0.000702312 -0.030101083 -0.011687215 0.999478281
1773839307.968881 0.003919918 0.000325603 -0.029477792 0.000941593 -0.029478112 -0.011560403 0.999498129
1773839308.002199 0.003920156 0.000325612 -0.029472550 0.001441472 -0.029942036 -0.012037492 0.999478102
1773839308.036716 0.003919477 0.000324821 -0.029465094 0.000485692 -0.030507827 -0.011295166 0.999470592
1773839308.069699 0.003917589 0.000326321 -0.029457994 0.001143071 -0.031279802 -0.012067026 0.999437153
1773839308.104298 0.003916434 0.000326694 -0.029437801 -0.000040971 -0.032348737 -0.011225291 0.999413610
1773839308.136277 0.003913325 0.000326927 -0.029430056 -0.000416477 -0.033475265 -0.012216705 0.999364793
1773839308.168748 0.003912401 0.000326364 -0.029425392 -0.000197911 -0.034718025 -0.012020112 0.999324858
1773839308.202317 0.003914112 0.000328181 -0.029414980 0.000105063 -0.036264036 -0.011266927 0.999278724
1773839308.236228 0.003912902 0.000328155 -0.029409010 0.000112718 -0.036860634 -0.011598993 0.999253094
1773839308.268350 0.003911072 0.000328161 -0.029403210 0.000711195 -0.037399277 -0.011708597 0.999231577
1773839308.301190 0.003911670 0.000329240 -0.029394863 0.000537885 -0.038428698 -0.010866996 0.999202132
1773839308.334722 0.003910292 0.000329402 -0.029388044 0.001060674 -0.039172757 -0.010962323 0.999171793
1773839308.369082 0.003909065 0.000330588 -0.029380489 0.001136949 -0.040011697 -0.010989162 0.999138176
1773839308.402678 0.003906886 0.000329719 -0.029374637 0.000806038 -0.040240258 -0.010857109 0.999130726
1773839308.435217 0.003905254 0.000330383 -0.029366478 0.002187262 -0.040597841 -0.013685703 0.999079466
1773839308.468419 0.003904724 0.000331150 -0.029359184 -0.000379459 -0.039950687 -0.015082424 0.999087751
1773839308.503111 0.003905260 0.000330596 -0.029350104 -0.001739624 -0.039783988 -0.012061724 0.999134004
1773839308.536341 0.003897608 0.000333530 -0.029285667 -0.002429210 -0.040137690 -0.013554637 0.999099255
1773839308.569604 0.003896575 0.000332540 -0.029282367 0.001485746 -0.040920224 -0.013161904 0.999074638
1773839308.602397 0.003897083 0.000334240 -0.029272918 -0.002741383 -0.041432951 -0.013381018 0.999047935
1773839308.636364 0.003895122 0.000333166 -0.029268386 0.001058729 -0.041381400 -0.014704069 0.999034643
1773839308.668261 0.003894508 0.000333751 -0.029261233 -0.001794094 -0.040959090 -0.013502378 0.999067962
1773839308.703105 0.003893592 0.000333912 -0.029254757 0.001381071 -0.040674288 -0.015170677 0.999056339
1773839308.736235 0.003895818 0.000336100 -0.029244412 0.000866576 -0.040891595 -0.011338180 0.999098897
1773839308.769690 0.003893922 0.000334196 -0.029238077 0.003060100 -0.040132493 -0.015584582 0.999068141
1773839308.802164 0.003895202 0.000335914 -0.029230013 0.002297498 -0.039180983 -0.014365828 0.999126196
1773839308.836016 0.003892851 0.000335519 -0.029225294 0.003779505 -0.037483156 -0.014834251 0.999180019
1773839308.870168 0.003891324 0.000335767 -0.029218981 0.003713785 -0.035861544 -0.014531446 0.999244213
1773839308.901564 0.003892116 0.000335999 -0.029209908 0.004814793 -0.035092898 -0.016470250 0.999236703
1773839308.934791 0.003891782 0.000336068 -0.029198866 0.000522231 -0.034765586 -0.010863205 0.999336302
1773839308.969826 0.003887368 0.000339247 -0.029167172 -0.002702149 -0.033236671 -0.015880032 0.999317706
1773839309.003464 0.003885976 0.000339154 -0.029164003 0.007310185 -0.034081861 -0.013185846 0.999305308
1773839309.037635 0.003886876 0.000336917 -0.029179582 0.005094660 -0.034343243 -0.015553834 0.999276042
1773839309.068984 0.003884943 0.000339713 -0.029148391 0.005694153 -0.034016456 -0.015236973 0.999288917
1773839309.101747 0.003883905 0.000340127 -0.029138245 0.005604636 -0.033963330 -0.014386828 0.999303818
1773839309.135625 0.003884368 0.000340230 -0.029130457 0.004139132 -0.033814285 -0.013661825 0.999326169
1773839309.170415 0.003882980 0.000340664 -0.029126188 0.006701127 -0.033558454 -0.014444641 0.999309897
1773839309.202920 0.003883986 0.000339349 -0.029140089 0.006479988 -0.032980189 -0.015684910 0.999311924
1773839309.237730 0.003879706 0.000341900 -0.029109377 0.007047086 -0.031456199 -0.013836376 0.999384522
1773839309.270454 0.003878884 0.000342678 -0.029100424 0.001619281 -0.029148083 -0.018171452 0.999408603
1773839309.303890 0.003878451 0.000340695 -0.029096257 0.003520496 -0.026385494 -0.013742637 0.999551177
1773839309.336206 0.003877899 0.000342105 -0.029087938 0.014652636 -0.027687054 -0.003594045 0.999502778
1773839309.369560 0.003880047 0.000342641 -0.029095044 0.008590078 -0.026724936 -0.013693213 0.999512136
1773839309.403214 0.003874302 0.000342717 -0.029065100 0.002432306 -0.024746237 -0.015973460 0.999563158
1773839309.435836 0.003870743 0.000341471 -0.029057423 0.005758670 -0.024625728 -0.015796045 0.999555349
1773839309.470958 0.003871338 0.000343142 -0.029048139 0.005980432 -0.025522690 -0.015881166 0.999530196
1773839309.502130 0.003870294 0.000342910 -0.029040575 0.005462432 -0.027228761 -0.015052672 0.999500990
1773839309.537912 0.003868838 0.000344381 -0.029031567 0.006244075 -0.029720437 -0.016233055 0.999406934
1773839309.570575 0.003867869 0.000343727 -0.029025262 0.004959448 -0.032052200 -0.014616126 0.999366999
1773839309.602837 0.003865290 0.000345077 -0.029017042 0.002734646 -0.034237146 -0.015030593 0.999296963
1773839309.638254 0.003864473 0.000345489 -0.029007528 0.002673088 -0.036216393 -0.016254446 0.999208212
1773839309.671152 0.003861489 0.000344815 -0.029000392 0.000617469 -0.037412215 -0.014598344 0.999193072
1773839309.703515 0.003861351 0.000346505 -0.028992103 0.001102157 -0.038592365 -0.016609514 0.999116361
1773839309.737571 0.003860753 0.000347319 -0.028988253 -0.001213684 -0.040127091 -0.015509320 0.999073505
1773839309.770613 0.003858482 0.000347945 -0.028979380 -0.000067196 -0.041420896 -0.016201980 0.999010384
1773839309.805825 0.003854921 0.000348194 -0.028967058 -0.000505164 -0.043048527 -0.017061865 0.998927116
1773839309.836508 0.003854199 0.000348335 -0.028956844 -0.002135168 -0.044995472 -0.016924910 0.998841524
1773839309.870289 0.003851362 0.000348690 -0.028949706 -0.001683443 -0.047087073 -0.017323064 0.998739123
1773839309.905244 0.003848765 0.000349650 -0.028921939 -0.004889062 -0.049588799 -0.017498691 0.998604417
1773839309.937812 0.003847648 0.000349788 -0.028914776 -0.002612297 -0.051584806 -0.017910760 0.998504579
1773839309.971547 0.003844547 0.000349715 -0.028907876 -0.003627873 -0.052882873 -0.017060230 0.998448372
1773839310.004825 0.003843812 0.000350297 -0.028898636 -0.005023547 -0.054176088 -0.018068321 0.998355269
1773839310.037117 0.003839853 0.000350963 -0.028889157 -0.005425097 -0.054931451 -0.019170873 0.998291314
1773839310.071210 0.003839748 0.000350166 -0.028880008 -0.006604458 -0.055640198 -0.018904455 0.998250067
1773839310.104733 0.003838960 0.000350503 -0.028873624 -0.006706049 -0.055555504 -0.017472614 0.998280168
1773839310.138739 0.003836732 0.000351293 -0.028862879 -0.005669470 -0.055202276 -0.018030319 0.998296261
1773839310.169711 0.003833432 0.000352254 -0.028854560 -0.005356503 -0.054250702 -0.019023113 0.998331726
1773839310.205822 0.003834184 0.000353426 -0.028849034 -0.005057193 -0.053074095 -0.017340012 0.998427153
1773839310.238281 0.003831097 0.000354936 -0.028839413 -0.001966524 -0.051300466 -0.019564992 0.998489618
1773839310.271841 0.003829384 0.000354613 -0.028830094 -0.004310299 -0.049119230 -0.018813008 0.998606384
1773839310.304261 0.003826870 0.000356848 -0.028819822 -0.002361505 -0.046816900 -0.020149695 0.998697400
1773839310.338624 0.003819873 0.000357321 -0.028776612 -0.004528131 -0.044279177 -0.020800443 0.998792350
1773839310.372302 0.003817055 0.000358386 -0.028769000 -0.004174734 -0.042298596 -0.020647485 0.998882890
1773839310.404782 0.003816947 0.000359198 -0.028760400 -0.004250051 -0.040733524 -0.021012209 0.998940051
1773839310.438530 0.003814873 0.000358835 -0.028752122 -0.001795468 -0.039447706 -0.021528672 0.998988092
1773839310.471679 0.003814529 0.000359942 -0.028742556 -0.002044510 -0.038520344 -0.020440130 0.999046624
1773839310.504933 0.003813418 0.000360528 -0.028733205 -0.001241208 -0.036911819 -0.021916619 0.999077380
1773839310.539151 0.003810483 0.000361261 -0.028724857 -0.003396240 -0.035077672 -0.021110624 0.999155819
1773839310.573359 0.003809759 0.000361843 -0.028717153 -0.001173511 -0.033380732 -0.021908186 0.999201894
1773839310.604043 0.003808700 0.000362179 -0.028708693 -0.001231726 -0.031781137 -0.021263329 0.999267876
1773839310.639377 0.003807684 0.000363358 -0.028699640 -0.000789666 -0.030403215 -0.022173705 0.999291420
1773839310.673197 0.003805885 0.000363480 -0.028691139 -0.002073663 -0.028860461 -0.021550214 0.999348998
1773839310.705476 0.003804899 0.000364432 -0.028682940 -0.000339675 -0.028000446 -0.022581954 0.999352753
1773839310.738832 0.003804773 0.000364187 -0.028670419 -0.000699116 -0.027371259 -0.021620555 0.999391258
1773839310.772005 0.003799267 0.000364500 -0.028649095 -0.000476881 -0.026463987 -0.022747427 0.999390841
1773839310.805916 0.003796637 0.000364789 -0.028641574 -0.000320043 -0.025766183 -0.022407990 0.999416769
1773839310.838156 0.003797879 0.000365533 -0.028629918 0.000141265 -0.025572754 -0.022770554 0.999413610
1773839310.872646 0.003792916 0.000366680 -0.028622806 -0.000663759 -0.024795447 -0.023179296 0.999423563
1773839310.905529 0.003790708 0.000366471 -0.028615274 0.000634672 -0.024161248 -0.022947717 0.999444485
1773839310.938688 0.003791075 0.000366725 -0.028604390 -0.000353259 -0.024200058 -0.022775162 0.999447644
1773839310.972960 0.003788972 0.000368085 -0.028595779 -0.000344986 -0.024090780 -0.023981394 0.999422073
1773839311.005955 0.003788450 0.000368791 -0.028586011 -0.000930011 -0.024405675 -0.023107192 0.999434590
1773839311.038393 0.003786359 0.000368351 -0.028578417 0.000022228 -0.024679020 -0.023863407 0.999410570
1773839311.074120 0.003785733 0.000368888 -0.028569141 -0.000425437 -0.025027057 -0.024061318 0.999397099
1773839311.107081 0.003784762 0.000369070 -0.028559303 -0.000477587 -0.025543762 -0.023357190 0.999400675
1773839311.141119 0.003778391 0.000369306 -0.028554244 -0.000200828 -0.025687532 -0.023543235 0.999392748
1773839311.173871 0.003778704 0.000369752 -0.028543238 -0.000344474 -0.027147066 -0.023357449 0.999358475
1773839311.207230 0.003773508 0.000372328 -0.028519597 0.001005336 -0.029536150 -0.024413370 0.999265015
1773839311.241604 0.003771110 0.000371598 -0.028511636 -0.007719222 -0.032370549 -0.019364173 0.999258518
1773839311.272284 0.003770079 0.000373921 -0.028498920 -0.017372867 -0.035078540 -0.025472373 0.998908818
1773839311.305731 0.003767964 0.000373625 -0.028492313 -0.011958532 -0.042212736 -0.026275119 0.998691499
1773839311.339488 0.003765835 0.000374317 -0.028487230 0.004319789 -0.044594165 -0.015535453 0.998875082
1773839311.373199 0.003763844 0.000374645 -0.028477937 0.001273270 -0.047845263 -0.025579819 0.998526394
1773839311.405961 0.003766912 0.000372913 -0.028499186 -0.010751530 -0.050189648 -0.015913617 0.998555064
1773839311.438848 0.003758148 0.000375601 -0.028460922 -0.010581403 -0.050404206 -0.024787290 0.998365164
1773839311.473574 0.003758019 0.000375030 -0.028453881 0.000148078 -0.052595548 -0.021602165 0.998382211
1773839311.505053 0.003755754 0.000375904 -0.028446615 0.000588852 -0.052087825 -0.025945887 0.998305261
1773839311.540056 0.003752161 0.000375854 -0.028440287 0.000946248 -0.051557537 -0.023033857 0.998403907
1773839311.572771 0.003753955 0.000378120 -0.028429205 0.002616353 -0.051532730 -0.025191668 0.998350084
1773839311.606061 0.003751343 0.000377204 -0.028424084 0.001178785 -0.050381090 -0.024394261 0.998431444
1773839311.639771 0.003746659 0.000378076 -0.028413245 0.002436011 -0.049043361 -0.026315838 0.998446941
1773839311.671815 0.003741397 0.000377856 -0.028390832 0.001708727 -0.047524326 -0.025508305 0.998542845
1773839311.706432 0.003737641 0.000378786 -0.028383942 0.002447097 -0.046049893 -0.026287537 0.998590231
1773839311.738420 0.003737332 0.000378521 -0.028376507 0.002328257 -0.044812787 -0.025633922 0.998663723
1773839311.773563 0.003733281 0.000379775 -0.028370162 0.004589769 -0.043115452 -0.026922114 0.998696744
1773839311.807587 0.003734485 0.000380856 -0.028358035 0.003213030 -0.042272534 -0.025293259 0.998780727
1773839311.840379 0.003730629 0.000381393 -0.028350463 0.003501138 -0.040655266 -0.026362477 0.998819292
1773839311.873461 0.003728163 0.000381274 -0.028342254 0.004638507 -0.039300952 -0.027433921 0.998839974
1773839311.906921 0.003727348 0.000382249 -0.028334016 0.002976324 -0.038074177 -0.025873477 0.998935461
1773839311.940343 0.003724904 0.000380608 -0.028326873 0.005789608 -0.038629901 -0.029067254 0.998813927
1773839311.972633 0.003722955 0.000383084 -0.028317085 -0.003343838 -0.039942287 -0.022711355 0.998938262
1773839312.006837 0.003720410 0.000381930 -0.028305586 -0.012876521 -0.040100321 -0.028585017 0.998703659
1773839312.041312 0.003719226 0.000384162 -0.028301150 0.002653337 -0.043212220 -0.029758859 0.998619080
1773839312.072601 0.003717337 0.000384342 -0.028297514 0.008063931 -0.045031711 -0.017259981 0.998803914
1773839312.106242 0.003713449 0.000384245 -0.028288122 0.003955006 -0.045028985 -0.026687773 0.998621285
1773839312.140880 0.003711427 0.000385309 -0.028270395 0.001710093 -0.045812037 -0.028178655 0.998551071
1773839312.172848 0.003707830 0.000386907 -0.028264033 0.003978971 -0.046244122 -0.028008070 0.998529494
1773839312.209916 0.003705190 0.000387190 -0.028255938 0.001636798 -0.045692619 -0.026163666 0.998611510
1773839312.253131 0.003702847 0.000386327 -0.028250145 0.006466125 -0.046311282 -0.029282190 0.998476803
1773839312.274164 0.003701691 0.000385837 -0.028241035 0.004978680 -0.046641853 -0.028534442 0.998491645
1773839312.306700 0.003697648 0.000386249 -0.028230790 0.003891346 -0.046473444 -0.028676597 0.998500228
1773839312.339683 0.003694837 0.000387071 -0.028223762 0.004198879 -0.046756476 -0.027136769 0.998528779
1773839312.375139 0.003695180 0.000387746 -0.028214047 0.005962557 -0.047718596 -0.027298816 0.998469889
1773839312.406434 0.003691321 0.000388588 -0.028205579 0.005490348 -0.048477799 -0.027935252 0.998418450
1773839312.440697 0.003689643 0.000387577 -0.028200038 0.005956812 -0.049147107 -0.027236015 0.998402357
1773839312.474623 0.003688086 0.000389214 -0.028188139 0.003762988 -0.050825078 -0.024430839 0.998401582
1773839312.505875 0.003684613 0.000389371 -0.028181341 0.002103197 -0.051701434 -0.027133841 0.998291671
1773839312.540945 0.003682560 0.000388248 -0.028173370 0.008279107 -0.054469004 -0.027331347 0.998107016
1773839312.573482 0.003674891 0.000393666 -0.028139653 0.005645242 -0.055982169 -0.027074110 0.998048663
1773839312.607751 0.003672430 0.000393571 -0.028130604 0.005212160 -0.057364032 -0.026440697 0.997989535
1773839312.640860 0.003669789 0.000394104 -0.028122094 0.005708043 -0.058933191 -0.026736319 0.997887492
1773839312.673916 0.003668436 0.000394257 -0.028115595 0.005927121 -0.060313564 -0.026896335 0.997799456
1773839312.708206 0.003665732 0.000394824 -0.028105183 0.006121396 -0.061596643 -0.026029201 0.997742891
1773839312.740106 0.003661894 0.000397778 -0.028099412 0.005128735 -0.061921488 -0.026871420 0.997706056
1773839312.774088 0.003658021 0.000396010 -0.028093843 0.005575456 -0.062413748 -0.026221585 0.997690260
1773839312.808492 0.003659189 0.000397133 -0.028081538 0.005150967 -0.063010804 -0.025109107 0.997683644
1773839312.841099 0.003655840 0.000396654 -0.028072085 0.005959712 -0.063120753 -0.025948765 0.997650743
1773839312.876004 0.003655236 0.000396823 -0.028062470 0.007229232 -0.063322634 -0.025061425 0.997652173
1773839312.908100 0.003653373 0.000397295 -0.028057424 0.006399989 -0.063352980 -0.025233811 0.997651577
1773839312.939760 0.003650312 0.000397648 -0.028049262 0.007200995 -0.063206568 -0.025550837 0.997647345
1773839312.975330 0.003648166 0.000398757 -0.028040472 0.007295117 -0.062731169 -0.024585221 0.997700930
1773839313.007126 0.003643167 0.000396787 -0.028020833 0.007262428 -0.062022783 -0.023729354 0.997766197
1773839313.042343 0.003642690 0.000398881 -0.028011704 0.007077616 -0.060939506 -0.024577543 0.997813761
1773839313.075129 0.003638070 0.000396921 -0.028004808 0.008698221 -0.059691902 -0.024201518 0.997885525
1773839313.108839 0.003639222 0.000398453 -0.028011553 0.011173175 -0.058063362 -0.024156844 0.997958064
1773839313.140571 0.003637712 0.000399501 -0.027987208 0.010252563 -0.057551436 -0.024851521 0.997980535
1773839313.174780 0.003637493 0.000399360 -0.027994042 0.010016673 -0.056012020 -0.023791810 0.998096347
1773839313.208551 0.003633211 0.000399445 -0.027985517 0.008229440 -0.054011740 -0.024505431 0.998205662
1773839313.241744 0.003629718 0.000401088 -0.027964868 0.016247962 -0.054613195 -0.022431733 0.998123348
1773839313.273987 0.003629330 0.000402433 -0.027954884 0.013283916 -0.053661656 -0.023995984 0.998182416
1773839313.308972 0.003626256 0.000399705 -0.027947985 0.014101186 -0.052245498 -0.024098566 0.998243868
1773839313.341891 0.003625666 0.000399070 -0.027953636 0.014362264 -0.050981700 -0.022026768 0.998353362
1773839313.375474 0.003624505 0.000401350 -0.027944570 0.016149003 -0.050147332 -0.023893144 0.998325348
1773839313.407867 0.003623785 0.000402366 -0.027935648 0.016361952 -0.048958126 -0.023431886 0.998391867
1773839313.442199 0.003616816 0.000400486 -0.027915865 0.015963180 -0.047987454 -0.024193915 0.998427272
1773839313.474606 0.003617400 0.000399423 -0.027918369 0.015705606 -0.046931718 -0.023959789 0.998487175
1773839313.508576 0.003609771 0.000401597 -0.027889270 0.014774119 -0.046066701 -0.023209190 0.998559415
1773839313.542069 0.003608821 0.000402450 -0.027879301 0.013715579 -0.045121267 -0.023420870 0.998612761
1773839313.574809 0.003606786 0.000401476 -0.027870853 0.015039467 -0.044807523 -0.024013538 0.998593748
1773839313.607852 0.003603953 0.000402439 -0.027864542 0.016019991 -0.044201978 -0.023991540 0.998606026
1773839313.642591 0.003603291 0.000403941 -0.027854946 0.016117500 -0.044534907 -0.023751665 0.998595357
1773839313.674902 0.003598468 0.000403723 -0.027848380 0.015492662 -0.044784911 -0.024331978 0.998580098
1773839313.707332 0.003598795 0.000404016 -0.027838374 0.014812903 -0.046084382 -0.023673706 0.998547137
1773839313.740725 0.003598502 0.000403784 -0.027830206 0.014621114 -0.047644686 -0.023165561 0.998488605
1773839313.775001 0.003593851 0.000404659 -0.027823653 0.014574192 -0.049427889 -0.023878785 0.998385847
1773839313.809338 0.003592066 0.000405928 -0.027813599 0.014159217 -0.051598676 -0.024002440 0.998278975
1773839313.841124 0.003588845 0.000404497 -0.027806671 0.013451893 -0.053889547 -0.023592271 0.998177528
1773839313.875202 0.003584423 0.000404176 -0.027799828 0.014244153 -0.056221619 -0.023998028 0.998028219
1773839313.907503 0.003586239 0.000405155 -0.027788136 0.012931073 -0.059237152 -0.022287577 0.997911334
1773839313.941469 0.003582549 0.000404395 -0.027781062 0.013190922 -0.061656244 -0.022684075 0.997752428
1773839313.974758 0.003578930 0.000404819 -0.027771102 0.012549271 -0.064016394 -0.022495255 0.997616351
1773839314.008313 0.003575964 0.000404051 -0.027759073 0.011646907 -0.066441745 -0.022450054 0.997469723
1773839314.043461 0.003573006 0.000404284 -0.027749825 0.010144406 -0.068778865 -0.023071609 0.997313499
1773839314.074633 0.003571394 0.000405812 -0.027741875 0.010487942 -0.071145855 -0.022560915 0.997155607
1773839314.108130 0.003569800 0.000405774 -0.027732290 0.011227215 -0.073471166 -0.022928160 0.996970534
1773839314.143424 0.003567684 0.000405657 -0.027725559 0.010003752 -0.075153634 -0.022020077 0.996878624
1773839314.176267 0.003565207 0.000406956 -0.027715582 0.010263165 -0.076477773 -0.022465872 0.996765316
1773839314.209611 0.003562632 0.000407064 -0.027710231 0.010171455 -0.076989010 -0.023602499 0.996700644
1773839314.243664 0.003560590 0.000406526 -0.027702073 0.009095462 -0.077020772 -0.022499403 0.996734083
1773839314.276303 0.003557197 0.000406823 -0.027690247 0.008964079 -0.076838329 -0.023180641 0.996733725
1773839314.309857 0.003555637 0.000408085 -0.027683111 0.007426250 -0.075670950 -0.023147145 0.996836483
1773839314.344476 0.003553386 0.000408316 -0.027675569 0.008230370 -0.074678175 -0.023643762 0.996893406
1773839314.377439 0.003551855 0.000408177 -0.027665345 0.008611424 -0.073339969 -0.021146487 0.997045577
1773839314.408285 0.003551156 0.000407936 -0.027661504 0.008098893 -0.071490392 -0.023346797 0.997135162
1773839314.443263 0.003550729 0.000406585 -0.027655462 0.008660984 -0.069914453 -0.023086397 0.997248173
1773839314.475905 0.003547654 0.000409137 -0.027644170 0.009147344 -0.068226025 -0.022721941 0.997369170
1773839314.509727 0.003542219 0.000408696 -0.027620884 0.010070313 -0.066347830 -0.022997670 0.997480631
1773839314.543586 0.003542145 0.000409121 -0.027612880 0.010999056 -0.064884417 -0.023592155 0.997553229
1773839314.576860 0.003541760 0.000410431 -0.027602822 0.009709745 -0.064627402 -0.019673629 0.997668266
1773839314.609332 0.003538647 0.000411165 -0.027592313 0.008091618 -0.062926710 -0.022734391 0.997726321
1773839314.642924 0.003538024 0.000410638 -0.027585154 0.009026218 -0.062539577 -0.021086052 0.997778893
1773839314.676490 0.003535823 0.000410981 -0.027577274 0.009906989 -0.061983354 -0.020668082 0.997813940
1773839314.709530 0.003536777 0.000411697 -0.027567277 0.008990854 -0.061901908 -0.020552343 0.997830093
1773839314.743084 0.003534124 0.000411473 -0.027562156 0.010133293 -0.062001023 -0.019958427 0.997825027
1773839314.775840 0.003532007 0.000412043 -0.027551491 0.010630472 -0.062835254 -0.020541329 0.997755885
1773839314.810853 0.003529660 0.000410916 -0.027544653 0.010917611 -0.064051308 -0.019865556 0.997689128
1773839314.843062 0.003531689 0.000412520 -0.027530923 0.011630591 -0.065746255 -0.019810626 0.997571886
1773839314.877529 0.003529091 0.000412404 -0.027525110 0.013774962 -0.066823110 -0.019566579 0.997477829
1773839314.909889 0.003528357 0.000412465 -0.027516482 0.014954646 -0.067394733 -0.020365831 0.997406363
1773839314.943685 0.003527189 0.000412636 -0.027506340 0.014657829 -0.067363955 -0.019394735 0.997432232
1773839314.978018 0.003524704 0.000412964 -0.027498752 0.014840323 -0.067125589 -0.019181948 0.997449756
1773839315.009324 0.003525034 0.000412992 -0.027485585 0.013281367 -0.066477083 -0.018200662 0.997533500
1773839315.044128 0.003522163 0.000410685 -0.027458061 0.012192978 -0.065648869 -0.016593199 0.997630298
1773839315.076836 0.003519957 0.000411417 -0.027455514 0.012319945 -0.063997820 -0.016850421 0.997731745
1773839315.109963 0.003518697 0.000411513 -0.027442275 0.012336779 -0.062635981 -0.016046079 0.997831166
1773839315.144609 0.003517007 0.000413108 -0.027431287 0.013134265 -0.060861733 -0.017169032 0.997912109
1773839315.176214 0.003513824 0.000411697 -0.027427139 0.013854782 -0.059366427 -0.016658382 0.998001099
1773839315.210839 0.003511501 0.000411816 -0.027418157 0.014818831 -0.058485843 -0.017675733 0.998021722
1773839315.244366 0.003509731 0.000412714 -0.027413208 0.014790646 -0.057856720 -0.017572949 0.998060644
1773839315.277277 0.003513295 0.000411145 -0.027400633 0.015250812 -0.058388364 -0.016637268 0.998038769
1773839315.309710 0.003509310 0.000411281 -0.027395878 0.013505061 -0.058481909 -0.017025249 0.998051882
1773839315.343518 0.003506336 0.000411196 -0.027390527 0.014250532 -0.059490066 -0.016467923 0.997991323
1773839315.378256 0.003510565 0.000413491 -0.027400522 0.014240166 -0.061437584 -0.015913634 0.997882485
1773839315.409813 0.003508514 0.000413492 -0.027394217 0.014190977 -0.064073481 -0.016570121 0.997706652
1773839315.443602 0.003503064 0.000412752 -0.027367894 0.013288302 -0.067315668 -0.016370345 0.997508943
1773839315.478691 0.003503285 0.000413259 -0.027362481 0.013553221 -0.071054585 -0.016025769 0.997251570
1773839315.510263 0.003502767 0.000412850 -0.027353944 0.013814496 -0.075518765 -0.015774960 0.996923864
1773839315.544522 0.003502962 0.000413040 -0.027340295 0.013823983 -0.081121668 -0.014960065 0.996496022
1773839315.576974 0.003502194 0.000413272 -0.027334055 0.014599955 -0.087654009 -0.015768804 0.995919168
1773839315.610245 0.003502227 0.000414659 -0.027324636 0.013416467 -0.095111817 -0.013637571 0.995282710
1773839315.644647 0.003495624 0.000412455 -0.027325336 0.011897310 -0.103030719 -0.013393240 0.994516850
1773839315.677134 0.003494451 0.000414523 -0.027315838 0.013520802 -0.112573743 -0.012759511 0.993469417
1773839315.712000 0.003495084 0.000414037 -0.027310645 0.014562807 -0.122461654 -0.012299592 0.992290139
1773839315.744864 0.003494322 0.000413091 -0.027305281 0.013038838 -0.132346585 -0.011393257 0.991052270
1773839315.777278 0.003490887 0.000412951 -0.027300170 0.011759128 -0.142244428 -0.011472066 0.989695191
1773839315.811445 0.003489745 0.000414350 -0.027295552 0.011542408 -0.152612954 -0.010740422 0.988160253
1773839315.845608 0.003487823 0.000411463 -0.027296484 0.012614673 -0.162616774 -0.011303767 0.986543894
1773839315.880740 0.003488351 0.000412589 -0.027290758 0.012051632 -0.172749251 -0.010410819 0.984837055
1773839315.912184 0.003486042 0.000414047 -0.027283877 0.011864618 -0.182548016 -0.010559471 0.983068645
1773839315.945385 0.003485530 0.000413702 -0.027278703 0.011022849 -0.192201793 -0.010617716 0.981236041
1773839315.978588 0.003486540 0.000416325 -0.027270544 0.010096967 -0.202008069 -0.009788953 0.979282856
1773839316.011347 0.003486240 0.000412938 -0.027274586 0.010864398 -0.211546302 -0.009923292 0.977257192
1773839316.044890 0.003486387 0.000413606 -0.027297722 0.010984883 -0.221514851 -0.010442941 0.975039184
1773839316.078589 0.003477400 0.000412884 -0.027267575 0.010249731 -0.231939852 -0.009803462 0.972626686
1773839316.112091 0.003477490 0.000411600 -0.027265299 0.010786311 -0.242860392 -0.009867855 0.969951034
1773839316.145168 0.003479207 0.000411077 -0.027263282 0.010801389 -0.254025429 -0.009130485 0.967094123
1773839316.178317 0.003478239 0.000412093 -0.027257863 0.010505647 -0.265341371 -0.008536476 0.964059472
1773839316.212878 0.003476524 0.000408674 -0.027259341 0.010106213 -0.276502937 -0.009047518 0.960917354
1773839316.244706 0.003473922 0.000412982 -0.027250584 0.009810978 -0.288223803 -0.008316969 0.957476676
1773839316.279348 0.003475558 0.000413943 -0.027241193 0.009664953 -0.300784439 -0.007981968 0.953609705
1773839316.312197 0.003472966 0.000409617 -0.027247576 0.009523719 -0.312807113 -0.007507611 0.949739218
1773839316.345400 0.003471034 0.000412944 -0.027236588 0.009778935 -0.325794995 -0.007164172 0.945362687
1773839316.378138 0.003475150 0.000412577 -0.027238622 0.009931991 -0.338981569 -0.006546237 0.940717757
1773839316.412137 0.003475830 0.000409318 -0.027239801 0.009513509 -0.351853937 -0.006234321 0.935985744
1773839316.446167 0.003470593 0.000413757 -0.027230138 0.009965250 -0.364773154 -0.005970645 0.931023896
1773839316.479195 0.003467928 0.000410715 -0.027227722 0.009032850 -0.377575427 -0.005259071 0.925919831
1773839316.511009 0.003467462 0.000400162 -0.027223002 0.009457215 -0.390148491 -0.005760901 0.920685351
1773839316.545659 0.003469136 0.000413190 -0.027219318 0.008329411 -0.403562665 -0.004101186 0.914904892
1773839316.577663 0.003465101 0.000409627 -0.027215580 0.008853720 -0.416553497 -0.003634754 0.909060776
1773839316.613017 0.003464591 0.000409718 -0.027211785 0.008662642 -0.430165857 -0.003314164 0.902702212
1773839316.645411 0.003464027 0.000409347 -0.027213193 0.009651874 -0.443651438 -0.003254995 0.896141529
1773839316.679417 0.003463469 0.000408673 -0.027207457 0.007814830 -0.457133204 -0.002592627 0.889360130
1773839316.713505 0.003465041 0.000411941 -0.027205233 0.009487749 -0.470489442 -0.002358290 0.882351458
1773839316.745970 0.003464899 0.000408373 -0.027210707 0.007737078 -0.482763439 -0.001692267 0.875714958
1773839316.780349 0.003467675 0.000412043 -0.027199958 0.008211774 -0.495843023 -0.001637684 0.868371785
1773839316.812565 0.003468160 0.000409203 -0.027203068 0.007634994 -0.507656574 -0.001370792 0.861524582
1773839316.845478 0.003465892 0.000409570 -0.027199700 0.006624068 -0.519409537 -0.000499676 0.854499578
1773839316.879057 0.003462713 0.000406002 -0.027192686 0.006437807 -0.530807793 -0.001346614 0.847466707
1773839316.913681 0.003462507 0.000406256 -0.027193099 0.007275676 -0.541728497 -0.000110857 0.840522051
1773839316.947672 0.003461193 0.000407881 -0.027188353 0.006282686 -0.552297413 -0.000290265 0.833623409
1773839316.981021 0.003464154 0.000403559 -0.027193271 0.005074837 -0.561929941 0.000322847 0.827169180
1773839317.013480 0.003468496 0.000400397 -0.027194981 0.003644163 -0.571384788 0.000690109 0.820673943
1773839317.046427 0.003461620 0.000399511 -0.027186416 0.003862415 -0.579834402 0.001262985 0.814724267
1773839317.079882 0.003460300 0.000395805 -0.027189160 0.003723899 -0.587083340 0.001551663 0.809516490
1773839317.112223 0.003463704 0.000393172 -0.027186807 0.003190839 -0.594481170 0.000726880 0.804102898
1773839317.146067 0.003464118 0.000395171 -0.027183454 0.002643596 -0.601339757 0.002480936 0.798985243
1773839317.179628 0.003465025 0.000390351 -0.027188165 0.001560735 -0.607266068 0.001685767 0.794495225
1773839317.212627 0.003454403 0.000395422 -0.027181188 0.002651312 -0.612990260 0.001526282 0.790084600
1773839317.246814 0.003453532 0.000396313 -0.027180806 0.002197339 -0.618793190 0.001798674 0.785548806
1773839317.279702 0.003459021 0.000391492 -0.027180426 0.002017406 -0.624801993 0.001771946 0.780778646
1773839317.313553 0.003466201 0.000379403 -0.027178947 0.000785264 -0.630801618 0.001311340 0.775942624
1773839317.346090 0.003456656 0.000390402 -0.027178735 0.001716888 -0.635752738 0.002506220 0.771886766
1773839317.379898 0.003458925 0.000391876 -0.027177287 0.002195529 -0.640915632 0.001879613 0.767605841
1773839317.413557 0.003450119 0.000392822 -0.027169356 0.001514596 -0.645616770 0.002603221 0.763655663
1773839317.445524 0.003464174 0.000384058 -0.027179657 0.001364095 -0.649916589 0.001998225 0.760001719
1773839317.480076 0.003461600 0.000388684 -0.027176159 0.001259120 -0.654067636 0.002179001 0.756431937
1773839317.511711 0.003436073 0.000362399 -0.027186446 0.000219052 -0.656790674 0.000944433 0.754072368
1773839317.547325 0.003433077 0.000365270 -0.027182017 -0.001034659 -0.660645247 0.000703470 0.750697255
1773839317.580410 0.003428727 0.000361456 -0.027183553 -0.000205786 -0.664329886 0.000861770 0.747438967
1773839317.613988 0.003447666 0.000365136 -0.027186543 -0.000352556 -0.668519795 0.000836963 0.743693829
1773839317.646194 0.003427885 0.000362990 -0.027181253 -0.000245299 -0.671553195 0.000766139 0.740955949
1773839317.678873 0.003427221 0.000362746 -0.027182978 -0.000775689 -0.674504876 0.001359379 0.738268793
1773839317.713933 0.003435137 0.000364479 -0.027184019 0.000159264 -0.677898645 0.001423103 0.735154033
1773839317.746380 0.003430536 0.000360942 -0.027180996 -0.000201609 -0.680580497 0.001405578 0.732671976
1773839317.781130 0.003435692 0.000363476 -0.027183846 -0.000715360 -0.683278143 0.001435288 0.730156422
1773839317.812328 0.003437490 0.000364290 -0.027184421 -0.000647960 -0.686064959 0.001154544 0.727539062
1773839317.847020 0.003429189 0.000363404 -0.027182119 -0.000751867 -0.688854694 0.001713614 0.724897027
1773839317.880466 0.003432317 0.000363351 -0.027184084 -0.001005226 -0.691527903 0.002250130 0.722345531
1773839317.913472 0.003429706 0.000363250 -0.027184632 -0.000110531 -0.694439650 0.002243978 0.719547510
1773839317.947372 0.003451104 0.000368928 -0.027170075 -0.000412959 -0.699205160 0.002381828 0.714916945
1773839317.980758 0.003447608 0.000371717 -0.027169686 -0.000353527 -0.702426255 0.003225853 0.711749136
1773839318.014268 0.003448877 0.000373736 -0.027170524 0.000253507 -0.705490589 0.001815818 0.708716869
1773839318.047432 0.003445472 0.000370585 -0.027169559 -0.000371473 -0.708610535 0.002605542 0.705594897
1773839318.080901 0.003443651 0.000370732 -0.027167441 -0.000484264 -0.711751342 0.003164073 0.702424169
1773839318.116465 0.003443522 0.000371267 -0.027168095 -0.000873451 -0.714388251 0.003452077 0.699740469
1773839318.149023 0.003438806 0.000371061 -0.027166435 -0.000873511 -0.716619313 0.003019527 0.697457433
1773839318.180929 0.003441205 0.000368348 -0.027165681 -0.001568664 -0.718852878 0.001594299 0.695158660
1773839318.215199 0.003438126 0.000370787 -0.027164754 0.000073235 -0.721105218 0.004067729 0.692813575
1773839318.248007 0.003440654 0.000371840 -0.027165646 -0.000186293 -0.723138690 0.005089226 0.690684021
1773839318.281669 0.003434596 0.000373054 -0.027162692 0.000864086 -0.724946320 0.004286734 0.688791394
1773839318.314510 0.003439758 0.000366611 -0.027154163 -0.000829579 -0.727057219 0.002646331 0.686571240
1773839318.347906 0.003422526 0.000366826 -0.027158534 0.000147768 -0.727708697 0.003506427 0.685877323
1773839318.379469 0.003419781 0.000365624 -0.027152749 0.000241337 -0.729245782 0.003242311 0.684244096
1773839318.412803 0.003410295 0.000368174 -0.027159872 -0.000096305 -0.729806900 0.003666982 0.683643460
1773839318.447987 0.003420021 0.000359541 -0.027148280 -0.003374341 -0.729877234 0.001055065 0.683569074
1773839318.481246 0.003423279 0.000371828 -0.027147744 -0.007027432 -0.726971567 -0.004882636 0.686614215
1773839318.515529 0.003408245 0.000376121 -0.027156942 -0.002556056 -0.722687602 -0.002709915 0.691164732
1773839318.548045 0.003395985 0.000372516 -0.027153457 0.010522288 -0.720590889 0.007368484 0.693241477
1773839318.581002 0.003398075 0.000373584 -0.027153261 0.005125456 -0.718256950 0.005304815 0.695738852
1773839318.614289 0.003382673 0.000376612 -0.027159167 -0.004994871 -0.716271579 -0.000506294 0.697803557
1773839318.647966 0.003380014 0.000372648 -0.027150406 -0.008088259 -0.715639472 -0.002240583 0.698419452
1773839318.683509 0.003350783 0.000364935 -0.027173474 0.000515902 -0.714100540 0.003119003 0.700036049
1773839318.715087 0.003359627 0.000381471 -0.027165217 0.002051921 -0.715354383 0.004785872 0.698742449
1773839318.748251 0.003367093 0.000368184 -0.027151026 -0.001422945 -0.717723370 0.002433936 0.696322620
1773839318.783301 0.003364288 0.000363524 -0.027142668 -0.002866130 -0.719315588 0.002420996 0.694673240
1773839318.815473 0.003358112 0.000368649 -0.027150426 -0.000885243 -0.719900429 0.002851791 0.694070935
1773839318.847274 0.003364232 0.000364514 -0.027136678 -0.002279702 -0.721160650 0.002679831 0.692758918
1773839318.880674 0.003348326 0.000370758 -0.027145594 -0.001559062 -0.720576227 0.003071791 0.693367183
1773839318.914801 0.003342520 0.000369944 -0.027147118 -0.002293389 -0.720432401 0.001848907 0.693518877
1773839318.947990 0.003342329 0.000363119 -0.027144151 -0.002978083 -0.720804274 0.001286705 0.693131030
1773839318.982001 0.003330259 0.000373781 -0.027151890 -0.001599799 -0.720176160 0.002899094 0.693783343
1773839319.015071 0.003336355 0.000363468 -0.027139215 -0.002361118 -0.720740736 0.001448758 0.693199158
1773839319.048366 0.003329776 0.000365972 -0.027142040 -0.002631092 -0.720021904 0.001890040 0.693943799
1773839319.081702 0.003324308 0.000366572 -0.027136156 -0.002571764 -0.720003724 0.001364495 0.693964124
1773839319.114870 0.003310279 0.000368086 -0.027136510 -0.003458468 -0.719411552 0.002283486 0.694571733
1773839319.147090 0.003300212 0.000372072 -0.027137527 -0.003191797 -0.718886316 0.001895073 0.695117772
1773839319.182084 0.003299304 0.000363704 -0.027133640 -0.004293096 -0.718999863 0.000178946 0.694996953
1773839319.215930 0.003276309 0.000374708 -0.027145304 -0.002947571 -0.717746675 0.001814615 0.696295679
1773839319.248375 0.003266820 0.000374187 -0.027148927 -0.003119256 -0.717512548 0.001240245 0.696537495
1773839319.282047 0.003262518 0.000374542 -0.027148293 -0.002679067 -0.717394352 0.000852325 0.696661651
1773839319.315095 0.003256892 0.000371770 -0.027148895 -0.002545803 -0.717317402 0.000415437 0.696741760
1773839319.349485 0.003247326 0.000372877 -0.027147088 -0.003816221 -0.717303097 -0.000503893 0.696750641
1773839319.381990 0.003243113 0.000374759 -0.027147617 -0.003039472 -0.717580974 0.000251560 0.696468413
1773839319.414761 0.003237192 0.000374311 -0.027145233 -0.003482903 -0.718189359 0.000625273 0.695838630
1773839319.450055 0.003228797 0.000372451 -0.027144577 -0.004213422 -0.719073474 0.000358842 0.694921136
1773839319.483449 0.003221575 0.000373064 -0.027143905 -0.003925181 -0.719912410 -0.000374306 0.694053710
1773839319.517836 0.003215303 0.000372912 -0.027140565 -0.005157626 -0.721326709 0.000077628 0.692575753
1773839319.550309 0.003207880 0.000374164 -0.027142091 -0.003840434 -0.722241938 0.001519099 0.691628098
1773839319.583348 0.003201730 0.000371552 -0.027138425 -0.004036081 -0.723756671 -0.000512095 0.690043271
1773839319.615694 0.003189443 0.000372894 -0.027140073 -0.004061844 -0.724927306 0.000512238 0.688813210
1773839319.648872 0.003182622 0.000375158 -0.027136393 -0.003149285 -0.726557136 0.001857365 0.687096298
1773839319.685029 0.003176681 0.000371941 -0.027136169 -0.003376927 -0.728030205 0.001094941 0.685535789
1773839319.716755 0.003169707 0.000376236 -0.027133498 -0.004349004 -0.729618132 0.001530485 0.683839202
1773839319.750529 0.003161352 0.000376720 -0.027134201 -0.003742113 -0.730976820 0.001694864 0.682389915
1773839319.782808 0.003155437 0.000372405 -0.027132029 -0.004388884 -0.732631147 0.001106040 0.680610776
1773839319.815964 0.003137480 0.000379040 -0.027137166 -0.005019381 -0.733367860 0.001915546 0.679810882
1773839319.849536 0.003130008 0.000373453 -0.027139641 -0.003747592 -0.734697878 0.000768877 0.678383648
1773839319.882051 0.003119154 0.000379600 -0.027136073 -0.005531853 -0.736445546 0.001018020 0.676473439
1773839319.916442 0.003112228 0.000380943 -0.027138714 -0.003786965 -0.737703979 0.001896649 0.675110996
1773839319.950062 0.003103283 0.000381116 -0.027136682 -0.004397328 -0.739057541 0.001182639 0.673627019
1773839319.982232 0.003096920 0.000379927 -0.027136272 -0.004758283 -0.739938498 0.000527649 0.672657490
1773839320.017313 0.003093162 0.000375755 -0.027137851 -0.004373912 -0.740657389 0.000331396 0.671868622
1773839320.050112 0.003084584 0.000377487 -0.027137095 -0.004534708 -0.741326869 0.000669656 0.671128511
1773839320.083606 0.003075714 0.000381251 -0.027135156 -0.003324955 -0.741842806 0.000712179 0.670565248
1773839320.118667 0.003068325 0.000377640 -0.027133182 -0.005297872 -0.741926074 0.000303058 0.670460761
1773839320.151230 0.003063137 0.000375076 -0.027137697 -0.001996200 -0.741188705 0.000357949 0.671293676
1773839320.185068 0.003051311 0.000382053 -0.027135763 -0.005060771 -0.740656018 0.001052042 0.671864510
1773839320.217999 0.003036106 0.000382081 -0.027137715 -0.002532769 -0.739989400 0.001993563 0.672610819
1773839320.251852 0.003028280 0.000384086 -0.027136147 -0.004332226 -0.739615023 0.002348660 0.673012137
1773839320.283376 0.003020309 0.000384449 -0.027134204 -0.002315541 -0.739715755 0.001653104 0.672913432
1773839320.316943 0.003011371 0.000381496 -0.027137367 -0.003144706 -0.738896012 0.001465706 0.673810542
1773839320.350800 0.003000987 0.000384037 -0.027137874 -0.004454562 -0.738490999 0.000547356 0.674248397
1773839320.383560 0.002995074 0.000382475 -0.027138071 -0.003101513 -0.738322377 0.000648432 0.674440563
1773839320.417431 0.002988064 0.000381646 -0.027139243 -0.003894350 -0.738638759 0.002842278 0.674084306
1773839320.450048 0.002978936 0.000384596 -0.027138514 -0.005701657 -0.738344789 0.000545324 0.674399078
1773839320.482320 0.002971241 0.000383060 -0.027137976 0.003330488 -0.738788188 0.002968908 0.673922956
1773839320.516203 0.002959871 0.000386387 -0.027137728 -0.006829990 -0.739256203 0.003452072 0.673380852
1773839320.550096 0.002949942 0.000385919 -0.027140882 -0.007219632 -0.739098489 -0.002253356 0.673554897
1773839320.584704 0.002941197 0.000381443 -0.027141392 -0.004786892 -0.740314960 0.002555878 0.672238231
1773839320.616031 0.002933454 0.000382947 -0.027141780 -0.003539555 -0.740808189 0.002073794 0.671704113
1773839320.650392 0.002925519 0.000386554 -0.027142391 -0.003111180 -0.741199136 0.001457870 0.671276331
1773839320.683837 0.002917222 0.000385227 -0.027141297 -0.003292486 -0.741787851 0.003179190 0.670618951
1773839320.716041 0.002908712 0.000383406 -0.027142175 -0.003304512 -0.742156327 0.002736642 0.670213044
1773839320.751024 0.002901341 0.000382043 -0.027143380 -0.003645361 -0.742204607 0.002256716 0.670159578
1773839320.783919 0.002892568 0.000380467 -0.027145239 -0.004591345 -0.742338419 0.002497672 0.670004725
1773839320.817459 0.002883016 0.000383498 -0.027141947 -0.005051348 -0.742804348 0.002361975 0.669485331
1773839320.850857 0.002874451 0.000386215 -0.027141379 -0.004090465 -0.743013740 0.003283470 0.669255614
1773839320.885701 0.002864763 0.000387901 -0.027142540 -0.003253550 -0.742937207 0.003428879 0.669344485
1773839320.917637 0.002856981 0.000386677 -0.027142558 -0.003004945 -0.743016541 0.003561582 0.669256866
1773839320.949782 0.002849275 0.000383399 -0.027146615 0.000971136 -0.742730439 0.003909884 0.669578433
1773839320.983699 0.002835327 0.000384065 -0.027140290 -0.009094168 -0.743346274 0.003285489 0.668836892
1773839321.017996 0.002824655 0.000384468 -0.027140273 -0.014230528 -0.742372930 -0.003770068 0.669825196
1773839321.050274 0.002816434 0.000385067 -0.027140355 -0.010944246 -0.742372334 -0.003366040 0.669889748
1773839321.084400 0.002810132 0.000388198 -0.027137551 -0.009285523 -0.743137598 0.005835723 0.669048786
1773839321.116351 0.002804154 0.000384411 -0.027141016 -0.002141029 -0.744374335 0.006706117 0.667725503
1773839321.152851 0.002795442 0.000387063 -0.027142519 0.000072089 -0.745224714 0.004412177 0.666798890
1773839321.186913 0.002789940 0.000382659 -0.027140638 0.001905430 -0.746422410 0.007632806 0.665426016
1773839321.219319 0.002781309 0.000380897 -0.027141521 -0.003149355 -0.746871591 0.005780708 0.664935768
1773839321.250732 0.002769567 0.000387434 -0.027138168 -0.005409316 -0.747962475 0.006509364 0.663687050
1773839321.284343 0.002760831 0.000386014 -0.027137633 -0.006589357 -0.748731673 0.004045952 0.662828207
1773839321.318183 0.002752656 0.000386031 -0.027136985 -0.002920960 -0.749761879 0.008466198 0.661647141
1773839321.351122 0.002746157 0.000383340 -0.027138215 -0.000689516 -0.750293076 0.008572607 0.661049426
1773839321.385118 0.002735645 0.000386530 -0.027141025 -0.001537290 -0.749804318 0.004654093 0.661641479
1773839321.418216 0.002725767 0.000386553 -0.027137756 -0.004462391 -0.749532700 0.011115245 0.661858976
1773839321.450460 0.002716128 0.000386939 -0.027138136 -0.002296878 -0.748999715 0.014039014 0.662417531
1773839321.484345 0.002707195 0.000390420 -0.027139900 0.001468323 -0.747706294 0.007742169 0.663982809
1773839321.518500 0.002699690 0.000387501 -0.027140047 -0.000364710 -0.746770978 0.013000974 0.664954066
1773839321.551067 0.002688147 0.000389699 -0.027139759 -0.001675399 -0.745068133 0.006412508 0.666955471
1773839321.585557 0.002680710 0.000388758 -0.027139749 -0.003518978 -0.744001925 0.010271491 0.668089211
1773839321.617837 0.002673527 0.000389486 -0.027139116 0.003464027 -0.743368983 0.012491251 0.668755949
1773839321.651593 0.002664209 0.000389649 -0.027141068 0.003812709 -0.742585003 0.012359078 0.669626951
1773839321.685035 0.002653354 0.000390682 -0.027140833 -0.000658884 -0.742227674 0.010808883 0.670060337
1773839321.718607 0.002645275 0.000388910 -0.027140152 0.001896100 -0.742635369 0.011765032 0.669590056
1773839321.751786 0.002638593 0.000389755 -0.027142111 0.000745062 -0.743227065 0.014983461 0.668871105
1773839321.785503 0.002631353 0.000389535 -0.027145162 0.006387901 -0.744083583 0.012775882 0.667933822
1773839321.817687 0.002621034 0.000386920 -0.027144279 0.000378013 -0.744976461 0.011770197 0.666986763
1773839321.852463 0.002612122 0.000390566 -0.027149497 0.000947940 -0.745693147 0.012196987 0.666177213
1773839321.885376 0.002606670 0.000386837 -0.027155396 0.002240314 -0.746577501 0.013644279 0.665154755
1773839321.918286 0.002597703 0.000390256 -0.027152643 0.003490250 -0.748095632 0.014046813 0.663433075
1773839321.950938 0.002589868 0.000390772 -0.027155655 0.002253821 -0.748955309 0.013992133 0.662468910
1773839321.986523 0.002581087 0.000389812 -0.027158055 0.003104737 -0.749968410 0.013864342 0.661321044
1773839322.019785 0.002573352 0.000391753 -0.027156956 0.003673659 -0.751104116 0.015059226 0.660001755
1773839322.052602 0.002567078 0.000389153 -0.027160227 0.003851395 -0.751655459 0.014662792 0.659381688
1773839322.085144 0.002558540 0.000391300 -0.027159357 0.003303061 -0.752298057 0.015707776 0.658627450
1773839322.118892 0.002551048 0.000387777 -0.027160754 0.004723305 -0.752634823 0.014757668 0.658255816
1773839322.154684 0.002543407 0.000387325 -0.027160762 0.003536098 -0.752849400 0.014933132 0.658013880
1773839322.186803 0.002535319 0.000387528 -0.027165242 0.004484908 -0.752524734 0.015197203 0.658373356
1773839322.217855 0.002525954 0.000390271 -0.027165918 0.005096321 -0.752391100 0.014905386 0.658528328
1773839322.252183 0.002518083 0.000390047 -0.027165856 0.003485534 -0.752021134 0.015196701 0.658954501
1773839322.284669 0.002509102 0.000388012 -0.027166709 0.004715387 -0.751645029 0.015387368 0.659371495
1773839322.318442 0.002500060 0.000391343 -0.027168479 0.005011961 -0.751359165 0.016603110 0.659665585
1773839322.351808 0.002491464 0.000393502 -0.027169220 0.003808594 -0.751121938 0.014187351 0.660000026
1773839322.385633 0.002483320 0.000391702 -0.027168762 0.003551914 -0.751517713 0.015442886 0.659522533
1773839322.420053 0.002475921 0.000389503 -0.027169565 0.002651257 -0.752016604 0.015588431 0.658954501
1773839322.453127 0.002466751 0.000393969 -0.027170306 0.003402670 -0.752728343 0.015789397 0.658133090
1773839322.485264 0.002459341 0.000391294 -0.027172156 0.002884841 -0.753781438 0.015276345 0.656941354
1773839322.520611 0.002450761 0.000393449 -0.027172368 0.002696159 -0.754725337 0.014635473 0.655872107
1773839322.551288 0.002444129 0.000390836 -0.027174145 0.001846195 -0.755346775 0.014015464 0.655172825
1773839322.586394 0.002434535 0.000391826 -0.027172402 0.000215909 -0.756351769 0.014395703 0.654006720
1773839322.619075 0.002426125 0.000392959 -0.027175512 0.000697144 -0.756553829 0.012726767 0.653807163
1773839322.652673 0.002418275 0.000392259 -0.027177108 0.000989822 -0.756518960 0.012626215 0.653849125
1773839322.686339 0.002408427 0.000394240 -0.027174659 -0.000060031 -0.756534398 0.012551164 0.653833449
1773839322.718908 0.002400059 0.000393817 -0.027175352 -0.000987331 -0.755791903 0.011760658 0.654705524
1773839322.751912 0.002392242 0.000394872 -0.027175665 -0.001637698 -0.755141020 0.011193945 0.655464768
1773839322.786147 0.002383659 0.000395057 -0.027175490 -0.001816652 -0.754630923 0.010549756 0.656062126
1773839322.818927 0.002374322 0.000399010 -0.027177474 -0.001026948 -0.753851235 0.010412047 0.656961858
1773839322.853599 0.002367304 0.000401266 -0.027179180 -0.001576802 -0.753145099 0.010204911 0.657773316
1773839322.886427 0.002360046 0.000400730 -0.027177395 -0.001505969 -0.752991021 0.010068331 0.657952011
1773839322.920317 0.002351969 0.000399583 -0.027178045 -0.001741086 -0.752772093 0.008623601 0.658222377
1773839322.951621 0.002342159 0.000404116 -0.027176872 -0.001952146 -0.752675653 0.009152805 0.658325016
1773839322.986121 0.002334368 0.000402630 -0.027179174 -0.002998239 -0.752374828 0.009322608 0.658662438
1773839323.018838 0.002326781 0.000401755 -0.027181728 -0.002410957 -0.752414942 0.009011461 0.658623397
1773839323.053265 0.002319520 0.000401273 -0.027183192 -0.002364906 -0.752699375 0.007972274 0.658311784
1773839323.087128 0.002310367 0.000408554 -0.027180374 -0.002719776 -0.753729820 0.009767669 0.657106221
1773839323.119484 0.002303048 0.000396714 -0.027184173 -0.003263445 -0.754179537 0.008387030 0.656606615
1773839323.153385 0.002295719 0.000400678 -0.027185051 -0.004580285 -0.755267084 0.008606602 0.655344665
1773839323.186406 0.002287833 0.000403004 -0.027185736 -0.003595579 -0.756607950 0.008669697 0.653801441
1773839323.218801 0.002279606 0.000398956 -0.027185194 -0.003438267 -0.758241832 0.008761764 0.651905477
1773839323.253360 0.002271397 0.000400749 -0.027188567 -0.004538818 -0.759511828 0.008991408 0.650415540
1773839323.286787 0.002264491 0.000399959 -0.027190486 -0.004951608 -0.760665357 0.009589986 0.649054527
1773839323.321170 0.002256090 0.000404595 -0.027192511 -0.003153825 -0.761508942 0.010093441 0.648068190
1773839323.354696 0.002249212 0.000403366 -0.027196120 -0.004004743 -0.762050807 0.009895666 0.647429228
1773839323.387403 0.002241844 0.000401346 -0.027198056 -0.003946546 -0.762477517 0.009568429 0.646931887
1773839323.421434 0.002232671 0.000398800 -0.027198119 -0.003994461 -0.763227701 0.010456880 0.646032691
1773839323.454039 0.002226531 0.000401657 -0.027201585 -0.003957158 -0.763140142 0.010076498 0.646142364
1773839323.487528 0.002216326 0.000404552 -0.027198065 -0.004827211 -0.763239026 0.011843086 0.645989656
1773839323.521234 0.002208417 0.000405733 -0.027204012 -0.004761111 -0.761613071 0.004788586 0.647996843
1773839323.554542 0.002202065 0.000402375 -0.027202219 -0.010407544 -0.760898411 0.008708688 0.648729086
1773839323.588842 0.002196672 0.000407116 -0.027204491 -0.004771931 -0.761319220 0.020874765 0.648023546
1773839323.620565 0.002187464 0.000404059 -0.027205490 0.000158035 -0.761126816 0.009713428 0.648530304
1773839323.654165 0.002182280 0.000403586 -0.027208643 -0.001828065 -0.760606289 0.013425773 0.649071991
1773839323.687430 0.002171095 0.000397573 -0.027212625 -0.005585032 -0.761593223 0.008268542 0.647978604
1773839323.721530 0.002164220 0.000403713 -0.027213369 -0.013304272 -0.763352931 0.005585750 0.645820439
1773839323.754715 0.002154349 0.000400231 -0.027211219 -0.016694592 -0.765454829 -0.001308708 0.643271685
1773839323.787473 0.002152342 0.000400853 -0.027214807 -0.007715600 -0.768149674 0.009138358 0.640158594
1773839323.820051 0.002148065 0.000410175 -0.027215919 0.013588482 -0.770950139 0.014993090 0.636573970
1773839323.854531 0.002139486 0.000408276 -0.027219921 0.015195466 -0.771954477 0.010534548 0.635408878
1773839323.886798 0.002129202 0.000405869 -0.027220968 -0.000579691 -0.771809161 0.011557460 0.635748982
1773839323.919861 0.002121544 0.000408501 -0.027220370 -0.007557803 -0.772323966 0.009005836 0.635120034
1773839323.954832 0.002116680 0.000403463 -0.027221922 -0.002347980 -0.772645354 0.013381290 0.634692550
1773839323.986621 0.002108049 0.000407853 -0.027224287 -0.000875772 -0.772752047 0.011897132 0.634595871
1773839324.023287 0.002099987 0.000409358 -0.027225507 -0.002649726 -0.773177028 0.012885030 0.634053826
1773839324.056546 0.002093962 0.000407733 -0.027226087 -0.000975123 -0.773963630 0.012085196 0.633113980
1773839324.089557 0.002086095 0.000407064 -0.027227012 -0.007345601 -0.775137186 0.010114166 0.631669283
1773839324.121115 0.002078971 0.000409955 -0.027230991 -0.008449511 -0.775319874 0.002665606 0.631506562
1773839324.156041 0.002076338 0.000408405 -0.027236359 -0.000377923 -0.776343822 0.015147313 0.630127549
1773839324.187308 0.002068544 0.000407674 -0.027233247 -0.003626806 -0.777714014 0.018621717 0.628331900
1773839324.221590 0.002060230 0.000409339 -0.027236763 -0.002555638 -0.778314650 0.009938286 0.627790570
1773839324.254884 0.002053038 0.000409481 -0.027235832 -0.002039746 -0.779736698 0.012044918 0.625988424
1773839324.288651 0.002046218 0.000412540 -0.027236171 -0.000888703 -0.780538201 0.011514648 0.625001371
1773839324.321388 0.002039739 0.000409252 -0.027237527 -0.002840195 -0.781065047 0.010682965 0.624351919
1773839324.354570 0.002033644 0.000413544 -0.027239516 -0.000582240 -0.781692386 0.012269051 0.623543203
1773839324.388237 0.002027615 0.000409309 -0.027242089 -0.001130355 -0.782258928 0.011380814 0.622848392
1773839324.423108 0.002019841 0.000413632 -0.027243890 -0.002002748 -0.782995522 0.011646624 0.621915042
1773839324.456310 0.002012385 0.000416681 -0.027243722 -0.001434190 -0.784000397 0.011263075 0.620656490
1773839324.488012 0.002004532 0.000410226 -0.027244864 -0.000738429 -0.784783006 0.009930408 0.619690657
1773839324.522309 0.001997036 0.000411034 -0.027248276 -0.003229497 -0.785232186 0.009860784 0.619114518
1773839324.554621 0.001990307 0.000409641 -0.027251394 -0.001521354 -0.785899639 0.010507671 0.618262887
1773839324.589103 0.001981663 0.000412893 -0.027252741 -0.002261070 -0.786535740 0.011557248 0.617432535
1773839324.622143 0.001975037 0.000412380 -0.027255051 -0.001646133 -0.786745071 0.011700791 0.617164969
1773839324.657024 0.001967460 0.000412794 -0.027256314 -0.002570207 -0.787043750 0.011329110 0.616787791
1773839324.689634 0.001960520 0.000412582 -0.027256304 -0.001684542 -0.787360430 0.011681371 0.616380036
1773839324.723091 0.001953528 0.000418573 -0.027261460 -0.000767688 -0.787046969 0.011907357 0.616777658
1773839324.756569 0.001946279 0.000423429 -0.027262518 -0.001536350 -0.787254930 0.013412675 0.616479874
1773839324.788731 0.001939799 0.000419853 -0.027263980 0.000338293 -0.787452698 0.012186448 0.616254508
1773839324.822114 0.001931727 0.000421843 -0.027267501 0.000070144 -0.787609577 0.012491547 0.616047919
1773839324.855071 0.001924215 0.000422416 -0.027270468 -0.000565876 -0.788327098 0.012472739 0.615129650
1773839324.888225 0.001918664 0.000420845 -0.027274374 -0.000139300 -0.788712800 0.011879562 0.614647031
1773839324.922237 0.001911155 0.000427851 -0.027275471 0.003429408 -0.789570093 0.013560821 0.613500953
1773839324.955649 0.001903127 0.000420814 -0.027277946 0.000613402 -0.790189028 0.012738419 0.612730503
1773839324.988822 0.001897292 0.000423092 -0.027280699 0.001653354 -0.790787220 0.013139629 0.611947834
1773839325.022993 0.001891007 0.000423358 -0.027284935 0.001851146 -0.791299939 0.012906286 0.611289144
1773839325.054743 0.001882749 0.000424872 -0.027286099 0.002084931 -0.791803658 0.012882871 0.610636294
1773839325.088458 0.001876935 0.000424124 -0.027290812 0.001946534 -0.791910589 0.012535434 0.610505223
1773839325.122374 0.001867478 0.000419785 -0.027290944 0.002101410 -0.792429686 0.012435299 0.609832764
1773839325.155935 0.001861335 0.000420581 -0.027295046 0.002476822 -0.792381406 0.012936488 0.609883726
1773839325.192153 0.001854835 0.000421755 -0.027297912 0.002027819 -0.792310119 0.012835807 0.609980166
1773839325.222331 0.001846971 0.000420491 -0.027300900 0.002857654 -0.792254329 0.012922421 0.610047340
1773839325.256837 0.001839302 0.000420683 -0.027300870 0.001579691 -0.792501390 0.012377251 0.609742463
1773839325.288505 0.001833749 0.000420286 -0.027306447 0.003727169 -0.792253792 0.012877548 0.610044479
1773839325.322878 0.001826786 0.000419416 -0.027306903 0.002168401 -0.792495668 0.013180693 0.609731138
1773839325.357054 0.001818479 0.000421802 -0.027308930 0.002345070 -0.792225182 0.013440544 0.610076308
1773839325.387882 0.001812346 0.000418581 -0.027313245 0.003679228 -0.792142212 0.013299074 0.610180557
1773839325.423834 0.001805685 0.000418304 -0.027316777 0.000689982 -0.792099953 0.011339174 0.610285699
1773839325.455473 0.001798561 0.000418934 -0.027318943 0.003349047 -0.792209983 0.012744342 0.610106289
1773839325.489625 0.001790871 0.000416380 -0.027320374 0.002493188 -0.792472184 0.012621694 0.609772325
1773839325.523673 0.001782775 0.000419641 -0.027323483 0.001807974 -0.792674720 0.013591792 0.609490573
1773839325.556559 0.001776378 0.000419853 -0.027325513 0.002301087 -0.793025851 0.013658903 0.609030426
1773839325.589267 0.001767307 0.000424969 -0.027328856 0.002314051 -0.793252289 0.013769376 0.608732939
1773839325.622867 0.001759803 0.000425024 -0.027331354 0.002530873 -0.793483198 0.013193378 0.608443856
1773839325.656268 0.001752019 0.000423168 -0.027332943 0.002384797 -0.793696165 0.013353255 0.608163118
1773839325.689368 0.001744116 0.000426110 -0.027335983 0.002423824 -0.793701530 0.012969472 0.608164310
1773839325.723172 0.001736369 0.000425441 -0.027338231 0.001020659 -0.793573022 0.012397747 0.608347833
1773839325.757213 0.001729280 0.000423021 -0.027341057 0.000868097 -0.793376505 0.012007046 0.608612120
1773839325.789051 0.001722841 0.000425559 -0.027345583 0.002046419 -0.792815328 0.012805733 0.609323978
1773839325.822854 0.001714811 0.000427035 -0.027348313 0.001958619 -0.792569697 0.012844857 0.609642923
1773839325.856107 0.001707705 0.000426970 -0.027350331 0.002868411 -0.792296767 0.012321533 0.610004783
1773839325.889802 0.001700289 0.000429680 -0.027351605 0.001951160 -0.791950762 0.012392399 0.610455990
1773839325.923799 0.001692756 0.000423724 -0.027353972 0.001028005 -0.791496217 0.010416411 0.611084402
1773839325.956940 0.001684963 0.000424968 -0.027356623 0.000638569 -0.790743768 0.009656366 0.612070739
1773839325.990299 0.001678320 0.000425534 -0.027360305 -0.000391954 -0.789568901 0.010858018 0.613565683
1773839326.023665 0.001671020 0.000424127 -0.027360350 -0.000053323 -0.788732886 0.009360572 0.614664793
1773839326.055957 0.001664231 0.000429581 -0.027364310 0.000507972 -0.787542820 0.009579567 0.616185188
1773839326.089893 0.001656667 0.000427420 -0.027366888 0.000404410 -0.786522985 0.008813760 0.617497921
1773839326.123829 0.001649529 0.000428259 -0.027368968 -0.001653882 -0.785872698 0.008208469 0.618331611
1773839326.155909 0.001642816 0.000427016 -0.027370302 -0.000751104 -0.785395324 0.007868016 0.618943930
1773839326.193447 0.001635835 0.000428575 -0.027372181 -0.000614288 -0.784680426 0.007038404 0.619860113
1773839326.225750 0.001629661 0.000427271 -0.027375227 -0.001454384 -0.784045041 0.006854109 0.620664418
1773839326.258331 0.001622073 0.000428686 -0.027376691 -0.001308780 -0.783665597 0.007086902 0.621141076
1773839326.290693 0.001615039 0.000431401 -0.027379392 -0.002391952 -0.783009291 0.007022723 0.621965766
1773839326.324976 0.001608693 0.000433293 -0.027381936 -0.001933676 -0.782704949 0.007212205 0.622348130
1773839326.359225 0.001602295 0.000432842 -0.027385183 -0.001325616 -0.782438040 0.007036535 0.622687221
1773839326.389920 0.001595901 0.000432770 -0.027387606 -0.001767716 -0.782240033 0.005772918 0.622947872
1773839326.424057 0.001589740 0.000431912 -0.027388833 -0.002727585 -0.782269955 0.006482264 0.622899890
1773839326.458061 0.001583713 0.000430029 -0.027390957 -0.001830858 -0.782310665 0.006384898 0.622853100
1773839326.491127 0.001577667 0.000429682 -0.027393702 -0.002521498 -0.782314479 0.005641275 0.622853100
1773839326.525838 0.001573142 0.000431574 -0.027397312 -0.002208106 -0.782449007 0.006622404 0.622675538
1773839326.557833 0.001566869 0.000435335 -0.027398536 -0.001703773 -0.783077002 0.007020947 0.621882796
1773839326.591951 0.001562459 0.000429456 -0.027400196 -0.003188924 -0.783724666 0.005640573 0.621074677
1773839326.624361 0.001556220 0.000430698 -0.027402364 -0.003736266 -0.784593463 0.004524981 0.619982898
1773839326.658261 0.001551001 0.000430586 -0.027403818 -0.003276495 -0.785400271 0.005862867 0.618951797
1773839326.692423 0.001546127 0.000430537 -0.027406555 -0.003759291 -0.785924971 0.005693022 0.618284166
1773839326.723282 0.001541981 0.000433945 -0.027409583 -0.001970685 -0.786422372 0.006993275 0.617646277
1773839326.757897 0.001536909 0.000432288 -0.027411954 -0.002224125 -0.786907256 0.006322221 0.617034853
1773839326.791126 0.001532465 0.000430416 -0.027412424 -0.003760223 -0.787419081 0.006906435 0.616367817
1773839326.825216 0.001528422 0.000433288 -0.027415961 -0.001329175 -0.787558675 0.007973428 0.616186678
1773839326.856272 0.001523786 0.000433714 -0.027418619 -0.002417943 -0.787600696 0.007211045 0.616138995
1773839326.891184 0.001518412 0.000431876 -0.027418194 -0.003243049 -0.787695348 0.006823343 0.616018593
1773839326.925511 0.001514653 0.000432554 -0.027421469 -0.002773128 -0.786847115 0.006886023 0.617103338
1773839326.956464 0.001510621 0.000431732 -0.027424159 -0.002932627 -0.785992384 0.007584315 0.618182719
1773839326.991338 0.001506105 0.000433248 -0.027424933 -0.001617534 -0.785126150 0.008116442 0.619280577
1773839327.025028 0.001501585 0.000433475 -0.027427416 -0.002157588 -0.784333766 0.007851176 0.620285630
1773839327.057660 0.001496688 0.000432028 -0.027428532 -0.003379443 -0.783909976 0.007298262 0.620822370
1773839327.090572 0.001493552 0.000430878 -0.027429145 -0.002799155 -0.783933043 0.007194382 0.620797336
1773839327.126610 0.001489393 0.000433104 -0.027431833 -0.003332492 -0.783649623 0.007059274 0.621154070
1773839327.159602 0.001485952 0.000435355 -0.027433753 -0.001681155 -0.783643425 0.008210106 0.621154308
1773839327.191370 0.001481588 0.000435989 -0.027433479 -0.002310087 -0.784258783 0.008678851 0.620368838
1773839327.253675 0.001477818 0.000437046 -0.027434381 -0.001888898 -0.785232723 0.008649707 0.619137466
1773839327.376895 0.001464820 0.000437622 -0.027442146 -0.002372628 -0.794362247 0.008035345 0.607386649
1773839327.391717 0.001461637 0.000438690 -0.027442170 -0.002853738 -0.798150539 0.008870958 0.602386057
1773839327.425460 0.001458665 0.000440567 -0.027443724 -0.002022837 -0.802178442 0.009418605 0.597006679
1773839327.459111 0.001455531 0.000436624 -0.027445899 -0.003497996 -0.806523442 0.008848149 0.591125607
1773839327.492361 0.001453697 0.000440157 -0.027448129 -0.002929071 -0.811161339 0.009747101 0.584733963
1773839327.525617 0.001450549 0.000440063 -0.027449762 -0.003117933 -0.816062570 0.009298458 0.577880383
1773839327.560011 0.001448676 0.000440814 -0.027452668 -0.004217715 -0.820735276 0.008898966 0.571223736
1773839327.594804 0.001444612 0.000437831 -0.027452173 -0.003553916 -0.826016128 0.009348794 0.563557625
1773839327.625669 0.001441235 0.000445221 -0.027452914 -0.003193767 -0.831351519 0.010572671 0.555637181
1773839327.659587 0.001438427 0.000445895 -0.027454939 -0.002298946 -0.836588562 0.010672602 0.547722876
1773839327.692272 0.001435657 0.000444967 -0.027455729 -0.002396538 -0.842025697 0.010981043 0.539320171
1773839327.725861 0.001433656 0.000446171 -0.027457632 -0.002744789 -0.847244084 0.011096464 0.531080782
1773839327.759929 0.001431683 0.000445476 -0.027458433 -0.003884660 -0.852425575 0.011540662 0.522706866
1773839327.792045 0.001429336 0.000445545 -0.027461099 -0.004118965 -0.857361555 0.011562385 0.514568210
1773839327.830508 0.001426578 0.000445734 -0.027461445 -0.003392007 -0.862482011 0.012140071 0.505930722
1773839327.857982 0.001426651 0.000444818 -0.027464001 0.003569384 0.867097855 -0.012694489 -0.497963250
1773839327.892692 0.001422578 0.000446303 -0.027464498 0.003082749 0.872089148 -0.012580520 -0.489175588
1773839327.931690 0.001422746 0.000450369 -0.027466245 0.002965923 0.876653135 -0.013716388 -0.480918199
1773839327.958904 0.001419189 0.000455313 -0.027466433 0.002934302 0.881555200 -0.014643962 -0.471844584
1773839327.997185 0.001417056 0.000450061 -0.027468339 0.003626612 0.886044800 -0.014092730 -0.463371247
1773839328.024570 0.001413983 0.000454714 -0.027472671 0.002244910 0.890291929 -0.015597480 -0.455117524
1773839328.064578 0.001410833 0.000450852 -0.027472289 0.004502870 0.894926369 -0.014904448 -0.445942134
1773839328.092481 0.001410366 0.000455094 -0.027474239 0.003549516 0.899306357 -0.015808836 -0.437018961
1773839328.124747 0.001409022 0.000457194 -0.027477555 0.003373813 0.903611958 -0.016916426 -0.428004593
1773839328.164224 0.001404163 0.000455103 -0.027474161 0.003132926 0.908736587 -0.016628707 -0.417026967
1773839328.193626 0.001401324 0.000456124 -0.027476836 0.004130730 0.913145542 -0.017144131 -0.407252073
1773839328.230756 0.001401030 0.000457314 -0.027478937 0.003739609 0.917435467 -0.017486310 -0.397482604
1773839328.260297 0.001396493 0.000456723 -0.027479161 0.004516392 0.921936154 -0.017654231 -0.386913031
1773839328.294255 0.001397806 0.000458410 -0.027481923 0.005408213 0.925931215 -0.018235480 -0.377212971
1773839328.334697 0.001394033 0.000458399 -0.027483612 0.005418405 0.930179477 -0.018859666 -0.366580367
1773839328.359217 0.001394114 0.000459005 -0.027485814 0.004468222 0.934140384 -0.019513352 -0.356343955
1773839328.394231 0.001392635 0.000453272 -0.027488116 0.006057851 0.937993050 -0.018898761 -0.346085429
1773839328.425718 0.001390875 0.000462486 -0.027491415 0.004363188 0.941731334 -0.020348690 -0.335721523
1773839328.459493 0.001391903 0.000461018 -0.027495196 0.005426952 0.945149720 -0.020447059 -0.325951666
1773839328.495757 0.001388651 0.000462865 -0.027495660 0.004777469 0.948937058 -0.020450680 -0.314765751
1773839328.528379 0.001380441 0.000461966 -0.027493633 0.005412660 0.952922523 -0.020599715 -0.302464992
1773839328.560548 0.001380409 0.000461782 -0.027497374 0.005593250 0.956125915 -0.021409372 -0.292119175
1773839328.593763 0.001375969 0.000461073 -0.027495474 0.006084778 0.959743440 -0.021558953 -0.279983521
1773839328.625892 0.001373029 0.000461334 -0.027499527 0.006596580 0.963013232 -0.021524783 -0.268511832
1773839328.661163 0.001370758 0.000455472 -0.027493130 0.008060558 0.966490507 -0.021721702 -0.255654514
1773839328.694638 0.001368739 0.000462320 -0.027496994 0.007591945 0.969379723 -0.022045840 -0.244457081
1773839328.729738 0.001364201 0.000461520 -0.027496397 0.007914185 0.972339749 -0.021649526 -0.232430637
1773839328.760755 0.001363501 0.000463582 -0.027499447 0.008139413 0.974858284 -0.022484101 -0.221539050
1773839328.793952 0.001362721 0.000462856 -0.027503230 0.007821104 0.977179706 -0.022749232 -0.211047679
1773839328.829262 0.001363749 0.000453054 -0.027507216 0.009771408 0.979267836 -0.021701191 -0.201166809
1773839328.861234 0.001353888 0.000462572 -0.027501823 0.007738127 0.981807351 -0.022354374 -0.188400477
1773839328.894694 0.001356521 0.000460032 -0.027509734 0.009066684 0.983344615 -0.022619532 -0.180109724
1773839328.927145 0.001353852 0.000459176 -0.027510490 0.009249894 0.985064745 -0.022129821 -0.170505643
1773839328.960470 0.001350882 0.000464297 -0.027507570 0.008676913 0.986688256 -0.023092708 -0.160741076
1773839328.993982 0.001344437 0.000464871 -0.027506646 0.009228224 0.988219202 -0.022807866 -0.151054442
1773839329.029241 0.001348237 0.000462060 -0.027510680 0.009376638 0.989309967 -0.022278449 -0.143810719
1773839329.063880 0.001339756 0.000466546 -0.027511537 0.010058584 0.990584314 -0.023310009 -0.134529442
1773839329.094508 0.001340507 0.000467717 -0.027516391 0.010371586 0.991596162 -0.024475925 -0.126611188
1773839329.127103 0.001343659 0.000458187 -0.027511753 0.010965236 0.992743731 -0.021868769 -0.117734373
1773839329.161747 0.001333762 0.000463267 -0.027513936 0.011270210 0.993790209 -0.023858134 -0.108096249
1773839329.193236 0.001328826 0.000456333 -0.027511831 0.011777353 0.994800568 -0.021546559 -0.098837517
1773839329.226603 0.001333860 0.000466273 -0.027516259 0.010974675 0.995424807 -0.023723999 -0.091903344
1773839329.262315 0.001330487 0.000463928 -0.027519345 0.011722269 0.996104002 -0.023837084 -0.084090233
1773839329.296178 0.001332618 0.000468399 -0.027522214 0.011678444 0.996627092 -0.024529388 -0.077436335
1773839329.328657 0.001325247 0.000472583 -0.027523698 0.010922905 0.997257292 -0.024192093 -0.069089688
1773839329.360335 0.001323541 0.000469233 -0.027528321 0.010632010 0.997716486 -0.023864096 -0.062283911
1773839329.397193 0.001322843 0.000468516 -0.027530169 0.011877394 0.998114169 -0.023757838 -0.055341247
1773839329.427843 0.001322248 0.000468447 -0.027527783 0.011360862 0.998506844 -0.023472710 -0.048001245
1773839329.464386 0.001322638 0.000469443 -0.027532917 0.011662385 0.998774111 -0.023551358 -0.041947205
1773839329.496558 0.001323424 0.000468533 -0.027531078 0.011965475 0.999010384 -0.023988014 -0.035491362
1773839329.527217 0.001320247 0.000469515 -0.027530024 0.012991684 0.999227881 -0.023905164 -0.028344655
1773839329.561032 0.001320818 0.000470125 -0.027534898 0.011822148 0.999376953 -0.024294926 -0.022709200
1773839329.594148 0.001320690 0.000469618 -0.027533853 0.012911299 0.999499381 -0.024019513 -0.016043559
1773839329.628585 0.001320552 0.000470040 -0.027534768 0.012106383 0.999593437 -0.023986176 -0.009542532
1773839329.660522 0.001311036 0.000470774 -0.027540375 0.012592588 0.999619961 -0.024413396 -0.002322306
1773839329.694920 0.001305971 0.000465086 -0.027540093 0.013579872 0.999641657 -0.022674035 0.004245555
1773839329.730703 0.001310328 0.000465195 -0.027542744 0.013885251 0.999602199 -0.022914104 0.008808785
1773839329.762784 0.001312242 0.000465453 -0.027544830 0.013673767 0.999574184 -0.022196107 0.013107276
1773839329.796464 0.001311931 0.000468660 -0.027547628 0.014395253 0.999475121 -0.022882553 0.017850634
1773839329.828403 0.001309350 0.000469950 -0.027547942 0.013931761 0.999358058 -0.023712002 0.022958793
1773839329.861217 0.001309664 0.000470942 -0.027550422 0.013058001 0.999252915 -0.024132323 0.027216656
1773839329.895918 0.001313248 0.000468337 -0.027548168 0.012935157 0.999179959 -0.023735829 0.030144336
1773839329.927381 0.001314313 0.000465990 -0.027552407 0.013288276 0.999089003 -0.022989875 0.033407256
1773839329.961319 0.001307324 0.000469958 -0.027555346 0.014491488 0.998908520 -0.024090590 0.037302114
1773839329.994924 0.001308212 0.000469840 -0.027561074 0.014237266 0.998823881 -0.023643972 0.039865069
1773839330.027679 0.001306094 0.000469089 -0.027562266 0.013846206 0.998680174 -0.024429079 0.043004718
1773839330.064400 0.001307767 0.000469345 -0.027561929 0.014308012 0.998531580 -0.025365159 0.045679804
1773839330.095619 0.001309121 0.000464587 -0.027571581 0.013998623 0.998448551 -0.024854235 0.047820751
1773839330.127966 0.001310155 0.000465118 -0.027569210 0.014183350 0.998301744 -0.025474807 0.050432704
1773839330.161281 0.001308832 0.000465996 -0.027572161 0.013568913 0.998196244 -0.025548846 0.052605905
1773839330.194854 0.001312430 0.000466442 -0.027574804 0.014837737 0.998105884 -0.025168862 0.054139547
1773839330.229434 0.001303107 0.000469579 -0.027578561 0.014817166 0.997928977 -0.025218666 0.057290807
1773839330.261317 0.001299555 0.000473371 -0.027577169 0.015707033 0.997734249 -0.026272947 0.059911042
1773839330.295928 0.001302246 0.000470342 -0.027580028 0.014157076 0.997716784 -0.026598023 0.060442600
1773839330.327274 0.001296319 0.000469346 -0.027569251 0.013268765 0.997522652 -0.028290957 0.063024811
1773839330.361228 0.001302525 0.000469512 -0.027581045 0.014838044 0.997551620 -0.027020764 0.062773332
1773839330.396003 0.001301743 0.000469327 -0.027580429 0.013955732 0.997509539 -0.026799329 0.063731618
1773839330.428416 0.001303175 0.000468839 -0.027591577 0.014994891 0.997537673 -0.026392201 0.063222781
1773839330.462632 0.001302108 0.000468849 -0.027588693 0.014922376 0.997520685 -0.026374165 0.063515320
1773839330.495793 0.001301526 0.000470000 -0.027592225 0.014756023 0.997516930 -0.026848916 0.063414432
1773839330.529260 0.001303144 0.000468919 -0.027592469 0.014849030 0.997547567 -0.026935309 0.062872082
1773839330.562420 0.001302539 0.000470497 -0.027586685 0.014502398 0.997536898 -0.027938720 0.062684067
1773839330.594903 0.001302171 0.000469859 -0.027587997 0.013951157 0.997609019 -0.027666010 0.061775479
1773839330.629936 0.001303944 0.000470191 -0.027589690 0.014624775 0.997639537 -0.028326007 0.060820457
1773839330.664175 0.001306444 0.000467840 -0.027590379 0.014232730 0.997727156 -0.027301060 0.059938204
1773839330.695960 0.001306324 0.000469282 -0.027593948 0.014449302 0.997744560 -0.027374635 0.059561588
1773839330.731381 0.001306547 0.000469532 -0.027598159 0.014906740 0.997735322 -0.027243141 0.059664022
1773839330.763838 0.001305215 0.000467110 -0.027605591 0.014390486 0.997705460 -0.026897058 0.060442239
1773839330.797567 0.001306329 0.000467617 -0.027606387 0.014424233 0.997651696 -0.027341273 0.061118744
1773839330.829072 0.001304903 0.000467818 -0.027604792 0.014175843 0.997609019 -0.027371664 0.061854821
1773839330.862168 0.001303550 0.000469508 -0.027605865 0.014876175 0.997572601 -0.027603807 0.062174436
1773839330.896816 0.001304355 0.000468544 -0.027606631 0.014892865 0.997593880 -0.027021319 0.062084533
1773839330.929214 0.001305332 0.000467142 -0.027605878 0.014720654 0.997604251 -0.026749140 0.062077329
1773839330.963336 0.001305265 0.000466891 -0.027606314 0.014600377 0.997598767 -0.026663426 0.062230140
1773839330.995577 0.001304924 0.000466533 -0.027606860 0.014885057 0.997572541 -0.026853051 0.062500685
1773839331.029610 0.001304226 0.000465456 -0.027606128 0.014665755 0.997577548 -0.026550414 0.062602349
1773839331.063721 0.001306300 0.000466650 -0.027609484 0.014865191 0.997614980 -0.026519153 0.061968688
1773839331.096226 0.001306684 0.000467703 -0.027609371 0.014605073 0.997633755 -0.026582077 0.061700955
1773839331.130582 0.001305233 0.000466602 -0.027606364 0.014760870 0.997634232 -0.026320560 0.061767969
1773839331.162388 0.001306501 0.000467637 -0.027609570 0.014761314 0.997704089 -0.026659260 0.060481392
1773839331.196396 0.001304879 0.000466429 -0.027607914 0.014628688 0.997743487 -0.026462203 0.059947032
1773839331.230772 0.001304786 0.000466404 -0.027607622 0.014432497 0.997793496 -0.026553193 0.059117205
1773839331.262119 0.001302213 0.000462372 -0.027605388 0.014553075 0.997834206 -0.025707556 0.058772948
1773839331.296033 0.001297428 0.000454692 -0.027606837 0.014232462 0.997843981 -0.024164982 0.059337556
1773839331.329772 0.001301202 0.000463625 -0.027610259 0.014666933 0.997842729 -0.026047057 0.058448836
1773839331.363791 0.001302467 0.000461178 -0.027610948 0.014363160 0.997871220 -0.025336102 0.058350563
1773839331.396795 0.001304316 0.000466873 -0.027611565 0.014857640 0.997849405 -0.026315190 0.058166292
1773839331.430414 0.001305886 0.000466931 -0.027612556 0.014535685 0.997843146 -0.026244175 0.058387049
1773839331.464047 0.001304565 0.000466970 -0.027613603 0.014427878 0.997796834 -0.026440766 0.059111588
1773839331.496696 0.001306698 0.000459413 -0.027614458 0.013667610 0.997851014 -0.024939561 0.059030753
1773839331.529616 0.001308536 0.000453283 -0.027616002 0.013127489 0.997893035 -0.023844952 0.058894940
1773839331.562039 0.001306110 0.000453979 -0.027613707 0.013749898 0.997849226 -0.024602326 0.059182581
1773839331.597295 0.001307611 0.000452741 -0.027617056 0.013135806 0.997882247 -0.024142280 0.058954269
1773839331.631118 0.001306669 0.000452732 -0.027616216 0.013915471 0.997898698 -0.024337282 0.058414672
1773839331.663840 0.001312431 0.000450821 -0.027621791 0.013255878 0.998032987 -0.023440864 0.056612831
1773839331.698013 0.001314455 0.000450424 -0.027623905 0.013474802 0.998085797 -0.023048863 0.055784676
1773839331.729922 0.001315695 0.000450012 -0.027624985 0.013285088 0.998119116 -0.023108192 0.055206895
1773839331.763474 0.001308372 0.000468129 -0.027629791 0.014818164 0.997947216 -0.026886957 0.056203354
1773839331.796766 0.001310379 0.000467453 -0.027631836 0.015088166 0.997985005 -0.026709311 0.055541236
1773839331.829948 0.001310899 0.000467628 -0.027632473 0.015160344 0.997984588 -0.027212244 0.055284869
1773839331.864932 0.001311398 0.000467616 -0.027632685 0.014788239 0.997996151 -0.027478533 0.055044819
1773839331.897178 0.001309375 0.000467440 -0.027632080 0.014674200 0.997970939 -0.027982522 0.055278074
1773839331.930012 0.001309475 0.000467643 -0.027632413 0.015040144 0.997971475 -0.028339569 0.054988109
1773839331.964435 0.001312922 0.000466512 -0.027635526 0.014916417 0.998065829 -0.027982801 0.053470418
1773839331.996403 0.001312606 0.000466354 -0.027635325 0.015866498 0.998082280 -0.028091289 0.052829579
1773839332.030239 0.001313843 0.000466363 -0.027650924 0.015413455 0.998184621 -0.028003890 0.051045325
1773839332.064395 0.001315977 0.000465531 -0.027652806 0.015253518 0.998266101 -0.027972011 0.049494054
1773839332.096363 0.001320105 0.000463759 -0.027655045 0.014365382 0.998350561 -0.028204860 0.047899641
1773839332.130961 0.001321034 0.000463616 -0.027656171 0.015410403 0.998351932 -0.029196341 0.046941701
1773839332.164715 0.001315630 0.000464633 -0.027670410 0.015755083 0.998369634 -0.028376693 0.046953760
1773839332.196984 0.001308331 0.000468789 -0.027684487 0.015232692 0.998336256 -0.028975399 0.047467038
1773839332.230941 0.001307910 0.000477897 -0.027700074 0.014411796 0.998308837 -0.031009059 0.047012076
1773839332.264341 0.001308232 0.000477819 -0.027703544 0.016238717 0.998305142 -0.030664131 0.046720609
1773839332.297706 0.001305708 0.000478911 -0.027709695 0.015230559 0.998259842 -0.032004680 0.047127459
1773839332.330658 0.001303977 0.000481734 -0.027713422 0.016229166 0.998215258 -0.032413621 0.047457710
1773839332.366301 0.001307339 0.000479501 -0.027716989 0.016054178 0.998263657 -0.032326438 0.046549480
1773839332.397998 0.001319631 0.000466905 -0.027712300 0.015895458 0.998398006 -0.031021854 0.044569187
1773839332.431965 0.001321836 0.000460905 -0.027713848 0.015796902 0.998489499 -0.029083963 0.043855861
1773839332.466399 0.001324985 0.000463228 -0.027722191 0.015654998 0.998567581 -0.029033951 0.042127453
1773839332.497029 0.001328579 0.000465453 -0.027730362 0.015746336 0.998611391 -0.029919839 0.040399577
1773839332.532431 0.001323657 0.000467796 -0.027733341 0.015728761 0.998573363 -0.030891543 0.040614359
1773839332.564607 0.001325991 0.000466311 -0.027741017 0.016519168 0.998646617 -0.029942716 0.039185237
1773839332.598262 0.001327944 0.000466338 -0.027747989 0.016166391 0.998679221 -0.030816970 0.037798494
1773839332.632772 0.001330377 0.000463432 -0.027755028 0.016293854 0.998794079 -0.028903211 0.036186982
1773839332.665268 0.001325878 0.000467624 -0.027760159 0.015436798 0.998720467 -0.031662807 0.036286142
1773839332.698944 0.001327143 0.000468228 -0.027762769 0.017161120 0.998767555 -0.029990625 0.035628561
1773839332.731738 0.001327119 0.000468031 -0.027768826 0.015734762 0.998764813 -0.031264808 0.035266772
1773839332.765038 0.001328756 0.000467543 -0.027776007 0.016895842 0.998779178 -0.030726990 0.034793459
1773839332.797768 0.001327601 0.000468576 -0.027781144 0.016578740 0.998758137 -0.030779630 0.035496514
1773839332.832115 0.001331132 0.000466413 -0.027788350 0.016036842 0.998735547 -0.031705294 0.035565831
1773839332.866817 0.001326015 0.000462912 -0.027790256 0.017471671 0.998648345 -0.031387925 0.037563097
1773839332.898778 0.001335865 0.000465549 -0.027805394 0.016629692 0.998688936 -0.031189555 0.037027702
1773839332.932060 0.001335260 0.000465129 -0.027812138 0.017039541 0.998634994 -0.030656533 0.038703132
1773839332.966595 0.001335114 0.000464216 -0.027817933 0.017116237 0.998540461 -0.031585045 0.040328357
1773839332.999109 0.001331601 0.000463321 -0.027826076 0.017717527 0.998449683 -0.031524662 0.042314455
1773839333.034870 0.001331036 0.000464052 -0.027830990 0.018084344 0.998349845 -0.032006465 0.044115752
1773839333.065820 0.001334364 0.000464778 -0.027837634 0.018871119 0.998274624 -0.032242939 0.045299832
1773839333.099135 0.001331841 0.000466834 -0.027845204 0.018969294 0.998158157 -0.032921165 0.047293890
1773839333.132478 0.001339602 0.000464241 -0.027856056 0.018804712 0.998191118 -0.031830542 0.047409974
1773839333.165635 0.001339631 0.000462667 -0.027860828 0.019012710 0.998146236 -0.031887963 0.048226170
1773839333.200736 0.001339723 0.000462505 -0.027868995 0.018717818 0.998131335 -0.031667061 0.048792534
1773839333.231699 0.001337429 0.000460915 -0.027875017 0.019214485 0.998138249 -0.030558949 0.049163010
1773839333.265195 0.001335965 0.000459430 -0.027880464 0.020120021 0.998089373 -0.030972993 0.049531989
1773839333.300582 0.001341657 0.000460531 -0.027887002 0.019871622 0.998126984 -0.031138768 0.048764165
1773839333.334299 0.001342788 0.000462438 -0.027902460 0.019904038 0.998152077 -0.030445620 0.048675604
1773839333.366572 0.001343723 0.000463797 -0.027910845 0.019443711 0.998101175 -0.031476233 0.049247038
1773839333.398919 0.001341749 0.000459933 -0.027910758 0.020746568 0.998069167 -0.030124430 0.050199922
1773839333.433275 0.001339176 0.000460159 -0.027919803 0.020572562 0.998002410 -0.030859815 0.051143132
1773839333.464909 0.001343403 0.000461452 -0.027931271 0.020840475 0.998027682 -0.030136591 0.050973181
1773839333.498892 0.001344045 0.000462049 -0.027941244 0.021331443 0.998016536 -0.029213704 0.051521666
1773839333.532709 0.001341394 0.000458704 -0.027945051 0.021186955 0.997997344 -0.028275529 0.052468684
1773839333.566583 0.001344016 0.000460951 -0.027955296 0.021702215 0.997968614 -0.028598985 0.052629180
1773839333.602336 0.001342616 0.000460569 -0.027961535 0.022390565 0.997940481 -0.027897041 0.053247061
1773839333.634876 0.001343311 0.000459212 -0.027965991 0.021279944 0.997952580 -0.028016314 0.053412765
1773839333.666986 0.001343790 0.000460279 -0.027975999 0.021794802 0.997907043 -0.029159185 0.053443383
1773839333.700070 0.001344106 0.000460905 -0.027989045 0.021073639 0.997918248 -0.029427489 0.053376812
1773839333.733737 0.001348318 0.000459284 -0.027995290 0.021430127 0.997947872 -0.028812340 0.053015549
1773839333.765697 0.001347948 0.000460414 -0.028002800 0.021342974 0.997923017 -0.028880535 0.053479359
1773839333.797863 0.001345263 0.000461726 -0.028014073 0.022272399 0.997868478 -0.028073421 0.054537605
1773839333.832795 0.001342769 0.000461807 -0.028021732 0.021730404 0.997807443 -0.028152313 0.055816658
1773839333.867718 0.001343660 0.000462500 -0.028031077 0.023525778 0.997746587 -0.027119005 0.056682333
1773839333.900527 0.001346092 0.000461614 -0.028039154 0.023028107 0.997728944 -0.026988773 0.057255924
1773839333.933546 0.001343452 0.000462600 -0.028051814 0.024760984 0.997619271 -0.026751650 0.058540333
1773839333.965868 0.001342829 0.000464141 -0.028058955 0.025192767 0.997509837 -0.027736565 0.059750021
1773839333.999285 0.001343937 0.000462230 -0.028066017 0.025713582 0.997461975 -0.026839970 0.060728822
1773839334.033749 0.001345806 0.000460740 -0.028072100 0.025990246 0.997404218 -0.026821461 0.061562642
1773839334.066879 0.001344284 0.000461701 -0.028078305 0.026877725 0.997276127 -0.027579803 0.062906839
1773839334.100795 0.001346040 0.000462504 -0.028085748 0.027029527 0.997244477 -0.026818680 0.063668191
1773839334.133305 0.001347039 0.000461603 -0.028094273 0.028319456 0.997194350 -0.026106622 0.064186513
1773839334.169202 0.001347083 0.000461900 -0.028102979 0.027995350 0.997143269 -0.026985256 0.064756043
1773839334.201743 0.001348043 0.000461821 -0.028109567 0.028161276 0.997127354 -0.025741236 0.065431722
1773839334.234807 0.001348733 0.000461409 -0.028116047 0.027228720 0.997110784 -0.025928350 0.066002518
1773839334.267482 0.001349967 0.000462062 -0.028124843 0.028784998 0.997028828 -0.026220685 0.066463545
1773839334.299434 0.001350779 0.000460938 -0.028132286 0.029016545 0.996943712 -0.026683480 0.067448303
1773839334.333603 0.001350598 0.000460317 -0.028138733 0.029218080 0.996850967 -0.025984980 0.068987720
1773839334.366770 0.001351974 0.000460634 -0.028147068 0.029174117 0.996747732 -0.025918882 0.070505276
1773839334.399857 0.001356415 0.000460217 -0.028154319 0.029579319 0.996662140 -0.024883622 0.071906008
1773839334.436527 0.001355630 0.000459681 -0.028159741 0.031086994 0.996435523 -0.025615284 0.074119627
1773839334.466961 0.001357438 0.000458704 -0.028168418 0.029892722 0.996391058 -0.024368960 0.075613894
1773839334.500732 0.001356873 0.000460786 -0.028175183 0.030817712 0.996226251 -0.025898673 0.076894768
1773839334.535450 0.001359476 0.000460357 -0.028182454 0.029755101 0.996171355 -0.026143247 0.077934697
1773839334.566982 0.001360242 0.000459116 -0.028190162 0.029872855 0.996138632 -0.025771929 0.078429982
1773839334.600424 0.001360015 0.000458296 -0.028196186 0.029682992 0.996086061 -0.026560530 0.078905344
1773839334.632581 0.001362432 0.000457498 -0.028203910 0.029874582 0.996086895 -0.026122291 0.078968666
1773839334.668494 0.001361950 0.000457820 -0.028209150 0.030111782 0.996009886 -0.025936058 0.079905875
1773839334.703618 0.001366893 0.000457110 -0.028219797 0.030909115 0.995958626 -0.024639122 0.080646783
1773839334.734860 0.001366757 0.000458117 -0.028226305 0.031034209 0.995842099 -0.023943957 0.082231864
1773839334.769436 0.001368904 0.000460839 -0.028236983 0.029287817 0.995740652 -0.025750160 0.083544962
1773839334.799969 0.001369775 0.000459214 -0.028241497 0.030635223 0.995638013 -0.024436478 0.084671356
1773839334.834516 0.001371266 0.000460261 -0.028249349 0.031826586 0.995542884 -0.022275167 0.085937649
1773839334.870102 0.001371612 0.000461440 -0.028256988 0.031757750 0.995472968 -0.020767484 0.087141842
1773839334.900340 0.001374096 0.000459821 -0.028262960 0.031265713 0.995364010 -0.022293564 0.088181809
1773839334.935503 0.001374147 0.000459357 -0.028269861 0.032348305 0.995235741 -0.021770816 0.089361481
1773839334.967803 0.001376119 0.000461588 -0.028279236 0.031702138 0.995187819 -0.022356562 0.089979753
1773839335.001136 0.001377079 0.000460041 -0.028284689 0.032006264 0.995152831 -0.020775951 0.090635650
1773839335.033566 0.001378651 0.000460138 -0.028291462 0.031661220 0.995056987 -0.020925863 0.091767408
1773839335.067042 0.001377565 0.000461393 -0.028298942 0.032593139 0.994846404 -0.021082573 0.093668945
1773839335.101667 0.001379384 0.000459738 -0.028306397 0.032312326 0.994723141 -0.021529399 0.094964765
1773839335.134778 0.001380127 0.000458872 -0.028314201 0.032000203 0.994627178 -0.018593745 0.096680164
1773839335.168806 0.001380957 0.000459408 -0.028322091 0.031882368 0.994439483 -0.018442040 0.098658524
1773839335.200370 0.001385046 0.000458842 -0.028331276 0.032839783 0.994285226 -0.018109642 0.099952273
1773839335.234352 0.001386265 0.000459332 -0.028339315 0.032020945 0.994157314 -0.017963521 0.101504683
1773839335.268329 0.001387325 0.000460455 -0.028348332 0.031600609 0.994020343 -0.017748659 0.103004605
1773839335.300668 0.001388140 0.000460147 -0.028359178 0.032050509 0.993857980 -0.016208367 0.104672849
1773839335.335696 0.001388499 0.000459743 -0.028366042 0.031276934 0.993713021 -0.016660452 0.106200911
1773839335.368072 0.001392392 0.000461751 -0.028376440 0.031277191 0.993596911 -0.015179588 0.107501015
1773839335.402656 0.001394798 0.000460100 -0.028385369 0.030185070 0.993509650 -0.015138266 0.108619764
1773839335.436061 0.001397130 0.000460165 -0.028395584 0.030378142 0.993392050 -0.013018463 0.109908581
1773839335.468811 0.001397737 0.000457619 -0.028403925 0.029946219 0.993249714 -0.012129904 0.111405112
1773839335.502791 0.001400188 0.000460128 -0.028413814 0.029739775 0.993112743 -0.011764400 0.112713106
1773839335.534043 0.001402975 0.000459349 -0.028422423 0.030634264 0.993002474 -0.012372072 0.113377929
1773839335.567696 0.001405337 0.000459600 -0.028429534 0.028171562 0.992950857 -0.016055141 0.114005141
1773839335.603203 0.001406758 0.000460044 -0.028440244 0.032010958 0.992830098 -0.011129765 0.114629045
1773839335.637004 0.001408744 0.000461483 -0.028449917 0.028693125 0.992854178 -0.012955458 0.115106091
1773839335.669864 0.001413031 0.000460182 -0.028458418 0.029452190 0.992824554 -0.009316229 0.115521036
1773839335.702742 0.001414105 0.000458544 -0.028468277 0.028986925 0.992731571 -0.010893457 0.116297781
1773839335.736029 0.001416840 0.000460043 -0.028479138 0.028390542 0.992668211 -0.010144782 0.117050827
1773839335.768763 0.001418808 0.000459347 -0.028486945 0.027955223 0.992483795 -0.011445271 0.118589349
1773839335.801770 0.001421288 0.000458730 -0.028493620 0.028708208 0.992272377 -0.012062449 0.120107807
1773839335.839299 0.001422137 0.000458185 -0.028502088 0.028787076 0.991970003 -0.012124291 0.122555338
1773839335.869767 0.001426144 0.000459281 -0.028511193 0.027809296 0.991702199 -0.012964121 0.124841049
1773839335.903780 0.001428854 0.000460413 -0.028523022 0.029026581 0.991369247 -0.011291468 0.127345785
1773839335.941562 0.001431869 0.000459841 -0.028531319 0.027528659 0.991102159 -0.012239431 0.129649192
1773839335.969340 0.001433856 0.000459408 -0.028538385 0.027771484 0.990814984 -0.011835925 0.131811872
1773839336.006498 0.001435135 0.000460145 -0.028546087 0.028646240 0.990537107 -0.011076999 0.133764505
1773839336.037162 0.001438092 0.000459468 -0.028557446 0.027673287 0.990348339 -0.014833652 0.134997502
1773839336.070970 0.001440134 0.000460978 -0.028565269 0.029812627 0.990111947 -0.013197742 0.136438176
1773839336.101965 0.001443505 0.000462301 -0.028573699 0.027574373 0.990022957 -0.016395325 0.137205571
1773839336.135509 0.001445538 0.000460140 -0.028585207 0.029774906 0.989933610 -0.014549053 0.137598246
1773839336.173089 0.001448041 0.000461260 -0.028592570 0.028381145 0.989864349 -0.017938348 0.137990251
1773839336.201932 0.001452287 0.000460036 -0.028600542 0.028663490 0.989842057 -0.017371632 0.138164401
1773839336.235634 0.001454336 0.000462131 -0.028611824 0.028989138 0.989710271 -0.017195135 0.139059454
1773839336.269988 0.001456462 0.000460883 -0.028619491 0.028034506 0.989596546 -0.018217858 0.139931530
1773839336.301793 0.001461063 0.000459998 -0.028629247 0.028616874 0.989522040 -0.017136702 0.140476093
1773839336.338431 0.001465845 0.000460630 -0.028638501 0.026662152 0.989493251 -0.020422522 0.140624076
1773839336.368584 0.001468090 0.000459613 -0.028648008 0.027940933 0.989412904 -0.018535059 0.141201630
1773839336.402873 0.001470082 0.000461242 -0.028657531 0.027959265 0.989297926 -0.020310519 0.141758114
1773839336.444370 0.001470788 0.000458884 -0.028665815 0.028030474 0.989232898 -0.021488780 0.142024174
1773839336.470770 0.001475364 0.000459288 -0.028676890 0.028781457 0.989156783 -0.021541139 0.142395392
1773839336.502716 0.001477156 0.000461908 -0.028685486 0.028717125 0.989125848 -0.022039622 0.142546967
1773839336.536631 0.001478878 0.000462944 -0.028698890 0.027994532 0.989065468 -0.024359997 0.142731801
1773839336.569841 0.001483345 0.000462946 -0.028705416 0.030735275 0.989089012 -0.021594476 0.142449766
1773839336.608972 0.001484362 0.000461560 -0.028713806 0.028098382 0.989128947 -0.022665272 0.142550796
1773839336.635311 0.001486640 0.000461111 -0.028726291 0.028983209 0.989103198 -0.022265764 0.142615110
1773839336.674789 0.001488973 0.000462748 -0.028735230 0.029144987 0.989042819 -0.023932168 0.142730832
1773839336.703129 0.001492045 0.000464114 -0.028744297 0.029306894 0.989027083 -0.024338961 0.142737940
1773839336.736216 0.001492324 0.000462754 -0.028752739 0.029209219 0.988952041 -0.024442349 0.143259555
1773839336.770272 0.001495673 0.000462013 -0.028762553 0.029057546 0.988889039 -0.025848985 0.143478379
1773839336.802685 0.001497659 0.000462663 -0.028772039 0.029809583 0.988768637 -0.024989689 0.144303426
1773839336.838148 0.001500650 0.000463557 -0.028783565 0.030070374 0.988713384 -0.024278592 0.144748837
1773839336.871275 0.001502472 0.000462631 -0.028793102 0.029367695 0.988658130 -0.025661062 0.145031676
1773839336.904177 0.001505717 0.000463129 -0.028801603 0.029895039 0.988688350 -0.025131403 0.144810572
1773839336.939096 0.001507516 0.000462426 -0.028814903 0.029676426 0.988796890 -0.024000322 0.144305289
1773839336.969553 0.001510431 0.000460523 -0.028824160 0.030833986 0.988854229 -0.024394894 0.143601716
1773839337.004475 0.001512851 0.000460543 -0.028831903 0.031151963 0.988944888 -0.026227679 0.142582074
1773839337.036390 0.001516147 0.000460481 -0.028841186 0.030563729 0.989113033 -0.025734762 0.141629502
1773839337.069615 0.001518739 0.000461915 -0.028852195 0.030255249 0.989221513 -0.025755413 0.140932843
1773839337.103596 0.001521839 0.000459908 -0.028860660 0.031411540 0.989297092 -0.024540577 0.140364811
1773839337.136146 0.001524735 0.000460451 -0.028872112 0.030581940 0.989448965 -0.024160683 0.139541358
1773839337.175391 0.001527227 0.000460421 -0.028880918 0.031405725 0.989529550 -0.024051299 0.138803706
1773839337.202890 0.001527779 0.000461694 -0.028891634 0.031284317 0.989633560 -0.024429798 0.138021037
1773839337.236785 0.001532379 0.000458305 -0.028897835 0.031153494 0.989731371 -0.025559673 0.137142107
1773839337.270545 0.001534418 0.000457426 -0.028904177 0.030759431 0.989762664 -0.026907694 0.136746690
1773839337.303846 0.001534596 0.000457600 -0.028916389 0.030685887 0.989782393 -0.026181988 0.136761308
1773839337.341884 0.001537208 0.000457624 -0.028925102 0.031120161 0.989785254 -0.025319714 0.136804849
1773839337.369388 0.001539600 0.000457330 -0.028934158 0.032151412 0.989666998 -0.024915313 0.137494534
1773839337.404880 0.001541662 0.000459535 -0.028944857 0.033766150 0.989436448 -0.025230460 0.138703868
1773839337.437362 0.001544549 0.000458506 -0.028951103 0.033249535 0.989238799 -0.025622526 0.140158862
1773839337.470409 0.001549392 0.000458357 -0.028962275 0.032201953 0.989091754 -0.026306333 0.141309828
1773839337.504937 0.001551359 0.000456556 -0.028969318 0.031885218 0.988821626 -0.027004471 0.143128783
1773839337.536808 0.001554619 0.000456229 -0.028978035 0.033307482 0.988590539 -0.027197124 0.144359484
1773839337.572296 0.001555977 0.000458147 -0.028989166 0.032681879 0.988416016 -0.027244287 0.145682573
1773839337.603464 0.001557865 0.000457253 -0.028997779 0.033012137 0.988310218 -0.026130257 0.146527514
1773839337.636571 0.001560930 0.000459854 -0.029010039 0.034804318 0.988147855 -0.027893256 0.146882430
1773839337.671015 0.001564153 0.000458396 -0.029017048 0.032089420 0.988219202 -0.029231045 0.146760523
1773839337.702875 0.001567915 0.000456302 -0.029025150 0.032959301 0.988296032 -0.028003007 0.146288812
1773839337.738005 0.001570726 0.000458767 -0.029035769 0.032917559 0.988345504 -0.028738858 0.145820484
1773839337.769954 0.001573793 0.000455994 -0.029045513 0.032239825 0.988448501 -0.029559797 0.145108148
1773839337.802697 0.001576047 0.000455884 -0.029054619 0.032977052 0.988454103 -0.028872943 0.145042613
1773839337.837431 0.001579125 0.000458283 -0.029063951 0.032055773 0.988477707 -0.030805930 0.144690141
1773839337.870348 0.001582728 0.000455907 -0.029074028 0.033610847 0.988439858 -0.028400859 0.145087317
1773839337.905579 0.001584389 0.000456363 -0.029084396 0.033216275 0.988243222 -0.029423747 0.146308616
1773839337.938140 0.001587904 0.000456837 -0.029093537 0.032808628 0.988018811 -0.029369246 0.147918299
1773839337.971392 0.001588718 0.000454914 -0.029101197 0.032698411 0.987622499 -0.029735571 0.150493741
1773839338.004850 0.001589531 0.000457549 -0.029111542 0.032099206 0.987210870 -0.031757575 0.152891293
1773839338.038635 0.001592909 0.000455450 -0.029117474 0.034541726 0.986793160 -0.030356383 0.155321062
1773839338.072222 0.001592726 0.000455277 -0.029127894 0.034016289 0.986272752 -0.032221563 0.158337384
1773839338.104376 0.001597123 0.000454546 -0.029135674 0.033081885 0.985982120 -0.031948131 0.160387635
1773839338.137382 0.001598803 0.000453519 -0.029142803 0.033733416 0.985732198 -0.029601056 0.162227869
1773839338.172661 0.001602185 0.000451940 -0.029152447 0.034264017 0.985477924 -0.031193443 0.163359150
1773839338.204905 0.001604498 0.000453861 -0.029160760 0.033480775 0.985319078 -0.031527102 0.164412156
1773839338.239024 0.001608568 0.000453881 -0.029170796 0.034022752 0.985259593 -0.031893834 0.164586812
1773839338.271961 0.001609832 0.000455276 -0.029180067 0.033210125 0.985149682 -0.031841680 0.165418401
1773839338.305071 0.001612184 0.000455609 -0.029187402 0.033999812 0.985102892 -0.030763982 0.165740460
1773839338.339870 0.001613913 0.000453845 -0.029196789 0.034816202 0.984973073 -0.032221697 0.166065067
1773839338.371678 0.001616453 0.000454505 -0.029207453 0.034301087 0.984929562 -0.031585302 0.166552141
1773839338.406121 0.001617092 0.000453461 -0.029211732 0.035172958 0.984879851 -0.032932259 0.166403249
1773839338.438743 0.001620469 0.000454452 -0.029223964 0.034360059 0.984949529 -0.032811780 0.166184142
1773839338.472811 0.001623378 0.000455043 -0.029231731 0.034359250 0.985013127 -0.033123974 0.165745065
1773839338.507389 0.001627158 0.000453415 -0.029241929 0.034705296 0.985155463 -0.034902442 0.164456844
1773839338.540621 0.001629192 0.000452900 -0.029248543 0.033664152 0.985426366 -0.033490866 0.163340017
1773839338.572679 0.001635029 0.000452584 -0.029257363 0.033830717 0.985769689 -0.033455264 0.161227569
1773839338.604521 0.001637764 0.000451831 -0.029265942 0.034387197 0.986030996 -0.032019440 0.159797028
1773839338.637573 0.001641137 0.000452763 -0.029272139 0.033645391 0.986285090 -0.032168131 0.158350334
1773839338.671261 0.001642274 0.000449853 -0.029284533 0.034202281 0.986420810 -0.032449163 0.157325074
1773839338.705726 0.001644902 0.000450126 -0.029291078 0.033844702 0.986661732 -0.033680107 0.155624062
1773839338.739991 0.001646872 0.000449925 -0.029303100 0.034563597 0.986904979 -0.032476198 0.154172793
1773839338.773350 0.001651023 0.000448178 -0.029306922 0.033786546 0.987111032 -0.032375168 0.153042674
1773839338.804780 0.001649037 0.000450289 -0.029322233 0.034425642 0.987082839 -0.033000115 0.152948901
1773839338.838228 0.001657358 0.000449345 -0.029327186 0.034928299 0.987232983 -0.032039147 0.152067468
1773839338.871842 0.001653143 0.000448875 -0.029340344 0.034385365 0.987047672 -0.033763953 0.153018191
1773839338.904952 0.001659385 0.000449253 -0.029346442 0.035857894 0.987056732 -0.031818923 0.153038472
1773839338.939320 0.001662165 0.000449262 -0.029356085 0.035125624 0.986925006 -0.033794038 0.153633326
1773839338.971500 0.001664404 0.000450436 -0.029365916 0.035711370 0.986739635 -0.034058135 0.154627398
1773839339.005390 0.001666217 0.000448900 -0.029373970 0.035841219 0.986601770 -0.033508800 0.155593991
1773839339.038982 0.001669920 0.000449508 -0.029383712 0.036144845 0.986469328 -0.033536542 0.156355366
1773839339.073032 0.001673771 0.000450532 -0.029392071 0.036041770 0.986364961 -0.033641834 0.157013938
1773839339.105891 0.001674762 0.000449920 -0.029402616 0.035597421 0.986257613 -0.034770694 0.157542646
1773839339.139715 0.001676898 0.000449219 -0.029411178 0.035479706 0.986219585 -0.034667455 0.157829851
1773839339.172167 0.001676827 0.000447154 -0.029421838 0.037037719 0.986214399 -0.034328338 0.157578394
1773839339.204389 0.001679422 0.000448991 -0.029430186 0.036716685 0.986322403 -0.035426840 0.156731963
1773839339.239238 0.001684265 0.000446985 -0.029436417 0.036919039 0.986525595 -0.034064520 0.155704141
1773839339.273016 0.001689126 0.000448412 -0.029448213 0.037019014 0.986757636 -0.034939364 0.154007345
1773839339.306162 0.001690581 0.000446502 -0.029456131 0.036605690 0.986921251 -0.034907993 0.153061673
1773839339.338450 0.001694304 0.000445370 -0.029466458 0.037340730 0.987067044 -0.035398535 0.151826382
1773839339.372850 0.001696168 0.000447534 -0.029478658 0.036344968 0.987232745 -0.036727384 0.150670692
1773839339.405928 0.001699397 0.000445481 -0.029486906 0.036936954 0.987422764 -0.035458703 0.149581581
1773839339.438771 0.001702543 0.000446340 -0.029493500 0.035945091 0.987520933 -0.038888358 0.148317397
1773839339.472876 0.001705608 0.000445404 -0.029500764 0.037316356 0.987615228 -0.037618663 0.147677094
1773839339.506829 0.001707300 0.000447831 -0.029516103 0.035396960 0.987667620 -0.038993761 0.147442505
1773839339.538275 0.001709447 0.000446952 -0.029524481 0.036946759 0.987677038 -0.037398912 0.147411913
1773839339.572509 0.001714351 0.000448280 -0.029534580 0.037177667 0.987633467 -0.037888322 0.147521153
1773839339.605950 0.001716614 0.000445206 -0.029544769 0.036503922 0.987573087 -0.037860464 0.148099378
1773839339.639527 0.001718047 0.000443883 -0.029552778 0.037108582 0.987502396 -0.037869088 0.148418114
1773839339.673326 0.001719498 0.000443134 -0.029561020 0.037239935 0.987422705 -0.038033739 0.148872346
1773839339.705684 0.001725036 0.000445248 -0.029571254 0.037150312 0.987451792 -0.037666164 0.148795307
1773839339.740461 0.001725009 0.000442979 -0.029580541 0.037115175 0.987330973 -0.038816758 0.149309337
1773839339.773143 0.001731042 0.000443561 -0.029590484 0.036995944 0.987431228 -0.038450584 0.148769706
1773839339.807383 0.001733973 0.000442844 -0.029598875 0.038070120 0.987393677 -0.037683502 0.148943931
1773839339.840080 0.001736784 0.000443107 -0.029606188 0.037434991 0.987357676 -0.038829889 0.149049267
1773839339.873447 0.001738762 0.000441996 -0.029617269 0.038588963 0.987308621 -0.038421635 0.149185762
1773839339.907296 0.001743628 0.000440854 -0.029626083 0.037035868 0.987385273 -0.038708594 0.148997694
1773839339.939891 0.001751029 0.000444406 -0.029635031 0.037915181 0.987496138 -0.036788702 0.148527458
1773839339.972785 0.001749981 0.000438668 -0.029648175 0.038092431 0.987391472 -0.037616279 0.148970127
1773839340.007360 0.001751524 0.000443511 -0.029660603 0.038549669 0.987383604 -0.037609112 0.148906246
1773839340.038899 0.001755019 0.000437699 -0.029668735 0.037653759 0.987484634 -0.036831725 0.148659840
1773839340.073864 0.001758392 0.000435991 -0.029681072 0.038526688 0.987521589 -0.036268294 0.148328647
1773839340.105433 0.001763402 0.000437486 -0.029688261 0.038623620 0.987615585 -0.036783129 0.147549048
1773839340.139933 0.001767176 0.000438765 -0.029699821 0.039043773 0.987747788 -0.036977369 0.146501303
1773839340.173819 0.001774593 0.000438603 -0.029705837 0.037294190 0.988049865 -0.037380375 0.144808173
1773839340.207974 0.001776142 0.000439894 -0.029717475 0.036945146 0.988240302 -0.037629317 0.143527895
1773839340.241643 0.001780275 0.000435395 -0.029728467 0.038061123 0.988475144 -0.036410693 0.141924456
1773839340.273996 0.001785579 0.000434625 -0.029734148 0.038017333 0.988781631 -0.034497611 0.140269622
1773839340.307325 0.001788564 0.000434286 -0.029745817 0.037226427 0.988987029 -0.035381429 0.138805598
1773839340.339476 0.001792488 0.000434531 -0.029753158 0.038128708 0.989154100 -0.036400523 0.137096345
1773839340.373888 0.001796594 0.000435050 -0.029762682 0.037851393 0.989391565 -0.036420595 0.135444105
1773839340.409010 0.001799831 0.000434472 -0.029770795 0.038393855 0.989551783 -0.035736863 0.134298414
1773839340.440522 0.001803074 0.000434822 -0.029781211 0.039267238 0.989687324 -0.035174090 0.133190989
1773839340.473982 0.001808930 0.000431591 -0.029787390 0.037719499 0.989955008 -0.036295511 0.131335407
1773839340.507506 0.001811380 0.000431361 -0.029797571 0.038681585 0.990108728 -0.035390276 0.130137995
1773839340.541594 0.001815421 0.000431541 -0.029806893 0.037589755 0.990311325 -0.035289574 0.128938586
1773839340.575002 0.001818890 0.000430387 -0.029814880 0.037672389 0.990398467 -0.036046050 0.128032520
1773839340.606422 0.001823553 0.000429949 -0.029824108 0.038815040 0.990512490 -0.035720333 0.126895383
1773839340.641631 0.001828691 0.000431019 -0.029834650 0.037767850 0.990636051 -0.036950354 0.125890568
1773839340.674685 0.001834122 0.000429127 -0.029845783 0.037437335 0.990793526 -0.035691664 0.125110924
1773839340.707926 0.001835868 0.000428319 -0.029856093 0.037695743 0.990794718 -0.035570089 0.125058666
1773839340.740875 0.001841426 0.000428961 -0.029864375 0.037294082 0.990801394 -0.036162406 0.124956399
1773839340.774681 0.001844258 0.000430008 -0.029872930 0.037580267 0.990641236 -0.038054388 0.125576809
1773839340.808825 0.001848847 0.000430599 -0.029883625 0.037709024 0.990586579 -0.037487812 0.126138330
1773839340.841682 0.001851856 0.000427794 -0.029895175 0.037017614 0.990574777 -0.035388593 0.127039045
1773839340.874281 0.001857535 0.000428610 -0.029905176 0.037688419 0.990468919 -0.034857806 0.127811849
1773839340.907441 0.001861189 0.000427853 -0.029913867 0.036834631 0.990352035 -0.034976374 0.128929079
1773839340.941115 0.001859845 0.000427600 -0.029925453 0.037783720 0.990141690 -0.033991989 0.130523548
1773839340.975291 0.001864104 0.000426478 -0.029931199 0.036984958 0.990048349 -0.035074830 0.131172061
1773839341.006691 0.001870230 0.000426768 -0.029942518 0.037907388 0.990045965 -0.034340758 0.131121144
1773839341.041369 0.001869662 0.000426587 -0.029953962 0.037295390 0.990038812 -0.034230836 0.131378934
1773839341.075024 0.001874417 0.000425859 -0.029964808 0.036576774 0.990137637 -0.033178303 0.131106362
1773839341.107593 0.001877545 0.000427237 -0.029974811 0.036918864 0.990186691 -0.033099726 0.130658507
1773839341.141780 0.001876465 0.000424501 -0.029985934 0.037172582 0.990241110 -0.032437507 0.130340308
1773839341.174724 0.001881059 0.000422860 -0.029996766 0.036677774 0.990400076 -0.031673551 0.129457444
1773839341.208363 0.001885064 0.000424610 -0.030008009 0.036408979 0.990532517 -0.031477269 0.128564790
1773839341.240681 0.001890948 0.000422907 -0.030014597 0.037296373 0.990633965 -0.031289533 0.127570942
1773839341.274899 0.001891701 0.000425377 -0.030025382 0.036488000 0.990707457 -0.031489223 0.127184033
1773839341.308829 0.001896316 0.000424971 -0.030033082 0.037004773 0.990794659 -0.030731287 0.126539454
1773839341.340243 0.001899907 0.000421466 -0.030041967 0.036132969 0.990945339 -0.029643597 0.125868991
1773839341.374800 0.001904221 0.000422906 -0.030051921 0.035906628 0.991019487 -0.030365219 0.125176236
1773839341.410013 0.001906235 0.000423203 -0.030062651 0.036428716 0.991009474 -0.029577309 0.125293016
1773839341.442125 0.001910662 0.000422857 -0.030070493 0.036056936 0.991088152 -0.028848043 0.124947816
1773839341.475737 0.001912094 0.000423059 -0.030082108 0.036078703 0.991071761 -0.028732883 0.125098303
1773839341.508758 0.001919004 0.000422591 -0.030089740 0.035781845 0.991134644 -0.028100692 0.124828577
1773839341.541721 0.001920149 0.000420921 -0.030100547 0.035957489 0.991077602 -0.028380213 0.125167012
1773839341.576664 0.001925044 0.000421757 -0.030105725 0.035985760 0.991028965 -0.028820504 0.125443026
1773839341.608628 0.001924729 0.000421199 -0.030121494 0.036250006 0.990984023 -0.028817041 0.125722617
1773839341.642842 0.001929244 0.000420189 -0.030130109 0.035426162 0.990954101 -0.029432170 0.126050398
1773839341.675863 0.001933176 0.000420031 -0.030138671 0.036638465 0.990900695 -0.029355418 0.126141548
1773839341.708061 0.001938135 0.000417779 -0.030147495 0.036084574 0.990945756 -0.029439164 0.125927806
1773839341.742380 0.001941122 0.000419247 -0.030160034 0.035137843 0.990933537 -0.030690044 0.125992849
1773839341.776726 0.001942399 0.000417144 -0.030171428 0.036406673 0.990959883 -0.029506413 0.125707611
1773839341.810194 0.001948679 0.000416918 -0.030179894 0.035534929 0.991105735 -0.029395208 0.124830462
1773839341.841129 0.001950542 0.000417702 -0.030190442 0.035054497 0.991156459 -0.030675149 0.124253809
1773839341.874549 0.001954146 0.000414883 -0.030200740 0.036608510 0.991257846 -0.029232478 0.123341464
1773839341.908757 0.001959188 0.000414862 -0.030208983 0.035157297 0.991391420 -0.031991761 0.121997818
1773839341.941678 0.001962454 0.000417345 -0.030222377 0.036377329 0.991438568 -0.032511104 0.121117137
1773839341.977258 0.001968770 0.000414423 -0.030230885 0.035589330 0.991626561 -0.033053812 0.119656086
1773839342.008034 0.001970865 0.000419249 -0.030242443 0.035379715 0.991711855 -0.033307411 0.118938781
1773839342.041328 0.001977212 0.000414077 -0.030247374 0.034922186 0.991850197 -0.032412697 0.118165113
1773839342.075672 0.001983429 0.000413431 -0.030263534 0.035470195 0.991895139 -0.030548630 0.118121333
1773839342.109643 0.001986384 0.000417020 -0.030274993 0.034024399 0.991906643 -0.031316731 0.118249193
1773839342.143456 0.001989307 0.000418175 -0.030286709 0.034606248 0.991846681 -0.030504949 0.118793949
1773839342.174934 0.001998803 0.000414342 -0.030288646 0.033686984 0.991881192 -0.030983631 0.118645966
1773839342.210287 0.001999162 0.000415772 -0.030304763 0.033712920 0.991783738 -0.030370684 0.119607911
1773839342.242335 0.002002966 0.000413052 -0.030313231 0.033003192 0.991688728 -0.030457739 0.120567493
1773839342.275828 0.002006158 0.000414660 -0.030325679 0.033435896 0.991591692 -0.031025020 0.121101044
1773839342.310417 0.002010472 0.000415091 -0.030336211 0.033214629 0.991568208 -0.030912600 0.121382423
1773839342.341325 0.002015884 0.000410308 -0.030345652 0.032740105 0.991625488 -0.030388726 0.121175729
1773839342.377267 0.002019848 0.000416482 -0.030356340 0.032612197 0.991588354 -0.030748302 0.121422611
1773839342.409302 0.002021935 0.000412405 -0.030366393 0.032493342 0.991563618 -0.030687734 0.121671729
1773839342.441969 0.002027232 0.000410974 -0.030373929 0.033406433 0.991549015 -0.030155733 0.121676803
1773839342.477177 0.002030634 0.000411818 -0.030384282 0.031387832 0.991556883 -0.033008426 0.121409401
1773839342.510105 0.002032203 0.000411708 -0.030396001 0.032944508 0.991606176 -0.032290321 0.120785885
1773839342.543540 0.002037474 0.000412373 -0.030405613 0.032604452 0.991741896 -0.030932937 0.120116986
1773839342.576599 0.002043026 0.000410999 -0.030415900 0.031974006 0.991874576 -0.030124158 0.119394161
1773839342.609018 0.002041454 0.000402930 -0.030426841 0.030792747 0.991924763 -0.030063519 0.119303241
1773839342.644357 0.002038011 0.000399384 -0.030435957 0.032549262 0.991928697 -0.027421407 0.119440690
1773839342.676142 0.002052563 0.000413880 -0.030450908 0.030357596 0.992065251 -0.030533835 0.118121080
1773839342.710796 0.002055883 0.000411882 -0.030457655 0.030941786 0.992160439 -0.028029038 0.117790490
1773839342.742630 0.002058706 0.000411187 -0.030469332 0.030552901 0.992223203 -0.027666988 0.117448308
1773839342.775509 0.002066985 0.000412260 -0.030477352 0.030112613 0.992318332 -0.028783415 0.116486534
1773839342.811460 0.002063364 0.000409357 -0.030488128 0.030921867 0.992308259 -0.027825546 0.116592757
1773839342.842380 0.002065515 0.000407664 -0.030500311 0.030448264 0.992425799 -0.026148273 0.116104454
1773839342.877962 0.002067159 0.000406309 -0.030509956 0.029568013 0.992455184 -0.028497245 0.115526333
1773839342.910001 0.002072192 0.000407540 -0.030519303 0.029892333 0.992579460 -0.027453182 0.114624858
1773839342.943135 0.002074769 0.000405517 -0.030530129 0.028836763 0.992735565 -0.025017777 0.114099070
1773839342.977705 0.002078403 0.000404578 -0.030538626 0.027251529 0.992754161 -0.026969431 0.113882236
1773839343.010518 0.002078939 0.000406335 -0.030552242 0.027702725 0.992708921 -0.026201913 0.114346184
1773839343.044603 0.002082669 0.000407031 -0.030558715 0.027330853 0.992638469 -0.026672518 0.114936754
1773839343.076670 0.002086322 0.000407035 -0.030571088 0.026986171 0.992526591 -0.026950160 0.115915276
1773839343.110248 0.002089944 0.000408761 -0.030581141 0.026362211 0.992416501 -0.027015369 0.116981491
1773839343.144279 0.002094130 0.000406827 -0.030589955 0.026299991 0.992373765 -0.025496686 0.117696956
1773839343.176498 0.002098109 0.000406635 -0.030601434 0.025269300 0.992256939 -0.024720157 0.119065315
1773839343.211581 0.002100369 0.000403822 -0.030610081 0.022767395 0.992220044 -0.027654735 0.119232088
1773839343.243629 0.002105917 0.000405171 -0.030620882 0.024524366 0.992211103 -0.022820858 0.119978815
1773839343.277622 0.002111568 0.000404474 -0.030630466 0.022767628 0.992256641 -0.024872921 0.119539842
1773839343.311702 0.002112465 0.000404150 -0.030640231 0.022798868 0.992199421 -0.026027532 0.119762525
1773839343.344019 0.002114511 0.000402204 -0.030650282 0.021941217 0.992254078 -0.026859138 0.119285479
1773839343.378204 0.002119475 0.000403577 -0.030661808 0.024271257 0.992292345 -0.024694117 0.118983217
1773839343.409563 0.002124674 0.000404347 -0.030670270 0.022353610 0.992423892 -0.025641272 0.118057765
1773839343.444413 0.002124980 0.000403654 -0.030679498 0.021487474 0.992488027 -0.026746191 0.117433004
1773839343.479318 0.002129643 0.000402288 -0.030690666 0.024117107 0.992587626 -0.025491804 0.116354242
1773839343.510805 0.002133032 0.000403688 -0.030702136 0.024087962 0.992632389 -0.027717693 0.115466259
1773839343.545054 0.002135389 0.000403124 -0.030710788 0.025086878 0.992754459 -0.029095896 0.113853455
1773839343.577838 0.002137892 0.000401626 -0.030720029 0.025251362 0.992870092 -0.029170392 0.112785131
1773839343.611278 0.002143759 0.000402727 -0.030733552 0.024055263 0.993066609 -0.030097641 0.111059375
1773839343.645397 0.002146040 0.000402156 -0.030744614 0.024720499 0.993192315 -0.029599881 0.109917298
1773839343.678128 0.002150224 0.000401743 -0.030753206 0.024392938 0.993349016 -0.029417854 0.108615488
1773839343.713087 0.002153405 0.000399980 -0.030764529 0.024704456 0.993431687 -0.030556630 0.107468776
1773839343.744600 0.002157770 0.000400579 -0.030776227 0.023789557 0.993578076 -0.031356160 0.106082611
1773839343.777139 0.002161032 0.000398053 -0.030786032 0.024192749 0.993730068 -0.030443460 0.104826167
1773839343.810776 0.002164696 0.000400006 -0.030796865 0.023386179 0.993867993 -0.031588845 0.103352346
1773839343.844976 0.002167453 0.000401162 -0.030807069 0.023673603 0.993987143 -0.031918287 0.102030970
1773839343.878237 0.002172519 0.000397800 -0.030816136 0.024154549 0.994175732 -0.030654354 0.100456379
1773839343.909978 0.002174371 0.000399421 -0.030830387 0.024045421 0.994236112 -0.030833242 0.099828474
1773839343.944532 0.002178086 0.000399201 -0.030836770 0.025452724 0.994204521 -0.031966478 0.099436544
1773839343.977401 0.002183263 0.000398446 -0.030848328 0.025557261 0.994148612 -0.032911919 0.099660166
1773839344.011865 0.002185456 0.000400898 -0.030858012 0.024398481 0.994004488 -0.035246536 0.100585639
1773839344.044912 0.002190052 0.000401338 -0.030867241 0.025399687 0.993925869 -0.034490146 0.101373963
1773839344.078454 0.002193345 0.000401165 -0.030882223 0.025137207 0.993886530 -0.032443032 0.102494344
1773839344.111695 0.002195609 0.000398065 -0.030888055 0.024815924 0.993705928 -0.034467999 0.103656366
1773839344.144450 0.002198747 0.000400196 -0.030902008 0.024848791 0.993600130 -0.034528434 0.104637690
1773839344.177079 0.002203032 0.000398693 -0.030911867 0.024144163 0.993523657 -0.034922991 0.105395600
1773839344.210609 0.002204693 0.000398725 -0.030924229 0.024936678 0.993434131 -0.032856427 0.106711134
1773839344.244716 0.002208643 0.000399593 -0.030935360 0.024990905 0.993298352 -0.034063533 0.107579932
1773839344.278584 0.002211869 0.000399635 -0.030947788 0.024376964 0.993152857 -0.034978732 0.108764172
1773839344.311755 0.002215796 0.000396752 -0.030956738 0.024605539 0.993058026 -0.033853251 0.109928668
1773839344.345908 0.002217738 0.000398836 -0.030967783 0.023791006 0.992926955 -0.034232613 0.111167207
1773839344.377717 0.002222267 0.000396710 -0.030975120 0.024943173 0.992860496 -0.033386998 0.111764051
1773839344.412651 0.002227058 0.000397954 -0.030984949 0.024610579 0.992807627 -0.033498131 0.112273067
1773839344.444229 0.002232746 0.000397061 -0.030993175 0.024349947 0.992837310 -0.033122610 0.112178549
1773839344.480521 0.002241339 0.000396344 -0.030997515 0.025152992 0.992917717 -0.032621410 0.111433804
1773839344.512544 0.002234737 0.000394722 -0.031019643 0.025002908 0.992878377 -0.031081919 0.112255394
1773839344.545321 0.002234202 0.000396909 -0.031033054 0.024608333 0.992815852 -0.033033252 0.112338208
1773839344.577870 0.002240084 0.000395439 -0.031040665 0.024865905 0.992803574 -0.032878213 0.112435609
1773839344.611861 0.002242724 0.000395795 -0.031050963 0.024519768 0.992795050 -0.031704713 0.112922788
1773839344.644812 0.002246224 0.000395366 -0.031062633 0.023815513 0.992730498 -0.033156082 0.113224082
1773839344.678485 0.002246158 0.000394319 -0.031073047 0.024060788 0.992639482 -0.032765329 0.114080593
1773839344.712180 0.002253133 0.000393105 -0.031083183 0.023544066 0.992618382 -0.034393813 0.113892399
1773839344.746130 0.002255667 0.000393254 -0.031097012 0.023929078 0.992619693 -0.033897758 0.113949560
1773839344.779368 0.002260309 0.000393946 -0.031106183 0.023892067 0.992684007 -0.033569362 0.113493189
1773839344.811809 0.002262614 0.000390951 -0.031116860 0.022542229 0.992691040 -0.036368333 0.112843581
1773839344.845993 0.002266811 0.000390965 -0.031128444 0.023794305 0.992824793 -0.034556281 0.111976273
1773839344.880142 0.002270519 0.000392057 -0.031139934 0.022367101 0.992949069 -0.035549965 0.110851660
1773839344.911495 0.002272882 0.000390849 -0.031151881 0.023751331 0.993044615 -0.033964049 0.110202663
1773839344.946281 0.002275635 0.000390819 -0.031164680 0.023099490 0.993155658 -0.034462348 0.109181307
1773839344.978852 0.002279531 0.000390984 -0.031175675 0.023751579 0.993264675 -0.035012469 0.107866578
1773839345.012446 0.002283175 0.000390461 -0.031183328 0.024074115 0.993355811 -0.035555959 0.106773041
1773839345.044985 0.002286717 0.000390510 -0.031196006 0.024101317 0.993465304 -0.036349431 0.105473034
1773839345.079502 0.002291057 0.000389600 -0.031206042 0.023654705 0.993637204 -0.035854954 0.104115292
1773839345.112868 0.002294041 0.000388966 -0.031218210 0.024101801 0.993792713 -0.034020085 0.103139840
1773839345.145973 0.002298379 0.000388625 -0.031231219 0.023432652 0.993906915 -0.035057724 0.101837613
1773839345.179738 0.002301982 0.000388421 -0.031242233 0.023984905 0.994031489 -0.035462402 0.100341767
1773839345.212903 0.002306406 0.000386332 -0.031250995 0.023026858 0.994171798 -0.036886435 0.098648891
1773839345.246243 0.002310578 0.000384934 -0.031261135 0.022942267 0.994338095 -0.036287628 0.097203963
1773839345.279948 0.002311653 0.000386385 -0.031272721 0.023461271 0.994423091 -0.036814719 0.096004784
1773839345.312069 0.002314806 0.000387022 -0.031281628 0.023134254 0.994473338 -0.038611233 0.094850928
1773839345.346478 0.002318651 0.000385707 -0.031291887 0.023097873 0.994553685 -0.039305516 0.093725577
1773839345.379584 0.002320133 0.000386295 -0.031302478 0.023607096 0.994535208 -0.039625075 0.093660466
1773839345.413236 0.002322742 0.000384874 -0.031312339 0.022505876 0.994503915 -0.040532395 0.093874924
1773839345.446094 0.002325442 0.000386824 -0.031324804 0.024083158 0.994417369 -0.040944751 0.094220892
1773839345.480837 0.002327899 0.000385109 -0.031336427 0.023675863 0.994376123 -0.040384907 0.094998114
1773839345.512315 0.002332222 0.000383332 -0.031345561 0.023100758 0.994308054 -0.041957948 0.095170163
1773839345.546884 0.002335838 0.000383708 -0.031357016 0.024045190 0.994250000 -0.041409310 0.095781267
1773839345.580441 0.002339505 0.000383333 -0.031366751 0.022779487 0.994224310 -0.043152571 0.095587477
1773839345.613578 0.002341482 0.000383565 -0.031376664 0.023072284 0.994204760 -0.043701787 0.095470920
1773839345.646015 0.002343142 0.000381415 -0.031385962 0.023427799 0.994284987 -0.042284083 0.095187418
1773839345.680562 0.002346565 0.000383277 -0.031398248 0.021076204 0.994262516 -0.044341203 0.095035188
1773839345.713791 0.002348621 0.000383049 -0.031408928 0.022549542 0.994300067 -0.042222679 0.095268920
1773839345.747311 0.002351047 0.000381127 -0.031416293 0.021218948 0.994283438 -0.042010594 0.095839739
1773839345.781352 0.002354780 0.000383104 -0.031428520 0.020957183 0.994250774 -0.041846864 0.096306756
1773839345.815131 0.002355854 0.000382407 -0.031439859 0.021025715 0.994204581 -0.041382216 0.096967623
1773839345.847180 0.002356198 0.000380239 -0.031447951 0.020728594 0.994186819 -0.040502179 0.097583093
1773839345.880243 0.002361879 0.000380558 -0.031460892 0.020251565 0.994329572 -0.038623422 0.096988961
1773839345.912430 0.002364909 0.000377722 -0.031467680 0.019429486 0.994344056 -0.038623199 0.097008206
1773839345.948114 0.002368946 0.000381143 -0.031479441 0.018465407 0.994409025 -0.038664453 0.096513242
1773839345.979709 0.002370990 0.000378642 -0.031489544 0.018183108 0.994502425 -0.037566785 0.096036702
1773839346.014143 0.002373421 0.000378538 -0.031496573 0.016567700 0.994562447 -0.037838653 0.095599748
1773839346.047951 0.002374122 0.000376243 -0.031505980 0.017153453 0.994570792 -0.037521157 0.095534556
1773839346.080212 0.002378405 0.000375858 -0.031517651 0.018235117 0.994624257 -0.035227563 0.095650911
1773839346.115084 0.002379503 0.000377758 -0.031524390 0.016399659 0.994502187 -0.039512496 0.095578171
1773839346.148111 0.002383040 0.000379309 -0.031535622 0.019615980 0.994570017 -0.036752790 0.095367312
1773839346.180969 0.002386052 0.000375899 -0.031545050 0.020179085 0.994552016 -0.037914310 0.094981916
1773839346.215126 0.002386738 0.000375309 -0.031553108 0.018183526 0.994584322 -0.039638210 0.094340965
1773839346.247422 0.002387348 0.000377081 -0.031563170 0.019312598 0.994644821 -0.040119372 0.093268819
1773839346.280144 0.002389883 0.000374718 -0.031572368 0.016620906 0.994792879 -0.043457661 0.090676934
1773839346.313994 0.002391551 0.000375121 -0.031581424 0.018947998 0.995073080 -0.041733634 0.087913990
1773839346.347809 0.002398082 0.000376895 -0.031588536 0.017923202 0.995272994 -0.043978088 0.084713802
1773839346.380659 0.002400868 0.000374858 -0.031596787 0.017053770 0.995502889 -0.044507086 0.081868015
1773839346.414577 0.002403726 0.000375743 -0.031607948 0.018205654 0.995695770 -0.044770710 0.079083025
1773839346.448624 0.002409298 0.000375404 -0.031614546 0.017460924 0.995903909 -0.045390602 0.076224901
1773839346.481162 0.002407964 0.000375818 -0.031625431 0.017774841 0.995952845 -0.046900306 0.074581720
1773839346.514758 0.002411151 0.000374715 -0.031633288 0.018568991 0.995985389 -0.048103061 0.073173799
1773839346.547601 0.002417269 0.000373261 -0.031643983 0.017458618 0.996126711 -0.047779027 0.071721695
1773839346.581699 0.002417282 0.000373953 -0.031651743 0.018184770 0.996107101 -0.047565669 0.071954593
1773839346.616869 0.002421045 0.000374433 -0.031660538 0.019608809 0.996100962 -0.047090076 0.071978755
1773839346.648875 0.002421108 0.000371804 -0.031670094 0.017761972 0.995985389 -0.049364276 0.072531864
1773839346.681793 0.002421996 0.000371503 -0.031678487 0.019332543 0.995947480 -0.048737120 0.073072195
1773839346.714435 0.002425247 0.000371604 -0.031685200 0.019365545 0.995876133 -0.049065161 0.073813021
1773839346.747517 0.002426831 0.000371607 -0.031696688 0.018706784 0.995846927 -0.049105294 0.074347869
1773839346.782035 0.002428174 0.000371230 -0.031706281 0.019826775 0.995820284 -0.048078723 0.075082429
1773839346.814473 0.002431465 0.000370665 -0.031715952 0.017931286 0.995834649 -0.047934849 0.075458832
1773839346.847668 0.002430058 0.000368763 -0.031723369 0.019192562 0.995830238 -0.046125002 0.076329805
1773839346.882045 0.002433448 0.000370014 -0.031734992 0.017987452 0.995810211 -0.046775393 0.076488569
1773839346.914464 0.002433675 0.000368745 -0.031743944 0.018757336 0.995770216 -0.046677168 0.076883093
1773839346.947406 0.002435660 0.000368628 -0.031753968 0.018774269 0.995763481 -0.046858322 0.076856077
1773839346.981622 0.002438497 0.000369160 -0.031763468 0.017574796 0.995751500 -0.046843845 0.077302650
1773839347.015718 0.002439509 0.000367902 -0.031773530 0.018403219 0.995723665 -0.045631025 0.078189246
1773839347.047656 0.002446602 0.000369225 -0.031781606 0.017244672 0.995689094 -0.046032351 0.078657255
1773839347.081984 0.002445893 0.000366109 -0.031789962 0.018390670 0.995573044 -0.045193534 0.080334060
1773839347.114325 0.002449295 0.000367237 -0.031795532 0.018877808 0.995489657 -0.044964630 0.081376120
1773839347.148623 0.002452076 0.000365222 -0.031806663 0.018730767 0.995423734 -0.044610385 0.082405508
1773839347.181859 0.002453763 0.000364270 -0.031814229 0.020288574 0.995342493 -0.043308780 0.083702207
1773839347.215376 0.002454182 0.000365566 -0.031825598 0.019631578 0.995163977 -0.044517498 0.085331343
1773839347.249070 0.002455168 0.000364556 -0.031830702 0.019565903 0.995012641 -0.045400754 0.086635903
1773839347.282142 0.002457540 0.000362943 -0.031839766 0.019718656 0.994895995 -0.045254063 0.088007182
1773839347.315488 0.002459770 0.000362733 -0.031847157 0.020316649 0.994794011 -0.044988077 0.089153156
1773839347.349347 0.002460113 0.000364923 -0.031859286 0.019346541 0.994659543 -0.046105042 0.090291090
1773839347.382314 0.002459823 0.000362603 -0.031868100 0.020258531 0.994614661 -0.044682965 0.091294385
1773839347.414635 0.002463767 0.000363459 -0.031874396 0.019600971 0.994576991 -0.045231987 0.091577686
1773839347.450914 0.002465442 0.000362717 -0.031886734 0.020869168 0.994580448 -0.044124886 0.091799594
1773839347.483285 0.002467580 0.000360599 -0.031893935 0.020446470 0.994553268 -0.044967722 0.091780074
1773839347.515400 0.002468179 0.000362267 -0.031904567 0.019256875 0.994627237 -0.044020690 0.091695070
1773839347.548692 0.002470972 0.000362692 -0.031910729 0.019695241 0.994671404 -0.044075385 0.091094777
1773839347.581920 0.002471150 0.000360860 -0.031919524 0.020301886 0.994715631 -0.043200888 0.090897344
1773839347.616038 0.002472411 0.000360746 -0.031929072 0.019829648 0.994800806 -0.042348888 0.090469539
1773839347.647920 0.002470834 0.000360360 -0.031940300 0.019717602 0.994792402 -0.042760953 0.090392798
1773839347.681978 0.002476127 0.000358975 -0.031947292 0.019780256 0.994845271 -0.042816546 0.089768507
1773839347.715815 0.002475683 0.000358768 -0.031957287 0.019703295 0.994856536 -0.042401038 0.089857481
1773839347.748693 0.002477777 0.000360586 -0.031966101 0.020256665 0.994899869 -0.041971020 0.089455858
1773839347.783643 0.002479909 0.000359180 -0.031977076 0.020513372 0.994980991 -0.040619582 0.089118391
1773839347.815950 0.002483646 0.000358507 -0.031985629 0.020147081 0.994927406 -0.041556440 0.089367628
1773839347.849135 0.002483251 0.000358538 -0.031997200 0.021027463 0.994938135 -0.040685955 0.089445956
1773839347.882781 0.002489064 0.000359043 -0.032008778 0.020053539 0.995005667 -0.039911654 0.089267239
1773839347.916457 0.002490615 0.000357372 -0.032018151 0.020740058 0.995039642 -0.038796753 0.089223064
1773839347.950104 0.002495524 0.000355665 -0.032028522 0.021169379 0.995134413 -0.038276684 0.088284887
1773839347.981916 0.002496560 0.000357923 -0.032038998 0.020809229 0.995192766 -0.038294755 0.087703116
1773839348.016908 0.002497887 0.000357299 -0.032047693 0.021006132 0.995223582 -0.039018270 0.086984642
1773839348.049792 0.002501922 0.000355904 -0.032057121 0.021316361 0.995313168 -0.038648698 0.086043917
1773839348.083560 0.002503462 0.000354821 -0.032068785 0.021011168 0.995330751 -0.039114829 0.085704468
1773839348.116695 0.002505769 0.000355039 -0.032079209 0.021993227 0.995323479 -0.038989384 0.085599571
1773839348.149242 0.002509754 0.000354085 -0.032089997 0.021409141 0.995369911 -0.038325600 0.085507423
1773839348.183009 0.002512856 0.000353455 -0.032101382 0.022072777 0.995370746 -0.038364466 0.085311651
1773839348.215532 0.002515904 0.000352883 -0.032112651 0.022245307 0.995409071 -0.038134329 0.084921487
1773839348.251342 0.002515096 0.000355991 -0.032124311 0.022485493 0.995341003 -0.039287802 0.085130475
1773839348.283498 0.002518723 0.000352349 -0.032134507 0.023012325 0.995335996 -0.039346285 0.085020907
1773839348.315938 0.002518297 0.000354532 -0.032144826 0.022289190 0.995322526 -0.039642561 0.085233063
1773839348.351160 0.002523519 0.000353080 -0.032152284 0.022879902 0.995333314 -0.040125277 0.084723227
1773839348.383348 0.002526459 0.000352721 -0.032165252 0.023245148 0.995374620 -0.039847948 0.084268823
1773839348.416083 0.002531728 0.000351422 -0.032177605 0.021949528 0.995550215 -0.038150311 0.083322339
1773839348.450072 0.002532174 0.000352738 -0.032185610 0.022820219 0.995470285 -0.039729651 0.083304949
1773839348.483835 0.002535397 0.000351695 -0.032198865 0.022557223 0.995528758 -0.039570730 0.082751177
1773839348.517247 0.002539048 0.000350374 -0.032208938 0.021761376 0.995556772 -0.040605702 0.082124084
1773839348.549649 0.002540901 0.000349086 -0.032219946 0.022995375 0.995559037 -0.040444575 0.081838824
1773839348.584650 0.002542276 0.000350561 -0.032228909 0.022403579 0.995535016 -0.041060738 0.081988603
1773839348.617494 0.002544132 0.000346856 -0.032239571 0.022630122 0.995493710 -0.041484483 0.082214572
1773839348.650485 0.002546957 0.000347993 -0.032251183 0.022815639 0.995454490 -0.041637674 0.082559474
1773839348.684567 0.002550134 0.000347147 -0.032260511 0.023251509 0.995369077 -0.042109530 0.083225504
1773839348.716544 0.002553193 0.000348696 -0.032272737 0.023520796 0.995264113 -0.042921029 0.083987281
1773839348.750181 0.002554153 0.000349747 -0.032281797 0.024637397 0.995112717 -0.043402709 0.085205041
1773839348.783582 0.002555985 0.000347107 -0.032294523 0.023473406 0.995014012 -0.044346824 0.086194217
1773839348.818178 0.002562703 0.000345237 -0.032301564 0.023799237 0.994993746 -0.043356258 0.086840667
1773839348.851709 0.002562888 0.000346554 -0.032315500 0.025517721 0.994865358 -0.043089826 0.087949105
1773839348.883465 0.002565165 0.000346963 -0.032325685 0.023241391 0.994822562 -0.043824680 0.088697508
1773839348.917831 0.002567939 0.000347207 -0.032337561 0.024092760 0.994732797 -0.044437103 0.089171648
1773839348.949574 0.002569910 0.000344357 -0.032351919 0.023030212 0.994781911 -0.043542877 0.089345463
1773839348.983300 0.002574496 0.000342651 -0.032358777 0.023603968 0.994827032 -0.042348694 0.089267232
1773839349.017896 0.002576410 0.000343048 -0.032370463 0.022851560 0.994866431 -0.042315174 0.089039721
1773839349.050983 0.002578039 0.000341300 -0.032380786 0.022919461 0.994895875 -0.041841414 0.088916801
1773839349.085228 0.002580983 0.000342016 -0.032390166 0.023663608 0.994982302 -0.040818486 0.088227369
1773839349.118023 0.002581846 0.000341663 -0.032401014 0.022411231 0.995053351 -0.040746581 0.087785617
1773839349.149615 0.002585359 0.000341585 -0.032413252 0.022542078 0.995091379 -0.040507644 0.087430552
1773839349.183930 0.002588338 0.000340193 -0.032424346 0.022883091 0.995109141 -0.040260471 0.087253749
1773839349.216300 0.002591819 0.000340101 -0.032435205 0.021691820 0.995068848 -0.040441781 0.087931737
1773839349.252111 0.002593287 0.000339718 -0.032443538 0.022282390 0.995006204 -0.039273761 0.089015290
1773839349.284728 0.002593005 0.000339998 -0.032453716 0.022441162 0.994909883 -0.038903669 0.090206847
1773839349.317348 0.002600121 0.000338879 -0.032464050 0.021661092 0.994851172 -0.039678488 0.090706065
1773839349.350658 0.002600886 0.000337644 -0.032474749 0.021900123 0.994786143 -0.039588880 0.091398239
1773839349.384660 0.002599723 0.000334857 -0.032484639 0.022639740 0.994727612 -0.037897799 0.092564449
1773839349.418363 0.002606119 0.000336582 -0.032496754 0.021960152 0.994716644 -0.038842108 0.092454426
1773839349.450489 0.002608003 0.000335899 -0.032507915 0.022244634 0.994660556 -0.039293744 0.092798509
1773839349.485690 0.002611858 0.000335071 -0.032518670 0.021759596 0.994609118 -0.040082198 0.093127340
1773839349.519681 0.002615358 0.000334509 -0.032528337 0.022719361 0.994593084 -0.038683239 0.093659274
1773839349.553180 0.002613955 0.000332975 -0.032538768 0.021487067 0.994461119 -0.039824847 0.094865307
1773839349.585248 0.002619869 0.000334429 -0.032547168 0.022534501 0.994391620 -0.040111620 0.095228948
1773839349.618871 0.002621356 0.000334054 -0.032558542 0.021731621 0.994367123 -0.041171111 0.095219091
1773839349.652085 0.002625328 0.000334470 -0.032570589 0.022240177 0.994412720 -0.040698428 0.094828010
1773839349.685280 0.002631381 0.000334194 -0.032582827 0.021305257 0.994515359 -0.041237283 0.093727157
1773839349.718001 0.002632677 0.000334219 -0.032593563 0.019981051 0.994581819 -0.042161219 0.092898898
1773839349.751100 0.002632802 0.000333433 -0.032604333 0.021367425 0.994654536 -0.041468669 0.092120133
1773839349.784186 0.002637994 0.000331537 -0.032615554 0.021141693 0.994844615 -0.040306460 0.090623729
1773839349.818364 0.002641158 0.000330737 -0.032626800 0.020795926 0.994989574 -0.040062483 0.089209028
1773839349.852618 0.002644022 0.000330820 -0.032635145 0.020736516 0.995035827 -0.040605020 0.088458978
1773839349.885650 0.002645705 0.000329653 -0.032646533 0.021135584 0.995115340 -0.040141072 0.087678134
1773839349.917871 0.002651128 0.000329259 -0.032657079 0.020775041 0.995228767 -0.039538562 0.086746164
1773839349.952139 0.002650197 0.000329018 -0.032666963 0.019073902 0.995244741 -0.039723027 0.086869068
1773839349.985304 0.002654620 0.000328303 -0.032675605 0.018732810 0.995281875 -0.039634541 0.086557344
1773839350.018458 0.002657005 0.000326499 -0.032689072 0.018959062 0.995246053 -0.039293613 0.087074466
1773839350.051314 0.002656544 0.000328464 -0.032697909 0.018900327 0.995075941 -0.040059928 0.088666886
1773839350.085652 0.002660625 0.000329363 -0.032707077 0.019142257 0.994941056 -0.039490007 0.090368330
1773839350.118227 0.002666394 0.000328585 -0.032717600 0.018101931 0.994787633 -0.039960988 0.092048921
1773839350.152057 0.002668057 0.000328296 -0.032726280 0.018328791 0.994600475 -0.039579500 0.094166785
1773839350.184508 0.002667044 0.000328376 -0.032740097 0.018301034 0.994403839 -0.039091833 0.096425682
1773839350.217616 0.002672683 0.000328619 -0.032747734 0.017800637 0.994206369 -0.041177072 0.097679220
1773839350.252505 0.002670265 0.000326334 -0.032758497 0.018902546 0.994020939 -0.040584594 0.099588662
1773839350.284419 0.002676240 0.000326227 -0.032767862 0.018062370 0.993932724 -0.041182473 0.100376770
1773839350.318603 0.002679327 0.000325310 -0.032776967 0.018292513 0.993903458 -0.040160365 0.101036794
1773839350.351921 0.002679326 0.000326730 -0.032786462 0.017899048 0.993807316 -0.040380243 0.101960741
1773839350.385646 0.002683306 0.000325481 -0.032795459 0.017191533 0.993752956 -0.040928259 0.102393255
1773839350.419371 0.002685581 0.000326022 -0.032803562 0.017301718 0.993682086 -0.041809063 0.102706417
1773839350.452801 0.002688413 0.000324008 -0.032812238 0.017072946 0.993631721 -0.043161754 0.102672078
1773839350.486663 0.002690701 0.000321526 -0.032824840 0.018461259 0.993691921 -0.042315044 0.102200873
1773839350.517698 0.002690615 0.000323266 -0.032832190 0.017169114 0.993625224 -0.044202711 0.102275215
1773839350.551786 0.002696727 0.000322070 -0.032838870 0.018200466 0.993821383 -0.042777874 0.100785829
1773839350.585571 0.002695696 0.000324833 -0.032850631 0.017645916 0.993885040 -0.042245105 0.100481309
1773839350.618638 0.002698721 0.000323744 -0.032858673 0.017730987 0.993882179 -0.043148398 0.100110061
1773839350.653558 0.002702292 0.000324413 -0.032866716 0.017798174 0.993914187 -0.043105442 0.099798366
1773839350.686488 0.002705652 0.000321914 -0.032875109 0.017649865 0.993864536 -0.043039352 0.100345969
1773839350.718545 0.002708702 0.000322183 -0.032885905 0.018370559 0.993861139 -0.041932181 0.100718394
1773839350.753275 0.002709140 0.000320219 -0.032894470 0.018748462 0.993860185 -0.040589362 0.101207219
1773839350.785449 0.002710667 0.000320550 -0.032903831 0.018817784 0.993790925 -0.040757015 0.101805545
1773839350.819876 0.002710649 0.000321182 -0.032915037 0.018879695 0.993703365 -0.041286964 0.102432884
1773839350.853642 0.002714193 0.000326257 -0.032923933 0.018892055 0.993787229 -0.040646981 0.101871289
1773839350.887908 0.002715470 0.000318427 -0.032934193 0.018441226 0.993904591 -0.040300984 0.100942336
1773839350.922813 0.002718867 0.000321432 -0.032941855 0.018375399 0.994040787 -0.039748996 0.099825919
1773839350.954650 0.002721366 0.000317115 -0.032953087 0.018351004 0.994214416 -0.038583502 0.098550640
1773839350.988237 0.002722079 0.000316754 -0.032960083 0.018796299 0.994354784 -0.038670450 0.097004391
1773839351.021294 0.002728989 0.000318519 -0.032968808 0.017931629 0.994599104 -0.037603900 0.095063038
1773839351.054853 0.002726359 0.000315248 -0.032979399 0.018077122 0.994757712 -0.036722917 0.093711086
1773839351.087080 0.002730345 0.000315729 -0.032987565 0.017855285 0.994961262 -0.036465917 0.091670454
1773839351.120827 0.002730968 0.000314924 -0.032996915 0.018927159 0.995126426 -0.036453675 0.089645006
1773839351.156278 0.002734281 0.000314984 -0.033003431 0.016743517 0.995363951 -0.035825238 0.087674171
1773839351.187620 0.002736845 0.000313360 -0.033013906 0.019096712 0.995476723 -0.035358306 0.086088434
1773839351.218932 0.002732237 0.000313330 -0.033026557 0.017486522 0.995550931 -0.036201503 0.085217096
1773839351.254134 0.002738402 0.000312206 -0.033032361 0.017702501 0.995668769 -0.035443772 0.084107265
1773839351.285976 0.002743218 0.000314821 -0.033040386 0.018756406 0.995687544 -0.036334261 0.083272606
1773839351.320618 0.002744049 0.000313874 -0.033050559 0.016941996 0.995748162 -0.035578448 0.083263248
1773839351.353931 0.002743859 0.000313893 -0.033064127 0.018144254 0.995771229 -0.033839360 0.083459042
1773839351.386116 0.002749823 0.000317033 -0.033071909 0.017890420 0.995723426 -0.034830209 0.083676025
1773839351.420671 0.002749337 0.000316677 -0.033078928 0.018556116 0.995617688 -0.034980923 0.084719829
1773839351.454137 0.002751342 0.000314789 -0.033085529 0.018196264 0.995543957 -0.035412733 0.085481063
1773839351.486501 0.002753629 0.000313148 -0.033097208 0.019267356 0.995521843 -0.035261765 0.085566089
1773839351.519635 0.002756752 0.000312471 -0.033107564 0.019226551 0.995578349 -0.033746209 0.085529782
1773839351.553788 0.002755218 0.000313385 -0.033119954 0.018869769 0.995583534 -0.033767022 0.085540242
1773839351.586426 0.002759992 0.000313686 -0.033130087 0.019732941 0.995541632 -0.034282949 0.085627712
1773839351.620748 0.002760703 0.000311343 -0.033140399 0.019934377 0.995540321 -0.034606356 0.085466377
1773839351.655284 0.002764309 0.000310195 -0.033150658 0.019775162 0.995624900 -0.033101257 0.085113384
1773839351.687489 0.002764656 0.000312187 -0.033159457 0.020338487 0.995641530 -0.032452587 0.085035846
1773839351.722430 0.002764651 0.000311612 -0.033170756 0.020459853 0.995640755 -0.032266200 0.085086830
1773839351.754289 0.002772017 0.000311744 -0.033177666 0.020942478 0.995744765 -0.031025512 0.084209554
1773839351.786511 0.002772792 0.000312808 -0.033191696 0.021650273 0.995719552 -0.030722527 0.084439091
1773839351.820567 0.002774255 0.000311280 -0.033202969 0.021330310 0.995725453 -0.030586064 0.084500201
1773839351.854854 0.002771075 0.000312416 -0.033211008 0.021876648 0.995685041 -0.030255158 0.084954709
1773839351.889453 0.002770823 0.000309398 -0.033223018 0.022375518 0.995646060 -0.030859448 0.085064143
1773839351.921013 0.002774841 0.000311440 -0.033233259 0.021969413 0.995653272 -0.030819515 0.085100673
1773839351.955528 0.002770998 0.000310360 -0.033241920 0.021617323 0.995520532 -0.032001521 0.086298600
1773839351.990566 0.002771759 0.000310129 -0.033254504 0.022411859 0.995472610 -0.030852096 0.087063722
1773839352.020585 0.002774302 0.000310019 -0.033263098 0.022729808 0.995383024 -0.031491078 0.087774307
1773839352.055634 0.002776846 0.000308192 -0.033274822 0.022343405 0.995387316 -0.029836427 0.088400446
1773839352.088354 0.002778204 0.000309604 -0.033282954 0.022158109 0.995306015 -0.030533222 0.089121692
1773839352.120620 0.002782373 0.000310626 -0.033291887 0.022323996 0.995292544 -0.030409059 0.089273222
1773839352.154005 0.002785952 0.000309128 -0.033303313 0.022963686 0.995258749 -0.030305572 0.089522377
1773839352.187438 0.002785180 0.000311560 -0.033312716 0.022454098 0.995240569 -0.030060444 0.089935273
1773839352.222004 0.002788396 0.000308744 -0.033327360 0.022413138 0.995229125 -0.029523559 0.090249337
1773839352.253711 0.002788633 0.000309367 -0.033335321 0.022710152 0.995159626 -0.030540019 0.090602815
1773839352.287468 0.002788777 0.000304854 -0.033342119 0.022676937 0.995113909 -0.030794740 0.091026157
1773839352.321030 0.002793225 0.000309381 -0.033355314 0.021042015 0.995092571 -0.031220747 0.091505565
1773839352.353467 0.002794470 0.000308821 -0.033363938 0.023207363 0.994978130 -0.028733503 0.093028881
1773839352.389205 0.002791212 0.000311018 -0.033375595 0.022979200 0.994728804 -0.030104395 0.095291078
1773839352.421633 0.002800287 0.000310170 -0.033389043 0.026104074 0.994496942 -0.030725904 0.096697003
1773839352.455369 0.002800725 0.000308592 -0.033397596 0.019761831 0.994753361 -0.024472279 0.097346835
1773839352.487622 0.002804816 0.000310549 -0.033407815 0.024343600 0.994821548 -0.019115727 0.096809283
1773839352.520302 0.002807245 0.000311364 -0.033417303 0.025180470 0.994344115 -0.030113384 0.098685928
1773839352.555677 0.002810517 0.000310138 -0.033425357 0.018436952 0.994266689 -0.035649635 0.099110827
1773839352.588126 0.002808350 0.000312702 -0.033437245 0.026019331 0.994322300 -0.028564064 0.099147588
1773839352.620341 0.002809453 0.000311332 -0.033449326 0.022961963 0.994541943 -0.026125822 0.098369494
1773839352.656857 0.002815299 0.000307414 -0.033453196 0.024382191 0.994421601 -0.029993037 0.098140918
1773839352.687978 0.002817463 0.000312399 -0.033467568 0.023756159 0.994522452 -0.031056358 0.096933968
1773839352.722462 0.002819679 0.000308371 -0.033475004 0.022837603 0.994774163 -0.030122207 0.094844334
1773839352.755784 0.002826183 0.000307171 -0.033486698 0.021674693 0.994894385 -0.032320663 0.093116932
1773839352.789008 0.002824564 0.000309258 -0.033493850 0.024777645 0.995018959 -0.029995874 0.091780119
1773839352.822901 0.002826695 0.000307770 -0.033510968 0.023015564 0.995220482 -0.029955614 0.090050966
1773839352.856215 0.002831998 0.000304533 -0.033514872 0.023314929 0.995383441 -0.029592104 0.088275455
1773839352.891966 0.002831828 0.000303653 -0.033529885 0.023294557 0.995458126 -0.029927194 0.087320440
1773839352.922813 0.002837169 0.000305966 -0.033537932 0.022879373 0.995577693 -0.029562198 0.086184449
1773839352.957808 0.002836964 0.000309214 -0.033549104 0.023999240 0.995547712 -0.029393533 0.086283028
1773839352.989616 0.002844451 0.000305306 -0.033560641 0.024441743 0.995601892 -0.027666742 0.086104997
1773839353.022712 0.002848077 0.000309238 -0.033568460 0.023842877 0.995572865 -0.027325124 0.086715423
1773839353.055910 0.002847270 0.000304108 -0.033582993 0.023183955 0.995476782 -0.028512094 0.087610133
1773839353.089940 0.002852441 0.000305799 -0.033589710 0.024568846 0.995400608 -0.027288696 0.088483773
1773839353.124198 0.002853360 0.000313475 -0.033604767 0.022155754 0.995330751 -0.026832275 0.090032257
1773839353.157154 0.002860341 0.000311416 -0.033612963 0.024028299 0.995249152 -0.025701137 0.090781428
1773839353.188474 0.002860630 0.000302001 -0.033619490 0.023270857 0.995201766 -0.024612352 0.091793761
1773839353.222739 0.002865338 0.000303874 -0.033635460 0.021723289 0.995239139 -0.023059709 0.092170335
1773839353.256703 0.002867056 0.000307377 -0.033645924 0.022129718 0.995215654 -0.022554385 0.092452064
1773839353.289510 0.002873311 0.000306841 -0.033656020 0.021787345 0.995193243 -0.023907002 0.092434272
1773839353.323205 0.002873243 0.000306761 -0.033667229 0.022153066 0.995086193 -0.023842145 0.093510590
1773839353.356369 0.002877564 0.000303570 -0.033674050 0.021646382 0.995031059 -0.023333896 0.094340816
1773839353.389218 0.002880450 0.000303269 -0.033686642 0.021250134 0.994867682 -0.022050291 0.096439146
1773839353.423800 0.002879307 0.000304257 -0.033693440 0.022789121 0.994581103 -0.020615561 0.099318013
1773839353.455510 0.002879937 0.000306227 -0.033707265 0.021605060 0.994286835 -0.024336524 0.101658978
1773839353.488486 0.002885329 0.000307418 -0.033716045 0.023119576 0.994129777 -0.022216804 0.103333466
1773839353.523240 0.002887919 0.000307038 -0.033726215 0.021289829 0.993999124 -0.024647988 0.104426950
1773839353.558228 0.002891515 0.000307147 -0.033737224 0.022496251 0.993850887 -0.023083687 0.105931140
1773839353.589364 0.002894762 0.000306571 -0.033746798 0.021380285 0.993764579 -0.024172010 0.106726095
1773839353.623915 0.002893439 0.000306803 -0.033757865 0.022043649 0.993651867 -0.023330282 0.107822597
1773839353.656999 0.002897718 0.000304986 -0.033766124 0.022395862 0.993557274 -0.023835026 0.108509310
1773839353.690030 0.002901236 0.000306894 -0.033777356 0.022297565 0.993450701 -0.024893884 0.109264694
1773839353.723276 0.002902776 0.000303861 -0.033788711 0.023498882 0.993374109 -0.024522444 0.109792180
1773839353.757084 0.002906062 0.000306853 -0.033797309 0.022369543 0.993449628 -0.022454266 0.109787166
1773839353.791167 0.002905337 0.000304043 -0.033809576 0.023211110 0.993359804 -0.024607172 0.109963387
1773839353.825133 0.002908024 0.000304462 -0.033818804 0.023564031 0.993489861 -0.024194140 0.108798943
1773839353.857064 0.002910617 0.000305254 -0.033832408 0.023497295 0.993638515 -0.023908921 0.107511379
1773839353.892335 0.002911683 0.000305138 -0.033840984 0.023028677 0.993797302 -0.024754319 0.105942257
1773839353.924282 0.002916351 0.000309089 -0.033851035 0.023210585 0.993966758 -0.024924574 0.104259826
1773839353.957775 0.002919562 0.000306178 -0.033860639 0.024423344 0.994150817 -0.025908373 0.101962872
1773839353.991113 0.002920465 0.000306633 -0.033869274 0.023662832 0.994333982 -0.026316045 0.100236908
1773839354.022562 0.002922476 0.000305685 -0.033878487 0.025387365 0.994464457 -0.027827263 0.098089807
1773839354.057275 0.002920854 0.000305399 -0.033893708 0.027918566 0.994523525 -0.027088929 0.097003251
1773839354.089565 0.002922502 0.000299987 -0.033903137 0.024813559 0.994786859 -0.026718963 0.095233962
1773839354.123861 0.002923005 0.000305948 -0.033915527 0.026371492 0.994885802 -0.026402758 0.093860142
1773839354.157970 0.002923504 0.000301086 -0.033923849 0.026216362 0.995007455 -0.025959935 0.092730775
1773839354.190527 0.002923283 0.000306026 -0.033934057 0.028073018 0.995015681 -0.025968984 0.092093684
1773839354.224024 0.002925058 0.000303339 -0.033945441 0.028782766 0.995107353 -0.025432996 0.091028102
1773839354.257017 0.002932512 0.000302078 -0.033958394 0.028862294 0.995193362 -0.024351763 0.090355389
1773839354.290724 0.002930384 0.000301157 -0.033968136 0.027896561 0.995223343 -0.024818452 0.090201169
1773839354.323742 0.002937961 0.000303673 -0.033977959 0.028635647 0.995201170 -0.025647864 0.089982428
1773839354.357625 0.002936177 0.000300108 -0.033989031 0.027547870 0.995234966 -0.025327405 0.090039000
1773839354.390995 0.002935964 0.000299460 -0.033998955 0.028156348 0.995207250 -0.025044624 0.090236023
1773839354.423992 0.002943892 0.000303825 -0.034010042 0.027336584 0.995324969 -0.023512190 0.089600056
1773839354.457410 0.002948402 0.000306119 -0.034022581 0.028243501 0.995301843 -0.024116829 0.089414716
1773839354.491313 0.002944681 0.000304191 -0.034033116 0.028531075 0.995311201 -0.022790659 0.089566804
1773839354.523389 0.002945176 0.000301859 -0.034042470 0.027955063 0.995323837 -0.022629278 0.089648381
1773839354.558094 0.002946927 0.000304602 -0.034056276 0.028372986 0.995374918 -0.020517256 0.089457996
1773839354.591534 0.002947388 0.000302028 -0.034068361 0.029522128 0.995417535 -0.018818803 0.088984050
1773839354.624670 0.002949613 0.000303433 -0.034075666 0.028205222 0.995464146 -0.021207176 0.088350736
1773839354.656891 0.002957733 0.000304690 -0.034088098 0.028355900 0.995599747 -0.020611189 0.086903684
1773839354.690436 0.002955896 0.000304634 -0.034097061 0.029480230 0.995549023 -0.019341590 0.087400772
1773839354.724609 0.002955555 0.000304484 -0.034106534 0.030251229 0.995392263 -0.019788057 0.088811606
1773839354.758769 0.002954828 0.000303139 -0.034114815 0.028274072 0.995264709 -0.020704063 0.090664878
1773839354.791074 0.002958425 0.000305268 -0.034126226 0.030159196 0.995007992 -0.020201692 0.092959538
1773839354.824384 0.002960003 0.000303925 -0.034137852 0.029631699 0.994777083 -0.019188074 0.095772482
1773839354.858600 0.002958892 0.000305569 -0.034144878 0.028090222 0.994502306 -0.021077342 0.098649777
1773839354.890586 0.002964209 0.000305513 -0.034158036 0.030355442 0.994273484 -0.018711217 0.100740492
1773839354.925068 0.002965286 0.000305664 -0.034169659 0.029775487 0.993957579 -0.020651501 0.103611030
1773839354.960183 0.002965694 0.000304378 -0.034174699 0.030012881 0.993592560 -0.019820441 0.107145742
1773839354.992549 0.002963996 0.000302484 -0.034183946 0.029792303 0.993103921 -0.020648178 0.111493073
1773839355.024307 0.002965481 0.000303420 -0.034193911 0.030676104 0.992213905 -0.021214873 0.118829548
1773839355.058113 0.002965359 0.000300944 -0.034200959 0.027070582 0.990868330 -0.025721248 0.129559189
1773839355.091316 0.002971585 0.000303289 -0.034216177 0.032442439 0.989667475 -0.015802288 0.138766184
1773839355.125163 0.002975056 0.000302012 -0.034226902 0.029468032 0.988668025 -0.005676112 0.147088423
1773839355.158232 0.002971638 0.000299227 -0.034233298 0.030904112 0.987200439 -0.010256764 0.156125128
1773839355.192158 0.002979028 0.000302332 -0.034239810 0.031336896 0.985798359 -0.024214549 0.163196966
1773839355.226247 0.002978360 0.000303684 -0.034252569 0.031252287 0.984749913 -0.019962048 0.169977665
1773839355.258837 0.002980601 0.000303433 -0.034261379 0.031227967 0.983714104 -0.022185294 0.175610721
1773839355.294158 0.002979657 0.000301617 -0.034267332 0.031610377 0.982802927 -0.018743381 0.180963591
1773839355.325748 0.002987927 0.000301932 -0.034283072 0.031148653 0.982026994 -0.019038945 0.185176313
1773839355.357499 0.002986829 0.000303306 -0.034286842 0.031033413 0.981153250 -0.020890651 0.189575389
1773839355.391787 0.002990788 0.000300880 -0.034294281 0.031212993 0.980285525 -0.018796898 0.194197476
1773839355.425108 0.002994561 0.000305275 -0.034300927 0.031701911 0.979107738 -0.021301398 0.199722797
1773839355.457967 0.002997225 0.000304772 -0.034307409 0.031848036 0.977616251 -0.021853887 0.206819922
1773839355.492400 0.002999553 0.000303885 -0.034320481 0.031153498 0.975840628 -0.021407742 0.215188712
1773839355.525948 0.003009293 0.000307292 -0.034326255 0.031885896 0.973855674 -0.020911682 0.223944306
1773839355.559656 0.003006656 0.000304400 -0.034331895 0.031703934 0.971206248 -0.021492131 0.235141069
1773839355.592153 0.003008230 0.000304960 -0.034337468 0.032834873 0.968136251 -0.021839710 0.247299626
1773839355.624068 0.003011448 0.000301858 -0.034339838 0.031802002 0.964793563 -0.021988351 0.260150880
1773839355.658068 0.003013599 0.000304580 -0.034350589 0.033175014 0.960666716 -0.022645900 0.274783611
1773839355.691350 0.003013502 0.000303887 -0.034352966 0.032852635 0.956295848 -0.023994733 0.289556772
1773839355.725982 0.003020303 0.000304912 -0.034365855 0.034520514 0.951577485 -0.023365103 0.304569632
1773839355.759024 0.003024086 0.000305680 -0.034363776 0.033503253 0.946818054 -0.024598517 0.319073677
1773839355.791715 0.003021855 0.000302888 -0.034376986 0.034883674 0.941457391 -0.023390040 0.334505498
1773839355.825315 0.003028246 0.000304513 -0.034380879 0.033904411 0.936446786 -0.025395403 0.348242670
1773839355.858681 0.003027899 0.000302027 -0.034383927 0.034201577 0.931018412 -0.024667948 0.362527877
1773839355.894541 0.003032909 0.000304136 -0.034387313 0.033670150 0.925884604 -0.025653332 0.375427604
1773839355.926273 0.003037092 0.000302537 -0.034395475 0.035734918 0.920553207 -0.025714399 0.388128281
1773839355.960840 0.003041432 0.000303128 -0.034402598 0.035105333 0.915193617 -0.026373919 0.400615364
1773839355.991250 0.003043219 0.000303498 -0.034410618 0.036567505 0.909844518 -0.025447212 0.412550807
1773839356.026896 0.003042000 0.000301656 -0.034408323 0.034481578 0.904479682 -0.026230622 0.424310625
1773839356.061442 0.003045722 0.000300326 -0.034416713 0.034867000 0.898954272 -0.026772190 0.435831159
1773839356.093690 0.003047655 0.000303242 -0.034416735 0.034815796 0.893265963 -0.027624505 0.447326213
1773839356.126850 0.003049807 0.000300572 -0.034427244 0.034259282 0.887087703 -0.028817071 0.459424913
1773839356.159243 0.003051903 0.000304619 -0.034432884 0.036448881 0.880875766 -0.028577896 0.471076131
1773839356.194534 0.003048602 0.000301000 -0.034436803 0.036433600 0.874482393 -0.028494516 0.482846886
1773839356.227556 0.003057900 0.000301086 -0.034447100 0.035744209 0.868050516 -0.029778909 0.494291306
1773839356.259909 0.003064511 0.000301907 -0.034448519 0.035480093 0.862042367 -0.030710727 0.504659295
1773839356.292565 0.003058565 0.000301505 -0.034451324 0.036093242 0.855432987 -0.028592514 0.515862525
1773839356.325247 0.003063621 0.000299730 -0.034455642 0.034836773 0.849405289 -0.031058919 0.525673211
1773839356.358974 0.003064519 0.000302891 -0.034456577 0.035586711 0.842808366 -0.029595047 0.536220014
1773839356.392382 0.003059118 0.000299747 -0.034464702 0.036291908 0.835345447 -0.032420736 0.547567129
1773839356.425824 0.003066120 0.000301876 -0.034470096 0.038036633 0.828417361 -0.031722635 0.557917297
1773839356.460271 0.003056307 0.000300848 -0.034472670 0.037248630 0.820837021 -0.032995407 0.568990767
1773839356.492592 0.003068535 0.000298529 -0.034486346 0.035451483 0.813344836 -0.032313541 0.579801023
1773839356.527517 0.003072287 0.000300361 -0.034487545 0.035904389 0.806899667 -0.032414939 0.588704705
1773839356.558819 0.003074291 0.000301014 -0.034490690 0.035041541 0.799658597 -0.034808461 0.598420143
1773839356.592156 0.003076019 0.000300734 -0.034496665 0.035054404 0.792270780 -0.034426477 0.608188331
1773839356.626571 0.003077408 0.000300830 -0.034505632 0.036241468 0.784964740 -0.034043092 0.617541909
1773839356.659853 0.003082953 0.000298635 -0.034505948 0.034676190 0.778111100 -0.035370074 0.626170635
1773839356.693559 0.003082172 0.000301085 -0.034513127 0.035219677 0.770477295 -0.033642296 0.635604084
1773839356.726419 0.003087155 0.000300504 -0.034518119 0.034994133 0.763502061 -0.037046410 0.643791556
1773839356.759884 0.003078650 0.000296523 -0.034518231 0.035427932 0.755503535 -0.034036562 0.653299928
1773839356.793292 0.003081203 0.000297394 -0.034520101 0.034653451 0.747892559 -0.036584646 0.661904395
1773839356.825933 0.003082508 0.000296697 -0.034532227 0.035848968 0.739909172 -0.035086352 0.670833945
1773839356.860159 0.003079022 0.000296795 -0.034530610 0.036527552 0.732576966 -0.035001498 0.678801596
1773839356.893272 0.003073640 0.000291303 -0.034539226 0.035320777 0.724138558 -0.036178857 0.687798560
1773839356.928265 0.003088914 0.000292089 -0.034539483 0.034748513 0.717263162 -0.036251809 0.694990575
1773839356.962579 0.003094245 0.000290594 -0.034539640 0.034231212 0.710860610 -0.035450976 0.701604307
1773839356.995133 0.003096668 0.000293073 -0.034546018 0.034411911 0.704423964 -0.036614563 0.707998633
1773839357.029183 0.003096944 0.000291997 -0.034549817 0.034500230 0.698189616 -0.035924830 0.714178145
1773839357.062042 0.003099248 0.000293617 -0.034554079 0.034871321 0.693153203 -0.035913423 0.719049990
1773839357.094111 0.003110058 0.000296339 -0.034556616 0.034727864 0.688561559 -0.036488738 0.723426223
1773839357.127396 0.003111109 0.000293811 -0.034557171 0.034934852 0.684410751 -0.036783941 0.727329612
1773839357.159529 0.003109532 0.000289530 -0.034565888 0.033846367 0.680013001 -0.036567252 0.731504977
1773839357.194229 0.003119490 0.000294424 -0.034562849 0.034029052 0.677121162 -0.036025163 0.734201074
1773839357.227478 0.003113136 0.000295669 -0.034573119 0.034898434 0.673087776 -0.036982331 0.737812459
1773839357.260721 0.003128895 0.000294928 -0.034568589 0.033472203 0.670384288 -0.038327962 0.740267158
1773839357.293507 0.003126377 0.000293404 -0.034574982 0.033233296 0.667359650 -0.036731180 0.743086517
1773839357.326742 0.003136970 0.000289636 -0.034574173 0.031564239 0.664701402 -0.037140075 0.745517552
1773839357.361004 0.003149513 0.000289506 -0.034567956 0.030963514 0.662920415 -0.038143050 0.747076213
1773839357.392804 0.003141877 0.000289449 -0.034582082 0.032374732 0.659510314 -0.036233306 0.750123441
1773839357.426754 0.003146526 0.000284913 -0.034584742 0.031020276 0.657076538 -0.037524577 0.752250016
1773839357.460817 0.003154505 0.000286616 -0.034584172 0.031136544 0.655005217 -0.037388846 0.754056215
1773839357.494220 0.003163665 0.000289892 -0.034584858 0.031537704 0.653317153 -0.037061561 0.755518734
1773839357.527099 0.003170019 0.000289363 -0.034587957 0.030969378 0.651098907 -0.037677698 0.757424235
1773839357.560310 0.003175276 0.000289559 -0.034584668 0.030624472 0.649399638 -0.036674272 0.758944809
1773839357.595273 0.003180525 0.000288391 -0.034584414 0.029765612 0.647385836 -0.038233232 0.760620713
1773839357.627703 0.003185021 0.000287095 -0.034582559 0.030195747 0.645764887 -0.036488660 0.762065947
1773839357.661681 0.003192893 0.000291204 -0.034584895 0.030939411 0.643664837 -0.037751801 0.763749421
1773839357.694622 0.003203215 0.000292783 -0.034582354 0.030589301 0.642130852 -0.036694288 0.765105128
1773839357.729484 0.003206791 0.000288123 -0.034585435 0.029650787 0.640112042 -0.036990590 0.766817570
1773839357.760410 0.003213709 0.000290847 -0.034580920 0.030236688 0.639362931 -0.035741001 0.767478585
1773839357.794995 0.003218298 0.000286187 -0.034584392 0.029727750 0.638030887 -0.035217233 0.768630326
1773839357.827840 0.003223234 0.000285616 -0.034588236 0.029659690 0.637110293 -0.034886919 0.769411266
1773839357.862090 0.003224938 0.000285894 -0.034586642 0.029618736 0.637336910 -0.035500720 0.769197047
1773839357.894761 0.003235259 0.000286372 -0.034580633 0.029055892 0.638446689 -0.034868330 0.768326581
1773839357.929657 0.003236372 0.000287128 -0.034581497 0.028752074 0.639599621 -0.035960570 0.767328084
1773839357.964184 0.003250187 0.000286042 -0.034583740 0.028557634 0.641130924 -0.034376666 0.766129076
1773839357.995391 0.003256346 0.000284414 -0.034585431 0.028220885 0.643182158 -0.033690572 0.764450967
1773839358.027541 0.003258913 0.000275150 -0.034579039 0.025608398 0.646254897 -0.032856688 0.761983752
1773839358.060101 0.003271474 0.000286681 -0.034582440 0.026609054 0.648328066 -0.032625496 0.760196209
1773839358.096088 0.003275810 0.000285342 -0.034585148 0.026174540 0.650439739 -0.032099612 0.758427739
1773839358.127492 0.003283080 0.000282747 -0.034589034 0.025462028 0.652051687 -0.031963348 0.757072389
1773839358.162141 0.003285144 0.000286279 -0.034586348 0.026189618 0.654140532 -0.031540763 0.755261242
1773839358.195772 0.003290320 0.000284314 -0.034584288 0.025239026 0.655654848 -0.032230575 0.753950179
1773839358.227849 0.003297981 0.000287131 -0.034586594 0.025249487 0.656391501 -0.031643566 0.753333509
1773839358.263026 0.003304180 0.000287461 -0.034587778 0.024834305 0.656967878 -0.032373372 0.752813637
1773839358.297728 0.003310445 0.000286968 -0.034586195 0.024053460 0.657466590 -0.032008491 0.752419114
1773839358.328708 0.003314606 0.000287625 -0.034585785 0.024420688 0.657114506 -0.031946275 0.752717495
1773839358.361820 0.003321018 0.000287721 -0.034585416 0.024320662 0.656460047 -0.032439101 0.753270507
1773839358.394597 0.003328562 0.000289502 -0.034583129 0.024990184 0.655472696 -0.031691637 0.754139721
1773839358.429261 0.003337719 0.000286715 -0.034583818 0.024099184 0.654017925 -0.030622665 0.755474687
1773839358.460697 0.003341190 0.000286356 -0.034582764 0.023565745 0.652597249 -0.031241553 0.756693780
1773839358.495615 0.003348871 0.000277877 -0.034584198 0.023303598 0.650599718 -0.029266298 0.758498847
1773839358.529129 0.003355463 0.000284468 -0.034578051 0.023747502 0.649332404 -0.030218033 0.759532988
1773839358.562515 0.003361167 0.000279558 -0.034580108 0.022481309 0.647681892 -0.030303029 0.760976017
1773839358.597290 0.003367031 0.000285077 -0.034580275 0.023871634 0.645730257 -0.030473504 0.762583733
1773839358.628933 0.003373948 0.000281905 -0.034580529 0.024518605 0.644055486 -0.031787217 0.763924658
1773839358.662354 0.003377436 0.000282860 -0.034587268 0.025990091 0.641727507 -0.030970406 0.765866280
1773839358.695337 0.003387653 0.000285004 -0.034582660 0.026225621 0.640732348 -0.032979917 0.766607225
1773839358.727971 0.003392474 0.000286349 -0.034579944 0.027378906 0.639855742 -0.031062091 0.767378747
1773839358.763229 0.003400845 0.000285177 -0.034575038 0.026839996 0.639301121 -0.033102643 0.767774642
1773839358.795851 0.003408404 0.000287384 -0.034581285 0.027088875 0.637836039 -0.033496298 0.768966436
1773839358.828168 0.003413606 0.000283594 -0.034577958 0.027052499 0.637690663 -0.032178625 0.769144595
1773839358.863354 0.003417412 0.000280680 -0.034584831 0.026732791 0.636260688 -0.032666642 0.770318449
1773839358.895586 0.003422388 0.000281710 -0.034578200 0.026600616 0.636560559 -0.033718795 0.770029962
1773839358.928391 0.003429795 0.000280082 -0.034579016 0.026489446 0.635953546 -0.032594994 0.770583510
1773839358.963639 0.003436756 0.000277965 -0.034580488 0.026482876 0.635345995 -0.033343054 0.771052718
1773839358.996435 0.003444395 0.000283929 -0.034586243 0.027682571 0.634047806 -0.033338852 0.772078812
1773839359.031502 0.003452937 0.000283366 -0.034588099 0.028230397 0.633464932 -0.032937326 0.772554457
1773839359.061530 0.003460197 0.000282388 -0.034588907 0.027424831 0.633524656 -0.033758797 0.772499025
1773839359.097343 0.003469334 0.000283474 -0.034588236 0.027914317 0.633982360 -0.033026662 0.772137523
1773839359.131690 0.003472830 0.000286572 -0.034586955 0.028464241 0.634826243 -0.033942867 0.771384060
1773839359.163061 0.003483093 0.000282078 -0.034581631 0.027434152 0.635710955 -0.033165153 0.770726264
1773839359.196775 0.003491451 0.000282772 -0.034585584 0.027404036 0.636195302 -0.033240728 0.770324290
1773839359.228814 0.003498925 0.000282381 -0.034581192 0.027007012 0.637633979 -0.032614730 0.769174695
1773839359.263323 0.003508101 0.000273899 -0.034581631 0.026053572 0.638552904 -0.033198386 0.768419981
1773839359.295550 0.003515163 0.000280555 -0.034581352 0.026582422 0.639845252 -0.032599177 0.767351747
1773839359.330879 0.003520783 0.000283016 -0.034584757 0.026959531 0.640601873 -0.034048438 0.766644061
1773839359.363747 0.003528808 0.000283668 -0.034587163 0.026601851 0.641708672 -0.033010546 0.765775859
1773839359.396312 0.003535378 0.000280696 -0.034585178 0.025817592 0.643366873 -0.033418797 0.764392376
1773839359.432567 0.003542590 0.000285085 -0.034589589 0.026881605 0.644240320 -0.033508375 0.763615727
1773839359.465187 0.003552247 0.000280158 -0.034586906 0.025722947 0.645352423 -0.032307871 0.762767851
1773839359.496082 0.003558280 0.000282378 -0.034588046 0.025953608 0.645711005 -0.034026600 0.762381792
1773839359.529783 0.003565528 0.000283550 -0.034587592 0.025665967 0.646109641 -0.031762220 0.762151420
1773839359.563588 0.003571025 0.000284453 -0.034590244 0.026416305 0.646336019 -0.033996634 0.761837363
1773839359.596142 0.003581881 0.000284909 -0.034587368 0.026163042 0.646839797 -0.033085771 0.761458516
1773839359.628587 0.003589501 0.000284259 -0.034585632 0.025566107 0.647532701 -0.033525299 0.760870457
1773839359.663695 0.003595098 0.000276549 -0.034584265 0.022830121 0.648286045 -0.031264663 0.760412097
1773839359.697658 0.003601649 0.000276634 -0.034586374 0.023763165 0.648330688 -0.033715460 0.760240674
1773839359.729865 0.003611909 0.000276759 -0.034584168 0.023478616 0.648763716 -0.031721462 0.759965897
1773839359.764503 0.003618184 0.000274807 -0.034581732 0.023481300 0.649210691 -0.034080699 0.759481788
1773839359.797666 0.003625579 0.000274755 -0.034583405 0.023541728 0.648695052 -0.033288807 0.759955525
1773839359.834331 0.003633212 0.000278254 -0.034586653 0.024721323 0.648047268 -0.034281559 0.760426462
1773839359.863883 0.003641983 0.000275913 -0.034585129 0.024096424 0.647820652 -0.033492032 0.760674775
1773839359.898632 0.003650242 0.000276401 -0.034585457 0.023679875 0.647650301 -0.033327661 0.760840058
1773839359.931581 0.003657009 0.000276829 -0.034585070 0.023489101 0.647631824 -0.033227623 0.760866106
1773839359.964842 0.003665388 0.000278595 -0.034586608 0.023659408 0.647247195 -0.034365792 0.761137545
1773839359.999027 0.003674603 0.000276078 -0.034584902 0.023447799 0.647318542 -0.033023965 0.761142790
1773839360.031432 0.003682553 0.000275883 -0.034581676 0.023647284 0.647327423 -0.034561455 0.761060834
1773839360.063841 0.003691244 0.000274530 -0.034578398 0.023451583 0.647543550 -0.033474591 0.760931551
1773839360.097962 0.003699824 0.000274376 -0.034576897 0.023093332 0.647731125 -0.034731735 0.760726511
1773839360.130899 0.003707904 0.000274458 -0.034570046 0.022537552 0.648369491 -0.034372132 0.760215521
1773839360.165690 0.003718629 0.000274420 -0.034568273 0.021926075 0.648490250 -0.033782240 0.760156810
1773839360.197959 0.003726498 0.000273896 -0.034566280 0.021774335 0.648566306 -0.034689866 0.760055423
1773839360.229751 0.003734532 0.000271991 -0.034574114 0.022225283 0.647844613 -0.033424225 0.760714293
1773839360.266128 0.003743332 0.000271553 -0.034581199 0.022794299 0.647381127 -0.032819975 0.761118233
1773839360.297162 0.003751738 0.000271791 -0.034582425 0.022691965 0.647334158 -0.034025416 0.761108279
1773839360.332975 0.003763186 0.000272270 -0.034580484 0.021894531 0.647435844 -0.032550067 0.761109710
1773839360.365448 0.003767626 0.000272133 -0.034579504 0.021941699 0.647734582 -0.034413479 0.760772109
1773839360.398763 0.003777022 0.000270724 -0.034572337 0.021853920 0.648598313 -0.034336414 0.760041833
1773839360.433628 0.003787047 0.000269600 -0.034566280 0.020755071 0.649730384 -0.034145445 0.759113729
1773839360.465322 0.003794333 0.000270881 -0.034570642 0.021266997 0.649855018 -0.035444733 0.758933306
1773839360.499419 0.003803271 0.000272701 -0.034571208 0.021803645 0.650371671 -0.033886649 0.758546591
1773839360.530931 0.003811566 0.000271531 -0.034570318 0.021135861 0.651324689 -0.035794213 0.757659674
1773839360.564558 0.003818792 0.000273195 -0.034571398 0.021083184 0.652199626 -0.034156155 0.756983817
1773839360.597245 0.003830098 0.000271187 -0.034568131 0.020752072 0.653596759 -0.034907378 0.755752683
1773839360.631517 0.003837557 0.000269845 -0.034569059 0.020790238 0.654449582 -0.034938905 0.755011797
1773839360.664555 0.003846314 0.000270771 -0.034567304 0.021013536 0.655528784 -0.034683235 0.754080534
1773839360.697784 0.003854322 0.000272295 -0.034569815 0.021234544 0.656275868 -0.034046464 0.753453255
1773839360.732162 0.003864553 0.000269708 -0.034564991 0.020350127 0.658078015 -0.033924982 0.751909673
1773839360.766694 0.003869961 0.000272315 -0.034566779 0.021144982 0.659303486 -0.034538317 0.750785530
1773839360.797810 0.003880031 0.000269182 -0.034568317 0.020046404 0.660295486 -0.033903286 0.749972343
1773839360.832511 0.003889260 0.000270182 -0.034566753 0.020565582 0.661574543 -0.033927668 0.748829067
1773839360.865481 0.003897277 0.000271010 -0.034565944 0.021282129 0.662568927 -0.033486962 0.747949243
1773839360.898360 0.003905909 0.000269891 -0.034565680 0.020810047 0.663105965 -0.033988327 0.747463822
1773839360.931960 0.003913512 0.000269175 -0.034567486 0.020302296 0.663427353 -0.033988371 0.747192502
1773839360.966045 0.003921921 0.000270487 -0.034567755 0.020662967 0.663776517 -0.033110455 0.746911883
1773839360.999710 0.003928058 0.000269817 -0.034568112 0.020298863 0.664290905 -0.034241725 0.746413410
1773839361.032238 0.003935844 0.000269546 -0.034566071 0.019620197 0.665076852 -0.032879356 0.745792687
1773839361.069546 0.003944843 0.000270601 -0.034566686 0.019417189 0.665690422 -0.033377953 0.745228231
1773839361.098624 0.003951784 0.000267182 -0.034566958 0.018416978 0.666269779 -0.034870271 0.744667292
1773839361.132194 0.003962258 0.000268802 -0.034563184 0.018454982 0.667249501 -0.033828218 0.743836761
1773839361.171088 0.003970322 0.000269807 -0.034562293 0.018640799 0.667787790 -0.033194091 0.743377507
1773839361.199449 0.003977749 0.000269707 -0.034560792 0.017549662 0.668170869 -0.034430724 0.743003488
1773839361.239909 0.003985732 0.000269047 -0.034563273 0.017872280 0.668125987 -0.032836769 0.743108273
1773839361.266670 0.003993724 0.000269207 -0.034561686 0.017763793 0.668227136 -0.033822782 0.742975712
1773839361.298907 0.004001471 0.000267577 -0.034559775 0.016954603 0.668290138 -0.033186916 0.742966652
1773839361.345631 0.004008662 0.000268518 -0.034561258 0.016581856 0.667962074 -0.033766136 0.743243933
1773839361.368730 0.004017904 0.000268340 -0.034560997 0.017066939 0.667465448 -0.032860648 0.743719518
1773839361.407005 0.004027177 0.000268103 -0.034560557 0.016927339 0.666803241 -0.032160703 0.744347095
1773839361.432400 0.004037706 0.000267292 -0.034558758 0.015636781 0.665905654 -0.031849094 0.745191753
1773839361.466192 0.004045349 0.000266216 -0.034556761 0.015352091 0.664986610 -0.032719642 0.745980203
1773839361.506550 0.004053762 0.000267162 -0.034557149 0.015854139 0.663958848 -0.030343862 0.746984899
1773839361.532629 0.004061908 0.000267882 -0.034556605 0.016628053 0.662759304 -0.032163281 0.747956634
1773839361.573514 0.004070248 0.000266010 -0.034555107 0.015202929 0.661782563 -0.031264361 0.748889327
1773839361.598115 0.004080010 0.000268629 -0.034554239 0.015496536 0.660558999 -0.031878620 0.749936938
1773839361.632370 0.004087993 0.000265230 -0.034553502 0.014588240 0.659327984 -0.031265572 0.751063406
1773839361.677250 0.004094921 0.000266845 -0.034552891 0.014679790 0.657997668 -0.031938575 0.752199054
1773839361.699210 0.004103033 0.000266157 -0.034553319 0.014535722 0.656671882 -0.032573715 0.753332376
1773839361.736400 0.004110408 0.000267137 -0.034552414 0.014990326 0.655731201 -0.031266589 0.754197776
1773839361.765180 0.004118488 0.000266456 -0.034550838 0.014638963 0.654630005 -0.033350244 0.755071580
1773839361.800779 0.004126234 0.000266604 -0.034551829 0.014778576 0.653341353 -0.031780593 0.756251752
1773839361.838264 0.004134027 0.000264286 -0.034547258 0.014434361 0.652658820 -0.034108534 0.756746173
1773839361.867196 0.004142211 0.000265422 -0.034548182 0.014844213 0.651155651 -0.031840436 0.758130729
1773839361.907257 0.004149886 0.000265599 -0.034545906 0.016008446 0.649969876 -0.032819279 0.759082139
1773839361.932453 0.004156671 0.000265136 -0.034546904 0.015640697 0.648997486 -0.034903303 0.759828508
1773839361.966043 0.004167356 0.000265747 -0.034545001 0.014726897 0.648686290 -0.032017246 0.760239482
1773839362.006229 0.004176592 0.000264553 -0.034539275 0.014153226 0.649038196 -0.032500312 0.759929478
1773839362.032310 0.004182897 0.000265247 -0.034546115 0.015723642 0.647998929 -0.033170298 0.760756135
1773839362.071635 0.004189866 0.000264970 -0.034542762 0.015906710 0.648256421 -0.032817196 0.760548294
1773839362.099208 0.004201054 0.000264678 -0.034538798 0.015806403 0.648687303 -0.033885896 0.760135949
1773839362.138683 0.004207779 0.000265546 -0.034540456 0.016340664 0.648640096 -0.033616345 0.760176897
1773839362.165325 0.004214658 0.000264907 -0.034541730 0.016266452 0.648988008 -0.032906339 0.759912610
1773839362.200136 0.004225030 0.000264232 -0.034537781 0.015860170 0.650031447 -0.034489755 0.758958519
1773839362.241696 0.004232368 0.000264448 -0.034536626 0.016561385 0.651049435 -0.032953728 0.758138776
1773839362.265765 0.004241259 0.000264266 -0.034535978 0.016346190 0.652319312 -0.033290446 0.757036328
1773839362.307147 0.004250045 0.000263962 -0.034536511 0.016522909 0.653323710 -0.033395827 0.756161273
1773839362.333359 0.004258098 0.000263896 -0.034534413 0.015481879 0.654998779 -0.033287458 0.754737675
1773839362.366554 0.004266687 0.000264339 -0.034533542 0.015768332 0.655993462 -0.034071606 0.753832221
1773839362.407007 0.004276038 0.000264767 -0.034532737 0.016276019 0.656878352 -0.033921175 0.753057241
1773839362.433582 0.004282236 0.000263736 -0.034532599 0.015561893 0.657789171 -0.033865985 0.752279401
1773839362.473216 0.004293113 0.000264512 -0.034529921 0.016304981 0.658923924 -0.033241574 0.751297832
1773839362.500498 0.004302317 0.000264867 -0.034526281 0.015521290 0.660306156 -0.033756442 0.750076890
1773839362.533837 0.004309193 0.000265193 -0.034528140 0.015683169 0.660917938 -0.033324908 0.749553859
1773839362.573161 0.004316768 0.000264531 -0.034526795 0.015446846 0.661577702 -0.034013145 0.748945594
1773839362.600509 0.004325101 0.000264280 -0.034525417 0.015986053 0.661835790 -0.034245875 0.748695612
1773839362.638468 0.004332254 0.000263163 -0.034524515 0.014765150 0.661823750 -0.032181665 0.748822808
1773839362.666594 0.004342793 0.000264999 -0.034522172 0.015926506 0.661126852 -0.033492394 0.749356985
1773839362.700163 0.004348689 0.000261991 -0.034518722 0.015471230 0.660391867 -0.033572517 0.750010729
1773839362.740395 0.004356151 0.000261556 -0.034518778 0.015511705 0.658951163 -0.033746153 0.751268208
1773839362.767279 0.004365102 0.000261881 -0.034515761 0.015671283 0.657422483 -0.034541849 0.752566934
1773839362.811967 0.004371911 0.000260839 -0.034515105 0.015763188 0.655274332 -0.035707869 0.754381835
1773839362.834414 0.004378286 0.000262197 -0.034513220 0.016548255 0.653603554 -0.033264492 0.755924582
1773839362.869260 0.004385285 0.000262144 -0.034513608 0.017181315 0.650993764 -0.035820674 0.758042753
1773839362.912931 0.004395103 0.000261426 -0.034509350 0.016631473 0.648944855 -0.035516191 0.759823978
1773839362.939705 0.004401078 0.000261952 -0.034509476 0.016917070 0.646907449 -0.035159588 0.761569619
1773839362.971859 0.004409004 0.000261550 -0.034505438 0.017390631 0.644726217 -0.035430908 0.763393939
1773839363.000495 0.004415422 0.000260206 -0.034506399 0.017974041 0.642343462 -0.037163775 0.765304267
1773839363.034316 0.004423427 0.000260343 -0.034504671 0.019124005 0.640397072 -0.035661500 0.766977191
1773839363.072534 0.004430307 0.000261358 -0.034504041 0.019568563 0.638276398 -0.036766689 0.768679678
1773839363.099802 0.004436499 0.000260721 -0.034503173 0.020632798 0.636205971 -0.038305178 0.770291448
1773839363.138706 0.004445526 0.000260403 -0.034501102 0.021453720 0.634627342 -0.037950236 0.771587729
1773839363.423894 0.004501998 0.000258804 -0.034491301 0.021685760 0.624353886 -0.039935771 0.779818654
1773839363.439173 0.004509255 0.000259073 -0.034491461 0.020285022 0.623518348 -0.038308974 0.780606091
1773839363.488187 0.004515255 0.000257510 -0.034490317 0.020812206 0.622525871 -0.040140525 0.781292021
1773839363.510543 0.004521316 0.000258318 -0.034490261 0.020594142 0.621516764 -0.037077624 0.782251954
1773839363.535564 0.004529865 0.000259163 -0.034486990 0.021666285 0.620332658 -0.039050061 0.783066452
1773839363.580121 0.004535947 0.000258600 -0.034486234 0.022281734 0.619384706 -0.039076626 0.783797920
1773839363.604601 0.004542877 0.000259509 -0.034484167 0.022331983 0.618684649 -0.039921913 0.784306645
1773839363.647892 0.004549247 0.000256977 -0.034481969 0.021622600 0.618405879 -0.039315816 0.784576893
1773839363.670504 0.004554534 0.000255893 -0.034482732 0.021434365 0.618006885 -0.039127734 0.784905791
1773839363.714621 0.004561376 0.000256819 -0.034480847 0.021853609 0.617851853 -0.039056376 0.785019815
1773839363.741823 0.004569820 0.000257463 -0.034479480 0.022495111 0.617665470 -0.039825018 0.785109699
1773839363.858774 0.004590465 0.000255657 -0.034473840 0.020811448 0.617549896 -0.038521435 0.785312057
1773839363.892655 0.004595986 0.000255398 -0.034473848 0.021638863 0.616661429 -0.040091772 0.785909116
1773839363.916902 0.004603195 0.000255427 -0.034471445 0.021680003 0.615748346 -0.040298432 0.786612988
1773839363.944501 0.004609902 0.000254783 -0.034470446 0.021231398 0.614640176 -0.038619805 0.787575543
1773839363.993669 0.004615091 0.000254280 -0.034469195 0.021356767 0.613322735 -0.038899720 0.788584769
1773839364.026098 0.004623599 0.000254261 -0.034465633 0.019915851 0.613004267 -0.039219406 0.788854182
1773839364.062815 0.004629266 0.000254633 -0.034466118 0.023780148 0.611669719 -0.043953530 0.789533257
1773839364.086910 0.004637043 0.000254748 -0.034465108 0.023666032 0.610998750 -0.036400832 0.790440023
1773839364.111293 0.004642530 0.000255120 -0.034463570 0.020713795 0.610757828 -0.038104184 0.790628791
1773839364.150909 0.004649488 0.000254422 -0.034462061 0.022896821 0.609924674 -0.037742868 0.791228831
1773839364.175264 0.004656824 0.000253452 -0.034459822 0.022692647 0.609332919 -0.039402127 0.791609704
1773839364.215241 0.004663218 0.000254255 -0.034458756 0.022664011 0.608598650 -0.038403332 0.792224228
1773839364.242860 0.004669324 0.000253599 -0.034456924 0.022148939 0.607933462 -0.038347024 0.792752087
1773839364.270058 0.004677027 0.000254780 -0.034455370 0.022599736 0.606482804 -0.037187941 0.793904841
1773839364.316177 0.004683663 0.000253458 -0.034451824 0.022358537 0.605193138 -0.038079996 0.794852972
1773839364.343259 0.004690262 0.000252439 -0.034450147 0.022135518 0.603275001 -0.038391247 0.796301067
1773839364.381974 0.004697966 0.000252096 -0.034447320 0.021602638 0.601043582 -0.036371037 0.798095942
1773839364.410856 0.004703938 0.000251747 -0.034445774 0.020664986 0.598365486 -0.036685918 0.800116122
1773839364.457257 0.004708637 0.000252094 -0.034445737 0.021588128 0.594899952 -0.037294231 0.802643895
1773839364.483929 0.004715195 0.000252405 -0.034442909 0.021528903 0.591495454 -0.036390554 0.805198967
1773839364.509808 0.004722357 0.000253212 -0.034440074 0.021404359 0.587565720 -0.036863975 0.808052897
1773839364.551539 0.004728835 0.000252448 -0.034438975 0.020948166 0.583309352 -0.036064077 0.811178625
1773839364.577470 0.004734454 0.000251674 -0.034436435 0.020536173 0.579302847 -0.035824478 0.814065814
1773839364.619120 0.004741427 0.000250778 -0.034435619 0.020368848 0.574234605 -0.036271237 0.817633271
1773839364.644281 0.004747075 0.000249844 -0.034433950 0.019591480 0.569401920 -0.035343416 0.821065485
1773839364.671043 0.004752586 0.000249969 -0.034431718 0.019751489 0.564166665 -0.035929557 0.824642301
1773839364.718170 0.004758873 0.000250471 -0.034429301 0.019248027 0.558883727 -0.034723572 0.828295112
1773839364.742708 0.004764499 0.000249289 -0.034427252 0.018921180 0.553036034 -0.033587154 0.832265019
1773839364.782157 0.004769624 0.000250095 -0.034426853 0.019368771 0.546126604 -0.034089018 0.836784661
1773839364.806782 0.004775092 0.000250496 -0.034424551 0.019360397 0.539286137 -0.033774022 0.841222286
1773839364.837808 0.004779256 0.000250459 -0.034425616 0.019684525 0.531428218 -0.034026138 0.846190751
1773839364.884250 0.004783707 0.000250419 -0.034423996 0.019967863 0.523889720 -0.032873500 0.850917220
1773839364.907547 0.004788732 0.000250510 -0.034421250 0.018902440 0.516767383 -0.033294775 0.855269313
1773839364.951553 0.004792423 0.000251137 -0.034420617 0.018815236 0.509846449 -0.030754475 0.859509587
1773839364.974817 0.004797671 0.000250205 -0.034420554 0.018783551 0.501444399 -0.030569503 0.864445567
1773839365.004562 0.004801141 0.000250251 -0.034420326 0.019801836 0.492993295 -0.031826161 0.869225264
1773839365.050422 0.004806205 0.000249287 -0.034418363 0.019987809 0.484632373 -0.030407894 0.873960733
1773839365.073699 0.004810629 0.000250226 -0.034419313 0.019666845 0.475253493 -0.031812407 0.879053652
1773839365.117640 0.004815155 0.000249879 -0.034416273 0.019202335 0.466716439 -0.029564271 0.883704126
1773839365.172509 0.004824487 0.000249237 -0.034412824 0.017081285 0.450446278 -0.028871885 0.892173052
1773839365.216837 0.004826354 0.000250032 -0.034411035 0.019075945 0.442658991 -0.030650469 0.895963013
1773839365.240677 0.004832183 0.000249656 -0.034415450 0.018355917 0.432748526 -0.027894065 0.900896072
1773839365.283620 0.004834915 0.000249446 -0.034411266 0.017522052 0.425462157 -0.029370846 0.904329717
1773839365.308118 0.004837972 0.000248832 -0.034410022 0.017585499 0.417383730 -0.027164903 0.908154011
1773839365.338882 0.004842527 0.000249718 -0.034411903 0.018495753 0.407297522 -0.028312644 0.912669182
1773839365.384751 0.004846334 0.000248807 -0.034411229 0.017755643 0.398105294 -0.025933845 0.916801155
1773839365.410372 0.004848338 0.000248962 -0.034408629 0.018385461 0.389116198 -0.026892172 0.920612514
1773839365.451819 0.004853174 0.000249766 -0.034410868 0.018236332 0.377962917 -0.025694016 0.925284445
1773839365.473973 0.004854032 0.000248921 -0.034409482 0.018705050 0.367985040 -0.026573766 0.929263711
1773839365.517255 0.004857000 0.000248335 -0.034406748 0.017313717 0.357852489 -0.026513450 0.933241010
1773839365.541646 0.004859423 0.000248235 -0.034405984 0.017561208 0.346766889 -0.026657507 0.937407970
1773839365.572299 0.004863533 0.000248936 -0.034405053 0.017033899 0.335365206 -0.025179770 0.941597581
1773839365.622304 0.004865106 0.000247697 -0.034403730 0.017374884 0.324625134 -0.026354583 0.945315838
1773839365.644824 0.004865821 0.000246809 -0.034403525 0.016199101 0.313722551 -0.024648460 0.949056506
1773839365.686904 0.004866815 0.000248946 -0.034399875 0.016678924 0.303409070 -0.025053365 0.952384949
1773839365.711028 0.004865256 0.000247568 -0.034400687 0.016405175 0.292630136 -0.026238134 0.955724895
1773839365.738297 0.004867285 0.000247180 -0.034402926 0.015490317 0.280293137 -0.024918085 0.959465921
1773839365.787413 0.004870534 0.000247513 -0.034401949 0.016586285 0.269302696 -0.024708768 0.962595701
1773839365.815417 0.004878826 0.000247842 -0.034399133 0.017640937 0.257572055 -0.023806743 0.965804696
1773839365.855944 0.004882113 0.000248411 -0.034396365 0.017438898 0.247182310 -0.022592535 0.968548596
1773839365.881316 0.004886132 0.000248286 -0.034394875 0.016914003 0.236372516 -0.021698942 0.971272945
1773839365.906326 0.004885280 0.000248207 -0.034397669 0.016967291 0.226083353 -0.023206485 0.973683655
1773839365.951066 0.004886047 0.000248631 -0.034399346 0.017246181 0.216318578 -0.020599922 0.975953102
1773839365.975627 0.004887025 0.000248385 -0.034398712 0.018047135 0.206892356 -0.020872273 0.977974534
1773839366.016409 0.004886447 0.000248529 -0.034395333 0.017726080 0.198916331 -0.021968627 0.979609847
1773839366.039636 0.004886777 0.000248311 -0.034397140 0.016825218 0.189743534 -0.020928638 0.981466413
1773839366.071772 0.004890379 0.000247024 -0.034392834 0.015511747 0.180995524 -0.021729050 0.983121514
1773839366.118115 0.004890762 0.000247052 -0.034394633 0.015785018 0.171618804 -0.020136572 0.984831154
1773839366.140757 0.004890312 0.000246936 -0.034392826 0.015231361 0.162440330 -0.021877857 0.986358225
1773839366.185291 0.004889639 0.000246853 -0.034391776 0.014802630 0.152946398 -0.020060247 0.987919986
1773839366.210038 0.004896843 0.000246359 -0.034391534 0.015494251 0.140248388 -0.019010872 0.989812613
1773839366.239314 0.004897681 0.000246406 -0.034393612 0.015685121 0.128845140 -0.017993679 0.991377413
1773839366.286215 0.004895921 0.000247186 -0.034391765 0.015833504 0.118846342 -0.017914528 0.992624760
1773839366.310237 0.004895186 0.000248251 -0.034393601 0.015709180 0.107927822 -0.017972300 0.993872106
1773839366.352888 0.004897617 0.000243878 -0.034392226 0.013231484 0.096388556 -0.017488157 0.995102227
1773839366.376433 0.004895793 0.000246611 -0.034389015 0.012945289 0.085934199 -0.018809859 0.996039093
1773839366.421411 0.004896265 0.000246012 -0.034394220 0.014767990 0.072907060 -0.018526880 0.997057319
1773839366.446474 0.004896005 0.000246757 -0.034394529 0.014370679 0.061561633 -0.016182918 0.997868598
1773839366.473204 0.004896600 0.000246827 -0.034396239 0.015220681 0.049225248 -0.017651223 0.998515725
1773839366.517994 0.004898898 0.000244891 -0.034393363 0.013531617 0.037798584 -0.014955829 0.999081850
1773839366.542915 0.004898153 0.000245330 -0.034394249 0.013976834 0.026508626 -0.015911659 0.999424219
1773839366.587254 0.004899248 0.000244681 -0.034397054 0.013843582 0.014565251 -0.014922002 0.999686718
1773839366.609180 0.004898197 0.000245105 -0.034397148 0.013881270 0.004121221 -0.014056299 0.999796391
1773839366.640086 0.004898192 0.000243392 -0.034396742 0.012445388 -0.006637466 -0.013959016 0.999803126
1773839366.685519 0.004896750 0.000245337 -0.034392580 0.012603983 -0.015267796 -0.014487872 0.999698997
1773839366.711913 0.004897422 0.000244646 -0.034392700 0.012314092 -0.024912484 -0.013196552 0.999526680
1773839366.755912 0.004897088 0.000244522 -0.034392994 0.012063293 -0.034857407 -0.015756913 0.999195218
1773839366.782949 0.004896260 0.000245199 -0.034391817 0.012137775 -0.042708606 -0.014016342 0.998915493
1773839366.806481 0.004896363 0.000245504 -0.034391105 0.012481191 -0.049257033 -0.013526216 0.998616517
1773839366.852820 0.004896534 0.000245195 -0.034390152 0.012048680 -0.055481881 -0.014196593 0.998286068
1773839366.876559 0.004896618 0.000245400 -0.034391154 0.012028146 -0.060108326 -0.014060663 0.998020351
1773839366.918262 0.004896652 0.000245954 -0.034394573 0.011627205 -0.063930221 -0.014784603 0.997777104
1773839366.940237 0.004896475 0.000245614 -0.034393083 0.011248893 -0.065038495 -0.015250312 0.997702777
1773839366.972158 0.004896822 0.000245518 -0.034393501 0.011536254 -0.065628603 -0.015052426 0.997663856
1773839367.019332 0.004896812 0.000246251 -0.034393962 0.011972033 -0.065642044 -0.014650931 0.997663856
1773839367.044875 0.004896618 0.000246010 -0.034392469 0.011235765 -0.065130211 -0.014896228 0.997702301
1773839367.086214 0.004896431 0.000246347 -0.034391891 0.011668105 -0.064923324 -0.014765020 0.997712791
1773839367.110914 0.004896273 0.000246266 -0.034394093 0.012490876 -0.065367967 -0.012964773 0.997698784
1773839367.139757 0.004896621 0.000246557 -0.034392115 0.011807949 -0.066585869 -0.014090791 0.997611284
1773839367.188080 0.004895836 0.000246606 -0.034392100 0.012450534 -0.067174107 -0.013413584 0.997573376
1773839367.211946 0.004895360 0.000245739 -0.034390513 0.011879236 -0.067309976 -0.013390440 0.997571528
1773839367.252820 0.004896700 0.000245225 -0.034391697 0.011570137 -0.069593832 -0.014133509 0.997408211
1773839367.277470 0.004896001 0.000244645 -0.034391347 0.011540644 -0.069479860 -0.013429427 0.997426212
1773839367.321136 0.004894047 0.000243346 -0.034392040 0.011000232 -0.069341704 -0.012718534 0.997451246
1773839367.346144 0.004894282 0.000243054 -0.034388982 0.010312307 -0.069158062 -0.014324676 0.997449577
1773839367.373665 0.004895002 0.000243488 -0.034387901 0.010402314 -0.069293037 -0.014203036 0.997440994
1773839367.419400 0.004896609 0.000243729 -0.034389634 0.011049443 -0.070372492 -0.013373303 0.997369945
1773839367.446558 0.004895401 0.000243569 -0.034388270 0.010052055 -0.069201313 -0.014325310 0.997449219
1773839367.487084 0.004895142 0.000242517 -0.034386806 0.008925851 -0.069079675 -0.015268008 0.997454345
1773839367.514736 0.004894899 0.000242411 -0.034388557 0.009823284 -0.069132984 -0.014238937 0.997457445
1773839367.543935 0.004895750 0.000243893 -0.034388736 0.010881564 -0.069098264 -0.013546920 0.997458518
1773839367.587535 0.004896131 0.000244454 -0.034389343 0.011836960 -0.069180384 -0.012390114 0.997456968
1773839367.612206 0.004895607 0.000244111 -0.034388617 0.011174794 -0.068764932 -0.013164617 0.997483432
1773839367.660237 0.004896015 0.000244153 -0.034389362 0.011201646 -0.068994030 -0.013027541 0.997469127
1773839367.683598 0.004895994 0.000244078 -0.034389384 0.011298365 -0.068932720 -0.013258787 0.997469187
1773839367.707132 0.004895179 0.000243921 -0.034388434 0.011093353 -0.068156481 -0.013521905 0.997521341
1773839367.753859 0.004894864 0.000243479 -0.034388080 0.009751896 -0.068054304 -0.014822221 0.997523844
1773839367.778978 0.004894506 0.000243258 -0.034388896 0.010708514 -0.067884542 -0.013319734 0.997546792
1773839367.820722 0.004895532 0.000244306 -0.034388948 0.010790936 -0.068327606 -0.013960638 0.997506857
1773839367.845993 0.004895278 0.000244072 -0.034387905 0.011175867 -0.068017051 -0.013299363 0.997532904
1773839367.873651 0.004894694 0.000243645 -0.034387846 0.010022654 -0.067847490 -0.014557451 0.997539163
1773839367.921476 0.004895580 0.000244551 -0.034389686 0.011461414 -0.068317682 -0.013104898 0.997511685
