1773246438.280373 0.021210875 0.008386695 0.013776610 0.000336463 0.007609133 -0.001960810 0.999969065
1773246438.312593 0.023118015 0.009478442 0.014964252 0.001872335 0.005793756 -0.001509355 0.999980330
1773246438.345169 0.023761103 0.010479594 0.020284029 0.001339354 0.005806262 -0.003065724 0.999977529
1773246438.379817 0.024833750 0.011425391 0.021941265 0.001692739 0.002965724 -0.002798285 0.999990225
1773246438.413430 0.027423859 0.013163339 0.023447648 0.001484654 -0.001215124 -0.001221116 0.999997377
1773246438.445033 0.028308675 0.014658650 0.025277186 0.002849150 -0.004766932 -0.002338631 0.999981821
1773246438.480172 0.028918896 0.014603495 0.025885154 0.002755000 -0.008654846 -0.001617668 0.999957442
1773246438.512653 0.033203296 0.015186676 0.026855258 0.002222848 -0.013998180 -0.000770576 0.999899268
1773246438.546771 0.031365030 0.016949726 0.027985923 0.004503964 -0.017136222 -0.000818228 0.999842703
1773246438.579664 0.034135330 0.018299863 0.029731266 0.005272828 -0.021952270 -0.000257702 0.999745071
1773246438.612312 0.035230923 0.018268753 0.031270213 0.006682021 -0.025764389 -0.000088514 0.999645710
1773246438.646745 0.036475562 0.018760983 0.032869201 0.006855566 -0.028934956 0.000290551 0.999557734
1773246438.679709 0.036278695 0.024357915 0.034743257 0.010497796 -0.030682854 0.000016299 0.999474049
1773246438.712221 0.038671039 0.024691664 0.036271144 0.010926756 -0.032464117 0.000094322 0.999413192
1773246438.744935 0.040494375 0.024369404 0.037172284 0.011944703 -0.033547681 0.000667248 0.999365509
1773246438.779365 0.039796133 0.025983132 0.038217373 0.012070269 -0.032702025 0.000111932 0.999392211
1773246438.813072 0.041618709 0.025047716 0.038861424 0.012613448 -0.032696769 -0.000462353 0.999385595
1773246438.847092 0.048301052 0.028304620 0.041243035 0.014186608 -0.035147280 0.000224117 0.999281406
1773246438.880361 0.047659907 0.028563535 0.042105556 0.014015522 -0.033477087 0.000386532 0.999341130
1773246438.913339 0.047579139 0.028783873 0.043574739 0.015099662 -0.032711729 -0.000016308 0.999350786
1773246438.947106 0.047730438 0.029022254 0.044638507 0.014213573 -0.032243490 0.000394907 0.999378920
1773246438.979496 0.049338672 0.016440144 0.034588218 0.009060306 -0.034693260 0.000189455 0.999356925
1773246439.013172 0.052681159 0.018532887 0.036098797 0.008838587 -0.035985149 0.000554395 0.999313116
1773246439.046453 0.053787410 0.018734641 0.037514057 0.010545240 -0.036019929 -0.000309599 0.999295413
1773246439.080196 0.056476060 0.032747820 0.048066363 0.015331556 -0.032902196 0.000786759 0.999340653
1773246439.113833 0.057663124 0.031690381 0.049308658 0.015232270 -0.031426858 -0.001480815 0.999388874
1773246439.146077 0.057703767 0.032395270 0.050079815 0.017153105 -0.029601756 -0.000957327 0.999414086
1773246439.181344 0.060184486 0.031985559 0.050650802 0.015718376 -0.028536223 -0.001356381 0.999468207
1773246439.212394 0.061077371 0.031811558 0.051825486 0.015418364 -0.025859796 -0.001877632 0.999544919
1773246439.246437 0.057901684 0.020620286 0.042232320 0.010055779 -0.025349166 -0.000672568 0.999627829
1773246439.281461 0.058339961 0.020961288 0.043617155 0.010568226 -0.023744933 -0.000874499 0.999661803
1773246439.313557 0.061488368 0.030738749 0.050920591 0.015360029 -0.022304909 -0.001294890 0.999632359
1773246439.347969 0.062659413 0.030348584 0.051681474 0.015903110 -0.021139408 -0.001140120 0.999649405
1773246439.380830 0.063975438 0.031552516 0.053114068 0.015755890 -0.020648398 -0.002457089 0.999659598
1773246439.413306 0.065118216 0.031459533 0.053901758 0.015907750 -0.020225443 -0.001428455 0.999667823
1773246439.447820 0.067229860 0.032507222 0.055283505 0.017118288 -0.020400809 -0.001088667 0.999644697
1773246439.479452 0.068472885 0.032264538 0.056384552 0.016223406 -0.020636220 -0.000441045 0.999655306
1773246439.514661 0.068727925 0.033164266 0.057450417 0.019161837 -0.020926863 -0.003048221 0.999592721
1773246439.547136 0.069567129 0.032760806 0.058645144 0.019582724 -0.022461098 -0.001303895 0.999555051
1773246439.580761 0.070499688 0.034455065 0.060004197 0.017214399 -0.023198001 -0.001091705 0.999582052
1773246439.615131 0.072172254 0.035467986 0.061147824 0.020498311 -0.024523897 -0.002477424 0.999486029
1773246439.647447 0.074415110 0.032754067 0.061092950 0.016446957 -0.026355093 -0.000332525 0.999517262
1773246439.681179 0.076008782 0.033321500 0.062175497 0.018135730 -0.027483225 -0.001790250 0.999456108
1773246439.714598 0.076889001 0.033680763 0.063564628 0.018108159 -0.028460242 -0.001579248 0.999429643
1773246439.746370 0.077722877 0.033982351 0.065211393 0.017871117 -0.029308958 -0.001330445 0.999409735
1773246439.780377 0.078338027 0.034886882 0.066154137 0.019329233 -0.029893301 0.000719757 0.999365926
1773246439.813591 0.079825908 0.035860017 0.067292035 0.018491842 -0.030996323 -0.001153356 0.999347746
1773246439.847163 0.082202353 0.036003467 0.068432286 0.019916017 -0.034166101 -0.002018431 0.999215662
1773246439.880962 0.083446115 0.036430497 0.069740921 0.018151293 -0.036253806 -0.000991035 0.999177277
1773246439.915652 0.083684973 0.037688486 0.070785150 0.019986510 -0.038575470 -0.000452187 0.999055684
1773246439.948328 0.087326914 0.036340654 0.072458401 0.019069562 -0.042138822 -0.000565911 0.998929620
1773246439.982688 0.088033229 0.037246555 0.073253334 0.018631680 -0.044788420 0.000458935 0.998822629
1773246440.015527 0.093822263 0.038944818 0.075310290 0.020259887 -0.049456038 -0.000507890 0.998570621
1773246440.047189 0.093321882 0.038872611 0.076068990 0.019736931 -0.051282760 0.000666860 0.998488903
1773246440.081378 0.093223259 0.039455343 0.077218316 0.020648178 -0.052231211 -0.000392471 0.998421431
1773246440.113457 0.093286045 0.039517574 0.077579737 0.021116296 -0.052750368 -0.000177300 0.998384416
1773246440.147320 0.096181720 0.039218463 0.077918485 0.021861767 -0.054020282 -0.000583638 0.998300314
1773246440.182166 0.101814210 0.039869599 0.080108374 0.022142971 -0.055370837 -0.000307883 0.998220205
1773246440.214989 0.101596586 0.039651658 0.081019394 0.022646746 -0.053279094 -0.000780392 0.998322487
1773246440.247733 0.101319350 0.039788619 0.081882037 0.022114860 -0.050568696 -0.001000183 0.998475194
1773246440.281748 0.100404941 0.041516047 0.082120381 0.023889156 -0.046964463 -0.001635887 0.998609483
1773246440.313779 0.100449681 0.041638542 0.082959712 0.023330519 -0.043991406 -0.001570354 0.998758197
1773246440.347661 0.100653410 0.041762065 0.083973318 0.023063840 -0.040796787 -0.002416928 0.998898327
1773246440.380813 0.101795152 0.041226637 0.083270602 0.021307187 -0.037374962 -0.001614173 0.999072850
1773246440.415361 0.105617747 0.041470397 0.084890381 0.022827590 -0.035445396 -0.003836346 0.999103487
1773246440.448545 0.105363533 0.034377959 0.077214718 0.018759573 -0.030571179 -0.003897444 0.999348938
1773246440.480752 0.105551258 0.034846473 0.078071438 0.018617393 -0.025943138 -0.004160285 0.999481380
1773246440.515698 0.108192526 0.034920089 0.079740480 0.018549368 -0.021316992 -0.006339290 0.999580562
1773246440.548068 0.110262014 0.035189483 0.080706932 0.018709647 -0.016492926 -0.006734383 0.999666214
1773246440.581517 0.109536342 0.035941344 0.081804976 0.017863967 -0.010003334 -0.007039829 0.999765575
1773246440.614632 0.110323139 0.036429383 0.082790799 0.019404575 -0.004886225 -0.007442965 0.999772072
1773246440.648750 0.112969793 0.035948746 0.083090037 0.018135512 -0.000122812 -0.007914426 0.999804199
1773246440.681674 0.113281868 0.035099078 0.083706990 0.018523727 0.005453296 -0.009668400 0.999766827
1773246440.714623 0.117678255 0.034619339 0.082101867 0.016602924 0.009817653 -0.010446161 0.999759376
1773246440.748453 0.117811985 0.035539608 0.082971208 0.018198956 0.016092537 -0.011334222 0.999640644
1773246440.782034 0.119704731 0.034355849 0.083425201 0.016189117 0.021145510 -0.012361331 0.999568880
1773246440.815094 0.120830707 0.034004748 0.084074602 0.016418755 0.026791411 -0.013025523 0.999421299
1773246440.848306 0.121627398 0.033701643 0.084715746 0.015827078 0.032202087 -0.014514275 0.999250650
1773246440.883000 0.122807853 0.033407878 0.085341722 0.015813788 0.037825216 -0.015372465 0.999041021
1773246440.916571 0.124173582 0.033111796 0.086114407 0.014991769 0.044484701 -0.016331458 0.998764098
1773246440.949016 0.131415322 0.035991624 0.085655399 0.017620692 0.048177522 -0.017202782 0.998535156
1773246440.982762 0.130673230 0.036844023 0.086175665 0.017183734 0.056702077 -0.018134134 0.998078525
1773246441.016877 0.126446530 0.036301393 0.086454771 0.016813595 0.067437813 -0.019270817 0.997395635
1773246441.049608 0.127359033 0.035779644 0.087092392 0.016853260 0.076161698 -0.020601731 0.996740162
1773246441.083137 0.131950900 0.036031641 0.086945802 0.015269361 0.084283628 -0.020947771 0.996104538
1773246441.116952 0.138538346 0.035720054 0.087208338 0.015656669 0.091722690 -0.022774063 0.995401025
1773246441.148091 0.138221830 0.035244334 0.085240304 0.014954846 0.102642834 -0.023989799 0.994316459
1773246441.182811 0.136851087 0.034747906 0.084847167 0.013827094 0.114615135 -0.023093591 0.993045270
1773246441.215418 0.139687970 0.033968952 0.084900156 0.013711285 0.125160187 -0.027046435 0.991673052
1773246441.255554 0.143704757 0.035286088 0.082963780 0.014820735 0.134847596 -0.025598221 0.990424752
1773246441.282465 0.145604417 0.037121587 0.082069121 0.014302511 0.145901158 -0.028237233 0.988792658
1773246441.316397 0.152747959 0.031389151 0.079045869 0.013543570 0.153593391 -0.027581617 0.987656236
1773246441.348416 0.146960706 0.032209232 0.080082826 0.012030049 0.167549059 -0.027951045 0.985394001
1773246441.383016 0.147305354 0.032996524 0.079865903 0.013810272 0.177904576 -0.031733580 0.983438969
1773246441.415662 0.146796420 0.032524340 0.080306605 0.011746819 0.188155845 -0.030702930 0.981588840
1773246441.449263 0.165375024 0.034890179 0.076678440 0.015256786 0.187810600 -0.030841794 0.981602371
1773246441.482341 0.167327523 0.029826093 0.074413024 0.010225737 0.196102172 -0.033338860 0.979963183
1773246441.516259 0.165881351 0.029955033 0.074346691 0.012246142 0.206295058 -0.035040092 0.977785587
1773246441.549703 0.167379528 0.033097025 0.073851891 0.013397469 0.214100555 -0.033038251 0.976160765
1773246441.581900 0.165345043 0.032437965 0.073070034 0.014094752 0.225207895 -0.037664603 0.973480403
1773246441.616833 0.163260669 0.032115728 0.074643284 0.013053688 0.234673038 -0.037117515 0.971277714
1773246441.654081 0.167485058 0.034672484 0.074954093 0.015382103 0.242621779 -0.034929249 0.969369888
1773246441.682969 0.141188726 0.026577175 0.071422100 0.011622760 0.261369050 -0.039400134 0.964364409
1773246441.716680 0.140187919 0.027380671 0.071495593 0.011796413 0.272120655 -0.040973090 0.961318076
1773246441.750623 0.140681535 0.026645491 0.070681281 0.010946190 0.283782542 -0.043713078 0.957829237
1773246441.782650 0.158829838 0.030865466 0.075845703 0.012478839 0.291717559 -0.044605020 0.955382407
1773246441.816776 0.161584854 0.030997274 0.073019519 0.011960670 0.304095387 -0.045262650 0.951490521
1773246441.849980 0.158634305 0.028475001 0.073766828 0.011055406 0.319832325 -0.048071243 0.946189344
1773246441.883182 0.162648886 0.029693210 0.070590153 0.009766344 0.331949502 -0.048107266 0.942018986
1773246441.916080 0.142893583 0.027174402 0.073190622 0.009736558 0.352057636 -0.051772710 0.934494615
1773246441.974838 0.142922476 0.027205316 0.073433571 0.008234475 0.365874290 -0.053073972 0.929113209
1773246442.001005 0.144779339 0.027417706 0.073504195 0.008781780 0.378664553 -0.055731308 0.923812807
1773246442.016576 0.144935399 0.027500980 0.073896438 0.007618736 0.392268240 -0.057112455 0.918044508
1773246442.049151 0.161061957 0.030231098 0.072619095 0.009387176 0.401876003 -0.056945615 0.913873494
1773246442.084177 0.159656152 0.030111328 0.073759571 0.007786145 0.416128695 -0.058402043 0.907394886
1773246442.116899 0.159395099 0.029890666 0.073080800 0.009005133 0.427946776 -0.061159573 0.901687264
1773246442.150916 0.160029545 0.030490557 0.075018272 0.007416669 0.439905018 -0.059032813 0.896071255
1773246442.184373 0.165114790 0.031537902 0.074874476 0.008351473 0.448964149 -0.065280877 0.891122818
1773246442.216087 0.165854126 0.032219209 0.077780962 0.008202997 0.459512860 -0.063615195 0.885851979
1773246442.249669 0.165761456 0.033119768 0.083273880 0.008554907 0.470236629 -0.063819379 0.880188286
1773246442.283917 0.164991036 0.031010937 0.084853619 0.005914595 0.479466349 -0.065624148 0.875083148
1773246442.317899 0.163228244 0.028814208 0.073304705 0.006092430 0.482404649 -0.067725427 0.873305142
1773246442.351159 0.164648429 0.028663706 0.073644966 0.005650465 0.488128603 -0.066255011 0.870234907
1773246442.383264 0.156723484 0.011369766 0.089332148 -0.003590133 0.501473904 -0.067222357 0.862549782
1773246442.416805 0.161818817 0.021125792 0.089265533 -0.000573309 0.503635526 -0.066591449 0.861345708
1773246442.451126 0.161151782 0.024819575 0.079719022 0.001989653 0.502152920 -0.068363339 0.862070143
1773246442.484604 0.160892501 0.027193379 0.082352497 0.003806855 0.503946304 -0.065421499 0.861245394
1773246442.517660 0.169167235 0.025793448 0.077820972 0.002429890 0.500788867 -0.068245493 0.862871408
1773246442.555810 0.173484445 0.028641209 0.076542348 0.004096133 0.496729344 -0.064073525 0.865527451
1773246442.583084 0.173269689 0.028142434 0.080345139 0.000318905 0.493731320 -0.062937506 0.867333949
1773246442.617314 0.173106015 0.025808156 0.079926848 -0.003074847 0.489379674 -0.062747717 0.869805038
1773246442.651289 0.175089672 0.024734303 0.080433570 0.000447076 0.484297842 -0.065551430 0.872443914
1773246442.683313 0.177345946 0.024776377 0.080936760 0.002082597 0.481018811 -0.062777191 0.874457300
1773246442.717996 0.177702501 0.024391303 0.081524760 0.000766573 0.479815930 -0.062435959 0.875144422
1773246442.750435 0.180466980 0.028993167 0.081362195 0.003545552 0.478740454 -0.061334662 0.875804245
1773246442.785557 0.183023691 0.029179463 0.081626184 0.001433861 0.478666931 -0.062512651 0.875767171
1773246442.817777 0.184014648 0.028962072 0.082385257 0.001725077 0.481059045 -0.062398892 0.874463022
1773246442.851485 0.185369447 0.028895747 0.082609609 0.003729223 0.485021293 -0.062889032 0.872230113
1773246442.885448 0.185583979 0.029657599 0.083959438 0.003408126 0.491825163 -0.063788719 0.868347466
1773246442.918356 0.186856821 0.029896883 0.084230237 0.004211527 0.498270422 -0.064766765 0.864588976
1773246442.951186 0.187630653 0.030038811 0.084901586 0.003184844 0.505960286 -0.065481856 0.860061705
1773246442.983434 0.189183831 0.029564511 0.084949791 0.003241575 0.513248742 -0.068020910 0.855533957
1773246443.018848 0.190001532 0.029589336 0.085867360 0.003127189 0.520740926 -0.066517375 0.851113677
1773246443.052540 0.192039683 0.030097263 0.086025476 0.003027286 0.526642442 -0.068947934 0.847280800
1773246443.084352 0.192998797 0.029615935 0.086441703 0.003121658 0.531490624 -0.068676598 0.844269812
1773246443.118786 0.193593964 0.029958330 0.087115996 0.002368719 0.536295474 -0.067696519 0.841307759
1773246443.151489 0.195417181 0.029532425 0.087298632 0.002440049 0.539753616 -0.068110049 0.839059651
1773246443.185756 0.196935773 0.029535627 0.087700270 0.001648278 0.543679178 -0.068607464 0.836482644
1773246443.218586 0.198104233 0.029845960 0.088383265 0.001457232 0.547995389 -0.067772880 0.833730042
1773246443.252272 0.199652985 0.030159714 0.088908166 0.001638242 0.552105725 -0.069083013 0.830905616
1773246443.284780 0.200981006 0.029954901 0.089339674 0.001234742 0.556786537 -0.068737835 0.827805698
1773246443.319970 0.202657580 0.031360038 0.090310887 0.001801359 0.561386108 -0.071051255 0.824496329
1773246443.352674 0.204106212 0.031153424 0.090800665 0.001122813 0.565788925 -0.070923813 0.821493447
1773246443.385281 0.205111146 0.030277589 0.090798706 0.000682745 0.569663048 -0.070992008 0.818806231
1773246443.418863 0.207308650 0.031257480 0.091619790 0.001273136 0.574221313 -0.070622593 0.815647423
1773246443.452394 0.208761021 0.031519137 0.092199489 0.001241252 0.579100668 -0.072060570 0.812064171
1773246443.484766 0.209863618 0.031671681 0.092443436 0.001252009 0.583422422 -0.072867498 0.808892548
1773246443.518287 0.211420655 0.031583659 0.093033493 0.000869482 0.587627113 -0.073748931 0.805763423
1773246443.553476 0.213099137 0.030911056 0.093400463 0.000116647 0.591957748 -0.072765864 0.802677512
1773246443.585120 0.214525849 0.030566905 0.093640536 0.000358160 0.595890403 -0.073448725 0.799699783
1773246443.619164 0.216091335 0.030273413 0.094054066 -0.000590913 0.599965692 -0.073700987 0.796623528
1773246443.652162 0.217967480 0.030888431 0.094331093 0.000497911 0.603109837 -0.074653968 0.794156790
1773246443.685836 0.220236316 0.030752614 0.094759941 -0.000191387 0.605798721 -0.072699010 0.792289555
1773246443.718440 0.221916795 0.030403197 0.095441066 -0.000533292 0.607815504 -0.075268961 0.790502727
1773246443.752793 0.223873481 0.031259496 0.096335068 -0.000078496 0.609761953 -0.074335188 0.789091051
1773246443.785626 0.225874633 0.031265616 0.097009219 0.000688945 0.610522449 -0.076119140 0.788332283
1773246443.820255 0.227831900 0.031421974 0.097295374 0.000394364 0.610837996 -0.075529628 0.788144648
1773246443.855585 0.229750156 0.031436030 0.097670272 0.000893886 0.610195518 -0.075862058 0.788609982
1773246443.885224 0.231691077 0.031590864 0.098427266 0.001817278 0.609580874 -0.075374156 0.789130211
1773246443.920854 0.233961627 0.031802617 0.099021614 0.002006585 0.608744144 -0.074701838 0.789839327
1773246443.952694 0.236158162 0.032267042 0.099658094 0.002852959 0.608259320 -0.076918766 0.789997399
1773246443.986454 0.238398045 0.032410953 0.100346506 0.001908688 0.608085275 -0.073753506 0.790435970
1773246444.019435 0.240194991 0.032433618 0.100820318 0.003172422 0.607237875 -0.076314665 0.790840149
1773246444.053250 0.241681919 0.032827508 0.101602532 0.003043330 0.606925666 -0.075161487 0.791190743
1773246444.086285 0.243542835 0.032125562 0.102284849 0.002705818 0.607052386 -0.075164698 0.791094422
1773246444.119803 0.245429069 0.032239877 0.102479175 0.004036119 0.606692553 -0.075602457 0.791323066
1773246444.152101 0.247708052 0.032255970 0.102680549 0.003584071 0.608007371 -0.073519744 0.790511906
1773246444.187071 0.249522254 0.032583214 0.102904812 0.003993713 0.609566450 -0.075117633 0.789157867
1773246444.219676 0.251638889 0.032671694 0.103558131 0.004224946 0.611027539 -0.073723212 0.788157523
1773246444.255502 0.253413349 0.032638364 0.103876650 0.004494585 0.612363756 -0.074382842 0.787056267
1773246444.286435 0.255323887 0.032339618 0.104017667 0.003593826 0.614271402 -0.073876053 0.785620749
1773246444.320292 0.257438987 0.032425165 0.104130298 0.004484063 0.616146266 -0.074956127 0.784044147
1773246444.354468 0.259496927 0.032828256 0.104497813 0.004600856 0.618293226 -0.074233748 0.782420397
1773246444.386504 0.261479437 0.032191720 0.104691103 0.004134892 0.619833529 -0.075665250 0.781065941
1773246444.420560 0.263537675 0.032852322 0.105416998 0.003092068 0.621807754 -0.076150045 0.779452860
1773246444.452515 0.265677273 0.032797076 0.105459809 0.004672452 0.622747421 -0.077621862 0.778549075
1773246444.486851 0.267967939 0.033037342 0.106143966 0.004492521 0.623938799 -0.075746998 0.777780592
1773246444.526065 0.269812495 0.032671910 0.106616333 0.005026544 0.624965250 -0.078354359 0.776694119
1773246444.553736 0.271976978 0.032181229 0.106921360 0.003372079 0.626120508 -0.075498983 0.776055217
1773246444.593610 0.273996413 0.032360248 0.107318662 0.005372718 0.626853108 -0.078277133 0.775176704
1773246444.620307 0.276404679 0.032519363 0.107716337 0.004182798 0.628339052 -0.074717760 0.774331868
1773246444.652713 0.278354853 0.032233309 0.108288914 0.004935629 0.629719913 -0.077447474 0.772936165
1773246444.691430 0.280850440 0.033207051 0.108281225 0.005099056 0.631108642 -0.076069660 0.771938622
1773246444.718793 0.282827944 0.033314835 0.108982146 0.006039339 0.632796288 -0.075932153 0.770562530
1773246444.761961 0.285031348 0.033282988 0.109233037 0.004574876 0.634915471 -0.075878784 0.768832743
1773246444.786290 0.287519544 0.033462051 0.109214097 0.007674429 0.636040509 -0.077692069 0.767696261
1773246444.826561 0.289565444 0.033682715 0.109929904 0.005049694 0.638272583 -0.077474281 0.765885353
1773246444.853636 0.291144639 0.032715753 0.110350393 0.006029119 0.639465928 -0.075932838 0.765036762
1773246444.887410 0.293667763 0.032968473 0.110390842 0.004343956 0.640888333 -0.076941378 0.763756096
1773246444.922669 0.295656681 0.033935230 0.110898301 0.006500701 0.642445982 -0.079897918 0.762126803
1773246444.953484 0.297276676 0.033303417 0.111327559 0.006961942 0.644282281 -0.078039572 0.760763943
1773246444.988195 0.299418360 0.033554833 0.111535206 0.007341285 0.645582676 -0.080700062 0.759379148
1773246445.020931 0.301241964 0.033812400 0.111987777 0.006363307 0.647343576 -0.080852471 0.757871211
1773246445.053947 0.303142309 0.033687327 0.112266168 0.006516980 0.648853719 -0.079036281 0.756769240
1773246445.088275 0.304833800 0.033245970 0.112591207 0.004661916 0.648809314 -0.079559743 0.756766140
1773246445.119496 0.306543231 0.032957587 0.113273166 0.004807919 0.648718953 -0.082651630 0.756511271
1773246445.159362 0.308778822 0.033395931 0.113349207 0.004955497 0.648859024 -0.080070645 0.756667793
1773246445.186835 0.310435861 0.033891730 0.113912046 0.006565306 0.649043858 -0.081397794 0.756355286
1773246445.219266 0.312116057 0.033348497 0.114060923 0.006716113 0.648078322 -0.080153659 0.757314146
1773246445.259702 0.313900590 0.033797845 0.114644513 0.006434395 0.647787154 -0.080219373 0.757558703
1773246445.286397 0.316195428 0.033976335 0.115247183 0.004593686 0.647641182 -0.080604389 0.757656097
1773246445.325436 0.318179488 0.034970254 0.115597442 0.006281888 0.648299098 -0.081796788 0.756953180
1773246445.354488 0.320391566 0.034698579 0.115762636 0.006866764 0.648590386 -0.080592155 0.756827712
1773246445.387713 0.321964115 0.034028497 0.116136216 0.004254115 0.649710953 -0.078424141 0.756113231
1773246445.424828 0.323834568 0.034246158 0.116325721 0.002987843 0.650160909 -0.080936037 0.755467594
1773246445.454645 0.325699657 0.034409538 0.116453052 0.003241176 0.651485026 -0.078729853 0.754558444
1773246445.492956 0.327543795 0.034467842 0.116806872 0.003886799 0.652349710 -0.080053233 0.753668547
1773246445.521456 0.329763919 0.034734830 0.116790086 0.002931762 0.653452694 -0.080253907 0.752695382
1773246445.554821 0.331721991 0.034639344 0.116890989 0.003727959 0.654543638 -0.078392297 0.751939714
1773246445.591518 0.333452225 0.034868218 0.117063612 0.002722025 0.655742347 -0.080600388 0.750665128
1773246445.621537 0.335424721 0.034907233 0.117512874 0.003143005 0.657441199 -0.080255553 0.749213040
1773246445.655024 0.337349862 0.034477387 0.117399335 0.003035122 0.658232033 -0.079231061 0.748627961
1773246445.688521 0.339066058 0.034682583 0.117672436 0.002116426 0.659954309 -0.081261061 0.746895254
1773246445.721750 0.340961993 0.034945834 0.117587224 0.001376950 0.661521614 -0.080967315 0.745541155
1773246445.759595 0.342735976 0.034738272 0.117341921 0.001218448 0.663244367 -0.080869243 0.744019866
1773246445.788474 0.344739437 0.034660298 0.117601283 0.002147301 0.665397823 -0.080514736 0.742130995
1773246445.825532 0.346383393 0.034895271 0.117764369 0.001364789 0.667620361 -0.081361406 0.740041554
1773246445.855211 0.348155707 0.035121735 0.117770970 0.001046982 0.669980645 -0.081126869 0.737931728
1773246445.888367 0.349820167 0.034876999 0.117833972 0.001011499 0.671654105 -0.081768952 0.736337900
1773246445.926430 0.351197869 0.035323784 0.118117340 -0.000134578 0.673935652 -0.081813045 0.734246016
1773246445.953678 0.352894336 0.035381328 0.118024781 -0.000681345 0.675920010 -0.082467780 0.732346058
1773246445.993375 0.354733735 0.036125842 0.118076563 -0.000162803 0.678145707 -0.081540801 0.730389893
1773246446.021187 0.355864346 0.035793491 0.118449859 -0.001197153 0.680877686 -0.082159266 0.727773309
1773246446.054542 0.357585192 0.035619795 0.117975414 -0.001380806 0.683163285 -0.081843026 0.725663662
1773246446.088430 0.359294772 0.035586316 0.118031628 -0.001180372 0.686197817 -0.082298115 0.722743511
1773246446.122233 0.360750407 0.035352472 0.117711931 0.000053408 0.689314961 -0.081400119 0.719874203
1773246446.160619 0.362493992 0.035837051 0.117477722 -0.002088762 0.693011999 -0.081806831 0.716266513
1773246446.188405 0.363834858 0.035336409 0.117551960 -0.002483783 0.697345138 -0.082865924 0.711924791
1773246446.222788 0.365786999 0.035534818 0.117265329 -0.001188302 0.702449203 -0.081238568 0.707081318
1773246446.256467 0.366720945 0.035439678 0.117255263 -0.001309528 0.708027840 -0.084075689 0.701160550
1773246446.288337 0.368140548 0.034579933 0.116720892 -0.001409902 0.713635921 -0.083198749 0.695557177
1773246446.326630 0.369186282 0.034896806 0.116727784 -0.000085712 0.720307291 -0.084285550 0.688515365
1773246446.355627 0.370987177 0.035164054 0.116165325 -0.000362015 0.726432562 -0.088668644 0.681493521
1773246446.388671 0.371825278 0.034836106 0.116004303 -0.000212900 0.733750582 -0.086045273 0.673948228
1773246446.427542 0.372738004 0.034634616 0.116055012 -0.000011360 0.741183102 -0.088964142 0.665381908
1773246446.454761 0.374112874 0.034917258 0.115387239 0.000038625 0.747860789 -0.091003560 0.657588422
1773246446.494797 0.375569880 0.034717556 0.114761472 -0.001204875 0.754225612 -0.091661438 0.650184929
1773246446.522891 0.376413286 0.034856774 0.114751220 -0.001688004 0.760698080 -0.094247617 0.642224967
1773246446.555163 0.377301544 0.034359351 0.114527069 -0.001530706 0.766999125 -0.094692402 0.634620667
1773246446.589653 0.378631473 0.034743320 0.113886334 0.000020620 0.773544073 -0.091608986 0.627086341
1773246446.623174 0.379551917 0.035268065 0.113378711 -0.000592232 0.778310180 -0.099875271 0.619885385
1773246446.655701 0.381151557 0.035300538 0.113144659 -0.005164116 0.784811437 -0.097663358 0.611969113
1773246446.688950 0.381624013 0.034974013 0.112296820 -0.001041380 0.789795101 -0.099419735 0.605258882
1773246446.727251 0.382693440 0.035049871 0.111286432 -0.002773853 0.796352983 -0.097775191 0.596870363
1773246446.756547 0.383862734 0.035323229 0.110582307 -0.001837437 0.802278399 -0.101884298 0.588188350
1773246446.790331 0.384953201 0.034861583 0.109986968 -0.004630863 0.808916986 -0.098051950 0.579670310
1773246446.828227 0.385707259 0.034273118 0.109094374 -0.005598232 0.814992726 -0.103339165 0.570154786
1773246446.856580 0.386393100 0.035515960 0.108052239 -0.003410234 0.821060479 -0.102734156 0.561510205
1773246446.894371 0.387139201 0.033970602 0.107628495 -0.006814001 0.828050911 -0.101290725 0.551384985
1773246446.922451 0.387331843 0.034692887 0.106020287 -0.005325876 0.832884789 -0.103365734 0.543681920
1773246446.956569 0.388189912 0.035068821 0.104766585 -0.003387070 0.838187575 -0.101840295 0.535778582
1773246446.996791 0.388245314 0.034220293 0.104587033 -0.007905484 0.843894243 -0.106039256 0.525866628
1773246447.022889 0.389700294 0.034344394 0.104473814 -0.005160249 0.850617826 -0.102953911 0.515580595
1773246447.061390 0.389350712 0.034679774 0.102025270 -0.003333787 0.854019701 -0.104821801 0.509560347
1773246447.088768 0.390383720 0.033686060 0.102368400 -0.005552383 0.861387789 -0.104898460 0.496967405
1773246447.122495 0.390400410 0.034429308 0.100635275 -0.005846633 0.865460932 -0.107580326 0.489254236
1773246447.165996 0.389353603 0.034503270 0.098357528 -0.001803202 0.869496346 -0.105775326 0.482477367
1773246447.190964 0.389923722 0.033747453 0.098347798 -0.004487713 0.875821769 -0.106915332 0.470622092
1773246447.228683 0.391069770 0.033386461 0.098351777 -0.006304618 0.882690012 -0.108632363 0.457184404
1773246447.255449 0.391416252 0.033970065 0.097834736 -0.000919171 0.889084578 -0.108570255 0.444679946
1773246447.289382 0.390267968 0.033795360 0.094157338 -0.003905177 0.892510414 -0.109533057 0.437507063
1773246447.328928 0.389878869 0.032658525 0.093459845 -0.007790151 0.898928821 -0.111173995 0.423682213
1773246447.356224 0.390166700 0.032997508 0.091913730 -0.006544953 0.904472530 -0.112403303 0.411402583
1773246447.394732 0.390335023 0.033421025 0.090239212 -0.003731010 0.909920275 -0.113000125 0.399076551
1773246447.423635 0.389253676 0.033708122 0.088282511 -0.002642164 0.914644241 -0.114071824 0.387822866
1773246447.461210 0.388570249 0.034049410 0.086322278 -0.004021255 0.919493079 -0.115402579 0.375763953
1773246447.490328 0.389034718 0.033678986 0.086012632 -0.004392248 0.925547898 -0.116657302 0.360184550
1773246447.522734 0.389402837 0.033497311 0.085625276 -0.004174528 0.931091487 -0.117339946 0.345373064
1773246447.563005 0.389284402 0.033148278 0.084253728 -0.003627252 0.935812831 -0.118202217 0.332068384
1773246447.589806 0.389171511 0.032760635 0.082851052 -0.005089917 0.940203965 -0.118128859 0.319430947
1773246447.628992 0.389598459 0.032650467 0.081781484 -0.006977665 0.944228113 -0.120421737 0.306403548
1773246447.656401 0.389679819 0.032220043 0.080459133 -0.004243243 0.948130310 -0.118131064 0.295086384
1773246447.689819 0.389634758 0.031993620 0.079210930 -0.004327613 0.951704741 -0.118115149 0.283351660
1773246447.728987 0.389489114 0.031830736 0.077771008 -0.006725909 0.954704762 -0.119813740 0.272283286
1773246447.757899 0.389308542 0.030352151 0.076588139 -0.007429192 0.957874298 -0.118379876 0.261548817
1773246447.795368 0.389234126 0.032349855 0.075282745 -0.003288138 0.960711300 -0.119533010 0.250469178
1773246447.824435 0.387716889 0.031212324 0.073551171 -0.007594732 0.962833047 -0.121519223 0.241097450
1773246447.861438 0.388528585 0.032026794 0.073239513 -0.006965899 0.965667307 -0.124300756 0.228007510
1773246447.889138 0.390267134 0.034007996 0.071616985 -0.002547238 0.968472242 -0.121553749 0.217439055
1773246447.923466 0.387785614 0.030853435 0.070968442 -0.005141469 0.969800889 -0.121699087 0.211303398
1773246447.962196 0.388428360 0.030996529 0.070094429 -0.007040677 0.971927345 -0.120093480 0.202200755
1773246447.991195 0.388931930 0.030739486 0.068898477 -0.006922075 0.972943425 -0.123064950 0.195418015
1773246448.029093 0.389094800 0.030621903 0.068044789 -0.004711973 0.974074841 -0.122296564 0.190261737
1773246448.058045 0.389329672 0.030420301 0.067299679 -0.006217905 0.975104034 -0.122488409 0.184743032
1773246448.091582 0.389593035 0.029795093 0.065924518 -0.006270346 0.975607753 -0.122981280 0.181729898
1773246448.128309 0.389827460 0.029603986 0.064919420 -0.005283954 0.976465344 -0.121195450 0.178323224
1773246448.158310 0.389791995 0.029949175 0.063793890 -0.006254818 0.976673663 -0.123264559 0.175713316
1773246448.196190 0.389792174 0.030013589 0.063742191 -0.006008005 0.977214158 -0.123272330 0.172685608
1773246448.223538 0.389099807 0.030927140 0.061128944 -0.006044732 0.977071166 -0.124751069 0.172431171
1773246448.258431 0.390306056 0.030219480 0.060394600 -0.005988707 0.977871835 -0.123277403 0.168918535
1773246448.297224 0.391140014 0.030556105 0.059519138 -0.006433570 0.978331864 -0.124287590 0.165462941
1773246448.324497 0.391445756 0.030047171 0.058901533 -0.005228474 0.978861630 -0.123483174 0.162955269
1773246448.362163 0.391000748 0.030259501 0.057391789 -0.005572843 0.978986382 -0.124549799 0.161375150
1773246448.391970 0.391024977 0.029903248 0.056160986 -0.006473314 0.979244590 -0.124835707 0.159543559
1773246448.431682 0.391527474 0.029801521 0.055402618 -0.005600507 0.979548395 -0.125072271 0.157513604
1773246448.457087 0.391611397 0.029623330 0.054738179 -0.004781184 0.980106831 -0.123288900 0.155459225
1773246448.491618 0.392774910 0.029833471 0.053214606 -0.004954708 0.980159044 -0.125902832 0.153010219
1773246448.531721 0.393582404 0.029996425 0.051720697 -0.003641203 0.980444312 -0.125360772 0.151658431
1773246448.557125 0.393710822 0.030129489 0.050796110 -0.004215669 0.980548978 -0.126821011 0.149740756
1773246448.597876 0.393599153 0.029676881 0.049900286 -0.003378825 0.980754137 -0.126334473 0.148826912
1773246448.624087 0.393065542 0.029151708 0.048987813 -0.004420739 0.981045246 -0.125267953 0.147779047
1773246448.657836 0.392198622 0.028278882 0.048043352 -0.004242048 0.981069088 -0.125006318 0.147847578
1773246448.695830 0.394141316 0.028187111 0.045859359 -0.004595183 0.981282592 -0.124927036 0.146480769
1773246448.725702 0.396431804 0.029390849 0.043709576 -0.002704225 0.981388688 -0.125831157 0.145036176
1773246448.762619 0.396578610 0.029185714 0.042109944 -0.003438393 0.981407285 -0.125269905 0.145380110
1773246448.791396 0.394105643 0.027599381 0.042299084 -0.005430318 0.981423855 -0.123846143 0.146423459
1773246448.824568 0.394481897 0.028318947 0.040961750 -0.003966697 0.981437624 -0.124270000 0.146018565
1773246448.864350 0.397702277 0.028991731 0.038931429 -0.003719598 0.981659472 -0.125274763 0.143655837
1773246448.891998 0.396654099 0.027821163 0.038771488 -0.004995808 0.981918931 -0.123779990 0.143138826
1773246448.929724 0.397103131 0.027486829 0.037003011 -0.005090662 0.982004702 -0.123352356 0.142916113
1773246448.957445 0.396662235 0.028501822 0.035826586 -0.003844695 0.982045531 -0.123816133 0.142272055
1773246448.996429 0.396040797 0.028414300 0.034732990 -0.002961833 0.982211053 -0.123743743 0.141209945
1773246449.024117 0.395506382 0.028147256 0.033623837 -0.003474091 0.982410431 -0.123618037 0.139915273
1773246449.058944 0.395177394 0.027861843 0.032889582 -0.003730989 0.982770443 -0.123508200 0.137455836
1773246449.096296 0.394450247 0.027604606 0.031735942 -0.003849020 0.983117580 -0.123210818 0.135218590
1773246449.125768 0.394095689 0.027520871 0.031051110 -0.005572035 0.983593047 -0.123891845 0.131013036
1773246449.163049 0.398052871 0.026932001 0.028960694 -0.005049131 0.984353006 -0.123807520 0.125281200
1773246449.192424 0.397257507 0.026390236 0.027870372 -0.005153771 0.984807134 -0.123230085 0.122240104
1773246449.225274 0.393215328 0.026916821 0.028447427 -0.004157960 0.985131562 -0.122723967 0.120155498
1773246449.265414 0.392816007 0.026632380 0.027648367 -0.005923599 0.985534430 -0.123133175 0.116296850
1773246449.291348 0.398396760 0.026099302 0.024420187 -0.006588447 0.986338496 -0.122921243 0.109468058
1773246449.331223 0.398000598 0.025709588 0.023766175 -0.005895114 0.986756265 -0.122822806 0.105791762
1773246449.359320 0.391734570 0.025923835 0.025484562 -0.006119122 0.987038732 -0.120641612 0.105653808
1773246449.391820 0.391445488 0.025451727 0.025008656 -0.005929621 0.987316370 -0.120319284 0.103414021
1773246449.438666 0.390996635 0.025582436 0.024170548 -0.006530045 0.987231374 -0.122400105 0.101733699
1773246449.459713 0.390905142 0.025410792 0.023739804 -0.005835420 0.987516940 -0.121470176 0.100105822
1773246449.497344 0.390181810 0.025428634 0.022766236 -0.005712044 0.987464726 -0.122665882 0.099165708
1773246449.525380 0.390229046 0.025438849 0.022772886 -0.003782884 0.987895370 -0.121003091 0.096988283
1773246449.559722 0.390120268 0.025229746 0.021660071 -0.005202421 0.987944305 -0.121598855 0.095669925
1773246449.597351 0.393461347 0.024538333 0.019148003 -0.006588719 0.988166809 -0.121689312 0.093137890
1773246449.624805 0.393458158 0.024428885 0.018634725 -0.007152290 0.988493085 -0.120096348 0.091690652
1773246449.665248 0.394574672 0.024334554 0.017299965 -0.007194632 0.988541186 -0.120953508 0.090026714
1773246449.691731 0.394441843 0.024058528 0.015803847 -0.007185493 0.988779724 -0.119603217 0.089207888
1773246449.731011 0.394893497 0.023967341 0.013296448 -0.007940318 0.988641620 -0.121029377 0.088750653
1773246449.759185 0.394722670 0.023811482 0.012445554 -0.007788971 0.988883913 -0.119596377 0.088003680
1773246449.792094 0.403496504 0.024558648 0.005139437 -0.006838360 0.989055812 -0.121403672 0.083564267
1773246449.830359 0.403295368 0.024295831 0.003676910 -0.007007557 0.989238620 -0.120514899 0.082668200
1773246449.859376 0.394547671 0.023410875 0.010026556 -0.008783595 0.989124894 -0.120790571 0.083453409
1773246449.897963 0.403121144 0.024071237 0.001817293 -0.007143285 0.989416599 -0.120703019 0.080216028
1773246449.925642 0.403346777 0.024622262 0.000501122 -0.006884061 0.989393413 -0.121964142 0.078600481
1773246449.958680 0.403119326 0.024407282 -0.000633460 -0.007920968 0.989509344 -0.121692702 0.077456117
1773246450.000498 0.403139710 0.024144415 -0.001393799 -0.007980436 0.989492953 -0.122398004 0.076542556
1773246450.026228 0.404580593 0.024042586 -0.004043281 -0.007726656 0.989808738 -0.120821372 0.074973963
1773246450.065245 0.404035270 0.024081040 -0.004482444 -0.009172151 0.989824474 -0.121097535 0.074153282
1773246450.092928 0.404416859 0.023743432 -0.006199636 -0.009390248 0.989843726 -0.121148907 0.073784441
1773246450.126137 0.409477890 0.023665588 -0.009794701 -0.008681064 0.990192056 -0.120056160 0.070928402
1773246450.165382 0.412891358 0.022825342 -0.012437958 -0.009961491 0.990050197 -0.121804707 0.069749631
1773246450.193325 0.413045496 0.022675510 -0.013243131 -0.009144822 0.990213931 -0.120337702 0.070082210
1773246450.232025 0.412185013 0.023333577 -0.015392426 -0.008784615 0.989694536 -0.123098552 0.072624266
1773246450.260068 0.411132991 0.023258658 -0.016824357 -0.008407946 0.989653707 -0.121766381 0.075417340
1773246450.293601 0.411211282 0.022756249 -0.017699573 -0.009052869 0.989539921 -0.122183003 0.076158389
1773246450.333282 0.413988709 0.023924945 -0.021623902 -0.007530565 0.989488244 -0.122259967 0.076868907
1773246450.358934 0.413845807 0.024057705 -0.021979753 -0.008729964 0.989203572 -0.124361739 0.077034459
1773246450.398519 0.413289517 0.023409080 -0.023202799 -0.007964368 0.989340365 -0.122675858 0.078056902
1773246450.426477 0.412939012 0.023172254 -0.023853682 -0.008196002 0.989248574 -0.123159267 0.078433432
1773246450.464713 0.412572592 0.022845371 -0.024664473 -0.008229131 0.989413977 -0.122064553 0.078053966
1773246450.493412 0.411858857 0.022845523 -0.025699418 -0.007275737 0.989318907 -0.122776121 0.078237981
1773246450.527411 0.411610156 0.022523835 -0.026301201 -0.007756017 0.989639640 -0.120975398 0.076929584
1773246450.564978 0.411067873 0.022342447 -0.027172871 -0.009401784 0.989441872 -0.123215236 0.075725697
1773246450.594192 0.411062598 0.022092178 -0.028312709 -0.007865251 0.989850938 -0.121007182 0.074098222
1773246450.631836 0.410250574 0.021633547 -0.029227845 -0.008770337 0.989915967 -0.121380180 0.072499342
1773246450.660718 0.409777910 0.021315929 -0.029917292 -0.008872691 0.990118921 -0.120906234 0.070479862
1773246450.693527 0.409322947 0.020961618 -0.030545913 -0.009129071 0.990146697 -0.121662371 0.068733782
1773246450.731584 0.409253716 0.020923877 -0.031689040 -0.008654875 0.990240872 -0.121745132 0.067276962
1773246450.760229 0.409093738 0.020634949 -0.032367442 -0.008489623 0.990256310 -0.122092389 0.066436477
1773246450.799702 0.408371657 0.019879529 -0.033020806 -0.009072749 0.990207195 -0.122664541 0.066036895
1773246450.827468 0.407750458 0.019589003 -0.033938877 -0.008641989 0.990387142 -0.121236101 0.066033192
1773246450.859746 0.407621533 0.019335514 -0.034366697 -0.008569218 0.990195453 -0.122999027 0.065656208
1773246450.898572 0.410472900 0.019941520 -0.037942044 -0.008918041 0.990448236 -0.121983625 0.063661329
1773246450.928076 0.409852892 0.019530209 -0.038811054 -0.009614065 0.990408659 -0.122660100 0.062870927
1773246450.965482 0.409548759 0.019436596 -0.039405894 -0.009359180 0.990531266 -0.122035407 0.062189963
1773246450.994553 0.409120828 0.019049235 -0.040230237 -0.010389693 0.990565181 -0.122447334 0.060657781
1773246451.027552 0.408914953 0.019342212 -0.040600784 -0.010057861 0.990678847 -0.122413144 0.058900453
1773246451.066370 0.408618212 0.018827593 -0.041338149 -0.010656976 0.990782261 -0.122122973 0.057644095
1773246451.093909 0.408519238 0.018805755 -0.042359043 -0.010451536 0.990885317 -0.122101448 0.055930518
1773246451.137109 0.408053160 0.018538449 -0.043012921 -0.011419281 0.990907311 -0.122432321 0.054613020
1773246451.161785 0.407840788 0.018096365 -0.043792814 -0.011459978 0.991024375 -0.122168817 0.053048871
1773246451.199677 0.407035381 0.017725443 -0.044927761 -0.012121982 0.991189897 -0.121340528 0.051692486
1773246451.227701 0.406971067 0.017585656 -0.045655552 -0.011434055 0.991244853 -0.121739015 0.049824283
1773246451.260336 0.406303942 0.017275780 -0.046370849 -0.011974283 0.991328716 -0.121254928 0.049205501
1773246451.299329 0.406154543 0.016986696 -0.047185693 -0.012102469 0.991361737 -0.121368639 0.048218731
1773246451.328110 0.405999988 0.016824335 -0.047923207 -0.013286020 0.991355360 -0.121525012 0.047640309
1773246451.366723 0.406211704 0.016760543 -0.048517354 -0.013398667 0.991199613 -0.122528233 0.048276648
1773246451.393888 0.405918539 0.016662518 -0.049164686 -0.011913394 0.991451502 -0.120315716 0.049052048
1773246451.428489 0.405066311 0.016213851 -0.050018270 -0.012721576 0.990934849 -0.123556018 0.051187839
1773246451.466805 0.404752374 0.015987724 -0.051199459 -0.013102602 0.990871608 -0.123091318 0.053388089
1773246451.494728 0.404289573 0.015688872 -0.051818620 -0.012855412 0.990749657 -0.123014092 0.055833727
1773246451.534224 0.403971553 0.015490437 -0.052698489 -0.013981381 0.990503252 -0.123727635 0.058303572
1773246451.562420 0.403774828 0.014954966 -0.052897073 -0.015003547 0.990293264 -0.123835653 0.061309293
1773246451.594499 0.403034359 0.014289968 -0.054210089 -0.015007463 0.990132987 -0.123083837 0.065282129
1773246451.633111 0.403001785 0.014404139 -0.054534234 -0.014192716 0.989757657 -0.124755070 0.067929454
1773246451.661543 0.415156096 0.016181661 -0.065722816 -0.012525075 0.989580214 -0.126758426 0.067129627
1773246451.700350 0.414801061 0.015751328 -0.066314250 -0.013112655 0.989482403 -0.126540750 0.068847850
1773246451.727724 0.414425075 0.015732005 -0.067274034 -0.012591433 0.989216328 -0.127475634 0.071010254
1773246451.761878 0.413991779 0.015403163 -0.068059996 -0.012020534 0.989217162 -0.126727670 0.072422475
1773246451.802951 0.413894713 0.015239147 -0.069036260 -0.013631168 0.988931596 -0.128226027 0.073393062
1773246451.829516 0.414762408 0.015362304 -0.070736036 -0.011733023 0.989005089 -0.127391487 0.074180305
1773246451.873385 0.414073229 0.014958534 -0.071099855 -0.013587411 0.988801718 -0.128520057 0.074627019
1773246451.896438 0.418477386 0.015760295 -0.075899750 -0.012241703 0.988915801 -0.128336340 0.073657893
1773246451.928111 0.418184012 0.015331898 -0.076882839 -0.012732120 0.988941967 -0.128209427 0.073444374
1773246451.967576 0.417511791 0.015458334 -0.077623099 -0.011589536 0.989026904 -0.127722621 0.073337786
1773246451.994356 0.417579353 0.015286323 -0.078697115 -0.011649086 0.989001751 -0.128241763 0.072759382
1773246452.035449 0.417142302 0.014585681 -0.079675049 -0.011835211 0.989080787 -0.127743617 0.072530858
1773246452.062102 0.416454196 0.014556427 -0.080634288 -0.011693391 0.989023149 -0.127933189 0.073004402
1773246452.101153 0.417814851 0.014650747 -0.082532257 -0.011845494 0.988990128 -0.128125459 0.073089875
1773246452.128057 0.417673469 0.014766555 -0.083327636 -0.010680533 0.989069939 -0.127331644 0.073574796
1773246452.163098 0.418754131 0.014861837 -0.085415237 -0.010921799 0.988844275 -0.129033417 0.073607773
1773246452.199551 0.418330550 0.014732305 -0.086464442 -0.010700491 0.988925397 -0.128100753 0.074177235
1773246452.229709 0.417458355 0.014400903 -0.086767651 -0.011854768 0.988775313 -0.129099891 0.074270338
1773246452.267874 0.419424027 0.014546659 -0.089307621 -0.010786091 0.989033878 -0.127939180 0.072987564
1773246452.295897 0.417677432 0.013554253 -0.089115456 -0.013247638 0.988946199 -0.128620952 0.072571628
1773246452.328766 0.421338797 0.013602823 -0.093601465 -0.012604592 0.989153981 -0.128089771 0.070770733
1773246452.367543 0.420407921 0.013384406 -0.093960427 -0.011847936 0.989114940 -0.129121542 0.069562122
1773246452.396392 0.422393322 0.013700858 -0.097123571 -0.011848059 0.989474297 -0.127630979 0.067160435
1773246452.433722 0.422574401 0.013827562 -0.098298505 -0.012308602 0.989322841 -0.129812568 0.065095879
1773246452.462976 0.422743887 0.013580069 -0.099431999 -0.012248811 0.989651024 -0.128224909 0.063238747
1773246452.495634 0.423703998 0.013757896 -0.101272300 -0.013431626 0.989735782 -0.128778324 0.060487725
1773246452.534435 0.424170047 0.013023920 -0.102775797 -0.013575619 0.989918947 -0.128194869 0.058671158
1773246452.562586 0.424198627 0.013012122 -0.103866458 -0.013126040 0.989999771 -0.128254846 0.057261333
1773246452.601310 0.424626231 0.013288468 -0.104546256 -0.013114477 0.989946902 -0.128936246 0.056644250
1773246452.628921 0.424827456 0.013112269 -0.105750769 -0.012721997 0.990138590 -0.128013760 0.055463046
1773246452.663304 0.424578786 0.012286015 -0.105897546 -0.013806218 0.990030169 -0.128752336 0.055429559
1773246452.701522 0.425426573 0.013222393 -0.108461797 -0.012995428 0.990167260 -0.127924830 0.055092745
1773246452.729829 0.424130470 0.011684891 -0.107481062 -0.014622688 0.990086138 -0.127968505 0.056032792
1773246452.767876 0.424023986 0.012068197 -0.108655512 -0.014427194 0.990135431 -0.127257720 0.056825392
1773246452.796461 0.425591975 0.011863489 -0.110939041 -0.014922830 0.989963472 -0.128330261 0.057279807
1773246452.829037 0.425330490 0.011866126 -0.111699313 -0.014552111 0.990024090 -0.127227351 0.058768179
1773246452.871107 0.424905360 0.011435620 -0.111875117 -0.015073964 0.989917696 -0.127355829 0.060134783
1773246452.895402 0.424579144 0.010815214 -0.113663897 -0.014672638 0.989789724 -0.127299279 0.062417228
1773246452.934829 0.426399440 0.011257146 -0.115100421 -0.015285574 0.989768684 -0.127236634 0.062731080
1773246452.963596 0.427853525 0.010742433 -0.118076578 -0.014633334 0.989592910 -0.127976283 0.064139001
1773246452.995562 0.426749140 0.010873321 -0.117215604 -0.014617147 0.989615142 -0.127257705 0.065220006
1773246453.035181 0.427070439 0.009918217 -0.119467571 -0.016035970 0.989429533 -0.127838522 0.066553578
1773246453.062810 0.426487863 0.010652222 -0.120093256 -0.015161950 0.989401519 -0.127267733 0.068246976
1773246453.101664 0.427531660 0.009566005 -0.121719271 -0.016529331 0.989234865 -0.127953410 0.069058128
1773246453.130025 0.428305179 0.009185839 -0.123479173 -0.015755108 0.989238679 -0.127422422 0.070157401
1773246453.163016 0.428140730 0.008901488 -0.124861591 -0.016418835 0.989182234 -0.127058014 0.071450755
1773246453.201553 0.428146511 0.009724341 -0.126269341 -0.014980968 0.988979578 -0.127880782 0.073085330
1773246453.230169 0.429229885 0.009344321 -0.128617436 -0.014238656 0.988771677 -0.128579333 0.074801445
1773246453.268526 0.427958518 0.008842003 -0.128857806 -0.014956890 0.988713622 -0.128098309 0.076239482
1773246453.295612 0.430352330 0.008873664 -0.132278621 -0.015089006 0.988673985 -0.128181651 0.076586470
1773246453.330071 0.430151910 0.009686567 -0.132931143 -0.015242495 0.988549173 -0.128025636 0.078406677
1773246453.368664 0.429791033 0.010409877 -0.134393379 -0.013958788 0.988577843 -0.126935989 0.080038682
1773246453.396756 0.429848433 0.009297512 -0.135491833 -0.015435699 0.988443494 -0.127193525 0.081012264
1773246453.438223 0.429850698 0.008802470 -0.136643276 -0.014289394 0.988617480 -0.124905281 0.082643732
1773246453.463130 0.431113213 0.009487107 -0.139392987 -0.014498556 0.988335192 -0.126569718 0.083446689
1773246453.502615 0.430831969 0.009037286 -0.140167341 -0.014452068 0.988385260 -0.125476703 0.084505789
1773246453.529816 0.432370424 0.009004388 -0.143067494 -0.015904458 0.988160312 -0.126439095 0.085436299
1773246453.563456 0.431338608 0.008669574 -0.142785087 -0.015339429 0.988110304 -0.125519499 0.087449953
1773246453.602113 0.432020783 0.008428771 -0.145321369 -0.015606531 0.988086939 -0.125099421 0.088264920
1773246453.631003 0.431760401 0.009026691 -0.146394312 -0.014778017 0.987883151 -0.126384139 0.088856362
1773246453.675165 0.433391631 0.008667666 -0.149355203 -0.014535664 0.988154709 -0.125057355 0.087747276
1773246453.697755 0.432614982 0.007823676 -0.149555355 -0.014822121 0.988339484 -0.124175452 0.086866215
1773246453.731276 0.436042428 0.007339727 -0.160107121 -0.016048023 0.988435268 -0.124889493 0.084503449
1773246453.769865 0.437117696 0.007294655 -0.162476361 -0.014973397 0.988669872 -0.124423951 0.082621388
1773246453.797364 0.433208734 0.006457388 -0.154010475 -0.016279604 0.988887787 -0.124023505 0.080337666
1773246453.837633 0.433376878 0.006738372 -0.155346096 -0.015513671 0.988960207 -0.124776527 0.078407951
1773246453.863970 0.435393035 0.006124046 -0.165136606 -0.015705492 0.989174366 -0.124816291 0.075553849
1773246453.897811 0.434311748 0.006360069 -0.164280012 -0.014599601 0.989311039 -0.124548517 0.074418865
1773246453.937754 0.434601516 0.005633835 -0.166457266 -0.016236052 0.989442885 -0.124607325 0.072196066
1773246453.964128 0.436005950 0.005957898 -0.169132143 -0.014878855 0.989471853 -0.125039235 0.071339101
1773246454.003119 0.435002834 0.004526928 -0.168834209 -0.017835815 0.989582419 -0.124794349 0.069533616
1773246454.030373 0.435875714 0.005756512 -0.168549925 -0.016199956 0.989633858 -0.124736279 0.069305249
1773246454.064939 0.436717540 0.006765731 -0.170730382 -0.016078718 0.989508271 -0.126232177 0.068411969
1773246454.102702 0.437328726 0.005483072 -0.172886118 -0.016908923 0.989791572 -0.124267429 0.067707770
1773246454.131282 0.438215852 0.005499542 -0.174520701 -0.018173819 0.989633203 -0.125674218 0.067094840
1773246454.174187 0.438698053 0.007336810 -0.176425204 -0.015161965 0.989612103 -0.126233816 0.067104816
1773246454.196709 0.438137203 0.007233180 -0.177643210 -0.015123577 0.989687622 -0.126260877 0.065938175
1773246454.230800 0.439324260 0.005187888 -0.178055316 -0.018123269 0.989730775 -0.125764325 0.065481856
1773246454.271896 0.439215362 0.005829833 -0.178948417 -0.016645189 0.989711940 -0.125727281 0.066225223
1773246454.298662 0.438139111 0.004405398 -0.180234566 -0.017979357 0.989623129 -0.126139835 0.066419378
1773246454.337783 0.438723743 0.003372204 -0.181193441 -0.018027766 0.989672422 -0.125294402 0.067267038
1773246454.365244 0.438389808 0.004345108 -0.183553129 -0.017490463 0.989366829 -0.126843303 0.068978913
1773246454.398369 0.439623594 0.004058182 -0.186430886 -0.016262475 0.989276171 -0.126634851 0.070935436
1773246454.436837 0.439231873 0.004655581 -0.186458558 -0.017202590 0.989058495 -0.127083361 0.072919197
1773246454.466186 0.439157248 0.003352329 -0.185815856 -0.017341411 0.989087105 -0.125694185 0.074879356
1773246454.504305 0.442791045 0.003804035 -0.193259895 -0.017642274 0.989011109 -0.126283720 0.074821025
1773246454.531866 0.441335797 0.003222980 -0.192917675 -0.016750474 0.988940597 -0.126168638 0.076140590
1773246454.565578 0.440360874 0.003991116 -0.191451311 -0.016924128 0.988813281 -0.126480311 0.077230692
1773246454.603799 0.440358460 0.004139178 -0.192071408 -0.015948441 0.988601923 -0.127749816 0.078050785
1773246454.632208 0.440839738 0.002981499 -0.193155885 -0.016472122 0.988987505 -0.124655478 0.078060277
1773246454.670540 0.442503214 0.003433555 -0.197095722 -0.017407767 0.988631368 -0.127309725 0.078084476
1773246454.698332 0.441398561 0.002734862 -0.195996195 -0.015913563 0.988799989 -0.125731409 0.078822583
1773246454.732613 0.442678720 0.002268948 -0.200094968 -0.016708720 0.988556564 -0.127145931 0.079439126
1773246454.774989 0.443093777 0.002046205 -0.201249123 -0.017459340 0.988807023 -0.124928236 0.079679422
1773246454.799400 0.442992598 0.001602903 -0.202882633 -0.017753256 0.988604188 -0.126174822 0.080165222
1773246454.838079 0.444019675 0.001749419 -0.204007328 -0.017306354 0.988773167 -0.124416284 0.080924220
1773246454.864975 0.444099367 0.001988173 -0.205667436 -0.017164309 0.988576531 -0.125454187 0.081749536
1773246454.899592 0.445044726 0.001605347 -0.207624108 -0.017139083 0.988485873 -0.125193924 0.083236948
1773246454.938468 0.445213944 0.001345530 -0.209275752 -0.017040096 0.988465965 -0.124159627 0.085023753
1773246454.966414 0.445495337 0.001250155 -0.219023824 -0.016290700 0.988040864 -0.124898419 0.088939711
1773246455.004706 0.446792364 0.001849994 -0.221362919 -0.014126302 0.988114119 -0.123346955 0.090645008
1773246455.033153 0.444949895 0.000921056 -0.213351607 -0.018563790 0.987774491 -0.124772847 0.091589525
1773246455.064905 0.445719481 0.001640812 -0.217641488 -0.017445754 0.987454176 -0.125683293 0.093986988
1773246455.103028 0.445280641 0.001034573 -0.217903689 -0.016501589 0.987432599 -0.124554314 0.095868364
1773246455.132803 0.445783764 0.001577660 -0.220112726 -0.017868420 0.987281442 -0.125121370 0.096439734
1773246455.171076 0.446457118 0.001673840 -0.222323954 -0.018430188 0.987295389 -0.123902135 0.097756729
1773246455.199245 0.446061462 0.000907175 -0.221448958 -0.018582974 0.986835599 -0.126725569 0.098746344
1773246455.232064 0.447201580 0.000733241 -0.224979743 -0.018526081 0.987156153 -0.124641843 0.098203301
1773246455.270573 0.448422909 0.001740061 -0.232880533 -0.017893504 0.986834228 -0.127115294 0.098385528
1773246455.299017 0.449746817 0.000739105 -0.233525112 -0.017812183 0.986980975 -0.126959071 0.097122088
1773246455.337837 0.450149238 0.001064830 -0.235405877 -0.019418279 0.987111449 -0.127159461 0.095207274
1773246455.365569 0.449945986 0.000422910 -0.236971319 -0.017736727 0.987399697 -0.126361966 0.093594141
1773246455.405042 0.449950874 0.000828415 -0.237864777 -0.019267548 0.987501919 -0.127224773 0.091008946
1773246455.433045 0.451251715 -0.000659339 -0.240156859 -0.019589538 0.987872243 -0.126134828 0.088400856
1773246455.466610 0.451337039 -0.000052065 -0.241394043 -0.018747572 0.987880468 -0.127151966 0.087023236
1773246455.504801 0.452137679 -0.000947930 -0.244307548 -0.018237595 0.987830818 -0.128103033 0.086297408
1773246455.532894 0.452207148 -0.001358211 -0.245360255 -0.016402816 0.987645686 -0.129631415 0.086502470
1773246455.580357 0.452644706 -0.001155324 -0.247446090 -0.017043319 0.988014519 -0.126854256 0.086283639
1773246455.600900 0.453087002 -0.001239926 -0.248736605 -0.018163512 0.987775207 -0.128116801 0.086927414
1773246455.633644 0.453269780 -0.001445360 -0.250399739 -0.018806214 0.987558007 -0.128568709 0.088575393
1773246455.675828 0.454126716 -0.001427710 -0.252161205 -0.017750114 0.987741292 -0.126584515 0.089601584
1773246455.700830 0.456146330 -0.001301557 -0.255198121 -0.018768927 0.987543285 -0.126425311 0.091774546
1773246455.740173 0.456646472 -0.001802184 -0.256705046 -0.017142782 0.987196684 -0.127397761 0.094438575
1773246455.767675 0.455293804 -0.002063729 -0.257081330 -0.016848268 0.987513781 -0.123211704 0.096703291
1773246455.799070 0.457758486 -0.002466612 -0.259485573 -0.018783938 0.986941636 -0.126313746 0.098174028
1773246455.840583 0.458633155 -0.000837803 -0.262497962 -0.016625721 0.987168431 -0.123394318 0.099979781
1773246455.866174 0.458033383 -0.001567475 -0.263475567 -0.017710360 0.986748219 -0.125687405 0.101079106
1773246455.955844 0.459118336 -0.001898751 -0.265579343 -0.016641393 0.987084568 -0.123557381 0.100601494
1773246455.965510 0.457471460 -0.002717279 -0.262758166 -0.016457206 0.987132490 -0.123713896 0.099966861
1773246455.975522 0.456753731 -0.002246059 -0.263716519 -0.016843360 0.987128377 -0.123727947 0.099925876
1773246456.005447 0.457601398 -0.002916716 -0.265731812 -0.017863119 0.987393975 -0.123381309 0.097524516
1773246456.034331 0.457064033 -0.003057323 -0.266781300 -0.018035812 0.987785697 -0.121951319 0.095299013
1773246456.079505 0.457539022 -0.003267974 -0.268511117 -0.018472107 0.988092601 -0.122035563 0.091864266
1773246456.100365 0.457807332 -0.003013037 -0.270497859 -0.018331610 0.988327384 -0.122043982 0.089320496
1773246456.133127 0.457776159 -0.003506124 -0.272261173 -0.017464984 0.988437951 -0.122357897 0.087828979
1773246456.172018 0.457611978 -0.003429733 -0.272428393 -0.017529989 0.989256680 -0.118600450 0.083653100
1773246456.199440 0.457786828 -0.003435463 -0.274250537 -0.018289465 0.988996804 -0.121749893 0.082022607
1773246456.233790 0.457461685 -0.003767751 -0.274986327 -0.019257521 0.989529669 -0.118029304 0.080803424
1773246456.273946 0.458068430 -0.005041324 -0.273729771 -0.019059611 0.989263177 -0.121045090 0.079643950
1773246456.301544 0.458698541 -0.004768409 -0.275835067 -0.018435206 0.989744306 -0.117403619 0.079264209
1773246456.337937 0.459023744 -0.004773155 -0.278755337 -0.018690446 0.989498854 -0.119212180 0.079568610
1773246456.366859 0.458823115 -0.005525962 -0.279471308 -0.018938048 0.989593089 -0.118321329 0.079667702
1773246456.411704 0.459645271 -0.005561292 -0.281844735 -0.019109752 0.989859164 -0.115437940 0.080546677
1773246456.435105 0.459838420 -0.004178494 -0.281645060 -0.020219110 0.989212632 -0.119724490 0.081948914
1773246456.467489 0.459640145 -0.004581183 -0.282529801 -0.019095177 0.989318848 -0.117755920 0.083768897
1773246456.506340 0.459490389 -0.006596923 -0.291369885 -0.020409049 0.989172339 -0.117117256 0.086053483
1773246456.534269 0.459663749 -0.007125102 -0.292579085 -0.021579664 0.988879025 -0.117824912 0.088147014
1773246456.577686 0.460494459 -0.005566135 -0.287105769 -0.020588582 0.988900363 -0.117479838 0.088604018
1773246456.609138 0.460776627 -0.005192488 -0.288668275 -0.020793462 0.988537133 -0.119378224 0.090060465
1773246456.633672 0.460594416 -0.005881116 -0.289343148 -0.020730905 0.988459826 -0.118545450 0.092001908
1773246456.674024 0.461217821 -0.007190622 -0.298916459 -0.020679073 0.988500774 -0.116915487 0.093644798
1773246456.699933 0.460946649 -0.007620506 -0.292648345 -0.021919437 0.988336802 -0.118624434 0.092941999
1773246456.741906 0.460962415 -0.008198723 -0.294113278 -0.021339666 0.988420725 -0.117518030 0.093587935
1773246456.768386 0.460772067 -0.008146137 -0.295550495 -0.022081891 0.988473177 -0.117530599 0.092843175
1773246456.801938 0.462118596 -0.008114539 -0.301126927 -0.019886479 0.988140285 -0.120696500 0.092820592
1773246456.838718 0.461112887 -0.008685932 -0.301372707 -0.020563560 0.988555074 -0.117958471 0.091770589
1773246456.867437 0.461684585 -0.009029984 -0.303298593 -0.022366000 0.988401651 -0.120687574 0.089422710
1773246456.907591 0.463020086 -0.008858435 -0.305695534 -0.020924067 0.988632083 -0.120155416 0.087928452
1773246456.933550 0.462940931 -0.008288778 -0.312103480 -0.019618470 0.988179922 -0.123378776 0.088844195
1773246456.968040 0.462825775 -0.007988080 -0.312889367 -0.018560138 0.988571346 -0.120469488 0.088709392
1773246457.006013 0.463483483 -0.008555315 -0.315133423 -0.020363431 0.988317013 -0.122466281 0.088412568
1773246457.034921 0.462974995 -0.008539662 -0.315892994 -0.020418702 0.988195777 -0.122746073 0.089361876
1773246457.079829 0.463466346 -0.009146743 -0.317430943 -0.019801693 0.988278508 -0.121696368 0.090019777
1773246457.101638 0.463775992 -0.009243660 -0.318673491 -0.022057069 0.988141418 -0.122479253 0.089938171
1773246457.135344 0.464186162 -0.008926265 -0.319660574 -0.020849155 0.988067150 -0.122789577 0.090616241
1773246457.174401 0.465680391 -0.009814784 -0.323485166 -0.019498941 0.988036990 -0.122673266 0.091400206
1773246457.200465 0.466003120 -0.009808160 -0.324602246 -0.019363310 0.987887681 -0.123478547 0.091957234
1773246457.240632 0.466155469 -0.009661481 -0.326515794 -0.019362736 0.987808943 -0.123589240 0.092651188
1773246457.269279 0.466254443 -0.010657221 -0.327205509 -0.020061264 0.988029361 -0.121819556 0.092496224
1773246457.302224 0.467082769 -0.011256263 -0.328620255 -0.020974524 0.987914324 -0.122820124 0.092198320
1773246457.340147 0.467598736 -0.009622224 -0.330979228 -0.019322479 0.987803459 -0.123746127 0.092508920
1773246457.369092 0.468203813 -0.010315292 -0.332693219 -0.017754650 0.987843096 -0.123732232 0.092417881
1773246457.405579 0.469066650 -0.010038830 -0.334903032 -0.018104410 0.987838328 -0.124271259 0.091675431
1773246457.435948 0.469409794 -0.010244228 -0.336312741 -0.019729830 0.987916112 -0.124168687 0.090634964
1773246457.468069 0.470509648 -0.009922676 -0.337797582 -0.020710705 0.988036394 -0.123422243 0.090122581
1773246457.507237 0.470699996 -0.010799117 -0.339782625 -0.019984467 0.987956464 -0.123402566 0.091183662
1773246457.534260 0.470942169 -0.010351226 -0.341033041 -0.019551151 0.987961709 -0.123338304 0.091307960
1773246457.574323 0.471167684 -0.010348238 -0.343031347 -0.020118264 0.987867713 -0.123594455 0.091853827
1773246457.600706 0.471709371 -0.011723243 -0.344523221 -0.020570319 0.987888813 -0.122920334 0.092429280
1773246457.635747 0.472500980 -0.012208238 -0.346278459 -0.021244461 0.987962544 -0.121793777 0.092978165
1773246457.674280 0.472251326 -0.011905663 -0.347506553 -0.020418722 0.987794161 -0.122223571 0.094377585
1773246457.702903 0.472439885 -0.012399584 -0.348538965 -0.020055270 0.987704515 -0.121982194 0.095697552
1773246457.743808 0.472716063 -0.012249656 -0.350796223 -0.021033630 0.987643719 -0.121562153 0.096644439
1773246457.769433 0.473104745 -0.012269385 -0.352226138 -0.021183971 0.987583578 -0.121821299 0.096899018
1773246457.807012 0.473085880 -0.012731239 -0.353241801 -0.021219382 0.987608135 -0.120953858 0.097724512
1773246457.835685 0.473376811 -0.012539901 -0.354740381 -0.021983430 0.987556636 -0.121107988 0.097884960
1773246457.868928 0.473879367 -0.013020836 -0.357293248 -0.022100214 0.987468481 -0.121508546 0.098250821
1773246457.907721 0.473662078 -0.013244897 -0.358153194 -0.022186993 0.987672448 -0.120241135 0.097739369
1773246457.935676 0.473793864 -0.012780853 -0.359285265 -0.022290403 0.987462997 -0.121978045 0.097679466
1773246457.977049 0.474436760 -0.014482267 -0.361194700 -0.022875248 0.987900078 -0.118810780 0.097026646
1773246458.003016 0.474481165 -0.013511233 -0.362793922 -0.022102566 0.987505674 -0.121630259 0.097724684
1773246458.036012 0.474794656 -0.012671143 -0.364429772 -0.020319844 0.987664938 -0.121018730 0.097260319
1773246458.074911 0.474630386 -0.013445713 -0.365448415 -0.020790493 0.987649739 -0.120760679 0.097634993
1773246458.102205 0.474584848 -0.012837723 -0.367165864 -0.020312559 0.987646461 -0.120766781 0.097761206
1773246458.142674 0.474391282 -0.013429895 -0.368393034 -0.019765317 0.987697244 -0.120147087 0.098122925
1773246458.169792 0.473742932 -0.013828836 -0.368709952 -0.021659695 0.987634599 -0.120081484 0.098433666
1773246458.203083 0.475783646 -0.013528287 -0.371625960 -0.019312268 0.987794518 -0.118757166 0.098923132
1773246458.242171 0.474652529 -0.013413034 -0.371788114 -0.019983176 0.987506032 -0.120409504 0.099669762
1773246458.270028 0.475289613 -0.014109626 -0.373343617 -0.018335929 0.987576663 -0.119743913 0.100087464
1773246458.308770 0.476441205 -0.014416404 -0.376170814 -0.019307809 0.987497389 -0.120152742 0.100196779
1773246458.336407 0.476835877 -0.014021561 -0.378009140 -0.018021980 0.987504244 -0.120045975 0.100496501
1773246458.369851 0.476587415 -0.013944730 -0.379016042 -0.018052805 0.987466216 -0.120585099 0.100218922
1773246458.411106 0.477083147 -0.014621392 -0.380037367 -0.018350830 0.987546027 -0.120474786 0.099508107
1773246458.435945 0.477541208 -0.014452972 -0.381979108 -0.017082656 0.987762630 -0.119699568 0.098515153
1773246458.478280 0.478034049 -0.015378192 -0.384537280 -0.017865404 0.987969577 -0.119311698 0.096755899
1773246458.503840 0.478370041 -0.015577249 -0.386138976 -0.017412687 0.988035321 -0.120235659 0.095007598
1773246458.537023 0.477982342 -0.016386501 -0.387195796 -0.016265489 0.988343418 -0.119233005 0.093253531
1773246458.575916 0.478201210 -0.017790012 -0.389157325 -0.015859026 0.988733947 -0.117928758 0.090810105
1773246458.601990 0.478372246 -0.017404139 -0.390673131 -0.016680313 0.988811016 -0.118942671 0.088470906
1773246458.641467 0.477965564 -0.017369829 -0.391765863 -0.014998147 0.988794863 -0.120417401 0.086944848
1773246458.670658 0.478007436 -0.016847491 -0.393644899 -0.013206171 0.989012301 -0.119734928 0.085695796
1773246458.703933 0.477944285 -0.017397664 -0.394636720 -0.013391650 0.989065289 -0.120464779 0.084016040
1773246458.745221 0.477641284 -0.017486684 -0.395376056 -0.013265580 0.989244163 -0.120150201 0.082364649
1773246458.769608 0.478474736 -0.018156104 -0.397990942 -0.013035572 0.989511728 -0.119071141 0.080737576
1773246458.809610 0.478390366 -0.017753311 -0.399561971 -0.011483161 0.989459157 -0.120110802 0.080075100
1773246458.839875 0.478900671 -0.017939143 -0.400801033 -0.011232686 0.989516318 -0.120057739 0.079482138
1773246458.875664 0.477896899 -0.018645495 -0.401643991 -0.012343397 0.989654660 -0.119081683 0.079061702
1773246458.904517 0.478848845 -0.017994098 -0.404222757 -0.011645804 0.989856005 -0.118142754 0.078049503
1773246458.936072 0.478707790 -0.018021725 -0.405697167 -0.011355539 0.989684939 -0.119990870 0.077439226
1773246458.982774 0.478886187 -0.018631451 -0.407687128 -0.011106831 0.989898980 -0.118421793 0.077155061
1773246459.004649 0.478960484 -0.017771974 -0.409066558 -0.010829215 0.989865422 -0.119199358 0.076424293
1773246459.041553 0.479225457 -0.018331468 -0.410549700 -0.010098043 0.990024447 -0.118820719 0.075041018
1773246459.070385 0.478484720 -0.018867187 -0.411709636 -0.010604175 0.990198433 -0.118120305 0.073771000
1773246459.104461 0.478885561 -0.018493548 -0.412990183 -0.010636196 0.990280628 -0.118420430 0.072164327
1773246459.145049 0.478839725 -0.019765094 -0.414780766 -0.011479333 0.990368962 -0.118570402 0.070558868
1773246459.170446 0.478956968 -0.019140333 -0.416133165 -0.010124180 0.990610242 -0.117723383 0.068775170
1773246459.211442 0.478676319 -0.019456416 -0.417709053 -0.008959381 0.990544558 -0.118911199 0.067833044
1773246459.237655 0.478410870 -0.019913554 -0.418626428 -0.009606140 0.990719557 -0.118180849 0.066451356
1773246459.270945 0.478599072 -0.019941509 -0.420473278 -0.010501792 0.990567982 -0.119814090 0.065645657
1773246459.315780 0.478730500 -0.020053707 -0.422334939 -0.010999286 0.990703106 -0.118896529 0.065192081
1773246459.338234 0.478642046 -0.020203814 -0.423047125 -0.010469833 0.990531683 -0.120122656 0.065634638
1773246459.376795 0.478542894 -0.020540394 -0.424384534 -0.009975688 0.990697980 -0.118365847 0.066388808
1773246459.403330 0.478907794 -0.020922035 -0.425744921 -0.009471606 0.990462780 -0.119812779 0.067369252
1773246459.438186 0.479403257 -0.020495087 -0.427522182 -0.008508321 0.990332961 -0.120075278 0.068921387
1773246459.477189 0.480224997 -0.021635123 -0.428765327 -0.010267681 0.990211904 -0.119955868 0.070608519
1773246459.504006 0.480707586 -0.021245003 -0.430558830 -0.009413411 0.990013182 -0.120321304 0.072855890
1773246459.543893 0.480733544 -0.022116773 -0.431524992 -0.009289538 0.989805520 -0.120138250 0.075931102
1773246459.570125 0.481256604 -0.021074168 -0.432194233 -0.008041225 0.989542425 -0.120579101 0.078751825
1773246459.610858 0.481347591 -0.021248206 -0.433394372 -0.007543551 0.989251673 -0.120924450 0.081863292
1773246459.636618 0.482026130 -0.021961384 -0.434435427 -0.008696441 0.989184618 -0.120053902 0.083816685
1773246459.671156 0.482622176 -0.022299327 -0.436025679 -0.008967403 0.988893270 -0.120473310 0.086578570
1773246459.708969 0.483333886 -0.021963350 -0.437544584 -0.008614340 0.988607645 -0.120815910 0.089354441
1773246459.738538 0.483987421 -0.022641256 -0.438952506 -0.007227766 0.988521338 -0.119492136 0.092167921
1773246459.780492 0.483459592 -0.021945655 -0.439798087 -0.007559760 0.987982690 -0.121873982 0.094761804
1773246459.803956 0.484434158 -0.021900102 -0.441280574 -0.008199539 0.988039434 -0.120680757 0.095640033
1773246459.837513 0.484560311 -0.022136413 -0.442261040 -0.008503732 0.987866938 -0.121663973 0.096148334
1773246459.875988 0.484622300 -0.022274971 -0.443750113 -0.007021447 0.987925768 -0.120437995 0.097200699
1773246459.905004 0.485525459 -0.023091324 -0.445061415 -0.009133381 0.987995625 -0.120357037 0.096413016
1773246459.949619 0.486064553 -0.023123644 -0.446635604 -0.007461309 0.988132656 -0.120183989 0.095362067
1773246459.971065 0.486859500 -0.023251191 -0.448982835 -0.007946000 0.988156974 -0.121239282 0.093721561
1773246460.005230 0.486665726 -0.023388825 -0.449658394 -0.007527106 0.988431156 -0.120339826 0.092008725
1773246460.043294 0.487570643 -0.023742594 -0.451718569 -0.006997914 0.988586664 -0.120773226 0.089784160
1773246460.071803 0.486877024 -0.023741454 -0.453209251 -0.006628279 0.988679886 -0.121426895 0.087884001
1773246460.111688 0.487516373 -0.024272181 -0.454469591 -0.006482181 0.988954663 -0.120805688 0.085630983
1773246460.139080 0.487663686 -0.024111941 -0.456922680 -0.006762188 0.988837898 -0.122623704 0.084364310
1773246460.171256 0.487709522 -0.024204716 -0.458017290 -0.006210946 0.989069939 -0.121158518 0.083801791
1773246460.210473 0.487698913 -0.024150193 -0.459107935 -0.006326210 0.988727331 -0.123961560 0.083736219
1773246460.238721 0.488486469 -0.024836175 -0.461293310 -0.005655069 0.989190400 -0.120363884 0.083563156
1773246460.280791 0.488702893 -0.024386831 -0.462452292 -0.007665500 0.988797963 -0.123856977 0.082940988
1773246460.305532 0.489114195 -0.024630785 -0.463878185 -0.007199584 0.989046454 -0.122134037 0.082574666
1773246460.337519 0.489715666 -0.025346436 -0.465546399 -0.007615636 0.989114106 -0.122273363 0.081513815
1773246460.377080 0.489537835 -0.025594361 -0.466568470 -0.007545586 0.989262998 -0.121857911 0.080326684
1773246460.404410 0.489891768 -0.025248200 -0.467738926 -0.007483758 0.989267826 -0.122912198 0.078649223
1773246460.447437 0.489882529 -0.025584325 -0.469194293 -0.006963115 0.989478588 -0.121926583 0.077572845
1773246460.472121 0.490227222 -0.025708273 -0.471009701 -0.006828507 0.989576519 -0.121368438 0.077210583
1773246460.513834 0.489846706 -0.025923215 -0.472204894 -0.007759216 0.989631355 -0.121382080 0.076393396
1773246460.537608 0.489770353 -0.025769971 -0.473284543 -0.007084889 0.989562869 -0.121942572 0.076453373
1773246460.572367 0.490844518 -0.026681013 -0.475017607 -0.007034986 0.989741147 -0.120781414 0.075992107
1773246460.613827 0.491508722 -0.027202249 -0.476776242 -0.007481899 0.989599526 -0.121844448 0.076097131
1773246460.639596 0.491623670 -0.027350076 -0.478062034 -0.010529077 0.989447892 -0.123054042 0.075760603
1773246460.678574 0.492469937 -0.027054660 -0.479553193 -0.012502614 0.989363134 -0.123928979 0.075138889
1773246460.706143 0.492170781 -0.027070329 -0.481074601 -0.010326680 0.989459932 -0.123088621 0.075574495
1773246460.739857 0.492587566 -0.027347088 -0.482692957 -0.009274374 0.989345789 -0.123946704 0.075803384
1773246460.777094 0.491578847 -0.027659513 -0.483288556 -0.008382100 0.989550531 -0.122046605 0.076315776
1773246460.806130 0.492901802 -0.028295189 -0.485416174 -0.010918075 0.989477217 -0.122764640 0.075791977
1773246460.844491 0.492386103 -0.028431892 -0.486691535 -0.008657962 0.989354134 -0.123302378 0.076810941
1773246460.872950 0.493403256 -0.028963223 -0.489054143 -0.010053800 0.989698291 -0.120644279 0.076427914
1773246460.906740 0.493422508 -0.028176919 -0.490434051 -0.008744875 0.989362597 -0.122451805 0.078043357
1773246460.947536 0.493785322 -0.028632954 -0.492285579 -0.009821823 0.989343047 -0.121930294 0.078973994
1773246460.972208 0.493767321 -0.028916590 -0.493736625 -0.008115022 0.989334226 -0.121374562 0.080125436
1773246461.012366 0.493665963 -0.028946102 -0.495839953 -0.009313704 0.989216447 -0.121620983 0.081070401
1773246461.038589 0.494243234 -0.028616689 -0.497792125 -0.008324984 0.989135623 -0.121476188 0.082370825
1773246461.072988 0.494011551 -0.029202662 -0.498932809 -0.008827111 0.989063919 -0.121059939 0.083780453
1773246461.116694 0.494608372 -0.029282913 -0.500986159 -0.008513863 0.988986373 -0.120948322 0.084881835
1773246461.139400 0.494785011 -0.029833481 -0.502452016 -0.010089354 0.989074588 -0.118909381 0.086546533
1773246461.183115 0.494785696 -0.029520594 -0.503967226 -0.010311989 0.988944471 -0.118931748 0.087964199
1773246461.206624 0.494944870 -0.028893195 -0.505638003 -0.009994810 0.988668203 -0.119874977 0.089806840
1773246461.239933 0.495273829 -0.028963484 -0.507124960 -0.009600868 0.988727093 -0.118511014 0.091003463
1773246461.282161 0.495904952 -0.029885866 -0.509301960 -0.011102232 0.988647044 -0.118258923 0.092024602
1773246461.305974 0.495802283 -0.029901393 -0.510704458 -0.009343053 0.988695502 -0.116691127 0.093686298
1773246461.345494 0.495762229 -0.030027702 -0.511985004 -0.011799061 0.988217831 -0.118956409 0.095580682
1773246461.373295 0.496352315 -0.030183807 -0.514018893 -0.010339910 0.988321185 -0.117278188 0.096747704
1773246461.405945 0.496470094 -0.030490756 -0.515179336 -0.011138558 0.988418281 -0.116319560 0.096824564
1773246461.445574 0.496691048 -0.031134859 -0.516805708 -0.012723587 0.988261640 -0.117236987 0.097121201
1773246461.473596 0.496690899 -0.031186894 -0.518289149 -0.011330099 0.988280714 -0.117355801 0.096956052
1773246461.511562 0.497235179 -0.030803263 -0.520124078 -0.011096743 0.988313735 -0.117893241 0.095989630
1773246461.539485 0.496719092 -0.031466946 -0.521453738 -0.011461551 0.988520682 -0.117336333 0.094486035
1773246461.578492 0.497432053 -0.031008795 -0.523673773 -0.011017729 0.988708317 -0.117469080 0.092387810
1773246461.606806 0.498272300 -0.030869558 -0.525270700 -0.010935764 0.988823652 -0.118361056 0.089993842
1773246461.640403 0.497355103 -0.031680316 -0.526746035 -0.010374573 0.989085495 -0.117896222 0.087765232
1773246461.679162 0.498011857 -0.031652518 -0.529231668 -0.009721212 0.989637136 -0.115395539 0.084898368
1773246461.706503 0.498465121 -0.031811282 -0.531167388 -0.011078438 0.989525259 -0.118293680 0.081997886
1773246461.745269 0.498402327 -0.031937629 -0.532722354 -0.008885733 0.989978969 -0.115871161 0.080228351
1773246461.774313 0.499217749 -0.032954067 -0.534144342 -0.012512376 0.989993274 -0.116690740 0.078358456
1773246461.807928 0.499447346 -0.032888621 -0.536053538 -0.011110695 0.990040720 -0.116501383 0.078252293
1773246461.846418 0.499824584 -0.033236839 -0.537679255 -0.011865289 0.990073085 -0.116427928 0.077839561
1773246461.873425 0.500150621 -0.034036033 -0.538975000 -0.011663861 0.990080833 -0.116336450 0.077908434
1773246461.914335 0.500226974 -0.033202767 -0.540855467 -0.010250798 0.989970982 -0.116982646 0.078533515
1773246461.941063 0.500758290 -0.034016177 -0.542111814 -0.011476597 0.989845574 -0.117966093 0.078473844
1773246461.973430 0.501603246 -0.033623271 -0.544141412 -0.009655922 0.989997268 -0.116681822 0.078724325
1773246462.012491 0.501413465 -0.033683717 -0.545871019 -0.011049920 0.989777088 -0.118560769 0.078501694
1773246462.041759 0.501694560 -0.034357317 -0.547475278 -0.010215035 0.989982784 -0.116946369 0.078442760
1773246462.083822 0.501936436 -0.034246460 -0.549225211 -0.011483546 0.989905059 -0.118234463 0.077308662
1773246462.108171 0.502237201 -0.034218267 -0.551326931 -0.010362310 0.989987075 -0.117715225 0.077209331
1773246462.141279 0.502528012 -0.033834420 -0.552977562 -0.011348727 0.989902794 -0.118581906 0.076824419
1773246462.179466 0.502452731 -0.034683116 -0.554802001 -0.011652523 0.990003169 -0.117969580 0.076427311
1773246462.207797 0.502712250 -0.033977613 -0.556861997 -0.011274512 0.989877045 -0.119256534 0.076119415
1773246462.248111 0.502512097 -0.033662274 -0.558176458 -0.010848247 0.989872634 -0.119446032 0.075941540
1773246462.276400 0.503466189 -0.035214975 -0.559936881 -0.011726439 0.989877701 -0.119660348 0.075405501
1773246462.307908 0.503496528 -0.034921303 -0.561535716 -0.012206503 0.989877462 -0.119649656 0.075349860
1773246462.346511 0.503544569 -0.034603253 -0.563306749 -0.012295078 0.989763856 -0.120324440 0.075751744
1773246462.373862 0.503810108 -0.034813091 -0.564637363 -0.012278475 0.989649355 -0.120293088 0.077284977
1773246462.412184 0.504262269 -0.036024511 -0.566474378 -0.012001235 0.989509702 -0.120668054 0.078521915
1773246462.441546 0.505521297 -0.036764443 -0.568698645 -0.012069630 0.989559114 -0.119187243 0.080133647
1773246462.474321 0.505809069 -0.036927730 -0.570417285 -0.011601505 0.989219010 -0.120708562 0.082101010
1773246462.513170 0.505383968 -0.036375642 -0.571611166 -0.011581928 0.989228070 -0.119472258 0.083785601
1773246462.541322 0.505814016 -0.036846787 -0.573064089 -0.012077164 0.989048004 -0.119544223 0.085716844
1773246462.582341 0.505936265 -0.036413901 -0.574633062 -0.011682860 0.988897085 -0.119865738 0.087053090
1773246462.607862 0.505881131 -0.036818057 -0.576011360 -0.011095067 0.988734663 -0.119932249 0.088864654
1773246462.649095 0.506439567 -0.037268594 -0.578145683 -0.012013448 0.988493681 -0.120803729 0.090235300
1773246462.673848 0.506618500 -0.037314676 -0.580230832 -0.010702254 0.988557994 -0.119343072 0.091628730
1773246462.708101 0.507411301 -0.037797466 -0.581920743 -0.011965399 0.988371253 -0.120053649 0.092554227
1773246462.747217 0.508364320 -0.037933230 -0.584042788 -0.012019397 0.988248765 -0.120143756 0.093729950
1773246462.774170 0.507756948 -0.037261456 -0.585238993 -0.010225831 0.987964153 -0.121511146 0.095169470
1773246462.816860 0.507862747 -0.038849108 -0.585994720 -0.012505312 0.988065541 -0.120002657 0.095757417
1773246462.841572 0.508555710 -0.038662173 -0.587970138 -0.011672671 0.987932920 -0.120470665 0.096639372
1773246462.875283 0.509311616 -0.038860559 -0.589459300 -0.011672296 0.987999380 -0.119768195 0.096832819
1773246462.913946 0.508658648 -0.038330562 -0.590745926 -0.009204380 0.988133371 -0.119441882 0.096132278
1773246462.942321 0.509413123 -0.038563393 -0.592349052 -0.011956338 0.987930775 -0.121662661 0.095121071
1773246462.983475 0.509421945 -0.039200790 -0.593858719 -0.010746175 0.988291025 -0.119368605 0.094427563
1773246463.008636 0.510156453 -0.038901053 -0.595686018 -0.012332795 0.988063157 -0.121909358 0.093365967
1773246463.042557 0.510175705 -0.039774112 -0.596612215 -0.011652936 0.988318861 -0.121546976 0.091194436
1773246463.084009 0.510757208 -0.039752580 -0.598385990 -0.011590225 0.988402486 -0.122347429 0.089203462
1773246463.107480 0.511026859 -0.039774321 -0.600155652 -0.010697616 0.988741636 -0.121331304 0.086915411
1773246463.149358 0.512097299 -0.040586844 -0.602530658 -0.011232682 0.988939345 -0.121239342 0.084698327
1773246463.175182 0.512876153 -0.039683260 -0.605014443 -0.010135530 0.988939762 -0.122364581 0.083200708
1773246463.209158 0.513758719 -0.040668920 -0.607167065 -0.010456407 0.989214122 -0.121058486 0.081797644
1773246463.249208 0.513381422 -0.040915936 -0.608222425 -0.012747050 0.989174366 -0.122067772 0.080443263
1773246463.275427 0.512698412 -0.041125245 -0.609228671 -0.011391782 0.989280820 -0.121293701 0.080507830
1773246463.322587 0.513971031 -0.041150346 -0.611888587 -0.012734652 0.989278853 -0.122182138 0.078972474
1773246463.342621 0.514632642 -0.041792393 -0.613176465 -0.012031897 0.989612401 -0.120422579 0.077594623
1773246463.376720 0.514618218 -0.041401699 -0.615121663 -0.012838718 0.989634454 -0.120914519 0.076409951
1773246463.414859 0.515204906 -0.041621335 -0.616549492 -0.010991940 0.989611089 -0.121381395 0.076260202
1773246463.441575 0.514760971 -0.042089090 -0.617846370 -0.012202824 0.989772439 -0.120565780 0.075269952
1773246463.484973 0.517252922 -0.042697899 -0.619989514 -0.012649897 0.989928603 -0.120269887 0.073596187
1773246463.509733 0.518864989 -0.043752953 -0.622014999 -0.012743350 0.989851058 -0.121247061 0.073017590
1773246463.542857 0.516455710 -0.042175077 -0.622292876 -0.011355431 0.989991367 -0.119732209 0.073840141
1773246463.580816 0.516117096 -0.042781785 -0.622241855 -0.011902281 0.989682376 -0.122065559 0.074074849
1773246463.609202 0.515499234 -0.043168731 -0.623376548 -0.009916315 0.990040302 -0.118603908 0.075199395
1773246463.650360 0.515635490 -0.042584345 -0.623090327 -0.012445020 0.989543259 -0.122076057 0.075806633
1773246463.674584 0.519524276 -0.043226771 -0.629466951 -0.008914631 0.989943922 -0.119267680 0.075543828
1773246463.708358 0.518885314 -0.044149846 -0.630075634 -0.012169602 0.989664316 -0.120954610 0.076068394
1773246463.752387 0.518965602 -0.043518819 -0.630643666 -0.009969286 0.989801645 -0.119534433 0.076843470
1773246463.777207 0.518127918 -0.044600278 -0.631476521 -0.011294922 0.989679635 -0.120120600 0.077315316
1773246463.819610 0.521102190 -0.044622809 -0.635353804 -0.011272602 0.989578903 -0.121232815 0.076871023
1773246463.843558 0.519631863 -0.044724777 -0.635016859 -0.009852432 0.990062535 -0.117762871 0.076229662
1773246463.876652 0.519237518 -0.045101821 -0.636294007 -0.011096628 0.989631832 -0.121550418 0.075704344
1773246463.915543 0.521003783 -0.045060121 -0.637245715 -0.010642787 0.990115523 -0.118510805 0.074251398
1773246463.943044 0.520470619 -0.045063019 -0.639251232 -0.011870324 0.989959419 -0.120560162 0.072833553
1773246463.981503 0.520238996 -0.044651426 -0.639849246 -0.012148905 0.990155399 -0.119511865 0.071844265
1773246464.009102 0.523810089 -0.043738991 -0.645133615 -0.010875258 0.990079939 -0.120938875 0.070691571
1773246464.043155 0.523628354 -0.043985300 -0.645415664 -0.012145797 0.990208805 -0.119866192 0.070506200
1773246464.081370 0.523323894 -0.044486158 -0.646485746 -0.009509291 0.990358591 -0.118454866 0.071189485
1773246464.109235 0.523089409 -0.044254363 -0.647456408 -0.011069185 0.990017951 -0.120779589 0.071792752
1773246464.150355 0.522660196 -0.044616364 -0.648294628 -0.011200079 0.989902675 -0.121594884 0.071985528
1773246464.176210 0.522288620 -0.044783786 -0.649225712 -0.010853175 0.989962816 -0.121017389 0.072184637
1773246464.210774 0.525106847 -0.044631183 -0.653338373 -0.010391621 0.989828646 -0.122089617 0.072287202
1773246464.250459 0.524818301 -0.045051619 -0.655211926 -0.011266839 0.989841700 -0.121542811 0.072896071
1773246464.277148 0.523608744 -0.045809813 -0.656442583 -0.012379096 0.989930153 -0.121065624 0.072306328
1773246464.319721 0.526240051 -0.045083895 -0.658355534 -0.011540540 0.989854991 -0.121958300 0.071973100
1773246464.343910 0.525897145 -0.045512751 -0.660541773 -0.010557462 0.989879370 -0.121688984 0.072243959
1773246464.376601 0.525546432 -0.045659274 -0.660379648 -0.012251058 0.990011632 -0.121185452 0.071000203
1773246464.414487 0.525106907 -0.045976654 -0.661694765 -0.010603741 0.989818990 -0.122835547 0.071114711
1773246464.443841 0.524799883 -0.046361022 -0.663151383 -0.009653351 0.990284801 -0.119389154 0.070633180
1773246464.481492 0.524642825 -0.046419367 -0.663639188 -0.009536512 0.990166605 -0.120563097 0.070311248
1773246464.509743 0.523962557 -0.046985552 -0.665397823 -0.009490734 0.990199566 -0.120332807 0.070248052
1773246464.542967 0.527543426 -0.046815500 -0.670284390 -0.008930586 0.990164816 -0.120767131 0.070065223
1773246464.582671 0.526976407 -0.047292337 -0.671215355 -0.008433562 0.990114272 -0.120546557 0.071211927
1773246464.610737 0.526299655 -0.047695443 -0.673112810 -0.009003347 0.990132093 -0.119868681 0.072034247
1773246464.649250 0.526161253 -0.047912449 -0.673246026 -0.009112420 0.989962816 -0.121015854 0.072427690
1773246464.677151 0.525691926 -0.048241794 -0.674423993 -0.008208472 0.989952981 -0.120710418 0.073175386
1773246464.709345 0.527325690 -0.047860250 -0.676608443 -0.009378184 0.989912033 -0.121181354 0.072810113
1773246464.749666 0.527034461 -0.048954055 -0.677521348 -0.008754739 0.989813507 -0.122082599 0.072721519
1773246464.777635 0.526954114 -0.047973275 -0.677493513 -0.007125940 0.990108252 -0.120229550 0.071970150
1773246464.816616 0.529904664 -0.047293410 -0.679209173 -0.009784032 0.989813685 -0.123633504 0.069913484
1773246464.843956 0.528435588 -0.048536181 -0.682604790 -0.008868289 0.990340114 -0.120547198 0.067943260
1773246464.876617 0.528321505 -0.048203468 -0.683098495 -0.009111273 0.990516245 -0.120697521 0.065012582
1773246464.916070 0.530017138 -0.048174024 -0.686318219 -0.011621142 0.990618527 -0.121649496 0.061165996
1773246464.944055 0.529593885 -0.048524663 -0.687633395 -0.010171572 0.991108656 -0.119489476 0.057640709
1773246464.981835 0.529120445 -0.048788846 -0.688697100 -0.010479668 0.991185606 -0.120509773 0.054024171
1773246465.009961 0.528401196 -0.049029253 -0.688175917 -0.010501889 0.991602659 -0.118809365 0.049981780
1773246465.044767 0.528647244 -0.049097858 -0.689312160 -0.009573980 0.991630673 -0.119861789 0.047010355
1773246465.082461 0.528095901 -0.049695693 -0.690950990 -0.010904114 0.991904676 -0.118641041 0.043935947
1773246465.111093 0.528122306 -0.049556121 -0.690576911 -0.009608205 0.991912425 -0.119397968 0.041969780
1773246465.149644 0.531236947 -0.049926184 -0.697105348 -0.010227857 0.992185831 -0.118506342 0.037668422
1773246465.177265 0.530526817 -0.050314374 -0.697710872 -0.011669780 0.992095351 -0.119603552 0.036133848
1773246465.211864 0.530260682 -0.049904518 -0.697268426 -0.009791470 0.992163420 -0.119290046 0.035858463
1773246465.250540 0.529943824 -0.050584361 -0.699427783 -0.010001577 0.992120862 -0.119670555 0.035709493
1773246465.276527 0.530106723 -0.050420702 -0.698420346 -0.009930822 0.992140293 -0.119361855 0.036218178
1773246465.315959 0.529219985 -0.051523045 -0.702009380 -0.011357206 0.992105424 -0.119254678 0.037097398
1773246465.344271 0.528640866 -0.051619418 -0.702096939 -0.011328675 0.992109358 -0.118582278 0.039102022
1773246465.377302 0.529006839 -0.053316109 -0.702840626 -0.011937906 0.991955996 -0.118805639 0.042023294
1773246465.417990 0.533196747 -0.051509641 -0.709157825 -0.009579042 0.991951287 -0.118050642 0.044776630
1773246465.445189 0.533286214 -0.051270276 -0.708053410 -0.011239680 0.991308153 -0.121565327 0.049026951
1773246465.485702 0.532874107 -0.051793680 -0.709946513 -0.008603897 0.991292953 -0.119826108 0.053906668
1773246465.511311 0.532707870 -0.051465333 -0.710761666 -0.010421911 0.990846574 -0.121117778 0.058693912
1773246465.545645 0.532050908 -0.053878471 -0.711862683 -0.010683053 0.990698457 -0.119844772 0.063558124
1773246465.588017 0.531716347 -0.053601705 -0.711875558 -0.010629485 0.990717530 -0.117476553 0.067565031
1773246465.611194 0.535077691 -0.051948190 -0.717928648 -0.010650028 0.990134954 -0.120626070 0.070488788
1773246465.650374 0.535887837 -0.050451815 -0.718165994 -0.009697867 0.990110874 -0.118953854 0.073731825
1773246465.679276 0.533657730 -0.052153662 -0.717635095 -0.010618614 0.989660680 -0.120419204 0.077189110
1773246465.720342 0.536352634 -0.053362042 -0.722213745 -0.010998315 0.989707172 -0.118212260 0.079903848
1773246465.746585 0.540471137 -0.053838268 -0.727554440 -0.012183935 0.989353955 -0.119928658 0.081531867
1773246465.777925 0.538693428 -0.054109201 -0.728612244 -0.011989038 0.989138484 -0.120131344 0.083844341
1773246465.820372 0.537803233 -0.053968370 -0.728007436 -0.009646147 0.989100695 -0.119279116 0.085786648
1773246465.846222 0.540109515 -0.053445667 -0.730864346 -0.013565157 0.988818288 -0.121893175 0.084831350
1773246465.882902 0.540865183 -0.053919956 -0.734146476 -0.009634427 0.989223242 -0.119048022 0.084688678
1773246465.911829 0.541821361 -0.055212244 -0.734320700 -0.014122329 0.989329040 -0.119278595 0.082469322
1773246465.945574 0.540426314 -0.053600878 -0.734965324 -0.012054619 0.989225388 -0.120808244 0.081811599
1773246465.983190 0.540579259 -0.053754210 -0.737857461 -0.010474655 0.989631534 -0.119505122 0.078982614
1773246466.010921 0.540054142 -0.056277454 -0.738745511 -0.012834202 0.990128994 -0.117720023 0.074978493
1773246466.053011 0.542062163 -0.053929180 -0.742226779 -0.012911961 0.990147829 -0.119656287 0.071574360
1773246466.079090 0.542879462 -0.054928586 -0.745164752 -0.012488500 0.990473688 -0.118911348 0.068308383
1773246466.111853 0.541668892 -0.055218562 -0.744971037 -0.012584358 0.990651608 -0.119075023 0.065361649
1773246466.151062 0.542243183 -0.056808740 -0.747920811 -0.012916235 0.990901530 -0.118673988 0.062159561
1773246466.177755 0.542886734 -0.055969164 -0.749186456 -0.013137489 0.991191626 -0.118005849 0.058661956
1773246466.222950 0.544065893 -0.057477668 -0.751283705 -0.015237888 0.991213620 -0.118728772 0.056274924
1773246466.245837 0.544236898 -0.054128677 -0.755294502 -0.012726756 0.991041839 -0.120975211 0.055128347
1773246466.280320 0.542877436 -0.052767426 -0.753440797 -0.012497719 0.991152704 -0.120498724 0.054224338
1773246466.318239 0.542746663 -0.056600586 -0.755984306 -0.013203664 0.991119623 -0.120824337 0.053936366
1773246466.346222 0.541504622 -0.056818798 -0.755388260 -0.012323320 0.991343439 -0.118510470 0.055151448
1773246466.383646 0.544458151 -0.054757088 -0.760048211 -0.012926647 0.990934014 -0.121662073 0.055506933
1773246466.412932 0.543750584 -0.055231676 -0.760180116 -0.012536258 0.990906239 -0.120681852 0.058168285
1773246466.446499 0.542262673 -0.056282818 -0.759473026 -0.013176950 0.990748763 -0.121278465 0.059454408
1773246466.484018 0.542816579 -0.057697400 -0.762025952 -0.012558209 0.990740776 -0.120727472 0.060826644
1773246466.511512 0.541204035 -0.056731835 -0.761725664 -0.012086958 0.990485370 -0.121706024 0.063089438
1773246466.550940 0.543104410 -0.057250172 -0.764557660 -0.011873080 0.990529895 -0.121031947 0.063724317
1773246466.579486 0.540420473 -0.057541788 -0.762056947 -0.012834984 0.990521848 -0.120946199 0.063825645
1773246466.613137 0.543130398 -0.058129430 -0.766858637 -0.012883411 0.990523458 -0.121067896 0.063559584
1773246466.651350 0.544810414 -0.056829706 -0.770556569 -0.011917680 0.990512848 -0.121486701 0.063113339
1773246466.679592 0.543083549 -0.057825878 -0.768707454 -0.012260634 0.990686119 -0.119966581 0.063235141
1773246466.718167 0.545069814 -0.058074489 -0.772832096 -0.012586259 0.990613818 -0.121146291 0.062043782
1773246466.746488 0.546528161 -0.057359293 -0.775197327 -0.012795790 0.990744352 -0.120262541 0.061634045
1773246466.779383 0.545872867 -0.056760550 -0.774515927 -0.013667424 0.990499496 -0.122293569 0.061385382
1773246466.817814 0.545874476 -0.057339549 -0.778368115 -0.012474712 0.990841150 -0.119641505 0.061351903
1773246466.846942 0.548236489 -0.057988584 -0.780724764 -0.014802554 0.990768313 -0.120962001 0.059390314
1773246466.883384 0.547563076 -0.057322621 -0.783011079 -0.014248967 0.991032720 -0.118919142 0.059239615
1773246466.912415 0.547359765 -0.058360532 -0.781070948 -0.014946319 0.990749717 -0.121455312 0.058652885
1773246466.945822 0.548471868 -0.058220997 -0.784654021 -0.014262428 0.990785003 -0.121234462 0.058684327
1773246466.987763 0.549085557 -0.059263691 -0.787433147 -0.014511585 0.990675867 -0.121901818 0.059082173
1773246467.012835 0.549068153 -0.060862511 -0.789683521 -0.014727768 0.990802109 -0.120446779 0.059890661
1773246467.051751 0.548855662 -0.059595779 -0.787999570 -0.014649881 0.990489781 -0.121984616 0.061928719
1773246467.081584 0.549780786 -0.060264438 -0.792047143 -0.014606970 0.990681052 -0.120283633 0.062205750
1773246467.113724 0.549304068 -0.058768362 -0.790879846 -0.013011720 0.990185797 -0.122972965 0.065118089
1773246467.151312 0.550268769 -0.060211807 -0.793563485 -0.014200046 0.990450501 -0.120361313 0.065721057
1773246467.180433 0.549860358 -0.057929605 -0.793847442 -0.013994746 0.990058482 -0.122725546 0.067280978
1773246467.220122 0.551296830 -0.060345128 -0.796354115 -0.013893236 0.990093470 -0.121721230 0.068599850
1773246467.247345 0.552667320 -0.059641078 -0.799519956 -0.013611736 0.989984095 -0.122301556 0.069199026
1773246467.289860 0.551435530 -0.061342388 -0.796900153 -0.014595092 0.990213811 -0.119881377 0.069943324
1773246467.314117 0.554315627 -0.059298798 -0.801833034 -0.013925386 0.989861786 -0.122613117 0.070326619
1773246467.347485 0.552220285 -0.060627073 -0.799813569 -0.014260896 0.989990890 -0.121086806 0.071081817
1773246467.387123 0.553527117 -0.061179414 -0.803715467 -0.013905332 0.989841163 -0.122186624 0.071354993
1773246467.413643 0.552814066 -0.061399326 -0.803905845 -0.014254442 0.990015864 -0.120635040 0.071502328
1773246467.454132 0.552918017 -0.061726347 -0.801134586 -0.014239789 0.989853978 -0.121867619 0.071656190
1773246467.480285 0.555200160 -0.062582955 -0.805907965 -0.014419867 0.989932954 -0.121352732 0.071402535
1773246467.514083 0.554425061 -0.060983479 -0.804923952 -0.014192684 0.989904165 -0.121458784 0.071666248
1773246467.551508 0.552093446 -0.062244669 -0.804715514 -0.014473987 0.989872873 -0.121402256 0.072136343
1773246467.580908 0.553736091 -0.062123954 -0.806782722 -0.012927573 0.989796519 -0.121866420 0.072693303
1773246467.617947 0.552787662 -0.061534330 -0.804817796 -0.014425293 0.989800513 -0.121973611 0.072174944
1773246467.646616 0.553595781 -0.060572788 -0.806772411 -0.013627078 0.989734888 -0.122477300 0.072377287
1773246467.681310 0.553775609 -0.061399385 -0.810374916 -0.012971837 0.989731252 -0.122945033 0.071751207
1773246467.721247 0.554912567 -0.060944825 -0.809582293 -0.012931812 0.989885867 -0.122409619 0.070530854
1773246467.749108 0.554263175 -0.060300648 -0.812624872 -0.014098293 0.989973724 -0.122542210 0.068823941
1773246467.786650 0.554594934 -0.059806839 -0.812683702 -0.012308779 0.989905953 -0.123948596 0.067612253
1773246467.814538 0.553330481 -0.061611503 -0.814255774 -0.012592028 0.990270197 -0.122168712 0.065431215
1773246467.848026 0.554709435 -0.060033470 -0.815562904 -0.013253702 0.990252078 -0.123903692 0.062233232
1773246467.886205 0.554875135 -0.060993597 -0.818268299 -0.012800972 0.990607440 -0.122531578 0.059321966
1773246467.913939 0.555096626 -0.062303051 -0.820560515 -0.013619127 0.990702331 -0.123302579 0.055856165
1773246467.953744 0.555847228 -0.061281905 -0.822627664 -0.013013462 0.990927041 -0.123142518 0.052250996
1773246467.980203 0.555117488 -0.061610445 -0.822019279 -0.012853863 0.991093040 -0.123124771 0.049087957
1773246468.013987 0.554998815 -0.061668932 -0.822595358 -0.014059359 0.991286993 -0.122892119 0.045277018
1773246468.054043 0.554984510 -0.061548531 -0.822652221 -0.013574889 0.991440475 -0.122871161 0.042002007
1773246468.080224 0.553352058 -0.061643362 -0.826169670 -0.012724863 0.991751790 -0.121765189 0.037943561
1773246468.119241 0.555044234 -0.064848945 -0.827604890 -0.013771273 0.991814256 -0.122374445 0.033753764
1773246468.147935 0.554922223 -0.063362986 -0.829745293 -0.012610423 0.992084801 -0.121238977 0.030162711
1773246468.181993 0.556115925 -0.064705521 -0.830756128 -0.013621370 0.992100179 -0.122179605 0.024975581
1773246468.219252 0.555808723 -0.064824820 -0.832332671 -0.012831103 0.992509007 -0.119675785 0.020951917
1773246468.248260 0.554880738 -0.066088513 -0.833358407 -0.013192674 0.992353082 -0.121514879 0.017189255
1773246468.288619 0.556453586 -0.066558301 -0.835750580 -0.012842793 0.992745399 -0.118948549 0.011956662
1773246468.314032 0.558469057 -0.066031486 -0.838792920 -0.011058102 0.992529213 -0.121256329 0.007774355
1773246468.353336 0.556146145 -0.064622164 -0.836475670 -0.011759650 0.992767930 -0.119417556 0.003620131
1773246468.382300 0.554920137 -0.064554617 -0.837609112 -0.011392117 0.992686093 -0.120183408 -0.000681148
1773246468.414815 0.556376815 -0.063845232 -0.841134429 -0.012026009 0.992729604 -0.119646750 -0.005289354
1773246468.455380 0.553395867 -0.065508336 -0.837015808 -0.011330578 0.992796361 -0.118965633 -0.008609605
1773246468.480496 0.556439042 -0.064499468 -0.843603551 -0.010843353 0.992737234 -0.119029358 -0.013680728
1773246468.522378 0.557431161 -0.064523041 -0.845551908 -0.010463452 0.992661119 -0.119101457 -0.018143557
1773246468.548801 0.555570483 -0.064536527 -0.844564021 -0.010193334 0.992644548 -0.118541420 -0.022379549
1773246468.581022 0.552870512 -0.063981205 -0.843696237 -0.010569253 0.992415845 -0.119473681 -0.026926657
1773246468.620161 0.555818319 -0.062140882 -0.846378684 -0.009076867 0.992262363 -0.119505636 -0.032425568
1773246468.649061 0.554634273 -0.063756645 -0.848260701 -0.010400451 0.992087781 -0.119214900 -0.037966587
1773246468.687391 0.555674672 -0.063944764 -0.848058939 -0.008981818 0.991991520 -0.118164636 -0.043695111
1773246468.715613 0.556181371 -0.065669209 -0.850677729 -0.010083006 0.991535366 -0.119447768 -0.049881779
1773246468.747730 0.554405570 -0.063911535 -0.853416502 -0.009119376 0.991277754 -0.119275786 -0.055302802
1773246468.788596 0.554588139 -0.064247027 -0.853857636 -0.010000731 0.991019905 -0.118183486 -0.061742600
1773246468.815573 0.554490209 -0.066885233 -0.853670537 -0.010683929 0.990466595 -0.119282566 -0.068069227
1773246468.855372 0.552651525 -0.063066855 -0.855553031 -0.009349264 0.990116775 -0.118567258 -0.074317493
1773246468.881289 0.555790782 -0.065128691 -0.855732858 -0.009846132 0.989363968 -0.120065339 -0.081524886
1773246468.915522 0.554646194 -0.065365948 -0.857130527 -0.008868279 0.989055932 -0.118246645 -0.087792024
1773246468.954402 0.551353455 -0.064696528 -0.857326090 -0.009071449 0.988268673 -0.119917795 -0.094140492
1773246468.982203 0.554863214 -0.068418436 -0.859023750 -0.009313732 0.987716436 -0.118249319 -0.101717956
1773246469.021359 0.552686691 -0.067289770 -0.858864486 -0.008818576 0.987047851 -0.118106969 -0.108210646
1773246469.049723 0.551648796 -0.067169271 -0.855376542 -0.009233208 0.986283660 -0.117857516 -0.115190603
1773246469.089777 0.550483942 -0.066170201 -0.856841266 -0.010150285 0.985511959 -0.117670387 -0.121724516
1773246469.115888 0.553830504 -0.068487979 -0.860569477 -0.009433933 0.984452188 -0.117852978 -0.129906312
1773246469.149567 0.550124407 -0.066930436 -0.857533157 -0.009865186 0.983896077 -0.116714433 -0.135014489
1773246469.189864 0.553362966 -0.065600321 -0.858986795 -0.009188546 0.982698143 -0.117287390 -0.143051028
1773246469.214772 0.552453935 -0.068783708 -0.861095488 -0.009356963 0.981769919 -0.116635464 -0.149787754
1773246469.254334 0.551482797 -0.065266460 -0.856801331 -0.011469699 0.980650604 -0.116218790 -0.157117724
1773246469.281583 0.551081836 -0.066755652 -0.857997954 -0.009574073 0.979447007 -0.116772428 -0.164182857
1773246469.315725 0.553385198 -0.065978840 -0.855139375 -0.007884950 0.978353441 -0.114051268 -0.172495440
1773246469.354580 0.548340321 -0.066665098 -0.861341298 -0.008405172 0.976879597 -0.115346223 -0.179807812
1773246469.383452 0.549714983 -0.066780046 -0.853449941 -0.009627854 0.975515187 -0.114815690 -0.187335834
1773246469.424389 0.549376309 -0.064889900 -0.861097813 -0.010091472 0.973638117 -0.115951076 -0.196168974
1773246469.449598 0.547475815 -0.065985709 -0.863299489 -0.007973840 0.972294331 -0.115157112 -0.203270718
1773246469.481715 0.549389124 -0.066690661 -0.862181425 -0.008545957 0.970783591 -0.114230879 -0.210849479
1773246469.521730 0.550432265 -0.066388503 -0.861990213 -0.003441150 0.969980061 -0.115254231 -0.214110464
1773246469.549359 0.549263239 -0.065384746 -0.857055485 -0.005380678 0.969355524 -0.114330083 -0.217369646
1773246469.588263 0.547257900 -0.063339233 -0.861229241 -0.006146043 0.968253791 -0.116110839 -0.221280470
1773246469.616480 0.551686466 -0.068108350 -0.861654043 -0.002802401 0.967436969 -0.114000745 -0.225968212
1773246469.650011 0.559777021 -0.065460861 -0.851709843 -0.004085079 0.966151297 -0.114328966 -0.231222451
1773246469.690064 0.548304319 -0.066435620 -0.859058976 -0.001256560 0.965619624 -0.113217682 -0.234006226
1773246469.716444 0.553621948 -0.066845238 -0.854279876 -0.002348403 0.964112222 -0.114484243 -0.239531860
1773246469.755333 0.553220928 -0.069116876 -0.857855082 -0.002246455 0.962628841 -0.114010327 -0.245646715
1773246469.783603 0.551349223 -0.070108399 -0.860619426 -0.006762176 0.960393131 -0.113239527 -0.254511505
1773246469.821697 0.549059451 -0.069815785 -0.859370708 -0.006719288 0.957658768 -0.112462729 -0.264946550
1773246469.849906 0.549815893 -0.066758044 -0.855706632 -0.003637871 0.953872442 -0.113460109 -0.277922571
1773246469.882069 0.544469237 -0.067264587 -0.860758364 -0.005201364 0.949806631 -0.111744210 -0.292153239
1773246469.925683 0.548786581 -0.068116032 -0.859266162 -0.008442543 0.944722116 -0.110898614 -0.308432102
1773246469.950258 0.546972096 -0.070924476 -0.858656287 -0.005349090 0.940113008 -0.108934388 -0.322942913
1773246469.988371 0.544545829 -0.069998942 -0.857364178 -0.001807488 0.935667098 -0.109338462 -0.335512847
1773246470.016010 0.547114730 -0.073108867 -0.857134104 -0.002959904 0.930909753 -0.106129654 -0.349477828
1773246470.050613 0.547924101 -0.078733273 -0.860793829 -0.002081408 0.926022947 -0.106183387 -0.362218529
1773246470.088418 0.548384368 -0.071026586 -0.854535639 -0.005222217 0.921600819 -0.104869835 -0.373666972
1773246470.116669 0.540828824 -0.080027819 -0.871801257 -0.002015389 0.917252779 -0.104751721 -0.384279013
1773246470.155286 0.533387423 -0.067781433 -0.868081272 -0.006907727 0.913351059 -0.105455212 -0.393219203
1773246470.182550 0.537166893 -0.066623986 -0.879078627 -0.009566002 0.908241093 -0.105967946 -0.404694229
1773246470.217301 0.531883836 -0.057309952 -0.884784520 -0.009151703 0.904258549 -0.107018404 -0.413255066
1773246470.255856 0.541833580 -0.062989280 -0.873263121 -0.007045877 0.900288701 -0.105366632 -0.422289580
1773246470.284070 0.535276771 -0.066267684 -0.873382986 -0.008473305 0.897245407 -0.104041353 -0.429015487
1773246470.321228 0.535121262 -0.058165990 -0.869727135 -0.011438502 0.893414617 -0.105090238 -0.436618328
1773246470.350695 0.538629413 -0.058130421 -0.868896961 -0.010087322 0.890138566 -0.104005687 -0.443547517
1773246470.388843 0.523452401 -0.062262204 -0.871886134 -0.006150584 0.888628483 -0.104392417 -0.446546584
1773246470.418056 0.523884654 -0.058793291 -0.873194277 -0.008726917 0.885358691 -0.103355378 -0.453190416
1773246470.451500 0.521608293 -0.062411662 -0.872110546 -0.005343322 0.883038878 -0.103325762 -0.457752764
1773246470.489494 0.520094395 -0.062565826 -0.874913692 -0.006395183 0.879922748 -0.103005439 -0.463772476
1773246470.517490 0.519692838 -0.064418949 -0.872044802 -0.005261317 0.877521992 -0.102653615 -0.468390524
1773246470.556504 0.524419963 -0.060159650 -0.863058150 -0.005087724 0.875124633 -0.102032229 -0.472990960
1773246470.583793 0.525386751 -0.061498586 -0.862520456 -0.004881746 0.872588634 -0.101763032 -0.477712810
1773246470.617513 0.513747931 -0.055961661 -0.871157229 -0.005925886 0.870657444 -0.103744596 -0.480788529
1773246470.655596 0.513976932 -0.049528290 -0.871884823 -0.006823238 0.867916465 -0.104340494 -0.485579699
1773246470.683796 0.532084882 -0.060899381 -0.860458016 -0.004864666 0.865616679 -0.101445556 -0.490298837
1773246470.723896 0.545771658 -0.075363450 -0.840634048 -0.007856783 0.863512278 -0.095924132 -0.495059013
1773246470.750448 0.528665364 -0.065940008 -0.871904612 -0.009760116 0.860980630 -0.100358136 -0.498543203
1773246470.783914 0.521361768 -0.062705293 -0.877325773 0.010961172 -0.859164894 0.101344340 0.501442850
1773246470.822139 0.522370696 -0.064723991 -0.878656447 0.009056916 -0.857108295 0.099746726 0.505305707
1773246470.850281 0.517127872 -0.067026854 -0.884669840 0.008616659 -0.854952335 0.100830153 0.508739054
1773246470.889843 0.533995986 -0.065284699 -0.861042917 0.009188109 -0.853003144 0.098399676 0.512463391
1773246470.918422 0.532554030 -0.063971035 -0.860399067 0.003267932 -0.852250576 0.100138731 0.513449788
1773246470.955886 0.517917395 -0.068233386 -0.865948141 0.008594915 -0.851115167 0.099084601 0.515472114
1773246470.985118 0.513717592 -0.068011954 -0.866434813 0.010433644 -0.849807560 0.098396696 0.517722309
1773246471.018515 0.513250649 -0.068653755 -0.865885317 0.007809218 -0.848819971 0.098479070 0.519370377
1773246471.055712 0.514470279 -0.068125494 -0.866156042 0.007357861 -0.847038567 0.098302163 0.522310436
