1773245601.644300 0.001899118 -0.052201189 0.011978791 -0.024793014 -0.001853321 -0.007768588 0.999660730
1773245601.680716 0.001126492 -0.050241467 0.014100146 -0.024306897 -0.001881298 -0.007869571 0.999671817
1773245601.715422 0.000431987 -0.052128680 0.016067211 -0.025206307 -0.001638227 -0.007458172 0.999653101
1773245601.747449 -0.000640684 -0.051832713 0.016540611 -0.025011739 -0.000772159 -0.008123923 0.999653816
1773245601.775684 -0.001754733 -0.050539829 0.019810522 -0.024474451 -0.000628877 -0.007346288 0.999673247
1773245601.807742 -0.002450398 -0.050870832 0.021987759 -0.024580121 -0.000292283 -0.007311839 0.999671042
1773245601.847743 -0.003643048 -0.046652943 0.023174632 -0.021656647 0.000372526 -0.006360837 0.999745190
1773245601.875641 -0.004543099 -0.048627682 0.025840458 -0.023290321 0.000770469 -0.005793572 0.999711633
1773245601.915107 -0.005991076 -0.050812345 0.028534405 -0.024565663 0.001463738 -0.004048524 0.999688923
1773245601.956061 -0.006101985 -0.051002000 0.030167826 -0.025364196 0.001225768 -0.005567224 0.999662042
1773245601.983103 -0.006918213 -0.051376149 0.033050012 -0.026199676 0.001673245 -0.004654415 0.999644518
1773245602.008263 -0.007695162 -0.050000243 0.034019809 -0.025395680 0.002201179 -0.004841287 0.999663353
1773245602.041983 -0.009425306 -0.050072711 0.035908923 -0.025695736 0.003396415 -0.004287989 0.999654830
1773245602.081217 -0.010179429 -0.049483094 0.037447054 -0.025168288 0.003208865 -0.004913132 0.999666035
1773245602.107986 -0.011313385 -0.049575608 0.039642174 -0.025713421 0.004326979 -0.003978743 0.999652088
1773245602.146643 -0.012081232 -0.049589295 0.042024605 -0.026460489 0.004995239 -0.002480135 0.999634326
1773245602.175064 -0.013899279 -0.051772978 0.044078510 -0.028591858 0.005576658 -0.000133698 0.999575615
1773245602.208927 -0.013699904 -0.050578136 0.045060720 -0.027944282 0.006061362 -0.000361165 0.999591053
1773245602.248161 -0.014752753 -0.050124515 0.046232257 -0.027408889 0.006656826 -0.001168833 0.999601483
1773245602.274381 -0.015963839 -0.049295239 0.048100699 -0.027633974 0.007587260 -0.001596308 0.999588072
1773245602.323002 -0.015255233 -0.047742248 0.048738264 -0.026053188 0.006222958 -0.001978529 0.999639213
1773245602.341947 -0.016447520 -0.047088467 0.050058223 -0.025620870 0.007598212 -0.001131055 0.999642193
1773245602.384310 -0.016877443 -0.046810459 0.050723564 -0.025603903 0.007741730 -0.000093519 0.999642193
1773245602.409643 -0.016987223 -0.046571754 0.051128581 -0.025541987 0.007333741 -0.002436336 0.999643862
1773245602.442853 -0.016976578 -0.046787616 0.052962851 -0.025603088 0.007304789 -0.001867808 0.999643743
1773245602.488736 -0.017071933 -0.047286905 0.052704114 -0.025753420 0.007009390 -0.002393477 0.999640882
1773245602.509539 -0.017659429 -0.047590315 0.053038329 -0.026513970 0.008214399 -0.001290707 0.999613822
1773245602.548837 -0.017268399 -0.047501273 0.053497475 -0.026173329 0.007682649 -0.001583269 0.999626637
1773245602.577031 -0.017450998 -0.047661189 0.053798970 -0.026626699 0.007999306 -0.001135639 0.999612749
1773245602.610340 -0.017508492 -0.048532136 0.053222831 -0.027420057 0.007976832 0.000270522 0.999592125
1773245602.654161 -0.017507972 -0.048117042 0.053291105 -0.026718803 0.007947854 -0.000345891 0.999611318
1773245602.676672 -0.017598717 -0.047759756 0.053077597 -0.026589956 0.007791423 -0.000529307 0.999615908
1773245602.719097 -0.017765839 -0.047562204 0.053358391 -0.026609013 0.007775298 -0.000416996 0.999615610
1773245602.743039 -0.017996902 -0.047952119 0.053307142 -0.026847951 0.008243972 -0.000064168 0.999605536
1773245602.776313 -0.017852997 -0.049198341 0.053897548 -0.028076118 0.008385320 0.000369921 0.999570549
1773245602.815514 -0.017583286 -0.050246894 0.054300860 -0.028960330 0.007616768 0.000914847 0.999551117
1773245602.843494 -0.017699540 -0.049065109 0.053403594 -0.028045252 0.007814420 0.000854849 0.999575734
1773245602.883302 -0.018075805 -0.048212755 0.053355619 -0.026952432 0.007880202 -0.000295123 0.999605656
1773245602.909646 -0.017972354 -0.048566777 0.053771667 -0.027333887 0.007295075 -0.000309684 0.999599695
1773245602.949223 -0.018156415 -0.048269238 0.053642519 -0.026959799 0.007147201 -0.000121957 0.999610960
1773245602.974998 -0.017998056 -0.047106158 0.053324122 -0.025984900 0.006606282 -0.000804498 0.999640167
1773245603.010044 -0.018067008 -0.046800148 0.053511042 -0.025646754 0.005348608 -0.000826703 0.999656439
1773245603.049384 -0.017252311 -0.047939837 0.053913325 -0.026644772 0.003750823 -0.000606992 0.999637723
1773245603.076171 -0.017411502 -0.048158191 0.053906057 -0.026273627 0.002661464 -0.000853548 0.999650896
1773245603.117046 -0.018034214 -0.047834970 0.053975414 -0.026336042 0.001529972 -0.000574985 0.999651790
1773245603.143772 -0.017290460 -0.047901478 0.054578718 -0.026153028 -0.001786371 -0.000298399 0.999656320
1773245603.176898 -0.017424785 -0.047929682 0.054541823 -0.025663618 -0.004325191 0.000612402 0.999661088
1773245603.219355 -0.017616253 -0.047854442 0.054866042 -0.025535017 -0.007351409 0.000781267 0.999646604
1773245603.243358 -0.016579961 -0.047581498 0.055340219 -0.024838516 -0.011909530 0.001300377 0.999619663
1773245603.280972 -0.017902726 -0.047915246 0.055750169 -0.025220217 -0.013420601 0.001279768 0.999590993
1773245603.310112 -0.018004475 -0.047547977 0.056785390 -0.024660265 -0.016826708 0.001851164 0.999552548
1773245603.350156 -0.017909143 -0.046658680 0.056956373 -0.023631981 -0.020319549 0.001618162 0.999512911
1773245603.376113 -0.018704250 -0.047385760 0.057517909 -0.024075016 -0.023156203 0.003207889 0.999436796
1773245603.409398 -0.018406965 -0.046933293 0.058287535 -0.023744289 -0.027655827 0.002157837 0.999333143
1773245603.449842 -0.018485928 -0.045982752 0.059021752 -0.022467790 -0.031689674 0.002800502 0.999241292
1773245603.477219 -0.017852753 -0.046000428 0.059427440 -0.022151353 -0.037537090 0.005231657 0.999036014
1773245603.516387 -0.018680673 -0.046847317 0.060211346 -0.022718251 -0.041149151 0.004534545 0.998884380
1773245603.542984 -0.019080700 -0.046273343 0.061106611 -0.021725655 -0.045478944 0.005610313 0.998713255
1773245603.577249 -0.018143170 -0.046542007 0.061560296 -0.021539386 -0.052838545 0.008576624 0.998333931
1773245603.616280 -0.017116562 -0.046506785 0.061279215 -0.021309616 -0.060028933 0.008437722 0.997933507
1773245603.643138 -0.017085096 -0.046262518 0.062429324 -0.020058099 -0.065529726 0.009002922 0.997608364
1773245603.682896 -0.018722970 -0.045340724 0.063290745 -0.019276720 -0.070198745 0.008612827 0.997309566
1773245603.710034 -0.018311493 -0.045915112 0.063133433 -0.019477352 -0.076434836 0.009867525 0.996835470
1773245603.742764 -0.017072923 -0.046591975 0.063454263 -0.020362223 -0.085257292 0.011252128 0.996087313
1773245603.782975 -0.015890880 -0.047151491 0.064231440 -0.021232333 -0.093554594 0.011712748 0.995318830
1773245603.809740 -0.014870212 -0.047461040 0.064479679 -0.021695333 -0.102508016 0.013941118 0.994397819
1773245603.850973 -0.013435345 -0.046002254 0.064404897 -0.018024636 -0.111409813 0.015512382 0.993489981
1773245603.877272 -0.011777170 -0.045177814 0.064183474 -0.016278293 -0.121174373 0.016455416 0.992361307
1773245603.916339 -0.011376661 -0.045498092 0.064740658 -0.016323065 -0.127873465 0.016520724 0.991518557
1773245603.943231 -0.011090435 -0.046144936 0.064721107 -0.017768526 -0.134345889 0.017026663 0.990628839
1773245603.977666 -0.011118320 -0.046391081 0.065168075 -0.017151505 -0.141127154 0.018838709 0.989663601
1773245604.016882 -0.010106146 -0.045963027 0.065200977 -0.015747339 -0.149156764 0.020520417 0.988475144
1773245604.043706 -0.009945042 -0.046222169 0.065790407 -0.016208552 -0.155547738 0.021542087 0.987460434
1773245604.085907 -0.009878274 -0.046076149 0.065582611 -0.015493076 -0.161684945 0.020764841 0.986502290
1773245604.111241 -0.008807223 -0.045381427 0.066232905 -0.013145847 -0.169691384 0.022580547 0.985150814
1773245604.144575 -0.009108111 -0.045245226 0.066448383 -0.012996077 -0.174671113 0.023810500 0.984253109
1773245604.182128 -0.008746289 -0.045330293 0.066525593 -0.011917809 -0.181017935 0.023377506 0.983129680
1773245604.209703 -0.008655537 -0.045364629 0.066614047 -0.011934174 -0.185834542 0.024116520 0.982212543
1773245604.249594 -0.007108239 -0.045144513 0.067001902 -0.011192550 -0.194627598 0.025140822 0.980491102
1773245604.276969 -0.006448023 -0.045414649 0.066741392 -0.011441018 -0.201008141 0.026019104 0.979177117
1773245604.318828 -0.005986894 -0.044643607 0.067897007 -0.009798851 -0.207651198 0.025985634 0.977808595
1773245604.344177 -0.005070567 -0.044820618 0.067569897 -0.009623353 -0.215015858 0.026443776 0.976205051
1773245604.378175 -0.004365491 -0.045106120 0.067624591 -0.009629493 -0.221727580 0.027597062 0.974670470
1773245604.417072 -0.004150901 -0.045667116 0.067611270 -0.010378472 -0.226758689 0.028601149 0.973475635
1773245604.445420 -0.003851188 -0.044934019 0.068229437 -0.009001093 -0.232741445 0.028963616 0.972065568
1773245604.483621 -0.002956975 -0.044513520 0.068674624 -0.007389536 -0.240258291 0.030238636 0.970209777
1773245604.510666 -0.002419865 -0.045609567 0.068613812 -0.010659279 -0.245865390 0.029992430 0.968781233
1773245604.545140 -0.002436066 -0.045144927 0.068697549 -0.008557344 -0.250905931 0.030381281 0.967496753
1773245604.583352 -0.001828143 -0.045182373 0.068931922 -0.008417860 -0.257204324 0.032406431 0.965776861
1773245604.611672 -0.001076449 -0.044746798 0.069373235 -0.007694393 -0.264077008 0.033895507 0.963875115
1773245604.650879 -0.001197644 -0.044881348 0.069117419 -0.007174503 -0.268793881 0.031676102 0.962650001
1773245604.678998 0.000464793 -0.044869550 0.069927022 -0.007260908 -0.278049529 0.035390787 0.959887087
1773245604.717345 0.000656769 -0.044649430 0.069988728 -0.006607261 -0.283842266 0.036318507 0.958160162
1773245604.745358 0.000857275 -0.044244990 0.069793321 -0.004756109 -0.289566338 0.037041176 0.956429124
1773245604.778090 0.001058616 -0.044004027 0.069294684 -0.003324925 -0.294491589 0.037490260 0.954912603
1773245604.818606 0.001147442 -0.044041120 0.069260098 -0.002844695 -0.299779058 0.037719689 0.953258455
1773245604.845362 0.001430564 -0.044056982 0.069049992 -0.002909101 -0.305687815 0.038966324 0.951329648
1773245604.884313 0.001689028 -0.044031084 0.069479048 -0.002312961 -0.311165065 0.041418437 0.949450076
1773245604.911627 0.002619173 -0.043925297 0.069417126 -0.002028417 -0.318058610 0.040898755 0.947186351
1773245604.945778 0.002233673 -0.043931216 0.069645196 -0.001644181 -0.322793931 0.039935239 0.945624948
1773245604.978004 0.003656887 -0.044195261 0.070808709 -0.002325198 -0.332321197 0.040607274 0.942288816
1773245605.011551 0.004572209 -0.044003949 0.070551008 -0.002000425 -0.338443041 0.041874491 0.940052569
1773245605.051286 0.004863147 -0.044642344 0.070753820 -0.003397620 -0.344904274 0.040707022 0.937748611
1773245605.079494 0.004791524 -0.044332627 0.070277497 -0.002167365 -0.348259717 0.043206010 0.936399341
1773245605.111190 0.004764557 -0.044129305 0.071147740 -0.002097302 -0.353070438 0.043716066 0.934572518
1773245605.152188 0.004932817 -0.043469723 0.070638314 0.000723447 -0.356850445 0.045280755 0.933063209
1773245605.179636 0.005912464 -0.043756850 0.070704728 -0.000372332 -0.364093661 0.045237131 0.930263042
1773245605.218709 0.006270748 -0.043727491 0.070912734 0.000422341 -0.369268864 0.045395169 0.928213120
1773245605.245353 0.006964941 -0.044096578 0.071291536 -0.000699531 -0.374700934 0.048029948 0.925900578
1773245605.284718 0.007039342 -0.043626707 0.071074225 0.001310053 -0.378456861 0.049137916 0.924312770
1773245605.311639 0.006551374 -0.043477066 0.070983142 0.001535768 -0.381414503 0.048188500 0.923145950
1773245605.345941 0.006948158 -0.044020832 0.071095929 0.000190345 -0.387150258 0.046988405 0.920818508
1773245605.384599 0.007357385 -0.043717571 0.071257576 0.001610878 -0.393035054 0.048749495 0.918228865
1773245605.412369 0.008340597 -0.043707535 0.071487516 0.001883940 -0.400204897 0.049863033 0.915066183
1773245605.451916 0.008180048 -0.043517794 0.071254566 0.002624484 -0.403695911 0.050463773 0.913496614
1773245605.479853 0.009178061 -0.043373041 0.071208544 0.003724183 -0.410076559 0.052147675 0.910551429
1773245605.511890 0.008588616 -0.043627549 0.071582064 0.002954955 -0.413066477 0.052303486 0.909192860
1773245605.551111 0.008293606 -0.043564226 0.071517490 0.002904316 -0.415881515 0.052305594 0.907908738
1773245605.578959 0.007772382 -0.043629948 0.071502745 0.003150203 -0.418449849 0.053576529 0.906652808
1773245605.618377 0.007541806 -0.043698862 0.071488321 0.002852771 -0.421023399 0.054077964 0.905431807
1773245605.645487 0.008573528 -0.043837812 0.071572043 0.002262176 -0.427689552 0.053860828 0.902316749
1773245605.684976 0.009353815 -0.043880485 0.071828023 0.002273756 -0.433919817 0.054853078 0.899277270
1773245605.712421 0.010037957 -0.043481551 0.072072752 0.004301718 -0.439619303 0.056917697 0.896368682
1773245605.746390 0.010108050 -0.043787103 0.071993649 0.003786932 -0.443805695 0.056358185 0.894341111
1773245605.786765 0.009914337 -0.044049013 0.071881711 0.002757867 -0.447593302 0.055861674 0.892486453
1773245605.813177 0.010874089 -0.044135775 0.072323762 0.002826344 -0.453908503 0.056739509 0.889235437
1773245605.852978 0.010753553 -0.044276036 0.072219305 0.002854729 -0.457078993 0.056527641 0.887623370
1773245605.879616 0.010505496 -0.044021346 0.072205663 0.004486851 -0.460510552 0.058697447 0.885699987
1773245605.912273 0.010884074 -0.044067599 0.072327062 0.004416827 -0.465630442 0.059139948 0.882989943
1773245605.952505 0.010863170 -0.043743599 0.072223932 0.005374725 -0.468667924 0.060675759 0.881271780
1773245605.978703 0.010991972 -0.043806758 0.072217025 0.005800388 -0.472061127 0.060478482 0.879469693
1773245606.017847 0.010907438 -0.043806192 0.072253950 0.005995007 -0.475267977 0.061343793 0.877679527
1773245606.046110 0.010922084 -0.043788850 0.072223999 0.006298060 -0.478472620 0.062426452 0.875857949
1773245606.078950 0.010864390 -0.043908276 0.072180055 0.005430109 -0.481499642 0.063014939 0.874161124
1773245606.123113 0.010831671 -0.043908790 0.072173625 0.005490116 -0.484242409 0.063563406 0.872604609
1773245606.147471 0.010886252 -0.043823082 0.072155796 0.005930363 -0.487433732 0.064657457 0.870742559
1773245606.187931 0.011243477 -0.044073202 0.072275534 0.005156243 -0.491848707 0.063959554 0.868312955
1773245606.213545 0.011034006 -0.044019654 0.072279595 0.006024326 -0.494762748 0.065265551 0.866552889
1773245606.253533 0.011462007 -0.044003256 0.072209492 0.005793818 -0.498668730 0.065876074 0.864266336
1773245606.280530 0.011186957 -0.043998141 0.072276615 0.006736984 -0.502329767 0.067203380 0.862034321
1773245606.313533 0.011290096 -0.044285432 0.072240181 0.006519041 -0.505909979 0.064871103 0.860118747
1773245606.353345 0.011393638 -0.044224612 0.072216682 0.007054499 -0.509086609 0.066126019 0.858142376
1773245606.379654 0.012372555 -0.044476509 0.072479598 0.005398613 -0.515510142 0.065304369 0.854374290
1773245606.420278 0.011646902 -0.044191122 0.072428562 0.006721140 -0.517145634 0.066705540 0.853267670
1773245606.446285 0.011300119 -0.044328120 0.072377317 0.006745797 -0.519214690 0.066092633 0.852057695
1773245606.480063 0.011458453 -0.044284262 0.072422273 0.006985410 -0.523160696 0.067294523 0.849544287
1773245606.520053 0.010472693 -0.044050660 0.072161794 0.008466374 -0.524122477 0.068619363 0.848831773
1773245606.545980 0.010198334 -0.044006571 0.072022468 0.009188524 -0.526300848 0.069190703 0.847428858
1773245606.586332 0.010269629 -0.043920562 0.071944483 0.010234682 -0.529936850 0.069806613 0.845097184
1773245606.613818 0.010350574 -0.044043858 0.071914688 0.009605955 -0.533346832 0.069526851 0.842979789
1773245606.653329 0.010258108 -0.044350781 0.071995415 0.008818595 -0.537086427 0.068302341 0.840711117
1773245606.680972 0.010304086 -0.044262480 0.072022565 0.009748390 -0.540946841 0.069541268 0.838120222
1773245606.714401 0.010417318 -0.044019416 0.072094426 0.010754560 -0.545342147 0.072670646 0.834988177
1773245606.753955 0.010286450 -0.044029709 0.072039440 0.010612155 -0.548277736 0.073394142 0.833001971
1773245606.780621 0.010123834 -0.043954708 0.072012469 0.012255278 -0.551782250 0.074772768 0.830539107
1773245606.819594 0.009909887 -0.043859649 0.071948156 0.012291123 -0.555445492 0.075212307 0.828053355
1773245606.847713 0.010111736 -0.044007555 0.072078981 0.011026502 -0.561204672 0.076033264 0.824103594
1773245606.880730 0.010126274 -0.043947436 0.072176598 0.010435167 -0.566123128 0.077518165 0.820601404
1773245606.921431 0.009725261 -0.043826062 0.072001725 0.016071327 -0.569544256 0.075443424 0.818333268
1773245606.947993 0.009442577 -0.043831185 0.072109833 0.015194177 -0.575211763 0.076824002 0.814247310
1773245606.986773 0.009500096 -0.043626118 0.072098300 0.015192134 -0.580467761 0.080403998 0.810161471
1773245607.013717 0.009380158 -0.043639816 0.072100118 0.017780079 -0.585560441 0.079273105 0.806547344
1773245607.047397 0.009330295 -0.043738756 0.072199717 0.016783969 -0.590964556 0.080744289 0.802470922
1773245607.090048 0.009454422 -0.043832947 0.072169214 0.014461307 -0.596236825 0.083011627 0.798374355
1773245607.114407 0.009540699 -0.043912824 0.072445445 0.015033812 -0.602392972 0.082693487 0.793762267
1773245607.157092 0.009416350 -0.043834209 0.072372206 0.015892550 -0.605642080 0.083695188 0.791163862
1773245607.180479 0.009370329 -0.043877445 0.072438948 0.015492235 -0.611026227 0.084442548 0.786941171
1773245607.221635 0.009278089 -0.043874580 0.072353967 0.016302075 -0.614285171 0.084823176 0.784342408
1773245607.246957 0.009272005 -0.043904439 0.072324112 0.015897391 -0.619231284 0.086268201 0.780293286
1773245607.281986 0.009225637 -0.043919250 0.072298609 0.017534610 -0.623626113 0.085627019 0.776821077
1773245607.322326 0.009276452 -0.043902967 0.072339490 0.016762123 -0.628995001 0.088045582 0.772225499
1773245607.348566 0.009241555 -0.043909706 0.072331034 0.016549254 -0.634008348 0.088788904 0.768033922
1773245607.389354 0.009135032 -0.043890961 0.072288968 0.017782791 -0.637939811 0.089491971 0.764661849
1773245607.415278 0.009114510 -0.043884739 0.072268002 0.016850967 -0.642727375 0.092188932 0.760341227
1773245607.448757 0.008928827 -0.043920793 0.072205320 0.019096784 -0.647136271 0.090854980 0.756700337
1773245607.488392 0.008918084 -0.043917578 0.072205268 0.020503683 -0.652250290 0.090715833 0.752276361
1773245607.514363 0.008918213 -0.043921113 0.072210014 0.020601977 -0.656727791 0.092691742 0.748125970
1773245607.554966 0.008909885 -0.043935504 0.072193950 0.020744113 -0.660965145 0.092294477 0.744430304
1773245607.582128 0.008844314 -0.043912925 0.072168626 0.021131173 -0.664592743 0.094477288 0.740907550
1773245607.625475 0.008878850 -0.043909963 0.072213799 0.020726979 -0.669521451 0.095566995 0.736327589
1773245607.655182 0.008863423 -0.043920051 0.072188213 0.021914881 -0.672674775 0.095396183 0.733435690
1773245607.681257 0.008847741 -0.043921072 0.072177701 0.023223357 -0.675792456 0.095519356 0.730507553
1773245607.721284 0.008842772 -0.043925717 0.072176389 0.023335986 -0.678929865 0.096010700 0.727524281
1773245607.749210 0.008810760 -0.043926615 0.072153203 0.022919582 -0.681195676 0.096720889 0.725322127
1773245607.787364 0.008808834 -0.043930307 0.072154902 0.024233026 -0.683437347 0.096276425 0.723226726
1773245607.815104 0.008794247 -0.043929171 0.072148874 0.023684101 -0.686307132 0.097478770 0.720360577
1773245607.847970 0.008808237 -0.043926608 0.072169244 0.024553731 -0.689098835 0.097286113 0.717687488
1773245607.887820 0.008816076 -0.043924656 0.072174713 0.023664827 -0.691282511 0.098526433 0.715444565
1773245607.915622 0.008792385 -0.043927114 0.072166003 0.024237216 -0.694154501 0.098910876 0.712585926
1773245607.954295 0.008790546 -0.043926980 0.072165847 0.025053669 -0.696355939 0.098890483 0.710409343
1773245607.982472 0.008789729 -0.043928120 0.072164290 0.025139280 -0.699049056 0.098941997 0.707749188
1773245608.015368 0.008784645 -0.043928038 0.072158702 0.024997776 -0.701581597 0.100085728 0.705082417
1773245608.054475 0.008782671 -0.043927781 0.072157644 0.025235381 -0.703823924 0.100430831 0.702786386
1773245608.083014 0.008781746 -0.043927811 0.072156884 0.025990199 -0.705686808 0.100497179 0.700878739
1773245608.124748 0.008784228 -0.043927532 0.072159179 0.025957946 -0.707658291 0.101074360 0.698806107
1773245608.149422 0.008781394 -0.043928385 0.072157122 0.026130645 -0.709195733 0.101341471 0.697200537
1773245608.191933 0.008784283 -0.043927494 0.072158389 0.027325749 -0.710762620 0.100795411 0.695636511
1773245608.216780 0.008781545 -0.043927889 0.072156116 0.026887195 -0.711870492 0.101349875 0.694439113
1773245608.248078 0.008783059 -0.043926381 0.072159111 0.026614493 -0.713093042 0.102099903 0.693084121
1773245608.295448 0.008782532 -0.043926802 0.072157711 0.026499741 -0.714396179 0.102631055 0.691666663
1773245608.315767 0.008783801 -0.043926254 0.072159342 0.026768768 -0.715109050 0.102594331 0.690924644
1773245608.356151 0.008780114 -0.043927722 0.072157674 0.027471431 -0.715724528 0.102162562 0.690323472
1773245608.383187 0.008781758 -0.043928284 0.072159179 0.026123581 -0.716425359 0.102844432 0.689547181
1773245608.416838 0.008778042 -0.043928791 0.072156250 0.026429361 -0.717092097 0.102887653 0.688835680
1773245608.460475 0.008765556 -0.043927178 0.072150089 0.026986774 -0.717235148 0.103015974 0.688645840
1773245608.482558 0.008772884 -0.043928500 0.072157092 0.027507322 -0.717582583 0.102605388 0.688324511
1773245608.523537 0.008774824 -0.043927953 0.072157323 0.026897425 -0.717439175 0.103043236 0.688432753
1773245608.549993 0.008774616 -0.043928068 0.072156869 0.027306918 -0.717370927 0.102732085 0.688534200
1773245608.588961 0.008778853 -0.043927837 0.072158732 0.027374148 -0.717588484 0.102820531 0.688291609
1773245608.616499 0.008779294 -0.043928202 0.072158962 0.027198255 -0.717545569 0.102861844 0.688337147
1773245608.648868 0.008780896 -0.043928243 0.072158143 0.027825698 -0.717523098 0.102390997 0.688405693
1773245608.689467 0.008775323 -0.043927874 0.072157845 0.026896577 -0.717482328 0.103034213 0.688389063
1773245608.716796 0.008774760 -0.043928083 0.072157137 0.027253503 -0.717414320 0.102727279 0.688491821
1773245608.756685 0.008775184 -0.043927681 0.072157986 0.026994100 -0.717604339 0.103021555 0.688260019
1773245608.781919 0.008775009 -0.043927535 0.072156921 0.027130302 -0.717328846 0.103096999 0.688530505
1773245608.817039 0.008774695 -0.043927819 0.072157390 0.027249150 -0.717516541 0.102852538 0.688366711
1773245608.860737 0.008773223 -0.043927476 0.072156742 0.026029294 -0.717374742 0.103799917 0.688419521
1773245608.884190 0.008708235 -0.043930706 0.072128765 0.027296094 -0.717362821 0.102726564 0.688543916
1773245608.922551 0.008707272 -0.043931175 0.072128505 0.026961904 -0.717259049 0.102990419 0.688625753
1773245608.950652 0.008773446 -0.043928169 0.072157875 0.026909234 -0.717752635 0.102983035 0.688114405
1773245608.982603 0.008709897 -0.043931492 0.072129823 0.026982527 -0.717430890 0.102827288 0.688470304
1773245609.026485 0.008639451 -0.043934368 0.072112992 0.027054837 -0.717392325 0.102832757 0.688506842
1773245609.050258 0.008639451 -0.043934707 0.072113059 0.026546458 -0.717406213 0.102840781 0.688510895
1773245609.090302 0.008630218 -0.043933619 0.072106197 0.027181180 -0.717237115 0.102849960 0.688660979
1773245609.117932 0.008638827 -0.043934029 0.072113045 0.027067697 -0.717434645 0.102894656 0.688453019
1773245609.158332 0.008630081 -0.043933235 0.072106235 0.027040428 -0.717332244 0.102996536 0.688545525
1773245609.184932 0.008639389 -0.043934111 0.072113469 0.027401982 -0.717559099 0.102572329 0.688358128
1773245609.217972 0.008639000 -0.043934137 0.072113514 0.027966470 -0.717762947 0.102491654 0.688134909
1773245609.256931 0.008638415 -0.043933336 0.072112791 0.026547100 -0.717864692 0.103456438 0.687940598
1773245609.284699 0.008631426 -0.043932904 0.072106406 0.026503524 -0.718089283 0.103786834 0.687658072
1773245609.322859 0.008627111 -0.043933157 0.072105579 0.026657147 -0.719044745 0.103650860 0.686673522
1773245609.349721 0.008635564 -0.043935440 0.072111063 0.027272053 -0.720030069 0.103345841 0.685662091
1773245609.382987 0.008629642 -0.043936234 0.072110459 0.026670011 -0.721542120 0.104011185 0.683993697
1773245609.423254 0.008436745 -0.043944590 0.072046034 0.027320882 -0.723026454 0.104084812 0.682387471
1773245609.450939 0.008438365 -0.043945014 0.072046831 0.027901744 -0.724773705 0.104012467 0.680518925
1773245609.489998 0.008434869 -0.043944526 0.072046168 0.028334161 -0.726400554 0.104040854 0.678759873
1773245609.518117 0.008434973 -0.043944567 0.072045080 0.027807467 -0.727929413 0.104866780 0.677014410
1773245609.556242 0.008432135 -0.043944404 0.072045103 0.028152760 -0.729710221 0.104931667 0.675070226
1773245609.583312 0.008433924 -0.043944642 0.072044544 0.029472429 -0.731634855 0.104522869 0.672990859
1773245609.618198 0.008429071 -0.043945413 0.072044052 0.029362466 -0.733136535 0.105032720 0.671279967
1773245609.659099 0.007740289 -0.043748807 0.072349742 0.030502560 -0.737181842 0.108227313 0.666272700
1773245609.684912 0.007736882 -0.043750301 0.072349131 0.030454587 -0.738027513 0.108275011 0.665330350
1773245609.724571 0.007731198 -0.043749914 0.072347753 0.030823687 -0.738893330 0.107828811 0.664424121
1773245609.751745 0.007726854 -0.043751080 0.072346747 0.030806601 -0.739786863 0.108341411 0.663346410
1773245609.785052 0.007718795 -0.043751236 0.072349139 0.030048396 -0.741240501 0.109047994 0.661640465
1773245609.823809 0.007721802 -0.043751836 0.072347589 0.030525912 -0.742512047 0.109365165 0.660138905
1773245609.850319 0.007158064 -0.043566480 0.074140057 0.028534194 -0.756060541 0.113015749 0.644038558
1773245609.890290 0.007150439 -0.043578111 0.074146308 0.028399773 -0.758907795 0.112446405 0.640787184
1773245609.918556 0.006912264 -0.043661822 0.074146613 0.028692670 -0.760084331 0.112463675 0.639375091
1773245609.951119 0.006902664 -0.043675251 0.074151382 0.030061336 -0.762450576 0.111333609 0.636686862
1773245609.991831 0.006855605 -0.043673255 0.074131720 0.029028337 -0.763712943 0.113159925 0.634897292
1773245610.018308 0.006451481 -0.043765102 0.074275605 0.028926549 -0.766914427 0.112523071 0.631145000
1773245610.056905 0.006409015 -0.043756910 0.074272953 0.028903602 -0.768875897 0.113263391 0.628622115
1773245610.084414 0.006339185 -0.043762170 0.074286811 0.028562339 -0.770703197 0.114464909 0.626177728
1773245610.124265 0.006066625 -0.043843545 0.074292742 0.029216742 -0.772299707 0.112761565 0.624487281
1773245610.151164 0.006028746 -0.043840911 0.074291892 0.029256057 -0.773638725 0.113579124 0.622677326
1773245610.186146 0.005975998 -0.043857355 0.074277751 0.029401284 -0.774985611 0.113328688 0.621039093
1773245610.224901 0.005877112 -0.043861996 0.074283250 0.029325861 -0.776786506 0.113788009 0.618704319
1773245610.251381 0.005783977 -0.043909702 0.074262172 0.029555239 -0.778321087 0.112524271 0.616993606
1773245610.291586 0.005734990 -0.043918636 0.074254274 0.029170033 -0.779283047 0.112585045 0.615785360
1773245610.319052 0.005697281 -0.043912984 0.074225746 0.029498512 -0.779730737 0.113132089 0.615102351
1773245610.352461 0.005153962 -0.043915223 0.074251339 0.029848393 -0.781589031 0.114367686 0.612493038
1773245610.393723 0.005120181 -0.043904331 0.074228786 0.030426120 -0.781815767 0.114785299 0.612096965
1773245610.417671 0.005055737 -0.043934908 0.074229285 0.030058777 -0.782957852 0.114282392 0.610747933
1773245610.458290 0.004911004 -0.043970980 0.074236497 0.029634362 -0.784319401 0.113864951 0.609097362
1773245610.484494 0.004109853 -0.044186164 0.074724793 0.029862411 -0.789144576 0.112135187 0.603145778
1773245610.528571 0.004026345 -0.044166405 0.074701399 0.030375309 -0.789552629 0.113152750 0.602395535
1773245610.552769 0.003923730 -0.044179320 0.074702859 0.030710649 -0.790598989 0.112913191 0.601049602
1773245610.585067 0.003826321 -0.044192638 0.074713901 0.030534694 -0.791609228 0.112769194 0.599754572
1773245610.625938 0.003438040 -0.044254407 0.074749082 0.030078849 -0.793354392 0.112272240 0.597560704
1773245610.652540 0.003330322 -0.044234827 0.074723795 0.030521501 -0.793865681 0.112743959 0.596769989
1773245610.694746 0.003239110 -0.044272810 0.074689269 0.030003550 -0.794337332 0.112374127 0.596238136
1773245610.719495 0.003092922 -0.044257302 0.074708015 0.030265547 -0.795608997 0.112724409 0.594460666
1773245610.750853 0.002511970 -0.044477288 0.074941628 0.029715708 -0.799114883 0.110380337 0.590210617
1773245610.791872 0.002386694 -0.044506390 0.074938983 0.029425900 -0.800019443 0.109864295 0.589094877
1773245610.819772 0.002237027 -0.044541031 0.074936248 0.028878516 -0.801261902 0.109869771 0.587430060
1773245610.857576 0.002164778 -0.044552106 0.074879214 0.029377567 -0.801242411 0.109670162 0.587469220
1773245610.885034 0.001961241 -0.044560868 0.074892804 0.029871508 -0.802785397 0.109902859 0.585290253
1773245610.918019 0.001562090 -0.044655826 0.074940205 0.029388931 -0.804672837 0.109328106 0.582825303
1773245610.959100 0.001460771 -0.044659067 0.074914455 0.029524948 -0.805201113 0.109379411 0.582078695
1773245610.985566 0.001375854 -0.044684328 0.074874453 0.029421670 -0.805527747 0.109408997 0.581626236
1773245611.025426 0.001222819 -0.044714663 0.074888140 0.029337144 -0.806792974 0.108861744 0.579977155
1773245611.052600 0.000756368 -0.044746432 0.075196914 0.029322051 -0.811124265 0.108899757 0.573897600
1773245611.093478 0.000661371 -0.044777721 0.075151123 0.029381245 -0.811427116 0.108419880 0.573557317
1773245611.120210 0.000521575 -0.044808127 0.075178795 0.028988745 -0.812573373 0.108320996 0.571970940
1773245611.152930 0.000364006 -0.044838354 0.075192042 0.029653315 -0.813922524 0.107775241 0.570118666
1773245611.191856 0.000003644 -0.044937681 0.075404964 0.029840274 -0.816402912 0.106637880 0.566766381
1773245611.218969 -0.000098466 -0.044971745 0.075386457 0.029429102 -0.817013860 0.106379151 0.565955579
1773245611.259233 -0.000194936 -0.044988751 0.075373545 0.029369572 -0.817506015 0.106287584 0.565264761
1773245611.284790 -0.000260600 -0.044950865 0.075345784 0.030287381 -0.817701161 0.107014783 0.564796686
1773245611.319631 -0.000413015 -0.045053497 0.075326242 0.029469581 -0.818391800 0.105977185 0.564034760
1773245611.357846 -0.000501612 -0.045099314 0.075305559 0.029089402 -0.818855226 0.105132431 0.563539803
1773245611.385576 -0.000626585 -0.045083895 0.075311713 0.029362163 -0.819680572 0.105823711 0.562194824
1773245611.428853 -0.000714696 -0.045091130 0.075282007 0.029381143 -0.820035100 0.105861232 0.561669528
1773245611.452991 -0.000944003 -0.045136303 0.075372458 0.029273313 -0.821727693 0.105325818 0.559296846
1773245611.492490 -0.001082513 -0.045157738 0.075393543 0.029619105 -0.822788060 0.105036519 0.557772160
1773245611.519882 -0.001258451 -0.045160539 0.075412691 0.029744569 -0.823963106 0.105379954 0.555963159
1773245611.553087 -0.001301515 -0.045233693 0.075382680 0.029125718 -0.824150562 0.104300037 0.555921733
1773245611.593805 -0.001484164 -0.045110811 0.075501852 0.029681643 -0.825569987 0.106086701 0.553442657
1773245611.619659 -0.001599566 -0.045109686 0.075485587 0.030125773 -0.826194167 0.106272601 0.552450657
1773245611.659247 -0.001672589 -0.045115151 0.075432695 0.030213650 -0.826154649 0.106182113 0.552522361
1773245611.686304 -0.001815560 -0.045155849 0.075481117 0.029514387 -0.827311993 0.105544083 0.550948501
1773245611.721213 -0.001920919 -0.045215517 0.075436659 0.029460929 -0.827851415 0.105338544 0.550179839
1773245611.758868 -0.002048379 -0.045159400 0.075424649 0.029599978 -0.828400731 0.106125839 0.549193442
1773245611.786592 -0.002164272 -0.045155901 0.075416259 0.029504949 -0.828951895 0.106426045 0.548308134
1773245611.827478 -0.002285599 -0.045188695 0.075399265 0.029528925 -0.829705298 0.106093675 0.547230482
1773245611.852334 -0.002406315 -0.045278318 0.075411797 0.029217964 -0.830626786 0.104831569 0.546091437
1773245611.893021 -0.002543306 -0.045309015 0.075436920 0.029113302 -0.831595600 0.104556829 0.544673443
1773245611.921313 -0.002703531 -0.045306735 0.075418159 0.029647065 -0.832317591 0.104631260 0.543526292
1773245611.953512 -0.002884241 -0.045393236 0.075463347 0.029091470 -0.833704174 0.103776239 0.541591644
1773245611.993636 -0.003059449 -0.045287967 0.075452574 0.029826006 -0.834385574 0.105436683 0.540179849
1773245612.019671 -0.003223300 -0.045245383 0.075483441 0.030193632 -0.835436523 0.106358282 0.538351357
1773245612.060341 -0.003246963 -0.045335587 0.075361229 0.029967131 -0.834962606 0.105067112 0.539351702
1773245612.086649 -0.003408629 -0.045349378 0.075366028 0.029637078 -0.835893989 0.105209135 0.537897706
1773245612.120867 -0.003637902 -0.045467816 0.075413838 0.029209552 -0.837709606 0.103481099 0.535426140
1773245612.160000 -0.003833476 -0.045305729 0.075381428 0.030110281 -0.838404953 0.106245086 0.533743739
1773245612.187746 -0.004072044 -0.045243319 0.075403839 0.030706752 -0.839832246 0.107679233 0.531172335
1773245612.226426 -0.004153520 -0.045306079 0.075325795 0.030282784 -0.839904964 0.106801726 0.531258881
1773245612.253561 -0.004346978 -0.045351606 0.075333931 0.030018127 -0.841179311 0.106453478 0.529324055
1773245612.286723 -0.004460994 -0.045367740 0.075250439 0.030437896 -0.841337383 0.106776386 0.528983593
1773245612.333033 -0.004679464 -0.045473631 0.075344712 0.029975357 -0.843560815 0.104900539 0.525835097
1773245612.355969 -0.004793260 -0.045469500 0.075247712 0.030137232 -0.843630672 0.105406776 0.525612414
1773245612.392917 -0.004951896 -0.045473449 0.075219385 0.030202581 -0.844354391 0.105439827 0.524438679
1773245612.420367 -0.005171008 -0.045495622 0.075221471 0.030069757 -0.845740318 0.105628408 0.522170365
1773245612.461108 -0.005318297 -0.045585223 0.075190529 0.029956397 -0.846639395 0.104188301 0.521007836
1773245612.487333 -0.005525773 -0.045439668 0.075157411 0.030803438 -0.847299516 0.106522582 0.519410908
1773245612.521842 -0.005714716 -0.045473546 0.075147398 0.030513763 -0.848463595 0.106146142 0.517601550
1773245612.560225 -0.005839039 -0.045545191 0.075073704 0.030604236 -0.848923385 0.105379976 0.516998589
1773245612.586556 -0.005999785 -0.045567192 0.075052261 0.030312033 -0.849826872 0.105075106 0.515591562
1773245612.629046 -0.006209023 -0.045515087 0.075036138 0.030030454 -0.850819588 0.106302798 0.513715744
1773245612.654845 -0.006329704 -0.045483861 0.074952804 0.030558908 -0.850982070 0.107010424 0.513268232
1773245612.687657 -0.006552255 -0.045382321 0.074960470 0.031255659 -0.852224469 0.109275170 0.510681450
1773245612.730133 -0.006794425 -0.045346692 0.075023666 0.031251684 -0.853988886 0.109637715 0.507647336
1773245612.753711 -0.006741868 -0.045475811 0.074818395 0.030515239 -0.852710605 0.107796341 0.510228693
1773245612.796321 -0.006603083 -0.045510802 0.074654832 0.030639991 -0.850778937 0.107234053 0.513553560
1773245612.821169 -0.006732019 -0.045506366 0.074656345 0.029992612 -0.851573288 0.107526258 0.512212396
1773245612.862033 -0.006866021 -0.045489881 0.074602745 0.030452542 -0.852057397 0.107807130 0.511320353
1773245612.888423 -0.007027822 -0.045511037 0.074569285 0.030506589 -0.852901042 0.107708231 0.509929597
1773245612.921356 -0.007237397 -0.045463141 0.074585661 0.030810120 -0.854293168 0.108812168 0.507340014
1773245612.961647 -0.007084746 -0.045528010 0.074347995 0.030809568 -0.851874828 0.107752025 0.511614561
1773245612.989154 -0.007184093 -0.045538552 0.074288577 0.030696815 -0.852098048 0.107847594 0.511229515
1773245613.026584 -0.007327942 -0.045574296 0.074271008 0.030234022 -0.852953255 0.107424662 0.509918213
1773245613.054486 -0.007443110 -0.045642372 0.074258946 0.029760163 -0.853797019 0.106582209 0.508709252
1773245613.088196 -0.007588554 -0.045731369 0.074258506 0.029472491 -0.854884267 0.105231956 0.507178843
1773245613.127164 -0.007772816 -0.045694299 0.074182361 0.030043351 -0.855400562 0.106190801 0.506073952
1773245613.155033 -0.007904232 -0.045693915 0.074145086 0.030740619 -0.855972707 0.106433272 0.505012572
1773245613.195613 -0.008051432 -0.045704879 0.074114569 0.030104240 -0.856832981 0.106380515 0.503601313
1773245613.220656 -0.008194779 -0.045709249 0.074081689 0.030543748 -0.857553899 0.106671825 0.502284348
1773245613.260437 -0.008340836 -0.045734588 0.074068792 0.030416463 -0.858502388 0.106415220 0.500723779
1773245613.288990 -0.008572336 -0.045797903 0.074053288 -0.030183021 0.860040128 -0.105677940 -0.498249054
1773245613.321341 -0.008129066 -0.045684833 0.073651612 0.030597493 -0.854236603 0.107194766 0.507792115
1773245613.364327 -0.008265407 -0.045700256 0.073621415 0.030638156 -0.854943395 0.107243530 0.506588519
1773245613.387697 -0.008434779 -0.045693681 0.073603578 0.030439045 -0.855978668 0.107269406 0.504843831
1773245613.429316 -0.008524444 -0.045700442 0.073565997 0.030671505 -0.856266856 0.107558042 0.504279196
1773245613.455423 -0.008497809 -0.045803569 0.073455118 0.030439183 -0.855459154 0.105362996 0.506124258
1773245613.489211 -0.008622840 -0.045752089 0.073262207 0.030156968 -0.854914308 0.107118227 0.506692886
1773245613.528251 -0.008698512 -0.045733761 0.073194191 0.029918287 -0.854976833 0.107550271 0.506509960
1773245613.556077 -0.008726601 -0.045763109 0.073109716 0.029532641 -0.854594469 0.107277825 0.507235229
1773245613.597589 -0.008815913 -0.045756340 0.073039845 0.030327041 -0.854617655 0.107395224 0.507124364
1773245613.623497 -0.008890297 -0.045788426 0.072976150 0.029465532 -0.854791164 0.106943399 0.506978273
1773245613.656571 -0.009123742 -0.045812055 0.072876297 0.029785832 -0.855746627 0.107033819 0.505325854
1773245613.695786 -0.009209615 -0.045822982 0.072809458 0.029584009 -0.855883718 0.107328989 0.505043030
1773245613.722651 -0.009312340 -0.045841601 0.072743997 0.029323021 -0.856202006 0.106826030 0.504625082
1773245613.761999 -0.009403174 -0.045859721 0.072656102 0.028909106 -0.856265068 0.106699727 0.504568756
1773245613.788946 -0.009430754 -0.045866314 0.072556950 0.029409394 -0.855661750 0.106833369 0.505534232
1773245613.829215 -0.009498614 -0.045879304 0.072480172 0.029515484 -0.855645895 0.106674716 0.505588233
1773245613.855142 -0.009642719 -0.045893550 0.072377197 0.029172193 -0.856076717 0.106787667 0.504854441
1773245613.888802 -0.009733375 -0.045895480 0.072317488 0.029625148 -0.856266797 0.107093617 0.504440665
1773245613.930978 -0.009810464 -0.045924149 0.072263815 0.029025121 -0.856531978 0.106843904 0.504078269
1773245613.955297 -0.009851675 -0.045905232 0.072174601 0.029485721 -0.856166482 0.107223086 0.504591703
1773245613.995443 -0.009957959 -0.045914344 0.072141275 0.029851004 -0.856678843 0.107039660 0.503738761
1773245614.023497 -0.010005817 -0.045928672 0.072080649 0.029833352 -0.856622159 0.106928401 0.503859878
1773245614.056878 -0.010063688 -0.045944303 0.072028719 0.029435322 -0.856862485 0.107034840 0.503451884
1773245614.096534 -0.010094695 -0.045954522 0.071971670 0.029319908 -0.856746376 0.107080318 0.503646612
1773245614.122656 -0.010179967 -0.045960817 0.071969010 0.029505091 -0.857382715 0.107149422 0.502536893
1773245614.162003 -0.010188924 -0.045945968 0.071917027 0.029683517 -0.856929541 0.107434832 0.503237903
1773245614.190202 -0.010209659 -0.045958593 0.071863353 0.029651798 -0.856691301 0.107303493 0.503673315
1773245614.229218 -0.010257023 -0.045964025 0.071862213 0.029432381 -0.857053936 0.107365362 0.503055632
1773245614.256572 -0.010302824 -0.045985222 0.071840711 0.029030232 -0.857416511 0.106958762 0.502547503
1773245614.289286 -0.010331952 -0.045992777 0.071831614 0.028977856 -0.857596099 0.106999047 0.502235472
1773245614.329429 -0.010339949 -0.046019044 0.071818508 0.028630335 -0.857565403 0.106349900 0.502445757
1773245614.357248 -0.010360843 -0.046028476 0.071808606 0.028385036 -0.857725024 0.106366217 0.502183616
1773245614.395260 -0.010355206 -0.045989342 0.071764052 0.029520046 -0.857184470 0.107070707 0.502890944
1773245614.422045 -0.010394371 -0.046002779 0.071791835 0.029320341 -0.857731342 0.106770478 0.502033293
1773245614.457328 -0.010397315 -0.046002302 0.071779802 0.029246341 -0.857653677 0.106859535 0.502151191
1773245614.504848 -0.010376677 -0.045985796 0.071743749 0.029573590 -0.857132018 0.107164480 0.502957106
1773245614.522872 -0.010403930 -0.046006512 0.071756713 0.029256210 -0.857463002 0.106803589 0.502488256
1773245614.564516 -0.010415471 -0.046008587 0.071764760 0.029206358 -0.857654572 0.106778651 0.502169371
1773245614.589379 -0.010417628 -0.045997772 0.071753681 0.029502014 -0.857554913 0.106972374 0.502280951
1773245614.629103 -0.010410013 -0.046003170 0.071728833 0.029330140 -0.857333839 0.106964216 0.502670109
1773245614.656977 -0.010441279 -0.046017416 0.071726620 0.028962161 -0.857621908 0.106871560 0.502219260
1773245614.690378 -0.010448043 -0.046018761 0.071720146 0.029184639 -0.857581437 0.106868014 0.502276301
1773245614.731813 -0.010433366 -0.046008892 0.071699567 0.029168732 -0.857318342 0.107084513 0.502680123
1773245614.757290 -0.010485425 -0.046015181 0.071706876 0.029197369 -0.857673645 0.107002527 0.502089441
1773245614.797848 -0.010489504 -0.046013858 0.071696579 0.029290386 -0.857652068 0.106987871 0.502123952
1773245614.824616 -0.010525285 -0.046004996 0.071704842 0.029534109 -0.857967556 0.107085265 0.501549721
1773245614.857750 -0.010529295 -0.046016552 0.071687303 0.029402057 -0.857935488 0.106876604 0.501656950
1773245614.901630 -0.010538377 -0.046028405 0.071670517 0.028961349 -0.857927799 0.106978588 0.501673937
1773245614.923653 -0.010512109 -0.046027772 0.071641125 0.029123088 -0.857561827 0.106780492 0.502332032
1773245614.969676 -0.010553612 -0.046046592 0.071665607 0.028699864 -0.858131588 0.106577247 0.501425803
1773245614.991112 -0.010559522 -0.046062943 0.071665175 0.028351910 -0.858232796 0.106326789 0.501325488
1773245615.033648 -0.010569873 -0.046049386 0.071655840 0.028524559 -0.858203173 0.106616288 0.501304865
1773245615.057888 -0.010574111 -0.046029788 0.071633041 0.028872358 -0.857986391 0.107053459 0.501562715
1773245615.091112 -0.010578869 -0.046034772 0.071611106 0.029168330 -0.857806206 0.106705688 0.501927853
1773245615.133071 -0.010563437 -0.046024956 0.071600020 0.029338196 -0.857672453 0.106927022 0.502099454
1773245615.157457 -0.010556384 -0.046025924 0.071589805 0.029291959 -0.857574105 0.106991433 0.502256215
1773245615.197230 -0.010577409 -0.046039104 0.071598530 0.028696295 -0.857855082 0.106727965 0.501866698
1773245615.223652 -0.010586782 -0.046005681 0.071592137 0.029702432 -0.857779682 0.107299119 0.501815319
1773245615.256511 -0.010563382 -0.046010286 0.071576916 0.029772315 -0.857430935 0.107202336 0.502427399
1773245615.297862 -0.010571993 -0.046025295 0.071584679 0.029353278 -0.857662261 0.106975742 0.502105474
1773245615.324758 -0.010574020 -0.046019141 0.071582794 0.029512968 -0.857633948 0.107077114 0.502122939
1773245615.364980 -0.010576744 -0.046009190 0.071580686 0.029854115 -0.857672989 0.107255273 0.501998127
1773245615.391583 -0.010582143 -0.046032362 0.071582355 0.029314276 -0.857840419 0.106867991 0.501826346
1773245615.425880 -0.010592567 -0.046033923 0.071591891 0.029186342 -0.858027756 0.106795162 0.501528919
1773245615.464365 -0.010594713 -0.046022657 0.071585581 0.029602891 -0.857996762 0.106995672 0.501514792
1773245615.490291 -0.010592712 -0.046031054 0.071587369 0.029591363 -0.858117878 0.106762081 0.501358092
1773245615.538031 -0.010606547 -0.046036206 0.071578249 0.029230397 -0.858423531 0.106776841 0.500852525
1773245615.557529 -0.010595328 -0.046053123 0.071580939 0.028926175 -0.858753383 0.106507733 0.500361800
1773245615.597749 -0.010604691 -0.046028338 0.071565077 -0.029310031 0.859043896 -0.107200235 -0.499692500
1773245615.624420 -0.010631046 -0.046028856 0.071567088 -0.029211598 0.859797716 -0.107424743 -0.498351812
1773245615.660057 -0.010618680 -0.046036676 0.071527757 -0.029209493 0.860111356 -0.107414544 -0.497812510
1773245615.701927 -0.010646275 -0.046037439 0.071535707 -0.029435657 0.861336946 -0.107535854 -0.495649308
1773245615.724468 -0.010655450 -0.046040639 0.071524620 -0.029376989 0.862272620 -0.107695729 -0.493988276
1773245615.768804 -0.010696574 -0.046022817 0.071528472 -0.029726319 0.863646686 -0.108266316 -0.491435796
1773245615.791302 -0.010683994 -0.046036392 0.071495727 -0.029336158 0.864413917 -0.108390294 -0.490081042
1773245615.825569 -0.010729515 -0.046033368 0.071501739 -0.029561821 0.865991056 -0.108651385 -0.487217069
1773245615.865211 -0.010753380 -0.046041373 0.071477123 -0.029333463 0.867455781 -0.109085903 -0.484520614
1773245615.892735 -0.010792283 -0.046039078 0.071468577 -0.029506145 0.869249821 -0.109605864 -0.481165946
1773245615.930772 -0.010803810 -0.046063390 0.071440376 -0.029724976 0.871030390 -0.109476879 -0.477951109
1773245615.958615 -0.010821315 -0.046053480 0.071421184 -0.029824035 0.872848272 -0.110195540 -0.474450529
1773245615.998225 -0.010827450 -0.046077818 0.071386263 -0.029436700 0.874565184 -0.110355750 -0.471265078
1773245616.024179 -0.010876728 -0.046049256 0.071360536 -0.030491164 0.876709282 -0.111249574 -0.466984570
1773245616.057435 -0.010870073 -0.046065852 0.071322359 -0.029982943 0.878479064 -0.111509837 -0.463617444
1773245616.098804 -0.010897130 -0.046075448 0.071327463 -0.030019429 0.880925238 -0.111743994 -0.458893150
1773245616.125232 -0.010973563 -0.046088491 0.071328700 -0.029659363 0.883685470 -0.112247221 -0.453454435
1773245616.166639 -0.011018557 -0.046107396 0.071329981 -0.029876815 0.886410475 -0.112319142 -0.448071688
1773245616.194445 -0.010940177 -0.046064869 0.071187705 -0.031079490 0.887133121 -0.113541812 -0.446247876
1773245616.225815 -0.010964889 -0.046043046 0.071162276 -0.031452384 0.889381230 -0.114825644 -0.441392034
1773245616.266814 -0.011112444 -0.046059679 0.071176291 -0.031632930 0.892726600 -0.115295455 -0.434448481
1773245616.292899 -0.011102328 -0.046081942 0.071141563 -0.031290781 0.894811869 -0.115469679 -0.430115491
1773245616.332130 -0.011033311 -0.046106726 0.071045883 -0.031293076 0.896197379 -0.115422286 -0.427233666
1773245616.359044 -0.011060221 -0.046110563 0.070974708 -0.031702232 0.898312986 -0.116291411 -0.422498584
1773245616.398679 -0.011109795 -0.046070013 0.070972614 -0.032652166 0.900976121 -0.117817037 -0.416287154
1773245616.425971 -0.011076797 -0.046066564 0.070872188 -0.033147786 0.902607203 -0.118480168 -0.412509263
1773245616.459950 -0.011149544 -0.046063103 0.070849501 -0.032738384 0.905362487 -0.119642608 -0.406118929
1773245616.497992 -0.011179775 -0.046125997 0.070804685 -0.032551672 0.907780409 -0.119159594 -0.400844276
1773245616.526246 -0.011169465 -0.046073887 0.070765242 -0.033096310 0.909534931 -0.120793566 -0.396307617
1773245616.569405 -0.011239992 -0.046141431 0.070783131 -0.032844424 0.912343204 -0.119880460 -0.390102237
1773245616.593701 -0.011281099 -0.046071753 0.070753522 -0.034105308 0.914252996 -0.122118540 -0.384792536
1773245616.625694 -0.011301115 -0.046069447 0.070683628 -0.034015547 0.916235566 -0.122751601 -0.379851699
1773245616.665695 -0.011259081 -0.046132106 0.070663802 -0.033989169 0.918195963 -0.122206166 -0.375268668
1773245616.693776 -0.011258231 -0.046129409 0.070564382 -0.033830494 0.919827342 -0.122964114 -0.371016175
1773245616.739554 -0.011262987 -0.046109568 0.070524327 -0.034489065 0.921559334 -0.124076173 -0.366256714
1773245616.759349 -0.011280008 -0.046131086 0.070510671 -0.034781463 0.923523426 -0.124093004 -0.361241847
1773245616.792793 -0.011271227 -0.046154860 0.070449717 -0.034139138 0.925035477 -0.124230713 -0.357366234
1773245616.837945 -0.011281667 -0.046142049 0.070399486 -0.034711588 0.926625967 -0.125133187 -0.352847099
1773245616.865733 -0.011272812 -0.046156097 0.070396990 -0.034578331 0.928279400 -0.125326872 -0.348417819
1773245616.901610 -0.011228357 -0.046162408 0.070278510 -0.035076678 0.929127932 -0.125706956 -0.345960498
1773245616.927405 -0.011289403 -0.046169531 0.070308127 -0.035008132 0.931224167 -0.126357421 -0.340043753
1773245616.974360 -0.011271514 -0.046222493 0.070240229 -0.034609687 0.932477295 -0.126112610 -0.336725205
1773245616.993338 -0.011340773 -0.046170443 0.070257224 -0.035338096 0.934240222 -0.127390444 -0.331237167
1773245617.027037 -0.011356369 -0.046226174 0.070258662 -0.034998190 0.935971379 -0.126494810 -0.326698184
1773245617.066036 -0.011374284 -0.046312422 0.070249408 -0.034014989 0.937716782 -0.125548199 -0.322130084
1773245617.093466 -0.011375938 -0.046225280 0.070170432 -0.035112098 0.938556194 -0.127824128 -0.318654001
1773245617.134197 -0.011376088 -0.046229865 0.070138082 -0.035591986 0.939878166 -0.128126457 -0.314556599
1773245617.160303 -0.011373624 -0.046240997 0.070101865 -0.035582151 0.941280663 -0.128347263 -0.310244381
1773245617.193357 -0.011393929 -0.046236303 0.070073530 -0.035835020 0.942799568 -0.129197329 -0.305209547
1773245617.232531 -0.011405088 -0.046249818 0.070042148 -0.035651352 0.944301188 -0.129543677 -0.300404251
1773245617.260278 -0.011417817 -0.046238676 0.070030957 -0.035931904 0.945823550 -0.130046397 -0.295321137
1773245617.297739 -0.011487134 -0.046235200 0.070050471 -0.035953637 0.947604299 -0.130872831 -0.289181143
1773245617.325790 -0.011451026 -0.046283968 0.070026159 -0.035658084 0.948912919 -0.130180031 -0.285212070
1773245617.367795 -0.011475798 -0.046237733 0.069987878 -0.036658984 0.950132787 -0.131706148 -0.280280560
1773245617.393688 -0.011508264 -0.046240222 0.069986120 -0.036574956 0.951633334 -0.132078424 -0.274975479
1773245617.426192 -0.011540242 -0.046231147 0.070027150 -0.037065502 0.953204930 -0.132519141 -0.269193530
1773245617.466924 -0.011558427 -0.046231698 0.070003614 -0.036577292 0.954586446 -0.132955447 -0.264101624
1773245617.492451 -0.011572020 -0.046230964 0.070012227 -0.036832169 0.955919802 -0.133565247 -0.258884192
1773245617.534534 -0.011627797 -0.046223789 0.069982097 -0.036867019 0.957292140 -0.134234384 -0.253404170
1773245617.559000 -0.011611875 -0.046223734 0.069974840 -0.037214514 0.958461881 -0.134842470 -0.248562723
1773245617.594015 -0.011624191 -0.046223693 0.069987208 -0.036493335 0.959866285 -0.135611549 -0.242764235
1773245617.633173 -0.011589047 -0.046238065 0.069926187 -0.037071701 0.960804403 -0.135591090 -0.238946915
1773245617.659262 -0.011536568 -0.046236314 0.069855131 -0.036720965 0.961662412 -0.136062622 -0.235252917
1773245617.699999 -0.011479689 -0.046269007 0.069801658 -0.036723144 0.962586522 -0.136196002 -0.231363878
1773245617.726768 -0.011476716 -0.046271224 0.069791861 -0.036820062 0.963806868 -0.136397108 -0.226089492
1773245617.766916 -0.011495722 -0.046255074 0.069806211 -0.037071411 0.965053797 -0.137024343 -0.220275387
1773245617.792642 -0.011539429 -0.046252824 0.069878303 -0.037136756 0.966576278 -0.137364984 -0.213265091
1773245617.827949 -0.011652945 -0.046237521 0.069897711 -0.037218012 0.968090057 -0.138144925 -0.205748588
1773245617.867227 -0.011503180 -0.046272583 0.069732577 -0.037258651 0.968222678 -0.138104022 -0.205143809
1773245617.895145 -0.011473652 -0.046261735 0.069650635 -0.037499327 0.968807757 -0.138933361 -0.201749444
1773245617.941936 -0.011477707 -0.046277411 0.069652289 -0.037414741 0.969797790 -0.139176756 -0.196779415
1773245617.961256 -0.011467636 -0.046260569 0.069643900 -0.037730716 0.970569253 -0.139568597 -0.192593575
1773245617.994422 -0.011452548 -0.046276368 0.069629602 -0.037568063 0.971356153 -0.139735654 -0.188493177
1773245618.035755 -0.011478830 -0.046255007 0.069656223 -0.038377710 0.972217381 -0.140354753 -0.183360204
1773245618.060861 -0.011468272 -0.046307418 0.069616452 -0.037698906 0.973053575 -0.140004918 -0.179287836
1773245618.100189 -0.011430625 -0.046273362 0.069606349 -0.037776787 0.973761618 -0.140492097 -0.174994707
1773245618.128222 -0.011427918 -0.046266750 0.069582015 -0.038057990 0.974455059 -0.141077563 -0.170546323
1773245618.161170 -0.011387384 -0.046271224 0.069567710 -0.037829041 0.975135267 -0.141173691 -0.166583836
1773245618.200953 -0.011445395 -0.046251841 0.069600612 -0.038595323 0.976119816 -0.141879171 -0.159908712
1773245618.228001 -0.011458965 -0.046280093 0.069593281 -0.037732296 0.977030396 -0.142104954 -0.154253244
1773245618.267098 -0.011339412 -0.046249062 0.069527879 -0.038636878 0.977319539 -0.142587274 -0.151732028
1773245618.295191 -0.011322183 -0.046285506 0.069506228 -0.038448084 0.978130102 -0.142265648 -0.146777540
1773245618.332882 -0.011237367 -0.046258841 0.069453292 -0.038625989 0.978503823 -0.142957941 -0.143531457
1773245618.360366 -0.011177996 -0.046222486 0.069391727 -0.039046276 0.978872836 -0.144213423 -0.139591426
1773245618.393787 -0.011179500 -0.046319954 0.069471106 -0.038262494 0.980091453 -0.142553613 -0.132797480
1773245618.434497 -0.011185823 -0.046246283 0.069403246 -0.039097253 0.980488896 -0.144313425 -0.127618462
1773245618.461189 -0.011159794 -0.046258528 0.069415830 -0.038573973 0.981203258 -0.144666702 -0.121752627
1773245618.501065 -0.011091981 -0.046225242 0.069302529 -0.039454456 0.981497288 -0.145664006 -0.117849164
1773245618.528648 -0.011203883 -0.046172686 0.069315508 -0.040110361 0.982284665 -0.147030473 -0.109041333
1773245618.561854 -0.011094514 -0.046225183 0.069283232 -0.040061247 0.982838452 -0.146616638 -0.104533538
1773245618.601957 -0.011112162 -0.046223257 0.069287181 -0.039292905 0.983526468 -0.147194430 -0.097291112
1773245618.627233 -0.011107057 -0.046226885 0.069287553 -0.039775413 0.984196723 -0.146899596 -0.090527773
1773245618.668371 -0.011101094 -0.046209224 0.069300041 -0.039896112 0.984707415 -0.147789881 -0.083172813
1773245618.695661 -0.011103455 -0.046215035 0.069296569 -0.039713278 0.985171735 -0.148428530 -0.076344177
1773245618.734748 -0.011111915 -0.046222452 0.069277436 -0.040339477 0.985662162 -0.148459285 -0.069301270
1773245618.760919 -0.011091385 -0.046195652 0.069296271 -0.040536903 0.986076057 -0.148913026 -0.061932992
1773245618.795628 -0.011108800 -0.046207424 0.069275811 -0.041060846 0.986484587 -0.148926526 -0.054617696
1773245618.834607 -0.011154477 -0.046243880 0.069217473 -0.040321849 0.986805975 -0.149482042 -0.047363140
1773245618.861075 -0.011110218 -0.046228535 0.069247149 -0.040481307 0.987064183 -0.149613306 -0.041005392
1773245618.905993 -0.011107797 -0.046241727 0.069203623 -0.040334556 0.987231255 -0.150128305 -0.034771793
1773245618.928753 -0.011129972 -0.046213914 0.069248661 -0.041326411 0.987403393 -0.150193751 -0.027720649
1773245618.964046 -0.011121955 -0.046218846 0.069271497 -0.041731685 0.987599134 -0.149766445 -0.021825548
1773245619.005068 -0.011116859 -0.046236243 0.069287188 -0.041894894 0.987751842 -0.149425536 -0.016219005
1773245619.029672 -0.011041231 -0.046199113 0.069231808 -0.041915111 0.987602651 -0.150725827 -0.012877179
1773245619.067960 -0.011070493 -0.046307903 0.069283880 -0.041115940 0.988075435 -0.148225874 -0.006746356
1773245619.095512 -0.011132604 -0.046243578 0.069215998 -0.041656971 0.987758160 -0.150325507 -0.000895580
1773245619.135297 -0.011154807 -0.046138667 0.069177993 -0.043651003 0.987416089 -0.151942089 0.004200073
1773245619.162551 -0.011123826 -0.046095155 0.069095440 -0.044152502 0.987122238 -0.153543398 0.008040358
1773245619.195419 -0.011089029 -0.046246916 0.069201939 -0.041968442 0.987586796 -0.150739387 0.013733645
1773245619.236097 -0.011117047 -0.046421159 0.069330379 -0.039211195 0.988080978 -0.147383928 0.020889910
1773245619.263940 -0.011108894 -0.046581618 0.069364741 -0.037655238 0.988387465 -0.144746378 0.026846752
1773245619.302596 -0.011084504 -0.046753772 0.069435298 -0.035606075 0.988719821 -0.141722053 0.032865405
1773245619.328573 -0.011023177 -0.046284206 0.069198109 -0.041772570 0.987058282 -0.150633007 0.035788305
1773245619.362845 -0.010987345 -0.045849763 0.068889916 -0.047714666 0.985240281 -0.159802392 0.038575884
1773245619.403358 -0.011190610 -0.046114359 0.069157586 -0.043038696 0.985683084 -0.154720366 0.051362164
1773245619.427906 -0.011151096 -0.046196688 0.069116801 -0.043029528 0.985610664 -0.153378472 0.056525245
1773245619.469646 -0.011145893 -0.046245515 0.069146283 -0.042071976 0.985302806 -0.153071046 0.063067593
1773245619.495375 -0.011120534 -0.046267681 0.069169223 -0.041793302 0.984965324 -0.152712911 0.069104128
1773245619.537537 -0.011137891 -0.046248652 0.069199093 -0.041718367 0.984435618 -0.152791291 0.076163091
1773245619.563073 -0.011142634 -0.046231031 0.069209523 -0.042617813 0.983806729 -0.153427437 0.082267694
1773245619.595858 -0.011184847 -0.046237625 0.069202028 -0.042140245 0.983268738 -0.153067291 0.089315005
1773245619.636948 -0.011207812 -0.046090595 0.069116145 -0.043645598 0.982135653 -0.156353861 0.095174283
1773245619.662806 -0.011200189 -0.046080727 0.069124833 -0.041916635 0.981412232 -0.157452479 0.101399034
1773245619.702375 -0.011198632 -0.046204675 0.069226667 -0.041707292 0.981284142 -0.154497027 0.107110307
1773245619.729979 -0.011197098 -0.046231624 0.069291279 -0.040688388 0.980789900 -0.154075682 0.112500511
1773245619.762939 -0.011186859 -0.046218500 0.069224015 -0.042441983 0.980288088 -0.153900132 0.116398968
1773245619.802760 -0.011177141 -0.046186402 0.069294713 -0.043038182 0.979673624 -0.153923616 0.121222243
1773245619.829442 -0.011174494 -0.046169870 0.069345042 -0.042394955 0.978980422 -0.154399127 0.126336381
1773245619.869564 -0.011188596 -0.046228427 0.069212832 -0.041104596 0.978415310 -0.154488131 0.130947575
1773245619.895359 -0.011177760 -0.046215631 0.069169357 -0.043276370 0.977788687 -0.154678211 0.134651557
1773245619.929461 -0.011181938 -0.046211697 0.069233514 -0.042792633 0.977089465 -0.154384479 0.140108317
1773245619.970114 -0.011182278 -0.046204932 0.069259018 -0.042300124 0.976415396 -0.154592752 0.144653648
1773245619.996701 -0.011180878 -0.046207439 0.069252849 -0.042884078 0.975697577 -0.154469386 0.149379775
1773245620.037591 -0.011180299 -0.046195734 0.069281906 -0.043331992 0.975013018 -0.154310167 0.153819099
1773245620.063937 -0.011182322 -0.046206124 0.069239013 -0.043275800 0.974293113 -0.154353604 0.158288077
1773245620.102319 -0.011179658 -0.046210468 0.069260314 -0.042692196 0.973532498 -0.154160976 0.163237050
1773245620.130568 -0.011182230 -0.046203706 0.069272391 -0.043798141 0.972771823 -0.153846875 0.167713702
1773245620.163563 -0.011183279 -0.046212047 0.069262646 -0.042962015 0.971891224 -0.154212490 0.172627717
1773245620.206653 -0.011174468 -0.046219591 0.069253027 -0.043202724 0.971101820 -0.154342636 0.176842198
1773245620.229602 -0.011149762 -0.046248533 0.069256440 -0.044333369 0.970570803 -0.152935341 0.180659115
1773245620.270762 -0.011179684 -0.046194851 0.069292657 -0.044137910 0.969329655 -0.154408097 0.186037660
1773245620.295750 -0.011180455 -0.046182334 0.069295302 -0.044301171 0.968429804 -0.154674515 0.190412521
1773245620.330469 -0.011186618 -0.046204235 0.069206081 -0.045259703 0.967759371 -0.154457971 0.193742186
1773245620.370871 -0.011174880 -0.046180073 0.069334745 -0.042483538 0.966811538 -0.155076057 0.198549598
1773245620.397053 -0.011169010 -0.046205230 0.069398835 -0.043266613 0.966188431 -0.154107422 0.202135488
1773245620.437180 -0.011184174 -0.046258684 0.069550589 -0.043288480 0.965809941 -0.151107550 0.206164420
1773245620.464746 -0.011182258 -0.046299420 0.069474190 -0.044593915 0.965275884 -0.150530338 0.208792821
1773245620.503901 -0.011179574 -0.046350490 0.069559045 -0.044590913 0.964597344 -0.148979813 0.212999210
1773245620.530230 -0.011192895 -0.046457618 0.069400966 -0.045734901 0.964112461 -0.147806451 0.215751708
1773245620.563572 -0.011196258 -0.046354990 0.069523372 -0.048050985 0.963020325 -0.148092240 0.219890162
1773245620.604346 -0.011188490 -0.046335958 0.069431767 -0.044606835 0.961925745 -0.149884388 0.224151105
1773245620.629717 -0.011186789 -0.046298325 0.069432274 -0.047566056 0.961171269 -0.149330914 0.227128953
1773245620.670567 -0.011181802 -0.046307404 0.069271117 -0.045515332 0.959929466 -0.152147561 0.230900198
1773245620.698082 -0.011188706 -0.046363592 0.069006249 -0.043776818 0.958902061 -0.154093355 0.234191686
1773245620.730335 -0.011188360 -0.046413027 0.068916902 -0.044941500 0.958290517 -0.153472230 0.236866623
1773245620.774097 -0.011189982 -0.046349451 0.068978675 -0.047187626 0.957569301 -0.152999371 0.239636257
1773245620.797517 -0.011189130 -0.046278287 0.069209352 -0.043065317 0.956484675 -0.153781652 0.244199976
1773245620.837960 -0.011208018 -0.046167143 0.069321759 -0.042671390 0.955404460 -0.155823827 0.247184843
1773245620.864438 -0.011193360 -0.046108827 0.069381028 -0.041117989 0.954812944 -0.157026097 0.248966560
1773245620.898072 -0.011170559 -0.046228331 0.069384016 -0.042457182 0.955133021 -0.153960228 0.249428436
1773245620.938512 -0.011188869 -0.046323325 0.069309302 -0.044453226 0.955538809 -0.151328042 0.249136984
1773245620.964766 -0.011185938 -0.046441939 0.069306776 -0.046377841 0.956008255 -0.147870421 0.249061495
1773245621.004019 -0.011181274 -0.046570923 0.069248751 -0.048109442 0.956278145 -0.144776270 0.249514356
1773245621.032180 -0.011189047 -0.046695642 0.069142535 -0.047821522 0.956127763 -0.143247291 0.251023829
1773245621.071146 -0.011200611 -0.046576131 0.069287047 -0.051024593 0.955208123 -0.142932802 0.254055381
1773245621.098092 -0.011213114 -0.046565156 0.069250591 -0.051564902 0.954415321 -0.142970189 0.256889045
1773245621.131586 -0.011181572 -0.046479173 0.069215894 -0.050363839 0.953292966 -0.145802498 0.259687573
1773245621.173430 -0.011189833 -0.046369497 0.069181301 -0.048834462 0.951907039 -0.149072513 0.263183683
1773245621.197800 -0.011186665 -0.046274975 0.069140047 -0.047127444 0.950727165 -0.151956201 0.266094327
1773245621.239973 -0.011198249 -0.046218868 0.069074571 -0.046252854 0.949633121 -0.154284582 0.268800974
1773245621.265815 -0.011197120 -0.046181858 0.069033146 -0.045954779 0.948890030 -0.155130863 0.270980239
1773245621.297233 -0.011204283 -0.046278030 0.069082521 -0.042717747 0.948549747 -0.154280394 0.273177892
1773245621.338598 -0.011200214 -0.046257146 0.069074422 -0.042574700 0.948338866 -0.155065417 0.273487687
1773245621.365462 -0.011203333 -0.046264485 0.069058597 -0.042584863 0.948108196 -0.154950067 0.274349898
1773245621.404514 -0.011206771 -0.046324022 0.069029853 -0.043438755 0.948165298 -0.153353572 0.274915069
1773245621.430538 -0.011210068 -0.046381835 0.069001347 -0.043824024 0.948087633 -0.151670471 0.276053280
1773245621.471218 -0.011209880 -0.046392567 0.069029003 -0.045289416 0.948146403 -0.150684923 0.276154369
1773245621.497920 -0.011209505 -0.046437945 0.069020897 -0.046386391 0.948306680 -0.149232954 0.276210517
1773245621.532241 -0.011208947 -0.046451531 0.068987176 -0.046439409 0.948163331 -0.149423316 0.276590586
1773245621.570601 -0.011208811 -0.046442032 0.068970814 -0.045849212 0.948009074 -0.149357453 0.277252525
1773245621.597757 -0.011209550 -0.046457902 0.068915859 -0.046076681 0.947807133 -0.148936018 0.278130561
1773245621.637458 -0.011217621 -0.046453387 0.068872273 -0.045589168 0.947454512 -0.149373218 0.279175997
1773245621.665767 -0.011211505 -0.046450414 0.068877019 -0.045728147 0.947156489 -0.149254858 0.280225784
1773245621.698080 -0.011211462 -0.046458550 0.068875119 -0.046264876 0.947240591 -0.148913890 0.280034870
1773245621.738480 -0.011211297 -0.046475664 0.068842970 -0.046034321 0.947167695 -0.148608223 0.280481428
1773245621.765627 -0.011213051 -0.046488233 0.068798900 -0.046688601 0.946764469 -0.148654893 0.281707138
1773245621.805079 -0.011218291 -0.046523023 0.068718344 -0.047150556 0.946377456 -0.147762895 0.283394903
1773245621.832109 -0.011218976 -0.046532005 0.068497509 -0.048979267 0.946336985 -0.147460669 0.283377290
1773245621.865625 -0.011216190 -0.046545282 0.068675950 -0.047988947 0.945929110 -0.146792233 0.285249442
1773245621.905102 -0.011221468 -0.046603419 0.068630800 -0.048621401 0.945701659 -0.144800261 0.286909759
1773245621.932658 -0.011224389 -0.046666216 0.068583474 -0.049943164 0.945271075 -0.143596396 0.288701087
1773245621.971550 -0.011220425 -0.046662502 0.068590008 -0.051062260 0.945099652 -0.142270923 0.289721191
1773245621.998933 -0.011214552 -0.046698418 0.068556920 -0.051520541 0.944763660 -0.141603291 0.291059762
1773245622.042156 -0.011212535 -0.046709072 0.068540491 -0.052158199 0.944545150 -0.141668782 0.291622996
1773245622.065942 -0.011215571 -0.046711829 0.068516277 -0.051949460 0.944239199 -0.141686574 0.292640626
1773245622.099960 -0.011218233 -0.046696536 0.068502448 -0.051965844 0.943594515 -0.141961142 0.294577450
1773245622.138694 -0.011219267 -0.046689861 0.068442188 -0.051530950 0.942905903 -0.142703697 0.296493948
1773245622.166645 -0.011216730 -0.046733055 0.068356380 -0.051221173 0.942830980 -0.141259223 0.297475904
1773245622.204772 -0.011214776 -0.046639655 0.068443589 -0.049354453 0.942547500 -0.144710109 0.297030807
1773245622.233078 -0.011218335 -0.046666369 0.068371519 -0.049930908 0.941419005 -0.144454524 0.300615877
1773245622.266036 -0.011223033 -0.046690777 0.068282187 -0.050262053 0.940256715 -0.144248486 0.304275125
1773245622.307096 -0.011222467 -0.046684012 0.068239778 -0.049915947 0.939791918 -0.144633353 0.305582523
1773245622.332818 -0.011220338 -0.046653412 0.068236709 -0.049179964 0.939522386 -0.145577520 0.306082010
1773245622.374394 -0.011218401 -0.046642069 0.068228289 -0.048691232 0.938923717 -0.146673337 0.307470888
1773245622.399361 -0.011219623 -0.046646480 0.068189561 -0.047647718 0.938397646 -0.145623669 0.309730977
1773245622.438475 -0.011219285 -0.046650723 0.068129271 -0.048077263 0.937597752 -0.146892697 0.311482817
1773245622.466793 -0.011221210 -0.046670109 0.068082877 -0.048263252 0.936817229 -0.146132082 0.314148933
1773245622.499752 -0.011219438 -0.046685506 0.068098873 -0.049378026 0.936768949 -0.145982593 0.314189255
1773245622.540180 -0.011220863 -0.046738602 0.068053894 -0.050645344 0.936227798 -0.143878832 0.316561997
1773245622.565795 -0.011219395 -0.046756692 0.068028927 -0.050838131 0.935813129 -0.143513829 0.317919999
1773245622.606518 -0.011220891 -0.046776630 0.067990936 -0.051646724 0.935061812 -0.141907394 0.320709139
1773245622.632972 -0.011219818 -0.046811923 0.067945763 -0.052153416 0.934461594 -0.141303405 0.322637379
1773245622.666424 -0.011220770 -0.046866998 0.067890875 -0.053328730 0.933934629 -0.139830291 0.324606955
1773245622.705980 -0.011219710 -0.046888854 0.067865282 -0.053530309 0.933366537 -0.138260961 0.326872110
1773245622.732569 -0.011218218 -0.046859991 0.067905456 -0.054408688 0.933274329 -0.138461649 0.326905251
1773245622.773363 -0.011217929 -0.046869785 0.067858256 -0.054610912 0.932431519 -0.138140693 0.329402804
1773245622.800285 -0.011218151 -0.046873212 0.067832075 -0.054944709 0.931879938 -0.138907045 0.330583930
1773245622.839947 -0.011219257 -0.046884567 0.067805476 -0.055915903 0.931010127 -0.138824716 0.332898289
1773245622.867477 -0.011220397 -0.046903063 0.067717135 -0.054418001 0.929778874 -0.137304485 0.337190449
1773245622.899323 -0.011220342 -0.046922579 0.067644477 -0.054836277 0.928520441 -0.136441782 0.340919912
1773245622.939675 -0.011224337 -0.046854258 0.067634441 -0.052228853 0.927927732 -0.140213847 0.341412365
1773245622.966929 -0.011228876 -0.046805434 0.067577377 -0.050445288 0.926886618 -0.142448142 0.343576878
1773245623.006502 -0.011228472 -0.046724223 0.067543402 -0.048018415 0.925958216 -0.146754861 0.344613761
1773245623.033203 -0.011227183 -0.046720006 0.067509115 -0.046846457 0.924907088 -0.147255629 0.347373009
1773245623.067449 -0.011225918 -0.046726696 0.067482263 -0.046612874 0.924233258 -0.147963539 0.348893791
1773245623.106883 -0.011229618 -0.046771511 0.067430817 -0.048161272 0.923464417 -0.145237193 0.351852447
1773245623.133799 -0.011230851 -0.046792794 0.067403629 -0.049243975 0.922814608 -0.144672871 0.353635311
1773245623.173526 -0.011230493 -0.046811059 0.067375526 -0.050161500 0.922235310 -0.143712968 0.355404645
1773245623.199511 -0.011229314 -0.046814591 0.067366809 -0.049381237 0.922027290 -0.143123478 0.356290460
1773245623.241232 -0.011226781 -0.046831388 0.067345187 -0.050687212 0.921219945 -0.143581375 0.358007014
1773245623.267047 -0.011230716 -0.046840996 0.067323454 -0.050871935 0.920487642 -0.143930659 0.359720081
1773245623.300677 -0.011224154 -0.046843126 0.067334518 -0.051740799 0.920748055 -0.143815443 0.358974993
1773245623.340352 -0.011221068 -0.046809357 0.067364044 -0.051588766 0.921406507 -0.145780995 0.356506139
1773245623.368026 -0.011106612 -0.046814103 0.067336269 -0.049996212 0.921904445 -0.144223452 0.356078863
1773245623.410623 -0.011025842 -0.046841614 0.067349702 -0.050691251 0.922852695 -0.143029779 0.353999734
1773245623.439870 -0.011054235 -0.046801295 0.067362323 -0.050104532 0.922500908 -0.145559862 0.353968859
1773245623.466817 -0.011043755 -0.046788424 0.067321070 -0.049695641 0.921490490 -0.147282422 0.355940223
1773245623.507041 -0.011008931 -0.046782885 0.067350306 -0.050677389 0.922297299 -0.147460952 0.353630692
1773245623.534718 -0.010981182 -0.046772186 0.067356423 -0.050790288 0.922523975 -0.148616299 0.352538019
1773245623.575412 -0.010946464 -0.046788782 0.067339011 -0.050411891 0.922543406 -0.146836311 0.353286535
1773245623.600482 -0.010915464 -0.046800863 0.067344561 -0.049965996 0.922994256 -0.145766050 0.352614880
1773245623.640183 -0.010914108 -0.046812221 0.067302942 -0.050012466 0.922093153 -0.144131005 0.355625123
1773245623.667244 -0.010867206 -0.046816591 0.067314409 -0.050592147 0.922583699 -0.143404737 0.354562879
1773245623.701530 -0.010849768 -0.046811074 0.067297481 -0.050930686 0.922218859 -0.145203575 0.354731381
1773245623.741317 -0.010813486 -0.046820436 0.067306951 -0.050918289 0.922793686 -0.143441319 0.353954434
1773245623.767179 -0.010772489 -0.046808545 0.067324832 -0.050373074 0.923409760 -0.144162759 0.352127790
1773245623.809716 -0.010766542 -0.046816140 0.067293689 -0.050257035 0.922705412 -0.143778682 0.354142129
1773245623.834851 -0.010750039 -0.046820179 0.067274354 -0.050991610 0.922337413 -0.143760771 0.355001986
1773245623.870227 -0.010728834 -0.046826854 0.067247972 -0.050346117 0.921746492 -0.143065467 0.356904566
1773245623.908750 -0.010721851 -0.046833504 0.067209274 -0.050420482 0.920920551 -0.142346084 0.359305859
1773245623.935764 -0.010713706 -0.046837863 0.067183621 -0.050203986 0.920173287 -0.142269298 0.361275613
1773245623.973214 -0.010682793 -0.046825711 0.067168012 -0.050248265 0.919854283 -0.144100338 0.361356258
1773245624.002826 -0.010585614 -0.046806850 0.067285180 -0.051071238 0.923092425 -0.145237654 0.352417469
1773245624.040099 -0.010524340 -0.046801474 0.067318991 -0.051495165 0.924351871 -0.144910350 0.349174529
1773245624.068750 -0.010521252 -0.046814084 0.067284554 -0.050857134 0.923513114 -0.143482655 0.352065027
1773245624.104258 -0.010495871 -0.046816792 0.067277253 -0.050764333 0.923461258 -0.143022209 0.352401704
1773245624.144717 -0.010451997 -0.046820924 0.067282811 -0.051502652 0.923937798 -0.142464936 0.351269454
1773245624.167755 -0.010421781 -0.046819471 0.067265138 -0.051245682 0.923841894 -0.142875224 0.351392627
1773245624.211128 -0.010412078 -0.046824336 0.067240708 -0.051098611 0.923412919 -0.142517522 0.352684408
1773245624.235713 -0.010401247 -0.046829354 0.067209691 -0.051261574 0.922588110 -0.142514333 0.354814261
1773245624.269044 -0.010387285 -0.046832461 0.067195863 -0.051607955 0.922362149 -0.141754180 0.355654985
1773245624.309005 -0.010361481 -0.046831369 0.067193091 -0.051020678 0.922416985 -0.142501324 0.355298728
1773245624.334922 -0.010328360 -0.046832748 0.067189731 -0.051118139 0.922548831 -0.142339006 0.355007380
1773245624.374940 -0.010308351 -0.046834677 0.067185223 -0.051455092 0.922399879 -0.141683891 0.355607182
1773245624.400679 -0.010281108 -0.046835005 0.067183740 -0.051440883 0.922427714 -0.141976312 0.355420381
1773245624.441001 -0.010250190 -0.046835113 0.067185938 -0.051524259 0.922915816 -0.141441613 0.354352891
1773245624.467797 -0.010216607 -0.046836101 0.067184664 -0.051740512 0.923185050 -0.141028807 0.353784174
1773245624.502302 -0.010200763 -0.046836294 0.067180783 -0.051700264 0.922973633 -0.141673729 0.354083896
1773245624.546737 -0.010167807 -0.046837941 0.067174844 -0.051621590 0.923471928 -0.140502498 0.353261769
1773245624.569065 -0.010131780 -0.046843231 0.067153722 -0.051958241 0.923048735 -0.140996024 0.354120702
1773245624.607913 -0.010107795 -0.046843603 0.067153797 -0.052779946 0.923354745 -0.141802877 0.352877080
1773245624.635532 -0.010158723 -0.046842188 0.067156978 -0.053149503 0.922454596 -0.142941087 0.354711831
1773245624.667875 -0.010112707 -0.046843812 0.067150623 -0.053044818 0.922705233 -0.142491654 0.354256153
1773245624.709217 -0.010060385 -0.046846032 0.067142785 -0.053148858 0.923170984 -0.141779006 0.353311896
1773245624.734592 -0.010033617 -0.046845905 0.067141421 -0.051605862 0.923483670 -0.139691785 0.353554755
1773245624.775721 -0.010083126 -0.046844527 0.067150064 -0.053498700 0.922731876 -0.142409369 0.354151636
1773245624.802425 -0.010083741 -0.046843745 0.067156255 -0.054151785 0.922693253 -0.143103570 0.353873074
1773245624.842308 -0.010130405 -0.046841465 0.067160375 -0.053923413 0.922291219 -0.142928466 0.355024844
1773245624.869397 -0.010015331 -0.046854388 0.067121357 -0.053344402 0.922829330 -0.141237512 0.354390144
1773245624.901360 -0.009946309 -0.046859089 0.067096837 -0.051313683 0.923301578 -0.138553217 0.354519606
1773245624.943216 -0.009956075 -0.046853118 0.067109019 -0.052467939 0.923195004 -0.139756233 0.354155779
1773245624.969201 -0.009945558 -0.046859093 0.067096084 -0.053027850 0.922994494 -0.140427634 0.354329348
1773245625.009672 -0.009887831 -0.046859287 0.067098334 -0.053187128 0.923607171 -0.140876874 0.352526039
1773245625.036591 -0.009885322 -0.046859059 0.067094430 -0.052911017 0.923583925 -0.140217990 0.352891088
1773245625.068578 -0.009930693 -0.046851180 0.067102008 -0.053347263 0.922938943 -0.141465336 0.354013205
1773245625.111174 -0.009966381 -0.046849251 0.067109264 -0.054321777 0.922596872 -0.143166795 0.354072630
1773245625.136515 -0.009921001 -0.046851493 0.067100331 -0.053217478 0.922952592 -0.141266018 0.354076713
1773245625.177117 -0.009905979 -0.046850830 0.067104697 -0.052569579 0.923453867 -0.140384957 0.353215933
1773245625.202095 -0.009885859 -0.046852328 0.067097001 -0.052785732 0.923370540 -0.140744731 0.353258342
1773245625.242970 -0.009907877 -0.046852373 0.067098111 -0.053022001 0.922878742 -0.140390217 0.354646474
1773245625.269060 -0.009891551 -0.046888165 0.067056842 -0.054099184 0.922327816 -0.139049023 0.356440783
1773245625.302472 -0.009886703 -0.046888083 0.067057386 -0.054901976 0.922368407 -0.139047429 0.356213480
1773245625.343717 -0.009905273 -0.046886489 0.067065202 -0.054656871 0.922087491 -0.139466316 0.356814235
1773245625.370080 -0.009965813 -0.046858113 0.067115068 -0.055064827 0.922021329 -0.142976701 0.355530798
1773245625.410110 -0.009915318 -0.046860568 0.067103982 -0.054607611 0.922575772 -0.142458424 0.354369253
1773245625.436533 -0.009948952 -0.046859521 0.067107856 -0.055723429 0.921980083 -0.143645152 0.355265677
1773245625.470406 -0.009908525 -0.046874505 0.067043081 -0.055988725 0.921072185 -0.143039778 0.357814044
1773245625.512222 -0.009900715 -0.046875842 0.067036510 -0.055275138 0.921230555 -0.141445264 0.358151078
1773245625.535643 -0.009894749 -0.046900090 0.067008585 -0.056777850 0.920401812 -0.140677571 0.360342324
1773245625.588702 -0.009832462 -0.046891138 0.066970885 -0.056479130 0.920128465 -0.142244726 0.360472262
1773245625.603912 -0.009842895 -0.046881273 0.066983297 -0.056227647 0.920276940 -0.142761394 0.359927863
1773245625.645169 -0.009833420 -0.046903033 0.066972390 -0.057575688 0.919949889 -0.141905650 0.360887766
1773245625.669478 -0.009842467 -0.046864025 0.067017265 -0.054815944 0.921252131 -0.142943054 0.357571006
1773245625.703545 -0.009871727 -0.046873435 0.067046486 -0.056904987 0.921148181 -0.143580973 0.357256711
1773245625.746679 -0.009865094 -0.046874989 0.067034960 -0.055872500 0.921211302 -0.142740965 0.357593387
1773245625.769602 -0.009754790 -0.046884544 0.066963822 -0.054423936 0.920945525 -0.139952958 0.359597802
1773245625.811621 -0.009813197 -0.046890117 0.066962421 -0.056746203 0.919802666 -0.142352924 0.361218065
1773245625.837029 -0.009811722 -0.046892013 0.066979535 -0.057783987 0.920063138 -0.142925888 0.360162467
1773245625.870821 -0.009776304 -0.046888776 0.066986106 -0.057473417 0.920744300 -0.142502442 0.358636051
1773245625.921856 -0.009748179 -0.046886567 0.066988260 -0.057066660 0.920992970 -0.142974764 0.357873708
1773245625.938333 -0.009686215 -0.046889715 0.066974811 -0.056116629 0.921740830 -0.140588760 0.357042909
1773245625.981148 -0.009657759 -0.046892982 0.066964984 -0.056151029 0.921800256 -0.139902651 0.357153535
1773245626.004412 -0.009713281 -0.046887498 0.066983603 -0.057148617 0.921199024 -0.142506152 0.357517034
1773245626.037213 -0.009637948 -0.046889801 0.066941284 -0.056796476 0.920694828 -0.142543793 0.358854324
1773245626.076003 -0.009692207 -0.046886768 0.066952102 -0.058085602 0.920003295 -0.144349590 0.359698653
1773245626.105171 -0.009684015 -0.046887614 0.066951402 -0.058256898 0.919850051 -0.144524902 0.359992415
1773245626.143613 -0.009610234 -0.046877876 0.066854998 -0.055363771 0.918748498 -0.143459126 0.363669544
1773245626.171962 -0.009564033 -0.046878267 0.066855416 -0.055695891 0.919173002 -0.143452987 0.362546772
1773245626.211132 -0.009547295 -0.046879835 0.066851526 -0.055846259 0.919635892 -0.142368138 0.361776680
1773245626.237509 -0.009546246 -0.046892047 0.066933930 -0.057776164 0.921284854 -0.143200934 0.356916875
1773245626.270874 -0.009486934 -0.046894267 0.066925786 -0.056628678 0.921863735 -0.140936866 0.356507093
1773245626.311852 -0.009395741 -0.046898372 0.066910416 -0.056787837 0.922834992 -0.139757961 0.354426980
1773245626.336312 -0.009428833 -0.046895970 0.066894747 -0.056773052 0.921730936 -0.141545355 0.356586218
1773245626.379152 -0.009378426 -0.046898488 0.066885121 -0.057020135 0.921986580 -0.141861305 0.355759442
1773245626.403444 -0.009386254 -0.046894342 0.066900611 -0.057820581 0.922369957 -0.142867863 0.354230404
1773245626.437967 -0.009290732 -0.046926655 0.066808149 -0.057491675 0.920977116 -0.139796734 0.359099865
1773245626.477561 -0.009276401 -0.046926674 0.066793874 -0.057710283 0.920462906 -0.140635222 0.360054582
1773245626.504025 -0.009294316 -0.046925940 0.066815577 -0.058167126 0.920893371 -0.140926808 0.358764052
1773245626.547785 -0.009255696 -0.046922460 0.066706061 -0.056308139 0.918573618 -0.140305147 0.365193576
1773245626.571685 -0.009277318 -0.046926536 0.066711441 -0.056658715 0.918603361 -0.139098376 0.365525991
1773245626.611950 -0.009275448 -0.046916381 0.066712767 -0.056133721 0.918338716 -0.140512004 0.365731299
1773245626.637848 -0.009236187 -0.046934847 0.066752076 -0.057810925 0.919845760 -0.140003994 0.361857086
1773245626.671493 -0.009231929 -0.046937965 0.066749372 -0.059030525 0.919452965 -0.141689524 0.362002403
1773245626.712994 -0.009203004 -0.046956919 0.066741973 -0.059469171 0.919696152 -0.140366808 0.361828089
1773245626.738019 -0.009185776 -0.046960942 0.066682450 -0.057507895 0.918681860 -0.137000069 0.365988314
1773245626.786948 -0.009199597 -0.046992600 0.066692889 -0.059197903 0.918644249 -0.135579556 0.366342187
1773245626.804998 -0.009088622 -0.047067840 0.066711977 -0.064675301 0.920380533 -0.131161854 0.362647682
1773245626.838756 -0.009173470 -0.047028325 0.066688344 -0.061772596 0.918802738 -0.133475602 0.366292089
1773245626.882248 -0.009186430 -0.046882782 0.066671155 -0.054190930 0.917785764 -0.142658293 0.366580456
1773245626.905355 -0.009184750 -0.046838667 0.066665843 -0.051491309 0.917704701 -0.145135656 0.366199821
1773245626.945459 -0.009210384 -0.046793226 0.066662014 -0.048419174 0.917068481 -0.146358266 0.367722988
1773245626.971267 -0.009176007 -0.046789277 0.066649340 -0.047113508 0.916944981 -0.146097630 0.368303835
1773245627.011308 -0.009153761 -0.046795651 0.066645622 -0.047864899 0.916741669 -0.145835385 0.368816555
1773245627.038768 -0.009170426 -0.046823055 0.066654421 -0.051413190 0.915862441 -0.147145048 0.370001405
1773245627.071254 -0.009165067 -0.046831854 0.066651165 -0.051593442 0.915319324 -0.145894229 0.371811122
1773245627.111952 -0.009160802 -0.046837062 0.066648841 -0.051665187 0.914374650 -0.145865500 0.374129653
1773245627.138731 -0.009138905 -0.046838183 0.066636615 -0.051161651 0.913482308 -0.145425379 0.376542062
1773245627.183543 -0.009163145 -0.046812791 0.066649534 -0.049940139 0.912652671 -0.146847486 0.378162503
1773245627.205216 -0.009144301 -0.046784729 0.066633001 -0.047202028 0.911674261 -0.146661282 0.380936265
1773245627.237493 -0.009139776 -0.046845999 0.066638462 -0.051215902 0.910693049 -0.143973604 0.383779407
1773245627.279264 -0.009102587 -0.046891175 0.066626586 -0.053936485 0.909466743 -0.141453296 0.387236357
1773245627.305266 -0.009085458 -0.046938419 0.066626363 -0.056227185 0.908268392 -0.137414485 0.391157717
1773245627.347742 -0.009035306 -0.046993598 0.066613182 -0.058642674 0.906824112 -0.134389713 0.395184159
1773245627.372027 -0.009017345 -0.046912182 0.066615798 -0.056369349 0.905036688 -0.141246974 0.397215784
1773245627.419504 -0.009037735 -0.046962492 0.066578142 -0.056558415 0.901914716 -0.136315003 0.405917674
1773245627.441083 -0.009014992 -0.046960536 0.066567414 -0.056582425 0.899445891 -0.137071893 0.411104351
1773245627.472542 -0.009024320 -0.046936307 0.066586100 -0.053971097 0.898373485 -0.135787860 0.414214760
1773245627.511190 -0.009009935 -0.046917967 0.066560030 -0.054053951 0.895178616 -0.138129771 0.420301735
1773245627.538371 -0.008994441 -0.046913296 0.066550031 -0.052810241 0.893068492 -0.137681618 0.425068676
1773245627.577924 -0.009012856 -0.046924204 0.066578254 -0.053379405 0.891684413 -0.136310339 0.428332806
1773245627.604293 -0.009041375 -0.046954405 0.066581354 -0.055169340 0.888813913 -0.134414747 0.434624910
1773245627.639026 -0.009019036 -0.046971828 0.066578053 -0.056724124 0.886548996 -0.134522900 0.438995242
1773245627.679906 -0.009039432 -0.046972606 0.066585362 -0.057269294 0.883991480 -0.135060504 0.443889439
1773245627.705562 -0.009020781 -0.046971422 0.066575602 -0.057083268 0.881288528 -0.134464949 0.449434161
1773245627.748779 -0.009027814 -0.046960287 0.066566750 -0.055536956 0.878275692 -0.134471118 0.455483228
1773245627.773222 -0.009000609 -0.046961159 0.066567376 -0.056810085 0.875931919 -0.136373177 0.459258378
1773245627.812106 -0.009024147 -0.046960387 0.066565394 -0.055262428 0.873387754 -0.134223253 0.464891374
1773245627.839929 -0.009008531 -0.046970557 0.066575669 -0.055270363 0.871361613 -0.132900655 0.469053805
1773245627.872892 -0.009007690 -0.046957370 0.066565774 -0.054852858 0.868303180 -0.133683279 0.474520326
1773245627.911641 -0.008995544 -0.046955265 0.066565067 -0.055267498 0.865321159 -0.134667009 0.479614019
1773245627.939837 -0.009003071 -0.046954360 0.066564187 -0.055446062 0.862105310 -0.134782046 0.485318422
1773245627.980226 -0.008987583 -0.046953332 0.066561572 -0.055209283 0.859398365 -0.134534791 0.490190685
1773245628.006745 -0.008978369 -0.046951741 0.066560991 -0.053756699 0.856949091 -0.133323312 0.494947851
1773245628.040064 -0.008974435 -0.046953492 0.066566281 -0.054093573 0.854469180 -0.133016229 0.499262482
1773245628.088580 -0.008966537 -0.046950206 0.066564098 -0.054557472 0.850369275 -0.133588955 0.506013513
1773245628.106127 -0.008956969 -0.046954904 0.066560239 -0.054364175 0.847155035 -0.132758722 0.511613190
1773245628.145807 -0.008956643 -0.046953797 0.066564471 -0.054099903 0.844075799 -0.132811889 0.516691685
1773245628.172857 -0.008974779 -0.046957605 0.066567332 -0.054562468 0.840482593 -0.131908789 0.522696912
1773245628.205516 -0.008965455 -0.046958115 0.066567063 -0.053673446 0.837005377 -0.131103039 0.528538644
1773245628.246334 -0.008967581 -0.046953455 0.066566214 -0.054479286 0.833045661 -0.132878467 0.534238160
1773245628.273177 -0.008953772 -0.046951607 0.066557884 -0.053360850 0.831628263 -0.131317228 0.536938429
1773245628.312329 -0.008967115 -0.046954785 0.066568457 -0.052849669 0.830933571 -0.129857019 0.538417518
1773245628.340272 -0.008936125 -0.046958655 0.066586621 -0.053473763 0.831593037 -0.129917577 0.537321985
1773245628.378847 -0.008933662 -0.046960153 0.066578537 -0.053451572 0.830166399 -0.128913224 0.539766729
1773245628.406782 -0.008952418 -0.046957232 0.066580229 -0.053925965 0.828178823 -0.130236149 0.542448580
1773245628.440301 -0.008927035 -0.046954311 0.066575110 -0.052423917 0.826442540 -0.129243597 0.545472801
1773245628.478470 -0.008920869 -0.046959829 0.066548556 -0.053019740 0.823032200 -0.128923252 0.550623119
1773245628.507013 -0.008939772 -0.046961490 0.066545270 -0.052294571 0.820168436 -0.128522292 0.555041552
1773245628.545740 -0.008975210 -0.046962291 0.066552371 -0.052659966 0.817210615 -0.128833473 0.559281409
1773245628.574131 -0.008974463 -0.047006320 0.066560432 -0.054261032 0.815225244 -0.125471741 0.562779248
1773245628.607670 -0.008951173 -0.047045872 0.066572711 -0.057470784 0.813177168 -0.122964814 0.565967917
1773245628.646439 -0.008956261 -0.047058672 0.066577815 -0.055381518 0.810559571 -0.120389782 0.570466757
1773245628.673041 -0.008951551 -0.047055513 0.066580474 -0.055839803 0.807527661 -0.119934194 0.574801445
1773245628.713214 -0.008887219 -0.047064092 0.066595234 -0.059231315 0.804971814 -0.120474085 0.577925622
1773245628.740461 -0.008822614 -0.047070544 0.066610195 -0.059012752 0.803477168 -0.118383728 0.580454350
1773245628.780248 -0.008863968 -0.047064301 0.066595271 -0.056142885 0.798050642 -0.116806671 0.588489056
1773245628.806877 -0.008912003 -0.047025111 0.066575393 -0.052740082 0.791567206 -0.119200617 0.597018480
1773245628.840616 -0.008908585 -0.047022246 0.066574804 -0.050455902 0.787274957 -0.117064506 0.603281319
1773245628.882760 -0.008907929 -0.047021374 0.066574886 -0.051823571 0.781994998 -0.118369445 0.609743237
1773245628.907041 -0.008906582 -0.047021154 0.066575058 -0.052588936 0.776492715 -0.117658667 0.616806209
1773245628.946217 -0.008914588 -0.047022443 0.066574380 -0.049865071 0.770441115 -0.115939632 0.624893486
1773245628.975614 -0.008925220 -0.047017202 0.066570580 -0.048769291 0.763957739 -0.115585715 0.632953465
1773245629.006612 -0.008927889 -0.047019355 0.066569664 -0.049127668 0.758493364 -0.114745051 0.639615357
1773245629.046548 -0.008922102 -0.047027424 0.066572525 -0.046877313 0.753005803 -0.112640262 0.646604180
1773245629.073507 -0.008919341 -0.047025893 0.066572413 -0.047817361 0.747927785 -0.112598561 0.652410209
1773245629.114111 -0.008899539 -0.047040064 0.066578753 -0.048096430 0.742718697 -0.110721156 0.658632278
1773245629.139843 -0.008904407 -0.047053888 0.066581525 -0.049295139 0.736744285 -0.109222107 0.665468574
1773245629.181500 -0.008877544 -0.047070008 0.066587746 -0.049814891 0.730196953 -0.107432976 0.672895968
1773245629.206411 -0.008873791 -0.047050256 0.066589773 -0.046665113 0.725067377 -0.106211483 0.678836405
1773245629.240457 -0.008890758 -0.047025699 0.066582300 -0.044758383 0.718384147 -0.107617296 0.685813010
1773245629.283367 -0.008859796 -0.047049649 0.066597521 -0.048593473 0.713110745 -0.107818767 0.691004276
1773245629.307814 -0.008924292 -0.047002152 0.066566214 -0.045396503 0.703778744 -0.109750420 0.700420916
1773245629.350923 -0.008921421 -0.047000725 0.066568263 -0.041511096 0.698501468 -0.107056014 0.706336677
1773245629.375029 -0.008948688 -0.046965539 0.066559397 -0.042871725 0.690971494 -0.111066334 0.713010967
1773245629.407454 -0.009011764 -0.047029633 0.066560335 -0.045989625 0.682657599 -0.105562717 0.721609354
1773245629.456381 -0.008913727 -0.047128294 0.066584691 -0.049863871 0.680174708 -0.096786320 0.724919558
1773245629.474895 -0.008895409 -0.047144968 0.066593215 -0.046861950 0.677494645 -0.093462326 0.728058934
1773245629.514914 -0.008865098 -0.047254447 0.066619307 -0.050418578 0.674042821 -0.083637513 0.732208252
1773245629.542565 -0.008891878 -0.047296185 0.066609383 -0.051487602 0.667987227 -0.081063770 0.737950325
1773245629.582902 -0.008858384 -0.047341995 0.066621408 -0.053693596 0.664498210 -0.076233953 0.741449594
1773245629.609050 -0.008896835 -0.047297265 0.066610999 -0.051101841 0.659088969 -0.079068169 0.746149182
1773245629.641701 -0.008899109 -0.047267225 0.066598706 -0.050173219 0.654267788 -0.081194602 0.750215828
1773245629.680342 -0.008883236 -0.047200877 0.066591099 -0.047036137 0.650130928 -0.085673191 0.753510118
1773245629.708201 -0.008891407 -0.047138453 0.066575684 -0.045524921 0.644849241 -0.090557434 0.757559419
1773245629.746876 -0.008895801 -0.047137845 0.066589162 -0.043230724 0.642157435 -0.088347867 0.760236502
1773245629.775344 -0.008914893 -0.047112171 0.066574052 -0.041712943 0.637080550 -0.090061449 0.764380395
1773245629.808014 -0.008915462 -0.047062304 0.066562012 -0.040147714 0.631717622 -0.094410211 0.768379927
1773245629.847019 -0.008882057 -0.047079571 0.066584609 -0.040316392 0.629249513 -0.091221504 0.770777702
1773245629.875140 -0.008928762 -0.047024492 0.066563889 -0.040268909 0.623362839 -0.096155949 0.774952352
1773245629.913598 -0.008910690 -0.047083903 0.066583999 -0.038240451 0.620779932 -0.089258246 0.777947843
1773245629.941941 -0.008929534 -0.047083694 0.066581197 -0.038314041 0.615517259 -0.089461595 0.782091498
1773245629.974977 -0.008920127 -0.047099289 0.066583730 -0.039715808 0.610722482 -0.088230036 0.785911024
1773245630.013727 -0.008928432 -0.047104489 0.066583186 -0.039363891 0.605874002 -0.086869672 0.789823234
1773245630.042681 -0.008919421 -0.047114361 0.066585451 -0.038105913 0.600190938 -0.085110791 0.794402182
1773245630.081547 -0.008919852 -0.047114886 0.066584803 -0.037685227 0.594735682 -0.083558001 0.798678517
1773245630.109060 -0.008945728 -0.047114599 0.066573851 -0.037487391 0.587592602 -0.083087146 0.804006279
1773245630.147413 -0.008968183 -0.047058202 0.066558458 -0.036812190 0.580564439 -0.087240428 0.808689594
1773245630.175744 -0.008967022 -0.047054999 0.066557243 -0.036950909 0.573860824 -0.087630987 0.813412070
1773245630.209733 -0.008954095 -0.047066487 0.066565849 -0.036807995 0.568858922 -0.085917220 0.817106426
1773245630.249429 -0.008938517 -0.047112908 0.066581123 -0.035846628 0.564857185 -0.081681773 0.820353210
1773245630.275959 -0.008936027 -0.047113888 0.066581570 -0.035627019 0.559866607 -0.081862159 0.823758841
1773245630.317937 -0.008966357 -0.047080670 0.066565484 -0.036853556 0.553434610 -0.083701208 0.827856302
1773245630.342209 -0.008955402 -0.047113344 0.066577286 -0.034838449 0.550523937 -0.079932630 0.830253243
1773245630.374532 -0.008989587 -0.047067367 0.066560276 -0.035180777 0.544629991 -0.083507761 0.833766699
1773245630.415463 -0.008945674 -0.047108538 0.066577539 -0.033465039 0.541915894 -0.078980498 0.836043835
1773245630.442300 -0.008935867 -0.047107019 0.066580012 -0.032772236 0.538396955 -0.078713574 0.838366807
1773245630.482736 -0.008937865 -0.047095969 0.066577703 -0.032234333 0.533956587 -0.079241984 0.841172993
1773245630.509526 -0.008966185 -0.047086358 0.066571720 -0.031944487 0.530653596 -0.079272546 0.843268752
1773245630.548105 -0.008988284 -0.047078200 0.066567704 -0.031605456 0.526762664 -0.078157768 0.845821202
1773245630.575385 -0.009050166 -0.047031749 0.066551521 -0.030223621 0.522796273 -0.081692614 0.847995818
1773245630.608543 -0.008968852 -0.047088809 0.066572219 -0.031562902 0.518619239 -0.077172965 0.850930214
1773245630.648322 -0.008915164 -0.047112245 0.066572003 -0.032319617 0.513491392 -0.075518265 0.854153991
1773245630.676306 -0.008931780 -0.047088820 0.066558890 -0.032543302 0.507579923 -0.076939814 0.857545257
1773245630.716973 -0.008907903 -0.047142334 0.066583820 -0.033009224 0.504071355 -0.072868966 0.859949172
1773245630.743658 -0.008906007 -0.047162637 0.066588432 -0.034156125 0.499694854 -0.070062131 0.862687469
1773245630.775176 -0.008924393 -0.047117706 0.066573039 -0.032439556 0.494680315 -0.072973296 0.865398109
1773245630.816449 -0.008915789 -0.047139388 0.066581465 -0.031248225 0.491114020 -0.069555081 0.867751479
1773245630.842901 -0.008909240 -0.047137372 0.066582315 -0.030867090 0.486707151 -0.070469923 0.870170832
1773245630.882736 -0.008910067 -0.047134493 0.066581622 -0.029405141 0.482921332 -0.068333268 0.872498035
1773245630.909788 -0.008913767 -0.047131035 0.066585742 -0.028726785 0.479151249 -0.066815935 0.874713957
1773245630.949148 -0.008915329 -0.047128744 0.066586725 -0.027548239 0.474669725 -0.066695832 0.877200902
1773245630.976254 -0.008917503 -0.047127441 0.066576876 -0.029134870 0.469215691 -0.068232067 0.879961431
1773245631.009668 -0.008911833 -0.047133576 0.066584960 -0.028124752 0.465363652 -0.066175610 0.882194102
1773245631.049231 -0.008912204 -0.047133274 0.066584758 -0.028864779 0.460543960 -0.065879300 0.884718060
1773245631.076986 -0.008912962 -0.047133785 0.066584349 -0.028165236 0.456338435 -0.065062910 0.886977315
1773245631.116202 -0.008913474 -0.047131106 0.066586085 -0.026523512 0.452539235 -0.063746445 0.889067590
1773245631.142316 -0.008911349 -0.047131609 0.066589981 -0.026013531 0.448971927 -0.062449001 0.890981257
1773245631.176814 -0.008913534 -0.047131054 0.066587187 -0.026366681 0.445565999 -0.062178560 0.892697930
1773245631.215487 -0.008911734 -0.047133695 0.066585317 -0.027881462 0.441898882 -0.063852876 0.894354939
1773245631.242535 -0.008912040 -0.047133561 0.066585146 -0.028625095 0.439096779 -0.064822882 0.895640850
1773245631.284241 -0.008911934 -0.047133520 0.066585273 -0.027531410 0.437162548 -0.063872777 0.896688998
1773245631.310085 -0.008913990 -0.047131002 0.066586338 -0.025567943 0.435432941 -0.061232179 0.897772253
1773245631.344125 -0.008913228 -0.047130898 0.066586241 -0.024665935 0.433926105 -0.060737740 0.898560345
1773245631.387153 -0.008913733 -0.047130931 0.066585302 -0.024416175 0.431790620 -0.059640147 0.899668694
1773245631.410012 -0.008913498 -0.047130838 0.066586047 -0.024718087 0.430351853 -0.059683591 0.900346696
1773245631.450169 -0.008912755 -0.047130924 0.066586621 -0.024081269 0.428667307 -0.058906827 0.901218295
1773245631.478371 -0.008912908 -0.047130354 0.066585451 -0.024729507 0.426628709 -0.059768219 0.902110934
1773245631.517810 -0.008913055 -0.047130689 0.066586450 -0.024220081 0.425200492 -0.059779897 0.902797997
1773245631.544446 -0.008912629 -0.047131017 0.066586852 -0.024676671 0.422916472 -0.058570407 0.903937042
1773245631.577317 -0.008912504 -0.047131054 0.066586010 -0.024541512 0.420395523 -0.057977185 0.905154109
1773245631.615955 -0.008913469 -0.047130264 0.066584975 -0.023469761 0.418232083 -0.057440370 0.906218290
1773245631.643805 -0.008912537 -0.047130309 0.066586353 -0.023357494 0.415567487 -0.057297029 0.907455325
1773245631.683088 -0.008913647 -0.047130395 0.066585772 -0.023488561 0.412913442 -0.057428610 0.908654392
1773245631.710896 -0.008913271 -0.047129806 0.066586085 -0.022726243 0.409934372 -0.057027139 0.910046816
1773245631.744051 -0.008912912 -0.047130834 0.066586345 -0.024218079 0.407296658 -0.057420384 0.911167264
1773245631.784568 -0.008912694 -0.047130689 0.066586696 -0.022932982 0.404617935 -0.056306180 0.912462592
1773245631.811826 -0.008912561 -0.047130298 0.066586033 -0.022246720 0.401121259 -0.055532705 0.914069414
1773245631.850249 -0.008912809 -0.047130983 0.066586606 -0.022625107 0.397708684 -0.056035668 0.915519476
1773245631.877676 -0.008912954 -0.047130778 0.066586524 -0.022850817 0.394098788 -0.056008015 0.917075276
1773245631.916696 -0.008912917 -0.047131088 0.066586092 -0.023176407 0.389289588 -0.055344652 0.919159114
1773245631.943725 -0.008913025 -0.047130942 0.066586398 -0.022463627 0.385231227 -0.054531265 0.920933545
1773245631.976616 -0.008912861 -0.047131334 0.066586360 -0.022932876 0.381023347 -0.053879246 0.922709227
1773245632.016840 -0.008912373 -0.047130849 0.066586167 -0.021107173 0.375596374 -0.052794900 0.925037563
1773245632.044711 -0.008912563 -0.047131203 0.066586569 -0.021491583 0.370880902 -0.053008392 0.926917255
1773245632.083310 -0.008912737 -0.047131326 0.066586502 -0.021450339 0.366650522 -0.052723471 0.928615928
1773245632.111350 -0.008912507 -0.047130611 0.066586666 -0.021103984 0.362908572 -0.051053546 0.930185735
1773245632.144036 -0.008912619 -0.047131076 0.066586584 -0.021158503 0.359637052 -0.051504035 0.931429446
1773245632.189896 -0.008912701 -0.047130983 0.066586293 -0.020000910 0.357173562 -0.050890949 0.932436109
1773245632.211850 -0.008912608 -0.047131080 0.066586837 -0.020241631 0.355287462 -0.050513767 0.933171690
1773245632.261174 -0.008913161 -0.047130793 0.066586211 -0.020648008 0.354807496 -0.050731186 0.933333576
1773245632.277558 -0.008911854 -0.047131360 0.066586979 -0.020512968 0.354447752 -0.050553411 0.933482945
1773245632.311202 -0.008912981 -0.047131069 0.066586144 -0.020701531 0.354863703 -0.051051162 0.933293641
1773245632.351293 -0.008912470 -0.047130916 0.066586658 -0.020225564 0.355247855 -0.050067134 0.933211207
1773245632.377104 -0.008912230 -0.047131300 0.066587113 -0.020651408 0.355179191 -0.049943212 0.933234692
1773245632.417201 -0.008912576 -0.047131024 0.066586614 -0.020081723 0.355241150 -0.049611833 0.933241189
1773245632.443961 -0.008912617 -0.047131062 0.066586919 -0.020423638 0.354593903 -0.050807681 0.933415532
1773245632.483398 -0.008912606 -0.047131181 0.066586807 -0.020626938 0.354197264 -0.051246949 0.933537662
1773245632.510338 -0.008912517 -0.047131080 0.066586524 -0.020187316 0.353275210 -0.049759049 0.933977067
1773245632.545162 -0.008911727 -0.047130778 0.066586822 -0.019589160 0.352377385 -0.049410418 0.934347391
1773245632.585569 -0.008910656 -0.047130819 0.066586807 -0.020553987 0.350853860 -0.050764997 0.934827268
1773245632.611857 -0.008909371 -0.047131300 0.066587836 -0.020771787 0.349945933 -0.050688773 0.935166836
1773245632.650286 -0.008911688 -0.047131088 0.066587463 -0.020577386 0.347813576 -0.049923092 0.936007440
1773245632.677297 -0.008911578 -0.047130879 0.066587776 -0.020642364 0.345829248 -0.049744587 0.936750472
1773245632.712058 -0.008911110 -0.047130682 0.066588029 -0.020145185 0.343825698 -0.049164884 0.937529147
1773245632.751860 -0.008910706 -0.047130626 0.066587910 -0.020341046 0.342298567 -0.049366482 0.938072979
1773245632.779103 -0.008910555 -0.047130611 0.066587985 -0.020223342 0.340754390 -0.048584912 0.938678324
1773245632.817994 -0.008910093 -0.047130115 0.066588297 -0.019279772 0.339892685 -0.048593115 0.939010084
1773245632.844358 -0.008909877 -0.047130104 0.066589221 -0.019554304 0.338938087 -0.048364203 0.939361215
1773245632.885770 -0.008909997 -0.047130436 0.066588201 -0.020934101 0.338006943 -0.049602702 0.939602375
1773245632.911202 -0.008909816 -0.047130369 0.066588238 -0.020542374 0.337466806 -0.047771703 0.939900041
1773245632.945565 -0.008909687 -0.047130562 0.066589057 -0.021287026 0.337307602 -0.048158746 0.939920843
1773245632.985017 -0.008909598 -0.047130968 0.066589586 -0.022153640 0.337427348 -0.046963483 0.939918280
1773245633.012661 -0.008909564 -0.047130555 0.066588610 -0.021538874 0.336542428 -0.044243280 0.940381765
1773245633.054577 -0.008909473 -0.047130469 0.066589542 -0.022615258 0.336583048 -0.046447732 0.940235615
1773245633.081086 -0.008909421 -0.047130380 0.066589281 -0.023787130 0.337039977 -0.045934457 0.940068185
1773245633.112160 -0.008909406 -0.047130376 0.066589221 -0.022610992 0.338080823 -0.045226093 0.939757764
1773245633.151820 -0.008908581 -0.047130708 0.066590354 -0.024663234 0.338343680 -0.045304567 0.939607799
1773245633.178086 -0.008908736 -0.047130805 0.066590250 -0.025047252 0.339437842 -0.045295734 0.939203382
1773245633.218543 -0.008908439 -0.047131985 0.066590145 -0.027163625 0.340304792 -0.045473397 0.938822091
1773245633.246152 -0.008906687 -0.047132455 0.066591017 -0.028687278 0.340695262 -0.046633255 0.938578248
1773245633.285730 -0.008907404 -0.047130987 0.066592008 -0.027813930 0.345047653 -0.045444094 0.937071741
1773245633.311381 -0.008907752 -0.047131907 0.066591121 -0.029132040 0.346455455 -0.045025013 0.936532259
1773245633.346227 -0.008906865 -0.047131933 0.066591769 -0.029677982 0.348289162 -0.045944691 0.935790002
1773245633.384595 -0.008910375 -0.047130339 0.066590354 -0.030699069 0.349132776 -0.047488738 0.935365558
1773245633.411964 -0.008910732 -0.047130313 0.066590607 -0.028800445 0.353020310 -0.042342830 0.934213161
1773245633.452326 -0.008907257 -0.047130562 0.066592067 -0.027770497 0.352426469 -0.044537555 0.934366584
1773245633.479828 -0.008906972 -0.047130734 0.066592276 -0.027903685 0.354188889 -0.044325735 0.933706045
1773245633.512592 -0.008906990 -0.047130410 0.066592388 -0.028489709 0.354912221 -0.045410424 0.933361471
1773245633.557859 -0.008907568 -0.047130384 0.066591665 -0.028041279 0.356734216 -0.042823952 0.932802498
1773245633.579803 -0.008906698 -0.047130749 0.066592760 -0.029843377 0.357456863 -0.046658084 0.932285905
1773245633.620393 -0.008906554 -0.047130328 0.066592887 -0.028832305 0.358709395 -0.048046779 0.931765974
1773245633.646656 -0.008908911 -0.047129028 0.066592082 -0.031447928 0.359245181 -0.049787469 0.931383431
1773245633.685184 -0.008908622 -0.047129020 0.066592187 -0.030662920 0.360092163 -0.046915714 0.931231618
1773245633.714038 -0.008908568 -0.047127996 0.066592313 -0.030164516 0.362397611 -0.044278551 0.930482388
1773245633.746331 -0.008908506 -0.047128297 0.066592529 -0.032590598 0.364405304 -0.046337083 0.929515719
1773245633.787419 -0.008908547 -0.047128558 0.066593133 -0.031743813 0.365841091 -0.045630228 0.929015875
1773245633.813465 -0.008907931 -0.047128640 0.066593170 -0.032034487 0.365711808 -0.048387449 0.928917289
1773245633.852636 -0.008907719 -0.047128614 0.066594034 -0.031334709 0.368485600 -0.048324026 0.927847683
1773245633.879499 -0.008907786 -0.047128908 0.066593803 -0.032950796 0.369096607 -0.047282059 0.927602470
1773245633.913021 -0.008907042 -0.047129009 0.066594794 -0.032086629 0.370472878 -0.045315199 0.927182198
1773245633.952413 -0.008906905 -0.047129121 0.066595338 -0.031479586 0.372926563 -0.044367723 0.926264703
1773245633.979989 -0.008907806 -0.047127713 0.066595972 -0.030292533 0.373869389 -0.042806797 0.925997674
1773245634.023613 -0.008907715 -0.047127705 0.066595756 -0.031261787 0.374156058 -0.046911418 0.925650716
1773245634.047354 -0.008907231 -0.047127843 0.066595376 -0.031935558 0.375047982 -0.045285318 0.925347686
1773245634.079679 -0.008906554 -0.047127813 0.066595331 -0.031956587 0.375877887 -0.047154739 0.924916744
1773245634.120500 -0.008906869 -0.047127597 0.066596374 -0.032227885 0.376951665 -0.047374461 0.924459040
1773245634.147607 -0.008906590 -0.047127698 0.066596851 -0.031698458 0.378836870 -0.045151446 0.923817754
1773245634.187186 -0.008906431 -0.047127470 0.066596791 -0.032392617 0.379029363 -0.046413332 0.923652172
1773245634.213547 -0.008906245 -0.047127139 0.066597022 -0.032317854 0.379538864 -0.048277941 0.923349917
1773245634.254201 -0.008905588 -0.047127713 0.066597402 -0.031480975 0.381393552 -0.045230925 0.922768712
1773245634.279694 -0.008905575 -0.047127847 0.066597588 -0.032789130 0.382432997 -0.047304250 0.922188759
1773245634.313834 -0.008905215 -0.047127254 0.066598006 -0.032944061 0.383006006 -0.047025263 0.921959698
1773245634.353691 -0.008905446 -0.047127232 0.066597611 -0.031908471 0.384104043 -0.046985351 0.921541274
1773245634.381208 -0.008904696 -0.047127429 0.066598587 -0.032927599 0.385407954 -0.046949808 0.920962632
1773245634.419502 -0.008904535 -0.047127191 0.066599250 -0.031949908 0.387042075 -0.045075912 0.920405209
1773245634.446863 -0.008904409 -0.047127850 0.066599406 -0.033751592 0.387924075 -0.045272376 0.919959843
1773245634.481211 -0.008904232 -0.047127381 0.066599533 -0.032074768 0.388680845 -0.044932339 0.919717073
1773245634.527727 -0.008904347 -0.047127679 0.066599980 -0.033990111 0.390384793 -0.044701755 0.918937504
1773245634.547931 -0.008905457 -0.047126688 0.066599503 -0.033225089 0.391035706 -0.044619903 0.918692708
1773245634.589475 -0.008905290 -0.047126539 0.066599749 -0.033033591 0.391588151 -0.044011377 0.918493629
1773245634.613989 -0.008905113 -0.047126729 0.066600218 -0.033207312 0.392842919 -0.043270640 0.917986572
1773245634.653058 -0.008905044 -0.047126599 0.066600412 -0.032508045 0.394106954 -0.045039315 0.917384505
1773245634.680592 -0.008904604 -0.047126316 0.066601083 -0.032531757 0.393850297 -0.044416133 0.917524278
1773245634.713814 -0.008904168 -0.047126215 0.066602036 -0.031594891 0.393585861 -0.042920657 0.917741656
1773245634.755042 -0.008899534 -0.047129765 0.066604078 -0.035138607 0.393848777 -0.046546660 0.917323172
1773245634.780068 -0.008899450 -0.047129687 0.066603906 -0.034645133 0.393097937 -0.048955787 0.917538583
1773245634.819730 -0.008903435 -0.047126781 0.066603728 -0.031256925 0.393253505 -0.037084740 0.918150008
1773245634.846919 -0.008903420 -0.047127016 0.066603117 -0.031932581 0.393548995 -0.038989447 0.917921245
1773245634.881203 -0.008902784 -0.047127008 0.066603675 -0.033731893 0.391139150 -0.042016957 0.918752909
1773245634.919905 -0.008902654 -0.047127184 0.066603914 -0.035107926 0.390347570 -0.044902880 0.918901443
1773245634.947743 -0.008902762 -0.047126822 0.066604309 -0.034049463 0.389425546 -0.040668666 0.919529438
1773245634.988090 -0.008902641 -0.047126789 0.066604465 -0.032916211 0.389001787 -0.039270137 0.919810832
1773245635.013685 -0.008897876 -0.047129869 0.066606909 -0.038627122 0.387237966 -0.044396780 0.920099795
1773245635.055190 -0.008898346 -0.047129150 0.066606931 -0.036286537 0.386007875 -0.040819220 0.920877278
1773245635.080022 -0.008898120 -0.047129087 0.066607177 -0.036238670 0.385102719 -0.042094048 0.921200693
1773245635.114346 -0.008897139 -0.047129687 0.066607915 -0.038965452 0.383541286 -0.044390645 0.921632946
1773245635.152746 -0.008897010 -0.047129795 0.066608004 -0.039910372 0.381965339 -0.044044614 0.922263384
1773245635.181614 -0.008896684 -0.047129761 0.066608399 -0.040409006 0.380650640 -0.042906620 0.922838688
1773245635.220395 -0.008896386 -0.047129884 0.066608965 -0.041157350 0.379825234 -0.043147799 0.923134387
1773245635.248483 -0.008896254 -0.047129866 0.066609241 -0.041762844 0.379026711 -0.043546330 0.923416674
1773245635.282012 -0.008896096 -0.047129877 0.066609569 -0.042199209 0.378087670 -0.043379992 0.923789561
1773245635.321717 -0.008895755 -0.047129761 0.066610046 -0.041943625 0.376625776 -0.042706016 0.924429536
1773245635.348091 -0.008895531 -0.047129765 0.066610403 -0.042170122 0.375435978 -0.042554781 0.924910069
1773245635.396587 -0.008895319 -0.047129754 0.066610768 -0.042362813 0.374366820 -0.042298704 0.925346255
1773245635.415506 -0.008895183 -0.047129728 0.066610992 -0.042509597 0.373462230 -0.041682746 0.925732911
1773245635.454866 -0.008894917 -0.047129568 0.066611573 -0.042374775 0.372917980 -0.042388756 0.925926447
1773245635.482105 -0.008894648 -0.047129590 0.066611782 -0.042856716 0.371393383 -0.042015634 0.926533818
1773245635.514947 -0.008894378 -0.047129646 0.066611983 -0.043501519 0.369736105 -0.041740250 0.927178800
1773245635.561527 -0.008894254 -0.047129702 0.066612400 -0.044054247 0.369204849 -0.041537423 0.927373528
1773245635.581252 -0.008894054 -0.047129724 0.066612847 -0.044722237 0.368614405 -0.041244417 0.927589476
1773245635.620636 -0.008893926 -0.047129743 0.066613168 -0.045144595 0.368073553 -0.041154504 0.927787781
1773245635.648324 -0.008893818 -0.047129732 0.066613510 -0.045542020 0.367508203 -0.041055869 0.927996814
1773245635.682406 -0.008893590 -0.047129631 0.066613771 -0.045386441 0.366428286 -0.040573273 0.928452551
1773245635.720871 -0.008893380 -0.047129449 0.066614054 -0.044628184 0.365445316 -0.040445581 0.928882182
1773245635.748141 -0.008893175 -0.047129389 0.066614307 -0.044681914 0.364289641 -0.040267278 0.929341257
1773245635.791484 -0.008893007 -0.047129326 0.066614546 -0.044751577 0.363147885 -0.040095910 0.929792047
1773245635.815483 -0.008892776 -0.047129311 0.066614799 -0.044823848 0.362009048 -0.039922468 0.930239975
1773245635.856535 -0.008892702 -0.047129348 0.066615134 -0.045377981 0.361850679 -0.039722998 0.930283308
1773245635.883634 -0.008892560 -0.047129311 0.066615485 -0.045706253 0.361327589 -0.039587319 0.930476308
1773245635.916272 -0.008892464 -0.047129262 0.066615790 -0.046041492 0.360789418 -0.039431203 0.930675209
1773245635.954757 -0.008892329 -0.047129296 0.066616118 -0.046382200 0.360241890 -0.039260838 0.930877566
1773245635.982745 -0.008892171 -0.047129270 0.066616453 -0.046733692 0.359659910 -0.039089885 0.931092203
1773245636.021975 -0.008891989 -0.047129296 0.066616841 -0.047435455 0.358972341 -0.038910106 0.931329548
1773245636.048714 -0.008891834 -0.047129270 0.066617191 -0.047806643 0.358355492 -0.038752105 0.931554675
1773245636.081390 -0.008891612 -0.047129296 0.066617504 -0.048324823 0.357222795 -0.038584050 0.931969881
1773245636.122300 -0.008891385 -0.047129259 0.066617802 -0.048851114 0.356071711 -0.038425397 0.932389438
1773245636.150823 -0.008891134 -0.047129270 0.066618130 -0.049375683 0.354918063 -0.038265932 0.932808101
1773245636.188525 -0.008890813 -0.047129095 0.066618733 -0.048718911 0.354540199 -0.038083248 0.932993770
1773245636.216434 -0.008890588 -0.047129124 0.066618972 -0.049237236 0.353492290 -0.037792452 0.933375895
1773245636.255388 -0.008890314 -0.047129106 0.066619307 -0.049777016 0.352497697 -0.037448619 0.933737218
1773245636.283207 -0.008890092 -0.047129087 0.066619650 -0.050288796 0.351508051 -0.037163522 0.934094191
1773245636.316208 -0.008889936 -0.047129098 0.066619910 -0.050659712 0.350883394 -0.037123837 0.934310555
1773245636.358222 -0.008889772 -0.047129009 0.066620350 -0.050931528 0.350516617 -0.037063219 0.934435844
1773245636.383304 -0.008889537 -0.047128968 0.066620693 -0.051279061 0.349907637 -0.037036359 0.934646130
1773245636.422585 -0.008889377 -0.047128927 0.066621035 -0.051550556 0.349373788 -0.036949728 0.934834301
1773245636.450152 -0.008889243 -0.047128882 0.066621415 -0.051820811 0.348948359 -0.036834918 0.934982777
1773245636.483479 -0.008889101 -0.047128852 0.066621728 -0.052088048 0.348530173 -0.036727879 0.935128093
1773245636.523041 -0.008888977 -0.047128793 0.066622049 -0.052347198 0.348107249 -0.036629237 0.935275018
1773245636.550008 -0.008888716 -0.047128759 0.066622451 -0.052579455 0.347346216 -0.036080379 0.935566247
1773245636.589689 -0.008888550 -0.047128722 0.066622809 -0.052823648 0.346923441 -0.035952516 0.935714304
1773245636.615442 -0.008888377 -0.047128677 0.066623136 -0.053065322 0.346501142 -0.035830684 0.935861766
1773245636.656869 -0.008888206 -0.047128640 0.066623434 -0.053304665 0.346077263 -0.035709370 0.936009586
1773245636.683532 -0.008888010 -0.047128532 0.066623837 -0.053536285 0.345649153 -0.035594616 0.936158895
1773245636.717296 -0.008887753 -0.047128402 0.066624187 -0.053021785 0.344707191 -0.035911754 0.936523318
1773245636.756320 -0.008887563 -0.047128364 0.066624530 -0.053247143 0.344250828 -0.035848264 0.936680853
1773245636.782912 -0.008887360 -0.047128286 0.066624850 -0.053476706 0.343791515 -0.035772350 0.936839342
1773245636.826724 -0.008887162 -0.047128234 0.066625185 -0.053705629 0.343331039 -0.035702795 0.936997771
1773245636.850178 -0.008886980 -0.047128204 0.066625491 -0.053943731 0.342856050 -0.035661023 0.937159598
1773245636.883858 -0.008886782 -0.047128148 0.066625804 -0.054186434 0.342382818 -0.035621338 0.937320113
1773245636.926461 -0.008886512 -0.047128148 0.066626191 -0.054789837 0.341628820 -0.035216615 0.937575400
1773245636.950709 -0.008886328 -0.047128130 0.066626459 -0.055037871 0.341156632 -0.035168838 0.937734544
1773245636.993412 -0.008886117 -0.047128092 0.066626802 -0.055289108 0.340695113 -0.035125375 0.937889159
1773245637.017072 -0.008885933 -0.047127984 0.066627115 -0.055542260 0.340238035 -0.035018191 0.938044190
1773245637.050455 -0.008885721 -0.047127977 0.066627420 -0.055800710 0.339780718 -0.034912780 0.938198507
1773245637.091331 -0.008885598 -0.047127806 0.066627830 -0.055235542 0.340303749 -0.035060812 0.938036859
1773245637.115874 -0.008885399 -0.047127742 0.066628128 -0.055479899 0.339867890 -0.034977052 0.938183546
1773245637.158471 -0.008885149 -0.047127657 0.066628441 -0.055716768 0.339449793 -0.034892976 0.938324034
1773245637.184349 -0.008884933 -0.047127638 0.066628769 -0.055938225 0.339092165 -0.034883473 0.938440502
1773245637.225153 -0.008884741 -0.047127567 0.066629067 -0.056094602 0.338843197 -0.034835372 0.938522875
1773245637.250651 -0.008884678 -0.047127347 0.066629581 -0.055264756 0.340251654 -0.034480821 0.938075542
1773245637.284802 -0.008884482 -0.047127284 0.066629909 -0.055390105 0.340076208 -0.034357276 0.938136280
1773245637.323441 -0.008884314 -0.047127217 0.066630274 -0.055495948 0.339996874 -0.034318101 0.938160241
1773245637.350656 -0.008884160 -0.047127165 0.066630587 -0.055595070 0.339958370 -0.034264758 0.938170254
1773245637.392152 -0.008883985 -0.047127083 0.066630915 -0.055699237 0.339932352 -0.034211181 0.938175440
1773245637.416530 -0.008883689 -0.047127094 0.066631138 -0.056361623 0.338492632 -0.034324773 0.938652158
1773245637.451165 -0.008883534 -0.047127008 0.066631466 -0.056487501 0.338459462 -0.034306377 0.938657224
1773245637.492041 -0.008883363 -0.047126960 0.066631809 -0.056617294 0.338419199 -0.034288023 0.938664615
1773245637.516738 -0.008883217 -0.047126889 0.066632077 -0.056754183 0.338371605 -0.034276236 0.938673913
1773245637.556812 -0.008883039 -0.047126822 0.066632368 -0.056903992 0.338291228 -0.034276340 0.938693821
1773245637.583433 -0.008882938 -0.047126830 0.066632718 -0.057654921 0.338715941 -0.033935502 0.938507199
1773245637.623780 -0.008882793 -0.047126759 0.066633001 -0.057815228 0.338620842 -0.033907775 0.938532710
1773245637.649612 -0.008882627 -0.047126688 0.066633299 -0.057977885 0.338520825 -0.033874370 0.938559949
1773245637.684813 -0.008882450 -0.047126625 0.066633642 -0.058148637 0.338413566 -0.033836242 0.938589454
1773245637.723255 -0.008882275 -0.047126591 0.066633910 -0.058325484 0.338299781 -0.033798028 0.938620865
1773245637.751830 -0.008882003 -0.047126528 0.066634208 -0.058828913 0.337618381 -0.033817329 0.938834071
1773245637.791207 -0.008881804 -0.047126442 0.066634551 -0.059016928 0.337493092 -0.033791989 0.938868225
1773245637.816624 -0.008881614 -0.047126383 0.066634923 -0.059211936 0.337358505 -0.033777345 0.938904822
1773245637.851946 -0.008881396 -0.047126308 0.066635281 -0.059413891 0.337219715 -0.033776809 0.938941956
1773245637.893332 -0.008881155 -0.047126200 0.066635646 -0.059617188 0.337080449 -0.033772144 0.938979268
1773245637.917967 -0.008880982 -0.047126140 0.066636011 -0.059825391 0.336938649 -0.033763219 0.939017236
1773245637.959834 -0.008880746 -0.047126118 0.066636354 -0.060501117 0.336473376 -0.033550616 0.939148366
1773245637.984862 -0.008880535 -0.047126006 0.066636711 -0.060713667 0.336328477 -0.033524070 0.939187467
1773245638.023638 -0.008880325 -0.047125928 0.066637054 -0.060931254 0.336177796 -0.033482928 0.939228773
1773245638.052608 -0.008880114 -0.047125868 0.066637412 -0.061150908 0.336021930 -0.033427782 0.939272285
1773245638.083681 -0.008879934 -0.047125820 0.066637695 -0.061370432 0.335866749 -0.033355832 0.939316034
1773245638.124854 -0.008879729 -0.047125753 0.066638038 -0.061591081 0.335710108 -0.033279985 0.939360261
1773245638.152190 -0.008879561 -0.047125664 0.066638298 -0.061812267 0.335552007 -0.033200104 0.939405024
1773245638.192773 -0.008879393 -0.047125604 0.066638663 -0.062111910 0.336126655 -0.033029445 0.939185798
1773245638.218301 -0.008879215 -0.047125537 0.066638969 -0.062335644 0.335971832 -0.032944985 0.939229369
1773245638.250823 -0.008879021 -0.047125462 0.066639252 -0.062559523 0.335818321 -0.032856140 0.939272463
1773245638.293334 -0.008878887 -0.047125384 0.066639557 -0.062784962 0.335663050 -0.032763395 0.939316154
1773245638.318554 -0.008878699 -0.047125332 0.066639885 -0.063010260 0.335507095 -0.032672338 0.939359963
1773245638.358933 -0.008878550 -0.047125276 0.066640198 -0.063237414 0.335351259 -0.032586887 0.939403355
1773245638.385034 -0.008878352 -0.047125202 0.066640496 -0.063464992 0.335196108 -0.032494362 0.939446568
1773245638.418017 -0.008878183 -0.047125194 0.066640876 -0.064504109 0.335274816 -0.032474227 0.939348400
1773245638.458238 -0.008878002 -0.047125131 0.066641182 -0.064735472 0.335118294 -0.032387853 0.939391375
1773245638.485782 -0.008877845 -0.047125056 0.066641495 -0.064967409 0.334961116 -0.032305274 0.939434230
1773245638.524708 -0.008877655 -0.047124997 0.066641808 -0.065200210 0.334806919 -0.032226473 0.939475775
1773245638.552113 -0.008877473 -0.047124911 0.066642128 -0.065434225 0.334653616 -0.032153241 0.939516664
1773245638.591621 -0.008877303 -0.047124840 0.066642433 -0.065667726 0.334501207 -0.032082003 0.939557076
1773245638.617529 -0.008877132 -0.047124766 0.066642754 -0.065901227 0.334347218 -0.032009728 0.939597964
1773245638.650913 -0.008876968 -0.047124650 0.066643082 -0.065936856 0.334587157 -0.031747762 0.939518929
1773245638.691796 -0.008876791 -0.047124613 0.066643372 -0.066170469 0.334436625 -0.031673588 0.939558625
1773245638.718753 -0.008876657 -0.047124550 0.066643640 -0.066404521 0.334285975 -0.031595975 0.939598322
1773245638.758336 -0.008876489 -0.047124449 0.066643983 -0.066636875 0.334135979 -0.031515155 0.939637959
1773245638.836998 -0.008876346 -0.047124401 0.066644266 -0.066869453 0.333985895 -0.031434752 0.939677477
1773245638.874326 -0.008876067 -0.047124267 0.066644736 -0.067230389 0.333655477 -0.031654071 0.939761758
1773245638.889230 -0.008875959 -0.047124211 0.066644959 -0.067465529 0.333500355 -0.031575639 0.939802587
1773245638.926416 -0.008875851 -0.047124185 0.066645175 -0.067698494 0.333341599 -0.031496156 0.939844847
1773245638.952933 -0.008875718 -0.047124140 0.066645369 -0.067929111 0.333181798 -0.031412303 0.939887643
1773245638.997537 -0.008875655 -0.047124099 0.066645563 -0.068158723 0.333020091 -0.031330731 0.939931095
1773245639.019754 -0.008875549 -0.047124065 0.066645741 -0.068389364 0.332858086 -0.031250682 0.939974368
1773245639.051825 -0.008875497 -0.047124058 0.066645846 -0.068617411 0.332695127 -0.031169584 0.940018117
1773245639.092995 -0.008875394 -0.047123976 0.066646039 -0.068168409 0.332557708 -0.031064132 0.940102875
1773245639.119695 -0.008875383 -0.047123969 0.066646166 -0.068395175 0.332386523 -0.030978773 0.940149784
1773245639.157747 -0.008875472 -0.047124024 0.066646188 -0.069297723 0.332156271 -0.030914636 0.940167189
1773245639.186023 -0.008875526 -0.047124024 0.066646285 -0.069523692 0.331946045 -0.030831415 0.940227449
1773245639.221323 -0.008875508 -0.047123991 0.066646442 -0.069061540 0.331688583 -0.030710440 0.940356374
1773245639.261578 -0.008875627 -0.047124065 0.066646412 -0.069901600 0.331119478 -0.030439787 0.940503657
1773245639.286970 -0.008875685 -0.047124058 0.066646434 -0.070027627 0.330355257 -0.030121760 0.940773189
1773245639.325270 -0.008875467 -0.047123998 0.066646442 -0.068754829 0.326795459 -0.029317070 0.942134798
1773245639.352925 -0.008875525 -0.047124006 0.066646472 -0.068805330 0.325683653 -0.028939744 0.942527711
1773245639.393037 -0.008875521 -0.047124006 0.066646568 -0.068831474 0.324363291 -0.028572725 0.942992210
1773245639.418468 -0.008875556 -0.047124010 0.066646606 -0.068815492 0.322698087 -0.028208157 0.943575501
1773245639.453576 -0.008875562 -0.047124021 0.066646636 -0.068785615 0.320893914 -0.027791278 0.944205105
1773245639.492977 -0.008875601 -0.047124002 0.066646695 -0.068756923 0.318736583 -0.027315479 0.944951475
1773245639.518799 -0.008875640 -0.047124017 0.066646770 -0.068741351 0.315816820 -0.026700970 0.945950031
1773245639.561776 -0.008875594 -0.047124039 0.066646762 -0.068931736 0.310566932 -0.026066300 0.947690427
1773245639.587148 -0.008875651 -0.047124058 0.066646874 -0.068851009 0.306893289 -0.025302950 0.948912978
1773245639.620045 -0.008875744 -0.047124043 0.066646993 -0.068722792 0.302873045 -0.024477117 0.950234711
1773245639.660846 -0.008875864 -0.047124054 0.066647053 -0.068507127 0.298202336 -0.023449220 0.951752186
1773245639.686523 -0.008875903 -0.047124077 0.066647172 -0.068196252 0.292967349 -0.022186525 0.953429163
1773245639.729015 -0.008875992 -0.047124092 0.066647120 -0.067794785 0.286897331 -0.020707477 0.955335021
1773245639.754881 -0.008875949 -0.047124073 0.066647097 -0.067378029 0.280147076 -0.019408677 0.957392871
1773245639.798112 -0.008875854 -0.047124039 0.066647179 -0.066127487 0.273414016 -0.018345920 0.959445298
1773245639.821737 -0.008875806 -0.047124073 0.066647150 -0.065687150 0.266546011 -0.017082326 0.961429477
1773245639.854995 -0.008875722 -0.047124080 0.066647112 -0.065240264 0.259658515 -0.015827611 0.963364244
1773245639.901853 -0.008875702 -0.047124080 0.066647105 -0.064801440 0.252759516 -0.014965725 0.965240598
1773245639.920039 -0.008875638 -0.047124073 0.066647127 -0.064357057 0.245849401 -0.014108978 0.967066228
1773245639.961545 -0.008875603 -0.047124080 0.066647172 -0.063906550 0.238930285 -0.013249794 0.968840897
1773245639.986499 -0.008875640 -0.047124073 0.066647232 -0.063426591 0.232038602 -0.012358321 0.970557749
1773245640.020527 -0.008875668 -0.047124069 0.066647306 -0.062912762 0.225217223 -0.011404621 0.972208381
1773245640.060267 -0.008875990 -0.047124069 0.066647463 -0.062273469 0.221205994 -0.009698992 0.973188519
1773245640.087270 -0.008876076 -0.047124069 0.066647515 -0.061642271 0.214491129 -0.008602454 0.974740863
1773245640.126991 -0.008876177 -0.047124043 0.066647582 -0.060966115 0.207795754 -0.007412391 0.976242363
1773245640.154252 -0.008876223 -0.047124047 0.066647708 -0.060273040 0.201106220 -0.006203338 0.977693737
1773245640.187694 -0.008876329 -0.047124013 0.066647731 -0.059568301 0.194418728 -0.004976745 0.979095578
1773245640.226763 -0.008876380 -0.047124010 0.066647902 -0.058839813 0.187741876 -0.003724956 0.980447352
1773245640.253679 -0.008876441 -0.047123976 0.066647992 -0.058101460 0.181066558 -0.002461653 0.981750011
1773245640.292501 -0.008876521 -0.047123961 0.066648066 -0.057357568 0.174390405 -0.001194970 0.983003914
1773245640.319902 -0.008876616 -0.047123954 0.066648170 -0.056526806 0.167892128 -0.000465382 0.984183252
1773245640.359972 -0.008876711 -0.047123931 0.066648290 -0.055780981 0.161213502 0.000793508 0.985341609
1773245640.387680 -0.008876797 -0.047123909 0.066648386 -0.055035189 0.154539123 0.002037115 0.986450493
1773245640.421377 -0.008876944 -0.047123913 0.066648446 -0.054285627 0.147867545 0.003273774 0.987510800
1773245640.461491 -0.008877017 -0.047123887 0.066648580 -0.053530458 0.141191885 0.004510392 0.988523602
1773245640.487929 -0.008877212 -0.047123872 0.066648692 -0.052772567 0.134511352 0.005740264 0.989489138
1773245640.527310 -0.008877375 -0.047123879 0.066648751 -0.052011345 0.127825573 0.006968879 0.990407467
1773245640.553649 -0.008877547 -0.047123872 0.066648841 -0.051613752 0.120835327 0.008019790 0.991297364
1773245640.586701 -0.008877714 -0.047123898 0.066648863 -0.050849713 0.114142291 0.009244644 0.992119133
1773245640.628617 -0.008877870 -0.047123879 0.066648960 -0.050083749 0.107445084 0.010468933 0.992893577
1773245640.653221 -0.008877975 -0.047123879 0.066649064 -0.049316138 0.100743830 0.011690196 0.993620634
1773245640.692812 -0.008878061 -0.047123864 0.066649139 -0.048549864 0.094036780 0.012897315 0.994300604
1773245640.720404 -0.008878211 -0.047123894 0.066649199 -0.047786992 0.087329708 0.014083649 0.994932950
1773245640.761016 -0.008878237 -0.047123872 0.066649273 -0.047022175 0.080621243 0.015264465 0.995518029
1773245640.788339 -0.008878336 -0.047123868 0.066649377 -0.046270657 0.073916391 0.016366860 0.996055961
1773245640.820712 -0.008878475 -0.047123853 0.066649370 -0.045535058 0.067180671 0.017854922 0.996541262
1773245640.861328 -0.008878564 -0.047123853 0.066649422 -0.044781882 0.060480520 0.018934198 0.996984541
1773245640.887380 -0.008878565 -0.047123827 0.066649511 -0.044052027 0.053797472 0.019958623 0.997380018
1773245640.928232 -0.008878626 -0.047123831 0.066649601 -0.043324832 0.047124155 0.020954007 0.997729063
1773245640.954675 -0.008878665 -0.047123834 0.066649623 -0.042602722 0.040457945 0.021921854 0.998031855
1773245640.987778 -0.008878615 -0.047123816 0.066649653 -0.041881628 0.033828750 0.022476869 0.998296738
1773245641.028736 -0.008878684 -0.047123864 0.066649683 -0.041544322 0.028446272 0.023276264 0.998460352
1773245641.055179 -0.008878655 -0.047123857 0.066649720 -0.040853128 0.021858977 0.024165275 0.998633683
1773245641.094539 -0.008878592 -0.047123794 0.066649765 -0.040222231 0.015389713 0.024928084 0.998761177
1773245641.121870 -0.008878503 -0.047123820 0.066649765 -0.039618157 0.008988020 0.025611315 0.998846173
1773245641.160916 -0.008878477 -0.047123831 0.066649765 -0.039031424 0.002663004 0.026240995 0.998889804
1773245641.187581 -0.008878330 -0.047123816 0.066649891 -0.038460445 -0.003603405 0.026821295 0.998893619
1773245641.221776 -0.008878103 -0.047123794 0.066649988 -0.037595417 -0.010811116 0.027437882 0.998857796
1773245641.264307 -0.008878100 -0.047123808 0.066650033 -0.037211582 -0.015196696 0.027169326 0.998822391
1773245641.288842 -0.008878000 -0.047123782 0.066650063 -0.036698893 -0.021353716 0.027632499 0.998715997
1773245641.328615 -0.008877898 -0.047123760 0.066650145 -0.036194060 -0.027485328 0.028093321 0.998571634
1773245641.355055 -0.008877826 -0.047123745 0.066650175 -0.035697591 -0.033517160 0.028512426 0.998393357
1773245641.390868 -0.008877723 -0.047123767 0.066650219 -0.035202958 -0.039533172 0.028926732 0.998178899
1773245641.429972 -0.008877658 -0.047123775 0.066650189 -0.034726467 -0.045502968 0.029335562 0.997929335
1773245641.454660 -0.008877520 -0.047123741 0.066650294 -0.034172393 -0.051305022 0.030024664 0.997646511
1773245641.495883 -0.008877481 -0.047123771 0.066650286 -0.033702362 -0.057229850 0.030439682 0.997327566
1773245641.521749 -0.008877384 -0.047123760 0.066650346 -0.033240374 -0.063127369 0.030855419 0.996974409
1773245641.555727 -0.008877275 -0.047123749 0.066650331 -0.032779723 -0.069008902 0.031267822 0.996586978
1773245641.594767 -0.008877208 -0.047123745 0.066650398 -0.032319490 -0.074869908 0.031675201 0.996165931
1773245641.621971 -0.008877119 -0.047123738 0.066650487 -0.031860031 -0.080714650 0.032079436 0.995711327
1773245641.663171 -0.008877097 -0.047123745 0.066650674 -0.031273622 -0.086487651 0.032804634 0.995221436
1773245641.687707 -0.008877087 -0.047123730 0.066650718 -0.030815059 -0.092298262 0.033223942 0.994699776
1773245641.735289 -0.008877063 -0.047123756 0.066650763 -0.030364590 -0.098092854 0.033651996 0.994144499
1773245641.756500 -0.008877080 -0.047123782 0.066650867 -0.029915279 -0.103879221 0.034083337 0.993555486
1773245641.790018 -0.008877114 -0.047123775 0.066650875 -0.029466314 -0.109659046 0.034517802 0.992932618
1773245641.829174 -0.008877158 -0.047123808 0.066650927 -0.029020017 -0.115431398 0.034954753 0.992275953
1773245641.856703 -0.008877201 -0.047123801 0.066650987 -0.028574482 -0.121196583 0.035395131 0.991585612
1773245641.895227 -0.008877313 -0.047123831 0.066651061 -0.028132966 -0.126942337 0.035866156 0.990862191
1773245641.923451 -0.008877397 -0.047123857 0.066651151 -0.027687676 -0.132683739 0.036338251 0.990105033
1773245641.958042 -0.008877425 -0.047123946 0.066651344 -0.027490368 -0.139372364 0.036914710 0.989169776
1773245641.996805 -0.008877549 -0.047123972 0.066651508 -0.027041078 -0.145102650 0.037391536 0.988339961
1773245642.023690 -0.008877601 -0.047123987 0.066651508 -0.026584420 -0.150834605 0.037875753 0.987475336
1773245642.066532 -0.008877615 -0.047124010 0.066651538 -0.026126241 -0.156566739 0.038362436 0.986576200
1773245642.090368 -0.008877764 -0.047124080 0.066651672 -0.025662795 -0.162300244 0.038849235 0.985642314
1773245642.138731 -0.008877836 -0.047124106 0.066651627 -0.025196422 -0.168037325 0.039334312 0.984673262
1773245642.156076 -0.008878062 -0.047124185 0.066651940 -0.024366401 -0.174146712 0.040039957 0.983603597
1773245642.191875 -0.008878164 -0.047124200 0.066651925 -0.023884702 -0.179906756 0.040523011 0.982558370
1773245642.238425 -0.008878272 -0.047124248 0.066651940 -0.023395970 -0.185669526 0.041002747 0.981477559
1773245642.256759 -0.008878382 -0.047124311 0.066652037 -0.022903169 -0.191429377 0.041479252 0.980362058
1773245642.295783 -0.008878602 -0.047124386 0.066652171 -0.022406081 -0.197186947 0.041953187 0.979211509
1773245642.324715 -0.008878874 -0.047124382 0.066652395 -0.021903455 -0.202939823 0.042425964 0.978026450
1773245642.356554 -0.008879118 -0.047124539 0.066652529 -0.021772848 -0.208646715 0.042964611 0.976804256
1773245642.395446 -0.008879265 -0.047124591 0.066652492 -0.021265091 -0.214391321 0.043446317 0.975549400
1773245642.424693 -0.008879459 -0.047124606 0.066652656 -0.020748777 -0.220136523 0.043925986 0.974258661
1773245642.462403 -0.008879695 -0.047124680 0.066652782 -0.020229850 -0.225876942 0.044405792 0.972932935
1773245642.489834 -0.008879757 -0.047124688 0.066652775 -0.019708298 -0.231612399 0.044884920 0.971572220
1773245642.534311 -0.008880008 -0.047124691 0.066652812 -0.018701818 -0.237333626 0.045262758 0.970192909
1773245642.557790 -0.008880129 -0.047124721 0.066652745 -0.018179709 -0.243060470 0.045738921 0.968761623
1773245642.591469 -0.008880360 -0.047124740 0.066652916 -0.017654372 -0.248781502 0.046215534 0.967295289
1773245642.631584 -0.008880431 -0.047124751 0.066652887 -0.017123809 -0.254492879 0.046689428 0.965795159
1773245642.657820 -0.008880528 -0.047124811 0.066652954 -0.016592287 -0.260198951 0.047163509 0.964259744
1773245642.697520 -0.008880692 -0.047124878 0.066653155 -0.016058274 -0.265897274 0.047635250 0.962689817
1773245642.724302 -0.008880801 -0.047124907 0.066652976 -0.015568656 -0.271904349 0.048200037 0.960990310
1773245642.756149 -0.008880883 -0.047124960 0.066652976 -0.015029810 -0.277586669 0.048669465 0.959349275
1773245642.796335 -0.008880995 -0.047124937 0.066652939 -0.014489361 -0.283261985 0.049137834 0.957673311
1773245642.822690 -0.008881126 -0.047124967 0.066653013 -0.013559511 -0.289044946 0.050053734 0.955909908
1773245642.863716 -0.008881193 -0.047125001 0.066653073 -0.013011822 -0.294705957 0.050516386 0.954163074
1773245642.890549 -0.008881304 -0.047125023 0.066653319 -0.012839943 -0.299897999 0.050432242 0.952550769
1773245642.924158 -0.008881297 -0.047124997 0.066653088 -0.011983558 -0.306134969 0.051207710 0.950534344
1773245642.962723 -0.008881330 -0.047125001 0.066653103 -0.011431440 -0.311767310 0.051668365 0.948683739
1773245642.990787 -0.008881308 -0.047125015 0.066653118 -0.010879131 -0.317390084 0.052128572 0.946798682
1773245643.030785 -0.008881323 -0.047125023 0.066653110 -0.010313002 -0.322845519 0.052735422 0.944925070
1773245643.056597 -0.008881275 -0.047125030 0.066653103 -0.009759231 -0.328445524 0.053193510 0.942973375
1773245643.098921 -0.008881224 -0.047125019 0.066653095 -0.009205081 -0.334032804 0.053650886 0.940988302
1773245643.125370 -0.008881133 -0.047125012 0.066653207 -0.008648767 -0.339573950 0.053937916 0.938991725
1773245643.157004 -0.008881060 -0.047125019 0.066653214 -0.008097702 -0.345133781 0.054393910 0.936940968
1773245643.197366 -0.008880939 -0.047124993 0.066653147 -0.007547871 -0.350712150 0.055019584 0.934835196
1773245643.223079 -0.008880822 -0.047125030 0.066653296 -0.007342841 -0.356429458 0.055371799 0.932651103
1773245643.265409 -0.008880746 -0.047125012 0.066653326 -0.006788841 -0.361944228 0.055827886 0.930501759
1773245643.291432 -0.008880693 -0.047125001 0.066653341 -0.006233924 -0.367442280 0.056282464 0.928320825
1773245643.323637 -0.008880578 -0.047124974 0.066653371 -0.005676184 -0.372921795 0.056734912 0.926109195
1773245643.373143 -0.008880479 -0.047124960 0.066653453 -0.004879561 -0.377897531 0.057147268 0.924069166
1773245643.392057 -0.008880373 -0.047124960 0.066653475 -0.004319017 -0.383342713 0.057594836 0.921798527
1773245643.435867 -0.008880280 -0.047124937 0.066653512 -0.003757215 -0.388772219 0.058041107 0.919496238
1773245643.458185 -0.008880202 -0.047124930 0.066653535 -0.003194198 -0.394186169 0.058485314 0.917162240
1773245643.506825 -0.008880073 -0.047124870 0.066653617 -0.002130096 -0.399620354 0.058929332 0.914782107
1773245643.524247 -0.008880002 -0.047124829 0.066653661 -0.001558600 -0.404994845 0.059364676 0.912388384
1773245643.558284 -0.008879896 -0.047124855 0.066653632 -0.001486658 -0.410314471 0.059802290 0.909979939
1773245643.598514 -0.008879736 -0.047124837 0.066653728 -0.000416064 -0.415694326 0.060230557 0.907507777
1773245643.624996 -0.008879615 -0.047124837 0.066653803 0.000154496 -0.421018779 0.060661372 0.905021191
1773245643.663843 -0.008879486 -0.047124777 0.066653892 0.000620828 -0.426504612 0.061066110 0.902421415
1773245643.691864 -0.008879354 -0.047124755 0.066653937 0.001196586 -0.431793422 0.061490539 0.899873257
1773245643.725335 -0.008879229 -0.047124729 0.066653997 0.001772211 -0.437064856 0.061911438 0.897294879
1773245643.765734 -0.008879092 -0.047124717 0.066654034 0.002346672 -0.442318231 0.062329318 0.894686639
1773245643.792105 -0.008878997 -0.047124714 0.066654123 0.002919548 -0.447554648 0.062744141 0.892047942
1773245643.831537 -0.008878918 -0.047124699 0.066654183 0.003266183 -0.452430934 0.062987447 0.889566302
1773245643.858500 -0.008878849 -0.047124654 0.066654235 0.003835335 -0.457633168 0.063397743 0.886869729
1773245643.901253 -0.008878764 -0.047124647 0.066654280 0.004403118 -0.462816805 0.063805513 0.884143710
1773245643.925851 -0.008878689 -0.047124647 0.066654317 0.004967868 -0.467981040 0.064212032 0.881388605
1773245643.957582 -0.008878635 -0.047124613 0.066654384 0.005531216 -0.473126620 0.064615741 0.878604233
1773245643.998360 -0.008878559 -0.047124598 0.066654459 0.006010163 -0.478253007 0.065143056 0.875782073
1773245644.023983 -0.008878490 -0.047124576 0.066654533 0.006573153 -0.483361661 0.065541394 0.872939110
1773245644.065255 -0.008878397 -0.047124535 0.066654563 0.007217611 -0.488451749 0.065809742 0.870075762
1773245644.092439 -0.008878311 -0.047124524 0.066654675 0.007695818 -0.493521839 0.066331126 0.867166162
1773245644.125270 -0.008878184 -0.047124516 0.066654757 0.008254704 -0.498573244 0.066723265 0.864236414
1773245644.164837 -0.008878078 -0.047124468 0.066654891 0.008749600 -0.503529012 0.067060120 0.861327410
1773245644.192431 -0.008877952 -0.047124431 0.066654995 0.009306270 -0.508542001 0.067446105 0.858341098
1773245644.231336 -0.008877810 -0.047124401 0.066655114 0.009861273 -0.513535261 0.067828901 0.855326593
1773245644.258453 -0.008877698 -0.047124386 0.066655241 0.010417230 -0.518508554 0.068206370 0.852284133
1773245644.299642 -0.008877588 -0.047124326 0.066655375 0.010974453 -0.523461759 0.068579659 0.849213839
1773245644.326586 -0.008877488 -0.047124296 0.066655539 0.011892898 -0.528317094 0.068783469 0.846172810
1773245644.358802 -0.008877393 -0.047124252 0.066655636 0.012448827 -0.533231616 0.069147579 0.843046665
1773245644.399598 -0.008877294 -0.047124237 0.066655770 0.013003500 -0.538126171 0.069508232 0.839892685
1773245644.425507 -0.008877236 -0.047124229 0.066655904 0.013555352 -0.543000460 0.069865704 0.836711168
1773245644.466321 -0.008877192 -0.047124166 0.066656023 0.014105516 -0.547854364 0.070219420 0.833502173
1773245644.491514 -0.008877104 -0.047124144 0.066656150 0.014674184 -0.552814484 0.070441492 0.830192029
1773245644.526843 -0.008877084 -0.047124125 0.066656254 0.015220867 -0.557627678 0.070788085 0.826927245
1773245644.565313 -0.008877061 -0.047124110 0.066656373 0.015766343 -0.562420428 0.071132071 0.823635161
1773245644.593338 -0.008877035 -0.047124103 0.066656463 0.016309945 -0.567193091 0.071474947 0.820315361
1773245644.631530 -0.008877067 -0.047124099 0.066656590 0.016850891 -0.571945369 0.071816452 0.816968083
1773245644.658137 -0.008877106 -0.047124080 0.066656709 0.016782951 -0.576732695 0.072616078 0.813526034
1773245644.693085 -0.008877141 -0.047124099 0.066656820 0.017320765 -0.581443727 0.072957985 0.810123622
1773245644.734497 -0.008877154 -0.047124088 0.066656888 0.017854210 -0.586134732 0.073298812 0.806693614
1773245644.758947 -0.008877216 -0.047124084 0.066656977 0.018383602 -0.590805173 0.073638350 0.803236365
1773245644.799263 -0.008877223 -0.047124069 0.066657081 0.018908359 -0.595454633 0.073976837 0.799752295
1773245644.825160 -0.008877302 -0.047124043 0.066657208 0.019043839 -0.600223362 0.074521266 0.796125472
1773245644.865955 -0.008877344 -0.047124054 0.066657305 0.019556189 -0.604830384 0.074862324 0.792586505
1773245644.893090 -0.008877378 -0.047124039 0.066657417 0.020066224 -0.609416425 0.075201333 0.789020777
1773245644.927930 -0.008877400 -0.047124021 0.066657558 0.020570127 -0.613980472 0.075540498 0.785428882
1773245644.970956 -0.008877419 -0.047123995 0.066657707 0.021065446 -0.618521571 0.075881884 0.781811535
1773245644.992047 -0.008877425 -0.047123961 0.066657871 0.021556212 -0.623040557 0.076222412 0.778168321
1773245645.033295 -0.008877464 -0.047123943 0.066658080 0.021849953 -0.627475262 0.076488227 0.774562418
1773245645.059164 -0.008877477 -0.047123935 0.066658229 0.022334624 -0.631949723 0.076825790 0.770868659
1773245645.092860 -0.008877516 -0.047123890 0.066658393 0.022815425 -0.636401236 0.077162072 0.767149925
1773245645.139170 -0.008877570 -0.047123872 0.066658549 0.023293510 -0.640829384 0.077496685 0.763406396
1773245645.160064 -0.008877562 -0.047123861 0.066658735 0.023769816 -0.645234406 0.077829413 0.759638190
1773245645.199547 -0.008877523 -0.047123790 0.066658981 0.024211498 -0.649504066 0.078254387 0.755932868
1773245645.227718 -0.008877522 -0.047123753 0.066659167 0.024682125 -0.653863132 0.078586377 0.752115667
1773245645.268046 -0.008877583 -0.047123745 0.066659354 0.025149845 -0.658199191 0.078916810 0.748273611
1773245645.296326 -0.008877588 -0.047123738 0.066659547 0.025614873 -0.662511706 0.079246491 0.744407237
1773245645.327842 -0.008877601 -0.047123685 0.066659741 0.026078422 -0.666800678 0.079574339 0.740516543
1773245645.366666 -0.008877635 -0.047123641 0.066659950 0.026553219 -0.671124279 0.080044605 0.736532390
1773245645.392649 -0.008877682 -0.047123611 0.066660151 0.027013406 -0.675365031 0.080369070 0.732593477
1773245645.433456 -0.008877682 -0.047123589 0.066660345 0.027471198 -0.679582059 0.080691360 0.728630602
1773245645.460726 -0.008877780 -0.047123581 0.066660523 0.027926860 -0.683774531 0.081011645 0.724644423
1773245645.493328 -0.008877774 -0.047123563 0.066660725 0.028380293 -0.687942982 0.081329904 0.720634758
1773245645.537853 -0.008877827 -0.047123540 0.066660948 0.028752761 -0.692008317 0.081686310 0.716676474
1773245645.559752 -0.008877900 -0.047123548 0.066661149 0.029202465 -0.696127892 0.082002141 0.712621093
1773245645.600304 -0.008877968 -0.047123499 0.066661328 0.029649114 -0.700222790 0.082317747 0.708542705
1773245645.627623 -0.008878019 -0.047123481 0.066661522 0.030093305 -0.704292655 0.082632154 0.704441726
1773245645.667853 -0.008878060 -0.047123473 0.066661701 0.030535232 -0.708337486 0.082945183 0.700318336
1773245645.694284 -0.008878137 -0.047123425 0.066661879 0.031230496 -0.712127090 0.083145171 0.696409702
1773245645.727362 -0.008878221 -0.047123425 0.066662073 0.031667400 -0.716122925 0.083453611 0.692243218
1773245645.769312 -0.008878269 -0.047123395 0.066662252 0.032103006 -0.720093369 0.083759464 0.688054740
1773245645.795489 -0.008878332 -0.047123387 0.066662438 0.032536343 -0.724038184 0.084063284 0.683844626
1773245645.833802 -0.008878468 -0.047123358 0.066662617 0.032967955 -0.727957487 0.084364809 0.679612875
1773245645.859778 -0.008878523 -0.047123373 0.066662788 0.033225432 -0.731841743 0.084682718 0.675375819
1773245645.893932 -0.008878624 -0.047123346 0.066662967 0.033654794 -0.735710144 0.084979266 0.671100914
1773245645.933028 -0.008878734 -0.047123335 0.066663131 0.034081921 -0.739553034 0.085273936 0.666804373
1773245645.960848 -0.008878857 -0.047123328 0.066663295 0.034506641 -0.743370473 0.085566439 0.662486315
1773245646.001804 -0.008878991 -0.047123328 0.066663444 0.034930356 -0.747162223 0.085855678 0.658146858
1773245646.027845 -0.008879024 -0.047123294 0.066663660 0.035390329 -0.750903666 0.086078882 0.653820932
1773245646.061634 -0.008879153 -0.047123283 0.066663802 0.035811830 -0.754644275 0.086362258 0.649439096
1773245646.100873 -0.008879270 -0.047123268 0.066663966 0.036232866 -0.758359432 0.086642578 0.645035923
1773245646.126682 -0.008879369 -0.047123268 0.066664122 0.036653481 -0.762048483 0.086920112 0.640611887
1773245646.167182 -0.008879453 -0.047123253 0.066664301 0.037074897 -0.765711427 0.087193742 0.636167228
1773245646.194613 -0.008879641 -0.047123238 0.066664413 0.037495721 -0.769348204 0.087464467 0.631702006
1773245646.236141 -0.008879764 -0.047123212 0.066664554 0.038022052 -0.772973299 0.087670252 0.627200425
1773245646.261238 -0.008879890 -0.047123209 0.066664718 0.038441852 -0.776557744 0.087933369 0.622694135
1773245646.294845 -0.008880045 -0.047123190 0.066664860 0.038860429 -0.780115485 0.088193804 0.618167758
1773245646.333378 -0.008880179 -0.047123164 0.066664986 0.039277975 -0.783646822 0.088451050 0.613621414
1773245646.360193 -0.008880324 -0.047123171 0.066665128 0.039694391 -0.787151396 0.088705495 0.609055221
1773245646.401533 -0.008880484 -0.047123160 0.066665232 0.040254526 -0.790656447 0.088913947 0.604430497
1773245646.428371 -0.008880645 -0.047123171 0.066665351 0.040667128 -0.794107556 0.089161985 0.599824548
1773245646.462089 -0.008880794 -0.047123153 0.066665471 0.041078139 -0.797531784 0.089407496 0.595199108
1773245646.500377 -0.008880964 -0.047123153 0.066665590 0.041487202 -0.800928950 0.089650415 0.590554357
1773245646.529014 -0.008881085 -0.047123145 0.066665716 0.041894730 -0.804298997 0.089890666 0.585890353
1773245646.567640 -0.008881208 -0.047123142 0.066665843 0.042112187 -0.807631552 0.090197973 0.581224680
1773245646.595214 -0.008881392 -0.047123134 0.066665933 0.042515237 -0.810947299 0.090435483 0.576522648
1773245646.633785 -0.008881523 -0.047123127 0.066666044 0.043103196 -0.814245999 0.090599403 0.571784317
1773245646.663150 -0.008881705 -0.047123138 0.066666149 0.043315571 -0.817496359 0.090902969 0.567062676
1773245646.694853 -0.008881862 -0.047123123 0.066666231 0.043712530 -0.820729613 0.091132931 0.562304914
1773245646.735684 -0.008881975 -0.047123119 0.066666387 0.044250302 -0.823943675 0.091302872 0.557514548
1773245646.761258 -0.008882126 -0.047123130 0.066666469 0.044414796 -0.827107072 0.091566280 0.552753925
1773245646.801943 -0.008882280 -0.047123116 0.066666558 0.044805292 -0.830257416 0.091789357 0.547941506
1773245646.828525 -0.008882411 -0.047123130 0.066666678 0.045193858 -0.833379745 0.092009909 0.543111324
1773245646.861724 -0.008882584 -0.047123142 0.066666745 0.045580622 -0.836474121 0.092227489 0.538263500
1773245646.900708 -0.008882752 -0.047123112 0.066666819 0.045965381 -0.839540362 0.092442557 0.533398092
1773245646.929674 -0.008882907 -0.047123119 0.066666916 0.046348576 -0.842578590 0.092655309 0.528515041
1773245646.976908 -0.008883075 -0.047123130 0.066667013 0.046677202 -0.845600247 0.093067974 0.523564458
1773245646.995559 -0.008883210 -0.047123145 0.066667125 0.047058962 -0.848581493 0.093274035 0.518647194
1773245647.033949 -0.008883389 -0.047123145 0.066667199 0.047438785 -0.851534307 0.093477011 0.513712943
1773245647.061979 -0.008883609 -0.047123138 0.066667221 0.047866546 -0.854447842 0.093473464 0.508812726
1773245647.094757 -0.008883722 -0.047123160 0.066667326 0.048193205 -0.857354224 0.093874417 0.503794372
1773245647.135378 -0.008883910 -0.047123134 0.066667393 -0.048567161 0.860221148 -0.094069235 -0.498810381
1773245647.162864 -0.008884073 -0.047123156 0.066667452 -0.049107969 0.863048494 -0.094119154 -0.493839294
1773245647.202197 -0.008884242 -0.047123171 0.066667534 -0.049478251 0.865857899 -0.094307184 -0.488823205
1773245647.229440 -0.008884426 -0.047123160 0.066667601 -0.049846709 0.868638277 -0.094492204 -0.483791322
1773245647.261334 -0.008884567 -0.047123171 0.066667676 -0.050212827 0.871389627 -0.094674885 -0.478743643
1773245647.302891 -0.008884769 -0.047123179 0.066667721 -0.050577208 0.874111712 -0.094854906 -0.473680526
1773245647.328275 -0.008884915 -0.047123179 0.066667780 -0.050939996 0.876804471 -0.095032170 -0.468602121
1773245647.368515 -0.008885061 -0.047123205 0.066667840 -0.051213004 0.879465699 -0.095228292 -0.463517934
1773245647.395638 -0.008885212 -0.047123209 0.066667899 -0.051571783 0.882099748 -0.095400780 -0.458409280
1773245647.441297 -0.008885374 -0.047123216 0.066667967 -0.051928759 0.884704292 -0.095570289 -0.453285813
1773245647.463015 -0.008885538 -0.047123224 0.066668004 -0.052283920 0.887279212 -0.095736817 -0.448147714
1773245647.496499 -0.008885726 -0.047123216 0.066668011 -0.052637350 0.889824569 -0.095900357 -0.442995101
1773245647.536835 -0.008885866 -0.047123231 0.066668116 -0.052989319 0.892340183 -0.096061103 -0.437828064
1773245647.564208 -0.008886002 -0.047123246 0.066668168 -0.053340156 0.894826055 -0.096218377 -0.432646722
1773245647.603101 -0.008886162 -0.047123268 0.066668212 -0.053785078 0.897274077 -0.096358813 -0.427459300
1773245647.630339 -0.008886347 -0.047123253 0.066668220 -0.054133274 0.899700344 -0.096508831 -0.422249854
1773245647.662243 -0.008886497 -0.047123268 0.066668272 -0.054480463 0.902096570 -0.096655570 -0.417026758
1773245647.701926 -0.008886607 -0.047123272 0.066668376 -0.054826487 0.904462636 -0.096799172 -0.411790311
1773245647.729858 -0.008886771 -0.047123283 0.066668421 -0.055171419 0.906798542 -0.096939653 -0.406540573
1773245647.769100 -0.008886920 -0.047123313 0.066668473 -0.055514924 0.909104109 -0.097077265 -0.401277721
1773245647.796309 -0.008887127 -0.047123298 0.066668406 -0.055856675 0.911379337 -0.097211890 -0.396002024
1773245647.837078 -0.008887310 -0.047123332 0.066668414 -0.056132246 0.913626730 -0.097336106 -0.390718639
1773245647.862291 -0.008887490 -0.047123332 0.066668406 -0.056469999 0.915841103 -0.097464368 -0.385417789
1773245647.895200 -0.008887645 -0.047123343 0.066668436 -0.056806270 0.918025017 -0.097589076 -0.380104572
1773245647.935828 -0.008887803 -0.047123358 0.066668443 -0.057140436 0.920178354 -0.097710907 -0.374779105
1773245647.962387 -0.008888008 -0.047123361 0.066668436 -0.057472635 0.922301054 -0.097829483 -0.369441539
1773245648.004467 -0.008888166 -0.047123373 0.066668451 -0.057802543 0.924393117 -0.097945116 -0.364092022
1773245648.030110 -0.008888286 -0.047123395 0.066668481 -0.058131043 0.926454425 -0.098057389 -0.358730763
1773245648.063838 -0.008888505 -0.047123428 0.066668421 -0.058479976 0.928485453 -0.098091982 -0.353373587
1773245648.110200 -0.008888619 -0.047123414 0.066668533 -0.058803208 0.930485249 -0.098197415 -0.347989410
1773245648.131428 -0.008888844 -0.047123432 0.066668414 -0.059102394 0.932453454 -0.098373704 -0.342578530
1773245648.170547 -0.008888980 -0.047123451 0.066668443 -0.059443064 0.934392095 -0.098398119 -0.337187976
1773245648.196882 -0.008889180 -0.047123451 0.066668361 -0.059738427 0.936298132 -0.098566763 -0.331755489
1773245648.236870 -0.008889336 -0.047123455 0.066668361 -0.060053203 0.938173950 -0.098657861 -0.326327920
1773245648.263615 -0.008889491 -0.047123469 0.066668361 -0.060325578 0.940006018 -0.098816372 -0.320912451
1773245648.297127 -0.008889653 -0.047123481 0.066668339 -0.060637087 0.941819489 -0.098901138 -0.315464288
1773245648.335743 -0.008889798 -0.047123495 0.066668347 -0.060946379 0.943601787 -0.098982617 -0.310005963
1773245648.363557 -0.008889928 -0.047123495 0.066668369 -0.061253432 0.945352674 -0.099060781 -0.304537833
1773245648.406753 -0.008890104 -0.047123514 0.066668339 -0.061558161 0.947072208 -0.099135883 -0.299060047
1773245648.429637 -0.008890258 -0.047123518 0.066668287 -0.061860144 0.948760450 -0.099207744 -0.293572456
1773245648.464084 -0.008890424 -0.047123544 0.066668257 -0.062134504 0.950438619 -0.099146567 -0.288054913
1773245648.504490 -0.008890582 -0.047123551 0.066668212 -0.062431470 0.952063859 -0.099211514 -0.282548577
1773245648.530927 -0.008890718 -0.047123563 0.066668198 -0.062726319 0.953657687 -0.099272877 -0.277032971
1773245648.570032 -0.008890877 -0.047123574 0.066668190 -0.063019216 0.955219924 -0.099330269 -0.271508485
1773245648.598138 -0.008891013 -0.047123604 0.066668138 -0.063309930 0.956750631 -0.099383920 -0.265975356
1773245648.631150 -0.008891148 -0.047123618 0.066668108 -0.063669264 0.958245814 -0.099444702 -0.260426462
1773245648.669861 -0.008891277 -0.047123633 0.066668116 -0.063955799 0.959713101 -0.099490948 -0.254876435
1773245648.697751 -0.008891426 -0.047123641 0.066668049 -0.064240217 0.961148560 -0.099534072 -0.249318317
1773245648.736526 -0.008891569 -0.047123663 0.066668011 -0.064522192 0.962552190 -0.099574149 -0.243752226
1773245648.764412 -0.008891707 -0.047123682 0.066667989 -0.064802088 0.963923931 -0.099611066 -0.238178417
1773245648.803922 -0.008891853 -0.047123693 0.066667952 -0.065011978 0.965266883 -0.099640325 -0.232605159
1773245648.831274 -0.008891938 -0.047123697 0.066667929 -0.065312281 0.966557503 -0.099783704 -0.227033198
1773245648.864743 -0.008892072 -0.047123723 0.066667899 -0.065586492 0.967833400 -0.099811479 -0.221437544
1773245648.904009 -0.008892205 -0.047123726 0.066667855 -0.065900862 0.969091058 -0.099727489 -0.215810269
1773245648.930065 -0.008892333 -0.047123749 0.066667847 -0.066170201 0.970302701 -0.099748410 -0.210200936
1773245648.970483 -0.008892460 -0.047123775 0.066667825 -0.066437401 0.971482277 -0.099766120 -0.204585090
1773245648.997577 -0.008892586 -0.047123782 0.066667750 -0.066702358 0.972629726 -0.099780053 -0.198962688
1773245649.031701 -0.008892680 -0.047123786 0.066667750 -0.066918887 0.973741591 -0.099835470 -0.193344489
1773245649.070665 -0.008892795 -0.047123797 0.066667736 -0.067179359 0.974824786 -0.099842906 -0.187709823
1773245649.098105 -0.008892916 -0.047123812 0.066667706 -0.067438021 0.975875735 -0.099846885 -0.182069436
1773245649.138363 -0.008893020 -0.047123823 0.066667669 -0.067694709 0.976894379 -0.099847347 -0.176423520
1773245649.164893 -0.008893131 -0.047123831 0.066667683 -0.067949422 0.977880776 -0.099844575 -0.170772120
1773245649.204967 -0.008893235 -0.047123849 0.066667572 -0.068182051 0.978829026 -0.099859901 -0.165145427
1773245649.231883 -0.008893343 -0.047123872 0.066667527 -0.068432152 0.979750872 -0.099850707 -0.159483790
1773245649.264596 -0.008893443 -0.047123887 0.066667467 -0.068699561 0.980646014 -0.099816456 -0.153787151
1773245649.304407 -0.008893507 -0.047123909 0.066667460 -0.068925805 0.981497645 -0.099821962 -0.148145959
1773245649.330806 -0.008893597 -0.047123916 0.066667393 -0.069188282 0.982327700 -0.099780723 -0.142439961
1773245649.371008 -0.008893679 -0.047123924 0.066667393 -0.069501452 0.983104885 -0.099792689 -0.136805445
1773245649.397909 -0.008893756 -0.047123924 0.066667356 -0.069741465 0.983864903 -0.099765994 -0.131120995
1773245649.431996 -0.008893842 -0.047123939 0.066667303 -0.069979310 0.984592438 -0.099736243 -0.125432596
1773245649.471849 -0.008893917 -0.047123954 0.066667281 -0.070123889 0.985297143 -0.099691160 -0.119724102
1773245649.498786 -0.008893987 -0.047123969 0.066667229 -0.070448615 0.985949993 -0.099667042 -0.114044286
1773245649.538243 -0.008894074 -0.047123976 0.066667184 -0.070666857 0.986584544 -0.099597946 -0.108339161
1773245649.565604 -0.008894145 -0.047123991 0.066667132 -0.070896566 0.987182021 -0.099554874 -0.102636091
1773245649.597485 -0.008894210 -0.047124013 0.066667095 -0.071123980 0.987746954 -0.099508375 -0.096929945
1773245649.641682 -0.008894271 -0.047124017 0.066667028 -0.071348891 0.988279402 -0.099458270 -0.091220915
1773245649.666090 -0.008894324 -0.047124021 0.066666983 -0.071571648 0.988779247 -0.099404693 -0.085509218
1773245649.707341 -0.008894376 -0.047124036 0.066666931 -0.071777359 0.989245057 -0.099370815 -0.079797357
1773245649.732269 -0.008894419 -0.047124058 0.066666879 -0.071995571 0.989679813 -0.099310830 -0.074080512
1773245649.772421 -0.008894451 -0.047124065 0.066666827 -0.072211243 0.990081906 -0.099247292 -0.068361506
1773245649.798133 -0.008894488 -0.047124062 0.066666789 -0.072424218 0.990451515 -0.099180356 -0.062640309
1773245649.831279 -0.008894511 -0.047124073 0.066666752 -0.072648861 0.990789890 -0.099086791 -0.056914795
1773245649.872115 -0.008894515 -0.047124088 0.066666707 -0.072842091 0.991092920 -0.099036448 -0.051192351
1773245649.897914 -0.008894534 -0.047124095 0.066666678 -0.073046982 0.991364658 -0.098959960 -0.045465957
1773245649.938979 -0.008894548 -0.047124088 0.066666648 -0.073193669 0.991613567 -0.098843582 -0.039687414
1773245649.964372 -0.008894552 -0.047124099 0.066666611 -0.073392920 0.991819859 -0.098760851 -0.033958066
1773245649.998999 -0.008894561 -0.047124118 0.066666596 -0.073589519 0.991993487 -0.098674797 -0.028227683
1773245650.040472 -0.008894575 -0.047124110 0.066666543 -0.073783293 0.992134452 -0.098585442 -0.022496313
1773245650.065567 -0.008894583 -0.047124118 0.066666521 -0.073974364 0.992242873 -0.098492913 -0.016764250
1773245650.104552 -0.008894602 -0.047124118 0.066666484 -0.074162796 0.992318571 -0.098397128 -0.011031764
1773245650.132646 -0.008894620 -0.047124133 0.066666447 -0.074378818 0.992361009 -0.098280147 -0.005335242
1773245650.175789 -0.008894634 -0.047124136 0.066666424 -0.074562147 0.992371619 -0.098177522 0.000397161
1773245650.200573 -0.008894646 -0.047124147 0.066666409 -0.074742846 0.992349684 -0.098071396 0.006129432
1773245650.232239 -0.008894660 -0.047124140 0.066666380 -0.074920811 0.992295146 -0.097961895 0.011861396
1773245650.273034 -0.008894657 -0.047124155 0.066666357 -0.075096048 0.992207944 -0.097849220 0.017592827
1773245650.301193 -0.008894671 -0.047124162 0.066666350 -0.075268544 0.992088139 -0.097733110 0.023323717
1773245650.338122 -0.008894654 -0.047124162 0.066666290 -0.075428933 0.991936207 -0.097616784 0.029050974
1773245650.366424 -0.008894640 -0.047124170 0.066666290 -0.075596228 0.991751194 -0.097493798 0.034780499
1773245650.399172 -0.008894630 -0.047124181 0.066666260 -0.075760871 0.991533577 -0.097367242 0.040509429
1773245650.441707 -0.008894616 -0.047124185 0.066666253 -0.075922824 0.991283357 -0.097237088 0.046237506
1773245650.467375 -0.008894579 -0.047124162 0.066666216 -0.076081738 0.991000593 -0.097103514 0.051964406
1773245650.508235 -0.008894548 -0.047124170 0.066666231 -0.076183476 0.990683436 -0.097003244 0.057730347
1773245650.532302 -0.008894529 -0.047124162 0.066666238 -0.076336734 0.990335107 -0.096863531 0.063454144
1773245650.574071 -0.008894512 -0.047124177 0.066666231 -0.076486900 0.989954293 -0.096720770 0.069175988
1773245650.599753 -0.008894504 -0.047124173 0.066666223 -0.076633766 0.989540935 -0.096574791 0.074895397
1773245650.633225 -0.008894494 -0.047124170 0.066666223 -0.076777160 0.989095092 -0.096425392 0.080612302
1773245650.672612 -0.008894471 -0.047124173 0.066666171 -0.076917194 0.988616765 -0.096272603 0.086326629
1773245650.698494 -0.008894468 -0.047124181 0.066666156 -0.077017292 0.988111913 -0.096140556 0.091978997
1773245650.739584 -0.008894447 -0.047124203 0.066666149 -0.077150933 0.987568915 -0.095981389 0.097687803
1773245650.767353 -0.008894430 -0.047124203 0.066666111 -0.077281252 0.986993432 -0.095818773 0.103393756
1773245650.800110 -0.008894416 -0.047124185 0.066666111 -0.077408329 0.986385524 -0.095652521 0.109096691
1773245650.841631 -0.008894404 -0.047124192 0.066666074 -0.077532515 0.985745192 -0.095482707 0.114796355
1773245650.865829 -0.008894356 -0.047124170 0.066666111 -0.077654116 0.985072315 -0.095309556 0.120492294
1773245650.905786 -0.008894321 -0.047124173 0.066666082 -0.077914707 0.984368920 -0.095169589 0.126054987
1773245650.934095 -0.008894289 -0.047124181 0.066666082 -0.078032210 0.983631909 -0.094989121 0.131743535
1773245650.973044 -0.008894258 -0.047124173 0.066666067 -0.078147128 0.982862413 -0.094805457 0.137428075
1773245651.000906 -0.008894213 -0.047124166 0.066666082 -0.078259796 0.982060432 -0.094618812 0.143108472
1773245651.033654 -0.008894179 -0.047124181 0.066666059 -0.078369729 0.981226027 -0.094429158 0.148784295
1773245651.080510 -0.008894114 -0.047124170 0.066666082 -0.078494690 0.980324388 -0.094181143 0.154701754
1773245651.101207 -0.008894087 -0.047124166 0.066666096 -0.078598559 0.979424000 -0.093985386 0.160367310
1773245651.140669 -0.008894067 -0.047124155 0.066666104 -0.078699797 0.978491306 -0.093786545 0.166027546
1773245651.167132 -0.008894026 -0.047124140 0.066666089 -0.078798272 0.977526367 -0.093584597 0.171682537
1773245651.199953 -0.008894010 -0.047124140 0.066666089 -0.078893892 0.976529300 -0.093379423 0.177331805
1773245651.243344 -0.008893955 -0.047124147 0.066666096 -0.078870751 0.975493908 -0.093185775 0.183050573
1773245651.268121 -0.008893932 -0.047124140 0.066666096 -0.078960530 0.974432170 -0.092974700 0.188687459
1773245651.306315 -0.008893905 -0.047124133 0.066666096 -0.079047620 0.973338366 -0.092760444 0.194317818
1773245651.333290 -0.008893890 -0.047124140 0.066666126 -0.079132244 0.972212553 -0.092542827 0.199941590
1773245651.374701 -0.008893874 -0.047124125 0.066666096 -0.079214476 0.971054852 -0.092322059 0.205558166
1773245651.400667 -0.008893827 -0.047124140 0.066666082 -0.079335295 0.969882488 -0.092073150 0.211083889
1773245651.433949 -0.008893812 -0.047124133 0.066666096 -0.079412766 0.968661487 -0.091845736 0.216686174
1773245651.474600 -0.008893784 -0.047124133 0.066666082 -0.079487793 0.967408717 -0.091614909 0.222280905
1773245651.501202 -0.008893760 -0.047124133 0.066666074 -0.079559982 0.966124177 -0.091380678 0.227868021
1773245651.539685 -0.008893715 -0.047124133 0.066666052 -0.079629481 0.964807987 -0.091143169 0.233447194
1773245651.568369 -0.008893697 -0.047124140 0.066666067 -0.079696231 0.963460267 -0.090902440 0.239018053
1773245651.600727 -0.008893669 -0.047124121 0.066666082 -0.079764992 0.962089717 -0.090671435 0.244539484
1773245651.640330 -0.008893657 -0.047124118 0.066666082 -0.079826020 0.960679293 -0.090424038 0.250093222
1773245651.667855 -0.008893646 -0.047124121 0.066666089 -0.079884075 0.959237397 -0.090173483 0.255638272
1773245651.706701 -0.008893620 -0.047124125 0.066666074 -0.079934053 0.957754791 -0.089906767 0.261214763
1773245651.734014 -0.008893590 -0.047124114 0.066666082 -0.079933211 0.956268132 -0.089587837 0.266713291
1773245651.772800 -0.008893579 -0.047124125 0.066666067 -0.079982206 0.954732299 -0.089328103 0.272230744
1773245651.800615 -0.008893572 -0.047124114 0.066666067 -0.080028474 0.953165174 -0.089065515 0.277739018
1773245651.834404 -0.008893557 -0.047124114 0.066666082 -0.080034643 0.951588452 -0.088863425 0.283155829
1773245651.872871 -0.008893548 -0.047124106 0.066666067 -0.080075778 0.949959278 -0.088595301 0.288645208
1773245651.902479 -0.008893536 -0.047124106 0.066666067 -0.080114156 0.948299050 -0.088324361 0.294124901
1773245651.940087 -0.008893533 -0.047124114 0.066666119 -0.080212466 0.946626723 -0.088067688 0.299512655
1773245651.968546 -0.008893549 -0.047124140 0.066666171 -0.080244958 0.944905639 -0.087789662 0.304970562
1773245652.001726 -0.008893531 -0.047124129 0.066666171 -0.080211207 0.943134129 -0.087491609 0.310498655
1773245652.041347 -0.008893516 -0.047124125 0.066666171 -0.080410607 0.941326201 -0.087011062 0.316019356
1773245652.067086 -0.008893497 -0.047124103 0.066666178 -0.080432750 0.939512372 -0.086722426 0.321444124
1773245652.108964 -0.008893501 -0.047124118 0.066666178 -0.080451787 0.937668025 -0.086430542 0.326857597
1773245652.135146 -0.008893490 -0.047124118 0.066666186 -0.080467686 0.935793638 -0.086135201 0.332258970
1773245652.168514 -0.008893479 -0.047124121 0.066666201 -0.080473356 0.933896422 -0.085835658 0.337629557
1773245652.206496 -0.008893460 -0.047124118 0.066666186 -0.080483444 0.931961596 -0.085533589 0.343007296
1773245652.235198 -0.008893440 -0.047124103 0.066666171 -0.080490805 0.929996431 -0.085228816 0.348373353
1773245652.274951 -0.008893436 -0.047124114 0.066666178 -0.080542333 0.928004205 -0.084951684 0.353700966
1773245652.301932 -0.008893423 -0.047124103 0.066666193 -0.080544174 0.925978780 -0.084640823 0.359043002
1773245652.341659 -0.008893453 -0.047124129 0.066666245 -0.080496028 0.923919618 -0.084297255 0.364399374
1773245652.369090 -0.008893389 -0.047124114 0.066666178 -0.080661744 0.921898007 -0.084248960 0.369458914
1773245652.401396 -0.008893361 -0.047124118 0.066666156 -0.080656573 0.919783354 -0.083929032 0.374765217
1773245652.445465 -0.008893389 -0.047124103 0.066666238 -0.080522500 0.917575598 -0.083367303 0.380290747
1773245652.469160 -0.008893333 -0.047124114 0.066666216 -0.080691293 0.915427089 -0.083129868 0.385449797
1773245652.508535 -0.008893309 -0.047124103 0.066666216 -0.080677249 0.913221896 -0.082801364 0.390718371
1773245652.535129 -0.008893277 -0.047124084 0.066666201 -0.080660306 0.910986960 -0.082470119 0.395973891
1773245652.568364 -0.008893281 -0.047124095 0.066666253 -0.080416009 0.908683062 -0.082034558 0.401370972
1773245652.608911 -0.008893244 -0.047124088 0.066666253 -0.080109075 0.906427860 -0.082017049 0.406502545
1773245652.634746 -0.008893231 -0.047124103 0.066666290 -0.080085203 0.904102981 -0.081680544 0.411718905
1773245652.674562 -0.008893196 -0.047124092 0.066666305 -0.080058724 0.901748419 -0.081341654 0.416921973
1773245652.700895 -0.008893166 -0.047124092 0.066666320 -0.080029562 0.899364233 -0.081000395 0.422111601
1773245652.741920 -0.008893181 -0.047124099 0.066666365 -0.079986721 0.896940053 -0.080634467 0.427315772
1773245652.767591 -0.008893140 -0.047124099 0.066666365 -0.079951167 0.894496739 -0.080288112 0.432477981
1773245652.802403 -0.008893121 -0.047124095 0.066666394 -0.079912290 0.892024100 -0.079939403 0.437626183
1773245652.841293 -0.008893084 -0.047124110 0.066666432 -0.079870157 0.889522076 -0.079588190 0.442760646
1773245652.871676 -0.008893061 -0.047124099 0.066666469 -0.079824865 0.886990607 -0.079234689 0.447881103
1773245652.909430 -0.008893058 -0.047124080 0.066666529 -0.079799555 0.884420991 -0.079075575 0.452966362
1773245652.936336 -0.008893017 -0.047124084 0.066666558 -0.079748921 0.881831288 -0.078717314 0.458058149
1773245652.968663 -0.008892998 -0.047124080 0.066666581 -0.079695337 0.879212439 -0.078356750 0.463135332
1773245653.008119 -0.008892987 -0.047124088 0.066666611 -0.079638258 0.876564682 -0.077993944 0.468197703
1773245653.034975 -0.008892966 -0.047124095 0.066666625 -0.079577945 0.873887956 -0.077628881 0.473245025
1773245653.075312 -0.008892942 -0.047124092 0.066666648 -0.079571106 0.871145070 -0.077242777 0.478339076
1773245653.101499 -0.008892935 -0.047124099 0.066666655 -0.079504348 0.868410826 -0.076872602 0.483355284
1773245653.142119 -0.008892911 -0.047124099 0.066666670 -0.079434879 0.865647972 -0.076499991 0.488355875
1773245653.169857 -0.008892899 -0.047124095 0.066666670 -0.079362333 0.862856627 -0.076125018 0.493340641
1773245653.203061 -0.008892894 -0.047124099 0.066666670 -0.079286203 0.860037029 -0.075747699 0.498309404
1773245653.242171 -0.008892875 -0.047124110 0.066666648 -0.079197876 0.857213199 -0.075253114 0.503239632
1773245653.271340 -0.008892866 -0.047124114 0.066666625 -0.079114549 0.854337394 -0.074871071 0.508175910
1773245653.308364 -0.008892870 -0.047124125 0.066666596 -0.079027884 0.851433635 -0.074486561 0.513095438
1773245653.336568 -0.008892840 -0.047124125 0.066666573 -0.078937866 0.848502159 -0.074099623 0.517998099
1773245653.370676 -0.008892855 -0.047124144 0.066666558 -0.078850970 0.845495343 -0.073649801 0.522968233
1773245653.409125 -0.008892860 -0.047124125 0.066666514 -0.078754008 0.842508376 -0.073257923 0.527835906
1773245653.436009 -0.008892858 -0.047124140 0.066666476 -0.078653671 0.839494050 -0.072863579 0.532685935
1773245653.476955 -0.008892853 -0.047124151 0.066666424 -0.078524321 0.836471021 -0.072460681 0.537493706
1773245653.502709 -0.008892851 -0.047124155 0.066666387 -0.078417763 0.833402574 -0.072061524 0.542307854
1773245653.542630 -0.008892851 -0.047124170 0.066666357 -0.078308284 0.830307126 -0.071659900 0.547103882
1773245653.569157 -0.008892857 -0.047124170 0.066666313 -0.078195855 0.827184856 -0.071255803 0.551881492
1773245653.602255 -0.008892851 -0.047124177 0.066666253 -0.078057051 0.824065626 -0.070814177 0.556604266
1773245653.643840 -0.008892855 -0.047124188 0.066666216 -0.077938542 0.820890188 -0.070405208 0.561344922
1773245653.669589 -0.008892853 -0.047124200 0.066666171 -0.077817313 0.817688048 -0.069993675 0.566066682
1773245653.710086 -0.008892843 -0.047124196 0.066666134 -0.077693127 0.814459801 -0.069579557 0.570769370
1773245653.736589 -0.008892847 -0.047124200 0.066666082 -0.077633679 0.811237156 -0.069137596 0.575401843
1773245653.769504 -0.008892847 -0.047124214 0.066666037 -0.077503614 0.807956636 -0.068718150 0.580066502
1773245653.808753 -0.008892842 -0.047124214 0.066666014 -0.077370629 0.804650009 -0.068296097 0.584711730
1773245653.836228 -0.008892829 -0.047124222 0.066665985 -0.077234849 0.801317453 -0.067871429 0.589337409
1773245653.875949 -0.008892829 -0.047124229 0.066665940 -0.077048257 0.797969580 -0.067375988 0.593943298
1773245653.903200 -0.008892821 -0.047124241 0.066665910 -0.076906398 0.794585347 -0.066946380 0.598529637
1773245653.942618 -0.008892793 -0.047124252 0.066665903 -0.076761715 0.791175663 -0.066514157 0.603095889
1773245653.969716 -0.008892790 -0.047124263 0.066665858 -0.076614082 0.787740469 -0.066079237 0.607641995
1773245654.004279 -0.008892803 -0.047124259 0.066665806 -0.076354228 0.784305453 -0.065593064 0.612154007
1773245654.043604 -0.008892801 -0.047124270 0.066665761 -0.076200560 0.780819654 -0.065153666 0.616659641
1773245654.069758 -0.008892788 -0.047124285 0.066665731 -0.076044142 0.777308702 -0.064711809 0.621144891
1773245654.110750 -0.008892791 -0.047124289 0.066665664 -0.075884871 0.773772657 -0.064267442 0.625609398
1773245654.136491 -0.008892777 -0.047124293 0.066665612 -0.075722747 0.770211756 -0.063820511 0.630053103
1773245654.171037 -0.008892762 -0.047124300 0.066665553 -0.075561047 0.766641676 -0.063368484 0.634456873
1773245654.210638 -0.008892762 -0.047124308 0.066665493 -0.075393319 0.763031423 -0.062916480 0.638858676
1773245654.236886 -0.008892745 -0.047124323 0.066665448 -0.075222895 0.759396672 -0.062462069 0.643239260
1773245654.277936 -0.008892749 -0.047124337 0.066665381 -0.075049773 0.755737484 -0.062005199 0.647598445
1773245654.304143 -0.008892720 -0.047124334 0.066665336 -0.074873820 0.752054095 -0.061545797 0.651936173
1773245654.344435 -0.008892722 -0.047124349 0.066665255 -0.074725561 0.748366296 -0.061046209 0.656229675
1773245654.370358 -0.008892704 -0.047124360 0.066665202 -0.074543849 0.744634688 -0.060581673 0.660524249
1773245654.404047 -0.008892694 -0.047124378 0.066665128 -0.074359521 0.740879118 -0.060114920 0.664796948
1773245654.442714 -0.008892680 -0.047124378 0.066665061 -0.074172556 0.737099767 -0.059645884 0.669047594
1773245654.471410 -0.008892663 -0.047124382 0.066664986 -0.073982999 0.733296752 -0.059174519 0.673276186
1773245654.510110 -0.008892641 -0.047124382 0.066664897 -0.073778436 0.729475319 -0.058686107 0.677479446
1773245654.537458 -0.008892620 -0.047124404 0.066664800 -0.073583752 0.725625038 -0.058210365 0.681663513
1773245654.571203 -0.008892587 -0.047124404 0.066664733 -0.073386453 0.721751451 -0.057732392 0.685825169
1773245654.610482 -0.008892564 -0.047124419 0.066664658 -0.073186629 0.717854559 -0.057252195 0.689964294
1773245654.638571 -0.008892534 -0.047124431 0.066664599 -0.072984226 0.713934422 -0.056769747 0.694080770
1773245654.677207 -0.008892513 -0.047124442 0.066664532 -0.072791278 0.710009336 -0.056237917 0.698158622
1773245654.704097 -0.008892477 -0.047124438 0.066664450 -0.072583519 0.706043422 -0.055751100 0.702229321
1773245654.736708 -0.008892441 -0.047124445 0.066664390 -0.072373301 0.702054977 -0.055262197 0.706276834
1773245654.776014 -0.008892399 -0.047124449 0.066664308 -0.072160557 0.698043883 -0.054771259 0.710301101
1773245654.804836 -0.008892349 -0.047124472 0.066664234 -0.071945310 0.694010377 -0.054278336 0.714302003
1773245654.842696 -0.008892342 -0.047124472 0.066664159 -0.071733616 0.689958990 -0.053765539 0.718275845
1773245654.871873 -0.008892287 -0.047124486 0.066664077 -0.071513399 0.685880899 -0.053268753 0.722229660
1773245654.911169 -0.008892228 -0.047124475 0.066663988 -0.071290717 0.681780756 -0.052770089 0.726159751
1773245654.936880 -0.008892182 -0.047124483 0.066663906 -0.071065441 0.677658617 -0.052269362 0.730066061
1773245654.971378 -0.008892126 -0.047124490 0.066663831 -0.070837766 0.673514605 -0.051766794 0.733948469
1773245655.011191 -0.008892080 -0.047124486 0.066663742 -0.070602290 0.669370711 -0.051303159 0.737784564
1773245655.038065 -0.008892018 -0.047124486 0.066663668 -0.070369817 0.665183604 -0.050796874 0.741618812
1773245655.077925 -0.008891948 -0.047124494 0.066663586 -0.070134796 0.660975158 -0.050288819 0.745428741
1773245655.105467 -0.008891873 -0.047124498 0.066663496 -0.069897272 0.656745255 -0.049778935 0.749214292
1773245655.137734 -0.008891799 -0.047124486 0.066663429 -0.069657274 0.652494252 -0.049267299 0.752975345
1773245655.178287 -0.008891751 -0.047124498 0.066663347 -0.069389693 0.648235083 -0.048737906 0.756704032
1773245655.205205 -0.008891677 -0.047124501 0.066663273 -0.069144778 0.643941998 -0.048223168 0.760415792
1773245655.244138 -0.008891609 -0.047124498 0.066663198 -0.068897381 0.639628232 -0.047706701 0.764102697
1773245655.271710 -0.008891528 -0.047124494 0.066663131 -0.068647414 0.635293841 -0.047188409 0.767764628
1773245655.312025 -0.008891432 -0.047124486 0.066663057 -0.068394922 0.630939066 -0.046668295 0.771401405
1773245655.338955 -0.008891337 -0.047124494 0.066663012 -0.068139978 0.626563907 -0.046146438 0.775012970
1773245655.372592 -0.008891290 -0.047124498 0.066662937 -0.067852981 0.622163653 -0.045599505 0.778607070
1773245655.411280 -0.008891205 -0.047124490 0.066662870 -0.067593060 0.617748201 -0.045074377 0.782167912
1773245655.439517 -0.008891113 -0.047124483 0.066662803 -0.067330733 0.613312721 -0.044547543 0.785703242
1773245655.477556 -0.008891037 -0.047124475 0.066662744 -0.067066014 0.608857632 -0.044018991 0.789212823
1773245655.504722 -0.008890930 -0.047124479 0.066662692 -0.066799037 0.604382753 -0.043489013 0.792696655
1773245655.538245 -0.008890850 -0.047124486 0.066662632 -0.066529892 0.599888444 -0.042957619 0.796154618
1773245655.578360 -0.008890790 -0.047124490 0.066662557 -0.066272505 0.595378697 -0.042463526 0.799580574
1773245655.605988 -0.008890706 -0.047124494 0.066662505 -0.065999225 0.590845823 -0.041929316 0.802986503
1773245655.644783 -0.008890610 -0.047124479 0.066662461 -0.065723732 0.586293876 -0.041393697 0.806366205
1773245655.672481 -0.008890516 -0.047124483 0.066662416 -0.065445893 0.581723094 -0.040856574 0.809719563
1773245655.713127 -0.008890421 -0.047124472 0.066662356 -0.065165699 0.577133656 -0.040317919 0.813046515
1773245655.739307 -0.008890359 -0.047124475 0.066662289 -0.064859889 0.572536647 -0.039744250 0.816342652
1773245655.773044 -0.008890268 -0.047124468 0.066662252 -0.064575054 0.567910135 -0.039202951 0.819616497
1773245655.813895 -0.008890175 -0.047124468 0.066662192 -0.064287908 0.563265443 -0.038660269 0.822863579
1773245655.839354 -0.008890076 -0.047124453 0.066662140 -0.063998260 0.558602691 -0.038115956 0.826083779
1773245655.878850 -0.008889974 -0.047124442 0.066662125 -0.063706286 0.553922057 -0.037570100 0.829277039
1773245655.905769 -0.008889882 -0.047124445 0.066662066 -0.063434139 0.549216270 -0.037048724 0.832445204
1773245655.939494 -0.008889801 -0.047124453 0.066662006 -0.063099898 0.544519603 -0.036459103 0.835576177
1773245655.979528 -0.008889712 -0.047124442 0.066661954 -0.062801011 0.539786041 -0.035909060 0.838688016
1773245656.006677 -0.008889608 -0.047124442 0.066661932 -0.062499769 0.535035133 -0.035357594 0.841772556
1773245656.045056 -0.008889513 -0.047124431 0.066661902 -0.062196326 0.530267119 -0.034804855 0.844829559
1773245656.072685 -0.008889418 -0.047124445 0.066661865 -0.061890740 0.525482059 -0.034250814 0.847859085
1773245656.111938 -0.008889318 -0.047124423 0.066661827 -0.061582819 0.520680130 -0.033695370 0.850860953
1773245656.138265 -0.008889256 -0.047124408 0.066661760 -0.061258897 0.515873313 -0.033081483 0.853831172
1773245656.173630 -0.008889172 -0.047124401 0.066661723 -0.060946107 0.511038184 -0.032523457 0.856777549
1773245656.214839 -0.008889070 -0.047124397 0.066661701 -0.060630880 0.506186664 -0.031964008 0.859696031
1773245656.239250 -0.008888975 -0.047124382 0.066661671 -0.060313273 0.501318932 -0.031403173 0.862586498
1773245656.284478 -0.008888861 -0.047124390 0.066661656 -0.059993364 0.496435106 -0.030841058 0.865448892
1773245656.306156 -0.008888757 -0.047124367 0.066661648 -0.059671175 0.491535366 -0.030277699 0.868283153
1773245656.340064 -0.008888673 -0.047124371 0.066661604 -0.059358157 0.486612707 -0.029743543 0.871091247
1773245656.379131 -0.008888576 -0.047124363 0.066661589 -0.059031818 0.481681526 -0.029177835 0.873868883
1773245656.407551 -0.008888479 -0.047124334 0.066661559 -0.058703344 0.476734906 -0.028611006 0.876618028
1773245656.446519 -0.008888364 -0.047124337 0.066661559 -0.058372885 0.471773028 -0.028043149 0.879338622
1773245656.473888 -0.008888263 -0.047124326 0.066661552 -0.058040503 0.466795981 -0.027474266 0.882030606
1773245656.512563 -0.008888157 -0.047124308 0.066661537 -0.057706032 0.461803913 -0.026904255 0.884693861
1773245656.539225 -0.008888070 -0.047124308 0.066661507 -0.057399329 0.456794173 -0.026368434 0.887326956
1773245656.573890 -0.008887971 -0.047124304 0.066661507 -0.057061054 0.451772630 -0.025796033 0.889932632
1773245656.615220 -0.008887863 -0.047124296 0.066661485 -0.056720678 0.446736693 -0.025222549 0.892509341
1773245656.640334 -0.008887760 -0.047124282 0.066661485 -0.056378182 0.441686481 -0.024647951 0.895056963
1773245656.682364 -0.008887662 -0.047124263 0.066661492 -0.056033667 0.436622202 -0.024072317 0.897575498
1773245656.710025 -0.008887544 -0.047124248 0.066661485 -0.055687077 0.431543946 -0.023495542 0.900064826
1773245656.740061 -0.008887462 -0.047124222 0.066661477 -0.055261586 0.426467806 -0.022846280 0.902523935
1773245656.787313 -0.008887356 -0.047124207 0.066661477 -0.054910265 0.421362162 -0.022267688 0.904954672
1773245656.806531 -0.008887250 -0.047124196 0.066661477 -0.054556645 0.416243106 -0.021687921 0.907355964
1773245656.846205 -0.008887157 -0.047124177 0.066661514 -0.054200817 0.411110789 -0.021107087 0.909727812
1773245656.873638 -0.008887047 -0.047124166 0.066661514 -0.053842817 0.405965388 -0.020525282 0.912070036
1773245656.912813 -0.008886946 -0.047124140 0.066661529 -0.053482741 0.400806993 -0.019942421 0.914382637
1773245656.940696 -0.008886851 -0.047124147 0.066661507 -0.053069055 0.395664275 -0.019264594 0.916658282
1773245656.973104 -0.008886755 -0.047124118 0.066661522 -0.052704621 0.390480518 -0.018680193 0.918911457
1773245657.013552 -0.008886648 -0.047124110 0.066661552 -0.052338324 0.385284245 -0.018095048 0.921134830
1773245657.041287 -0.008886555 -0.047124103 0.066661566 -0.051969994 0.380075663 -0.017509107 0.923328221
1773245657.079388 -0.008886464 -0.047124084 0.066661581 -0.051599678 0.374854863 -0.016922494 0.925491691
1773245657.107111 -0.008886345 -0.047124077 0.066661626 -0.051227398 0.369622171 -0.016335130 0.927625120
1773245657.140809 -0.008886255 -0.047124069 0.066661596 -0.050903257 0.364365935 -0.015780084 0.929729700
1773245657.180626 -0.008886170 -0.047124058 0.066661604 -0.050527517 0.359109670 -0.015191063 0.931802809
1773245657.206944 -0.008886073 -0.047124043 0.066661641 -0.050150003 0.353841931 -0.014601484 0.933845639
1773245657.247015 -0.008885976 -0.047124024 0.066661648 -0.049770821 0.348562837 -0.014011498 0.935858190
1773245657.275073 -0.008885887 -0.047124006 0.066661686 -0.049389958 0.343272626 -0.013421183 0.937840283
1773245657.313059 -0.008885788 -0.047123998 0.066661716 -0.049007341 0.337971389 -0.012830443 0.939791977
1773245657.339507 -0.008885700 -0.047123998 0.066661686 -0.048643205 0.332668811 -0.012296330 0.941708088
1773245657.373264 -0.008885613 -0.047123972 0.066661716 -0.048257612 0.327346265 -0.011704788 0.943598747
1773245657.413599 -0.008885514 -0.047123961 0.066661760 -0.047870450 0.322013259 -0.011112911 0.945458829
1773245657.441696 -0.008885425 -0.047123946 0.066661805 -0.047481708 0.316670030 -0.010520745 0.947288156
1773245657.480109 -0.008885337 -0.047123931 0.066661835 -0.047091506 0.311316729 -0.009928411 0.949086785
1773245657.508379 -0.008885244 -0.047123924 0.066661879 -0.046699803 0.305953443 -0.009335983 0.950854599
1773245657.540174 -0.008885153 -0.047123913 0.066661857 -0.046335738 0.300560206 -0.008820650 0.952595770
1773245657.580545 -0.008885076 -0.047123902 0.066661909 -0.045941532 0.295177698 -0.008227706 0.954301775
1773245657.607099 -0.008884979 -0.047123879 0.066661932 -0.045545798 0.289785802 -0.007634622 0.955976725
1773245657.647251 -0.008884909 -0.047123846 0.066661991 -0.045148801 0.284384757 -0.007041421 0.957620680
1773245657.674844 -0.008884808 -0.047123842 0.066662028 -0.044750616 0.278974563 -0.006448307 0.959233522
1773245657.707930 -0.008884734 -0.047123834 0.066662066 -0.044351239 0.273555517 -0.005855244 0.960815310
1773245657.748272 -0.008884644 -0.047123823 0.066662058 -0.043950565 0.268134952 -0.005261598 0.962363899
1773245657.774670 -0.008884560 -0.047123805 0.066662118 -0.043548446 0.262698799 -0.004668429 0.963883340
1773245657.813828 -0.008884475 -0.047123786 0.066662148 -0.043144949 0.257254243 -0.004075132 0.965371490
1773245657.841784 -0.008884413 -0.047123767 0.066662200 -0.042740300 0.251801491 -0.003481838 0.966828406
1773245657.880933 -0.008884327 -0.047123756 0.066662252 -0.042334497 0.246340662 -0.002888468 0.968253970
1773245657.907990 -0.008884266 -0.047123738 0.066662297 -0.041927479 0.240871951 -0.002295070 0.969648123
1773245657.942145 -0.008884164 -0.047123730 0.066662267 -0.041519061 0.235397354 -0.001689175 0.971010506
1773245657.981006 -0.008884098 -0.047123715 0.066662312 -0.041109603 0.229913473 -0.001095769 0.972341776
1773245658.008668 -0.008884022 -0.047123689 0.066662371 -0.040698864 0.224422276 -0.000502347 0.973641634
1773245658.048337 -0.008883961 -0.047123652 0.066662401 -0.040286910 0.218923986 0.000091015 0.974909842
1773245658.075489 -0.008883886 -0.047123645 0.066662461 -0.039873641 0.213418633 0.000684434 0.976146579
1773245658.109135 -0.008883825 -0.047123618 0.066662505 -0.039459161 0.207906470 0.001277839 0.977351665
1773245658.148009 -0.008883715 -0.047123637 0.066662461 -0.039006434 0.202395290 0.001932062 0.978524864
1773245658.175853 -0.008883655 -0.047123626 0.066662505 -0.038589057 0.196870059 0.002525299 0.979666650
1773245658.214544 -0.008883594 -0.047123604 0.066662557 -0.038170371 0.191338554 0.003118519 0.980776668
1773245658.241282 -0.008883521 -0.047123581 0.066662610 -0.037750416 0.185800925 0.003711672 0.981854916
1773245658.281162 -0.008883471 -0.047123566 0.066662662 -0.037329160 0.180257335 0.004304731 0.982901514
1773245658.308365 -0.008883402 -0.047123540 0.066662721 -0.036906689 0.174708009 0.004897623 0.983916163
1773245658.342332 -0.008883303 -0.047123540 0.066662654 -0.036487427 0.169159859 0.005493028 0.984897673
1773245658.383126 -0.008883240 -0.047123529 0.066662714 -0.036062818 0.163599551 0.006085435 0.985848665
1773245658.409953 -0.008883186 -0.047123503 0.066662766 -0.035637110 0.158034056 0.006677635 0.986767769
1773245658.448235 -0.008883128 -0.047123488 0.066662818 -0.035210237 0.152463585 0.007269623 0.987654924
1773245658.475204 -0.008883078 -0.047123481 0.066662878 -0.034782179 0.146888331 0.007861408 0.988510132
1773245658.507869 -0.008883020 -0.047123462 0.066662937 -0.034353044 0.141308367 0.008452893 0.989333272
1773245658.550625 -0.008882962 -0.047123443 0.066662982 -0.033922847 0.135723948 0.009044105 0.990124464
1773245658.576170 -0.008882840 -0.047123455 0.066662923 -0.033487849 0.130137503 0.009662366 0.990883172
1773245658.614625 -0.008882788 -0.047123440 0.066662982 -0.033055399 0.124544635 0.010252859 0.991610229
1773245658.641808 -0.008882736 -0.047123428 0.066663034 -0.032621887 0.118947834 0.010843012 0.992305219
1773245658.681217 -0.008882690 -0.047123406 0.066663101 -0.032187320 0.113347240 0.011432851 0.992968142
1773245658.708875 -0.008882640 -0.047123395 0.066663153 -0.031751797 0.107743025 0.012022273 0.993598878
1773245658.742610 -0.008882663 -0.047123354 0.066663325 -0.031319924 0.102133036 0.012583914 0.994197905
1773245658.784035 -0.008882476 -0.047123365 0.066663183 -0.030850178 0.096515872 0.013208527 0.994765520
1773245658.808900 -0.008882430 -0.047123354 0.066663235 -0.030411683 0.090901971 0.013796502 0.995299757
1773245658.854719 -0.008882388 -0.047123343 0.066663295 -0.029972199 0.085285246 0.014384035 0.995801806
1773245658.877981 -0.008882345 -0.047123335 0.066663355 -0.029531762 0.079665855 0.014971038 0.996271610
1773245658.911208 -0.008882294 -0.047123305 0.066663384 -0.029090486 0.074044041 0.015557428 0.996709168
1773245658.949080 -0.008882225 -0.047123302 0.066663399 -0.028648319 0.068420023 0.016143398 0.997114539
1773245658.976153 -0.008882132 -0.047123287 0.066663429 -0.028250244 0.062796742 0.016703388 0.997486591
1773245659.014524 -0.008882085 -0.047123283 0.066663474 -0.027806427 0.057168785 0.017288616 0.997827470
1773245659.042941 -0.008882042 -0.047123268 0.066663511 -0.027361656 0.051539078 0.017873278 0.998136044
1773245659.086104 -0.008881996 -0.047123261 0.066663571 -0.026915958 0.045907833 0.018457368 0.998412371
1773245659.109998 -0.008881954 -0.047123250 0.066663608 -0.026469344 0.040275220 0.019040804 0.998656452
1773245659.143000 -0.008881908 -0.047123242 0.066663645 -0.026021855 0.034641400 0.019623565 0.998868227
1773245659.184571 -0.008881822 -0.047123224 0.066663697 -0.025573287 0.029008256 0.020183086 0.999048114
1773245659.209276 -0.008881777 -0.047123216 0.066663742 -0.025124166 0.023372542 0.020764394 0.999195337
1773245659.249523 -0.008881737 -0.047123209 0.066663809 -0.024674220 0.017736139 0.021344913 0.999310255
1773245659.275620 -0.008881696 -0.047123190 0.066663854 -0.024223505 0.012099229 0.021924602 0.999392867
1773245659.311383 -0.008881655 -0.047123183 0.066663913 -0.023772025 0.006461978 0.022503484 0.999443233
1773245659.357161 -0.008881636 -0.047123175 0.066663958 -0.023319164 0.000824840 0.023099430 0.999460816
1773245659.377628 -0.008881547 -0.047123149 0.066664010 -0.022866331 -0.004814632 0.023666289 0.999446750
1773245659.423105 -0.008881508 -0.047123130 0.066664055 -0.022412393 -0.010451656 0.024242576 0.999400198
1773245659.443371 -0.008881466 -0.047123123 0.066664100 -0.021957744 -0.016088285 0.024818016 0.999321282
1773245659.485952 -0.008881427 -0.047123108 0.066664159 -0.021502431 -0.021724334 0.025392490 0.999210179
1773245659.510784 -0.008881390 -0.047123104 0.066664211 -0.021046422 -0.027359607 0.025966050 0.999066710
1773245659.545060 -0.008881319 -0.047123093 0.066664204 -0.020593297 -0.032993983 0.026568636 0.998890102
1773245659.583258 -0.008881279 -0.047123093 0.066664234 -0.020135790 -0.038627144 0.027140303 0.998682082
1773245659.610760 -0.008881243 -0.047123082 0.066664308 -0.019677632 -0.044258993 0.027710967 0.998441815
1773245659.651618 -0.008881206 -0.047123067 0.066664353 -0.019218838 -0.049889341 0.028280593 0.998169243
1773245659.677039 -0.008881170 -0.047123052 0.066664398 -0.018759446 -0.055518027 0.028849123 0.997864485
1773245659.710234 -0.008881113 -0.047123041 0.066664442 -0.018285628 -0.061138999 0.029363535 0.997529626
1773245659.748846 -0.008881077 -0.047123034 0.066664480 -0.017825311 -0.066763803 0.029929807 0.997160494
1773245659.777577 -0.008881043 -0.047123019 0.066664539 -0.017364375 -0.072386369 0.030495048 0.996759117
1773245659.825987 -0.008881011 -0.047123011 0.066664599 -0.016902810 -0.078006528 0.031059247 0.996325552
1773245659.843923 -0.008880975 -0.047122993 0.066664636 -0.016440669 -0.083624087 0.031622298 0.995859802
1773245659.885319 -0.008880926 -0.047123004 0.066664688 -0.015975673 -0.089227200 0.032185055 0.995362997
1773245659.910975 -0.008880895 -0.047122993 0.066664733 -0.015512450 -0.094839059 0.032745875 0.994832933
1773245659.943553 -0.008880867 -0.047122981 0.066664778 -0.015048724 -0.100447796 0.033305597 0.994270861
1773245659.983548 -0.008880836 -0.047122970 0.066664815 -0.014584476 -0.106053226 0.033864211 0.993676603
1773245660.011821 -0.008880808 -0.047122959 0.066664852 -0.014119760 -0.111655198 0.034421660 0.993050277
1773245660.049973 -0.008880772 -0.047122944 0.066664919 -0.013661413 -0.117255777 0.034984503 0.992391288
1773245660.079120 -0.008880747 -0.047122933 0.066664979 -0.013195721 -0.122850247 0.035539623 0.991700828
1773245660.111879 -0.008880721 -0.047122929 0.066665024 -0.012729564 -0.128440648 0.036093578 0.990978360
1773245660.156314 -0.008880703 -0.047122914 0.066665061 -0.012262966 -0.134026855 0.036646303 0.990223944
1773245660.177647 -0.008880679 -0.047122914 0.066665098 -0.011795893 -0.139608636 0.037197806 0.989437521
1773245660.218504 -0.008880649 -0.047122911 0.066665150 -0.011328392 -0.145185843 0.037748016 0.988619149
1773245660.246610 -0.008880615 -0.047122907 0.066665165 -0.010860477 -0.150758743 0.038286477 0.987769186
1773245660.284803 -0.008880593 -0.047122903 0.066665202 -0.010392312 -0.156326294 0.038834073 0.986886978
1773245660.312087 -0.008880575 -0.047122903 0.066665232 -0.009923797 -0.161888748 0.039380327 0.985973001
1773245660.344368 -0.008880560 -0.047122885 0.066665292 -0.009454922 -0.167445943 0.039925236 0.985027075
1773245660.401549 -0.008880545 -0.047122877 0.066665307 -0.008985665 -0.172997639 0.040468808 0.984049439
1773245660.427753 -0.008880523 -0.047122885 0.066665359 -0.008516044 -0.178543672 0.041010983 0.983040035
1773245660.465721 -0.008880517 -0.047122873 0.066665374 -0.008031904 -0.184078142 0.041535657 0.982000768
1773245660.486676 -0.008880502 -0.047122866 0.066665418 -0.007561779 -0.189612404 0.042074885 0.980927944
1773245660.511481 -0.008880481 -0.047122866 0.066665441 -0.007091419 -0.195140466 0.042612676 0.979823470
1773245660.553221 -0.008880468 -0.047122855 0.066665486 -0.006620842 -0.200662196 0.043149009 0.978687406
1773245660.581031 -0.008880449 -0.047122851 0.066665515 -0.006150079 -0.206177384 0.043683857 0.977519691
1773245660.624410 -0.008880448 -0.047122844 0.066665560 -0.005679120 -0.211685866 0.044217296 0.976320446
1773245660.646212 -0.008880427 -0.047122840 0.066665582 -0.005207890 -0.217187375 0.044749331 0.975089729
1773245660.690304 -0.008880412 -0.047122836 0.066665605 -0.004735000 -0.222683698 0.045290593 0.973826587
1773245660.712362 -0.008880405 -0.047122821 0.066665649 -0.004263456 -0.228170887 0.045819655 0.972532988
1773245660.747795 -0.008880399 -0.047122829 0.066665672 -0.003793436 -0.233648747 0.046336498 0.971208930
1773245660.785484 -0.008880388 -0.047122829 0.066665687 -0.003319995 -0.239122689 0.046873342 0.969851613
1773245660.812922 -0.008880382 -0.047122829 0.066665709 -0.002848064 -0.244587019 0.047398068 0.968463957
1773245660.851966 -0.008880366 -0.047122821 0.066665724 -0.002376026 -0.250043392 0.047921296 0.967045069
1773245660.879907 -0.008880369 -0.047122844 0.066665754 -0.001904018 -0.255491644 0.048442900 0.965594947
1773245660.911696 -0.008880356 -0.047122836 0.066665769 -0.001421276 -0.260927647 0.048883129 0.964118838
1773245660.952713 -0.008880354 -0.047122840 0.066665791 -0.000949744 -0.266359180 0.049401306 0.962606549
1773245660.986949 -0.008880353 -0.047122832 0.066665806 -0.000478209 -0.271782041 0.049917862 0.961063206
1773245661.018534 -0.008880347 -0.047122832 0.066665798 -0.000006663 -0.277196079 0.050432820 0.959488869
1773245661.045964 -0.008880343 -0.047122840 0.066665821 0.000464887 -0.282601148 0.050946157 0.957883537
1773245661.086346 -0.008880345 -0.047122836 0.066665821 0.000936375 -0.287997007 0.051457852 0.956247330
1773245661.112321 -0.008880332 -0.047122847 0.066665836 0.001407801 -0.293383509 0.051967956 0.954580247
1773245661.147182 -0.008880334 -0.047122840 0.066665836 0.001883365 -0.298749417 0.052512176 0.952883899
1773245661.189652 -0.008880340 -0.047122829 0.066665851 0.002354847 -0.304116726 0.053019002 0.951155305
1773245661.211364 -0.008880332 -0.047122836 0.066665851 0.002826252 -0.309474140 0.053524226 0.949396074
1773245661.252141 -0.008880332 -0.047122840 0.066665858 0.003297604 -0.314821482 0.054027859 0.947606206
1773245661.279346 -0.008880328 -0.047122840 0.066665873 0.003768831 -0.320158601 0.054529883 0.945785761
1773245661.313266 -0.008880340 -0.047122847 0.066665858 0.004239928 -0.325485349 0.055030297 0.943934858
1773245661.351825 -0.008880336 -0.047122858 0.066665851 0.004704339 -0.330795318 0.055578694 0.942052722
1773245661.379758 -0.008880340 -0.047122858 0.066665858 0.005175381 -0.336100817 0.056075983 0.940140903
1773245661.418922 -0.008880340 -0.047122855 0.066665851 0.005646211 -0.341395408 0.056571651 0.938198745
1773245661.445714 -0.008880360 -0.047122866 0.066665851 0.006116801 -0.346678942 0.057065737 0.936226368
1773245661.485419 -0.008880356 -0.047122870 0.066665836 0.006587113 -0.351951271 0.057558261 0.934223711
1773245661.512152 -0.008880362 -0.047122888 0.066665836 0.007057130 -0.357212245 0.058049228 0.932190895
1773245661.545934 -0.008880377 -0.047122888 0.066665828 0.007526871 -0.362461686 0.058538560 0.930128038
1773245661.585886 -0.008880377 -0.047122873 0.066665813 0.007989090 -0.367710859 0.059042737 0.928029537
1773245661.612140 -0.008880388 -0.047122881 0.066665813 0.008458326 -0.372936636 0.059528932 0.925906599
1773245661.652159 -0.008880395 -0.047122881 0.066665798 0.008934353 -0.378138930 0.059996974 0.923759460
1773245661.680089 -0.008880395 -0.047122892 0.066665776 0.009396049 -0.383351892 0.060496449 0.921571076
1773245661.713766 -0.008880407 -0.047122892 0.066665769 0.009864488 -0.388541043 0.060977768 0.919358611
1773245661.752484 -0.008880408 -0.047122888 0.066665739 0.010332589 -0.393717617 0.061457422 0.917116523
1773245661.779976 -0.008880422 -0.047122892 0.066665724 0.010807752 -0.398870260 0.061920807 0.914850533
1773245661.818688 -0.008880448 -0.047122903 0.066665716 0.011303454 -0.404022455 0.062455364 0.912544489
1773245661.847078 -0.008880455 -0.047122911 0.066665694 0.011770894 -0.409160346 0.062929861 0.910213768
1773245661.885262 -0.008880466 -0.047122914 0.066665687 0.012238020 -0.414285034 0.063402683 0.907853663
1773245661.912314 -0.008880474 -0.047122918 0.066665664 0.012704819 -0.419396341 0.063873857 0.905464232
1773245661.945634 -0.008880489 -0.047122926 0.066665649 0.013171265 -0.424494147 0.064343356 0.903045475
1773245661.986863 -0.008880511 -0.047122937 0.066665620 0.013637325 -0.429578334 0.064811230 0.900597572
1773245662.013820 -0.008880522 -0.047122944 0.066665597 0.014102952 -0.434648573 0.065277413 0.898120582
1773245662.054283 -0.008880544 -0.047122944 0.066665605 0.014538236 -0.439721227 0.065727480 0.895608068
1773245662.080026 -0.008880571 -0.047122963 0.066665582 0.015002850 -0.444763213 0.066190258 0.893073082
1773245662.112407 -0.008880567 -0.047122963 0.066665553 0.015466968 -0.449790895 0.066651210 0.890509129
1773245662.153448 -0.008880582 -0.047122966 0.066665553 0.015930556 -0.454804152 0.067110240 0.887916446
1773245662.181151 -0.008880608 -0.047122963 0.066665538 0.016393645 -0.459802777 0.067567386 0.885295033
1773245662.222742 -0.008880626 -0.047122974 0.066665530 0.016856169 -0.464786559 0.068022646 0.882645011
1773245662.246220 -0.008880623 -0.047122989 0.066665500 0.017318107 -0.469755292 0.068475984 0.879966557
1773245662.286134 -0.008880652 -0.047122981 0.066665478 0.017773960 -0.474697232 0.068947710 0.877264380
1773245662.314010 -0.008880675 -0.047122981 0.066665456 0.018234806 -0.479635566 0.069397442 0.874529123
1773245662.346525 -0.008880675 -0.047123000 0.066665456 0.018700214 -0.484570026 0.069825165 0.871760666
1773245662.387524 -0.008880686 -0.047122993 0.066665426 0.019154511 -0.489465505 0.070291348 0.868973911
1773245662.414167 -0.008880720 -0.047123000 0.066665441 0.019618308 -0.494368553 0.070715196 0.866149068
1773245662.457507 -0.008880716 -0.047123007 0.066665418 0.020076282 -0.499243885 0.071157381 0.863301277
1773245662.480210 -0.008880733 -0.047123015 0.066665411 0.020533551 -0.504103243 0.071597628 0.860425532
1773245662.514288 -0.008880738 -0.047123011 0.066665381 0.020972632 -0.508948207 0.072091021 0.857516646
1773245662.554168 -0.008880761 -0.047123022 0.066665374 0.021428788 -0.513774812 0.072527610 0.854585290
1773245662.581218 -0.008880768 -0.047123022 0.066665366 0.021884209 -0.518584788 0.072962247 0.851626337
1773245662.619667 -0.008880777 -0.047123022 0.066665344 0.022338888 -0.523378074 0.073394872 0.848639846
1773245662.647553 -0.008880766 -0.047123034 0.066665322 0.022792814 -0.528154492 0.073825464 0.845625877
1773245662.686013 -0.008880801 -0.047123034 0.066665322 0.023245987 -0.532913864 0.074254066 0.842584610
1773245662.713558 -0.008880809 -0.047123034 0.066665314 0.023698399 -0.537656009 0.074680619 0.839516044
1773245662.748172 -0.008880820 -0.047123034 0.066665314 0.024150012 -0.542380810 0.075105041 0.836420417
1773245662.787881 -0.008880839 -0.047123041 0.066665292 0.024601394 -0.547070324 0.075570375 0.833305418
1773245662.814537 -0.008880842 -0.047123045 0.066665284 0.025051681 -0.551759958 0.075990610 0.830155909
1773245662.855081 -0.008880857 -0.047123048 0.066665269 0.025501136 -0.556431770 0.076408736 0.826979518
1773245662.880816 -0.008880856 -0.047123045 0.066665262 0.025949748 -0.561085522 0.076824777 0.823776424
1773245662.914895 -0.008880869 -0.047123052 0.066665247 0.026397491 -0.565721095 0.077238783 0.820546746
1773245662.953453 -0.008880883 -0.047123056 0.066665247 0.026844362 -0.570338368 0.077650689 0.817290604
1773245662.980561 -0.008880889 -0.047123052 0.066665217 0.027290329 -0.574937165 0.078060515 0.814007998
1773245663.020921 -0.008880898 -0.047123060 0.066665202 0.027735362 -0.579517305 0.078468449 0.810699105
1773245663.047682 -0.008880906 -0.047123060 0.066665195 0.028182607 -0.584071577 0.078893468 0.807367265
1773245663.088092 -0.008880911 -0.047123052 0.066665187 0.028625844 -0.588614166 0.079297297 0.804006159
1773245663.113568 -0.008880932 -0.047123063 0.066665173 0.029068148 -0.593137741 0.079698898 0.800619006
1773245663.148327 -0.008880928 -0.047123067 0.066665158 0.029509494 -0.597642124 0.080098219 0.797205985
1773245663.189261 -0.008880936 -0.047123071 0.066665150 0.029949874 -0.602127254 0.080495298 0.793767154
1773245663.214755 -0.008880958 -0.047123078 0.066665128 0.030389259 -0.606592894 0.080890067 0.790302694
1773245663.255251 -0.008880978 -0.047123071 0.066665113 0.030827668 -0.611039042 0.081282511 0.786812603
1773245663.282231 -0.008880969 -0.047123078 0.066665068 0.031265054 -0.615465462 0.081672736 0.783297062
1773245663.315305 -0.008880986 -0.047123093 0.066665053 0.031696208 -0.619876564 0.082069419 0.779751897
1773245663.354609 -0.008881003 -0.047123089 0.066665024 0.032131623 -0.624263167 0.082455017 0.776185691
1773245663.382138 -0.008881025 -0.047123104 0.066664986 0.032565985 -0.628629625 0.082838222 0.772594392
1773245663.421622 -0.008881025 -0.047123101 0.066664964 0.032999281 -0.632975817 0.083219014 0.768978059
1773245663.448754 -0.008881042 -0.047123093 0.066664919 0.033431530 -0.637301564 0.083597310 0.765336871
1773245663.488498 -0.008881060 -0.047123112 0.066664889 0.033862729 -0.641606867 0.083973177 0.761670828
1773245663.516216 -0.008881075 -0.047123119 0.066664860 0.034292851 -0.645891488 0.084346585 0.757980108
1773245663.549365 -0.008881072 -0.047123134 0.066664815 0.034721900 -0.650155246 0.084717534 0.754264832
1773245663.587940 -0.008881077 -0.047123145 0.066664770 0.035158429 -0.654400408 0.085051544 0.750526607
1773245663.614954 -0.008881092 -0.047123156 0.066664748 0.035585035 -0.658622265 0.085417323 0.746762574
1773245663.656119 -0.008881092 -0.047123156 0.066664711 0.036010459 -0.662822902 0.085780479 0.742974281
1773245663.682476 -0.008881120 -0.047123164 0.066664688 0.036434673 -0.667002141 0.086140998 0.739161968
1773245663.715542 -0.008881122 -0.047123168 0.066664651 0.036857683 -0.671159983 0.086498931 0.735325634
1773245663.754768 -0.008881120 -0.047123179 0.066664606 0.037279483 -0.675296187 0.086854175 0.731465459
1773245663.782961 -0.008881133 -0.047123175 0.066664577 0.037689932 -0.679414630 0.087198645 0.727579296
1773245663.827777 -0.008881155 -0.047123175 0.066664539 0.038109217 -0.683507144 0.087548539 0.723671794
1773245663.849246 -0.008881163 -0.047123194 0.066664502 0.038527202 -0.687577665 0.087895669 0.719740868
1773245663.889262 -0.008881177 -0.047123201 0.066664442 0.038943943 -0.691626072 0.088240042 0.715786576
1773245663.915457 -0.008881201 -0.047123201 0.066664428 0.039359372 -0.695652127 0.088581726 0.711809158
1773245663.949601 -0.008881202 -0.047123209 0.066664383 0.039767317 -0.699666381 0.088902012 0.707800806
1773245663.988756 -0.008881218 -0.047123212 0.066664353 0.040179916 -0.703647494 0.089238279 0.703777254
1773245664.016434 -0.008881220 -0.047123224 0.066664316 0.040597487 -0.707595348 0.089590497 0.699738681
1773245664.054940 -0.008881236 -0.047123220 0.066664301 0.041000985 -0.711541474 0.089902692 0.695661664
1773245664.082550 -0.008881245 -0.047123212 0.066664256 0.041402359 -0.715451539 0.090245768 0.691571116
1773245664.116703 -0.008881275 -0.047123235 0.066664271 0.041809488 -0.719341099 0.090571210 0.687457085
1773245664.156267 -0.008881271 -0.047123242 0.066664234 0.042215195 -0.723207355 0.090893850 0.683320761
1773245664.182998 -0.008881280 -0.047123242 0.066664241 0.042619474 -0.727050424 0.091213748 0.679162264
1773245664.222324 -0.008881260 -0.047123235 0.066664211 0.043023765 -0.730869651 0.091531910 0.674981833
1773245664.249844 -0.008881265 -0.047123238 0.066664189 0.043425154 -0.734665573 0.091846168 0.670779467
1773245664.288258 -0.008881258 -0.047123246 0.066664174 0.043825150 -0.738437831 0.092157483 0.666555285
1773245664.315367 -0.008881272 -0.047123242 0.066664189 0.044223670 -0.742186308 0.092465885 0.662309468
1773245664.350274 -0.008881269 -0.047123253 0.066664182 0.044620663 -0.745910883 0.092771381 0.658042133
1773245664.389070 -0.008881275 -0.047123246 0.066664174 0.045016635 -0.749610245 0.093070209 0.653755248
1773245664.416132 -0.008881276 -0.047123246 0.066664182 0.045410633 -0.753286541 0.093369849 0.649445415
1773245664.464216 -0.008881267 -0.047123242 0.066664174 0.045803122 -0.756938517 0.093666561 0.645114541
1773245664.508359 -0.008881274 -0.047123238 0.066664189 0.046194021 -0.760565937 0.093960412 0.640762806
1773245664.521274 -0.008881265 -0.047123238 0.066664204 0.046570580 -0.764168918 0.094255589 0.636390507
1773245664.556654 -0.008881258 -0.047123238 0.066664219 0.046958320 -0.767747045 0.094543643 0.631997585
1773245664.582121 -0.008881249 -0.047123235 0.066664226 0.047344401 -0.771300256 0.094828762 0.627584159
1773245664.634226 -0.008881239 -0.047123235 0.066664256 0.047728952 -0.774828494 0.095110908 0.623150527
1773245664.652955 -0.008881204 -0.047123238 0.066664286 0.048114724 -0.778333187 0.095390148 0.618694663
1773245664.689944 -0.008881222 -0.047123231 0.066664316 0.048496068 -0.781811059 0.095666461 0.614221096
1773245664.716393 -0.008881186 -0.047123227 0.066664360 0.048886023 -0.785261750 0.095935702 0.609729886
1773245664.749192 -0.008881192 -0.047123216 0.066664413 0.049253635 -0.788690746 0.096210361 0.605214477
1773245664.789526 -0.008881145 -0.047123194 0.066664450 0.049621515 -0.792089701 0.096469484 0.600687325
1773245664.816486 -0.008881115 -0.047123190 0.066664502 0.049996033 -0.795465529 0.096733972 0.596135437
1773245664.857570 -0.008881113 -0.047123186 0.066664554 0.050368764 -0.798815608 0.096995503 0.591564417
1773245664.884150 -0.008881100 -0.047123186 0.066664621 0.050739858 -0.802139819 0.097254001 0.586974323
1773245664.917051 -0.008881078 -0.047123171 0.066664658 0.051109258 -0.805438042 0.097509488 0.582365274
1773245664.956944 -0.008881064 -0.047123156 0.066664726 0.051512536 -0.808705449 0.097766653 0.577740133
1773245664.983310 -0.008881053 -0.047123145 0.066664793 0.051878616 -0.811951458 0.098015912 0.573093653
1773245665.023309 -0.008881051 -0.047123142 0.066664860 0.052243050 -0.815171182 0.098262072 0.568428755
1773245665.049750 -0.008881042 -0.047123134 0.066664912 0.052605838 -0.818364441 0.098505117 0.563745499
1773245665.082814 -0.008881038 -0.047123119 0.066664971 0.052966982 -0.821531296 0.098745011 0.559044063
1773245665.122013 -0.008881014 -0.047123116 0.066665009 0.053325422 -0.824672520 0.098979585 0.554323554
1773245665.150043 -0.008881019 -0.047123104 0.066665061 0.053683117 -0.827786088 0.099213205 0.549586236
1773245665.189226 -0.008881018 -0.047123112 0.066665113 0.054039195 -0.830872834 0.099443629 0.544831276
1773245665.217408 -0.008881029 -0.047123112 0.066665158 0.054393675 -0.833932519 0.099670827 0.540058851
1773245665.255293 -0.008881047 -0.047123112 0.066665202 0.054747451 -0.836964250 0.099897034 0.535270095
1773245665.282702 -0.008881027 -0.047123101 0.066665225 0.055098586 -0.839969873 0.100117862 0.530463099
1773245665.317450 -0.008881013 -0.047123082 0.066665262 0.055461258 -0.842952847 0.100322679 0.525632918
1773245665.356867 -0.008881032 -0.047123078 0.066665307 0.055809006 -0.845903873 0.100537054 0.520792007
1773245665.383419 -0.008881017 -0.047123071 0.066665336 0.056155037 -0.848827541 0.100748248 0.515934289
1773245665.424059 -0.008881040 -0.047123071 0.066665389 0.056499422 -0.851723790 0.100956254 0.511059940
1773245665.450540 -0.008881045 -0.047123060 0.066665426 0.056842137 -0.854592502 0.101161033 0.506169200
1773245665.483252 -0.008881059 -0.047123067 0.066665456 0.057183068 -0.857433379 0.101362571 0.501262128
1773245665.525193 -0.008881054 -0.047123048 0.066665486 -0.057533175 0.860240579 -0.101568758 -0.496346563
1773245665.550381 -0.008881065 -0.047123056 0.066665530 -0.057870630 0.863026023 -0.101763785 -0.491407335
1773245665.590677 -0.008881069 -0.047123060 0.066665567 -0.058206156 0.865783632 -0.101955637 -0.486452222
1773245665.618201 -0.008881097 -0.047123048 0.066665605 -0.058539625 0.868513227 -0.102144271 -0.481481463
1773245665.656714 -0.008881097 -0.047123052 0.066665635 -0.058871143 0.871214747 -0.102329679 -0.476495177
1773245665.684629 -0.008881112 -0.047123067 0.066665672 -0.059194528 0.873890579 -0.102519743 -0.471488088
1773245665.717363 -0.008881128 -0.047123048 0.066665724 -0.059522178 0.876535594 -0.102698736 -0.466471255
1773245665.756649 -0.008881148 -0.047123045 0.066665769 -0.059848163 0.879152298 -0.102874421 -0.461439371
1773245665.785169 -0.008881168 -0.047123041 0.066665813 -0.060172241 0.881740570 -0.103046834 -0.456392586
1773245665.823714 -0.008881198 -0.047123034 0.066665858 -0.060494389 0.884300351 -0.103216007 -0.451331109
1773245665.851516 -0.008881211 -0.047123034 0.066665903 -0.060815997 0.886830330 -0.103380844 -0.446257561
1773245665.884405 -0.008881243 -0.047123019 0.066665947 -0.061134249 0.889332831 -0.103543408 -0.441167176
1773245665.924554 -0.008881271 -0.047123026 0.066665977 -0.061450489 0.891806602 -0.103702664 -0.436062604
1773245665.952229 -0.008881286 -0.047123026 0.066666022 -0.061763432 0.894252717 -0.103859670 -0.430941463
1773245665.990258 -0.008881310 -0.047123019 0.066666074 -0.062075760 0.896668732 -0.104012333 -0.425808966
1773245666.018437 -0.008881345 -0.047123015 0.066666096 -0.062382560 0.899056077 -0.104162030 -0.420662463
1773245666.062724 -0.008881364 -0.047123004 0.066666134 -0.062690996 0.901413977 -0.104308039 -0.415502638
1773245666.085143 -0.008881401 -0.047123004 0.066666156 -0.062997319 0.903742850 -0.104450688 -0.410329431
1773245666.118488 -0.008881433 -0.047123015 0.066666186 -0.063301474 0.906042516 -0.104590021 -0.405143023
1773245666.157768 -0.008881468 -0.047123007 0.066666231 -0.063598022 0.908314168 -0.104724832 -0.399941564
1773245666.184909 -0.008881504 -0.047122996 0.066666260 -0.063897952 0.910555124 -0.104857542 -0.394729286
1773245666.224582 -0.008881526 -0.047123004 0.066666290 -0.064195700 0.912766695 -0.104986943 -0.389504254
1773245666.251768 -0.008881565 -0.047123000 0.066666320 -0.064491168 0.914948761 -0.105113007 -0.384266675
1773245666.283954 -0.008881597 -0.047123007 0.066666350 -0.064784288 0.917101264 -0.105235748 -0.379016787
1773245666.324580 -0.008881629 -0.047123000 0.066666402 -0.065079041 0.919219971 -0.105349094 -0.373765916
1773245666.350949 -0.008881669 -0.047123004 0.066666424 -0.065367594 0.921313167 -0.105465204 -0.368491828
1773245666.391405 -0.008881692 -0.047122993 0.066666439 -0.065653861 0.923376560 -0.105578005 -0.363205940
1773245666.417597 -0.008881738 -0.047122996 0.066666484 -0.065937854 0.925410151 -0.105687425 -0.357908368
1773245666.458054 -0.008881778 -0.047122996 0.066666491 -0.066219501 0.927413881 -0.105793521 -0.352599233
1773245666.485347 -0.008881822 -0.047122989 0.066666529 -0.066511542 0.929387867 -0.105895914 -0.347275734
1773245666.518373 -0.008881859 -0.047122985 0.066666558 -0.066788614 0.931331575 -0.105995148 -0.341944128
1773245666.561965 -0.008881902 -0.047122989 0.066666573 -0.067063197 0.933245242 -0.106091045 -0.336601526
1773245666.585986 -0.008881932 -0.047122989 0.066666603 -0.067335449 0.935128689 -0.106183566 -0.331248164
1773245666.625134 -0.008881971 -0.047123000 0.066666633 -0.067559108 0.936985850 -0.106289953 -0.325876862
1773245666.652974 -0.008881997 -0.047122993 0.066666648 -0.067826651 0.938808799 -0.106376059 -0.320502311
1773245666.691414 -0.008882046 -0.047123004 0.066666670 -0.068091661 0.940601408 -0.106458820 -0.315117449
1773245666.719218 -0.008882085 -0.047122993 0.066666700 -0.068354227 0.942363679 -0.106538199 -0.309722483
1773245666.751846 -0.008882130 -0.047122993 0.066666722 -0.068595745 0.944096327 -0.106628522 -0.304314137
1773245666.792567 -0.008882154 -0.047123007 0.066666745 -0.068853840 0.945797622 -0.106701203 -0.298899442
1773245666.818152 -0.008882202 -0.047122993 0.066666767 -0.069109425 0.947468340 -0.106770448 -0.293475181
1773245666.857656 -0.008882251 -0.047122978 0.066666789 -0.069362521 0.949108481 -0.106836244 -0.288041532
1773245666.886130 -0.008882286 -0.047123004 0.066666797 -0.069606721 0.950717807 -0.106894530 -0.282602370
1773245666.918976 -0.008882329 -0.047122985 0.066666842 -0.069854714 0.952296674 -0.106953532 -0.277150452
1773245666.958694 -0.008882370 -0.047123000 0.066666856 -0.070100337 0.953844726 -0.107009143 -0.271689564
1773245666.986200 -0.008882407 -0.047122993 0.066666856 -0.070330419 0.955362797 -0.107058026 -0.266221911
1773245667.024276 -0.008882444 -0.047122985 0.066666886 -0.070570633 0.956849277 -0.107106872 -0.260743827
1773245667.053075 -0.008882489 -0.047122993 0.066666923 -0.070808344 0.958304882 -0.107152328 -0.255257398
1773245667.094119 -0.008882552 -0.047122993 0.066666901 -0.071041629 0.959729314 -0.107199416 -0.249761850
1773245667.118631 -0.008882597 -0.047123004 0.066666909 -0.071274027 0.961122990 -0.107238106 -0.244259313
1773245667.153525 -0.008882644 -0.047123004 0.066666938 -0.071503982 0.962485611 -0.107273400 -0.238748953
1773245667.192238 -0.008882683 -0.047123007 0.066666946 -0.071728118 0.963816047 -0.107300423 -0.233238786
1773245667.219696 -0.008882727 -0.047123015 0.066666961 -0.071953274 0.965116501 -0.107328914 -0.227713302
1773245667.259004 -0.008882787 -0.047123019 0.066666991 -0.072175927 0.966385841 -0.107354023 -0.222180501
1773245667.285944 -0.008882822 -0.047123022 0.066666946 -0.072396033 0.967623949 -0.107375689 -0.216640651
1773245667.319895 -0.008882880 -0.047123022 0.066667005 -0.072625473 0.968830645 -0.107394412 -0.211090386
1773245667.360276 -0.008882917 -0.047123030 0.066667013 -0.072840966 0.970006227 -0.107409194 -0.205536827
1773245667.386687 -0.008882968 -0.047123034 0.066667020 -0.073054068 0.971150517 -0.107420549 -0.199976683
1773245667.425552 -0.008883012 -0.047123037 0.066667013 -0.073271833 0.972260892 -0.107435063 -0.194416314
1773245667.452626 -0.008883063 -0.047123045 0.066667035 -0.073480040 0.973342478 -0.107439607 -0.188843578
1773245667.491808 -0.008883111 -0.047123056 0.066667020 -0.073685810 0.974392593 -0.107440732 -0.183264792
1773245667.519446 -0.008883156 -0.047123048 0.066667005 -0.073889136 0.975411296 -0.107438400 -0.177680209
1773245667.553149 -0.008883207 -0.047123052 0.066667005 -0.074087374 0.976400077 -0.107428685 -0.172084436
1773245667.592711 -0.008883256 -0.047123060 0.066666961 -0.074285917 0.977355719 -0.107419468 -0.166488618
1773245667.619939 -0.008883296 -0.047123071 0.066666991 -0.074482158 0.978279829 -0.107406810 -0.160887435
1773245667.659923 -0.008883329 -0.047123075 0.066666938 -0.074674927 0.979172528 -0.107390240 -0.155280814
1773245667.687036 -0.008883378 -0.047123086 0.066666916 -0.074866399 0.980033457 -0.107370667 -0.149669483
1773245667.720037 -0.008883419 -0.047123089 0.066666916 -0.075055405 0.980862796 -0.107347645 -0.144053355
1773245667.758873 -0.008883473 -0.047123089 0.066666864 -0.075243585 0.981660426 -0.107320778 -0.138432071
1773245667.786363 -0.008883512 -0.047123089 0.066666864 -0.075427651 0.982426405 -0.107290879 -0.132806867
1773245667.825256 -0.008883542 -0.047123112 0.066666827 -0.075607605 0.983160675 -0.107257940 -0.127177939
1773245667.853688 -0.008883592 -0.047123112 0.066666812 -0.075786762 0.983863294 -0.107221141 -0.121544451
1773245667.893008 -0.008883635 -0.047123101 0.066666789 -0.075970784 0.984532475 -0.107185550 -0.115911670
1773245667.921860 -0.008883678 -0.047123104 0.066666789 -0.076145045 0.985171497 -0.107141837 -0.110270575
1773245667.953672 -0.008883717 -0.047123119 0.066666782 -0.076316826 0.985778809 -0.107094675 -0.104626000
1773245667.992849 -0.008883746 -0.047123142 0.066666707 -0.076484188 0.986354411 -0.107043430 -0.098978721
1773245668.019348 -0.008883797 -0.047123142 0.066666692 -0.076651044 0.986898065 -0.106989413 -0.093327656
1773245668.059789 -0.008883828 -0.047123149 0.066666678 -0.076815426 0.987409890 -0.106931977 -0.087673560
1773245668.086589 -0.008883873 -0.047123149 0.066666648 -0.076977327 0.987889826 -0.106871121 -0.082016639
1773245668.120591 -0.008883923 -0.047123156 0.066666618 -0.077137098 0.988337934 -0.106806785 -0.076356351
1773245668.159773 -0.008883952 -0.047123156 0.066666581 -0.077294059 0.988754094 -0.106739052 -0.070694327
1773245668.186031 -0.008883993 -0.047123183 0.066666543 -0.077448532 0.989138365 -0.106667906 -0.065030038
1773245668.226436 -0.008884031 -0.047123186 0.066666521 -0.077600189 0.989490926 -0.106591955 -0.059363466
1773245668.254164 -0.008884080 -0.047123183 0.066666536 -0.077749625 0.989811420 -0.106513947 -0.053695131
1773245668.293517 -0.008884134 -0.047123197 0.066666551 -0.077896580 0.990099907 -0.106432557 -0.048025105
1773245668.320645 -0.008884158 -0.047123205 0.066666484 -0.078041054 0.990356445 -0.106347769 -0.042353548
1773245668.353779 -0.008884176 -0.047123216 0.066666417 -0.078183293 0.990581274 -0.106257878 -0.036680136
1773245668.393353 -0.008884219 -0.047123220 0.066666409 -0.078322664 0.990773916 -0.106166214 -0.031006044
1773245668.420589 -0.008884255 -0.047123238 0.066666372 -0.078459561 0.990934610 -0.106071137 -0.025330974
1773245668.460199 -0.008884286 -0.047123238 0.066666305 -0.078594133 0.991063237 -0.105973333 -0.019654963
1773245668.487761 -0.008884323 -0.047123253 0.066666290 -0.078726023 0.991159976 -0.105871439 -0.013978444
1773245668.521223 -0.008884362 -0.047123238 0.066666268 -0.078855336 0.991224766 -0.105766080 -0.008301535
1773245668.559856 -0.008884391 -0.047123261 0.066666238 -0.078982070 0.991257548 -0.105657339 -0.002624362
1773245668.586831 -0.008884425 -0.047123253 0.066666201 -0.079107307 0.991258264 -0.105544858 0.003053212
1773245668.626724 -0.008884473 -0.047123265 0.066666208 -0.079229042 0.991227090 -0.105429389 0.008730304
1773245668.653633 -0.008884506 -0.047123279 0.066666186 -0.079348259 0.991163969 -0.105310537 0.014407047
1773245668.693902 -0.008884531 -0.047123276 0.066666126 -0.079464912 0.991068840 -0.105188318 0.020083286
1773245668.720753 -0.008884564 -0.047123268 0.066666089 -0.079580456 0.990941465 -0.105064094 0.025758786
1773245668.755333 -0.008884604 -0.047123276 0.066666074 -0.079692006 0.990782380 -0.104935132 0.031433478
1773245668.793651 -0.008884609 -0.047123294 0.066666000 -0.079801023 0.990591347 -0.104802795 0.037107140
1773245668.821687 -0.008884645 -0.047123283 0.066665962 -0.079907492 0.990368366 -0.104667127 0.042779583
1773245668.860010 -0.008884705 -0.047123298 0.066665992 -0.080011547 0.990113497 -0.104527421 0.048450395
1773245668.888699 -0.008884728 -0.047123305 0.066665947 -0.080112934 0.989826620 -0.104385026 0.054119818
1773245668.921730 -0.008884758 -0.047123313 0.066665918 -0.080211811 0.989507794 -0.104239292 0.059787475
1773245668.960804 -0.008884786 -0.047123328 0.066665873 -0.080308124 0.989157081 -0.104090221 0.065453179
1773245668.988442 -0.008884823 -0.047123309 0.066665843 -0.080404185 0.988774180 -0.103938356 0.071116261
1773245669.028155 -0.008884845 -0.047123313 0.066665806 -0.080495372 0.988359630 -0.103782624 0.076777518
1773245669.054945 -0.008884875 -0.047123309 0.066665776 -0.080584012 0.987913251 -0.103623569 0.082436278
1773245669.094096 -0.008884906 -0.047123332 0.066665746 -0.080670074 0.987434924 -0.103461206 0.088092335
1773245669.122539 -0.008884927 -0.047123350 0.066665724 -0.080757596 0.986924887 -0.103290461 0.093747482
1773245669.155892 -0.008884949 -0.047123354 0.066665679 -0.080838464 0.986382902 -0.103121467 0.099397585
1773245669.193381 -0.008884979 -0.047123373 0.066665657 -0.080916800 0.985809088 -0.102949180 0.105044477
1773245669.221981 -0.008884995 -0.047123376 0.066665605 -0.080992557 0.985203505 -0.102773592 0.110687979
1773245669.261417 -0.008885006 -0.047123373 0.066665545 -0.081063598 0.984566212 -0.102595255 0.116328172
1773245669.287997 -0.008885021 -0.047123391 0.066665500 -0.081134133 0.983897090 -0.102413110 0.121964328
1773245669.322139 -0.008885048 -0.047123380 0.066665471 -0.081202015 0.983196259 -0.102227725 0.127596498
1773245669.360607 -0.008885082 -0.047123395 0.066665441 -0.081267253 0.982463658 -0.102039054 0.133224547
1773245669.388799 -0.008885106 -0.047123395 0.066665404 -0.081328817 0.981699646 -0.101845466 0.138848588
1773245669.428303 -0.008885128 -0.047123399 0.066665359 -0.081388839 0.980903745 -0.101650260 0.144467741
1773245669.454891 -0.008885146 -0.047123414 0.066665314 -0.081446275 0.980076194 -0.101451799 0.150082201
1773245669.495073 -0.008885145 -0.047123421 0.066665269 -0.081503689 0.979216933 -0.101250395 0.155691117
1773245669.520969 -0.008885162 -0.047123436 0.066665232 -0.081555903 0.978326201 -0.101045400 0.161295682
1773245669.555439 -0.008885172 -0.047123425 0.066665173 -0.081602857 0.977404058 -0.100836866 0.166895688
1773245669.594313 -0.008885209 -0.047123440 0.066665143 -0.081652336 0.976450145 -0.100625612 0.172488898
1773245669.623731 -0.008885270 -0.047123428 0.066665143 -0.081695288 0.975464821 -0.100411549 0.178078115
1773245669.661567 -0.008885296 -0.047123436 0.066665113 -0.081737027 0.974448085 -0.100193650 0.183660656
1773245669.688350 -0.008885320 -0.047123443 0.066665076 -0.081776172 0.973399937 -0.099972531 0.189237267
1773245669.722612 -0.008885328 -0.047123436 0.066665038 -0.081812695 0.972320378 -0.099748202 0.194807753
1773245669.761064 -0.008885341 -0.047123473 0.066665001 -0.081851751 0.971209466 -0.099520139 0.200369984
1773245669.789310 -0.008885361 -0.047123484 0.066664964 -0.081883021 0.970067322 -0.099289387 0.205927625
1773245669.828880 -0.008885376 -0.047123492 0.066664927 -0.081911661 0.968893826 -0.099055447 0.211478651
1773245669.856270 -0.008885409 -0.047123488 0.066664904 -0.081937633 0.967689157 -0.098818332 0.217022792
1773245669.895565 -0.008885436 -0.047123495 0.066664875 -0.081960425 0.966452360 -0.098578937 0.222563580
1773245669.923261 -0.008885438 -0.047123507 0.066664830 -0.081981167 0.965185225 -0.098335549 0.228093445
1773245669.956165 -0.008885456 -0.047123507 0.066664807 -0.081999287 0.963887095 -0.098089002 0.233615875
1773245669.995981 -0.008885495 -0.047123510 0.066664807 -0.082014740 0.962557793 -0.097839318 0.239130706
1773245670.023026 -0.008885512 -0.047123510 0.066664770 -0.082027294 0.961198688 -0.097588219 0.244632572
1773245670.062023 -0.008885512 -0.047123518 0.066664755 -0.082037464 0.959807456 -0.097332262 0.250131756
1773245670.089746 -0.008885514 -0.047123529 0.066664726 -0.082044989 0.958385289 -0.097073197 0.255622864
1773245670.123363 -0.008885534 -0.047123525 0.066664718 -0.082047462 0.956931591 -0.096809424 0.261109173
1773245670.161761 -0.008885525 -0.047123529 0.066664696 -0.082049683 0.955447674 -0.096544191 0.266583502
1773245670.188667 -0.008885527 -0.047123536 0.066664673 -0.082049236 0.953932941 -0.096275829 0.272049248
1773245670.228831 -0.008885516 -0.047123529 0.066664681 -0.082046099 0.952387512 -0.096004345 0.277506173
1773245670.256927 -0.008885536 -0.047123551 0.066664681 -0.082042150 0.950811982 -0.095730357 0.282951027
1773245670.296212 -0.008885510 -0.047123555 0.066664666 -0.082033709 0.949205220 -0.095452696 0.288389921
1773245670.322971 -0.008885499 -0.047123559 0.066664673 -0.082022615 0.947567761 -0.095171973 0.293819517
1773245670.356014 -0.008885479 -0.047123551 0.066664673 -0.082008891 0.945899844 -0.094888166 0.299239576
1773245670.397904 -0.008885466 -0.047123548 0.066664681 -0.081991695 0.944201112 -0.094602086 0.304650784
1773245670.423066 -0.008885512 -0.047123540 0.066664726 -0.081972681 0.942472219 -0.094312154 0.310051411
1773245670.462608 -0.008885505 -0.047123544 0.066664740 -0.081950955 0.940712929 -0.094019204 0.315442026
1773245670.490204 -0.008885492 -0.047123540 0.066664748 -0.081926562 0.938923299 -0.093723245 0.320822477
1773245670.523630 -0.008885441 -0.047123544 0.066664718 -0.081899144 0.937103093 -0.093426496 0.326192945
1773245670.563311 -0.008885430 -0.047123544 0.066664726 -0.081869379 0.935252964 -0.093124576 0.331552565
1773245670.590350 -0.008885410 -0.047123533 0.066664726 -0.081836917 0.933372676 -0.092819676 0.336901605
1773245670.635092 -0.008885395 -0.047123529 0.066664718 -0.081801794 0.931462288 -0.092511810 0.342239738
1773245670.656192 -0.008885395 -0.047123529 0.066664726 -0.081763171 0.929521024 -0.092200726 0.347569346
1773245670.696908 -0.008885408 -0.047123529 0.066664763 -0.081722632 0.927550673 -0.091886915 0.352885306
1773245670.724582 -0.008885397 -0.047123536 0.066664770 -0.081679434 0.925550342 -0.091570131 0.358189881
1773245670.757586 -0.008885421 -0.047123536 0.066664807 -0.081634320 0.923521042 -0.091250636 0.363480449
1773245670.797939 -0.008885387 -0.047123529 0.066664785 -0.081584558 0.921460390 -0.090924665 0.368764609
1773245670.823815 -0.008885356 -0.047123540 0.066664770 -0.081533164 0.919370770 -0.090599075 0.374034047
1773245670.863846 -0.008885371 -0.047123533 0.066664815 -0.081478998 0.917251527 -0.090270571 0.379291475
1773245670.890435 -0.008885361 -0.047123536 0.066664822 -0.081422165 0.915102720 -0.089939140 0.384536594
1773245670.924155 -0.008885359 -0.047123536 0.066664830 -0.081359133 0.912925661 -0.089606479 0.389766812
1773245670.967891 -0.008885356 -0.047123529 0.066664837 -0.081296891 0.910717905 -0.089269288 0.394986957
1773245670.991192 -0.008885333 -0.047123525 0.066664845 -0.081231929 0.908480823 -0.088929206 0.400194436
1773245671.029791 -0.008885335 -0.047123536 0.066664875 -0.081164293 0.906214416 -0.088586234 0.405389071
1773245671.056082 -0.008885337 -0.047123522 0.066664889 -0.081093810 0.903918266 -0.088243030 0.410571218
1773245671.097215 -0.008885326 -0.047123533 0.066664889 -0.081020810 0.901593506 -0.087894313 0.415739566
1773245671.124299 -0.008885326 -0.047123522 0.066664912 -0.080945127 0.899239659 -0.087542690 0.420894563
1773245671.157051 -0.008885328 -0.047123533 0.066664927 -0.080866747 0.896856844 -0.087188199 0.426035881
1773245671.201931 -0.008885313 -0.047123525 0.066664904 -0.080786362 0.894445956 -0.086827785 0.431162208
1773245671.225222 -0.008885290 -0.047123533 0.066664904 -0.080702625 0.892005444 -0.086467601 0.436275870
1773245671.263513 -0.008885294 -0.047123525 0.066664919 -0.080616169 0.889536202 -0.086104557 0.441375494
1773245671.289516 -0.008885287 -0.047123548 0.066664927 -0.080527067 0.887038291 -0.085738719 0.446460843
1773245671.323621 -0.008885281 -0.047123522 0.066664949 -0.080434546 0.884514272 -0.085367724 0.451527596
1773245671.365320 -0.008885279 -0.047123529 0.066664964 -0.080340073 0.881959260 -0.084996305 0.456584007
1773245671.391381 -0.008885253 -0.047123533 0.066664964 -0.080242895 0.879375815 -0.084622085 0.461625755
1773245671.431045 -0.008885257 -0.047123522 0.066664971 -0.080143034 0.876764059 -0.084245086 0.466652602
1773245671.459084 -0.008885249 -0.047123514 0.066664979 -0.080015250 0.874123752 -0.083864421 0.471669286
1773245671.506716 -0.008885242 -0.047123518 0.066664994 -0.079909928 0.871455491 -0.083482064 0.476666033
1773245671.525785 -0.008885225 -0.047123518 0.066665009 -0.079801910 0.868759096 -0.083096981 0.481647372
1773245671.558467 -0.008885235 -0.047123518 0.066665024 -0.079691209 0.866034687 -0.082709216 0.486613244
1773245671.599752 -0.008885210 -0.047123522 0.066665031 -0.079586037 0.863280177 -0.082329109 0.491564155
1773245671.625015 -0.008885197 -0.047123510 0.066665031 -0.079470098 0.860499978 -0.081935965 0.496498466
1773245671.670972 -0.008885199 -0.047123533 0.066665061 -0.079351433 0.857691944 -0.081540145 0.501416922
1773245671.692262 -0.008885186 -0.047123525 0.066665068 -0.079230055 0.854856372 -0.081141733 0.506319165
1773245671.727171 -0.008885186 -0.047123510 0.066665113 -0.079111949 0.851994693 -0.080736674 0.511202395
1773245671.765371 -0.008885182 -0.047123518 0.066665128 -0.078985266 0.849103987 -0.080332965 0.516072154
1773245671.791999 -0.008885156 -0.047123507 0.066665150 -0.078855924 0.846185803 -0.079926603 0.520925224
1773245671.830467 -0.008885153 -0.047123507 0.066665158 -0.078723952 0.843240321 -0.079517655 0.525761545
1773245671.857939 -0.008885130 -0.047123495 0.066665173 -0.078596719 0.840265393 -0.079110079 0.530582905
1773245671.898087 -0.008885123 -0.047123499 0.066665195 -0.078459576 0.837265611 -0.078695990 0.535385191
1773245671.925865 -0.008885136 -0.047123507 0.066665217 -0.078319870 0.834238827 -0.078279331 0.540170312
1773245671.958544 -0.008885100 -0.047123492 0.066665232 -0.078177631 0.831184983 -0.077860169 0.544938147
1773245671.998386 -0.008885097 -0.047123495 0.066665240 -0.078042164 0.828103304 -0.077435054 0.549689174
1773245672.025176 -0.008885097 -0.047123495 0.066665247 -0.077894770 0.824995875 -0.077010736 0.554421842
1773245672.064108 -0.008885099 -0.047123495 0.066665269 -0.077744797 0.821861982 -0.076583870 0.559136510
1773245672.092426 -0.008885093 -0.047123503 0.066665277 -0.077592231 0.818701506 -0.076154508 0.563833177
1773245672.126064 -0.008885076 -0.047123484 0.066665299 -0.077437051 0.815514803 -0.075722679 0.568511486
1773245672.165247 -0.008885065 -0.047123484 0.066665307 -0.077259094 0.812301755 -0.075286999 0.573174238
1773245672.191954 -0.008885058 -0.047123481 0.066665329 -0.077098683 0.809062600 -0.074850358 0.577815711
1773245672.231551 -0.008885039 -0.047123484 0.066665336 -0.076946594 0.805798352 -0.074415974 0.582434952
1773245672.259418 -0.008885037 -0.047123473 0.066665351 -0.076769948 0.802506328 -0.073969640 0.587042272
1773245672.297712 -0.008885020 -0.047123481 0.066665374 -0.076601692 0.799189270 -0.073525585 0.591627181
1773245672.325620 -0.008885015 -0.047123466 0.066665381 -0.076431736 0.795849979 -0.073074557 0.596188843
1773245672.358283 -0.008884992 -0.047123458 0.066665381 -0.076258354 0.792481661 -0.072625741 0.600735307
1773245672.399221 -0.008884990 -0.047123466 0.066665411 -0.076082431 0.789087772 -0.072174519 0.605262518
1773245672.425857 -0.008884967 -0.047123458 0.066665418 -0.075903930 0.785668492 -0.071720906 0.609770179
1773245672.465537 -0.008884978 -0.047123455 0.066665456 -0.075743079 0.782223880 -0.071288072 0.614253044
1773245672.492272 -0.008884972 -0.047123458 0.066665463 -0.075559713 0.778753996 -0.070829704 0.618721306
1773245672.525932 -0.008884965 -0.047123455 0.066665486 -0.075373828 0.775259018 -0.070369087 0.623169661
1773245672.566714 -0.008884959 -0.047123455 0.066665486 -0.075185455 0.771739006 -0.069906145 0.627597928
1773245672.591806 -0.008884953 -0.047123443 0.066665500 -0.074994512 0.768194079 -0.069440976 0.632006049
1773245672.632312 -0.008884963 -0.047123440 0.066665545 -0.074765392 0.764614701 -0.068948887 0.636412323
1773245672.659195 -0.008884959 -0.047123432 0.066665545 -0.074569181 0.761020243 -0.068479344 0.640779495
1773245672.698648 -0.008884969 -0.047123447 0.066665560 -0.074370511 0.757401228 -0.068007551 0.645125985
1773245672.726500 -0.008884946 -0.047123440 0.066665560 -0.074169308 0.753757715 -0.067533560 0.649451673
1773245672.759662 -0.008884957 -0.047123432 0.066665582 -0.073965572 0.750090003 -0.067057379 0.653756380
1773245672.800532 -0.008884970 -0.047123451 0.066665582 -0.073770635 0.746402204 -0.066583559 0.658033669
1773245672.826006 -0.008884978 -0.047123455 0.066665590 -0.073562011 0.742686152 -0.066102967 0.662296236
1773245672.865364 -0.008884982 -0.047123451 0.066665597 -0.073350944 0.738946140 -0.065620162 0.666537523
1773245672.893292 -0.008884974 -0.047123462 0.066665605 -0.073137492 0.735182106 -0.065135270 0.670757413
1773245672.927081 -0.008884996 -0.047123455 0.066665649 -0.072927676 0.731394589 -0.064649977 0.674954712
1773245672.966599 -0.008885000 -0.047123458 0.066665642 -0.072709434 0.727583289 -0.064160876 0.679131269
1773245672.993165 -0.008884996 -0.047123458 0.066665635 -0.072488844 0.723748505 -0.063669644 0.683285952
1773245673.032091 -0.008884992 -0.047123469 0.066665642 -0.072258964 0.719888151 -0.063171029 0.687422037
1773245673.058729 -0.008884990 -0.047123455 0.066665649 -0.072033614 0.716006815 -0.062675700 0.691532493
1773245673.093868 -0.008884991 -0.047123466 0.066665649 -0.071812890 0.712104380 -0.062183555 0.695617318
1773245673.131729 -0.008884985 -0.047123466 0.066665635 -0.071582824 0.708176851 -0.061684035 0.699683130
1773245673.158904 -0.008884986 -0.047123458 0.066665649 -0.071326777 0.704225361 -0.061154693 0.703732371
1773245673.198342 -0.008884989 -0.047123469 0.066665649 -0.071091816 0.700252175 -0.060651179 0.707752943
1773245673.227395 -0.008884984 -0.047123466 0.066665657 -0.070854448 0.696256459 -0.060145576 0.711750746
1773245673.269569 -0.008884984 -0.047123466 0.066665649 -0.070618883 0.692239463 -0.059640057 0.715723753
1773245673.294358 -0.008884981 -0.047123458 0.066665649 -0.070376828 0.688199043 -0.059130408 0.719675481
1773245673.327213 -0.008884981 -0.047123462 0.066665627 -0.070132434 0.684136212 -0.058618754 0.723604083
1773245673.366127 -0.008884944 -0.047123451 0.066665597 -0.069893867 0.680045664 -0.058126342 0.727512300
1773245673.393248 -0.008884969 -0.047123466 0.066665575 -0.069629289 0.675950050 -0.057587750 0.731387019
1773245673.433422 -0.008884978 -0.047123466 0.066665560 -0.069377862 0.671821713 -0.057070259 0.735245049
1773245673.459915 -0.008884976 -0.047123481 0.066665530 -0.069124132 0.667671740 -0.056550834 0.739079356
1773245673.494105 -0.008885011 -0.047123469 0.066665515 -0.068874232 0.663493633 -0.056033064 0.742894888
1773245673.533941 -0.008884946 -0.047123481 0.066665448 -0.068617538 0.659307122 -0.055510983 0.746675491
1773245673.561177 -0.008884950 -0.047123484 0.066665426 -0.068356946 0.655093133 -0.054985851 0.750437737
1773245673.600002 -0.008884954 -0.047123484 0.066665396 -0.068094142 0.650858223 -0.054458924 0.754175663
1773245673.627555 -0.008884958 -0.047123495 0.066665374 -0.067829125 0.646602333 -0.053930260 0.757889271
1773245673.666701 -0.008884967 -0.047123492 0.066665336 -0.067561932 0.642325580 -0.053399913 0.761578381
1773245673.693080 -0.008884914 -0.047123492 0.066665314 -0.067294985 0.638029099 -0.052871946 0.765241623
1773245673.728507 -0.008884909 -0.047123492 0.066665292 -0.067023523 0.633711278 -0.052338120 0.768881381
1773245673.766610 -0.008884914 -0.047123492 0.066665307 -0.066747449 0.629372180 -0.051798467 0.772497475
1773245673.793847 -0.008884897 -0.047123503 0.066665269 -0.066474073 0.625014544 -0.051265359 0.776086211
1773245673.834368 -0.008884894 -0.047123499 0.066665262 -0.066196136 0.620636046 -0.050726529 0.779651105
1773245673.860304 -0.008884879 -0.047123499 0.066665225 -0.065918922 0.616237223 -0.050188314 0.783190608
1773245673.893067 -0.008884873 -0.047123510 0.066665232 -0.065636747 0.611818790 -0.049646277 0.786705017
1773245673.935359 -0.008884873 -0.047123503 0.066665210 -0.065352432 0.607380688 -0.049102701 0.790194094
1773245673.960609 -0.008884855 -0.047123510 0.066665187 -0.065065995 0.602922976 -0.048557553 0.793657601
1773245674.001523 -0.008884849 -0.047123510 0.066665173 -0.064777449 0.598445833 -0.048010852 0.797095597
1773245674.026934 -0.008884851 -0.047123507 0.066665165 -0.064486839 0.593949378 -0.047462620 0.800507903
1773245674.067832 -0.008884836 -0.047123507 0.066665143 -0.064194903 0.589434683 -0.046911474 0.803893685
1773245674.094949 -0.008884825 -0.047123510 0.066665128 -0.063900158 0.584900141 -0.046360262 0.807254195
1773245674.126807 -0.008884832 -0.047123503 0.066665135 -0.063602641 0.580345869 -0.045808993 0.810589254
1773245674.167098 -0.008884825 -0.047123518 0.066665098 -0.063304514 0.575774729 -0.045253493 0.813896835
1773245674.194922 -0.008884810 -0.047123510 0.066665083 -0.063003644 0.571184278 -0.044697959 0.817178726
1773245674.236009 -0.008884817 -0.047123514 0.066665076 -0.062698252 0.566575229 -0.044142414 0.820434630
1773245674.260540 -0.008884790 -0.047123518 0.066665046 -0.062393498 0.561950803 -0.043586787 0.823661625
1773245674.293935 -0.008884782 -0.047123533 0.066665031 -0.062086616 0.557305813 -0.043027043 0.826864064
1773245674.335023 -0.008884777 -0.047123522 0.066665001 -0.061777715 0.552642822 -0.042465936 0.830039799
1773245674.362067 -0.008884765 -0.047123533 0.066664979 -0.061466865 0.547962070 -0.041903533 0.833188713
1773245674.402146 -0.008884750 -0.047123522 0.066664964 -0.061154030 0.543263733 -0.041339826 0.836310744
1773245674.427704 -0.008884729 -0.047123529 0.066664927 -0.060839254 0.538547993 -0.040774856 0.839405835
1773245674.468315 -0.008884702 -0.047123525 0.066664889 -0.060528830 0.533816218 -0.040209115 0.842472374
1773245674.495124 -0.008884683 -0.047123525 0.066664852 -0.060210198 0.529066086 -0.039641652 0.845513105
1773245674.527489 -0.008884659 -0.047123525 0.066664800 -0.059889637 0.524298906 -0.039073013 0.848526478
1773245674.568092 -0.008884633 -0.047123529 0.066664763 -0.059567161 0.519514859 -0.038503185 0.851512492
1773245674.594329 -0.008884605 -0.047123551 0.066664733 -0.059242770 0.514714181 -0.037932128 0.854471087
1773245674.634441 -0.008884585 -0.047123540 0.066664681 -0.058916483 0.509896874 -0.037359960 0.857402027
1773245674.661550 -0.008884545 -0.047123555 0.066664636 -0.058585312 0.505061686 -0.036790553 0.860306263
1773245674.694596 -0.008884517 -0.047123555 0.066664606 -0.058255274 0.500211656 -0.036216229 0.863181889
1773245674.734936 -0.008884495 -0.047123555 0.066664569 -0.057923369 0.495345592 -0.035640825 0.866029620
1773245674.761203 -0.008884460 -0.047123555 0.066664539 -0.057589594 0.490463585 -0.035064321 0.868849456
1773245674.800892 -0.008884430 -0.047123566 0.066664502 -0.057253972 0.485565692 -0.034486767 0.871641338
1773245674.827582 -0.008884393 -0.047123563 0.066664457 -0.056916498 0.480652213 -0.033908147 0.874405086
1773245674.870671 -0.008884367 -0.047123559 0.066664435 -0.056577537 0.475724220 -0.033327721 0.877140105
1773245674.896610 -0.008884329 -0.047123555 0.066664390 -0.056236450 0.470779955 -0.032747094 0.879847288
1773245674.927716 -0.008884303 -0.047123559 0.066664360 -0.055893216 0.465819508 -0.032166261 0.882526755
1773245674.969114 -0.008884260 -0.047123559 0.066664338 -0.055548787 0.460846156 -0.031582866 0.885176659
1773245674.996029 -0.008884238 -0.047123555 0.066664308 -0.055202249 0.455856919 -0.030999320 0.887798548
1773245675.035800 -0.008884192 -0.047123559 0.066664279 -0.054853935 0.450853020 -0.030414779 0.890391767
1773245675.061917 -0.008884152 -0.047123559 0.066664249 -0.054504991 0.445835561 -0.029832121 0.892955720
1773245675.095536 -0.008884113 -0.047123559 0.066664219 -0.054153100 0.440802932 -0.029245712 0.895491421
1773245675.134796 -0.008884074 -0.047123570 0.066664189 -0.053799406 0.435756147 -0.028658396 0.897998273
1773245675.162369 -0.008884028 -0.047123559 0.066664174 -0.053442683 0.430694491 -0.028067378 0.900476754
1773245675.202093 -0.008883985 -0.047123555 0.066664152 -0.053085364 0.425619811 -0.027478270 0.902925611
1773245675.229531 -0.008883962 -0.047123551 0.066664115 -0.052725069 0.420532733 -0.026891213 0.905344784
1773245675.268371 -0.008883921 -0.047123551 0.066664092 -0.052364338 0.415430874 -0.026300443 0.907735348
1773245675.294835 -0.008883888 -0.047123551 0.066664077 -0.052001897 0.410315633 -0.025708903 0.910096645
1773245675.328915 -0.008883836 -0.047123548 0.066664040 -0.051637776 0.405187249 -0.025116589 0.912428617
