0.519499 -0.002151593 -0.000024113 0.020020166 0.001854447 -0.020827862 -0.001062328 0.999780774
0.623377 -0.003051840 -0.000049726 0.024865622 0.002292616 -0.027494473 -0.001030244 0.999618769
0.727122 -0.004187225 -0.000075726 0.030473286 0.002342883 -0.035602797 -0.000935875 0.999362826
0.830874 -0.024306502 -0.001847307 0.069405764 0.001520843 -0.037531480 -0.000484009 0.999294162
0.934622 -0.006416645 -0.000199933 0.042844541 0.002390426 -0.055034660 0.000292986 0.998481512
1.038404 -0.017123006 -0.000131629 0.071011364 0.002880764 -0.063711837 0.000321938 0.997964144
1.142127 -0.012559534 -0.000659404 0.061499018 0.003425605 -0.077892639 -0.001497667 0.996954739
1.245873 -0.012757216 -0.000846811 0.062999532 0.004343603 -0.091099977 -0.003692884 0.995825410
1.349627 -0.020134380 -0.001588129 0.081436880 0.004890740 -0.104263596 -0.005182240 0.994524181
1.453253 -0.018518012 -0.001335767 0.077396043 0.005161648 -0.119647041 -0.005551205 0.992787540
1.556997 -0.022875015 -0.001334414 0.086934060 0.005324377 -0.135288909 -0.006626105 0.990769744
1.660772 -0.024454961 -0.001736165 0.091103718 0.004827171 -0.152145311 -0.007570706 0.988317370
1.764374 -0.029670982 -0.001614905 0.100435443 0.004741553 -0.169391707 -0.008733197 0.985498726
1.868002 -0.034131221 -0.001673272 0.108236559 0.004863429 -0.186977372 -0.009903310 0.982302248
1.971750 -0.040014792 -0.001757692 0.116891317 0.005064484 -0.204490155 -0.011640330 0.978786290
2.075498 -0.044391587 -0.001924291 0.123663276 0.004979040 -0.223345801 -0.012373127 0.974647999
2.179126 -0.050000880 -0.001749123 0.131354615 0.005269735 -0.243020505 -0.010176554 0.969953477
2.282875 -0.055681672 -0.001877486 0.138974145 0.004948057 -0.264094472 -0.007473780 0.964455187
2.386504 -0.062199965 -0.002112270 0.146156877 0.003653078 -0.286756635 -0.008226948 0.957961142
2.490144 -0.070233293 -0.002471844 0.153524995 0.002676449 -0.310854256 -0.010991745 0.950390279
2.593620 -0.078763843 -0.002546819 0.160864621 0.002684739 -0.335833848 -0.012738048 0.941831291
2.697329 -0.087473527 -0.002856449 0.167685509 0.002423608 -0.361609370 -0.012763561 0.932239175
2.800890 -0.097006127 -0.002654043 0.175038338 0.001311197 -0.388181716 -0.009993162 0.921527743
2.904641 -0.107332066 -0.002585101 0.182016075 0.000242508 -0.414729178 -0.007590044 0.909913182
3.008248 -0.118568659 -0.002521593 0.188494161 -0.000980373 -0.440837741 -0.006791041 0.897560596
3.112001 -0.130588070 -0.002489017 0.194234788 -0.002557000 -0.467085272 -0.006423293 0.884185255
3.215751 -0.143596441 -0.002345419 0.199801043 -0.003598651 -0.493509531 -0.006177563 0.869710982
3.319374 -0.157280535 -0.002344774 0.204675287 -0.004698573 -0.519533217 -0.006451908 0.854412973
3.423126 -0.172084287 -0.002360563 0.209043100 -0.006244198 -0.545044184 -0.006842261 0.838356137
3.526893 -0.187907681 -0.001924634 0.212977946 -0.006674817 -0.569926083 -0.007466923 0.821634948
3.630648 -0.204867512 -0.001956935 0.216290593 -0.008994584 -0.593551338 -0.007805730 0.804708004
3.734395 -0.222380668 -0.001903309 0.219316319 -0.011166314 -0.615891933 -0.007157124 0.787719011
3.838251 -0.241189301 -0.001827857 0.221087053 -0.011933504 -0.636132240 -0.006763424 0.771458089
3.942122 -0.261166573 -0.001467027 0.222150669 -0.011147576 -0.654549479 -0.007892809 0.755895734
4.046284 -0.281538010 -0.000943027 0.222470552 -0.010398176 -0.670556605 -0.008607810 0.741735518
4.150266 -0.302915007 -0.000430884 0.222387150 -0.009116028 -0.684604943 -0.008749971 0.728804767
4.254380 -0.324822336 -0.000093326 0.221830845 -0.008268625 -0.697118580 -0.007694874 0.716866910
4.358512 -0.347747445 0.000203780 0.220802307 -0.007453811 -0.708307028 -0.006545771 0.705834746
4.462646 -0.371328861 0.000413461 0.219161570 -0.006589433 -0.717671871 -0.006088018 0.696323693
4.566885 -0.395591587 0.001011342 0.217197105 -0.005586207 -0.724878669 -0.005133135 0.688834786
4.671250 -0.421303242 0.001450737 0.214538068 -0.005237387 -0.730467737 -0.005061731 0.682908356
4.775500 -0.447336435 0.001768194 0.211972639 -0.005604002 -0.734780312 -0.004907511 0.678264260
4.879959 -0.474566847 0.002096389 0.208969980 -0.005571702 -0.738154888 -0.005717771 0.674584031
4.984250 -0.501867831 0.002116418 0.205925554 -0.005314054 -0.740413547 -0.006941346 0.672094762
5.088502 -0.530789912 0.002219779 0.202740014 -0.005807662 -0.741957843 -0.007290712 0.670381725
5.192878 -0.559780836 0.002506278 0.199665084 -0.006783321 -0.742407441 -0.006923753 0.669878542
5.297154 -0.590107560 0.002966316 0.196473747 -0.008301922 -0.742058992 -0.006678679 0.670249879
5.401501 -0.620873332 0.002964346 0.193308204 -0.009096491 -0.741470575 -0.007794571 0.670878410
5.505749 -0.652947366 0.003467374 0.189817250 -0.008091555 -0.740919888 -0.008727670 0.671487927
5.610008 -0.684711576 0.003797743 0.186688930 -0.006688437 -0.740279675 -0.008501028 0.672211945
5.714253 -0.718720257 0.004464656 0.183219314 -0.006408008 -0.740016222 -0.008528045 0.672504425
5.818377 -0.752984285 0.005218117 0.179729953 -0.007451552 -0.739341557 -0.009295817 0.673225224
5.922523 -0.787320018 0.005594833 0.176436096 -0.008374443 -0.738714874 -0.011005086 0.673876166
6.026772 -0.823034465 0.005943421 0.173133612 -0.008951685 -0.738190770 -0.012055687 0.674424887
6.130876 -0.858480513 0.006523527 0.169491082 -0.007957658 -0.737400234 -0.012473272 0.675293982
6.235023 -0.894971848 0.007428238 0.166428089 -0.006130626 -0.737022579 -0.011976796 0.675734222
6.339025 -0.932410479 0.007951431 0.162714839 -0.005593007 -0.736371517 -0.012260430 0.676443160
6.443143 -0.970446169 0.008577265 0.160157830 -0.007130286 -0.736084819 -0.012035258 0.676744699
6.547271 -1.008580565 0.009179341 0.156600118 -0.008973475 -0.735493362 -0.011937073 0.677367389
6.651280 -1.046999812 0.009882120 0.153433785 -0.009821995 -0.735061944 -0.012325879 0.677816749
6.755380 -1.086003423 0.010175930 0.150011897 -0.008085229 -0.734861434 -0.010694223 0.678084791
6.859377 -1.124805331 0.010557161 0.146672383 -0.006274085 -0.734784663 -0.007581964 0.678229034
6.963378 -1.164664745 0.011248492 0.143699422 -0.005752563 -0.734865129 -0.004643749 0.678172946
7.067377 -1.204169869 0.011713529 0.140503198 -0.006301732 -0.735107243 -0.004429772 0.677907109
7.171256 -1.245348573 0.011560941 0.136988446 -0.008983908 -0.735062420 -0.007516971 0.677898169
7.275272 -1.286242485 0.012067666 0.133141458 -0.010953685 -0.735085726 -0.010633288 0.677802205
7.379272 -1.327031016 0.012618419 0.129739746 -0.012013752 -0.735202312 -0.013313401 0.677610457
7.483251 -1.367753386 0.013296861 0.125762731 -0.011563213 -0.735327601 -0.013915565 0.677470267
7.587271 -1.407933593 0.013759013 0.122528575 -0.010444790 -0.735449314 -0.012830932 0.677377760
7.691129 -1.448907495 0.014682341 0.118520558 -0.009576826 -0.735557735 -0.011481141 0.677297056
7.795131 -1.489407063 0.014943607 0.114851542 -0.009291088 -0.735491812 -0.013098836 0.677343249
7.899003 -1.529407978 0.014766838 0.111562297 -0.009659326 -0.735472083 -0.014938079 0.677321434
8.003004 -1.570029736 0.015939325 0.107771099 -0.008973788 -0.735424161 -0.014051823 0.677401900
8.107005 -1.610154510 0.016706664 0.104025096 -0.006929463 -0.735260069 -0.012310133 0.677637815
8.211004 -1.650810599 0.017052647 0.100372910 -0.004855263 -0.735214949 -0.011530280 0.677718580
8.315006 -1.690561891 0.017432969 0.097334445 -0.005268989 -0.735175550 -0.011615045 0.677756727
8.418880 -1.732517719 0.017613430 0.093195796 -0.006444043 -0.734811127 -0.012149106 0.678132355
8.522877 -1.772548676 0.018299785 0.090405554 -0.008456995 -0.734842658 -0.013546456 0.678049564
8.626899 -1.813157320 0.018819135 0.086651236 -0.010412272 -0.734403074 -0.015550284 0.678455472
8.730751 -1.852592587 0.019641712 0.083884850 -0.011388043 -0.734721124 -0.016781544 0.678066015
8.834756 -1.893356800 0.020387407 0.079915836 -0.011563770 -0.734406829 -0.016607286 0.678407788
8.938756 -1.933623314 0.021245744 0.076423198 -0.009886588 -0.734417737 -0.015018766 0.678459525
9.042758 -1.973505616 0.022194948 0.072909161 -0.008118543 -0.734264374 -0.013454976 0.678681731
9.146631 -2.013680696 0.022261295 0.069484204 -0.005951673 -0.734218538 -0.014310668 0.678736269
9.250652 -2.053302765 0.023000807 0.065640673 -0.004101921 -0.734277368 -0.014964232 0.678672194
9.354505 -2.094201565 0.023352342 0.061562210 -0.004034043 -0.734310865 -0.013381483 0.678669453
9.458529 -2.133379698 0.023500647 0.059576765 -0.004294245 -0.735162377 -0.010658393 0.677793682
9.562503 -2.173601866 0.024082076 0.055811152 -0.005267262 -0.735233009 -0.008509995 0.677740574
9.666385 -2.212734699 0.024021951 0.052659675 -0.006651108 -0.736002088 -0.009669479 0.676877558
9.770380 -2.252578497 0.024172220 0.049238265 -0.009688456 -0.736646950 -0.011067036 0.676117539
9.874249 -2.292215109 0.024604138 0.045963436 -0.011612926 -0.737292826 -0.011755574 0.675371170
9.978133 -2.331313133 0.024924193 0.042212486 -0.011115081 -0.737823665 -0.011612457 0.674802005
10.082130 -2.369963646 0.025360271 0.038307846 -0.008737734 -0.738187611 -0.011233397 0.674445391
10.186010 -2.408427715 0.025832962 0.034035534 -0.005829378 -0.738560498 -0.011649649 0.674061358
10.290010 -2.447096348 0.026254430 0.029956982 -0.003968500 -0.739002883 -0.012567163 0.673573315
10.393880 -2.485245466 0.026506439 0.025878683 -0.003957234 -0.739358723 -0.013312870 0.673168480
10.497760 -2.524097919 0.026697144 0.021838382 -0.004258901 -0.739605129 -0.014205857 0.672877610
10.601750 -2.562218428 0.026845779 0.017879054 -0.003417661 -0.739877224 -0.014855308 0.672569156
10.705630 -2.599949837 0.027144134 0.014072269 -0.003173099 -0.740231097 -0.015122652 0.672174871
10.809650 -2.637776852 0.027672287 0.010344028 -0.004323731 -0.740339875 -0.014978231 0.672051966
10.913510 -2.675711870 0.028226689 0.006439507 -0.005552309 -0.740459979 -0.015512592 0.671898425
11.017510 -2.712729692 0.028609484 0.002848208 -0.006928991 -0.740575731 -0.017352233 0.671713054
11.121380 -2.749675035 0.029025115 -0.001225680 -0.007885151 -0.740705132 -0.017808679 0.671547890
11.225380 -2.787068844 0.030078612 -0.004761100 -0.007764479 -0.740946352 -0.017712751 0.671285689
11.329280 -2.823258877 0.030522496 -0.008585632 -0.007374822 -0.741018713 -0.016554220 0.671239793
11.433260 -2.858207941 0.030310888 -0.012267977 -0.006441204 -0.741193533 -0.015680840 0.671077311
11.537150 -2.893242121 0.031483337 -0.015455872 -0.005175224 -0.741230309 -0.014269236 0.671079099
11.641130 -2.927664995 0.031982720 -0.019069880 -0.004231828 -0.740856290 -0.013472270 0.671515048
11.745130 -2.960601091 0.032290682 -0.022098005 -0.003161906 -0.740164995 -0.013903852 0.672274172
11.849140 -2.993817568 0.032160383 -0.025706291 -0.003407764 -0.738687694 -0.014518964 0.673882782
11.953260 -3.025752068 0.032164037 -0.028435037 -0.004176684 -0.736780345 -0.014981413 0.675953269
12.057260 -3.056564569 0.032537211 -0.030861720 -0.004944023 -0.734335065 -0.015052207 0.678602219
12.161380 -3.087456226 0.032558270 -0.032684654 -0.005073052 -0.731404960 -0.015792567 0.681741655
12.265510 -3.117484808 0.032807499 -0.034528330 -0.004914347 -0.727400601 -0.016977884 0.685985506
12.369630 -3.146057129 0.032995559 -0.035379060 -0.004465219 -0.722342789 -0.018608434 0.691270351
12.473910 -3.174081802 0.033537649 -0.036554385 -0.004400969 -0.715657711 -0.019283311 0.698171020
12.578130 -3.201073647 0.033620819 -0.036392540 -0.004588790 -0.707838833 -0.019669304 0.706085145
12.682390 -3.226754189 0.033790797 -0.034824818 -0.005105374 -0.698868811 -0.019206326 0.714973688
12.786780 -3.252367258 0.034409881 -0.032317460 -0.005368254 -0.688467622 -0.018221868 0.725018263
12.891130 -3.276127815 0.034526475 -0.029731870 -0.005961992 -0.675842702 -0.017602833 0.736811578
12.995510 -3.298562288 0.034831524 -0.025786132 -0.006253778 -0.661786437 -0.017263448 0.749467552
13.099880 -3.320610523 0.034706034 -0.021591842 -0.006585951 -0.645810664 -0.017055543 0.763278663
13.204380 -3.340781450 0.035452217 -0.015773416 -0.007308779 -0.628454864 -0.016269574 0.777641594
13.308760 -3.361057043 0.035125270 -0.008514285 -0.008521320 -0.609040678 -0.014692907 0.792957127
13.413260 -3.380453110 0.034888159 -0.000649214 -0.010176865 -0.588024795 -0.010506141 0.808710635
13.517630 -3.400110722 0.035358354 0.008838177 -0.010275078 -0.566000879 -0.007051849 0.824310422
13.622130 -3.418652534 0.035488978 0.019696593 -0.010878137 -0.542575300 -0.004149461 0.839926481
13.726510 -3.436536551 0.036046103 0.030738235 -0.011018034 -0.518625200 -0.003795414 0.854922295
13.830760 -3.454544306 0.036543887 0.042923927 -0.011584801 -0.494711190 -0.003058224 0.868974805
13.935130 -3.470550537 0.036389709 0.056982756 -0.014257436 -0.471909255 0.000539888 0.881531656
14.039380 -3.485872746 0.036615640 0.071561098 -0.017129496 -0.448117137 0.005301614 0.893794954
14.143650 -3.501095057 0.037129749 0.086502433 -0.015866471 -0.423670709 0.007267683 0.905648172
14.247880 -3.515040874 0.036720939 0.101858020 -0.012296732 -0.398728937 0.007331581 0.916957080
14.352150 -3.528569937 0.036828924 0.118282557 -0.006287989 -0.372521579 0.008019443 0.927967548
14.456380 -3.542066336 0.037037205 0.136201262 -0.001481347 -0.345065445 0.007402226 0.938548267
14.560630 -3.555140495 0.037012465 0.155844688 0.000271061 -0.316996276 0.007154812 0.948399723
14.664880 -3.567057133 0.036791783 0.177063942 0.001129992 -0.288929939 0.007324632 0.957321525
14.769010 -3.579337358 0.036582239 0.199730515 0.002673127 -0.260612518 0.006157994 0.965420127
14.873160 -3.589879990 0.035954565 0.223687887 0.002127297 -0.234528825 0.005641920 0.972090483
14.977150 -3.600577831 0.035613969 0.249221087 0.002326797 -0.210551009 0.002535042 0.977576792
15.081160 -3.610332489 0.035270289 0.275301576 0.003597099 -0.188400924 0.000051594 0.982085586
15.185010 -3.619626522 0.034970783 0.302678227 0.003204059 -0.169226497 -0.002558365 0.985568643
15.288760 -3.628505707 0.034273982 0.331658840 0.002047479 -0.153496966 -0.002526293 0.988143742
15.392480 -3.636742353 0.033588495 0.361565232 0.001031329 -0.140936151 -0.001948370 0.990016222
15.496190 -3.644513607 0.033488825 0.393846750 0.000102915 -0.130146220 -0.002121077 0.991492510
15.599910 -3.652302980 0.033391919 0.426622927 -0.001043622 -0.120824993 -0.003057423 0.992668569
15.703610 -3.660021782 0.033354256 0.459973037 -0.001478652 -0.113139197 -0.005519245 0.993562698
15.807320 -3.667594194 0.032908447 0.494096994 -0.002106219 -0.106264949 -0.007411555 0.994307995
15.911010 -3.674269438 0.032608062 0.528997838 -0.002175650 -0.099701509 -0.006587555 0.994993210
16.014760 -3.681166887 0.032511365 0.565379441 -0.002010840 -0.092673838 -0.006791876 0.995671332
16.118550 -3.687186003 0.032493100 0.602141023 -0.002348612 -0.085459314 -0.006935881 0.996314764
16.222360 -3.693161249 0.032323688 0.640506268 -0.002495653 -0.078334212 -0.007891090 0.996892810
16.326140 -3.698513508 0.031957351 0.678799927 -0.001140591 -0.071976162 -0.008021397 0.997373462
16.429890 -3.703857422 0.031273004 0.718040466 0.001478916 -0.066333912 -0.008794589 0.997757614
16.533760 -3.709125519 0.030859482 0.757697225 0.004466718 -0.061300933 -0.008043836 0.998076916
16.637520 -3.713379383 0.030365527 0.799142778 0.004472937 -0.057462532 -0.007943587 0.998306036
16.741260 -3.718125820 0.029937651 0.840659082 0.001525089 -0.053992566 -0.008774062 0.998501658
16.845140 -3.723293304 0.029162854 0.882234097 -0.002474326 -0.051408406 -0.010863322 0.998615563
16.948890 -3.727335453 0.028463371 0.924110651 -0.004472243 -0.049390335 -0.011102471 0.998707831
17.052630 -3.731695652 0.028154206 0.965765595 -0.003949096 -0.047668230 -0.010656824 0.998798549
17.156420 -3.735608339 0.027677948 1.007189631 -0.003450055 -0.046077751 -0.010722467 0.998874307
17.260280 -3.739508867 0.027124509 1.049477577 -0.004796788 -0.044726666 -0.010028330 0.998937428
17.364000 -3.742967367 0.026822049 1.090865135 -0.005869489 -0.043510869 -0.009107558 0.998994231
17.467890 -3.746304274 0.026838532 1.132368088 -0.006708532 -0.042085435 -0.007575317 0.999062777
17.571660 -3.750507832 0.026373738 1.174127698 -0.004905214 -0.040624548 -0.007639251 0.999133229
17.675510 -3.753944397 0.025952665 1.215136051 -0.001270721 -0.039913759 -0.009240739 0.999159575
17.779390 -3.757565975 0.025231842 1.255432606 0.002462107 -0.038960494 -0.009621162 0.999191403
17.883140 -3.760714054 0.024613224 1.296313763 0.004572413 -0.038412683 -0.009911255 0.999202371
17.987010 -3.764312506 0.023526680 1.336960912 0.003679904 -0.037166674 -0.010828797 0.999243617
18.090880 -3.768110514 0.022554893 1.378539085 0.001783913 -0.035844084 -0.012506903 0.999277532
18.194760 -3.771146774 0.021836212 1.418870211 -0.000811796 -0.034769718 -0.014038497 0.999296427
18.298510 -3.773797750 0.021145595 1.459466696 -0.001838865 -0.033630379 -0.012868882 0.999349833
18.402390 -3.776776075 0.020590404 1.499538660 -0.001793101 -0.032843601 -0.011342039 0.999394536
18.506260 -3.779429674 0.019665208 1.540561914 -0.002010535 -0.032290950 -0.010667782 0.999419570
18.610130 -3.782028913 0.019187009 1.581130743 -0.001041414 -0.031906854 -0.010569688 0.999434412
18.713910 -3.784575701 0.018554015 1.621737957 -0.000613842 -0.031503201 -0.009788045 0.999455512
18.817760 -3.787138462 0.018148635 1.662541151 -0.000531719 -0.031254321 -0.009280255 0.999468267
18.921640 -3.790123940 0.017859176 1.703980207 -0.000848029 -0.030770319 -0.010680571 0.999469042
19.025510 -3.792912960 0.017269164 1.745682716 -0.000510490 -0.030754024 -0.010662843 0.999469936
19.129390 -3.795711279 0.016724646 1.787308931 -0.000536341 -0.031560618 -0.010574409 0.999445736
19.233260 -3.798449755 0.016426047 1.829319477 -0.000581607 -0.032742132 -0.009308127 0.999420345
19.337010 -3.802163124 0.015672451 1.872469902 -0.000570683 -0.034080867 -0.010194384 0.999366939
19.440890 -3.806360722 0.015000746 1.914225817 -0.000560543 -0.035316251 -0.012191962 0.999301672
19.544760 -3.809367657 0.014231315 1.958143711 0.001949963 -0.036767352 -0.012074108 0.999248981
19.648510 -3.813565731 0.013315442 2.001396894 0.003532788 -0.037779506 -0.012521866 0.999201357
19.752390 -3.816874743 0.013026681 2.046115875 0.004463074 -0.038906053 -0.011969604 0.999161184
19.856260 -3.820939064 0.012116743 2.090576172 0.003637735 -0.039853524 -0.012516703 0.999120533
19.960140 -3.824581146 0.011093479 2.135612011 0.003302221 -0.041143067 -0.011585119 0.999080658
20.064010 -3.828590870 0.010447606 2.180779696 0.002464227 -0.042082384 -0.011365891 0.999046445
20.167930 -3.833280563 0.009603908 2.227315903 0.000583161 -0.042444732 -0.010929082 0.999038875
20.271890 -3.836968422 0.009054603 2.273221970 -0.001853132 -0.043107402 -0.010637332 0.999012113
20.375760 -3.840722561 0.008811159 2.319928646 -0.002694892 -0.043081321 -0.010634758 0.999011338
20.479750 -3.845710278 0.008039715 2.366851330 -0.002940845 -0.041657284 -0.012400284 0.999050677
20.583640 -3.849615097 0.007830478 2.414046049 -0.002265545 -0.040703904 -0.012335929 0.999092519
20.687510 -3.853794575 0.007520320 2.461453676 -0.000975657 -0.039692551 -0.011275151 0.999147832
20.791530 -3.857466459 0.006758048 2.508175373 -0.000472144 -0.038983025 -0.009352566 0.999195993
20.895390 -3.861400127 0.006465964 2.555256844 -0.000192876 -0.038012408 -0.008751708 0.999238908
20.999260 -3.864640474 0.005876116 2.603955984 -0.001620368 -0.037661757 -0.007602643 0.999260306
21.103270 -3.868942261 0.005247435 2.650815725 -0.002816579 -0.036906768 -0.006257637 0.999295175
21.207140 -3.873810291 0.005111972 2.696839094 -0.002859411 -0.036062650 -0.006075841 0.999327004
21.311120 -3.875868797 0.003785164 2.745057821 -0.001458167 -0.036154762 -0.007194092 0.999319255
21.415040 -3.879749298 0.003201704 2.792430878 0.001688775 -0.035872974 -0.008544165 0.999318421
21.519010 -3.884150743 0.002219044 2.838859320 0.004394865 -0.034983162 -0.009312389 0.999334872
21.622900 -3.886621237 0.001168773 2.884300709 0.007196820 -0.035154302 -0.011704384 0.999287426
21.726890 -3.890771389 -0.000141259 2.930491447 0.007581168 -0.034291022 -0.011543935 0.999316454
21.830760 -3.893796682 -0.001026260 2.977673292 0.004468107 -0.034502361 -0.009802887 0.999346554
21.934640 -3.897090673 -0.002379369 3.023579836 -0.000023683 -0.034809962 -0.009024679 0.999353170
22.038660 -3.901027679 -0.003680544 3.069706202 -0.003988111 -0.035199240 -0.008921963 0.999332547
22.142620 -3.904205561 -0.003678937 3.115794659 -0.002718698 -0.036584437 -0.007447380 0.999299109
22.246540 -3.906775951 -0.004681827 3.160584927 -0.001259975 -0.037840132 -0.005281718 0.999269068
22.350390 -3.910884380 -0.005345571 3.206014872 -0.000443939 -0.039030943 -0.004319947 0.999228597
22.454390 -3.915192842 -0.006290347 3.249984264 0.000627262 -0.040158685 -0.005576716 0.999177575
22.558370 -3.919325352 -0.007168136 3.294698715 0.002358502 -0.041956421 -0.006476237 0.999095678
22.662270 -3.923721075 -0.008012578 3.338495493 0.004145647 -0.043785732 -0.007030747 0.999007583
22.766140 -3.928203821 -0.008979578 3.382557869 0.006303610 -0.045304336 -0.008033439 0.998921037
22.870160 -3.933182716 -0.010384627 3.426158190 0.006287225 -0.046768803 -0.010706713 0.998828530
22.974020 -3.937833071 -0.011564113 3.470199585 0.005500464 -0.048731562 -0.012443165 0.998719215
23.078010 -3.942686081 -0.012622103 3.513395548 0.002576579 -0.050774489 -0.013739154 0.998612285
23.181990 -3.947718859 -0.013540523 3.557189226 -0.000154038 -0.052707352 -0.013574406 0.998517692
23.285910 -3.952740192 -0.014333390 3.600276947 -0.002087513 -0.055381108 -0.013149117 0.998376548
23.389770 -3.957777500 -0.014499949 3.643318176 -0.002365039 -0.058626633 -0.013288452 0.998188734
23.493760 -3.963192701 -0.015208442 3.686065435 -0.004540994 -0.061531559 -0.011825344 0.998024762
23.597640 -3.969393730 -0.015290868 3.727589130 -0.003930096 -0.064689055 -0.012528625 0.997819066
23.701510 -3.975791693 -0.015820887 3.769675016 -0.003514877 -0.067752987 -0.014788187 0.997586310
23.805540 -3.982392788 -0.016218727 3.810964584 -0.001459457 -0.070554450 -0.016081687 0.997377217
23.909390 -3.988647223 -0.016819866 3.852636337 0.000018911 -0.073645517 -0.015995910 0.997156203
24.013390 -3.995523214 -0.017470296 3.892961979 0.000729840 -0.076197900 -0.016811196 0.996950686
24.117270 -4.002054214 -0.017820798 3.934123993 -0.001766599 -0.078773558 -0.017452570 0.996738195
24.221270 -4.009733200 -0.018057283 3.975500822 -0.003676894 -0.081706755 -0.017957397 0.996487856
24.325140 -4.017071724 -0.018938627 4.015854359 -0.004992057 -0.084726408 -0.017381508 0.996240139
24.429140 -4.024158955 -0.019182548 4.055761337 -0.003067867 -0.088348620 -0.016515635 0.995947957
24.533020 -4.032194614 -0.019313307 4.096242905 0.000539488 -0.092625439 -0.015508833 0.995580077
24.636890 -4.039993286 -0.019920841 4.135169029 0.001294509 -0.097188197 -0.014377192 0.995161355
24.740760 -4.048833370 -0.020420669 4.176391602 -0.000069853 -0.102750003 -0.013795294 0.994611561
24.844640 -4.057896614 -0.020816874 4.216125011 -0.003295808 -0.108396932 -0.013538883 0.994010031
24.948510 -4.067983627 -0.020862721 4.256341934 -0.006929655 -0.114380315 -0.014020323 0.993313909
25.052390 -4.078633785 -0.021053553 4.295592308 -0.008646064 -0.119865552 -0.014154790 0.992651582
25.156270 -4.089052677 -0.021390878 4.334490776 -0.006127891 -0.125823036 -0.016061679 0.991903782
25.260140 -4.100011349 -0.021352544 4.372354984 -0.001260302 -0.131938487 -0.016540768 0.991119087
25.364010 -4.111210346 -0.021612203 4.410502434 0.001031009 -0.138333946 -0.015483370 0.990264058
25.467890 -4.123334408 -0.021730579 4.449999332 -0.001449688 -0.144395456 -0.014794540 0.989408374
25.571790 -4.135626793 -0.021591723 4.489236832 -0.004882623 -0.150489539 -0.015003590 0.988485694
25.675640 -4.148884773 -0.022036128 4.528686523 -0.007775647 -0.156645179 -0.014439801 0.987518787
25.779520 -4.162124157 -0.022023201 4.567236900 -0.006947427 -0.163235843 -0.013310945 0.986472785
25.883390 -4.176344872 -0.021877363 4.606070518 -0.004613040 -0.169217959 -0.012668548 0.985486448
25.987390 -4.189696789 -0.022567201 4.643571854 -0.001499255 -0.173849538 -0.011291233 0.984706342
26.091270 -4.204618454 -0.022776114 4.681847095 0.001186727 -0.177833065 -0.009630686 0.984012842
26.195270 -4.219442368 -0.023111142 4.719612598 0.002317054 -0.181620449 -0.009893621 0.983316183
26.299290 -4.235217094 -0.023886794 4.758035660 0.002692778 -0.185830683 -0.012350235 0.982500434
26.403140 -4.250459671 -0.024503559 4.796232700 0.001617227 -0.190207630 -0.012138498 0.981667519
26.507020 -4.267334938 -0.024813566 4.835198402 -0.001908191 -0.194097355 -0.011926099 0.980907917
26.611020 -4.283704758 -0.025002748 4.874226570 -0.006075926 -0.197781339 -0.012092421 0.980152726
26.714890 -4.301353455 -0.025309354 4.912293434 -0.008553797 -0.200735077 -0.016617958 0.979467273
26.818890 -4.318899632 -0.025258571 4.950149059 -0.006191833 -0.203779131 -0.020595375 0.978780627
26.922890 -4.336515427 -0.025098667 4.988082886 -0.002488530 -0.206704453 -0.019488918 0.978206158
27.026890 -4.353484154 -0.025123440 5.026354313 0.000742024 -0.209342316 -0.016244343 0.977707207
27.130890 -4.370991707 -0.025085945 5.064243317 0.001271874 -0.211415291 -0.016535431 0.977255583
27.234770 -4.389789581 -0.025622696 5.102859020 -0.000905215 -0.213709146 -0.019378712 0.976704717
27.338640 -4.407586575 -0.025757618 5.140954971 -0.002863249 -0.216817632 -0.020035060 0.976002336
27.442660 -4.426230907 -0.026160434 5.179495811 -0.002176198 -0.219441921 -0.018431094 0.975449026
27.546520 -4.444874287 -0.026569642 5.216814041 0.000973219 -0.221907601 -0.018401317 0.974893570
27.650520 -4.463296413 -0.026648469 5.254680634 0.004347120 -0.224639848 -0.017752256 0.974270403
27.754390 -4.482670784 -0.027186222 5.292069435 0.005245485 -0.226951793 -0.018553112 0.973715127
27.858410 -4.502269745 -0.027717026 5.330440521 0.003376492 -0.229148045 -0.019669728 0.973186970
27.962300 -4.521358490 -0.028460179 5.368089676 0.002382378 -0.231631920 -0.020360043 0.972587526
28.066150 -4.541138172 -0.029013705 5.405672550 0.002125443 -0.234012663 -0.020697281 0.972010911
28.170020 -4.560671806 -0.029432394 5.442738533 0.002406061 -0.236465931 -0.019741299 0.971436203
28.274040 -4.580754280 -0.029977014 5.480006695 0.002554689 -0.238587216 -0.018897804 0.970933795
28.377890 -4.600585938 -0.030605316 5.516812801 0.002073965 -0.240875751 -0.018555120 0.970376372
28.481890 -4.621124268 -0.031020913 5.553589821 0.002153796 -0.243034974 -0.019341158 0.969822288
28.585770 -4.641146660 -0.031654619 5.589647293 0.002228804 -0.245281100 -0.019691758 0.969249427
28.689660 -4.661400795 -0.032429803 5.625800133 0.004016289 -0.247756287 -0.018548068 0.968636513
28.793670 -4.681515217 -0.033142954 5.661462784 0.005993321 -0.250101656 -0.017584890 0.968041301
28.897520 -4.701442719 -0.033795465 5.696355820 0.007367934 -0.252179384 -0.016979044 0.967503488
29.001520 -4.721555710 -0.034043193 5.731625557 0.005699014 -0.254135191 -0.017303156 0.966997147
29.105390 -4.741765022 -0.035235535 5.766550064 0.001204714 -0.255767822 -0.018503835 0.966560423
29.209390 -4.761427879 -0.035536066 5.801046848 -0.003776637 -0.257274836 -0.017953720 0.966164112
29.313270 -4.781418800 -0.035661891 5.835157871 -0.006255369 -0.258749336 -0.017188428 0.965771317
29.417270 -4.800253391 -0.035903707 5.867642879 -0.006374397 -0.260443330 -0.015607428 0.965341926
29.521140 -4.819609165 -0.035756752 5.899246693 -0.004596974 -0.261938214 -0.014978371 0.964957476
29.625020 -4.838022232 -0.035773061 5.930756569 -0.003285178 -0.263699681 -0.014068993 0.964496613
29.729040 -4.856896877 -0.036107570 5.960781574 -0.002877521 -0.264860153 -0.013548339 0.964187324
29.832900 -4.874907494 -0.035792626 5.990387917 -0.002668131 -0.266050011 -0.012563614 0.963873625
29.936770 -4.892417908 -0.036384314 6.018765450 -0.003295235 -0.267179042 -0.012695457 0.963557661
30.040770 -4.909262657 -0.036647059 6.046186924 -0.004062789 -0.268293411 -0.012663553 0.963245392
30.144650 -4.925785542 -0.036703914 6.072695732 -0.004502746 -0.269418389 -0.011532280 0.962943673
30.248520 -4.941391945 -0.036423266 6.098008156 -0.004634327 -0.270628840 -0.010448036 0.962615907
30.352400 -4.956696033 -0.036921263 6.122175217 -0.004347876 -0.271617353 -0.010173708 0.962341726
30.456270 -4.971054077 -0.036756650 6.145155907 -0.002171288 -0.272840917 -0.010637976 0.961997926
30.560270 -4.985735416 -0.036937281 6.166621685 -0.000146663 -0.273761928 -0.009892005 0.961746633
30.664040 -4.999396801 -0.037094012 6.186573982 0.000419472 -0.275405139 -0.007988310 0.961294949
30.767900 -5.012109756 -0.037154753 6.207725048 -0.000219161 -0.277930617 -0.005824529 0.960583448
30.871790 -5.024019241 -0.037168421 6.226980209 -0.000747882 -0.281229466 -0.006052905 0.959621191
30.975650 -5.037374496 -0.037612237 6.244315624 -0.001243024 -0.283887208 -0.008001678 0.958823502
31.079540 -5.049305439 -0.037805460 6.260992050 -0.002738866 -0.286946952 -0.010574004 0.957884192
31.183270 -5.060870171 -0.038095459 6.277286530 -0.005850073 -0.290114969 -0.012604780 0.956890881
31.287140 -5.071115971 -0.038232327 6.292433739 -0.007844701 -0.294222981 -0.012810521 0.955618739
31.390900 -5.081342220 -0.038389996 6.306410789 -0.009100704 -0.298551649 -0.010981527 0.954286873
31.494660 -5.090781689 -0.038213626 6.319588184 -0.009926524 -0.304269463 -0.009487152 0.952487051
31.598390 -5.100768089 -0.038172007 6.331744194 -0.010812111 -0.310849667 -0.008390903 0.950360537
31.702150 -5.110037327 -0.038390517 6.342581272 -0.011461615 -0.318728656 -0.008413409 0.947739363
31.805770 -5.119642735 -0.038303718 6.353055477 -0.010888689 -0.327843338 -0.009358090 0.944622993
31.909520 -5.128094196 -0.038860500 6.362324238 -0.009854903 -0.338299692 -0.009115369 0.940942645
32.013150 -5.137042999 -0.038652316 6.370554924 -0.007124357 -0.348622233 -0.008721637 0.937195659
32.116900 -5.145521164 -0.038570687 6.378429413 -0.004696774 -0.359038204 -0.007673326 0.933279514
32.220650 -5.153900146 -0.038636439 6.385689735 -0.002139055 -0.369454831 -0.008896305 0.929203629
32.324400 -5.162757397 -0.038283169 6.392737865 0.000351490 -0.379897416 -0.011888957 0.924952149
32.428170 -5.172015667 -0.038555294 6.399762154 0.000526830 -0.390778601 -0.013274622 0.920388818
32.531770 -5.180754185 -0.038130879 6.407303333 -0.000483242 -0.402678877 -0.011995525 0.915262580
32.635530 -5.190144539 -0.038014919 6.413514137 -0.001749649 -0.414277554 -0.011034377 0.910082042
32.739270 -5.199735641 -0.038051091 6.420285702 -0.002870754 -0.427451968 -0.011701557 0.903957784
32.842900 -5.210162163 -0.037750274 6.425543308 -0.003468754 -0.440622896 -0.013975754 0.897576809
32.946650 -5.220289230 -0.037561297 6.431458950 -0.004513816 -0.454304963 -0.015833806 0.890694082
33.050400 -5.230486870 -0.037386402 6.436312675 -0.005168034 -0.467650324 -0.017210027 0.883730888
33.154020 -5.240855217 -0.037350997 6.441459179 -0.005260171 -0.481327772 -0.019178782 0.876315057
33.257770 -5.251413345 -0.037490040 6.445129871 -0.005556715 -0.494354308 -0.021786841 0.868969679
33.361650 -5.262388229 -0.037481695 6.449645519 -0.005966788 -0.508255124 -0.023534082 0.860864222
33.465270 -5.272997379 -0.037573576 6.453279495 -0.006358351 -0.522395968 -0.023146009 0.852365077
33.569020 -5.284641266 -0.037658304 6.457098007 -0.005276379 -0.537488520 -0.022366522 0.842957914
33.672790 -5.297094345 -0.037344486 6.460537434 -0.003478485 -0.553202212 -0.021212181 0.832769632
33.776420 -5.311357498 -0.036701664 6.464019299 -0.002708463 -0.570488870 -0.020533558 0.821044147
33.880040 -5.326189518 -0.036480665 6.466965675 -0.002917359 -0.588181615 -0.020242646 0.808470249
33.983650 -5.342584610 -0.035772815 6.469348907 -0.002635231 -0.606255591 -0.019449122 0.795027673
34.087400 -5.359048367 -0.035421476 6.470648766 -0.002285617 -0.624972939 -0.018632760 0.780420721
34.191020 -5.376874924 -0.035233527 6.471128464 -0.002391417 -0.643874764 -0.017957170 0.764916420
34.294770 -5.395806789 -0.034540042 6.470994949 -0.002672017 -0.662909687 -0.017845092 0.748481870
34.398420 -5.416027546 -0.034111932 6.470125675 -0.003930031 -0.682189226 -0.018066600 0.730941832
34.502140 -5.436470985 -0.033550084 6.468646049 -0.006101729 -0.701402009 -0.018066520 0.712510765
34.605900 -5.458085537 -0.032887861 6.465730667 -0.008018841 -0.720116556 -0.017812032 0.693578124
34.709660 -5.479519844 -0.032301083 6.462140560 -0.010192213 -0.738697946 -0.017049156 0.673743963
34.813400 -5.502004623 -0.031316146 6.456537724 -0.011549359 -0.756281972 -0.016768934 0.653928876
34.917150 -5.526556015 -0.029806808 6.450151443 -0.012178338 -0.773245573 -0.016692268 0.633769989
35.021020 -5.550989628 -0.028757721 6.442115784 -0.013546097 -0.789166570 -0.016132275 0.613817811
35.124770 -5.576454163 -0.027606055 6.432697296 -0.015400369 -0.804389179 -0.014902107 0.593715966
35.228670 -5.602283955 -0.026637450 6.421675682 -0.017396163 -0.818849146 -0.013468442 0.573587000
35.332520 -5.628863811 -0.025823697 6.408916473 -0.019480117 -0.832303762 -0.012298672 0.553840876
35.436400 -5.655331612 -0.025189377 6.394459248 -0.021312930 -0.844726384 -0.011648457 0.534647048
35.540420 -5.684017658 -0.023752034 6.378184319 -0.022114649 -0.856218398 -0.010877559 0.516025782
35.644400 -5.713014126 -0.022624552 6.359602928 0.022493701 0.866091967 0.010675268 -0.499264210
35.748650 -5.741768837 -0.021656383 6.339839458 0.022605324 0.874127686 0.010727122 -0.485051244
35.852770 -5.772433758 -0.020314906 6.317773342 0.021483911 0.880697131 0.010823257 -0.473068565
35.957050 -5.803463936 -0.019167829 6.295279980 0.020780113 0.885748148 0.010714448 -0.463577002
36.061290 -5.835643768 -0.017844733 6.271243572 0.020317078 0.889654994 0.011136283 -0.456045210
36.165670 -5.868418217 -0.016511235 6.246295929 0.020702345 0.892796338 0.011078238 -0.449848235
36.269900 -5.902181625 -0.015262283 6.220163345 0.021407716 0.895501494 0.011226384 -0.444401503
36.374170 -5.936855316 -0.014045693 6.193978310 0.022292394 0.897803128 0.011302720 -0.439687133
36.478420 -5.972390175 -0.012636300 6.164832115 0.021931058 0.899504960 0.011753138 -0.436201453
36.582670 -6.009239674 -0.011636943 6.136091709 0.021933021 0.901186526 0.012178565 -0.432704836
36.686900 -6.045216560 -0.010006152 6.105766296 0.021914991 0.902296484 0.012292283 -0.430383176
36.791110 -6.081984043 -0.008448366 6.074676037 0.022140233 0.903137505 0.012235223 -0.428605616
36.895150 -6.121961117 -0.006895412 6.042268276 0.023024952 0.903836906 0.012156454 -0.427084148
36.999490 -6.160281181 -0.005727008 6.009949684 0.023080593 0.903972328 0.012512741 -0.426784247
37.103550 -6.201234341 -0.003602616 5.976149082 0.023086328 0.904232860 0.011992590 -0.426246494
37.207650 -6.242395878 -0.002172831 5.942007542 0.023019627 0.904420853 0.011483391 -0.425865203
37.311780 -6.284177303 -0.000529412 5.907008648 0.023006715 0.904591620 0.010984126 -0.425516069
37.415890 -6.326515675 0.001736898 5.871741772 0.023033760 0.904722095 0.011248415 -0.425230354
37.520030 -6.369586468 0.002881788 5.835197926 0.023215955 0.904901326 0.012796242 -0.424795002
37.624150 -6.413144112 0.004302513 5.798954964 0.023453481 0.905148566 0.013971956 -0.424217820
37.728150 -6.458107948 0.005973253 5.761554241 0.023452692 0.905401111 0.013930136 -0.423680067
37.832280 -6.502543926 0.007709876 5.722784042 0.023310369 0.905385077 0.012969027 -0.423752606
37.936280 -6.548100471 0.009862635 5.685123920 0.023658872 0.905691683 0.011923256 -0.423108369
38.040280 -6.593973160 0.011513978 5.646236420 0.024755355 0.905807316 0.011431519 -0.422811508
38.144280 -6.641127586 0.013873927 5.606415749 0.025234118 0.906014562 0.010542759 -0.422362030
38.248280 -6.687540054 0.014799099 5.566578865 0.025158880 0.906258166 0.009562761 -0.421866983
38.352280 -6.736538887 0.016368032 5.525331497 0.024144199 0.906658411 0.007591838 -0.421105593
38.456150 -6.784582138 0.017168254 5.484158993 0.022528188 0.906821311 0.006666854 -0.420860052
38.560150 -6.833788872 0.018917579 5.441382408 0.021416605 0.906782687 0.006669300 -0.421001196
38.664150 -6.883842468 0.019554473 5.399385452 0.021588994 0.906828761 0.007909048 -0.420871586
38.768150 -6.933784485 0.021124251 5.356200218 0.021730296 0.906743050 0.009172741 -0.421023458
38.872030 -6.984117508 0.022870116 5.313539505 0.022142112 0.906807065 0.010102717 -0.420842767
38.976020 -7.035750389 0.024299584 5.270656586 0.023478860 0.906945825 0.010655046 -0.420457423
39.079900 -7.085400581 0.025686502 5.227742195 0.023969233 0.906916082 0.010978932 -0.420485616
39.183930 -7.135890961 0.027043529 5.184489727 0.023996895 0.906887174 0.011105005 -0.420543045
39.287780 -7.186176300 0.028249167 5.140879631 0.023014622 0.906887531 0.011788496 -0.420578629
39.391750 -7.237211704 0.030107602 5.097583771 0.023629587 0.906992078 0.012100323 -0.420310080
39.495830 -7.288217545 0.032167412 5.053802490 0.023431486 0.907088399 0.012720970 -0.420094907
39.599580 -7.338994026 0.033608526 5.010340691 0.024226213 0.907083333 0.013293575 -0.420043081
39.703630 -7.389961243 0.035886198 4.967570782 0.024442988 0.907337010 0.012739276 -0.419499457
39.807870 -7.439943314 0.036942184 4.924376965 0.024415633 0.907466710 0.012548726 -0.419226140
39.911280 -7.490322590 0.038714491 4.881199837 0.024512365 0.907720983 0.011989006 -0.418686122
40.015280 -7.541040421 0.039909169 4.837985039 0.024869094 0.908018887 0.012193236 -0.418012619
40.119140 -7.591651917 0.041832156 4.792931080 0.024280148 0.908149242 0.012100571 -0.417766631
40.223030 -7.641293526 0.043451555 4.750179291 0.024197698 0.908336580 0.011869415 -0.417370588
40.326930 -7.691550255 0.044846483 4.706662178 0.023599876 0.908473670 0.011588917 -0.417114288
40.430770 -7.741315365 0.046445988 4.662568092 0.022973094 0.908452153 0.011801210 -0.417190224
40.534990 -7.791683197 0.048122384 4.619425297 0.021681964 0.908553541 0.012667252 -0.417013019
40.638670 -7.841870308 0.049834482 4.575786591 0.020926926 0.908381164 0.012762801 -0.417424172
40.742540 -7.892568588 0.051006153 4.531357288 0.020498598 0.908089995 0.012431325 -0.418088317
40.846410 -7.942846298 0.052721709 4.487129211 0.019342056 0.907687664 0.012003480 -0.419028461
40.950400 -7.993845463 0.054273017 4.444562912 0.019930316 0.907396853 0.012003478 -0.419630408
41.054600 -8.043996811 0.055042788 4.401447773 0.021243870 0.907037377 0.012780533 -0.420319617
41.158230 -8.095259666 0.057606325 4.358499527 0.023337431 0.906776726 0.014199888 -0.420725197
41.262460 -8.145912170 0.059604421 4.315861702 0.025829593 0.906534851 0.016586268 -0.421013504
41.365930 -8.197145462 0.061503664 4.271935463 0.026512466 0.906326413 0.017381681 -0.421387494
41.469820 -8.247409821 0.064019218 4.228743076 0.025510399 0.906276047 0.015251359 -0.421640038
41.573580 -8.297224998 0.065988034 4.186367989 0.024475854 0.906271935 0.013224702 -0.421778709
41.677410 -8.348949432 0.067941263 4.143465042 0.024771288 0.906408608 0.013088142 -0.421471864
41.781210 -8.399059296 0.069773600 4.100630760 0.025230518 0.906394780 0.014686768 -0.421421647
41.885060 -8.449066162 0.071607694 4.058851242 0.026047738 0.906522751 0.015016481 -0.421084970
41.988800 -8.499199867 0.073555931 4.015486717 0.025822073 0.906592607 0.014252343 -0.420975029
42.092740 -8.548519135 0.075223699 3.972738981 0.025676778 0.906648219 0.013514210 -0.420888484
42.196450 -8.598905563 0.077205658 3.930806637 0.025562791 0.906969249 0.014222992 -0.420179754
42.300170 -8.649055481 0.079337388 3.887922287 0.026538687 0.907091260 0.015916692 -0.419794887
42.404080 -8.698545456 0.081420556 3.845133066 0.027535949 0.907121658 0.017105797 -0.419618279
42.507790 -8.748003006 0.083586171 3.802767515 0.028085105 0.907230854 0.017147899 -0.419343889
42.611550 -8.795532227 0.085250586 3.761006117 0.028360449 0.907233596 0.016465275 -0.419346839
42.715290 -8.844945908 0.088178396 3.719243050 0.027939653 0.907557368 0.015285596 -0.418718696
42.819190 -8.895277023 0.090077147 3.677243948 0.027021488 0.907776237 0.015235215 -0.418306172
42.922920 -8.942718506 0.092260972 3.635396719 0.025883093 0.907496274 0.015405104 -0.418978781
43.026850 -8.991563797 0.094862029 3.592233419 0.025114020 0.907271266 0.015284602 -0.419516951
43.130550 -9.040022850 0.096319467 3.551065683 0.024406200 0.907185018 0.015862824 -0.419723868
43.234430 -9.088093758 0.097413540 3.509611368 0.023677805 0.907005966 0.016984662 -0.420108378
43.338330 -9.136715889 0.100837186 3.468779087 0.024577761 0.906901181 0.015896169 -0.420325458
43.442050 -9.184322357 0.102690428 3.426635504 0.023425484 0.906706214 0.015632236 -0.420821488
43.545910 -9.232584953 0.104113132 3.386295319 0.023239670 0.906621754 0.015337201 -0.421024561
43.649770 -9.280920029 0.106233492 3.345058680 0.023582425 0.906526268 0.015060225 -0.421221048
43.753650 -9.328805923 0.107997328 3.304498672 0.025579138 0.906279981 0.015013655 -0.421635985
43.857500 -9.376129150 0.109637886 3.263920307 0.025387678 0.906220794 0.015079776 -0.421772301
43.961280 -9.422616959 0.111442775 3.226100922 0.025342224 0.906170189 0.013900768 -0.421924412
44.065190 -9.469625473 0.113224432 3.188227415 0.025304241 0.906240165 0.011697851 -0.421843141
44.169050 -9.516628265 0.114681408 3.147329569 0.025068574 0.905942023 0.010750672 -0.422522217
44.272790 -9.562990189 0.115615159 3.108471632 0.023895357 0.905806363 0.012114094 -0.422843963
44.376660 -9.609252930 0.117596105 3.068489075 0.023911832 0.905667663 0.012455787 -0.423130065
44.480540 -9.654928207 0.118583784 3.030319452 0.023864416 0.905821800 0.012407634 -0.422804296
44.584310 -9.699050903 0.119714066 2.993396282 0.023474680 0.905819416 0.012367399 -0.422832370
44.688220 -9.743449211 0.121320546 2.955731869 0.023892965 0.905751526 0.012067705 -0.422962993
44.792180 -9.786048889 0.122077331 2.920001268 0.023349168 0.905809581 0.012290231 -0.422862530
44.895870 -9.827956200 0.122981206 2.883949518 0.022845253 0.905741572 0.012869093 -0.423018575
44.999710 -9.870210648 0.124663323 2.848260164 0.022686115 0.905807853 0.012520925 -0.422895610
45.103550 -9.911930084 0.125528365 2.813728809 0.023184596 0.905851424 0.012946018 -0.422762394
45.207330 -9.952796936 0.127352118 2.778381824 0.023320029 0.905815482 0.013725403 -0.422807366
45.311220 -9.994001389 0.128360361 2.744337082 0.024300389 0.905948043 0.014816674 -0.422431171
45.415240 -10.034151077 0.130054086 2.710623026 0.024739537 0.905889928 0.015292284 -0.422513306
45.518940 -10.073991776 0.132142752 2.677566767 0.025607277 0.906052768 0.015303497 -0.422111928
45.622980 -10.112634659 0.133024186 2.645110130 0.026961606 0.906122267 0.015308473 -0.421878040
45.726540 -10.150619507 0.134301931 2.613249063 0.027572107 0.906336308 0.014849532 -0.421395093
45.831090 -10.187600136 0.135924876 2.580970287 0.027519206 0.906465828 0.015111465 -0.421110451
45.934310 -10.222410202 0.136418730 2.551203012 0.028709508 0.906701386 0.014750201 -0.420536369
46.038180 -10.258993149 0.138199121 2.519981623 0.028841471 0.907259107 0.013819295 -0.419354379
46.142050 -10.292895317 0.139376611 2.490904808 0.029962925 0.908272624 0.012643014 -0.417112947
46.245920 -10.327798843 0.140800238 2.460463524 0.031006124 0.909717917 0.011710433 -0.413901985
46.349680 -10.360120773 0.141781509 2.430946827 0.032167647 0.911788046 0.011074832 -0.409249544
46.453430 -10.392869949 0.143356532 2.401932716 0.033519804 0.914255977 0.010571176 -0.403609604
46.557220 -10.422979355 0.144233018 2.373088837 0.034376953 0.917011499 0.010388483 -0.397240758
46.660970 -10.453474045 0.145023674 2.342658997 0.035911009 0.920237422 0.009981723 -0.389581621
46.764550 -10.481347084 0.145552069 2.313377857 0.037791573 0.923954427 0.009287077 -0.380517811
46.868310 -10.508970261 0.146854416 2.283532143 0.039476428 0.928196311 0.008385923 -0.369895816
46.971930 -10.534477234 0.147749782 2.253433228 0.039943859 0.933000445 0.008515629 -0.357550144
47.075560 -10.558463097 0.148490444 2.222726583 0.039230492 0.938114166 0.009317887 -0.343970895
47.179170 -10.580593109 0.149525926 2.192014456 0.038180139 0.943404198 0.010390571 -0.329276174
47.282920 -10.601228714 0.149826318 2.161581993 0.036808129 0.948999524 0.011496405 -0.312910408
47.386540 -10.620248795 0.150954261 2.130623579 0.035615213 0.954830766 0.012086155 -0.294760317
47.490160 -10.637829781 0.151751444 2.099027157 0.036275312 0.960649550 0.012679447 -0.275092274
47.593870 -10.652214050 0.152060851 2.067591667 0.034182537 0.966670394 0.013525363 -0.253371298
47.697410 -10.664947510 0.152195856 2.036945581 0.030586138 0.972468793 0.013687537 -0.230611309
47.801160 -10.675157547 0.152697146 2.004946947 0.024552803 0.977707028 0.013607360 -0.208088726
47.904910 -10.685046196 0.152750134 1.972829103 0.020407397 0.982403576 0.013260238 -0.185178056
48.008600 -10.692954063 0.153096065 1.941146851 0.016974399 0.986670852 0.011738104 -0.161414593
48.112290 -10.700115204 0.152922288 1.908469915 0.016326256 0.990432322 0.011105044 -0.136579245
48.216060 -10.705452919 0.152961344 1.875849962 0.015814794 0.993555367 0.011286838 -0.111669920
48.319780 -10.709175110 0.153906852 1.842995048 0.015925907 0.996052623 0.011754068 -0.086529493
48.423630 -10.710050583 0.153515488 1.810148835 0.012565802 0.997940958 0.014052312 -0.061306413
48.527420 -10.709939957 0.153964758 1.776395679 0.007687113 0.999195993 0.016695097 -0.035629936
48.631190 -10.707549095 0.154088825 1.743363380 0.006833233 0.999750316 0.018598624 -0.010332990
48.734910 -10.705014229 0.155299753 1.710878730 0.008805529 0.999674737 0.017791877 0.016009949
48.838780 -10.700631142 0.154799283 1.679021597 0.013438920 0.998885632 0.017475154 0.041730747
48.942530 -10.694133759 0.155211538 1.647383809 0.015033218 0.997499168 0.016121125 0.067152977
49.046410 -10.685772896 0.155265570 1.617115021 0.015924459 0.995510519 0.015222999 0.092051491
49.150280 -10.676118851 0.155723333 1.586463690 0.015724687 0.992912233 0.013819818 0.116991639
49.254030 -10.665332794 0.156146482 1.557372570 0.016518634 0.989593506 0.013073966 0.142340988
49.357910 -10.653135300 0.157094628 1.527069569 0.019335123 0.985573947 0.012845003 0.167645857
49.461780 -10.639259338 0.157445550 1.497569799 0.020648966 0.981317103 0.012374679 0.190885380
49.565780 -10.622772217 0.157383785 1.468439341 0.018814951 0.976840258 0.012899558 0.212750226
49.669780 -10.605926514 0.157001391 1.439116240 0.017281525 0.972062945 0.015098630 0.233595863
49.773780 -10.587868690 0.157057241 1.410208702 0.018355794 0.967413247 0.017292831 0.251943767
49.878030 -10.568821907 0.157070071 1.380970001 0.020236164 0.962995648 0.019030314 0.268081635
49.982180 -10.548297882 0.157368705 1.352207184 0.020096976 0.958892643 0.019297794 0.282397896
50.086410 -10.526914597 0.157551482 1.323352337 0.019439563 0.955181301 0.019610163 0.294730753
50.190690 -10.504751205 0.157791719 1.294538498 0.018716166 0.951967001 0.019164946 0.305026710
50.295050 -10.481910706 0.158259526 1.265211582 0.018487358 0.949308753 0.018795347 0.313237637
50.399300 -10.458023071 0.158382028 1.235915184 0.017853945 0.947233200 0.018152846 0.319532454
50.503680 -10.433736801 0.158669606 1.206117153 0.016964016 0.945485830 0.017381590 0.324756294
50.608030 -10.408756256 0.158852786 1.175982952 0.016387802 0.944085717 0.015999308 0.328903705
50.712390 -10.383495331 0.159134611 1.145237446 0.016757216 0.942916572 0.015302551 0.332254946
50.816730 -10.357601166 0.159535408 1.113351822 0.017812002 0.941945255 0.015341695 0.334942579
50.920920 -10.330728531 0.159558386 1.081120968 0.019505335 0.941238284 0.015810777 0.336808562
51.025280 -10.303395271 0.159430057 1.049219608 0.018515600 0.940705061 0.014738614 0.338399023
51.129530 -10.274842262 0.159276724 1.015920639 0.016541654 0.940286279 0.013425818 0.339717239
51.233800 -10.245847702 0.159661010 0.982618809 0.015049808 0.940084338 0.012940935 0.340363652
51.338030 -10.215520859 0.159992024 0.947395325 0.016120033 0.939970136 0.013874450 0.340593219
51.442160 -10.185977936 0.159566507 0.911695957 0.018679267 0.939947963 0.015125378 0.340470403
51.546400 -10.154525757 0.159891576 0.873211384 0.018795408 0.940083623 0.014510521 0.340116054
51.650530 -10.122974396 0.159911901 0.836563110 0.017020401 0.940251172 0.011654926 0.339856118
51.754650 -10.089778900 0.160167828 0.796848774 0.017834088 0.940295577 0.008398565 0.339787662
51.858780 -10.057207108 0.160645485 0.757542610 0.018320996 0.940418303 0.006161113 0.339469939
51.962780 -10.022023201 0.159854442 0.715402126 0.019722609 0.940482914 0.006676608 0.339202553
52.066910 -9.987510681 0.159488142 0.673388004 0.018636202 0.940507233 0.007731693 0.339173973
52.171030 -9.950145721 0.158930078 0.629897118 0.015147569 0.940655529 0.007800881 0.338934898
52.275030 -9.913587570 0.158574387 0.585799217 0.013577064 0.940595925 0.008001990 0.339162141
52.379030 -9.874471664 0.158410490 0.539897442 0.012934432 0.940565646 0.008422981 0.339261025
52.483160 -9.837388992 0.158825547 0.494597912 0.012012812 0.940529585 0.009505315 0.339366227
52.587160 -9.795570374 0.158644944 0.444731236 0.012246836 0.940606713 0.012059505 0.339062721
52.691180 -9.755178452 0.158735394 0.396358967 0.010351893 0.940561771 0.012364379 0.339239568
52.795150 -9.712433815 0.158934265 0.345914841 0.008987382 0.940501273 0.010491004 0.339509279
52.899160 -9.672496796 0.159538269 0.297982693 0.009985088 0.940395355 0.009122171 0.339814156
53.003160 -9.628648758 0.159571975 0.245203972 0.011252286 0.940220416 0.010154391 0.340228975
53.107160 -9.585735321 0.159457535 0.192910671 0.011391068 0.940209329 0.013319401 0.340145946
53.211180 -9.541159630 0.160093337 0.140826702 0.012556471 0.940297902 0.014873376 0.339795530
53.315160 -9.497293472 0.159720778 0.089001179 0.013379996 0.940299571 0.015038448 0.339752257
53.419160 -9.452118874 0.160214573 0.034247398 0.015262051 0.940261602 0.013697724 0.339834571
53.523150 -9.406301498 0.161295652 -0.019714832 0.018002329 0.940252602 0.012116471 0.339785427
53.627040 -9.360891342 0.160950139 -0.075041771 0.018384168 0.940267801 0.011143247 0.339756161
53.731040 -9.314966202 0.161227226 -0.130529404 0.018240772 0.940399945 0.010525269 0.339417726
53.835050 -9.267436981 0.160543442 -0.186407566 0.017353473 0.940538645 0.011635189 0.339043498
53.938910 -9.220160484 0.159881830 -0.242051601 0.016088584 0.940682948 0.013226255 0.338646978
54.042910 -9.173375130 0.160318792 -0.298489571 0.016479548 0.940737545 0.014554718 0.338422000
54.146780 -9.127516747 0.160341203 -0.355106354 0.018933730 0.940681279 0.016264893 0.338372111
54.250800 -9.080525398 0.160460964 -0.411863327 0.021881588 0.940748274 0.017944871 0.337922931
54.354660 -9.033852577 0.160529301 -0.467733383 0.022521473 0.940759420 0.019949373 0.337737441
54.458660 -8.987534523 0.160982028 -0.525585651 0.023413191 0.940648317 0.023476996 0.337759286
54.562530 -8.941328049 0.161598057 -0.581908703 0.023855714 0.940483868 0.026534449 0.337960005
54.666410 -8.895215988 0.162661344 -0.638366699 0.025285222 0.940529764 0.026047213 0.337766051
54.770420 -8.848421097 0.163230121 -0.693991661 0.025687926 0.940784872 0.022093562 0.337306738
54.874290 -8.802911758 0.163516194 -0.749821424 0.027191252 0.940943003 0.018004367 0.336990774
54.978530 -8.756826401 0.164000332 -0.804765701 0.027605079 0.941129923 0.016515626 0.336510956
55.082040 -8.711377144 0.163367808 -0.861770391 0.027590640 0.941157699 0.018050751 0.336355507
55.185920 -8.665186882 0.163152993 -0.917518139 0.027367476 0.941328466 0.019488346 0.335815310
55.290780 -8.619613647 0.163100749 -0.973725796 0.027348777 0.941398501 0.019979188 0.335591584
55.393730 -8.574141502 0.163261190 -1.029144526 0.025860380 0.941981733 0.019644499 0.334089488
55.497680 -8.529270172 0.163509756 -1.083742857 0.023812111 0.943178535 0.019082045 0.330882430
55.601700 -8.485393524 0.163449079 -1.140249491 0.022914439 0.944610298 0.019111348 0.326834977
55.705670 -8.442537308 0.163627774 -1.196879625 0.023449892 0.946447909 0.018906038 0.321448296
55.809690 -8.400906563 0.163602650 -1.253094673 0.024137719 0.948762774 0.019776009 0.314444661
55.913810 -8.359018326 0.164515555 -1.312086344 0.025507368 0.951439261 0.021649979 0.306013048
56.017930 -8.319641113 0.164523065 -1.369927168 0.026031490 0.954516530 0.023575280 0.296082258
56.122050 -8.281288147 0.165570080 -1.427396536 0.026490306 0.958199561 0.024196703 0.283842206
56.226190 -8.246225357 0.166575521 -1.489155769 0.028583292 0.961895466 0.024893703 0.270777434
56.330510 -8.212572098 0.167811811 -1.549820662 0.029710734 0.966031492 0.025863118 0.255404562
56.434670 -8.181008339 0.169454604 -1.612708569 0.031027153 0.970058143 0.026296079 0.239443123
56.538940 -8.149901390 0.171014458 -1.676299930 0.032364774 0.973812222 0.025988480 0.223532706
56.643030 -8.123098373 0.171823382 -1.739259839 0.034505140 0.977403045 0.022012740 0.207383990
56.747290 -8.097784042 0.172800615 -1.801319122 0.035382003 0.980836034 0.017361198 0.190807283
56.851430 -8.073920250 0.174097836 -1.866172791 0.034388933 0.983974695 0.013755360 0.174419105
56.955550 -8.052227020 0.173884645 -1.930424690 0.032012481 0.986730218 0.013335476 0.158621743
57.059650 -8.033421516 0.173517391 -1.997271538 0.031008255 0.988914490 0.013257082 0.144606128
57.163560 -8.014823914 0.173877254 -2.063752890 0.031793635 0.990736008 0.012583517 0.131426528
57.267470 -7.998586178 0.173820764 -2.131344795 0.033394020 0.992078841 0.011869528 0.120513543
57.371290 -7.983694077 0.174932390 -2.199280977 0.032844529 0.993198037 0.012392492 0.111019559
57.475150 -7.969264030 0.175107196 -2.268497944 0.031110380 0.994237900 0.015057409 0.101471357
57.579070 -7.956641674 0.176042333 -2.339408875 0.031241829 0.995103300 0.016336577 0.092339210
57.682930 -7.944318295 0.177165061 -2.409569263 0.030990770 0.995919704 0.015976278 0.083236024
57.786690 -7.933799744 0.177819192 -2.480055809 0.030713204 0.996598661 0.013987477 0.075180821
57.890570 -7.923974991 0.178459838 -2.552002430 0.032361355 0.997077107 0.012516602 0.068068549
57.994890 -7.915185452 0.179646879 -2.625260830 0.035230443 0.997290254 0.014461330 0.062943131
58.098070 -7.906641006 0.180857271 -2.699868679 0.037901830 0.997318983 0.019362776 0.059526015
58.201850 -7.898906708 0.182739615 -2.774813175 0.039516583 0.997256935 0.023785360 0.057890266
58.305440 -7.890518188 0.184891805 -2.849924088 0.038750086 0.997319102 0.023939615 0.057270814
58.409230 -7.880866051 0.187193677 -2.926219225 0.037071515 0.997442126 0.022387045 0.056865145
58.512810 -7.871287346 0.189100325 -3.002877951 0.034426931 0.997616827 0.019980825 0.056358118
58.616560 -7.860875130 0.190919027 -3.081167936 0.030195275 0.997795343 0.018743794 0.056047723
58.720450 -7.850612640 0.192536116 -3.160372257 0.027744733 0.997871757 0.018710876 0.055965222
58.824030 -7.841248035 0.194064021 -3.239711761 0.026520720 0.997866571 0.019895183 0.056241579
58.927820 -7.831571579 0.196264565 -3.320411682 0.025392499 0.997859001 0.020530425 0.056666534
59.031700 -7.822067261 0.198364973 -3.400720358 0.025212876 0.997820854 0.020775672 0.057325400
59.135420 -7.812371731 0.200505227 -3.483637333 0.024260839 0.997812688 0.019932102 0.058171794
59.239170 -7.801747799 0.202416778 -3.566087723 0.023572994 0.997835338 0.019020651 0.058371831
59.343070 -7.791595459 0.203873158 -3.648787022 0.022419741 0.997856438 0.018022543 0.058779977
59.446780 -7.781382561 0.205774903 -3.732500315 0.020945307 0.997895837 0.017377023 0.058848631
59.550680 -7.770691395 0.207048371 -3.816514969 0.019672094 0.997973323 0.017457645 0.057943646
59.654550 -7.760485172 0.208487362 -3.901039600 0.018913040 0.998024702 0.017840728 0.057190120
59.758420 -7.750353336 0.210076764 -3.986077785 0.018428078 0.998079240 0.018025648 0.056331970
59.862460 -7.740699768 0.211678892 -4.070724964 0.018162722 0.998111129 0.017988026 0.055863295
59.965990 -7.730844498 0.213086456 -4.155209541 0.018131616 0.998127759 0.019008113 0.055234920
60.069690 -7.721075535 0.214642331 -4.239763737 0.017985035 0.998131514 0.020121874 0.054818843
60.173450 -7.710886955 0.216583848 -4.323962688 0.017587362 0.998158276 0.020783929 0.054210443
60.277190 -7.701633453 0.217906460 -4.408227444 0.016921505 0.998203039 0.020219116 0.053810336
60.381050 -7.692255497 0.219000295 -4.491782188 0.017011816 0.998244345 0.019111946 0.053418882
60.484800 -7.682754517 0.220479473 -4.575322628 0.016471568 0.998283744 0.018485956 0.053070702
60.588540 -7.673124313 0.221961856 -4.659010887 0.016396631 0.998326659 0.018533541 0.052263968
60.692600 -7.664075375 0.223793224 -4.741866589 0.015765840 0.998376966 0.018832346 0.051383033
60.797000 -7.655187607 0.225469023 -4.824834347 0.014931641 0.998437226 0.019676350 0.050129209
60.900200 -7.646203518 0.226558253 -4.908021927 0.014988495 0.998517990 0.019649684 0.048487704
61.003920 -7.637726307 0.228234038 -4.990719318 0.014278868 0.998608589 0.019107496 0.047030203
61.107700 -7.628837585 0.229499713 -5.072943687 0.013516991 0.998708844 0.018624989 0.045288570
61.211580 -7.621224880 0.230997235 -5.155263901 0.013795851 0.998752236 0.019416971 0.043894239
61.315290 -7.610668659 0.233398825 -5.241117001 0.013278923 0.998844504 0.019709645 0.041771952
61.419200 -7.606202602 0.233747885 -5.318094254 0.013223397 0.998858273 0.020858245 0.040893391
61.522950 -7.600326538 0.236060977 -5.398526669 0.013894551 0.998890102 0.020555602 0.040036920
61.626790 -7.592661858 0.238681704 -5.481407642 0.013780161 0.998951852 0.019837994 0.038882121
61.730990 -7.587999821 0.239146456 -5.560084820 0.014024483 0.998978317 0.020190749 0.037921388
61.834510 -7.581162930 0.240387782 -5.640997887 0.013811634 0.999006748 0.020231545 0.037221693
61.938390 -7.574728489 0.242041722 -5.720161438 0.013586687 0.999021471 0.020613756 0.036696222
62.042070 -7.567652225 0.244495124 -5.802769661 0.013063905 0.999076307 0.019647392 0.035915483
62.145930 -7.561654091 0.246466264 -5.882474422 0.013121542 0.999130547 0.017073661 0.035699207
62.249910 -7.555379391 0.247489095 -5.962172031 0.012579360 0.999163806 0.015871042 0.035518527
62.353660 -7.551237106 0.249491185 -6.042463303 0.013237814 0.999143422 0.014955177 0.036242642
62.457420 -7.543614864 0.249779984 -6.120340824 0.013398071 0.999135196 0.015865315 0.036022376
62.561290 -7.538243294 0.250867665 -6.196002007 0.014542975 0.999088407 0.016277848 0.036686119
62.665290 -7.533477306 0.253158540 -6.278328419 0.015438840 0.999050915 0.016459204 0.037256166
62.769050 -7.526247501 0.253851175 -6.356085777 0.015899317 0.999025226 0.017016541 0.037500106
62.872800 -7.521523476 0.254134566 -6.435171604 0.015776884 0.998983383 0.017796172 0.038296327
62.976670 -7.514029503 0.255754530 -6.511527061 0.015430997 0.998988271 0.017652292 0.038376108
63.080660 -7.507553577 0.257222056 -6.590274334 0.015509462 0.998986244 0.016952913 0.038710538
63.184460 -7.500732422 0.258081704 -6.666297436 0.016918661 0.998940766 0.016388500 0.039528664
63.288240 -7.494039059 0.259031743 -6.743672371 0.017259976 0.998885810 0.015823888 0.040972959
63.392070 -7.487563133 0.260013938 -6.821375370 0.016606895 0.998831928 0.015494643 0.042647805
63.495820 -7.480123520 0.260217398 -6.896661282 0.016509140 0.998797834 0.014908311 0.043680985
63.599720 -7.473054886 0.260935068 -6.972511292 0.016775219 0.998752892 0.014621357 0.044692799
63.703640 -7.465589046 0.262179732 -7.048258781 0.016385304 0.998735666 0.014477362 0.045265473
63.807440 -7.458497524 0.262248665 -7.122478485 0.015764223 0.998721123 0.015822720 0.045356434
63.911420 -7.451350212 0.262977898 -7.196291447 0.015222002 0.998726666 0.016760902 0.045081578
64.015770 -7.444772720 0.263367355 -7.270043850 0.014829368 0.998735428 0.017475586 0.044746097
64.119460 -7.437432766 0.264635444 -7.340607643 0.014455989 0.998782754 0.017319299 0.043864824
64.223410 -7.430677891 0.265356451 -7.411498070 0.013174400 0.998854280 0.017254503 0.042647202
64.327430 -7.424664497 0.266214728 -7.479510307 0.012959113 0.998932600 0.017436819 0.040764309
64.431450 -7.419085503 0.266910255 -7.547031879 0.013298660 0.999035954 0.017449984 0.038024012
64.535560 -7.414703846 0.267712474 -7.614052773 0.013689071 0.999158978 0.017499594 0.034463625
64.639590 -7.410650253 0.268128127 -7.679044247 0.014689913 0.999264657 0.017915972 0.030551760
64.743580 -7.407008171 0.269166201 -7.740626812 0.015760811 0.999352336 0.018569116 0.026488436
64.847590 -7.404654503 0.269502968 -7.801477909 0.017453820 0.999413073 0.018937094 0.022589350
64.951550 -7.403445244 0.271262348 -7.863433838 0.018344300 0.999471068 0.018885830 0.019089067
65.055500 -7.401102543 0.271186322 -7.920772076 0.018845191 0.999515653 0.019606011 0.015129198
65.159520 -7.399863243 0.272385478 -7.975882053 0.019404342 0.999556482 0.019378340 0.011607797
65.263460 -7.397691727 0.272125632 -8.027381897 0.019961724 0.999577761 0.019477392 0.008151578
65.367480 -7.399741650 0.273188114 -8.079962730 0.020934457 0.999579668 0.019221591 0.005718105
65.471470 -7.399354458 0.274475455 -8.129542351 0.021042272 0.999598622 0.018761305 0.002792039
65.575320 -7.398471832 0.274719477 -8.174512863 0.022621041 0.999574423 0.018416489 0.000202439
65.679310 -7.400684357 0.276205570 -8.219565392 0.022931874 0.999555707 0.018958159 -0.001771798
65.783300 -7.400644779 0.276360422 -8.261393547 0.023210825 0.999522150 0.020036576 -0.003910252
65.887300 -7.400751591 0.277301162 -8.300543785 0.023521014 0.999497890 0.020392310 -0.005901164
65.991170 -7.401770592 0.277560860 -8.338258743 0.023676813 0.999475777 0.020784380 -0.007451552
66.095340 -7.402886391 0.277784199 -8.372417450 0.024605248 0.999436557 0.021161048 -0.008565249
66.199080 -7.403682709 0.278759748 -8.404661179 0.025534594 0.999400377 0.021307824 -0.009634739
66.303070 -7.404666424 0.279888600 -8.435144424 0.026123378 0.999375522 0.021404754 -0.010391216
66.407050 -7.404853821 0.279779166 -8.462367058 0.026020287 0.999353647 0.022338731 -0.010776524
66.512930 -7.405238152 0.280301958 -8.487460136 0.025608262 0.999358773 0.022632305 -0.010679644
66.614800 -7.404858589 0.280149460 -8.508641243 0.024224669 0.999403298 0.022304554 -0.010428345
66.718800 -7.404423714 0.280882925 -8.529591560 0.022992514 0.999453843 0.021774435 -0.009448031
66.824140 -7.403620720 0.280604780 -8.548260689 0.022311572 0.999479890 0.021735149 -0.008348803
66.926760 -7.402465343 0.280441523 -8.561813354 0.021768689 0.999508321 0.021250915 -0.007590963
67.031610 -7.404264927 0.280559212 -8.579862595 0.021947224 0.999542713 0.020069711 -0.005466640
67.134650 -7.404308796 0.281528056 -8.595575333 0.022229083 0.999564648 0.018846722 -0.004606798
67.238470 -7.404125690 0.282116294 -8.610809326 0.022678709 0.999562740 0.018660814 -0.003421376
67.342520 -7.404615879 0.282016695 -8.624699593 0.022267010 0.999562263 0.019373309 -0.002022184
67.446480 -7.402873993 0.283013463 -8.637879372 0.021359155 0.999584913 0.019308692 -0.000973533
67.550330 -7.402327538 0.282842785 -8.650836945 0.020503424 0.999609470 0.018981677 0.000440760
67.654290 -7.402146816 0.283417434 -8.661790848 0.020868324 0.999609947 0.018424582 0.002236990
67.758210 -7.401894093 0.282989204 -8.672967911 0.021417405 0.999592066 0.018309070 0.004671223
67.862190 -7.400258064 0.283069074 -8.683233261 0.021537950 0.999580204 0.018052565 0.007046432
67.966080 -7.400943279 0.283182919 -8.693192482 0.021002350 0.999556005 0.018142117 0.010841496
68.070190 -7.399987221 0.283390194 -8.702703476 0.020108383 0.999524891 0.017938977 0.014959019
68.173980 -7.399317741 0.283617795 -8.710972786 0.018978182 0.999479711 0.018060092 0.018813940
68.277930 -7.398539066 0.283977628 -8.719018936 0.018371690 0.999409437 0.018468995 0.022410128
68.381800 -7.396448612 0.283308446 -8.724722862 0.017710503 0.999342263 0.018933950 0.025355237
68.485930 -7.395833492 0.283854455 -8.729747772 0.017344341 0.999285877 0.018856712 0.027772823
68.589980 -7.395405769 0.284229040 -8.733953476 0.017590677 0.999230087 0.018323386 0.029900739
68.693970 -7.394931793 0.284046769 -8.736551285 0.017510651 0.999182165 0.018280750 0.031530861
68.797970 -7.394899845 0.283941090 -8.739007950 0.017702904 0.999137282 0.018305436 0.032806065
68.902060 -7.394677162 0.284368843 -8.740160942 0.017455459 0.999115884 0.017863739 0.033817749
69.006040 -7.394622326 0.284266442 -8.740864754 0.017321836 0.999105036 0.017998755 0.034134544
69.110830 -7.394547939 0.283958763 -8.740859985 0.017330788 0.999105811 0.018099478 0.034053273
69.214230 -7.394481182 0.283770025 -8.739796638 0.017643120 0.999109924 0.017835487 0.033910275
69.318190 -7.394835472 0.283965737 -8.739563942 0.017921425 0.999111414 0.017106459 0.034096219
69.422330 -7.394682884 0.283926576 -8.739363670 0.017764159 0.999124348 0.016874291 0.033913773
69.526320 -7.394734859 0.283307999 -8.739789009 0.017648097 0.999114633 0.017372493 0.034010328
69.630320 -7.393876076 0.283758223 -8.739458084 0.017601030 0.999127388 0.016998827 0.033848040
69.734330 -7.393102169 0.283929229 -8.739569664 0.017713942 0.999136209 0.016924167 0.033566535
69.838430 -7.394425869 0.283180296 -8.739730835 0.017698476 0.999116004 0.017397506 0.033930816
69.943310 -7.393659592 0.283713818 -8.739552498 0.017704692 0.999128997 0.016997207 0.033747680
70.047250 -7.394203663 0.283887684 -8.739661217 0.017710220 0.999123156 0.016961100 0.033934161
70.150510 -7.394120216 0.283249259 -8.739626884 0.017738439 0.999116778 0.017247688 0.033964451
70.254450 -7.394395828 0.283550382 -8.739749908 0.017825089 0.999116480 0.017095843 0.034003358
70.358440 -7.394421577 0.283325374 -8.739704132 0.017817149 0.999111354 0.017157577 0.034128249
70.462450 -7.395074368 0.283419937 -8.739546776 0.017840568 0.999102354 0.017093915 0.034408867
70.566450 -7.395103455 0.283555835 -8.739665031 0.017808428 0.999100924 0.017083239 0.034472816
70.670640 -7.395558357 0.283611774 -8.739687920 0.017898791 0.999093294 0.017103512 0.034635596
70.774540 -7.395127296 0.283736169 -8.739864349 0.017855469 0.999098539 0.017014753 0.034551352
70.878550 -7.395141125 0.283650547 -8.739808083 0.017976547 0.999092162 0.017060162 0.034650639
70.982540 -7.394773483 0.283619314 -8.739912033 0.017962379 0.999090195 0.017102532 0.034692533
71.086680 -7.394742012 0.283668011 -8.739670753 0.018048294 0.999086201 0.017033400 0.034796812
71.190680 -7.394764423 0.283668727 -8.739499092 0.018110434 0.999077797 0.017016308 0.035013575
71.294670 -7.395040989 0.283621222 -8.739665031 0.018212907 0.999065995 0.017029192 0.035290599
71.398790 -7.394591331 0.283808440 -8.739704132 0.018290801 0.999060750 0.016953785 0.035434112
71.503010 -7.394650936 0.283767402 -8.739765167 0.018334886 0.999054909 0.016974689 0.035566613
71.606920 -7.394365788 0.283610493 -8.739687920 0.018355545 0.999055803 0.017034246 0.035501089
71.710990 -7.394375324 0.283589810 -8.739690781 0.018410740 0.999054670 0.017062332 0.035491373
71.817720 -7.394726753 0.283567131 -8.739667892 0.018429382 0.999045670 0.017072128 0.035729945
71.918960 -7.394712448 0.283707023 -8.739665985 0.018422171 0.999045670 0.016993286 0.035771728
72.023080 -7.394913673 0.283601224 -8.739766121 0.018560788 0.999036491 0.017029438 0.035937481
72.127050 -7.395169735 0.283757955 -8.739564896 0.018528769 0.999031544 0.017004225 0.036105283
72.231970 -7.394051075 0.283879101 -8.739550591 0.018525328 0.999041617 0.016985334 0.035834633
72.335120 -7.395067692 0.283701062 -8.739662170 0.018546317 0.999026239 0.017020946 0.036232609
72.439200 -7.394851685 0.283661395 -8.739571571 0.018555984 0.999027967 0.017048985 0.036166459
72.543190 -7.395195961 0.283719897 -8.739692688 0.018536605 0.999022305 0.017031902 0.036340926
72.647200 -7.394542217 0.283811092 -8.739750862 0.018566456 0.999026895 0.016980702 0.036223371
72.751200 -7.395061493 0.283793062 -8.739972115 0.018618558 0.999016047 0.017021289 0.036475390
72.855180 -7.394452095 0.283825725 -8.739816666 0.018656718 0.999018312 0.016990818 0.036408283
72.959210 -7.394632339 0.283840418 -8.739789963 0.018747982 0.999012113 0.017010983 0.036522739
73.063300 -7.394444466 0.283776850 -8.739915848 0.018791405 0.999011695 0.017075954 0.036482133
73.167460 -7.394679070 0.283669710 -8.739681244 0.018792449 0.999007523 0.017071126 0.036597431
73.271730 -7.394445419 0.283667147 -8.739874840 0.018717917 0.999012113 0.017066389 0.036512449
73.375310 -7.394351482 0.283797204 -8.739684105 0.018679447 0.999014914 0.017006865 0.036482647
73.479440 -7.394382000 0.283712685 -8.739703178 0.018705063 0.999014914 0.017003985 0.036470473
73.583460 -7.394308090 0.283810437 -8.739673615 0.018702570 0.999015331 0.017016016 0.036454815
73.687600 -7.394398689 0.283773780 -8.739743233 0.018740218 0.999013662 0.017035240 0.036473483
73.791560 -7.394489765 0.283629209 -8.739666939 0.018735550 0.999012589 0.017070103 0.036488041
73.895660 -7.394194126 0.283777863 -8.739837646 0.018760113 0.999013960 0.017037481 0.036452770
73.999560 -7.394309044 0.283845425 -8.739604950 0.018707264 0.999015987 0.016982270 0.036451109
74.103680 -7.394783020 0.284305453 -8.739753723 0.018743590 0.999011874 0.016807515 0.036626734
74.207700 -7.394245148 0.283824354 -8.739884377 0.018752929 0.999014556 0.016996605 0.036460243
74.311710 -7.394408703 0.284570068 -8.739798546 0.018712612 0.999019027 0.016674584 0.036506653
74.415680 -7.394299507 0.283735305 -8.739803314 0.018705407 0.999013960 0.017023904 0.036488727
74.519800 -7.394574165 0.283658564 -8.739484787 0.018715540 0.998997808 0.016971558 0.036946278
74.623890 -7.394440174 0.283557773 -8.740217209 0.018537290 0.998958647 0.016764361 0.038169306
74.727840 -7.394517422 0.283625126 -8.740991592 0.018310148 0.998926520 0.016548118 0.039200339
74.831850 -7.393854618 0.283502847 -8.741444588 0.018098546 0.998869777 0.016504981 0.040732380
74.935850 -7.393689632 0.284132749 -8.743745804 0.018244650 0.998759687 0.016265055 0.043377664
75.039850 -7.392446518 0.283902586 -8.745011330 0.018267093 0.998640537 0.016391793 0.045985263
75.143810 -7.391833305 0.284107447 -8.747278214 0.017979121 0.998490870 0.016327471 0.049255103
75.247810 -7.391044617 0.284145236 -8.749156952 0.017956438 0.998286545 0.016324554 0.053244445
75.351710 -7.389827728 0.284174502 -8.750831604 0.017743073 0.998050809 0.016197175 0.057597633
75.455730 -7.389290810 0.284185588 -8.753204346 0.017812375 0.997749507 0.016226368 0.062573038
75.559590 -7.387607574 0.283820510 -8.756668091 0.017666271 0.997403204 0.016377227 0.067872047
75.663570 -7.385976791 0.283847988 -8.759504318 0.017550969 0.997017503 0.016363433 0.073350750
75.767480 -7.385034561 0.283865631 -8.763357162 0.017460234 0.996498466 0.016234085 0.080140136
75.871360 -7.382169724 0.284125477 -8.766971588 0.017388510 0.995929837 0.015671289 0.087039448
75.975180 -7.380028725 0.284195840 -8.771806717 0.017193004 0.995209098 0.014685621 0.095119022
76.079100 -7.376960754 0.284106374 -8.778519630 0.016496534 0.994365990 0.013507645 0.103834987
76.182950 -7.373975754 0.284742355 -8.785621643 0.015930098 0.993387341 0.012826307 0.112974748
76.286810 -7.369755268 0.284325182 -8.793708801 0.015677441 0.992322803 0.013320675 0.121952005
76.390670 -7.366413593 0.284843266 -8.804098129 0.016344847 0.991019666 0.013987039 0.131974101
76.495070 -7.361790180 0.285013139 -8.814023018 0.016935365 0.989567161 0.014533497 0.142333388
76.598340 -7.356821537 0.284804165 -8.825943947 0.016521497 0.987803578 0.015308141 0.154067680
76.702070 -7.349772930 0.284629405 -8.837819099 0.015580434 0.985884309 0.016758140 0.165856928
76.805830 -7.342667580 0.284731835 -8.850816727 0.015733836 0.983698070 0.017845187 0.178247228
76.909690 -7.335692406 0.285140991 -8.864100456 0.016442465 0.981234610 0.018230097 0.191248357
77.013440 -7.327197552 0.285566628 -8.878675461 0.016870830 0.978388369 0.019330893 0.205177754
77.117090 -7.318785667 0.285705268 -8.892562866 0.017451968 0.975017130 0.020965040 0.220448405
77.220840 -7.308512688 0.286567688 -8.908325195 0.017718306 0.971072435 0.021304112 0.237171948
77.324460 -7.297743320 0.286018789 -8.922012329 0.018119959 0.966432035 0.021238249 0.255401194
77.428190 -7.284404755 0.286677122 -8.937485695 0.017741695 0.960969985 0.019961661 0.275360614
77.531820 -7.270359039 0.286006838 -8.954895973 0.016201526 0.954453409 0.018661002 0.297334820
77.635430 -7.253035069 0.286010057 -8.972681046 0.016065404 0.946907401 0.017750848 0.320613712
77.739080 -7.233904839 0.286499739 -8.992383003 0.018533735 0.938050091 0.017007409 0.345585316
77.842690 -7.211322784 0.287854552 -9.012838364 0.020568984 0.928413093 0.015406293 0.370659739
77.946530 -7.186482906 0.287586808 -9.033213615 0.021351589 0.918213964 0.014098644 0.395257384
78.050250 -7.158279896 0.287041575 -9.054265976 0.021304948 0.907358289 0.013988173 0.419584781
78.153970 -7.125599384 0.287656218 -9.075299263 0.022231216 0.895942509 0.013949764 0.443394035
78.257840 -7.089640617 0.287828147 -9.094477654 0.022628587 0.884040654 0.014808496 0.466627032
78.361560 -7.052002907 0.286894739 -9.116604805 0.021763258 0.870806515 0.016373528 0.490870953
78.465430 -7.010439873 0.287379861 -9.134795189 0.021282252 0.857301056 0.018382831 0.514046609
78.569310 -6.966990948 0.286993802 -9.153076172 0.022051554 0.842713356 0.021571780 0.537477970
78.673060 -6.920615673 0.286537230 -9.169908524 0.022758717 0.827337682 0.024265828 0.560718834
78.776930 -6.870607376 0.286810756 -9.183409691 0.022057002 0.812028885 0.025613293 0.582637668
78.880800 -6.817696571 0.287015378 -9.196034431 0.022007372 0.796339333 0.027223887 0.603836238
78.984860 -6.762118340 0.287514716 -9.206990242 0.022203470 0.780633211 0.027988106 0.623967528
79.088830 -6.704411030 0.287420273 -9.215157509 0.023643458 0.765949190 0.028425215 0.641837060
79.192960 -6.643695354 0.287533879 -9.222036362 0.024293812 0.752683640 0.027483614 0.657359779
79.297060 -6.579958916 0.287560016 -9.226521492 0.024135742 0.741451681 0.026138335 0.670062423
79.401310 -6.514488697 0.287950873 -9.229844093 0.024822397 0.732261300 0.024156395 0.680142343
79.505690 -6.444585323 0.286850244 -9.232236862 0.025813706 0.724913299 0.023715623 0.687947631
79.610070 -6.372817516 0.286520362 -9.234107971 0.026363308 0.719036996 0.023380851 0.694077790
79.714470 -6.299848080 0.285450220 -9.234836578 0.027478915 0.714040220 0.023388878 0.699174106
79.818800 -6.224793911 0.284200877 -9.235057831 0.029135970 0.708795130 0.023206048 0.704430282
79.923050 -6.147746086 0.282906502 -9.234140396 0.030737298 0.703631163 0.022027032 0.709558487
80.027420 -6.068393230 0.281784832 -9.231385231 0.031864882 0.698718309 0.020556929 0.714391172
80.131680 -5.986887932 0.279934764 -9.228287697 0.031089265 0.694212973 0.019105008 0.718844056
80.235930 -5.903568268 0.277471572 -9.223621368 0.029611643 0.690969706 0.017675707 0.722060561
80.340300 -5.817261696 0.275692612 -9.218211174 0.028132377 0.689096689 0.015817801 0.723950326
80.444550 -5.729803562 0.273442030 -9.212735176 0.027501142 0.688324392 0.014809715 0.724730194
80.548940 -5.639646530 0.271201074 -9.207454681 0.026813528 0.688048244 0.014837839 0.725017548
80.653190 -5.547079563 0.269474119 -9.201954842 0.026701448 0.687711239 0.015271321 0.725332439
80.757320 -5.453916550 0.267156720 -9.197166443 0.026705960 0.686448991 0.015639178 0.726519048
80.861430 -5.358874798 0.264534235 -9.191556931 0.026844686 0.684809923 0.015996400 0.728051424
80.965550 -5.261412621 0.262333453 -9.184741974 0.027066648 0.683214247 0.015570884 0.729550004
81.069680 -5.161685944 0.260551333 -9.177455902 0.027190361 0.681685209 0.015101662 0.730984211
81.173790 -5.061659336 0.257582158 -9.169660568 0.026698513 0.679783404 0.014988708 0.732773542
81.277810 -4.960084438 0.254241049 -9.160763741 0.025943801 0.678120971 0.016350063 0.734310210
81.381810 -4.857258797 0.252164721 -9.152937889 0.025307320 0.676067948 0.017986612 0.736184895
81.485930 -4.752973557 0.249235734 -9.143477440 0.024473887 0.674502969 0.018915575 0.737623870
81.589930 -4.646881580 0.246912017 -9.133414268 0.024629174 0.673961639 0.018664800 0.738119721
81.694050 -4.541544914 0.244020298 -9.123364449 0.024695788 0.674008489 0.017509658 0.738102973
81.798060 -4.432443142 0.241684735 -9.113661766 0.024663208 0.674459696 0.017335568 0.737695932
81.902180 -4.325980186 0.239700601 -9.103590965 0.024380002 0.674746871 0.018467413 0.737415195
82.006180 -4.216891766 0.237185150 -9.093774796 0.024313938 0.675047815 0.019458110 0.737116456
82.110180 -4.109629154 0.234159172 -9.084214211 0.024173530 0.675219357 0.020771146 0.736928105
82.214180 -4.002201080 0.231282532 -9.074351311 0.023665603 0.675601304 0.020869944 0.736591697
82.318180 -3.894736290 0.228440881 -9.064934731 0.023938028 0.675729930 0.021312764 0.736452162
82.422200 -3.786953926 0.224081933 -9.054838181 0.024046948 0.676010251 0.020670097 0.736209691
82.526180 -3.682333469 0.222075790 -9.044857025 0.024922214 0.676328480 0.019870365 0.735910237
82.630180 -3.574703693 0.219241217 -9.035205841 0.025192926 0.676440060 0.019866256 0.735798538
82.734050 -3.468196392 0.217787653 -9.026831627 0.024127018 0.676705778 0.020078823 0.735584080
82.838070 -3.360949278 0.215585157 -9.018446922 0.023836767 0.676712811 0.020706829 0.735569715
82.942060 -3.256145000 0.211017698 -9.008362770 0.023360463 0.677062929 0.020147473 0.735278308
83.046050 -3.149386644 0.209018409 -8.998745918 0.024641130 0.677295685 0.019593710 0.735037088
83.149930 -3.044788361 0.205415741 -8.990254402 0.025239997 0.677501619 0.019160723 0.734838307
83.253960 -2.939160585 0.202120543 -8.983052254 0.023706147 0.677156329 0.019567659 0.735196829
83.357930 -2.832966805 0.199334413 -8.972934723 0.022117041 0.677565873 0.020398526 0.734846413
83.461930 -2.726918936 0.196944416 -8.963652611 0.020794140 0.677935123 0.020563623 0.734539807
83.565930 -2.622062922 0.194559634 -8.954384804 0.020359075 0.677986503 0.019216780 0.734541059
83.669810 -2.518102169 0.191741601 -8.945074081 0.020449948 0.678236902 0.018427435 0.734327555
83.773690 -2.412957191 0.189168945 -8.936248779 0.020617124 0.678355753 0.018262899 0.734217167
83.877560 -2.308320284 0.186778620 -8.927455902 0.020063136 0.678444803 0.018256627 0.734150410
83.981560 -2.203771830 0.184174210 -8.918972015 0.020065738 0.678414762 0.019128334 0.734155893
84.085580 -2.099601030 0.181906894 -8.910615921 0.020409040 0.678433836 0.019121751 0.734129012
84.189660 -1.995068073 0.178623378 -8.901943207 0.022174384 0.678623259 0.019577673 0.733890653
84.293370 -1.892498732 0.175468251 -8.894133568 0.023438776 0.678248763 0.020265106 0.734178782
84.397140 -1.787486434 0.172599450 -8.885979652 0.024165219 0.677630365 0.021388670 0.734694242
84.500970 -1.684389830 0.170356333 -8.876996994 0.023898566 0.676650405 0.021859655 0.735591769
84.604690 -1.582077980 0.167287603 -8.867993355 0.023823110 0.675432503 0.022617852 0.736689806
84.708560 -1.480680346 0.165612265 -8.859059334 0.023282517 0.674061120 0.021957612 0.737981975
84.812320 -1.377589703 0.163163841 -8.847395897 0.022385838 0.673577130 0.020449715 0.738494813
84.916060 -1.275475979 0.160003453 -8.838120461 0.022532860 0.672359824 0.019604070 0.739621699
85.020090 -1.171953201 0.157507658 -8.828776360 0.022295641 0.671197474 0.019490715 0.740686774
85.123720 -1.072723150 0.155026406 -8.816311836 0.021896010 0.670926690 0.019587848 0.740941465
85.227440 -0.971154928 0.152696654 -8.806233406 0.021595588 0.670072019 0.019928554 0.741714180
85.331180 -0.869539201 0.150107041 -8.797149658 0.021166833 0.669087589 0.020145604 0.742608845
85.435100 -0.768944919 0.147468850 -8.785024643 0.020611200 0.668928027 0.020067608 0.742770374
85.538870 -0.669508278 0.144827664 -8.773201942 0.019989416 0.668825924 0.020000827 0.742881060
85.642600 -0.570071518 0.142659053 -8.761836052 0.019527666 0.669077814 0.019772548 0.742672622
85.746450 -0.469479084 0.140233129 -8.750943184 0.018855207 0.669445634 0.018432418 0.742392957
85.850400 -0.369163096 0.138449654 -8.739925385 0.019500826 0.669911325 0.018593663 0.741952002
85.954220 -0.269821644 0.136190444 -8.728406906 0.019689837 0.670824587 0.018807782 0.741116047
86.058060 -0.169643223 0.134741813 -8.720698357 0.021272855 0.671179354 0.019913688 0.740722060
86.161940 -0.069566309 0.132149756 -8.711289406 0.022426801 0.672104120 0.020471314 0.739833772
86.266420 0.026363671 0.129279524 -8.702455521 0.024049159 0.672708929 0.021375177 0.739207327
86.369740 0.124758422 0.126774296 -8.692212105 0.024194749 0.673825860 0.022074061 0.738164008
86.473600 0.223267615 0.124713466 -8.683956146 0.023706656 0.674533784 0.022745522 0.737512589
86.577490 0.321624458 0.122085854 -8.675660133 0.022701215 0.675210476 0.022947270 0.736918509
86.681310 0.419165730 0.119542591 -8.666826248 0.022193303 0.676032662 0.022703553 0.736187398
86.785510 0.517515004 0.118852779 -8.657361031 0.022558350 0.677089751 0.021433029 0.735242307
86.889090 0.614393532 0.116035789 -8.648989677 0.023071047 0.677701235 0.020553529 0.734687924
86.992950 0.711700797 0.113831528 -8.641020775 0.024007138 0.678360522 0.019249419 0.734084547
87.096690 0.808355212 0.111148879 -8.634077072 0.024868919 0.678680182 0.019049378 0.733765543
87.200570 0.906415701 0.107869655 -8.625484467 0.025065854 0.679242194 0.019083571 0.733237743
87.304430 1.003891468 0.104329281 -8.617931366 0.024402952 0.679417074 0.020062206 0.733071923
87.408330 1.102342844 0.102096304 -8.610890388 0.023204288 0.679325879 0.020647895 0.733179152
87.512180 1.199911952 0.099481806 -8.602228165 0.021922810 0.679238081 0.020478815 0.733304560
87.616060 1.296923876 0.097254470 -8.594285965 0.020222725 0.679075062 0.019564135 0.733529329
87.719790 1.394964933 0.095339194 -8.586355209 0.018718814 0.678894937 0.017702922 0.733783305
87.823570 1.490230322 0.093226634 -8.576269150 0.017697364 0.679111362 0.016138770 0.733644366
87.927320 1.586571455 0.090524048 -8.567386627 0.016478365 0.679081500 0.014792590 0.733728766
88.031060 1.682046175 0.088202484 -8.559942245 0.016729770 0.678892493 0.014056141 0.733912468
88.135050 1.777065277 0.085853666 -8.552742958 0.016989738 0.678456008 0.012924745 0.734330773
88.238710 1.873720050 0.082273550 -8.547332764 0.017491223 0.677783787 0.013478322 0.734929621
88.342600 1.970731497 0.080996819 -8.538021088 0.016990643 0.677716851 0.016027652 0.734951913
88.446330 2.066988468 0.080135912 -8.529469490 0.015846858 0.677469194 0.018021673 0.735159576
88.550190 2.163098097 0.076539017 -8.521020889 0.016144266 0.677044570 0.019629164 0.735503018
88.653930 2.259273529 0.074927017 -8.513322830 0.018459214 0.676662862 0.018864123 0.735819817
88.757820 2.353835106 0.073781997 -8.505126953 0.020460399 0.676274598 0.018122736 0.736142337
88.861690 2.451628208 0.071386330 -8.496054649 0.020503622 0.676250160 0.016976738 0.736190975
88.965560 2.546205997 0.069063708 -8.488298416 0.021007994 0.675939083 0.017298300 0.736454844
89.069450 2.643204927 0.065161780 -8.479681015 0.021014990 0.675868928 0.017484419 0.736514688
89.173320 2.737376690 0.062748015 -8.470650673 0.022587694 0.676009893 0.017259123 0.736344039
89.277420 2.833048820 0.059112139 -8.463016510 0.024263037 0.675946832 0.017240645 0.736349046
89.381180 2.927113771 0.057285760 -8.454833984 0.025277110 0.676218033 0.017472468 0.736060441
89.485130 3.020627260 0.054645047 -8.446138382 0.025545988 0.676504314 0.018939162 0.735751748
89.588990 3.116265297 0.050922699 -8.437864304 0.024457788 0.676743686 0.021205360 0.735506713
89.692870 3.210217476 0.048111461 -8.429941177 0.024092944 0.677113295 0.021784846 0.735161543
89.796830 3.303223610 0.045279775 -8.421750069 0.023949383 0.677606225 0.021007190 0.734734535
89.900710 3.395545721 0.043152235 -8.414757729 0.023832370 0.677823782 0.019868115 0.734569371
90.004580 3.487416744 0.040146485 -8.405199051 0.023030810 0.678615987 0.019675083 0.733868420
90.108700 3.580191135 0.037875991 -8.399563789 0.022482557 0.678637028 0.020555513 0.733841896
90.212510 3.672859907 0.036081411 -8.391039848 0.022092478 0.679152787 0.020879107 0.733367205
90.316520 3.764467478 0.033480741 -8.384464264 0.022478145 0.679415464 0.021402283 0.733097017
90.420320 3.856310844 0.031811584 -8.378590584 0.022636632 0.679517388 0.021373466 0.732998550
90.524330 3.947208405 0.029715527 -8.371020317 0.022608126 0.679891646 0.021155549 0.732658625
90.628220 4.037564278 0.027521003 -8.363519669 0.021246703 0.680264592 0.020900300 0.732360423
90.732220 4.126069069 0.025231659 -8.356511116 0.020735778 0.680618346 0.020815847 0.732048750
90.836200 4.212073326 0.023134258 -8.350014687 0.020494105 0.680933952 0.020860765 0.731760740
90.940100 4.297663212 0.021303084 -8.344025612 0.019705568 0.681024909 0.020966223 0.731694758
91.044070 4.381021976 0.019144922 -8.337206841 0.018602427 0.681128979 0.021085270 0.731623292
91.148110 4.462187290 0.017521784 -8.331407547 0.018902514 0.680733562 0.021411916 0.731974065
91.251940 4.540893555 0.016408961 -8.324853897 0.019396324 0.679962635 0.020800127 0.732694983
91.355930 4.617753983 0.014674369 -8.320751190 0.019920735 0.678509772 0.020701298 0.734029412
91.459820 4.692756176 0.012614599 -8.312432289 0.018899644 0.677340388 0.019685658 0.735163391
91.563820 4.766621590 0.011606371 -8.305787086 0.018442960 0.675652444 0.018376406 0.736760437
91.667690 4.837790012 0.009450225 -8.299110413 0.018997552 0.673665762 0.017888756 0.738575339
91.771700 4.906819344 0.007560445 -8.291801453 0.020037418 0.671094358 0.017801818 0.740887284
91.875570 4.973794460 0.006989177 -8.284631729 0.021583421 0.667582870 0.017508462 0.744016588
91.979540 5.038776875 0.003512330 -8.275876999 0.022769837 0.663549423 0.017727666 0.747575700
92.083700 5.101652622 0.000849005 -8.267076492 0.022673823 0.658942997 0.017447717 0.751648545
92.187280 5.162297726 -0.000378791 -8.256730080 0.023190698 0.654315591 0.016940860 0.755676031
92.291780 5.221143723 -0.002909534 -8.246568680 0.022924758 0.649024844 0.017327024 0.760224283
92.394820 5.277033806 -0.004982222 -8.236160278 0.022543656 0.642943740 0.018124098 0.765366971
92.498710 5.330276012 -0.006961592 -8.224892616 0.022162374 0.636498094 0.017544582 0.770760119
92.607140 5.382335186 -0.009652600 -8.212331772 0.021564417 0.629192591 0.015961550 0.776786268
92.706330 5.432579041 -0.010760922 -8.198552132 0.021090282 0.621395111 0.014125246 0.783086061
92.812670 5.482074738 -0.011920735 -8.184325218 0.021387585 0.612783551 0.014082249 0.789835751
92.913890 5.529545307 -0.014478542 -8.169830322 0.020603811 0.603682935 0.013970149 0.796835721
93.017610 5.576537132 -0.016864020 -8.153090477 0.020011449 0.593994200 0.013299664 0.804110348
93.121320 5.620801926 -0.018868342 -8.136684418 0.019996706 0.583104491 0.012558647 0.812053919
93.225060 5.664351463 -0.020609695 -8.118179321 0.020601502 0.570549190 0.011088266 0.820930123
93.328690 5.705190182 -0.022314221 -8.098602295 0.022207392 0.556483626 0.010093838 0.830500424
93.432440 5.746051311 -0.024128836 -8.078590393 0.023564527 0.540059268 0.009504492 0.841243327
93.536240 5.784049988 -0.026241988 -8.056168556 0.024290586 0.522001266 0.010811475 0.852530181
93.639690 5.820603848 -0.027933437 -8.031788826 0.024102677 0.500859976 0.012191138 0.865106761
93.743290 5.857506275 -0.030823821 -8.005988121 0.022400120 0.478032529 0.011207411 0.877984941
93.847210 5.892280102 -0.032341618 -7.978029251 0.021775946 0.454971552 0.008550152 0.890198648
93.950650 5.923183918 -0.036114395 -7.948820591 0.021579640 0.431552500 0.006572922 0.901805699
94.054400 5.953741074 -0.038682342 -7.919549465 0.022923417 0.407079339 0.006469201 0.913082182
94.158110 5.984365940 -0.041013841 -7.887484074 0.024397351 0.382691801 0.007883504 0.923520207
94.261830 6.010699272 -0.043418035 -7.853210926 0.022517230 0.358970851 0.005669891 0.933059871
94.365720 6.035729408 -0.045766413 -7.816642761 0.019541148 0.334844381 0.001035851 0.942070246
94.469450 6.058660984 -0.046987548 -7.779916763 0.017305473 0.310036421 -0.001717135 0.950565577
94.573250 6.081157684 -0.049352869 -7.741359711 0.013973805 0.285047024 -0.001155162 0.958410978
94.677090 6.101148129 -0.051155336 -7.701654434 0.011074511 0.260348320 0.000610026 0.965451062
94.780820 6.118142128 -0.053008240 -7.661042213 0.007370067 0.235824242 -0.000498057 0.971767664
94.884790 6.131570339 -0.054671511 -7.618284225 0.002897463 0.211555943 -0.005733818 0.977344751
94.988570 6.144973755 -0.056225687 -7.575173378 0.001327852 0.186897397 -0.007254208 0.982351780
95.092440 6.156214714 -0.056945510 -7.532261372 0.002348446 0.162715763 -0.008050554 0.986637354
95.196460 6.166636467 -0.057960454 -7.487850189 0.003078760 0.140602022 -0.007924191 0.990029693
95.300440 6.175763130 -0.058858763 -7.442049026 0.003319833 0.120575823 -0.008101725 0.992665470
95.404570 6.181833267 -0.059042636 -7.395369053 0.003281177 0.102164879 -0.011342554 0.994697392
95.508570 6.187135696 -0.059989110 -7.347766399 0.003290005 0.085098244 -0.014151067 0.996266663
95.612820 6.192040443 -0.060904704 -7.298892975 0.003311488 0.071007751 -0.015057559 0.997356594
95.717080 6.196225166 -0.062175989 -7.248718262 0.002542478 0.060029387 -0.015530103 0.998072565
95.821210 6.199778557 -0.063364811 -7.197977066 0.002001025 0.049584884 -0.015553962 0.998646796
95.925440 6.203030109 -0.064361200 -7.146594048 0.002339506 0.040408459 -0.014491422 0.999075413
96.029700 6.205731869 -0.065496087 -7.093395233 0.003107535 0.032932676 -0.014140164 0.999352694
96.133950 6.207283020 -0.066432849 -7.039258957 0.003585946 0.026011363 -0.014723954 0.999546766
96.238190 6.208463669 -0.067497462 -6.982997417 0.003810799 0.018676531 -0.015120490 0.999704003
96.342320 6.208014488 -0.068590857 -6.925132275 0.003752935 0.012221374 -0.014872068 0.999807656
96.446460 6.207822800 -0.068892889 -6.863714695 0.004035223 0.005184892 -0.014225710 0.999877214
96.550570 6.206681252 -0.069813326 -6.803199291 0.003638075 -0.001851498 -0.012990958 0.999907315
96.654710 6.205255508 -0.071280256 -6.737355709 0.004142891 -0.008282200 -0.013414224 0.999867141
96.758950 6.202809811 -0.072288722 -6.671856880 0.004779045 -0.013363535 -0.013941798 0.999802053
96.863080 6.198289871 -0.073407270 -6.604647160 0.005347447 -0.017239466 -0.014795591 0.999727607
96.967200 6.193718433 -0.074564524 -6.533681393 0.005999137 -0.020281596 -0.014364126 0.999673128
97.071450 6.188978672 -0.076383427 -6.462925434 0.006079571 -0.021975778 -0.014415898 0.999636114
97.175570 6.185814381 -0.077524841 -6.389485359 0.006320750 -0.023785086 -0.014016629 0.999598861
97.279720 6.181409359 -0.080009744 -6.314592361 0.005589565 -0.025087509 -0.014148625 0.999569476
97.383810 6.176712990 -0.080840185 -6.238818645 0.004826482 -0.026444636 -0.013258560 0.999550700
97.487940 6.173011303 -0.082785636 -6.162803650 0.003453554 -0.028160317 -0.012637984 0.999517560
97.592070 6.166726112 -0.084134966 -6.083768845 0.002262929 -0.029466396 -0.012065062 0.999490380
97.696240 6.161685944 -0.085221902 -6.006397724 0.001332174 -0.031145632 -0.011773847 0.999444604
97.800340 6.156436920 -0.087055176 -5.928546906 0.000184923 -0.032885835 -0.010911262 0.999399543
97.904320 6.151368618 -0.088869408 -5.851303577 -0.000381266 -0.034646120 -0.009575239 0.999353707
98.008320 6.144761086 -0.089793615 -5.773140430 -0.000324009 -0.036261182 -0.008694936 0.999304473
98.112320 6.137735367 -0.090593293 -5.696202278 -0.000103922 -0.037804514 -0.008667106 0.999247551
98.216470 6.132273674 -0.092592426 -5.618281364 -0.000144182 -0.039736018 -0.008186459 0.999176621
98.320320 6.124270916 -0.094407737 -5.543251991 -0.000376836 -0.040797323 -0.008223842 0.999133527
98.424320 6.118506908 -0.095793210 -5.462547302 -0.000430517 -0.042104684 -0.008729511 0.999074936
98.528320 6.110341072 -0.095936298 -5.385011673 0.000110020 -0.042423964 -0.009115514 0.999058068
98.632320 6.103450775 -0.098881565 -5.307742596 -0.000337100 -0.042764753 -0.009633424 0.999038637
98.736320 6.097380161 -0.099705815 -5.230641365 -0.000219402 -0.043076508 -0.009821499 0.999023497
98.840320 6.089546680 -0.100544281 -5.151454449 -0.000529046 -0.043188494 -0.009219053 0.999024272
98.944340 6.082736969 -0.102187969 -5.073734283 -0.001177121 -0.043371145 -0.009209811 0.999015868
99.048200 6.075263977 -0.103529252 -4.995729923 -0.001738882 -0.043404605 -0.009024423 0.999015272
99.152220 6.067928791 -0.104935393 -4.917756081 -0.002211110 -0.043365616 -0.008954080 0.999016702
99.256070 6.060934544 -0.105459720 -4.841233253 -0.002036299 -0.043463230 -0.008992909 0.999012470
99.360070 6.053915501 -0.106656425 -4.764791012 -0.001972787 -0.043405309 -0.009461311 0.999010801
99.464100 6.046769142 -0.108288907 -4.688340187 -0.001617025 -0.043010030 -0.009396522 0.999029160
99.567940 6.039096832 -0.108583845 -4.612538338 -0.001235469 -0.042117205 -0.008691696 0.999074101
99.671950 6.032005310 -0.110104911 -4.535823822 -0.001311621 -0.041467879 -0.009140693 0.999097228
99.775950 6.025333881 -0.111710541 -4.461171150 -0.001084046 -0.040806290 -0.009385698 0.999122381
99.879940 6.018418789 -0.112942174 -4.387744904 -0.001895347 -0.040010095 -0.008395557 0.999162197
99.983820 6.013673306 -0.114064991 -4.313976765 -0.002518072 -0.039806761 -0.007592059 0.999175370
100.087800 6.007056713 -0.114873633 -4.241829872 -0.003778167 -0.039072480 -0.009200644 0.999186873
100.191800 6.000922203 -0.115895420 -4.171196461 -0.003688973 -0.038418770 -0.009159653 0.999212921
100.295700 5.995445728 -0.116701894 -4.101047039 -0.002085889 -0.038239442 -0.008233693 0.999232531
100.399700 5.990440845 -0.117715500 -4.033327103 -0.000775545 -0.038043994 -0.008026218 0.999243498
100.503700 5.984745502 -0.119252168 -3.965089798 0.000812633 -0.037677333 -0.009437634 0.999245048
100.607700 5.977360249 -0.119903982 -3.898183107 0.001798437 -0.037130576 -0.010834106 0.999250054
100.711600 5.973293781 -0.122663274 -3.830527544 0.001594958 -0.037499074 -0.010855776 0.999236405
100.815600 5.968241215 -0.123574033 -3.764431953 0.002140779 -0.037117578 -0.011267651 0.999245107
100.919600 5.962706566 -0.125233278 -3.698808670 0.002556855 -0.036972649 -0.011246804 0.999249697
101.023600 5.958135128 -0.127919599 -3.633964539 0.002618861 -0.037208963 -0.011575683 0.999237001
101.127400 5.951061249 -0.128484175 -3.569686651 0.003395159 -0.036742397 -0.012633448 0.999239147
101.231500 5.945454121 -0.129878402 -3.506151199 0.003546184 -0.036823694 -0.013272589 0.999227345
101.335400 5.940532207 -0.131009147 -3.441421032 0.003268817 -0.037108004 -0.013026644 0.999220967
101.439300 5.935185909 -0.132398054 -3.377918959 0.003131891 -0.037385441 -0.012793900 0.999214113
101.543300 5.929794312 -0.134603485 -3.313852549 0.002770957 -0.037807148 -0.012355799 0.999204814
101.647200 5.923999310 -0.135757178 -3.251308441 0.003257189 -0.038287155 -0.012187878 0.999187112
101.751200 5.918424606 -0.137554586 -3.188085079 0.003599729 -0.039037075 -0.011795199 0.999161661
101.855100 5.913772583 -0.138761654 -3.125612259 0.004220637 -0.039936651 -0.011952800 0.999121785
101.959100 5.907410145 -0.140421003 -3.063339472 0.004186138 -0.040678423 -0.012152731 0.999089599
102.062900 5.902512550 -0.142800242 -3.001566172 0.003812621 -0.041795827 -0.012176210 0.999044657
102.166900 5.897369385 -0.144137591 -2.940402269 0.004152125 -0.042882659 -0.011474244 0.999005616
102.270800 5.891983032 -0.145613879 -2.879629612 0.003938840 -0.043840669 -0.010619369 0.998974323
102.374800 5.887907505 -0.146948293 -2.819088936 0.003416901 -0.045202352 -0.009943842 0.998922527
102.478700 5.879858494 -0.149008483 -2.757907391 0.002805858 -0.045561898 -0.010285097 0.998904645
102.582700 5.872614861 -0.149794877 -2.697899103 0.002521544 -0.046094839 -0.010576090 0.998877883
102.686600 5.867721558 -0.151760504 -2.638248205 0.001826888 -0.047276460 -0.010572332 0.998824239
102.790600 5.862056732 -0.152815655 -2.580518007 0.001529306 -0.047912154 -0.010874772 0.998791158
102.894400 5.855798244 -0.154347837 -2.521186829 0.001440931 -0.048327867 -0.010602485 0.998774230
102.998500 5.849685192 -0.155584335 -2.464180946 0.001541842 -0.048399083 -0.010864523 0.998767793
103.102400 5.844060898 -0.156960815 -2.408296585 0.001310435 -0.048051823 -0.011458521 0.998778284
103.206500 5.838177204 -0.158615798 -2.354185581 0.001219089 -0.047244314 -0.011743293 0.998813570
103.310300 5.832961559 -0.159344718 -2.300863028 0.001576909 -0.046465404 -0.012204776 0.998844087
103.414300 5.827158451 -0.161155865 -2.248437881 0.001391505 -0.045743044 -0.011806989 0.998882473
103.518300 5.822936058 -0.162005931 -2.196852446 0.001692122 -0.045107979 -0.011699479 0.998912156
103.622300 5.818324566 -0.162486479 -2.147338629 0.002368115 -0.044425823 -0.011802477 0.998940170
103.726300 5.813789845 -0.164186805 -2.097536325 0.002301902 -0.043852817 -0.011896997 0.998964489
103.830300 5.808974266 -0.165631443 -2.050011635 0.002244716 -0.043251615 -0.011863127 0.998991251
103.934300 5.805024147 -0.166175246 -2.002528191 0.002320457 -0.042670462 -0.012222120 0.999011755
104.038400 5.801142693 -0.167356625 -1.957178593 0.002036115 -0.042240448 -0.011963652 0.999033749
104.142300 5.797385693 -0.168538541 -1.913450241 0.001927161 -0.041734256 -0.011514516 0.999060512
104.251000 5.793395042 -0.169971853 -1.871399999 0.001406842 -0.041216340 -0.011408488 0.999084115
104.350600 5.790083408 -0.170598388 -1.831054449 0.000716823 -0.040707432 -0.011797319 0.999101222
104.455200 5.786460876 -0.171577260 -1.792475700 0.000370685 -0.040369339 -0.012246963 0.999109685
104.558200 5.783265591 -0.172423646 -1.757186055 0.000471324 -0.039829776 -0.012621781 0.999126613
104.662200 5.780507088 -0.172890007 -1.723597288 0.000992663 -0.039364442 -0.012166135 0.999150336
104.766200 5.778127670 -0.174124911 -1.691823125 0.001067020 -0.039146300 -0.011779294 0.999163449
104.870200 5.775857925 -0.174844295 -1.662319779 0.001259548 -0.038894653 -0.011376559 0.999177754
104.974200 5.773234844 -0.175500184 -1.632910252 0.001505696 -0.038586739 -0.011638962 0.999186337
105.078600 5.770867825 -0.176385760 -1.605350971 0.002000745 -0.038284484 -0.011435862 0.999199450
105.181900 5.768780708 -0.177116513 -1.577950478 0.002928608 -0.038228374 -0.011383612 0.999199867
105.286000 5.766719818 -0.177921310 -1.551214218 0.003637074 -0.038023904 -0.010904648 0.999210715
105.390000 5.764501572 -0.178462252 -1.524230480 0.003928713 -0.037799381 -0.010975443 0.999217331
105.494000 5.762192249 -0.179056436 -1.497573733 0.003595925 -0.037693735 -0.011259791 0.999219418
105.597900 5.760212898 -0.179653928 -1.470677853 0.003327010 -0.037606731 -0.010663040 0.999230206
105.701800 5.757983208 -0.180219695 -1.444330096 0.003190920 -0.037666090 -0.010461518 0.999230504
105.805700 5.755783558 -0.181106269 -1.418177724 0.003000764 -0.037432693 -0.010381703 0.999240696
105.909700 5.753676891 -0.181630641 -1.392598391 0.003016925 -0.037613280 -0.010355792 0.999234140
106.013700 5.751827717 -0.182251632 -1.366133213 0.002943956 -0.037689455 -0.010240285 0.999232650
106.117600 5.749246120 -0.182619035 -1.340846777 0.003148313 -0.038128935 -0.009890645 0.999218941
106.221500 5.747663021 -0.183251008 -1.314971447 0.003031050 -0.039763425 -0.009050988 0.999163508
106.325500 5.744487286 -0.183774352 -1.290215731 0.002985858 -0.041958936 -0.009220589 0.999072313
106.429300 5.742210865 -0.184618816 -1.264485478 0.002899526 -0.045147337 -0.009264480 0.998933196
106.533200 5.738632202 -0.185502440 -1.240149498 0.002901104 -0.048975095 -0.009408420 0.998751521
106.637700 5.735856056 -0.185583115 -1.215325952 0.003084923 -0.052705284 -0.010242825 0.998552799
106.741000 5.731535435 -0.185858741 -1.190847874 0.003212383 -0.055393055 -0.011418060 0.998394191
106.845000 5.728450775 -0.187074929 -1.166356802 0.003236072 -0.057821166 -0.011938818 0.998250365
106.949400 5.725480080 -0.187405795 -1.142809033 0.003373828 -0.060361434 -0.011559949 0.998103917
107.052900 5.722709179 -0.188390508 -1.118051529 0.003343587 -0.063001215 -0.010895790 0.997948349
107.156800 5.718920708 -0.188822567 -1.094448328 0.003511916 -0.064880587 -0.011686952 0.997818410
107.260700 5.714185715 -0.189725682 -1.069018006 0.003535190 -0.065857247 -0.013041025 0.997737586
107.364700 5.710917473 -0.189842626 -1.045587659 0.003946216 -0.066147871 -0.013844295 0.997705996
107.468800 5.707983494 -0.190991566 -1.021979094 0.003955922 -0.065758526 -0.014235260 0.997726142
107.572800 5.705033302 -0.192011118 -0.998099506 0.003670326 -0.065083168 -0.013871134 0.997776687
107.676800 5.701889992 -0.192522436 -0.974922419 0.003480075 -0.064063683 -0.013615302 0.997846842
107.780900 5.699307442 -0.193070948 -0.951030195 0.003422385 -0.063108824 -0.013489900 0.997909606
107.885000 5.696921825 -0.194158167 -0.928587437 0.003176022 -0.061801367 -0.013306531 0.997994721
107.989000 5.693782806 -0.193673760 -0.904509366 0.003785945 -0.060508817 -0.013126706 0.998074174
108.093000 5.691883087 -0.194336906 -0.881732166 0.003929329 -0.059319291 -0.013005295 0.998146594
108.197100 5.689023972 -0.194985285 -0.858961225 0.003763156 -0.057562876 -0.013167589 0.998247921
108.301100 5.686221600 -0.194909766 -0.836094201 0.003999634 -0.055443853 -0.012930072 0.998370051
108.405100 5.684225082 -0.195818037 -0.812785029 0.003862774 -0.053478051 -0.012938336 0.998477757
108.509100 5.681961060 -0.195841700 -0.789704859 0.004390423 -0.051492736 -0.012729379 0.998582602
108.613000 5.680443764 -0.196840316 -0.765064657 0.005249452 -0.049516171 -0.012830980 0.998677135
108.717000 5.679052353 -0.197174683 -0.739865541 0.006068116 -0.047288202 -0.012473292 0.998784959
108.821000 5.676815033 -0.197791696 -0.712269247 0.006258204 -0.045009110 -0.012325080 0.998890936
108.925000 5.675668716 -0.198698059 -0.684525788 0.006138902 -0.042869795 -0.011899116 0.998990953
109.028800 5.672996044 -0.199955553 -0.655893445 0.005734252 -0.040252678 -0.011588744 0.999105871
109.132800 5.671981335 -0.199990153 -0.625494719 0.005488113 -0.037836023 -0.010660561 0.999212027
109.236800 5.669763088 -0.200459525 -0.594172359 0.004836230 -0.035032060 -0.009844753 0.999325991
109.340700 5.667815208 -0.201442182 -0.562819958 0.004120205 -0.032510776 -0.009414615 0.999418557
109.444700 5.665760040 -0.201343328 -0.529913306 0.004115156 -0.030002963 -0.009059850 0.999500275
109.548600 5.663879871 -0.202089906 -0.495365888 0.003785733 -0.027725872 -0.009136845 0.999566615
109.652600 5.662399292 -0.203793630 -0.461043149 0.002876483 -0.025755337 -0.009054760 0.999623120
109.756500 5.661889076 -0.204133630 -0.425048500 0.002418377 -0.023907160 -0.008686123 0.999673486
109.860500 5.660113811 -0.204688460 -0.388279974 0.002477207 -0.021885555 -0.007750537 0.999727368
109.964400 5.658491611 -0.206091091 -0.351291358 0.003080058 -0.020728149 -0.006637807 0.999758363
110.068200 5.656645775 -0.207170635 -0.313004196 0.004213635 -0.019763777 -0.005851615 0.999778688
110.172100 5.655984879 -0.207528710 -0.274428308 0.005669066 -0.019304387 -0.006468464 0.999776661
110.276000 5.653367043 -0.208653495 -0.233648494 0.005315885 -0.017808823 -0.008657645 0.999789834
110.380000 5.652374268 -0.208670437 -0.192227200 0.005013418 -0.015099782 -0.010971246 0.999813199
110.484000 5.651646137 -0.209936514 -0.151497036 0.004302304 -0.011014740 -0.009691215 0.999883115
110.587800 5.652276039 -0.211415559 -0.109190643 0.004172147 -0.007155586 -0.005220971 0.999952078
110.691700 5.653957844 -0.213005796 -0.068729684 0.005697890 -0.005652651 -0.000974505 0.999967277
110.795600 5.653279781 -0.214690983 -0.028112784 0.007307921 -0.007532372 0.000439108 0.999944806
110.899200 5.649945259 -0.216365263 0.011007667 0.008337152 -0.013249279 -0.001553705 0.999876261
111.002900 5.644750118 -0.216687113 0.050226375 0.010251613 -0.021448882 -0.004321186 0.999708056
111.106600 5.640667439 -0.217562303 0.088648945 0.011892352 -0.030431405 -0.007770232 0.999435902
111.210200 5.635898113 -0.217933759 0.126595587 0.012734050 -0.040185746 -0.007829417 0.999080420
111.314000 5.630604267 -0.219376653 0.164183378 0.012322701 -0.051623613 -0.006390634 0.998570144
111.417700 5.622931480 -0.220905572 0.201682031 0.009210025 -0.063492984 -0.006832026 0.997916400
111.521300 5.615484238 -0.222397909 0.238291204 0.006085572 -0.076522909 -0.009571365 0.997003317
111.625100 5.605518341 -0.222837329 0.273902893 0.004309445 -0.089615270 -0.012091916 0.995893717
111.728700 5.595077991 -0.223591462 0.309259951 0.003112940 -0.102509528 -0.013253845 0.994638860
111.832500 5.586028099 -0.224186659 0.344011545 0.001405537 -0.115024000 -0.013443789 0.993270755
111.936400 5.576528072 -0.225198939 0.377776980 -0.000222454 -0.125288233 -0.013391292 0.992029965
112.040200 5.563586712 -0.225673914 0.412875056 -0.001669000 -0.131863236 -0.015910218 0.991138816
112.144200 5.552272320 -0.226532117 0.447995663 -0.003187976 -0.135910928 -0.019572549 0.990522563
112.248300 5.541964054 -0.226086423 0.482029557 -0.004147299 -0.136821046 -0.021091338 0.990362525
112.352500 5.532767773 -0.227350414 0.516005754 -0.004222156 -0.134355053 -0.022479305 0.990669250
112.456700 5.523493290 -0.226977721 0.550321460 -0.004039332 -0.130300164 -0.021325612 0.991236985
112.561000 5.516202927 -0.227112144 0.583392799 -0.005771900 -0.125979364 -0.018055439 0.991851747
112.665100 5.510335922 -0.227128744 0.611432195 -0.007021866 -0.120967925 -0.016827237 0.992488980
112.769200 5.504487038 -0.226728201 0.636430621 -0.007275661 -0.115831204 -0.017521482 0.993087709
112.873300 5.500843048 -0.227137357 0.656797051 -0.007094187 -0.110939138 -0.018096186 0.993637085
112.977500 5.497653008 -0.227422655 0.673732519 -0.006615155 -0.106020518 -0.017547388 0.994187117
113.081600 5.495875359 -0.227551907 0.686876059 -0.006020239 -0.101980500 -0.016065916 0.994638443
113.185700 5.495174408 -0.227679983 0.696049571 -0.005521084 -0.099520408 -0.015494423 0.994899571
113.289700 5.494509220 -0.227830946 0.701656759 -0.005185004 -0.097692959 -0.015489726 0.995082557
113.393700 5.493913174 -0.227799922 0.704702199 -0.004563697 -0.096796475 -0.015735684 0.995169342
113.497700 5.493723392 -0.227736309 0.704718173 -0.004538531 -0.096982241 -0.015700364 0.995151937
113.601700 5.493808746 -0.228098541 0.703223944 -0.003485967 -0.097080924 -0.016150316 0.995139360
113.705700 5.493579865 -0.228790402 0.702528656 -0.000793674 -0.096903287 -0.016236642 0.995161057
113.809700 5.493981838 -0.229318514 0.702772141 0.000591140 -0.097228974 -0.016185237 0.995130241
113.913600 5.493923187 -0.228795618 0.702489257 0.000181249 -0.097133800 -0.015904564 0.995144248
114.017600 5.494084835 -0.228667587 0.702489614 -0.000204894 -0.097099654 -0.016076759 0.995144784
114.121600 5.493846893 -0.228570789 0.703027964 -0.000322459 -0.097190693 -0.016003352 0.995137036
114.225600 5.493729115 -0.228833169 0.702858567 -0.000809863 -0.097007856 -0.016090317 0.995153248
114.329600 5.493800640 -0.228907853 0.702493072 -0.000807986 -0.097035728 -0.016188387 0.995148897
