0.415622 -0.002562442 -0.000141875 0.024884583 0.001030008 -0.015031494 -0.000951036 0.999886036
0.519499 -0.003377321 -0.000199651 0.032289479 0.001768377 -0.020830382 -0.001049711 0.999780953
0.623377 0.001474260 0.001008514 0.059984379 0.002922627 -0.032408230 -0.000767196 0.999470115
0.727122 -0.006651659 -0.000310503 0.050329342 0.002188327 -0.035621520 -0.000995160 0.999362469
0.830874 -0.008347620 -0.000315630 0.072550945 0.002284958 -0.046200596 -0.000084643 0.998929560
0.934622 -0.010364239 -0.000514545 0.069169492 0.002269093 -0.055021543 0.000289987 0.998482525
1.038404 -0.014426840 -0.000801718 0.089666642 0.002474369 -0.066477522 0.000561562 0.997784674
1.142127 -0.016508896 -0.001112634 0.090595394 0.003323216 -0.078377657 -0.001563930 0.996916950
1.245873 -0.022012137 -0.002004521 0.106845133 0.003989622 -0.090991110 -0.003653505 0.995836973
1.349627 -0.027245903 -0.002281898 0.119784802 0.004747016 -0.104597285 -0.005116926 0.994490147
1.453253 -0.030039361 -0.002298411 0.125323728 0.005095308 -0.119666085 -0.005713069 0.992784679
1.556997 -0.035394892 -0.002994684 0.138405070 0.004864605 -0.135583803 -0.006765210 0.990730822
1.660772 -0.041449524 -0.002965566 0.150035381 0.004752663 -0.151872426 -0.007801495 0.988357902
1.764374 -0.048663162 -0.002863314 0.162833840 0.004666547 -0.169195756 -0.008915740 0.985531092
1.868002 -0.055126086 -0.003362138 0.174684197 0.004642334 -0.186929196 -0.010272630 0.982308745
1.971750 -0.063603915 -0.003137919 0.187501982 0.004890372 -0.204471424 -0.011729013 0.978790045
2.075498 -0.071938157 -0.003081821 0.199683174 0.005001639 -0.223192975 -0.012199930 0.974685073
2.179126 -0.080683127 -0.002904187 0.212326676 0.005126143 -0.243068948 -0.010004547 0.969943881
2.282875 -0.090037033 -0.003508924 0.224513903 0.004765851 -0.264045417 -0.007669074 0.964467943
2.386504 -0.101065248 -0.003848627 0.236803189 0.003465860 -0.286727786 -0.008353609 0.957969368
2.490144 -0.113809012 -0.004374370 0.248444945 0.002494158 -0.310795546 -0.011355927 0.950405657
2.593620 -0.127358615 -0.004162871 0.260285109 0.002737834 -0.335919321 -0.012913606 0.941798270
2.697329 -0.141791373 -0.004817264 0.271504641 0.002288584 -0.361602128 -0.012913771 0.932240248
2.800890 -0.156760782 -0.004611221 0.283591330 0.001142208 -0.388422877 -0.010276123 0.921423256
2.904641 -0.173692793 -0.004631293 0.294543356 -0.000080429 -0.414741546 -0.007917215 0.909904838
3.008248 -0.191472471 -0.004534456 0.304911345 -0.001234210 -0.440968096 -0.007183242 0.897493184
3.112001 -0.211685523 -0.004450061 0.314861625 -0.002879297 -0.467227608 -0.006601330 0.884107709
3.215751 -0.232032478 -0.003950672 0.325124025 -0.003701737 -0.494529933 -0.006248687 0.869130254
3.319374 -0.254985124 -0.003991894 0.332336843 -0.005019456 -0.519847691 -0.006551187 0.854219079
3.423126 -0.278424025 -0.004355126 0.339210272 -0.006700255 -0.545380533 -0.006948024 0.838132977
3.526893 -0.304835737 -0.003525642 0.345584214 -0.007170752 -0.570173502 -0.007562876 0.821458161
3.630648 -0.331988513 -0.003226537 0.350991905 -0.009263391 -0.593824506 -0.007731822 0.804504156
3.734395 -0.361069024 -0.003568578 0.355594933 -0.011646423 -0.616063595 -0.007320574 0.787576258
3.838251 -0.391062111 -0.003246512 0.358420849 -0.012329649 -0.636287749 -0.006845634 0.771322846
3.942122 -0.423747778 -0.002793558 0.360472620 -0.011684312 -0.654856861 -0.007945071 0.755620837
4.046284 -0.456683755 -0.000905799 0.360749841 -0.010137340 -0.670750499 -0.008429041 0.741565883
4.150266 -0.492108613 -0.001301371 0.360780537 -0.009729668 -0.684849203 -0.008796353 0.728566706
4.254380 -0.527946472 -0.000762873 0.359952807 -0.008893682 -0.697346509 -0.007692432 0.716637671
4.358512 -0.565038562 -0.000198171 0.358511150 -0.008121064 -0.708651781 -0.006411734 0.705482543
4.462646 -0.604397893 0.000182936 0.355443448 -0.007171973 -0.717904687 -0.006162890 0.696077228
4.566885 -0.643724978 0.001326862 0.351875067 -0.005725662 -0.724948764 -0.005542810 0.688756704
4.671250 -0.686258733 0.001831638 0.347795308 -0.005946429 -0.730657399 -0.005021752 0.682699978
4.775500 -0.728835821 0.002068336 0.343387067 -0.006282367 -0.734908223 -0.005159549 0.678117871
4.879959 -0.774790108 0.002448465 0.338550121 -0.006212374 -0.738344014 -0.005920825 0.674369693
4.984250 -0.820728540 0.002670676 0.333362281 -0.006072575 -0.740636528 -0.007046287 0.671841502
5.088502 -0.866907001 0.003026617 0.328731924 -0.006629274 -0.742223918 -0.007215093 0.670080364
5.192878 -0.916416466 0.003531632 0.322541803 -0.007418853 -0.742515504 -0.007021479 0.669750988
5.297154 -0.964971185 0.004167235 0.317532361 -0.008922066 -0.742104053 -0.007038137 0.670188308
5.401501 -1.017806292 0.004909700 0.312590957 -0.009507465 -0.741769433 -0.008004362 0.670539796
5.505749 -1.069500446 0.005433448 0.307309628 -0.008762036 -0.741264641 -0.008855744 0.671097219
5.610008 -1.123131275 0.006206129 0.301311731 -0.007293449 -0.740611553 -0.008570044 0.671839178
5.714253 -1.177755594 0.007267822 0.296153247 -0.007037030 -0.740226388 -0.008524653 0.672266841
5.818377 -1.233658552 0.008346511 0.290966779 -0.008242405 -0.739654243 -0.009403021 0.672870874
5.922523 -1.291496754 0.008797992 0.284876406 -0.009020228 -0.738850772 -0.011462908 0.673711181
6.026772 -1.350357294 0.009875886 0.279342592 -0.009439716 -0.738313794 -0.012195337 0.674281061
6.130876 -1.409734249 0.011107586 0.273682535 -0.008503923 -0.737698317 -0.012551163 0.674960256
6.235023 -1.470723629 0.012240376 0.267752171 -0.006715884 -0.737109244 -0.012366907 0.675627053
6.339025 -1.532747388 0.013239130 0.261933684 -0.006374936 -0.736576796 -0.012424366 0.676209748
6.443143 -1.595729589 0.014867678 0.256699264 -0.008004334 -0.736062586 -0.012175841 0.676756740
6.547271 -1.658345461 0.015810840 0.251402318 -0.009617685 -0.735641539 -0.012102541 0.677194595
6.651280 -1.722890139 0.016686551 0.246016547 -0.010426250 -0.735257804 -0.012461844 0.677592754
6.755380 -1.787402272 0.017517757 0.240448028 -0.008916518 -0.735027611 -0.010688108 0.677894235
6.859377 -1.851038098 0.018409640 0.235143229 -0.006909496 -0.734981060 -0.007687494 0.678008854
6.963378 -1.917415857 0.019152552 0.230188295 -0.006522062 -0.735085368 -0.004869240 0.677925646
7.067377 -1.983794689 0.019989047 0.224596187 -0.007079011 -0.735243976 -0.004669551 0.677749455
7.171256 -2.051762581 0.020208707 0.217870548 -0.009520350 -0.735072315 -0.007696594 0.677878141
7.275272 -2.119241714 0.021404181 0.213318869 -0.011575043 -0.735402107 -0.010626215 0.677448809
7.379272 -2.186676264 0.021994747 0.207039267 -0.012584234 -0.735518098 -0.013536140 0.677252948
7.483251 -2.254309654 0.023820963 0.201570183 -0.012122317 -0.735641301 -0.013964018 0.677118897
7.587271 -2.320990086 0.024378683 0.194999814 -0.011096931 -0.735654950 -0.012735876 0.677145779
7.691129 -2.387779236 0.025268212 0.188810915 -0.010226007 -0.735732377 -0.011895345 0.677090704
7.795131 -2.455793142 0.026707221 0.183003113 -0.009980985 -0.735887110 -0.012822339 0.676909208
7.899003 -2.523290157 0.027741205 0.176903278 -0.010434555 -0.735782862 -0.014106969 0.676990211
8.003004 -2.589219809 0.028678652 0.171178192 -0.009560445 -0.735713601 -0.013857413 0.677083552
8.107005 -2.657818079 0.030019507 0.164238214 -0.007347332 -0.735518038 -0.012182303 0.677355766
8.211004 -2.722674608 0.030462351 0.158889607 -0.005683756 -0.735577404 -0.011182285 0.677324474
8.315006 -2.787533283 0.030580506 0.155561134 -0.006057644 -0.735780597 -0.011581133 0.677093804
8.418880 -2.854974031 0.031264946 0.148550659 -0.007309718 -0.735383451 -0.011899821 0.677507281
8.522877 -2.922122002 0.032129474 0.141837463 -0.008947672 -0.734981000 -0.013790908 0.677888393
8.626899 -2.988874674 0.033222064 0.136150718 -0.011110942 -0.734623253 -0.015610643 0.678204656
8.730751 -3.054852009 0.034912899 0.131587163 -0.011880686 -0.734939277 -0.016850041 0.677819431
8.834756 -3.121725798 0.035448119 0.125279918 -0.012433314 -0.734699547 -0.016622465 0.678074956
8.938756 -3.187373877 0.036508128 0.119517893 -0.010976219 -0.734701395 -0.015056117 0.678134739
9.042758 -3.253192663 0.038311899 0.115032792 -0.009145392 -0.734781623 -0.013585725 0.678106010
9.146631 -3.319863796 0.039558057 0.108319223 -0.006868963 -0.734607697 -0.014012473 0.678312600
9.250652 -3.385719299 0.040686268 0.102567255 -0.004997989 -0.734823346 -0.014656927 0.678081691
9.354505 -3.452163458 0.041808292 0.096113175 -0.004841552 -0.734978080 -0.012966885 0.677949607
9.458529 -3.517562389 0.041924968 0.092182189 -0.005045474 -0.735641837 -0.010300509 0.677273631
9.562503 -3.583068609 0.042266451 0.085887492 -0.006022275 -0.735767663 -0.008195759 0.677157700
9.666385 -3.649231195 0.042634830 0.080765665 -0.007296131 -0.736407340 -0.009519770 0.676432073
9.770380 -3.714717627 0.043231890 0.074982911 -0.010257733 -0.737061501 -0.010860295 0.675660551
9.874249 -3.780387402 0.043658279 0.070025176 -0.012231263 -0.737873912 -0.011688753 0.674726486
9.978133 -3.844943523 0.044601738 0.063678622 -0.011992520 -0.738264740 -0.011180845 0.674311817
10.082130 -3.908148289 0.045155950 0.056420922 -0.009365047 -0.738548398 -0.011035139 0.674045146
10.186010 -3.971880913 0.046079203 0.049838901 -0.006304977 -0.739016473 -0.011447793 0.673560619
10.290010 -4.034729958 0.046466626 0.043170124 -0.004515602 -0.739493012 -0.012649034 0.673030198
10.393880 -4.099054813 0.047018372 0.035989642 -0.004409663 -0.739785910 -0.013472890 0.672693014
10.497760 -4.162046909 0.047476649 0.029615462 -0.004978452 -0.740046918 -0.014026650 0.672390521
10.601750 -4.225017548 0.047978349 0.022955805 -0.003969492 -0.740390062 -0.014666122 0.672005773
10.705630 -4.287815094 0.048533514 0.016404837 -0.003892644 -0.740544617 -0.014754298 0.671833932
10.809650 -4.350702286 0.049359992 0.009859145 -0.005238782 -0.740758836 -0.014582993 0.671592355
10.913510 -4.411670208 0.050185002 0.004776716 -0.006283285 -0.740959108 -0.015376858 0.671344638
11.017510 -4.474843025 0.051477470 -0.002664685 -0.007660367 -0.740871489 -0.017019473 0.671387434
11.121380 -4.534399986 0.051518716 -0.008064628 -0.008446940 -0.741145134 -0.018006101 0.671050191
11.225380 -4.595048428 0.052588955 -0.014607310 -0.008539546 -0.741390288 -0.017735796 0.670785367
11.329280 -4.655841827 0.053139396 -0.020991772 -0.008003712 -0.741402745 -0.016859049 0.670800805
11.433260 -4.715967178 0.054365844 -0.026395172 -0.006923765 -0.741653383 -0.015383839 0.670571089
11.537150 -4.773127556 0.055764794 -0.032052040 -0.005821250 -0.741617620 -0.014133944 0.670648694
11.641130 -4.830212593 0.055907428 -0.038186222 -0.004664925 -0.741213799 -0.013805505 0.671110809
11.745130 -4.885035515 0.056494698 -0.043491632 -0.003630931 -0.740503252 -0.014254872 0.671891749
11.849140 -4.939949036 0.056555547 -0.048988402 -0.003982390 -0.739039540 -0.014592065 0.673492193
11.953260 -4.993072033 0.057044722 -0.053469747 -0.004713837 -0.737111211 -0.015100740 0.675586343
12.057260 -5.044959068 0.056700394 -0.057454348 -0.005632738 -0.734625578 -0.015372210 0.678275228
12.161380 -5.093936443 0.057159856 -0.059296191 -0.005835674 -0.732043028 -0.015922641 0.681047261
12.265510 -5.142203331 0.056698486 -0.062835187 -0.005867380 -0.727936924 -0.017542509 0.685394585
12.369630 -5.192321777 0.058396287 -0.066453099 -0.005103908 -0.722464144 -0.018831685 0.691133022
12.473910 -5.238065243 0.060259447 -0.067661002 -0.004908485 -0.716002107 -0.019187219 0.697817087
12.578130 -5.282632828 0.060070887 -0.067028716 -0.005036400 -0.708248973 -0.019816322 0.705666602
12.682390 -5.325922966 0.060659692 -0.064598478 -0.005505480 -0.699184775 -0.019461282 0.714654922
12.786780 -5.367263317 0.062102303 -0.061731637 -0.005478849 -0.688557327 -0.018383734 0.724928141
12.891130 -5.407019138 0.061725818 -0.055999368 -0.006319941 -0.676242232 -0.017916681 0.736434281
12.995510 -5.443789959 0.061564967 -0.050441563 -0.006813675 -0.661987603 -0.017810190 0.749272168
13.099880 -5.480468273 0.061822198 -0.041481078 -0.007023602 -0.646564364 -0.017337838 0.762630045
13.204380 -5.515067577 0.062300876 -0.034085751 -0.008020220 -0.628408015 -0.017021490 0.777656317
13.308760 -5.549025536 0.062915012 -0.021481037 -0.008943867 -0.609272063 -0.015003581 0.792768836
13.413260 -5.580689430 0.062800363 -0.006955981 -0.010607509 -0.588753104 -0.010638908 0.808173358
13.517630 -5.612986565 0.062939577 0.007166386 -0.010952584 -0.566033781 -0.007482464 0.824275315
13.622130 -5.642735004 0.063552596 0.025144339 -0.011537853 -0.543061376 -0.004190789 0.839603305
13.726510 -5.672929287 0.063783050 0.043920755 -0.011806051 -0.519010603 -0.004191660 0.854676008
13.830760 -5.701418877 0.064687960 0.064347506 -0.012396065 -0.495464027 -0.003245258 0.868533969
13.935130 -5.729210854 0.064955324 0.086374760 -0.014806678 -0.471901327 0.000084971 0.881527066
14.039380 -5.754577160 0.065156862 0.111299515 -0.017817985 -0.448506892 0.004843133 0.893588603
14.143650 -5.779783249 0.065586202 0.136285782 -0.016711386 -0.424046099 0.006701209 0.905461609
14.247880 -5.802945137 0.065541573 0.161434174 -0.012914062 -0.399109364 0.006923113 0.916786253
14.352150 -5.825259209 0.065651834 0.188596010 -0.006950491 -0.372852415 0.007559108 0.927833855
14.456380 -5.847287178 0.065955594 0.217927217 -0.002154656 -0.345450163 0.006846944 0.938409626
14.560630 -5.868465424 0.065864235 0.250172853 -0.000449989 -0.317475408 0.006730975 0.948242486
14.664880 -5.887976646 0.065471873 0.285540342 0.000375866 -0.289602071 0.007088791 0.957120836
14.769010 -5.908124447 0.065612264 0.322136402 0.002152247 -0.261198282 0.005803219 0.965265334
14.873160 -5.926348209 0.064297333 0.362081289 0.001404874 -0.234820917 0.005073294 0.972024441
14.977150 -5.943320274 0.064014688 0.403414726 0.001761333 -0.210815072 0.001752229 0.977522790
15.081160 -5.959619999 0.063629352 0.447181225 0.003069793 -0.188814029 -0.000733884 0.982007802
15.185010 -5.975849628 0.063048810 0.492571712 0.002689231 -0.169423163 -0.003215389 0.985534489
15.288760 -5.990029812 0.062050883 0.540508270 0.001487467 -0.153894842 -0.003214512 0.988080859
15.392480 -6.003642082 0.061688155 0.590868115 0.000797148 -0.141214535 -0.002836166 0.989974618
15.496190 -6.017018318 0.061459556 0.642664671 -0.000258295 -0.130323872 -0.002728906 0.991467714
15.599910 -6.029798031 0.061372772 0.696286798 -0.001266565 -0.121054448 -0.003867512 0.992637515
15.703610 -6.042995453 0.060928807 0.751504302 -0.001972068 -0.113118179 -0.006293663 0.993559659
15.807320 -6.055495262 0.060374931 0.806917071 -0.002646744 -0.106308624 -0.008079214 0.994296849
15.911010 -6.066524982 0.060016945 0.865764856 -0.002527420 -0.099814102 -0.007244908 0.994976521
16.014760 -6.076921463 0.060140986 0.924243927 -0.002279887 -0.092943244 -0.007094347 0.995643497
16.118550 -6.087441444 0.059813440 0.985807836 -0.002683416 -0.085627519 -0.007554910 0.996294975
16.222360 -6.097999573 0.059475582 1.048037529 -0.002967836 -0.078332752 -0.008443949 0.996887088
16.326140 -6.106797695 0.058868386 1.110473514 -0.001579155 -0.071957618 -0.008548835 0.997369766
16.429890 -6.114541054 0.058009636 1.173002958 0.000949958 -0.066506512 -0.008855831 0.997746229
16.533760 -6.122775555 0.057567630 1.239572763 0.004029870 -0.061712056 -0.008280760 0.998051524
16.637520 -6.129613876 0.056305803 1.306004524 0.003896451 -0.058003027 -0.008157302 0.998275459
16.741260 -6.138761520 0.056083865 1.374201775 0.001067674 -0.054233734 -0.009077603 0.998486459
16.845140 -6.146529198 0.054864403 1.441368818 -0.002800972 -0.051614523 -0.011212614 0.998600185
16.948890 -6.154311657 0.054112479 1.511051774 -0.004783503 -0.049529687 -0.011588685 0.998693943
17.052630 -6.160776138 0.053178925 1.578557611 -0.004533636 -0.047858596 -0.011058855 0.998782635
17.156420 -6.167374134 0.052553438 1.645829201 -0.004000631 -0.046286732 -0.010951771 0.998860121
17.260280 -6.173806667 0.052197468 1.713994741 -0.005101488 -0.044943064 -0.010294545 0.998923481
17.364000 -6.179867744 0.051425014 1.781681538 -0.006412476 -0.043527201 -0.009392941 0.998987496
17.467890 -6.184757710 0.050773751 1.849958420 -0.007479808 -0.042430140 -0.008083434 0.999038756
17.571660 -6.191418171 0.050858535 1.917186379 -0.005451289 -0.040706895 -0.007769008 0.999126077
17.675510 -6.197802544 0.050232902 1.983930945 -0.001820795 -0.039558504 -0.009541990 0.999170065
17.779390 -6.202471256 0.049124435 2.050381660 0.001906992 -0.039191440 -0.009624694 0.999183536
17.883140 -6.208162308 0.048255220 2.116336584 0.004096445 -0.038341299 -0.010209449 0.999204159
17.987010 -6.213671207 0.046755839 2.184565067 0.003142412 -0.037440613 -0.010712211 0.999236465
18.090880 -6.219828606 0.045413215 2.252003193 0.001228483 -0.036078535 -0.012390812 0.999271393
18.194760 -6.224453449 0.043973006 2.318560123 -0.001366809 -0.035171412 -0.013906773 0.999283552
18.298510 -6.229753494 0.043037653 2.386828423 -0.002256332 -0.033843193 -0.012869070 0.999341726
18.402390 -6.234273434 0.042361397 2.451922417 -0.002332429 -0.033226464 -0.011198623 0.999382377
18.506260 -6.239167690 0.040956404 2.520682096 -0.002369494 -0.032548729 -0.010559630 0.999411523
18.610130 -6.243268013 0.040457323 2.587113142 -0.001538329 -0.032019664 -0.010439884 0.999431551
18.713910 -6.247734547 0.039311189 2.654004812 -0.000913369 -0.031807613 -0.009474339 0.999448657
18.817760 -6.251801014 0.038460001 2.722233295 -0.000929745 -0.031478714 -0.009215312 0.999461472
18.921640 -6.257428646 0.037519790 2.790560007 -0.001515265 -0.030839793 -0.010860433 0.999464214
19.025510 -6.262132645 0.037095536 2.859097004 -0.000858552 -0.030855589 -0.010396201 0.999469399
19.129390 -6.266455173 0.036133766 2.928794384 -0.000996996 -0.031772245 -0.010122715 0.999443352
19.233260 -6.271900654 0.036173671 2.998866558 -0.000878975 -0.032651320 -0.009457715 0.999421656
19.337010 -6.276927471 0.035195544 3.069453716 -0.000838922 -0.034392059 -0.009871271 0.999359310
19.440890 -6.283041477 0.034799580 3.138400793 -0.000632482 -0.035682697 -0.012347876 0.999286652
19.544760 -6.288942337 0.032846015 3.211348772 0.001673735 -0.036979783 -0.012025340 0.999242246
19.648510 -6.295348167 0.031509478 3.282424450 0.003372385 -0.038248911 -0.012620063 0.999182880
19.752390 -6.301579475 0.030793436 3.353870392 0.004295783 -0.038974095 -0.012257924 0.999155819
19.856260 -6.308137417 0.029382315 3.429572582 0.003521860 -0.040201224 -0.012286591 0.999109864
19.960140 -6.314800739 0.027929651 3.502076864 0.002991850 -0.041234646 -0.011638763 0.999077201
20.064010 -6.320703030 0.026404556 3.575161934 0.002046956 -0.042457297 -0.011385058 0.999031305
20.167930 -6.327645302 0.025826709 3.653333902 0.000395280 -0.042819031 -0.011005157 0.999022126
20.271890 -6.334713936 0.025240807 3.728920937 -0.001906289 -0.043264858 -0.010714152 0.999004364
20.375760 -6.340890884 0.023888556 3.806370258 -0.003133269 -0.043099973 -0.010551633 0.999010086
20.479750 -6.348312855 0.023191307 3.881803036 -0.003093619 -0.042041697 -0.012061668 0.999038219
20.583640 -6.354952812 0.022623109 3.960552454 -0.002492198 -0.041106902 -0.011926938 0.999080479
20.687510 -6.361739159 0.021739934 4.038685799 -0.001419084 -0.040257201 -0.011158854 0.999126017
20.791530 -6.367576122 0.020785140 4.116261959 -0.000668884 -0.039493710 -0.009068090 0.999178469
20.895390 -6.374234200 0.020368755 4.195053101 -0.000398043 -0.038443301 -0.008759177 0.999222279
20.999260 -6.380680084 0.019314891 4.273344517 -0.001874609 -0.037946768 -0.007139787 0.999252498
21.103270 -6.386327267 0.017749462 4.351782799 -0.003438547 -0.037597887 -0.006039294 0.999268770
21.207140 -6.393242836 0.016108297 4.430544853 -0.003680019 -0.037060332 -0.005767689 0.999289632
21.311120 -6.399148941 0.016825903 4.507875443 -0.001620001 -0.036585145 -0.006409259 0.999308646
21.415040 -6.404478073 0.015195196 4.586532116 0.001307604 -0.036582440 -0.007681755 0.999300241
21.519010 -6.411744118 0.013563186 4.661508083 0.003971688 -0.035756871 -0.008548619 0.999316037
21.622900 -6.418846130 0.012155652 4.737307549 0.007104943 -0.035085086 -0.011192224 0.999296427
21.726890 -6.423661709 0.008965157 4.814125061 0.007135864 -0.035012443 -0.010700094 0.999304175
21.830760 -6.429439068 0.007887624 4.891389370 0.004273543 -0.034640778 -0.009497866 0.999345541
21.934640 -6.434944153 0.006222411 4.968019962 -0.000202868 -0.034860525 -0.009194490 0.999349892
22.038660 -6.441516399 0.004333176 5.044495583 -0.004209945 -0.035352498 -0.008684542 0.999328315
22.142620 -6.446017265 0.003828179 5.118308067 -0.002981921 -0.036811434 -0.007457670 0.999289930
22.246540 -6.451625824 0.002594063 5.192370415 -0.001439281 -0.037677638 -0.005190243 0.999275446
22.350390 -6.457404613 0.000879726 5.267299652 -0.000836790 -0.039242018 -0.004178890 0.999220669
22.454390 -6.464091301 -0.000102804 5.340837479 0.000364004 -0.040580045 -0.005095705 0.999163210
22.558370 -6.471173286 -0.001754291 5.413190365 0.002177773 -0.042303432 -0.005965272 0.999084592
22.662270 -6.478618622 -0.002919998 5.487143040 0.003991737 -0.044062436 -0.006619152 0.998998880
22.766140 -6.485732079 -0.004802346 5.558764458 0.006013033 -0.045602955 -0.007750771 0.998911440
22.870160 -6.493753433 -0.006901056 5.631680489 0.006127362 -0.047182046 -0.010199385 0.998815417
22.974020 -6.501452446 -0.008958306 5.703879833 0.005135235 -0.049207680 -0.011444113 0.998709798
23.078010 -6.510168552 -0.010338558 5.776338100 0.002433992 -0.050991461 -0.013291246 0.998607695
23.181990 -6.518572807 -0.011644923 5.848440170 -0.000244554 -0.053013019 -0.013123415 0.998507559
23.285910 -6.526612282 -0.013371781 5.919858456 -0.002234885 -0.055695448 -0.012700183 0.998364508
23.389770 -6.535307407 -0.013858359 5.990978718 -0.002614959 -0.058973022 -0.012759125 0.998174608
23.493760 -6.545310974 -0.015120432 6.061042309 -0.004632652 -0.061641917 -0.011500664 0.998021305
23.597640 -6.554492950 -0.015339851 6.130444050 -0.004126966 -0.065015756 -0.012212631 0.997800946
23.701510 -6.565783501 -0.016295798 6.199519157 -0.003757745 -0.067888409 -0.014069063 0.997586608
23.805540 -6.576374531 -0.017314695 6.267467976 -0.001903993 -0.070826523 -0.015132268 0.997372031
23.909390 -6.587082863 -0.017712891 6.335072517 -0.000288677 -0.073874332 -0.014807692 0.997157574
24.013390 -6.597521305 -0.018648852 6.401813030 0.000295312 -0.076629587 -0.015327474 0.996941745
24.117270 -6.610116959 -0.019368876 6.471696854 -0.002092713 -0.078850754 -0.016455974 0.996748388
24.221270 -6.621826172 -0.020250410 6.538922310 -0.004055616 -0.082066208 -0.016482793 0.996482313
24.325140 -6.634380817 -0.021450572 6.606976986 -0.005327408 -0.085010134 -0.016247848 0.996233344
24.429140 -6.646372318 -0.021695517 6.672523499 -0.003470915 -0.088650592 -0.014879748 0.995945573
24.533020 -6.659614563 -0.022133568 6.740146160 0.000110348 -0.092857003 -0.014455853 0.995574474
24.636890 -6.672954559 -0.022789922 6.804923534 0.000930423 -0.097500548 -0.013010523 0.995149970
24.740760 -6.687154770 -0.024057783 6.871683598 -0.000504232 -0.102910653 -0.012830376 0.994607747
24.844640 -6.702327251 -0.024300717 6.937070847 -0.003589467 -0.108486973 -0.012346856 0.994014680
24.948510 -6.718596458 -0.024576664 7.003356934 -0.007289854 -0.114607133 -0.012858465 0.993300915
25.052390 -6.735812187 -0.024927601 7.067477226 -0.008882835 -0.120169237 -0.013076353 0.992627561
25.156270 -6.753410339 -0.025605649 7.131955147 -0.006441852 -0.126062095 -0.015018504 0.991887748
25.260140 -6.772007942 -0.026015401 7.194092274 -0.001763024 -0.132103249 -0.015451273 0.991113961
25.364010 -6.790689468 -0.025985975 7.258822441 0.000626647 -0.138426155 -0.014459266 0.990266979
25.467890 -6.810503006 -0.026108876 7.322161674 -0.001830565 -0.144629315 -0.013443986 0.989392877
25.571790 -6.830773354 -0.026414990 7.387516022 -0.005498873 -0.150651023 -0.013590141 0.988478303
25.675640 -6.852471828 -0.026584297 7.451704502 -0.008237435 -0.156740323 -0.013073065 0.987518966
25.779520 -6.874792576 -0.026727453 7.515445709 -0.007377934 -0.163319096 -0.011867005 0.986474335
25.883390 -6.897114277 -0.026624188 7.577990055 -0.005132565 -0.169371367 -0.011274779 0.985474467
25.987390 -6.920091629 -0.027501978 7.641319275 -0.001965227 -0.174154207 -0.009808514 0.984667599
26.091270 -6.944941044 -0.027762957 7.705055714 0.000819821 -0.178031594 -0.008320644 0.983989239
26.195270 -6.969098091 -0.028306697 7.767693520 0.001805507 -0.182017893 -0.008344828 0.983258128
26.299290 -6.995738983 -0.029449251 7.831053257 0.002355263 -0.185909644 -0.011153347 0.982500732
26.403140 -7.021579742 -0.030431565 7.894195557 0.001285834 -0.190204576 -0.011085385 0.981681049
26.507020 -7.049343109 -0.030681305 7.958190441 -0.002104695 -0.194083929 -0.010996965 0.980921030
26.611020 -7.075993538 -0.030763283 8.022424698 -0.006272343 -0.197885901 -0.011014891 0.980143130
26.714890 -7.105976105 -0.031520933 8.085631371 -0.008799326 -0.200781569 -0.015520515 0.979473531
26.818890 -7.134526253 -0.031486899 8.147978783 -0.006419541 -0.203955308 -0.019735515 0.978760242
26.922890 -7.163182259 -0.031120688 8.209804535 -0.002773480 -0.206734538 -0.018419722 0.978219748
27.026890 -7.190289497 -0.031201832 8.271982193 0.000442472 -0.209555551 -0.015163986 0.977679014
27.130890 -7.219918251 -0.031155404 8.335616112 0.000925136 -0.211541548 -0.015591115 0.977244198
27.234770 -7.250802040 -0.032002926 8.398292542 -0.001190403 -0.213773072 -0.018387746 0.976709545
27.338640 -7.280600548 -0.032137141 8.462051392 -0.003053003 -0.216853991 -0.019216781 0.976010144
27.442660 -7.310402870 -0.032790169 8.524679184 -0.002434180 -0.219670936 -0.017337946 0.975416899
27.546520 -7.342371941 -0.033568569 8.587484360 0.000737924 -0.221992925 -0.017470315 0.974891484
27.650520 -7.373413563 -0.033815939 8.649346352 0.004121100 -0.224466607 -0.016735805 0.974329352
27.754390 -7.404907227 -0.034451831 8.711729050 0.005037806 -0.227054998 -0.017575480 0.973710299
27.858410 -7.436320305 -0.035338238 8.773081779 0.002990838 -0.229189858 -0.018304694 0.973205030
27.962300 -7.469613075 -0.036596984 8.836682320 0.002108205 -0.231388688 -0.019282371 0.972667992
28.066150 -7.501502991 -0.037691571 8.897834778 0.001804740 -0.233932659 -0.019673053 0.972052038
28.170020 -7.533928871 -0.038478550 8.959513664 0.002153755 -0.236328140 -0.018856624 0.971487939
28.274040 -7.566741943 -0.039218124 9.019797325 0.002232649 -0.238367125 -0.017740659 0.971010506
28.377890 -7.599179268 -0.040138617 9.081525803 0.001859518 -0.240824088 -0.017606046 0.970407307
28.481890 -7.632730484 -0.040920325 9.141530991 0.001792720 -0.242966637 -0.018129805 0.969863534
28.585770 -7.665098667 -0.041871786 9.201242447 0.001891535 -0.245469019 -0.018566404 0.969224751
28.689660 -7.697877884 -0.043121837 9.260025024 0.003738818 -0.247916490 -0.017561123 0.968614995
28.793670 -7.729906082 -0.044288270 9.317757607 0.005797340 -0.250193745 -0.016526941 0.968037367
28.897520 -7.763788223 -0.045294143 9.377026558 0.007115071 -0.252466410 -0.015875574 0.967449248
29.001520 -7.798664093 -0.045891970 9.435993195 0.005375496 -0.254243791 -0.015949292 0.966993690
29.105390 -7.830576897 -0.047260702 9.492313385 0.001024131 -0.256004632 -0.017256998 0.966520965
29.209390 -7.862781048 -0.048264802 9.549396515 -0.004010966 -0.257570833 -0.016929558 0.966102779
29.313270 -7.894420147 -0.049091041 9.604873657 -0.006844949 -0.259251207 -0.015796427 0.965656459
29.417270 -7.927296162 -0.048719257 9.658341408 -0.006712353 -0.260528147 -0.014204101 0.965338409
29.521140 -7.958696842 -0.048885554 9.709247589 -0.004997068 -0.262034714 -0.013849256 0.964946151
29.625020 -7.989322662 -0.049255326 9.762530327 -0.003717228 -0.263821304 -0.012853459 0.964478731
29.729040 -8.019861221 -0.049174279 9.811972618 -0.003241207 -0.265120864 -0.012267106 0.964131713
29.832900 -8.048798561 -0.049018726 9.860383034 -0.003132389 -0.266452551 -0.011354108 0.963776052
29.936770 -8.077736855 -0.049495503 9.908332825 -0.003558939 -0.267804503 -0.011475083 0.963398337
30.040770 -8.106727600 -0.049518541 9.953785896 -0.004259384 -0.268623948 -0.011243177 0.963170111
30.144650 -8.132856369 -0.049540013 9.997412682 -0.004664985 -0.270080566 -0.010126348 0.962773204
30.248520 -8.159168243 -0.050110444 10.038532257 -0.005156065 -0.271039397 -0.009229410 0.962510228
30.352400 -8.185167313 -0.050952137 10.078612328 -0.004751631 -0.271861315 -0.009022719 0.962282419
30.456270 -8.209511757 -0.051165923 10.116284370 -0.002690220 -0.272913873 -0.009699320 0.961985826
30.560270 -8.231575012 -0.050878793 10.152276039 -0.000560881 -0.274460465 -0.008824786 0.961557686
30.664040 -8.253874779 -0.051680993 10.185818672 -0.000038522 -0.276315987 -0.006997480 0.961041331
30.767900 -8.276122093 -0.052545432 10.219288826 -0.000961634 -0.278275639 -0.004824964 0.960488677
30.871790 -8.296760559 -0.052105106 10.250635147 -0.001360628 -0.281189024 -0.005050480 0.959638119
30.975650 -8.315819740 -0.052092940 10.279722214 -0.001608626 -0.284696192 -0.006889980 0.958591640
31.079540 -8.337570190 -0.053629741 10.307438850 -0.003495297 -0.287248731 -0.009672406 0.957800806
31.183270 -8.356697083 -0.053942949 10.334202766 -0.006581913 -0.290527612 -0.011509551 0.956774771
31.287140 -8.373609543 -0.054153532 10.359103203 -0.008677109 -0.294629008 -0.011712990 0.955500484
31.390900 -8.390842438 -0.053378075 10.382472992 -0.009461573 -0.298756689 -0.009753085 0.954232574
31.494660 -8.406616211 -0.054086417 10.403370857 -0.010642156 -0.304291457 -0.008511789 0.952481508
31.598390 -8.421574593 -0.054520458 10.423888206 -0.011723866 -0.311416715 -0.007519110 0.950171351
31.702150 -8.437905312 -0.053631395 10.442119598 -0.011811253 -0.319056928 -0.007371047 0.947633266
31.805770 -8.453195572 -0.054386288 10.458641052 -0.011574128 -0.328253388 -0.008444179 0.944481075
31.909520 -8.467413902 -0.054503769 10.474358559 -0.010267552 -0.338750094 -0.008034149 0.940786064
32.013150 -8.482025146 -0.054499626 10.487664223 -0.007733835 -0.349068910 -0.007602588 0.937034309
32.116900 -8.495815277 -0.054015219 10.500753403 -0.005160340 -0.359555155 -0.006440887 0.933087349
32.220650 -8.509412766 -0.053794876 10.513415337 -0.002543334 -0.370260805 -0.007584092 0.928893387
32.324400 -8.524551392 -0.054095373 10.524520874 -0.000243420 -0.380345553 -0.010812604 0.924781203
32.428170 -8.539378166 -0.053387880 10.536069870 0.000348339 -0.391389430 -0.011910424 0.920148015
32.531770 -8.553988457 -0.053440958 10.548231125 -0.000939336 -0.403240949 -0.010743706 0.915030301
32.635530 -8.569566727 -0.053073317 10.559673309 -0.002049151 -0.415103316 -0.009898599 0.909718096
32.739270 -8.585353851 -0.052800491 10.570312500 -0.003050760 -0.428241432 -0.010396775 0.903599381
32.842900 -8.601611137 -0.052959457 10.579788208 -0.003886375 -0.441936940 -0.012752770 0.896947026
32.946650 -8.618756294 -0.052553505 10.588732719 -0.004878609 -0.455077887 -0.014630128 0.890318096
33.050400 -8.635842323 -0.052659541 10.597437859 -0.005688770 -0.468699187 -0.016057983 0.883193552
33.154020 -8.652956009 -0.052255869 10.605864525 -0.005618954 -0.482332587 -0.017901141 0.875787199
33.257770 -8.670270920 -0.052380145 10.611465454 -0.005826775 -0.495206535 -0.020558586 0.868512452
33.361650 -8.687611580 -0.052279741 10.618041992 -0.006214947 -0.508879006 -0.022206368 0.860529125
33.465270 -8.706347466 -0.052223563 10.624897003 -0.006396475 -0.523235261 -0.021918891 0.851882339
33.569020 -8.724383354 -0.052647501 10.630280495 -0.005368238 -0.538096070 -0.021142861 0.842601180
33.672790 -8.745184898 -0.052053660 10.635885239 -0.003667845 -0.553767204 -0.019801782 0.832427919
33.776420 -8.768219948 -0.051358402 10.641633987 -0.002904843 -0.571040571 -0.019292027 0.820689976
33.880040 -8.792557716 -0.050711542 10.645960808 -0.002932874 -0.588646829 -0.018918015 0.808163583
33.983650 -8.819705009 -0.049845308 10.650517464 -0.002676691 -0.606890857 -0.018286312 0.794570267
34.087400 -8.847963333 -0.049489647 10.652497292 -0.002577777 -0.625555038 -0.017344916 0.779982984
34.191020 -8.877729416 -0.048245251 10.654433250 -0.002022319 -0.644836366 -0.016642740 0.764136732
34.294770 -8.908910751 -0.047694325 10.654104233 -0.002605865 -0.663781106 -0.016524574 0.747739792
34.398420 -8.941486359 -0.046829671 10.652355194 -0.003626530 -0.682938159 -0.016998410 0.730269372
34.502140 -8.975395203 -0.045622647 10.650272369 -0.005679102 -0.702270806 -0.016660415 0.711692274
34.605900 -9.009667397 -0.045445561 10.644257545 -0.008040905 -0.720667779 -0.016539177 0.693036616
34.709660 -9.046656609 -0.043856263 10.639510155 -0.009879857 -0.739595354 -0.015593080 0.672798574
34.813400 -9.083895683 -0.042701066 10.630481720 -0.011193061 -0.757206082 -0.015599889 0.652893782
34.917150 -9.124199867 -0.040196061 10.619428635 -0.011889128 -0.774092674 -0.015273193 0.632776320
35.021020 -9.165340424 -0.038121969 10.606405258 -0.012897478 -0.790052414 -0.014892220 0.612722635
35.124770 -9.206645966 -0.036916718 10.590347290 -0.015113688 -0.805170774 -0.013482179 0.592697024
35.228670 -9.250123978 -0.035055563 10.572004318 -0.016974755 -0.819693148 -0.011927710 0.572427094
35.332520 -9.293733597 -0.034210116 10.551110268 -0.019210389 -0.833073378 -0.010906035 0.552721202
35.436400 -9.337462425 -0.033032537 10.527297020 -0.020989491 -0.845538795 -0.010077585 0.533406079
35.540420 -9.385342598 -0.031166270 10.500116348 -0.021829449 -0.856959641 -0.009448573 0.514834344
35.644400 -9.432005882 -0.029870816 10.469431877 0.022190161 0.866761923 0.009357930 -0.498140335
35.748650 -9.482120514 -0.027815439 10.435809135 0.022086736 0.874952912 0.009217282 -0.483616233
35.852770 -9.531350136 -0.026207693 10.399967194 0.021201991 0.881367087 0.009399989 -0.471862495
35.957050 -9.584115028 -0.024051078 10.361762047 0.020323360 0.886462748 0.009278769 -0.462260395
36.061290 -9.636560440 -0.022135433 10.321716309 0.019850377 0.890253782 0.009653791 -0.454929590
36.165670 -9.692214966 -0.020257350 10.279943466 0.020310530 0.893476248 0.009701809 -0.448546022
36.269900 -9.747861862 -0.018566027 10.237154961 0.021155084 0.896207511 0.009727494 -0.443023592
36.374170 -9.805589676 -0.016668733 10.190892220 0.021638528 0.898352444 0.009900030 -0.438630372
36.478420 -9.864087105 -0.014886353 10.143626213 0.021425383 0.900070369 0.010450581 -0.435092032
36.582670 -9.923395157 -0.012576669 10.094323158 0.021148967 0.901624620 0.010741157 -0.431868464
36.686900 -9.984649658 -0.010257371 10.045221329 0.021658540 0.902883708 0.010654531 -0.429206789
36.791110 -10.046406746 -0.008667428 9.992315292 0.021785246 0.903733671 0.010941911 -0.427400440
36.895150 -10.110160828 -0.007297266 9.940961838 0.022386417 0.904454470 0.011189762 -0.425835341
36.999490 -10.174943924 -0.003780074 9.885589600 0.022667827 0.904601753 0.010919696 -0.425514519
37.103550 -10.241012573 -0.001305684 9.830932617 0.022516500 0.904816449 0.010605203 -0.425073862
37.207650 -10.309080124 0.000938036 9.773416519 0.022547923 0.904981673 0.010143478 -0.424731553
37.311780 -10.377978325 0.003618538 9.716051102 0.022739969 0.905170143 0.009459419 -0.424335271
37.415890 -10.449228287 0.006824248 9.656021118 0.022626666 0.905374825 0.009811813 -0.423896492
37.520030 -10.519899368 0.009374216 9.596134186 0.022447066 0.905489743 0.011265187 -0.423624277
37.624150 -10.594259262 0.011273883 9.533088684 0.022896824 0.905744493 0.012467114 -0.423021555
37.728150 -10.667591095 0.014241584 9.470813751 0.022908647 0.905906677 0.012270339 -0.422679186
37.832280 -10.742252350 0.016478643 9.407873154 0.022952812 0.906118929 0.011280805 -0.422249258
37.936280 -10.817164421 0.018950194 9.343913078 0.023086006 0.906187654 0.010553195 -0.422113299
38.040280 -10.895488739 0.022444814 9.278407097 0.024020564 0.906463146 0.009847321 -0.421486169
38.144280 -10.972926140 0.025001191 9.212574959 0.025132414 0.906593978 0.008996155 -0.421158910
38.248280 -11.050789833 0.026673049 9.146039963 0.024536718 0.906898320 0.008112806 -0.420556247
38.352280 -11.130887032 0.029211514 9.077851295 0.023562578 0.907260299 0.006007900 -0.419865966
38.456150 -11.209913254 0.031733975 9.009201050 0.021447672 0.907425046 0.004818587 -0.419638604
38.560150 -11.293219566 0.032970063 8.937770844 0.020795539 0.907446146 0.005095826 -0.419622600
38.664150 -11.373799324 0.034949787 8.866961479 0.020356996 0.907328844 0.006053302 -0.419884920
38.768150 -11.457803726 0.035904244 8.795226097 0.020560935 0.907311559 0.007688195 -0.419885546
38.872030 -11.543568611 0.037971623 8.722916603 0.021994563 0.907412767 0.008501112 -0.419578433
38.976020 -11.624842644 0.040552191 8.651462555 0.022822669 0.907302260 0.009097858 -0.419760674
39.079900 -11.711652756 0.042279437 8.579149246 0.023256734 0.907549322 0.009403365 -0.419195622
39.183930 -11.796876907 0.044851318 8.506794930 0.023426775 0.907637358 0.009299998 -0.418997765
39.287780 -11.880938530 0.046792552 8.434581757 0.022810966 0.907797456 0.009929213 -0.418670237
39.391750 -11.962193489 0.048831180 8.363749504 0.023034181 0.907648444 0.010397630 -0.418969691
39.495830 -12.042475700 0.052880496 8.291549683 0.023233181 0.907376885 0.010812866 -0.419535995
39.599580 -12.130616188 0.055021495 8.220644951 0.023733707 0.907828629 0.011260861 -0.418517709
39.703630 -12.214123726 0.055650890 8.147439957 0.023289053 0.907975912 0.011538797 -0.418215513
39.807870 -12.297802925 0.059149504 8.073945999 0.024035241 0.908108652 0.010729031 -0.417906553
39.911280 -12.381013870 0.062826321 8.001582146 0.024206167 0.908301651 0.009935940 -0.417496651
40.015280 -12.464058876 0.063283697 7.932589531 0.023917204 0.908657134 0.010526964 -0.416724503
40.119140 -12.547345161 0.065858990 7.858981133 0.023430903 0.908871531 0.010386511 -0.416287959
40.223030 -12.628770828 0.068450660 7.787096977 0.023450557 0.908966959 0.009989737 -0.416088164
40.326930 -12.712212563 0.070338503 7.715419292 0.022679592 0.909180999 0.009860598 -0.415666103
40.430770 -12.794139862 0.072083756 7.643836975 0.022180768 0.909197927 0.010169116 -0.415648639
40.534990 -12.877404213 0.075051606 7.572457314 0.020881951 0.909450173 0.010787147 -0.415148109
40.638670 -12.959637642 0.076101512 7.498169899 0.019844545 0.909059107 0.011375891 -0.416038811
40.742540 -13.042866707 0.078972951 7.425702095 0.019656412 0.908818483 0.010713203 -0.416590750
40.846410 -13.124902725 0.080589399 7.354249954 0.018468658 0.908482730 0.010484325 -0.417382449
40.950400 -13.208559990 0.082398862 7.284090996 0.019073011 0.908249557 0.010432611 -0.417863846
41.054600 -13.291294098 0.085064128 7.211255074 0.019979825 0.907809556 0.010931673 -0.418763787
41.158230 -13.375200272 0.087829620 7.140769005 0.022399656 0.907544672 0.012643103 -0.419167191
41.262460 -13.458047867 0.090216100 7.069477081 0.025093244 0.907154441 0.015070868 -0.419778496
41.365930 -13.540747643 0.092908204 6.998916626 0.025798602 0.907049716 0.015800232 -0.419935256
41.469820 -13.624197006 0.096498787 6.928071976 0.024686208 0.907052159 0.013770701 -0.420068204
41.573580 -13.707315445 0.099586323 6.856400490 0.023362143 0.907064438 0.011846777 -0.420175999
41.677410 -13.788982391 0.102936044 6.787146091 0.023563623 0.907079518 0.011580871 -0.420139760
41.781210 -13.869360924 0.104842097 6.717502594 0.024297457 0.907046437 0.013221952 -0.420120925
41.885060 -13.954236031 0.107659280 6.645327568 0.024841741 0.907110751 0.013597533 -0.419938177
41.988800 -14.036214828 0.110153913 6.576779842 0.024696322 0.907415092 0.012890932 -0.419311017
42.092740 -14.119319916 0.113724351 6.504425526 0.024753230 0.907490373 0.011824755 -0.419176131
42.196450 -14.200925827 0.115953714 6.435277462 0.024875399 0.907738328 0.012565507 -0.418610126
42.300170 -14.282082558 0.119105309 6.363567352 0.025604652 0.907717228 0.014355198 -0.418554336
42.404080 -14.363028526 0.122022867 6.292720795 0.026831808 0.907757819 0.015497116 -0.418348670
42.507790 -14.443950653 0.124892294 6.224253178 0.027183443 0.907909274 0.015650902 -0.417991400
42.611550 -14.520862579 0.127506346 6.156026840 0.027212691 0.907959521 0.014891071 -0.417908132
42.715290 -14.603883743 0.131660610 6.086188793 0.027003614 0.908299088 0.013751176 -0.417222351
42.819190 -14.683309555 0.134439051 6.017011642 0.025926709 0.908267438 0.013716337 -0.417360723
42.922920 -14.763721466 0.138108909 5.947160721 0.024949223 0.908173263 0.013765312 -0.417623490
43.026850 -14.843847275 0.141308844 5.878603458 0.024078112 0.908134460 0.013712005 -0.417760730
43.130550 -14.923297882 0.143946767 5.808782578 0.023491949 0.907929957 0.014265729 -0.418219835
43.234430 -15.002677917 0.146010160 5.740662098 0.022855889 0.907798827 0.014998371 -0.418513983
43.338330 -15.082427979 0.149418861 5.671994209 0.023461217 0.907619238 0.014676651 -0.418881148
43.442050 -15.161183357 0.152540386 5.603332996 0.022430038 0.907483339 0.014282231 -0.419245571
43.545910 -15.239500046 0.154714465 5.536064625 0.022240493 0.907326877 0.013872662 -0.419607967
43.649770 -15.318674088 0.157656848 5.468862057 0.022753553 0.907273114 0.013561608 -0.419706851
43.753650 -15.397204399 0.160199106 5.402505398 0.024569593 0.907035351 0.013566201 -0.420118093
43.857500 -15.474662781 0.163034618 5.335167885 0.024381734 0.906925857 0.013507398 -0.420367151
43.961280 -15.552289963 0.165299445 5.271646500 0.024503779 0.906964660 0.012264272 -0.420314461
44.065190 -15.629199982 0.168027699 5.208452225 0.024725605 0.907063365 0.009953956 -0.420149565
44.169050 -15.705144882 0.169775814 5.142434597 0.023920022 0.906697929 0.009261218 -0.421000004
44.272790 -15.781111717 0.171137422 5.077821255 0.022384932 0.906591177 0.010582547 -0.421283066
44.376660 -15.856250763 0.173322976 5.012916565 0.022914495 0.906424940 0.010990119 -0.421601713
44.480540 -15.930077553 0.174505144 4.950240612 0.022881761 0.906462550 0.010997154 -0.421522379
44.584310 -16.002685547 0.176480740 4.888517857 0.022604188 0.906477034 0.010712601 -0.421513617
44.688220 -16.074991226 0.178573728 4.826497555 0.022755967 0.906343877 0.010596748 -0.421794564
44.792180 -16.142995834 0.180692494 4.769267559 0.022601645 0.906461895 0.010438402 -0.421553075
44.895870 -16.214641571 0.181098253 4.706626892 0.022087973 0.906387329 0.011031833 -0.421725541
44.999710 -16.284168243 0.182256550 4.648692131 0.022106325 0.906494975 0.010914753 -0.421496153
45.103550 -16.352106094 0.183559120 4.590055943 0.022645421 0.906464577 0.011298161 -0.421522886
45.207330 -16.418323517 0.185540617 4.532707691 0.023007851 0.906414211 0.012081957 -0.421589792
45.311220 -16.487037659 0.187547177 4.477023125 0.023714423 0.906610906 0.013023379 -0.421099305
45.415240 -16.552738190 0.190404892 4.421596527 0.024608649 0.906612217 0.013422794 -0.421032637
45.518940 -16.617090225 0.191892833 4.368347168 0.025899196 0.906780422 0.013604037 -0.420587093
45.622980 -16.679691315 0.193694264 4.314613819 0.026833607 0.906818628 0.013571029 -0.420447022
45.726540 -16.742670059 0.195468038 4.260776997 0.027256880 0.906951666 0.013393205 -0.420138478
45.831090 -16.802356720 0.197027922 4.209955692 0.027321463 0.907236457 0.013780129 -0.419506431
45.934310 -16.858753204 0.199085563 4.158371925 0.028021075 0.907367647 0.013328701 -0.419190973
46.038180 -16.917213440 0.201248646 4.110352039 0.028642157 0.908054471 0.012195229 -0.417693585
46.142050 -16.975893021 0.203377724 4.059931278 0.029748362 0.908943951 0.010907176 -0.415712535
46.245920 -17.030174255 0.204483539 4.012282848 0.030931095 0.910483360 0.010262110 -0.412259579
46.349680 -17.083629608 0.206967384 3.964801311 0.031923171 0.912625909 0.009490480 -0.407436818
46.453430 -17.135536194 0.208330601 3.913587093 0.033431485 0.914767623 0.009034102 -0.402493298
46.557220 -17.186306000 0.208131045 3.866183758 0.034586146 0.917635143 0.009132741 -0.395810723
46.660970 -17.234487534 0.211378008 3.817787170 0.035809070 0.920888484 0.008332388 -0.388088554
46.764550 -17.281564713 0.212178826 3.767755032 0.037474234 0.924494386 0.007614256 -0.379272789
46.868310 -17.326469421 0.213038832 3.719960213 0.039136309 0.928851485 0.006919670 -0.368314266
46.971930 -17.367973328 0.214665920 3.670127869 0.039784241 0.933587909 0.006969335 -0.356065005
47.075560 -17.406799316 0.216242820 3.619390488 0.038974717 0.938638568 0.007646407 -0.342607915
47.179170 -17.443023682 0.217408895 3.568968296 0.037790414 0.943961501 0.008852413 -0.327765554
47.282920 -17.476877213 0.217980623 3.519252777 0.036632087 0.949534297 0.009767684 -0.311363518
47.386540 -17.506895065 0.219281614 3.467721462 0.035442512 0.955177844 0.010519861 -0.293714970
47.490160 -17.536645889 0.220781207 3.416021347 0.036156468 0.961113751 0.011076781 -0.273551434
47.593870 -17.560882568 0.221502602 3.364708900 0.033701953 0.967173636 0.011805770 -0.251594692
47.697410 -17.580902100 0.221036732 3.314338684 0.030244440 0.972863078 0.012027901 -0.229081050
47.801160 -17.598237991 0.220881730 3.262876749 0.024329266 0.978103340 0.012164842 -0.206334606
47.904910 -17.613346100 0.221525669 3.210673809 0.019928167 0.982746065 0.011654070 -0.183513328
48.008600 -17.625734329 0.221645191 3.158564329 0.016559530 0.986948967 0.010204859 -0.159854293
48.112290 -17.637138367 0.221507281 3.105472565 0.016133044 0.990658700 0.009436659 -0.135078132
48.216060 -17.645713806 0.221326783 3.052604675 0.015516509 0.993763328 0.009710730 -0.109997161
48.319780 -17.652257919 0.222478181 2.997387409 0.015574464 0.996211290 0.010235364 -0.084945336
48.423630 -17.653429031 0.221805528 2.944393158 0.011721353 0.998064280 0.012456674 -0.059792440
48.527420 -17.652692795 0.222646087 2.888725281 0.007037552 0.999276459 0.015055465 -0.034209978
48.631190 -17.648048401 0.223050281 2.835331917 0.005846040 0.999800205 0.016807670 -0.009101368
48.734910 -17.642560959 0.223995566 2.782721519 0.007898702 0.999694288 0.016338553 0.016793737
48.838780 -17.634920120 0.223750412 2.730395079 0.012277047 0.998902857 0.015813267 0.042335551
48.942530 -17.625461578 0.224005252 2.678255796 0.014300309 0.997465491 0.014528299 0.068169266
49.046410 -17.612268448 0.223429352 2.627774715 0.015253117 0.995415151 0.013834379 0.093405478
49.150280 -17.596143723 0.224233359 2.578975677 0.014778535 0.992795169 0.012372311 0.118263558
49.254030 -17.577560425 0.225613981 2.531257153 0.015389892 0.989494503 0.011287934 0.143305138
49.357910 -17.558496475 0.226040110 2.481730461 0.018298987 0.985384285 0.011549227 0.168966159
49.461780 -17.536046982 0.225858822 2.433384895 0.019876100 0.981073260 0.011466487 0.192272618
49.565780 -17.508474350 0.226281568 2.386103153 0.017497821 0.976605058 0.011685195 0.214008838
49.669780 -17.479934692 0.225982413 2.338093758 0.016309163 0.971830070 0.013666507 0.234720230
49.773780 -17.450428009 0.226645470 2.290575981 0.016905626 0.967169106 0.015650902 0.253087282
49.878030 -17.420427322 0.226591110 2.242547035 0.018886078 0.962599993 0.017363472 0.269709170
49.982180 -17.385141373 0.226747692 2.195500374 0.018512683 0.958636820 0.017773295 0.283472836
50.086410 -17.350967407 0.226753384 2.149254322 0.017695667 0.954894960 0.018066358 0.295864969
50.190690 -17.313739777 0.227793723 2.100926399 0.017287586 0.951655567 0.017502263 0.306180477
50.295050 -17.276632309 0.228112161 2.053156853 0.016970821 0.948966146 0.017165136 0.314452887
50.399300 -17.236583710 0.228207290 2.004552364 0.016215885 0.946900010 0.016568536 0.320691258
50.503680 -17.196954727 0.228411600 1.956791401 0.015129905 0.945226192 0.015770609 0.325683683
50.608030 -17.154479980 0.228657603 1.905712128 0.014667307 0.943777144 0.014377980 0.329943627
50.712390 -17.112890244 0.229173854 1.855917931 0.015087088 0.942649066 0.013722035 0.333161891
50.816730 -17.070081711 0.229505166 1.802960396 0.016215613 0.941623807 0.013885927 0.335989326
50.920920 -17.025794983 0.229612872 1.750606060 0.018001521 0.940965772 0.014260605 0.337721795
51.025280 -16.979778290 0.229565293 1.696148396 0.016874449 0.940351009 0.013122089 0.339533538
51.129530 -16.934389114 0.229248464 1.642420292 0.015002803 0.939850032 0.011809947 0.341053277
51.233800 -16.884136200 0.229649097 1.586566448 0.013592108 0.939723909 0.011358941 0.341475070
51.338030 -16.836029053 0.230119571 1.530531406 0.014456258 0.939637065 0.012387180 0.341642797
51.442160 -16.785316467 0.230333135 1.467828751 0.017236926 0.939546108 0.013182799 0.341734141
51.546400 -16.734718323 0.229874015 1.407518387 0.017496040 0.939689875 0.012891345 0.341336608
51.650530 -16.680908203 0.229499578 1.344837189 0.015826201 0.939821661 0.010185454 0.341146708
51.754650 -16.628198624 0.229880258 1.283839703 0.016214520 0.939943254 0.006751943 0.340878516
51.858780 -16.572082520 0.229943931 1.216788292 0.016793609 0.940029383 0.004536580 0.340649664
51.962780 -16.516429901 0.228912160 1.148578167 0.017963484 0.940046012 0.005072504 0.340536386
52.066910 -16.457620621 0.228539795 1.078085423 0.016733695 0.940152228 0.005745066 0.340295106
52.171030 -16.398536682 0.227441698 1.007393360 0.013586310 0.940171778 0.006147704 0.340374261
52.275030 -16.335290909 0.226664618 0.935382843 0.011714161 0.940208614 0.006057860 0.340343684
52.379030 -16.273460388 0.225565374 0.861831188 0.011202492 0.940120220 0.006922673 0.340588570
52.483160 -16.208082199 0.226540461 0.785109997 0.010559303 0.940173447 0.008103510 0.340436101
52.587160 -16.143167496 0.225739762 0.707431793 0.010261809 0.940260291 0.010489465 0.340140074
52.691180 -16.074998856 0.226510644 0.626336098 0.008434475 0.940188169 0.010547581 0.340387791
52.795150 -16.009016037 0.226365924 0.547946930 0.007439868 0.940085769 0.008842476 0.340742201
52.899160 -15.937046051 0.226883471 0.465542316 0.008136204 0.940078080 0.007468679 0.340780348
53.003160 -15.868434906 0.227186292 0.384542465 0.009402712 0.939968050 0.008373342 0.341030151
53.107160 -15.795320511 0.227467969 0.295413494 0.009262805 0.939947248 0.011296298 0.341006935
53.211180 -15.725153923 0.227643847 0.211654663 0.010710637 0.939982176 0.013083489 0.340804368
53.315160 -15.650899887 0.227828205 0.122674465 0.011592058 0.939903140 0.013111853 0.340992361
53.419160 -15.577461243 0.227852404 0.036125660 0.013152137 0.939952970 0.011768132 0.340847403
53.523150 -15.502734184 0.228823185 -0.055063248 0.016133340 0.939840734 0.010453661 0.341071606
53.627040 -15.427331924 0.229097426 -0.145361900 0.016935974 0.939861655 0.009510484 0.341002613
53.731040 -15.351391792 0.228277341 -0.236253738 0.016335536 0.940030575 0.008846479 0.340583950
53.835050 -15.273941994 0.227747142 -0.327937603 0.015567840 0.940171659 0.009795997 0.340204328
53.938910 -15.196283340 0.226257324 -0.418523788 0.014707647 0.940239072 0.011512237 0.340002477
54.042910 -15.120475769 0.225629047 -0.510769844 0.014759272 0.940310240 0.012893631 0.339753628
54.146780 -15.044341087 0.225634471 -0.604686737 0.016951798 0.940266550 0.014488376 0.339708090
54.250800 -14.968669891 0.225568324 -0.697059155 0.020395704 0.940215349 0.016401928 0.339573324
54.354660 -14.892374992 0.224597991 -0.788832664 0.021538844 0.940232038 0.018595811 0.339343429
54.458660 -14.816813469 0.225376382 -0.881066322 0.022051292 0.940175354 0.021953255 0.339266986
54.562530 -14.738138199 0.225915402 -0.971791267 0.022249971 0.940222323 0.024845764 0.338924229
54.666410 -14.664154053 0.227494687 -1.066166878 0.023873091 0.940119267 0.024413293 0.339130998
54.770420 -14.586966515 0.229339615 -1.157639503 0.024320122 0.940306067 0.020254798 0.338855028
54.874290 -14.514207840 0.227912575 -1.245397568 0.025853874 0.940517962 0.016449859 0.338359147
54.978530 -14.437829971 0.227588683 -1.335117817 0.026230989 0.940737188 0.015200189 0.337778628
55.082040 -14.362495422 0.227227151 -1.427852631 0.026084462 0.940863431 0.016437393 0.337380260
55.185920 -14.289026260 0.227375954 -1.518514633 0.025892502 0.940889180 0.017624598 0.337263167
55.290780 -14.214052200 0.226958349 -1.608855724 0.025397133 0.941059470 0.018157778 0.336797088
55.393730 -14.140634537 0.226077110 -1.698222160 0.024235440 0.941613853 0.018090846 0.335333765
55.497680 -14.066032410 0.225909412 -1.785659790 0.022313729 0.942876220 0.017534295 0.331932366
55.601700 -13.994562149 0.226086199 -1.878748894 0.021765374 0.944240332 0.017557217 0.328067482
55.705670 -13.924515724 0.225244880 -1.969995975 0.022173472 0.946124554 0.017451936 0.322571039
55.809690 -13.856727600 0.226000488 -2.061934948 0.022975940 0.948417723 0.018142901 0.315668732
55.913810 -13.791608810 0.226140127 -2.153379917 0.024209512 0.951123595 0.020209944 0.307196110
56.017930 -13.727194786 0.226630643 -2.249891758 0.024759896 0.954137981 0.021949189 0.297532946
56.122050 -13.665506363 0.228305176 -2.346415997 0.025619090 0.957682669 0.022657255 0.285786986
56.226190 -13.607263565 0.229687899 -2.443564415 0.027320461 0.961556077 0.023255622 0.272254676
56.330510 -13.551870346 0.232317403 -2.543044567 0.028535159 0.965739191 0.024124796 0.256810278
56.434670 -13.498503685 0.233546197 -2.644735813 0.030113999 0.969761133 0.024772696 0.240920782
56.538940 -13.449582100 0.235741973 -2.747697592 0.031243423 0.973556042 0.024387620 0.224983826
56.643030 -13.406768799 0.237178564 -2.847722054 0.033593830 0.977141261 0.020394651 0.208926827
56.747290 -13.366642952 0.237657487 -2.952753782 0.034712493 0.980531335 0.015982892 0.192608148
56.851430 -13.327576637 0.238643974 -3.053800106 0.033517916 0.983720064 0.012405708 0.176117882
56.955550 -13.290926933 0.239827186 -3.162149906 0.031302035 0.986489654 0.011686007 0.160380065
57.059650 -13.259458542 0.237620741 -3.265902042 0.030253617 0.988760591 0.011793177 0.145938814
57.163560 -13.230721474 0.237749830 -3.373813868 0.031292409 0.990545094 0.011072410 0.133111298
57.267470 -13.203714371 0.237448379 -3.482635260 0.032600712 0.991917074 0.010250024 0.122199006
57.371290 -13.180390358 0.238903537 -3.593949318 0.032167982 0.993018568 0.010954013 0.112957500
57.475150 -13.155635834 0.239062250 -3.708059311 0.030360430 0.994099557 0.013494773 0.103257902
57.579070 -13.132942200 0.239439026 -3.821258545 0.030327780 0.995021760 0.014721709 0.093782723
57.682930 -13.114733696 0.241471946 -3.938189983 0.030188780 0.995807052 0.014474271 0.085132465
57.786690 -13.095769882 0.242663056 -4.052594185 0.029839111 0.996519804 0.012251738 0.076862030
57.890570 -13.080382347 0.243366748 -4.170094490 0.031616099 0.996995211 0.010897286 0.069872700
57.994890 -13.065528870 0.244277075 -4.288605690 0.034290027 0.997239232 0.012873494 0.064593129
58.098070 -13.051872253 0.247188106 -4.411103249 0.036887858 0.997287750 0.017593144 0.061211850
58.201850 -13.037972450 0.249763310 -4.532248497 0.038471594 0.997235835 0.022106687 0.059597667
58.305440 -13.023294449 0.253240764 -4.657039165 0.037668355 0.997311473 0.022079039 0.058850866
58.409230 -13.008296013 0.255881637 -4.781423092 0.036076840 0.997410655 0.020785807 0.058638297
58.512810 -12.991132736 0.259084284 -4.904800892 0.033244979 0.997607768 0.018245202 0.057797860
58.616560 -12.974222183 0.261132151 -5.030873775 0.029080693 0.997771800 0.017033719 0.057581067
58.720450 -12.958171844 0.263704866 -5.160005093 0.026788032 0.997832119 0.017012347 0.057653788
58.824030 -12.942296982 0.266533434 -5.289532661 0.025808062 0.997812033 0.018071169 0.058124553
58.927820 -12.925220490 0.269458175 -5.421181679 0.024714477 0.997817874 0.018714201 0.058296241
59.031700 -12.909502029 0.272268713 -5.550757408 0.024366239 0.997779846 0.019018743 0.058991048
59.135420 -12.893753052 0.275923491 -5.685352802 0.023409855 0.997768104 0.018093629 0.059861429
59.239170 -12.877308846 0.277766466 -5.817177773 0.022794530 0.997778594 0.017226823 0.060178589
59.343070 -12.858989716 0.280020952 -5.953631401 0.021458279 0.997811973 0.016188787 0.060404476
59.446780 -12.842260361 0.282487065 -6.088877678 0.020327495 0.997854531 0.015492472 0.060275633
59.550680 -12.824324608 0.284179419 -6.224686623 0.018722486 0.997925103 0.015740154 0.059558079
59.654550 -12.808303833 0.285724074 -6.361696720 0.018103434 0.997969925 0.016146138 0.058886420
59.758420 -12.791545868 0.288547099 -6.498770714 0.017898990 0.998020530 0.016108034 0.058095910
59.862460 -12.775059700 0.290314615 -6.634885311 0.017260710 0.998065412 0.016290916 0.057463955
59.965990 -12.758949280 0.292129695 -6.770747662 0.017561655 0.998077571 0.017133793 0.056914173
60.069690 -12.744888306 0.293720901 -6.908191204 0.016826624 0.998083591 0.018352965 0.056650080
60.173450 -12.726800919 0.296364903 -7.043758392 0.016577054 0.998116612 0.018954633 0.055938430
60.277190 -12.711688042 0.298641324 -7.180275917 0.016325457 0.998147547 0.018424872 0.055637129
60.381050 -12.695478439 0.301072359 -7.315082550 0.016151505 0.998210251 0.016929496 0.055035371
60.484800 -12.679662704 0.303405970 -7.448789120 0.015749285 0.998257279 0.016081538 0.054550689
60.588540 -12.664236069 0.303678989 -7.585807323 0.015637467 0.998279572 0.016542293 0.054034021
60.692600 -12.648665428 0.306337059 -7.717695713 0.015233423 0.998329103 0.016801586 0.053148005
60.797000 -12.633275986 0.307279825 -7.853054523 0.014573468 0.998404562 0.017730253 0.051590562
60.900200 -12.618648529 0.309271276 -7.987093449 0.014262591 0.998484433 0.017707549 0.050117541
61.003920 -12.603908539 0.311823130 -8.122255325 0.012552151 0.998603106 0.017272918 0.048331294
61.107700 -12.590839386 0.312444329 -8.253952980 0.013019373 0.998662829 0.016815748 0.047119074
61.211580 -12.577093124 0.315099508 -8.388067245 0.012325105 0.998731494 0.017270047 0.045664221
61.315290 -12.565494537 0.317151725 -8.516699791 0.012762891 0.998773813 0.018184489 0.044241939
61.419200 -12.554604530 0.319347680 -8.646871567 0.013419674 0.998804212 0.018898042 0.043046296
61.522950 -12.546090126 0.323438704 -8.776324272 0.013914214 0.998839378 0.018455533 0.042258289
61.626790 -12.532357216 0.323491096 -8.903649330 0.013580955 0.998905897 0.018695373 0.040657319
61.730990 -12.522109985 0.325131655 -9.034111023 0.014043218 0.998936713 0.018294122 0.039919972
61.834510 -12.511313438 0.326343685 -9.162028313 0.013636813 0.998969376 0.018395774 0.039189104
61.938390 -12.500997543 0.329387844 -9.286132812 0.013002363 0.999001682 0.018680017 0.038440078
62.042070 -12.491559029 0.331669986 -9.415280342 0.012823128 0.999029577 0.017752573 0.038213279
62.145930 -12.482596397 0.334003627 -9.539146423 0.012415113 0.999077439 0.015608329 0.038032614
62.249910 -12.472889900 0.336067796 -9.664748192 0.011930573 0.999105453 0.014090164 0.038044196
62.353660 -12.465126991 0.337867647 -9.790465355 0.012635045 0.999089122 0.013343547 0.038513303
62.457420 -12.451302528 0.337000132 -9.913429260 0.012281131 0.999088943 0.014465828 0.038226340
62.561290 -12.443236351 0.339832097 -10.038431168 0.013523763 0.999042749 0.014572542 0.038966548
62.665290 -12.433061600 0.340699315 -10.162024498 0.014806388 0.999007761 0.015192111 0.039160594
62.769050 -12.421200752 0.341826409 -10.286839485 0.015011071 0.998986185 0.015649125 0.039451074
62.872800 -12.412436485 0.343922704 -10.411328316 0.015217676 0.998961508 0.015899487 0.039893560
62.976670 -12.400387764 0.344355762 -10.532653809 0.014828778 0.998946011 0.016226549 0.040294576
63.080660 -12.390560150 0.346380591 -10.657498360 0.014768608 0.998934627 0.015512813 0.040876482
63.184460 -12.379650116 0.347348005 -10.779228210 0.015975753 0.998889267 0.015008471 0.041711085
63.288240 -12.369068146 0.348893136 -10.901368141 0.016365960 0.998828828 0.014262284 0.043240238
63.392070 -12.356777191 0.349711746 -11.022434235 0.015725277 0.998781204 0.014207892 0.044575132
63.495820 -12.345170975 0.350212783 -11.143379211 0.015822098 0.998738945 0.013356606 0.045736443
63.599720 -12.333244324 0.350592911 -11.264517784 0.015876211 0.998695016 0.013165312 0.046721596
63.703640 -12.321267128 0.352210045 -11.383555412 0.015286648 0.998683810 0.013125016 0.047166187
63.807440 -12.309271812 0.352008820 -11.503310204 0.014579557 0.998664498 0.014342944 0.047444128
63.911420 -12.297084808 0.352825880 -11.620869637 0.014020675 0.998671174 0.015368942 0.047149535
64.015770 -12.285602570 0.353928417 -11.736987114 0.013823077 0.998688936 0.015777519 0.046694230
64.119460 -12.273809433 0.354777008 -11.850915909 0.013264176 0.998726785 0.015994113 0.045967989
64.223410 -12.262837410 0.355823278 -11.963080406 0.012223108 0.998790503 0.015790572 0.044931758
64.327430 -12.252802849 0.356776148 -12.073108673 0.011846882 0.998880386 0.015966158 0.042926785
64.431450 -12.243588448 0.357538790 -12.181381226 0.012334924 0.998989165 0.016022727 0.040147312
64.535560 -12.236299515 0.358565450 -12.287953377 0.012705714 0.999117136 0.016025690 0.036697146
64.639590 -12.228498459 0.359420747 -12.390652657 0.013676053 0.999243915 0.016300388 0.032539167
64.743580 -12.224314690 0.360303432 -12.489391327 0.014671218 0.999330223 0.017123690 0.028820561
64.847590 -12.219611168 0.361054540 -12.586462975 0.016437022 0.999405026 0.017497221 0.024762545
64.951550 -12.215423584 0.362153590 -12.682929039 0.017326081 0.999475062 0.017628863 0.020945454
65.055500 -12.213582039 0.361841083 -12.773433685 0.017996706 0.999521136 0.018197337 0.017390480
65.159520 -12.209048271 0.363004625 -12.860293388 0.018299511 0.999578714 0.018023087 0.013516475
65.263460 -12.206580162 0.362724870 -12.945145607 0.018805636 0.999608517 0.017963229 0.010322008
65.367480 -12.208097458 0.365287751 -13.028156281 0.019573133 0.999624193 0.017584784 0.007693497
65.471470 -12.209808350 0.366780519 -13.104872704 0.019963121 0.999636829 0.017324392 0.005241111
65.575320 -12.209207535 0.366758138 -13.174093246 0.021189025 0.999626100 0.017043879 0.002858717
65.679310 -12.210340500 0.368276119 -13.247049332 0.021616157 0.999608517 0.017757870 0.000514326
65.783300 -12.212541580 0.369191587 -13.315400124 0.021987211 0.999582469 0.018709186 -0.001200281
65.887300 -12.209273338 0.370526195 -13.378438950 0.022134924 0.999565721 0.019077351 -0.003807182
65.991170 -12.211445808 0.370282590 -13.434509277 0.022628883 0.999543190 0.019390322 -0.005040744
66.095340 -12.211980820 0.370881319 -13.490296364 0.023531338 0.999508202 0.019724343 -0.006367599
66.199080 -12.213301659 0.370886743 -13.537226677 0.024422627 0.999474764 0.020135773 -0.006951542
66.303070 -12.216227531 0.373807907 -13.591029167 0.025041461 0.999451756 0.020132644 -0.007984066
66.407050 -12.216074944 0.374583900 -13.635648727 0.024811979 0.999437749 0.020879170 -0.008520073
66.512930 -12.217916489 0.373303354 -13.672686577 0.024862552 0.999422789 0.021698093 -0.008067140
66.614800 -12.213099480 0.374643564 -13.703244209 0.023232246 0.999476075 0.020826885 -0.008605241
66.718800 -12.217446327 0.375348687 -13.732573509 0.023297990 0.999481618 0.021011706 -0.007229515
66.824140 -12.209199905 0.373096585 -13.760581970 0.021014014 0.999540865 0.020569682 -0.007300501
66.926760 -12.214169502 0.374060571 -13.797310829 0.020950381 0.999570370 0.019988013 -0.004544354
67.031610 -12.217347145 0.373797834 -13.822851181 0.020788072 0.999604523 0.018770823 -0.002512177
67.134650 -12.215124130 0.373247027 -13.847154617 0.020985445 0.999617457 0.017942818 -0.001612430
67.238470 -12.214647293 0.374342531 -13.871032715 0.021481145 0.999611914 0.017732272 -0.000352661
67.342520 -12.214703560 0.375081897 -13.894706726 0.021014504 0.999612927 0.018202441 0.000995164
67.446480 -12.214223862 0.375477225 -13.914346695 0.020086551 0.999626994 0.018345091 0.002411043
67.550330 -12.212633133 0.374593854 -13.934352875 0.019174183 0.999643505 0.018194571 0.003757287
67.654290 -12.212461472 0.375972688 -13.952663422 0.019550161 0.999638259 0.017552881 0.005749485
67.758210 -12.213492393 0.374796033 -13.969531059 0.020058420 0.999611735 0.017476300 0.008286724
67.862190 -12.209600449 0.374459147 -13.984712601 0.020226063 0.999588549 0.017409705 0.010514596
67.966080 -12.207395554 0.376140654 -14.000170708 0.019692099 0.999565005 0.017095702 0.013776756
68.070190 -12.205835342 0.376214981 -14.014504433 0.018778577 0.999521494 0.017026629 0.017726503
68.173980 -12.204672813 0.378719658 -14.028835297 0.017681390 0.999484837 0.016662261 0.020971935
68.277930 -12.204414368 0.378859580 -14.040334702 0.017062711 0.999401152 0.017185409 0.024713993
68.381800 -12.202015877 0.378801882 -14.051396370 0.016417000 0.999324858 0.017419731 0.027871197
68.485930 -12.201084137 0.378499687 -14.058818817 0.016207715 0.999255419 0.017574795 0.030282272
68.589980 -12.199707031 0.378886104 -14.065066338 0.016260378 0.999198258 0.017080020 0.032352034
68.693970 -12.200198174 0.379234195 -14.069203377 0.016195966 0.999142528 0.016919788 0.034141101
68.797970 -12.198998451 0.379060119 -14.072226524 0.016445247 0.999105811 0.016925504 0.035080612
68.902060 -12.198868752 0.379197538 -14.074296951 0.016101887 0.999077618 0.016591297 0.036184944
69.006040 -12.198777199 0.378643125 -14.075597763 0.016004255 0.999062896 0.016883805 0.036499120
69.110830 -12.196884155 0.376918435 -14.074980736 0.015978836 0.999052882 0.017142978 0.036663275
69.214230 -12.195741653 0.377395928 -14.073944092 0.016274082 0.999063253 0.016713813 0.036447138
69.318190 -12.196341515 0.376399368 -14.073494911 0.016662534 0.999056935 0.016262405 0.036649339
69.422330 -12.197032928 0.376165658 -14.073290825 0.016423127 0.999065042 0.016104035 0.036605444
69.526320 -12.195243835 0.376698077 -14.074742317 0.016347246 0.999066889 0.016251016 0.036524106
69.630320 -12.198322296 0.378170282 -14.074593544 0.016456554 0.999075294 0.015754124 0.036463935
69.734330 -12.196924210 0.377965897 -14.074180603 0.016485874 0.999085903 0.015796129 0.036139622
69.838430 -12.196404457 0.378454328 -14.074427605 0.016504893 0.999083340 0.015872536 0.036168650
69.943310 -12.197142601 0.378611445 -14.074246407 0.016480345 0.999084353 0.015653597 0.036246005
70.047250 -12.197544098 0.379093826 -14.074171066 0.016468562 0.999080420 0.015546432 0.036406614
70.150510 -12.197412491 0.377523214 -14.074373245 0.016540522 0.999073505 0.015974671 0.036377702
70.254450 -12.196894646 0.378786772 -14.074273109 0.016534640 0.999085844 0.015609306 0.036199626
70.358440 -12.196940422 0.379284650 -14.074326515 0.016494997 0.999085903 0.015496694 0.036264759
70.462450 -12.196421623 0.378723055 -14.074112892 0.016531194 0.999083102 0.015606842 0.036277063
70.566450 -12.196618080 0.378850728 -14.074081421 0.016532768 0.999079466 0.015601370 0.036379393
70.670640 -12.196469307 0.378740162 -14.074164391 0.016570777 0.999076366 0.015671713 0.036417231
70.774540 -12.197039604 0.378761113 -14.074383736 0.016573090 0.999072254 0.015626656 0.036548767
70.878550 -12.196322441 0.378900886 -14.074001312 0.016655279 0.999072492 0.015618267 0.036508076
70.982540 -12.196727753 0.378759742 -14.074573517 0.016670100 0.999063134 0.015687738 0.036726810
71.086680 -12.195215225 0.378300935 -14.073862076 0.016717970 0.999067187 0.015724264 0.036579184
71.190680 -12.196384430 0.378886431 -14.074292183 0.016943760 0.999049544 0.015635846 0.036991850
71.294670 -12.194828033 0.378927350 -14.075280190 0.016928941 0.999053836 0.015550490 0.036918603
71.398790 -12.194116592 0.378720790 -14.074833870 0.016990479 0.999047458 0.015601218 0.037042439
71.503010 -12.194540024 0.378629416 -14.074983597 0.017088143 0.999035537 0.015659900 0.037292197
71.606920 -12.193978310 0.378458589 -14.074801445 0.017152689 0.999037623 0.015686233 0.037195142
71.710990 -12.194316864 0.378596365 -14.075102806 0.017171038 0.999035001 0.015653502 0.037271339
71.817720 -12.194675446 0.378574044 -14.075096130 0.017153440 0.999028027 0.015691439 0.037450839
71.918960 -12.194801331 0.378254116 -14.074919701 0.017102778 0.999027312 0.015732009 0.037475411
72.023080 -12.196247101 0.378647953 -14.074462891 0.017283937 0.999011159 0.015663121 0.037849586
72.127050 -12.194973946 0.378217816 -14.074844360 0.017327778 0.999011934 0.015771357 0.037764903
72.231970 -12.194206238 0.378167987 -14.074433327 0.017342584 0.999014676 0.015809182 0.037669040
72.335120 -12.194372177 0.378103048 -14.074074745 0.017319832 0.999011576 0.015808890 0.037762407
72.439200 -12.196831703 0.378401577 -14.074190140 0.017291211 0.998996198 0.015722034 0.038214546
72.543190 -12.197882652 0.378452718 -14.073848724 0.017197050 0.998991370 0.015728341 0.038381089
72.647200 -12.197491646 0.378812969 -14.074058533 0.017318103 0.998989224 0.015623964 0.038425732
72.751200 -12.196380615 0.378884941 -14.074081421 0.017374588 0.998993099 0.015661679 0.038283400
72.855180 -12.196430206 0.378683090 -14.074590683 0.017414041 0.998986065 0.015688144 0.038438119
72.959210 -12.195934296 0.378545940 -14.074720383 0.017431116 0.998986125 0.015653638 0.038442671
73.063300 -12.195386887 0.378346115 -14.074805260 0.017465414 0.998987556 0.015729999 0.038358428
73.167460 -12.197773933 0.377265841 -14.075149536 0.017503669 0.998962283 0.015998505 0.038885202
73.271730 -12.198062897 0.377000988 -14.075397491 0.017460866 0.998961926 0.016041452 0.038895778
73.375310 -12.197830200 0.376983106 -14.075047493 0.017446542 0.998963237 0.016041424 0.038867194
73.479440 -12.198653221 0.376910120 -14.074924469 0.017503813 0.998955905 0.016059499 0.039023165
73.583460 -12.196390152 0.379004836 -14.074687004 0.017514864 0.998979032 0.015649630 0.038590752
73.687600 -12.195821762 0.378751785 -14.074919701 0.017534956 0.998979867 0.015698325 0.038540114
73.791560 -12.197665215 0.378734410 -14.074237823 0.017505115 0.998969913 0.015712842 0.038805250
73.895660 -12.196843147 0.379056633 -14.074315071 0.017465124 0.998975515 0.015655017 0.038700711
73.999560 -12.196061134 0.378668308 -14.074428558 0.017459434 0.998982191 0.015690954 0.038517240
74.103680 -12.197340965 0.378888249 -14.074159622 0.017437864 0.998974323 0.015653772 0.038745269
74.207700 -12.196965218 0.379132003 -14.074332237 0.017519789 0.998975933 0.015588608 0.038693249
74.311710 -12.194743156 0.378549159 -14.074597359 0.017443672 0.998991013 0.015678402 0.038298935
74.415680 -12.195648193 0.378380150 -14.074667931 0.017472120 0.998981178 0.015735678 0.038519621
74.519800 -12.196084976 0.378476381 -14.074456215 0.017413124 0.998967826 0.015675660 0.038914740
74.623890 -12.197229385 0.376983255 -14.075918198 0.017419593 0.998905480 0.015733650 0.040457856
74.727840 -12.196778297 0.375569820 -14.076232910 0.016934266 0.998858392 0.015811218 0.041775353
74.831850 -12.195590019 0.375266016 -14.077741623 0.016778564 0.998794138 0.015790975 0.043351945
74.935850 -12.194477081 0.375495970 -14.079354286 0.016879046 0.998686492 0.015747156 0.045743104
75.039850 -12.191599846 0.378129333 -14.081800461 0.017121037 0.998598278 0.015226359 0.047712818
75.143810 -12.192840576 0.380677700 -14.085702896 0.016821457 0.998430848 0.014708522 0.051346935
75.247810 -12.189112663 0.378215343 -14.088850975 0.016621137 0.998238504 0.015200007 0.054887354
75.351710 -12.187502861 0.377964288 -14.092868805 0.016561465 0.997978866 0.015133163 0.059454802
75.455730 -12.184438705 0.378129333 -14.097084999 0.016480455 0.997694433 0.015105398 0.064077862
75.559590 -12.181758881 0.377245486 -14.101351738 0.016401058 0.997338593 0.015401110 0.069350928
75.663570 -12.182748795 0.378350556 -14.106539726 0.016352167 0.996848345 0.015145123 0.076135248
75.767480 -12.180966377 0.378344536 -14.112488747 0.016226962 0.996313095 0.015003244 0.082896478
75.871360 -12.178129196 0.378045410 -14.119426727 0.016057223 0.995692790 0.014569044 0.090143338
75.975180 -12.172967911 0.378384769 -14.126136780 0.015785579 0.995008767 0.013525095 0.097598471
76.079100 -12.167860031 0.377601683 -14.135843277 0.015386508 0.994155288 0.012617514 0.106109843
76.182950 -12.163165092 0.377957344 -14.147095680 0.014646436 0.993148804 0.012047899 0.115306981
76.286810 -12.157518387 0.378352940 -14.160631180 0.014421850 0.992021918 0.012395653 0.124622874
76.390670 -12.151050568 0.378597230 -14.175450325 0.014981915 0.990772843 0.013058475 0.134067938
76.495070 -12.143887520 0.379192591 -14.193050385 0.015680643 0.989248216 0.013655011 0.144760549
76.598340 -12.133789062 0.379330873 -14.211863518 0.015240059 0.987513006 0.014302501 0.156145036
76.702070 -12.124235153 0.379381657 -14.230940819 0.014267061 0.985523403 0.015692897 0.168207407
76.805830 -12.113765717 0.380075514 -14.252446175 0.014382329 0.983266890 0.016614266 0.180840522
76.909690 -12.100326538 0.380102754 -14.273509979 0.014986357 0.980848312 0.017190196 0.193433508
77.013440 -12.088867188 0.380141228 -14.294454575 0.015731620 0.977940083 0.018522402 0.207467183
77.117090 -12.073976517 0.381143779 -14.317790985 0.016143637 0.974567533 0.019832063 0.222630143
77.220840 -12.056434631 0.380292058 -14.340471268 0.016258344 0.970688045 0.020784339 0.238889873
77.324460 -12.040096283 0.380973041 -14.364547729 0.016785506 0.965870917 0.020434564 0.257670522
77.428190 -12.018647194 0.381456792 -14.389513016 0.016121097 0.960378826 0.019185653 0.277568907
77.531820 -11.994575500 0.381219745 -14.415962219 0.014841196 0.953929305 0.017860426 0.299131364
77.635430 -11.969189644 0.381929666 -14.443862915 0.015036068 0.946215093 0.016855042 0.322748780
77.739080 -11.938361168 0.381778806 -14.473304749 0.017091950 0.937421739 0.016249482 0.347396433
77.842690 -11.901341438 0.383434057 -14.506709099 0.019423649 0.927767873 0.014816084 0.372357398
77.946530 -11.863317490 0.383655965 -14.539223671 0.020150760 0.917394280 0.013465544 0.397240907
78.050250 -11.816860199 0.384236932 -14.571851730 0.020140896 0.906631827 0.012948906 0.421242714
78.153970 -11.763898849 0.384037882 -14.604066849 0.021001764 0.895375907 0.013280034 0.444617331
78.257840 -11.709760666 0.383873820 -14.638165474 0.021307399 0.882806778 0.014383294 0.469032317
78.361560 -11.648473740 0.382925302 -14.669141769 0.020309700 0.870006442 0.015808996 0.492368132
78.465430 -11.580890656 0.383872271 -14.699437141 0.020187752 0.856373012 0.017983522 0.515649617
78.569310 -11.513251305 0.383463174 -14.728321075 0.020802459 0.841618001 0.021108175 0.539259493
78.673060 -11.438779831 0.383266389 -14.754058838 0.020881940 0.826311409 0.023417395 0.562339008
78.776930 -11.359134674 0.382806808 -14.777592659 0.020595128 0.810638368 0.025381826 0.584634125
78.880800 -11.272809982 0.383822381 -14.798631668 0.020671917 0.794842243 0.026916280 0.605866313
78.984860 -11.184823036 0.383687764 -14.815104485 0.020803228 0.779153645 0.028089637 0.625857651
79.088830 -11.091785431 0.384500563 -14.828500748 0.022621907 0.764355242 0.028467499 0.643769264
79.192960 -10.994260788 0.384680033 -14.839869499 0.023327725 0.751061618 0.027585892 0.659242988
79.297060 -10.893360138 0.385125697 -14.845332146 0.023174655 0.739785075 0.026168408 0.671934605
79.401310 -10.788345337 0.386057884 -14.851999283 0.023816699 0.730305374 0.024212299 0.682276011
79.505690 -10.677853584 0.384242952 -14.853797913 0.024597561 0.723107457 0.023629609 0.689892888
79.610070 -10.564022064 0.383618951 -14.856163979 0.024890481 0.717253864 0.023405680 0.695973814
79.714470 -10.446338654 0.382245243 -14.858161926 0.026223429 0.711812139 0.023437209 0.701488793
79.818800 -10.326184273 0.381284833 -14.857028961 0.027832264 0.706986368 0.022807255 0.706311166
79.923050 -10.203658104 0.378838688 -14.854823112 0.029702708 0.701708078 0.022149066 0.711500466
80.027420 -10.080015182 0.375712454 -14.848511696 0.030760765 0.696845233 0.021063702 0.716251910
80.131680 -9.948197365 0.373449683 -14.842809677 0.029964179 0.692323506 0.019376492 0.720704436
80.235930 -9.815915108 0.370372295 -14.833647728 0.028540939 0.689142823 0.017723398 0.723846316
80.340300 -9.676173210 0.366552353 -14.824678421 0.026986668 0.687257111 0.016201541 0.725731969
80.444550 -9.537987709 0.363131821 -14.816157341 0.026185934 0.686306179 0.015162361 0.726683021
80.548940 -9.393707275 0.360253394 -14.806586266 0.025544321 0.686204970 0.015108105 0.726802528
80.653190 -9.246275902 0.356880635 -14.798734665 0.025564607 0.685579062 0.015951978 0.727374256
80.757320 -9.098197937 0.355057955 -14.790177345 0.025600662 0.684544146 0.015884226 0.728348553
80.861430 -8.946852684 0.349280119 -14.777748108 0.025732508 0.683100343 0.016700277 0.729679942
80.965550 -8.793498039 0.348998308 -14.767016411 0.025958486 0.681335688 0.015552639 0.731345296
81.069680 -8.632848740 0.343798906 -14.753417969 0.025921959 0.679851472 0.015795188 0.732721329
81.173790 -8.474134445 0.339451879 -14.742339134 0.025938289 0.677758455 0.015944134 0.734654009
81.277810 -8.313308716 0.334980071 -14.729324341 0.025009187 0.675759137 0.016881866 0.736504734
81.381810 -8.149036407 0.332751453 -14.713752747 0.024402643 0.673994958 0.018625189 0.738097847
81.485930 -7.983050346 0.328054219 -14.696884155 0.023571063 0.672451794 0.019619690 0.739505291
81.589930 -7.814893723 0.325539649 -14.679764748 0.023831747 0.671901464 0.019270357 0.740006149
81.694050 -7.646752834 0.320449382 -14.664562225 0.023952171 0.671685219 0.018434608 0.740219891
81.798060 -7.475849628 0.317586809 -14.646583557 0.024554223 0.672326148 0.018367896 0.739619672
81.902180 -7.303153038 0.313575596 -14.631173134 0.023780117 0.672415674 0.019674256 0.739530027
82.006180 -7.128336430 0.308738530 -14.613542557 0.023051916 0.672745705 0.020908099 0.739218950
82.110180 -6.960011005 0.304724663 -14.596194267 0.023291832 0.673071206 0.022008076 0.738883138
82.214180 -6.788739681 0.301933318 -14.579502106 0.023105532 0.673252523 0.022046601 0.738722622
82.318180 -6.617610455 0.296952486 -14.564243317 0.022880744 0.673463523 0.022242902 0.738531351
82.422200 -6.448592663 0.291259885 -14.547609329 0.023214281 0.673737288 0.021891627 0.738281727
82.526180 -6.277166367 0.286653280 -14.531982422 0.023910655 0.673955262 0.021060342 0.738084733
82.630180 -6.105566978 0.282143295 -14.516191483 0.023750097 0.674040258 0.020759404 0.738020778
82.734050 -5.934916496 0.279014915 -14.499711037 0.022960966 0.674407303 0.021398146 0.737692118
82.838070 -5.763198376 0.275707871 -14.485922813 0.022515288 0.674317539 0.022148071 0.737765789
82.942060 -5.595697403 0.270913273 -14.468716621 0.022598321 0.674776137 0.021531396 0.737362146
83.046050 -5.425463676 0.267665505 -14.453927040 0.023770450 0.674875379 0.020948881 0.737251222
83.149930 -5.257985115 0.263262808 -14.437132835 0.024550276 0.675249100 0.020611411 0.736892879
83.253960 -5.089806557 0.258375317 -14.423397064 0.022714457 0.675214112 0.020769075 0.736979306
83.357930 -4.920447350 0.254803002 -14.408224106 0.021378670 0.675273061 0.021685317 0.736938953
83.461930 -4.752621174 0.251158386 -14.395073891 0.019903557 0.675153315 0.021844037 0.737085223
83.565930 -4.584677219 0.248406917 -14.377116203 0.019716769 0.675716460 0.020525629 0.736611962
83.669810 -4.420033455 0.244310021 -14.362895966 0.020015791 0.675639093 0.019804355 0.736694634
83.773690 -4.253799438 0.240707070 -14.347500801 0.019832633 0.675925076 0.019470597 0.736446083
83.877560 -4.086965561 0.236081406 -14.332631111 0.019230707 0.675939262 0.019707356 0.736442745
83.981560 -3.922113895 0.233195126 -14.317994118 0.019158158 0.675962865 0.020430103 0.736403286
84.085580 -3.754943609 0.229528517 -14.301135063 0.019558230 0.676215053 0.020707171 0.736153424
84.189660 -3.591130257 0.226112992 -14.287119865 0.021078851 0.676375270 0.020606207 0.735967040
84.293370 -3.428081751 0.221560135 -14.274347305 0.022333967 0.675972700 0.021349860 0.736278653
84.397140 -3.263309002 0.217444494 -14.259035110 0.022913665 0.675520480 0.022322679 0.736646950
84.500970 -3.096192360 0.214263380 -14.246414185 0.022896856 0.674331069 0.022851426 0.737720251
84.604690 -2.934792519 0.210117921 -14.231497765 0.022933446 0.672916114 0.023599755 0.738986492
84.708560 -2.770474434 0.206067368 -14.216337204 0.022146136 0.671755552 0.023246616 0.740076780
84.812320 -2.609498739 0.203109562 -14.199245453 0.021506397 0.670726836 0.021787748 0.741072416
84.916060 -2.447688580 0.198548794 -14.180943489 0.021747077 0.669845402 0.020951390 0.741886318
85.020090 -2.288245678 0.195412770 -14.160938263 0.021523900 0.669276059 0.020502944 0.742418945
85.123720 -2.124345779 0.191070557 -14.145825386 0.021202324 0.668084502 0.021165980 0.743482053
85.227440 -1.963637710 0.188010678 -14.127857208 0.020962555 0.667381585 0.021257134 0.744117260
85.331180 -1.804897666 0.183920190 -14.109637260 0.020678222 0.666788638 0.021847133 0.744639516
85.435100 -1.645418525 0.180102363 -14.091769218 0.020316517 0.666229129 0.022039594 0.745144367
85.538870 -1.485553503 0.176816374 -14.070908546 0.019105118 0.666211724 0.021320786 0.745212972
85.642600 -1.325910687 0.174374714 -14.049998283 0.019026706 0.666607201 0.021059204 0.744868636
85.746450 -1.170585513 0.170851186 -14.034746170 0.018681085 0.666612267 0.020367978 0.744892120
85.850400 -1.014052868 0.167751506 -14.018479347 0.018960265 0.666959465 0.020550122 0.744569182
85.954220 -0.855406046 0.164141253 -14.000696182 0.019035492 0.667479396 0.020918718 0.744090915
86.058060 -0.701660633 0.161334559 -13.984531403 0.020250112 0.668148398 0.021707946 0.743435562
86.161940 -0.539496422 0.158601999 -13.967967033 0.021841468 0.668963850 0.022515263 0.742632806
86.266420 -0.385003567 0.154327556 -13.950727463 0.023245193 0.669902325 0.023454444 0.741714478
86.369740 -0.229031920 0.151599556 -13.937988281 0.023366056 0.670428872 0.024149610 0.741212547
86.473600 -0.066118598 0.147758290 -13.920050621 0.022800505 0.671506405 0.024788689 0.740232885
86.577490 0.090986967 0.144916430 -13.903846741 0.021977898 0.672371566 0.024769995 0.739472687
86.681310 0.248490334 0.141363159 -13.890075684 0.021433810 0.673123538 0.024625462 0.738809168
86.785510 0.403068960 0.139623985 -13.873688698 0.021611121 0.674079537 0.023361307 0.737972915
86.889090 0.558195651 0.135909438 -13.861422539 0.022129100 0.674506545 0.022430304 0.737596154
86.992950 0.714117050 0.131808072 -13.845479012 0.022850592 0.675374210 0.021207398 0.736815929
87.096690 0.870991707 0.128164351 -13.832477570 0.023995170 0.675914109 0.021032901 0.736289382
87.200570 1.026378989 0.125409529 -13.819630623 0.024194060 0.676225781 0.020611435 0.736008525
87.304430 1.182763338 0.121999346 -13.806379318 0.023711033 0.676378727 0.021470765 0.735859096
87.408330 1.338639498 0.117766574 -13.792906761 0.022459723 0.676274896 0.022235513 0.735971093
87.512180 1.493866563 0.115146391 -13.779520035 0.021238755 0.675986588 0.021902267 0.736282110
87.616060 1.648668766 0.110434011 -13.764809608 0.019372342 0.675872028 0.021131452 0.736461222
87.719790 1.805241346 0.106919654 -13.749779701 0.017937703 0.675788283 0.019350497 0.736623347
87.823570 1.957266927 0.104530208 -13.735032082 0.016733637 0.675686479 0.017743111 0.736785591
87.927320 2.111107588 0.101785913 -13.721332550 0.015700752 0.675408304 0.016215391 0.737098455
88.031060 2.264837742 0.098042250 -13.705703735 0.016144890 0.675457418 0.015555269 0.737058103
88.135050 2.419865370 0.096216314 -13.692939758 0.015988382 0.675140619 0.014008414 0.737382710
88.238710 2.573023796 0.091854423 -13.678833008 0.017060915 0.674844086 0.014500059 0.737620592
88.342600 2.726176262 0.089237265 -13.666445732 0.016330311 0.674480975 0.017340250 0.737907887
88.446330 2.881661892 0.085745469 -13.650539398 0.015157504 0.674205780 0.019832259 0.738121569
88.550190 3.034951210 0.083122753 -13.635227203 0.015698282 0.673859000 0.020867478 0.738398433
88.653930 3.189332962 0.080771133 -13.621731758 0.017810877 0.673374295 0.019938670 0.738818169
88.757820 3.341054201 0.078835048 -13.607378006 0.019774392 0.673031986 0.019176498 0.739100277
88.861690 3.493394852 0.074849874 -13.591186523 0.019685838 0.673151076 0.018177886 0.739019394
88.965560 3.645196915 0.071848951 -13.576488495 0.020094410 0.672920048 0.018166607 0.739219069
89.069450 3.796564579 0.066301733 -13.562558174 0.020198945 0.672724009 0.018451022 0.739387512
89.173320 3.946856976 0.061944485 -13.548233032 0.021846982 0.672699630 0.018576199 0.739359736
89.277420 4.098047256 0.057428706 -13.534007072 0.023863696 0.672726512 0.018721649 0.739269257
89.381180 4.248896599 0.054319452 -13.518993378 0.024713269 0.673042357 0.018997859 0.738946736
89.485130 4.394398212 0.050117020 -13.506116867 0.024348497 0.673229575 0.020344995 0.738752425
89.588990 4.547703266 0.046573509 -13.489904404 0.023618650 0.673702359 0.022081027 0.738295138
89.692870 4.696557522 0.041481111 -13.476410866 0.023164051 0.673927963 0.022957370 0.738076925
89.796830 4.844997406 0.038092978 -13.462903023 0.023414645 0.674347579 0.022122735 0.737711072
89.900710 4.992657661 0.035369635 -13.448505402 0.022861842 0.674931288 0.020381829 0.737244725
90.004580 5.140610695 0.031127656 -13.434868813 0.022179572 0.675343633 0.020416865 0.736886859
90.108700 5.286948681 0.028435402 -13.421541214 0.021667013 0.675724387 0.020991487 0.736536741
90.212510 5.433678150 0.025489844 -13.409431458 0.020973571 0.675894737 0.021189211 0.736394942
90.316520 5.580841064 0.021053132 -13.395430565 0.021588139 0.676458955 0.021870289 0.735838950
90.420320 5.724955559 0.018489387 -13.384734154 0.021802312 0.676760912 0.021694753 0.735560119
90.524330 5.870112419 0.015777931 -13.371027946 0.021782888 0.677017093 0.021710007 0.735324442
90.628220 6.013114452 0.013757346 -13.357604980 0.020509463 0.677365541 0.021404749 0.735049129
90.732220 6.153362274 0.008883165 -13.347069740 0.019919652 0.677608371 0.021341780 0.734843254
90.836200 6.289537430 0.006053518 -13.335447311 0.019822361 0.677889228 0.021489153 0.734582543
90.940100 6.425985336 0.002477864 -13.324927330 0.018509019 0.678074896 0.021277599 0.734451592
91.044070 6.556778431 0.000076640 -13.315464020 0.017754566 0.677925527 0.021434112 0.734603524
91.148110 6.684589386 -0.002696527 -13.304142952 0.017799262 0.677682161 0.021786928 0.734816551
91.251940 6.808662415 -0.004777271 -13.292199135 0.017992245 0.677054107 0.021035811 0.735412478
91.355930 6.930205345 -0.005644337 -13.282281876 0.018725537 0.675682366 0.020652439 0.736665547
91.459820 7.047952652 -0.007015211 -13.271906853 0.018199490 0.673975527 0.019766513 0.738264918
91.563820 7.165555000 -0.011235547 -13.258857727 0.017446356 0.672545791 0.018836102 0.739610016
91.667690 7.278026581 -0.013763416 -13.246488571 0.018002328 0.670638144 0.018257225 0.741341412
91.771700 7.386371613 -0.017714126 -13.233807564 0.018794760 0.668109894 0.018129319 0.743604183
91.875570 7.491567612 -0.019191083 -13.220005035 0.020158134 0.664756596 0.017963605 0.746571898
91.979540 7.596282959 -0.023272473 -13.208032608 0.021640807 0.660416365 0.018053809 0.750370562
92.083700 7.695523262 -0.025437985 -13.193487167 0.021848783 0.655818164 0.017604243 0.754397273
92.187280 7.791510582 -0.029427320 -13.176135063 0.021998350 0.651144564 0.017403418 0.758435190
92.291780 7.884100914 -0.032472279 -13.159448624 0.021826288 0.645779669 0.017704995 0.763006389
92.394820 7.972287178 -0.036236450 -13.142174721 0.021418134 0.639786541 0.018617636 0.768028498
92.498710 8.057405472 -0.037883617 -13.123839378 0.021303872 0.633172452 0.017918838 0.773509979
92.607140 8.139056206 -0.041978974 -13.103145599 0.020566007 0.625948846 0.016269837 0.779423118
92.706330 8.218940735 -0.045255654 -13.080177307 0.019916490 0.618033051 0.014785114 0.785760701
92.812670 8.296787262 -0.047643468 -13.056912422 0.020112732 0.609477043 0.014721318 0.792411864
92.913890 8.370124817 -0.050177868 -13.033714294 0.019492827 0.600444317 0.014482943 0.799297750
93.017610 8.444496155 -0.053583432 -13.006970406 0.018883381 0.590698004 0.013808494 0.806553543
93.121320 8.515174866 -0.056557473 -12.978435516 0.018998075 0.579776227 0.012952193 0.814451277
93.225060 8.582561493 -0.059309892 -12.949913025 0.019435428 0.567294419 0.011525371 0.823204994
93.328690 8.648332596 -0.062267676 -12.918899536 0.021082096 0.552873373 0.010775566 0.832928836
93.432440 8.713726044 -0.064220525 -12.885579109 0.022529544 0.536473393 0.009982285 0.843557358
93.536240 8.772632599 -0.067438319 -12.851118088 0.023328438 0.518114328 0.011492921 0.854915917
93.639690 8.830252647 -0.070978053 -12.814041138 0.022880444 0.496672630 0.013100076 0.867537439
93.743290 8.886410713 -0.073680505 -12.771691322 0.021653634 0.474005401 0.011806918 0.880176425
93.847210 8.939441681 -0.078278780 -12.726526260 0.020510398 0.451248914 0.009377591 0.892113149
93.950650 8.988113403 -0.081809148 -12.682900429 0.020942252 0.427375704 0.007497402 0.903800428
94.054400 9.035686493 -0.087338470 -12.635391235 0.021734204 0.403030306 0.007289931 0.914899468
94.158110 9.084844589 -0.088130705 -12.582358360 0.023902390 0.378699243 0.008358575 0.925173342
94.261830 9.127256393 -0.092226654 -12.529371262 0.021877117 0.354408294 0.006189435 0.934814334
94.365720 9.165473938 -0.096381396 -12.470187187 0.018917792 0.330635756 0.001826645 0.943567038
94.469450 9.202167511 -0.097823173 -12.411473274 0.016945371 0.305647254 -0.000879085 0.951993585
94.573250 9.236583710 -0.102504507 -12.350714684 0.013269912 0.280610293 -0.000235426 0.959730029
94.677090 9.266878128 -0.105831921 -12.288217545 0.010281686 0.255956531 0.001811899 0.966631949
94.780820 9.293802261 -0.107831791 -12.222896576 0.006719134 0.231429473 0.000397404 0.972828388
94.884790 9.315464020 -0.109510913 -12.155101776 0.002428294 0.206964299 -0.005229604 0.978331506
94.988570 9.335023880 -0.112202168 -12.086729050 0.000923214 0.182449356 -0.006464251 0.983193576
95.092440 9.353567123 -0.113788903 -12.017259598 0.001775615 0.158122391 -0.007207471 0.987391591
95.196460 9.368097305 -0.115001455 -11.949867249 0.002664085 0.136029556 -0.006988356 0.990676522
95.300440 9.380245209 -0.116785280 -11.878259659 0.002749798 0.116316959 -0.007568998 0.993179500
95.404570 9.390248299 -0.117380731 -11.803742409 0.002644254 0.097695120 -0.010271247 0.995159924
95.508570 9.398018837 -0.118672453 -11.728619576 0.002747787 0.080691420 -0.013188502 0.996648073
95.612820 9.405139923 -0.120028235 -11.651987076 0.002805278 0.066505641 -0.013873512 0.997685671
95.717080 9.410976410 -0.121957272 -11.574104309 0.002083412 0.055556156 -0.014507436 0.998347998
95.821210 9.416237831 -0.123393603 -11.493135452 0.001627666 0.045052409 -0.014702581 0.998875082
95.925440 9.421065331 -0.124898612 -11.411832809 0.001884121 0.035863340 -0.013332897 0.999265969
96.029700 9.424089432 -0.126990318 -11.327093124 0.002607638 0.028403781 -0.013100597 0.999507248
96.133950 9.425481796 -0.128357932 -11.241485596 0.003137373 0.021602120 -0.013666148 0.999668360
96.238190 9.426464081 -0.130152732 -11.150571823 0.003289568 0.014193530 -0.014040621 0.999795258
96.342320 9.425380707 -0.132324636 -11.058007240 0.003229013 0.007491996 -0.013863007 0.999870598
96.446460 9.424234390 -0.133125067 -10.961907387 0.003527789 0.000590586 -0.013483713 0.999902666
96.550570 9.421468735 -0.134987697 -10.863842964 0.003162734 -0.006467298 -0.012404709 0.999897122
96.654710 9.418010712 -0.136334643 -10.762825012 0.003614378 -0.012906673 -0.012331042 0.999834120
96.758950 9.412817001 -0.138262182 -10.659960747 0.004165196 -0.017930226 -0.012747877 0.999749303
96.863080 9.405337334 -0.140523434 -10.552256584 0.004824856 -0.021941550 -0.013565497 0.999655545
96.967200 9.398516655 -0.141390294 -10.443620682 0.005537991 -0.025067136 -0.013599457 0.999577940
97.071450 9.392638206 -0.143563271 -10.329588890 0.005762663 -0.027179111 -0.013520264 0.999522507
97.175570 9.387779236 -0.146111697 -10.212438583 0.005711372 -0.029201677 -0.012993161 0.999472797
97.279720 9.376881599 -0.147775546 -10.095348358 0.005226565 -0.030111864 -0.013010988 0.999448180
97.383810 9.369236946 -0.150515556 -9.976508141 0.004184335 -0.031533089 -0.011921607 0.999422848
97.487940 9.359554291 -0.151761025 -9.852815628 0.003239944 -0.033012621 -0.011436756 0.999384224
97.592070 9.349460602 -0.153942376 -9.731670380 0.001952594 -0.034230407 -0.010723180 0.999354541
97.696240 9.340473175 -0.157364994 -9.607489586 0.000754283 -0.036026768 -0.010819347 0.999292016
97.800340 9.329881668 -0.158844098 -9.485413551 -0.000069051 -0.037467923 -0.009867221 0.999249101
97.904320 9.320433617 -0.161638081 -9.361468315 -0.000553990 -0.039415717 -0.008658944 0.999185264
98.008320 9.308101654 -0.163388193 -9.238521576 -0.000654596 -0.040972006 -0.007728837 0.999130189
98.112320 9.299100876 -0.165586174 -9.116394043 -0.000604793 -0.042920336 -0.007592187 0.999049485
98.216470 9.288064003 -0.168296665 -8.995129585 -0.000562519 -0.044655304 -0.007602270 0.998973370
98.320320 9.272029877 -0.169497624 -8.870940208 -0.000463218 -0.045626119 -0.007470734 0.998930514
98.424320 9.263177872 -0.172601491 -8.747828484 -0.000668305 -0.046943001 -0.007810929 0.998866796
98.528320 9.251227379 -0.173850283 -8.622124672 -0.000344215 -0.047698606 -0.008036123 0.998829365
98.632320 9.238089561 -0.176751643 -8.500862122 -0.000543319 -0.047800362 -0.008681444 0.998818994
98.736320 9.222818375 -0.178138882 -8.377240181 -0.000571634 -0.047557820 -0.008781689 0.998829722
98.840320 9.213497162 -0.180021688 -8.253624916 -0.000842646 -0.048147604 -0.008168706 0.998806477
98.944340 9.199933052 -0.181695864 -8.131988525 -0.001277918 -0.047984205 -0.008272002 0.998813033
99.048200 9.187749863 -0.183925599 -8.006675720 -0.001939810 -0.048249967 -0.008204867 0.998799682
99.152220 9.175462723 -0.186730102 -7.885096073 -0.002512649 -0.048293326 -0.007965764 0.998798251
99.256070 9.162422180 -0.187054485 -7.761581421 -0.002155017 -0.048260406 -0.008211149 0.998798728
99.360070 9.149465561 -0.188613281 -7.639728069 -0.002087465 -0.048138637 -0.008639775 0.998801112
99.464100 9.138017654 -0.190867692 -7.518423557 -0.001641814 -0.047742743 -0.008459347 0.998822451
99.567940 9.126234055 -0.192331642 -7.397828102 -0.001535835 -0.047342326 -0.007750881 0.998847485
99.671950 9.113060951 -0.194135278 -7.279330254 -0.001323947 -0.046305545 -0.008680385 0.998888731
99.775950 9.101231575 -0.197258085 -7.160248756 -0.001410788 -0.045667775 -0.008455945 0.998919904
99.879940 9.090919495 -0.198220849 -7.042344570 -0.001813251 -0.045137499 -0.007411455 0.998951674
99.983820 9.080331802 -0.200269535 -6.925617218 -0.002618834 -0.044748694 -0.006392028 0.998974383
100.087800 9.067389488 -0.200245678 -6.809309959 -0.003442352 -0.043882638 -0.008272754 0.998996496
100.191800 9.057158470 -0.203275412 -6.698967457 -0.003573583 -0.043210480 -0.008359212 0.999024630
100.295700 9.048099518 -0.204030395 -6.589272976 -0.001904955 -0.043084059 -0.007419201 0.999042094
100.399700 9.038258553 -0.205544606 -6.481106281 -0.000697024 -0.042984676 -0.007055465 0.999050558
100.503700 9.027895927 -0.208850473 -6.374280930 0.000765766 -0.042470526 -0.008440582 0.999061763
100.607700 9.015637398 -0.209227577 -6.267185688 0.001961924 -0.042131990 -0.009824861 0.999061823
100.711600 9.006847382 -0.213461891 -6.161952972 0.001740447 -0.042137679 -0.009913393 0.999061108
100.815600 8.998239517 -0.216273636 -6.055553913 0.001830521 -0.042024631 -0.010004397 0.999064803
100.919600 8.986656189 -0.218144402 -5.953277111 0.002469639 -0.041422568 -0.010558773 0.999082863
101.023600 8.978594780 -0.222241372 -5.848272324 0.002715236 -0.041723803 -0.010665687 0.999068558
101.127400 8.969116211 -0.223982275 -5.745980740 0.003314741 -0.041736152 -0.011631447 0.999055445
101.231500 8.957257271 -0.224873990 -5.643754482 0.003696943 -0.041460652 -0.012316669 0.999057412
101.335400 8.951329231 -0.227990642 -5.541570187 0.003279752 -0.042184874 -0.012407769 0.999027431
101.439300 8.941642761 -0.230870798 -5.442501068 0.002818224 -0.042411324 -0.011845352 0.999026000
101.543300 8.934469223 -0.233994097 -5.342360973 0.002475497 -0.043136556 -0.011225541 0.999003053
101.647200 8.922414780 -0.234959364 -5.242681980 0.003299513 -0.043348759 -0.011373992 0.998989820
101.751200 8.914429665 -0.238272578 -5.143321514 0.003527242 -0.044333920 -0.010784150 0.998952329
101.855100 8.903946877 -0.241060212 -5.045100212 0.003966514 -0.044938385 -0.011281346 0.998918176
101.959100 8.893920898 -0.242311031 -4.947274685 0.004105989 -0.045754071 -0.011056519 0.998883128
102.062900 8.886743546 -0.246565044 -4.849147797 0.003812979 -0.047142003 -0.010723561 0.998823345
102.166900 8.876233101 -0.250277460 -4.751143456 0.003720897 -0.047959231 -0.010406625 0.998788178
102.270800 8.866007805 -0.251865566 -4.654289722 0.003816937 -0.048711170 -0.009850882 0.998757064
102.374800 8.856605530 -0.254062623 -4.558794022 0.003225541 -0.049914040 -0.008868373 0.998708904
102.478700 8.846963882 -0.256526411 -4.461874962 0.002635591 -0.050900243 -0.008850229 0.998661041
102.582700 8.834721565 -0.258905768 -4.367029190 0.002202795 -0.051495630 -0.009382932 0.998626709
102.686600 8.825739861 -0.261437237 -4.274938583 0.001589644 -0.052541718 -0.009447142 0.998572767
102.790600 8.814166069 -0.262781292 -4.183428288 0.001408205 -0.052900866 -0.009504336 0.998553574
102.894400 8.803862572 -0.264898270 -4.091223240 0.001411007 -0.053302281 -0.009793827 0.998529434
102.998500 8.794620514 -0.266770601 -4.001214027 0.001265998 -0.053580362 -0.009589193 0.998516679
103.102400 8.784211159 -0.269115388 -3.913509369 0.001043361 -0.053068347 -0.010036848 0.998539865
103.206500 8.773809433 -0.270665348 -3.827862501 0.001323407 -0.052237440 -0.010410558 0.998579562
103.310300 8.765816689 -0.272788137 -3.742781401 0.001327571 -0.051706396 -0.010730865 0.998603761
103.414300 8.757194519 -0.274663866 -3.659632206 0.001283521 -0.051132094 -0.010252753 0.998638451
103.518300 8.748165131 -0.276478559 -3.579255581 0.001566467 -0.050186407 -0.010572513 0.998682678
103.622300 8.739617348 -0.278782010 -3.500915527 0.001866988 -0.049431391 -0.010458974 0.998721004
103.726300 8.733331680 -0.280120969 -3.422870159 0.002172821 -0.049061600 -0.010664153 0.998736441
103.830300 8.726268768 -0.282138973 -3.346978903 0.002059890 -0.048651319 -0.010624913 0.998757184
103.934300 8.718673706 -0.283096015 -3.275502682 0.002221048 -0.047922458 -0.010851283 0.998789668
104.038400 8.710986137 -0.285394102 -3.201878309 0.001919170 -0.047414884 -0.010778953 0.998815238
104.142300 8.704037666 -0.286818534 -3.132632732 0.001904711 -0.046765044 -0.010290671 0.998851120
104.251000 8.698516846 -0.288995922 -3.065639019 0.001358408 -0.046492502 -0.010131704 0.998866320
104.350600 8.692542076 -0.290550619 -3.004397392 0.000576422 -0.046049245 -0.010362798 0.998885274
104.455200 8.685652733 -0.291658968 -2.944524765 0.000230709 -0.045402616 -0.011379741 0.998903930
104.558200 8.680046082 -0.293450534 -2.888267517 0.000194118 -0.045005400 -0.011438774 0.998921216
104.662200 8.675767899 -0.294807196 -2.834655762 0.000616454 -0.044671774 -0.010724676 0.998943985
104.766200 8.671787262 -0.296134740 -2.785788774 0.000828011 -0.044408027 -0.010247232 0.998960555
104.870200 8.668400764 -0.297812313 -2.737945557 0.000937252 -0.044223525 -0.010084741 0.998970330
104.974200 8.663072586 -0.298210323 -2.692964554 0.001342003 -0.043879926 -0.010404136 0.998981714
105.078600 8.659457207 -0.299508154 -2.649478197 0.001807029 -0.043753888 -0.010162500 0.998989046
105.181900 8.655651093 -0.300435424 -2.606826067 0.002767623 -0.043519858 -0.009953945 0.998999119
105.286000 8.651383400 -0.301401496 -2.564109087 0.003594911 -0.043255031 -0.009789482 0.999009609
105.390000 8.647471428 -0.302681506 -2.521679878 0.003862555 -0.043107424 -0.009750102 0.999015391
105.494000 8.643781662 -0.303976089 -2.479658842 0.003400303 -0.042992078 -0.009780057 0.999021769
105.597900 8.639871597 -0.304683179 -2.437640667 0.003170712 -0.042829428 -0.009404560 0.999033093
105.701800 8.636260033 -0.305927336 -2.396396637 0.003005292 -0.042816773 -0.009121179 0.999036789
105.805700 8.632878304 -0.306706965 -2.355377436 0.002947457 -0.042848580 -0.008939063 0.999037266
105.909700 8.629171371 -0.307706356 -2.313942432 0.002904778 -0.042936392 -0.009216013 0.999031067
106.013700 8.625374794 -0.308535665 -2.273251295 0.002857167 -0.043057106 -0.009069736 0.999027371
106.117600 8.621729851 -0.309412837 -2.232760429 0.002905279 -0.043654263 -0.008326741 0.999007761
106.221500 8.618100166 -0.310885876 -2.193417549 0.002778090 -0.045048665 -0.007787219 0.998950541
106.325500 8.613359451 -0.311707854 -2.153302193 0.002754811 -0.047395080 -0.007846517 0.998841584
106.429300 8.608342171 -0.312999249 -2.113197565 0.002717056 -0.050456114 -0.007861811 0.998691618
106.533200 8.602393150 -0.314224184 -2.075047016 0.002846890 -0.054173727 -0.008334569 0.998492658
106.637700 8.596590996 -0.314661682 -2.036588669 0.002929398 -0.058015481 -0.008855220 0.998272121
106.741000 8.590153694 -0.315508515 -1.997987390 0.002942028 -0.060759913 -0.009893658 0.998099029
106.845000 8.583441734 -0.316419393 -1.958357573 0.003097993 -0.062968552 -0.010634443 0.997954071
106.949400 8.577284813 -0.316331297 -1.920475721 0.003403253 -0.065372065 -0.010231364 0.997802675
107.052900 8.571860313 -0.317372084 -1.882258058 0.003393596 -0.067940652 -0.009652789 0.997636914
107.156800 8.566452026 -0.318468630 -1.844713330 0.003446917 -0.070013247 -0.010121414 0.997488797
107.260700 8.559659958 -0.319023877 -1.806990504 0.003645460 -0.071025737 -0.011345346 0.997403264
107.364700 8.554784775 -0.319775045 -1.769538164 0.003858814 -0.071489967 -0.012296186 0.997358024
107.468800 8.548197746 -0.320727885 -1.732370257 0.004023293 -0.070834801 -0.012462080 0.997402072
107.572800 8.542949677 -0.322002590 -1.694697738 0.003931209 -0.070143975 -0.012305300 0.997453213
107.676800 8.537735939 -0.323096335 -1.658548832 0.003786396 -0.069099225 -0.012035258 0.997529984
107.780900 8.533848763 -0.323865265 -1.621779680 0.003649374 -0.068268009 -0.012102337 0.997586966
107.885000 8.530241966 -0.324501276 -1.586835623 0.003668017 -0.067111976 -0.011823036 0.997668684
107.989000 8.524076462 -0.325799227 -1.547026157 0.003778927 -0.065656893 -0.011796537 0.997765362
108.093000 8.520014763 -0.326467991 -1.510413766 0.003904989 -0.064229742 -0.011514972 0.997861028
108.197100 8.517050743 -0.327544153 -1.473277807 0.003830366 -0.062906206 -0.011597200 0.997944713
108.301100 8.512570381 -0.328460187 -1.440373659 0.003864758 -0.060732465 -0.011170115 0.998084068
108.405100 8.506789207 -0.329933017 -1.401792645 0.003768410 -0.058543224 -0.011406811 0.998212576
108.509100 8.503429413 -0.329464912 -1.364670515 0.004427579 -0.056607567 -0.011435980 0.998321176
108.613000 8.500434875 -0.330284148 -1.327228904 0.005374879 -0.054662008 -0.011282110 0.998426735
108.717000 8.495897293 -0.330782443 -1.286595583 0.006196114 -0.052125007 -0.010900292 0.998561859
108.821000 8.492928505 -0.333182722 -1.244719863 0.006075292 -0.049949497 -0.010690767 0.998676062
108.925000 8.490142822 -0.333824396 -1.201126575 0.006004872 -0.047704954 -0.010510081 0.998788118
109.028800 8.485674858 -0.335758150 -1.155543566 0.005717585 -0.045036945 -0.010154151 0.998917341
109.132800 8.483263016 -0.337005973 -1.107464075 0.005251410 -0.042650331 -0.009185530 0.999034047
109.236800 8.479397774 -0.336705357 -1.057301998 0.004715656 -0.040040892 -0.008395048 0.999151647
109.340700 8.477241516 -0.338119924 -1.006352663 0.004105562 -0.037660826 -0.007625669 0.999253035
109.444700 8.473259926 -0.338966578 -0.955000877 0.003755563 -0.035077479 -0.007492852 0.999349475
109.548600 8.471103668 -0.340495914 -0.902899981 0.003382118 -0.033072818 -0.007466374 0.999419332
109.652600 8.465822220 -0.341619045 -0.846648633 0.002844276 -0.030767880 -0.007703565 0.999492824
109.756500 8.463821411 -0.343089104 -0.790310621 0.002180522 -0.028744608 -0.007265662 0.999557972
109.860500 8.461020470 -0.343964189 -0.732859969 0.002279805 -0.026909288 -0.006101379 0.999616683
109.964400 8.460758209 -0.345129490 -0.673594356 0.003119634 -0.026027888 -0.005053411 0.999643564
110.068200 8.456359863 -0.346867442 -0.613165379 0.004170887 -0.025052940 -0.004499899 0.999667287
110.172100 8.452876091 -0.347171932 -0.551900268 0.005493390 -0.024344338 -0.005155518 0.999675214
110.276000 8.449712753 -0.349171162 -0.488245964 0.005256390 -0.023011487 -0.007093739 0.999696195
110.380000 8.446937561 -0.350460857 -0.422817588 0.004652337 -0.020241622 -0.009493324 0.999739230
110.484000 8.444874763 -0.352003008 -0.357852519 0.004093926 -0.016118558 -0.007966725 0.999829948
110.587800 8.446669579 -0.353734463 -0.292068392 0.004049100 -0.012497683 -0.003708878 0.999906838
110.691700 8.448654175 -0.356145054 -0.226565659 0.005556078 -0.011073535 0.000722023 0.999922991
110.795600 8.445744514 -0.358815968 -0.164600998 0.007253723 -0.012730358 0.002204245 0.999890208
110.899200 8.441234589 -0.361531585 -0.101376265 0.008205047 -0.018529342 0.000207131 0.999794602
111.002900 8.434768677 -0.361718506 -0.039919734 0.010313233 -0.027111711 -0.002563733 0.999575913
111.106600 8.424902916 -0.363430142 0.020406127 0.011857672 -0.035774536 -0.006140435 0.999270678
111.210200 8.417028427 -0.364797264 0.080971777 0.012688578 -0.045514539 -0.006237036 0.998863637
111.314000 8.409022331 -0.367368519 0.139129400 0.012003152 -0.057079405 -0.004680608 0.998286486
111.417700 8.396432877 -0.369820237 0.198201001 0.009024548 -0.069068909 -0.005203373 0.997557521
111.521300 8.381764412 -0.371740609 0.256013632 0.005922573 -0.081822947 -0.007894962 0.996598005
111.625100 8.368041039 -0.373555869 0.311635733 0.003952355 -0.095163211 -0.010347037 0.995400071
111.728700 8.351389885 -0.374263883 0.367116094 0.002885222 -0.108109973 -0.011387340 0.994069576
111.832500 8.334844589 -0.375181258 0.422290444 0.001285675 -0.120372273 -0.011931414 0.992656291
111.936400 8.318694115 -0.376985013 0.477468371 -0.000508985 -0.130795032 -0.011580733 0.991341650
112.040200 8.299133301 -0.378413469 0.530930161 -0.001906227 -0.137305737 -0.014017882 0.990427673
112.144200 8.283540726 -0.379993260 0.581287146 -0.003505791 -0.141364157 -0.017905621 0.989789486
112.248300 8.264318466 -0.379240990 0.636436582 -0.004274841 -0.142081752 -0.020143628 0.989640713
112.352500 8.248133659 -0.379558653 0.691052198 -0.004245877 -0.139609724 -0.020740176 0.989980280
112.456700 8.234313965 -0.379987299 0.744695067 -0.004358061 -0.135566786 -0.019416148 0.990568340
112.561000 8.221379280 -0.379672199 0.798622727 -0.006187649 -0.131579712 -0.015836021 0.991159797
112.665100 8.211191177 -0.378873527 0.842561960 -0.006967030 -0.126498923 -0.014886958 0.991830587
112.769200 8.204108238 -0.379557878 0.881189823 -0.007909641 -0.121553034 -0.015030094 0.992439628
112.873300 8.197062492 -0.379942685 0.913567603 -0.007674192 -0.116645664 -0.015766788 0.993018806
112.977500 8.191707611 -0.381069183 0.940210760 -0.007188726 -0.111641176 -0.015646381 0.993599415
113.081600 8.190428734 -0.381395400 0.960321009 -0.006711529 -0.107959621 -0.014162601 0.994031727
113.185700 8.187992096 -0.381441623 0.974788845 -0.006234982 -0.105106317 -0.013251758 0.994353175
113.289700 8.186170578 -0.380924761 0.985718727 -0.005585809 -0.103367686 -0.013491989 0.994535983
113.393700 8.184994698 -0.380342245 0.989997327 -0.004782188 -0.102555670 -0.013695469 0.994621515
113.497700 8.185330391 -0.380255073 0.989402413 -0.004799135 -0.102774024 -0.013524735 0.994601190
113.601700 8.185367584 -0.380929530 0.987227082 -0.003697016 -0.102846183 -0.014041700 0.994591296
113.705700 8.184752464 -0.382696331 0.985981643 -0.001242316 -0.102527812 -0.014077229 0.994629741
113.809700 8.185193062 -0.382946342 0.986352384 0.000379645 -0.102829784 -0.013986364 0.994600594
113.913600 8.185528755 -0.382515550 0.985875189 -0.000177400 -0.102800310 -0.013790058 0.994606376
114.017600 8.185599327 -0.382255495 0.985928118 -0.000703929 -0.102761224 -0.013706107 0.994611382
114.121600 8.185143471 -0.382514447 0.986861110 -0.000888320 -0.102894984 -0.013801747 0.994596064
114.225600 8.185044289 -0.382394016 0.986706376 -0.001129273 -0.102711201 -0.013921726 0.994613171
114.329600 8.185210228 -0.382260948 0.986376047 -0.001093840 -0.102763645 -0.013966220 0.994607151
