0.519499 -0.004542417 -0.000404116 0.039795283 0.001700432 -0.020728685 -0.001029682 0.999783158
0.623377 -0.006345318 -0.000529115 0.049921315 0.002061899 -0.027423531 -0.000952701 0.999621332
0.727122 -0.008010808 -0.000575854 0.062697791 0.002097953 -0.035912447 -0.000922732 0.999352276
0.830874 -0.010050851 -0.000635254 0.072949946 0.002113651 -0.045093786 -0.000244670 0.998980522
0.934622 -0.012865039 -0.000803326 0.085559562 0.002196411 -0.055004366 0.000344118 0.998483658
1.038404 -0.016392255 -0.001046567 0.098522954 0.002412391 -0.066117987 0.000482972 0.997808814
1.142127 -0.020386092 -0.001394229 0.113372095 0.003308685 -0.078775667 -0.001411469 0.996885836
1.245873 -0.024763405 -0.002063564 0.127496660 0.004200900 -0.091847256 -0.003594371 0.995757759
1.349627 -0.030866342 -0.002663220 0.141730264 0.004808311 -0.105270930 -0.005128060 0.994418740
1.453253 -0.037026841 -0.002891163 0.154609516 0.005068292 -0.119663186 -0.005677457 0.992785335
1.556997 -0.043483615 -0.003004223 0.170239076 0.005155509 -0.135671869 -0.006730742 0.990717530
1.660772 -0.050979983 -0.003824461 0.186010882 0.004612457 -0.152177975 -0.007700462 0.988312364
1.764374 -0.059215695 -0.003898999 0.200919420 0.004514104 -0.169503719 -0.008969756 0.985478401
1.868002 -0.068111956 -0.004156981 0.216443732 0.004659575 -0.187051728 -0.010296298 0.982285023
1.971750 -0.078389801 -0.004289298 0.231940657 0.004769988 -0.204633981 -0.011826642 0.978755474
2.075498 -0.088887870 -0.004619160 0.247177467 0.004664796 -0.223318651 -0.012480369 0.974654436
2.179126 -0.099926665 -0.004162788 0.262536734 0.004951722 -0.243082866 -0.010355242 0.969937623
2.282875 -0.111212075 -0.004734082 0.277736485 0.004585269 -0.264166027 -0.007921643 0.964433789
2.386504 -0.124820799 -0.004891252 0.292707145 0.003337930 -0.286726594 -0.008333871 0.957970381
2.490144 -0.140389070 -0.005637127 0.306734145 0.002288696 -0.310828149 -0.011148939 0.950398028
2.593620 -0.157724500 -0.005574119 0.321868837 0.002415838 -0.335847586 -0.012980020 0.941823781
2.697329 -0.174964726 -0.006427989 0.335549623 0.001873280 -0.361726761 -0.012710422 0.932195604
2.800890 -0.194164380 -0.006096761 0.350524575 0.000830052 -0.388278425 -0.010190981 0.921485364
2.904641 -0.214224458 -0.006048861 0.364514291 -0.000281877 -0.415064901 -0.007899120 0.909757495
3.008248 -0.237310022 -0.005487443 0.378091812 -0.001235395 -0.441193819 -0.006921090 0.897384286
3.112001 -0.261332691 -0.005633403 0.390163600 -0.002919520 -0.467722535 -0.006661927 0.883845389
3.215751 -0.287300348 -0.005255431 0.400802851 -0.004036346 -0.493920743 -0.006219216 0.869475305
3.319374 -0.314798176 -0.004474294 0.409947932 -0.004650514 -0.519517481 -0.006399266 0.854423225
3.423126 -0.343741119 -0.004900560 0.418868601 -0.006516541 -0.545359492 -0.006727397 0.838149905
3.526893 -0.374811202 -0.004844818 0.426364899 -0.007536967 -0.570068479 -0.007215177 0.821530938
3.630648 -0.409035653 -0.004306708 0.433407068 -0.009324398 -0.593858063 -0.007627932 0.804479659
3.734395 -0.444573790 -0.003761865 0.439209878 -0.011317402 -0.616052449 -0.007074594 0.787592053
3.838251 -0.482222974 -0.003795032 0.443197042 -0.012304381 -0.636506736 -0.006428545 0.771146178
3.942122 -0.521727920 -0.003390996 0.445207536 -0.011743195 -0.654904127 -0.007567712 0.755582809
4.046284 -0.563275993 -0.002250157 0.445746601 -0.010815969 -0.670889735 -0.008400442 0.741430640
4.150266 -0.605479181 -0.001071116 0.445700645 -0.009537987 -0.684921265 -0.008327463 0.728507102
4.254380 -0.651738226 -0.000456348 0.444546461 -0.008791279 -0.697469711 -0.007275844 0.716523409
4.358512 -0.698307753 -0.000011655 0.442220330 -0.007946422 -0.708615541 -0.006141766 0.705523372
4.462646 -0.746218145 0.000418046 0.438838720 -0.007006273 -0.717965543 -0.005816296 0.696019053
4.566885 -0.795519948 0.001621377 0.434534013 -0.005843469 -0.725180507 -0.005152498 0.688514709
4.671250 -0.846582472 0.002537323 0.429603308 -0.005579070 -0.730764449 -0.004798366 0.682590067
4.775500 -0.899489284 0.003039436 0.424130321 -0.006001733 -0.735146940 -0.004726965 0.677864730
4.879959 -0.954131842 0.003473305 0.418188363 -0.006156551 -0.738418579 -0.005322237 0.674293518
4.984250 -1.009018540 0.003197474 0.411977410 -0.005806599 -0.740624428 -0.006800419 0.671859741
5.088502 -1.067354083 0.003777103 0.405311793 -0.006287272 -0.742173374 -0.007014450 0.670141757
5.192878 -1.126194835 0.004833069 0.399015278 -0.007140900 -0.742627442 -0.006474232 0.669635355
5.297154 -1.187831879 0.005391631 0.392776757 -0.008806347 -0.742322385 -0.006413920 0.669954300
5.401501 -1.249883175 0.005623788 0.385906667 -0.009560470 -0.741564035 -0.007686343 0.670769930
5.505749 -1.314625502 0.006574228 0.378979772 -0.008468659 -0.741162181 -0.008534730 0.671218336
5.610008 -1.379387379 0.007712018 0.372251749 -0.006913475 -0.740533233 -0.008127428 0.671935022
5.714253 -1.447308064 0.008767948 0.365484864 -0.006714319 -0.740199983 -0.008357043 0.672301292
5.818377 -1.516858220 0.010140721 0.358176202 -0.007686330 -0.739498198 -0.009218545 0.673051476
5.922523 -1.586637259 0.011334214 0.352018535 -0.008747534 -0.738971651 -0.010678730 0.673595071
6.026772 -1.658800364 0.011745837 0.345367581 -0.009193697 -0.738447070 -0.011783192 0.674145818
6.130876 -1.731039286 0.013041358 0.338071465 -0.008368304 -0.737738073 -0.012173535 0.674925387
6.235023 -1.805037618 0.014207169 0.331061602 -0.006496585 -0.737178326 -0.012081879 0.675558984
6.339025 -1.880544901 0.015902195 0.324279308 -0.006010396 -0.736646712 -0.011947259 0.676145494
6.443143 -1.957194805 0.017384108 0.319418907 -0.007572642 -0.736498713 -0.011766904 0.676294208
6.547271 -2.034519672 0.018357594 0.311593354 -0.009290859 -0.735782444 -0.011747621 0.677052319
6.651280 -2.113036871 0.019421771 0.305531919 -0.010220660 -0.735452592 -0.012192870 0.677389324
6.755380 -2.191384077 0.020608447 0.298145980 -0.008571760 -0.735130608 -0.010286988 0.677793205
6.859377 -2.270110130 0.021176992 0.291595876 -0.006732421 -0.735081077 -0.007241442 0.677907109
6.963378 -2.349731684 0.022441406 0.285644114 -0.006252363 -0.735212564 -0.004310298 0.677794039
7.067377 -2.430087090 0.023290616 0.279744446 -0.006872245 -0.735516012 -0.004257975 0.677459061
7.171256 -2.513635635 0.023461167 0.271413386 -0.009366329 -0.735379279 -0.007222245 0.677552521
7.275272 -2.595967770 0.024646722 0.264060736 -0.011295740 -0.735473752 -0.010205335 0.677382171
7.379272 -2.678529263 0.025702797 0.256529242 -0.012394601 -0.735528648 -0.012924367 0.677256882
7.483251 -2.760400534 0.026985161 0.248318166 -0.012084304 -0.735586882 -0.013547053 0.677187085
7.587271 -2.841909170 0.027952835 0.241445467 -0.010727714 -0.735700846 -0.012507232 0.677106202
7.691129 -2.925917149 0.029855650 0.232683301 -0.009810922 -0.735775113 -0.011292918 0.677060723
7.795131 -3.006718159 0.030347481 0.225849465 -0.009424697 -0.735790968 -0.012857271 0.677021027
7.899003 -3.087093115 0.030187309 0.218803465 -0.009877464 -0.735649168 -0.014576544 0.677133858
8.003004 -3.169445038 0.032207325 0.211450130 -0.009252081 -0.735736907 -0.013736499 0.677064896
8.107005 -3.251911879 0.034123477 0.203348100 -0.007108898 -0.735472500 -0.011966680 0.677411616
8.211004 -3.331965923 0.034576800 0.196871966 -0.005208505 -0.735544264 -0.011043727 0.677366614
8.315006 -3.412302256 0.035217285 0.190929085 -0.005436699 -0.735549152 -0.011410793 0.677353442
8.418880 -3.496275425 0.035777546 0.182708085 -0.006858612 -0.735218823 -0.011739290 0.677693486
8.522877 -3.577255011 0.036678404 0.176297188 -0.008706552 -0.735062957 -0.013332911 0.677811861
8.626899 -3.658619404 0.037956819 0.169183344 -0.010930390 -0.734785736 -0.015185907 0.678041220
8.730751 -3.738372326 0.039449275 0.163328499 -0.011934631 -0.735054791 -0.016284507 0.677707016
8.834756 -3.821305513 0.041094199 0.155061424 -0.012053492 -0.734708488 -0.016236195 0.678081572
8.938756 -3.901898861 0.043228224 0.148737043 -0.010524810 -0.734889448 -0.014473785 0.677950799
9.042758 -3.984093428 0.044164963 0.141413003 -0.008540607 -0.734617352 -0.013583839 0.678291917
9.146631 -4.065040112 0.044719540 0.133644670 -0.006290107 -0.734526753 -0.014222150 0.678401470
9.250652 -4.145203114 0.046253793 0.127018958 -0.004581760 -0.734831691 -0.014611447 0.678076565
9.354505 -4.226079464 0.046992704 0.119145691 -0.004609992 -0.734881043 -0.013064735 0.678054512
9.458529 -4.306538582 0.047667384 0.112542957 -0.004621894 -0.735419869 -0.010196517 0.677519143
9.562503 -4.386847019 0.048054043 0.106261134 -0.005532779 -0.735666215 -0.008324838 0.677270472
9.666385 -4.466765881 0.048497420 0.099724889 -0.006932179 -0.736426473 -0.009520005 0.676415086
9.770380 -4.547775269 0.049278431 0.091696262 -0.009739578 -0.736811578 -0.010892733 0.675940216
9.874249 -4.628181458 0.049837857 0.084524184 -0.011429464 -0.737412691 -0.011822465 0.675242245
9.978133 -4.706617832 0.050686024 0.077581435 -0.011298532 -0.737976968 -0.011389120 0.674635231
10.082130 -4.784935474 0.051440492 0.069733918 -0.008944702 -0.738356650 -0.011175027 0.674258530
10.186010 -4.863147736 0.052152760 0.060895532 -0.005982855 -0.738761067 -0.011607245 0.673840880
10.290010 -4.941478729 0.052854955 0.052217841 -0.004014452 -0.739146471 -0.012641787 0.673414111
10.393880 -5.018629551 0.053319044 0.043717563 -0.004050848 -0.739393234 -0.013475374 0.673126698
10.497760 -5.097290039 0.053872220 0.036499202 -0.004684903 -0.739849687 -0.014043539 0.672609389
10.601750 -5.174113750 0.054206990 0.028416216 -0.003664969 -0.740067124 -0.014833917 0.672359407
10.705630 -5.252059937 0.055103995 0.020171225 -0.003365683 -0.740275741 -0.014870888 0.672130466
10.809650 -5.326861858 0.055577725 0.013551712 -0.004746632 -0.740594447 -0.014771250 0.671773136
10.913510 -5.405041218 0.056964301 0.005433202 -0.005767950 -0.740620315 -0.015630476 0.671717167
11.017510 -5.479699135 0.058647737 -0.002709568 -0.007137393 -0.740561783 -0.017039156 0.671734273
11.121380 -5.555279732 0.058108196 -0.010305703 -0.008015300 -0.740819454 -0.018124785 0.671411753
11.225380 -5.629539490 0.059309736 -0.017968953 -0.008164994 -0.741042078 -0.017730735 0.671174765
11.329280 -5.701673031 0.059610426 -0.025309384 -0.007674258 -0.741187036 -0.016971577 0.671040118
11.433260 -5.773441315 0.061154403 -0.032524884 -0.006628986 -0.741332829 -0.015534938 0.670924962
11.537150 -5.842765331 0.064097464 -0.038257003 -0.005299357 -0.741510749 -0.014077246 0.670772314
11.641130 -5.912616730 0.063646473 -0.045848012 -0.004466440 -0.741109312 -0.013602978 0.671231687
11.745130 -5.979390144 0.063096151 -0.053650796 -0.003605380 -0.740165591 -0.014352840 0.672261775
11.849140 -6.047914505 0.063568190 -0.061277896 -0.003813029 -0.738544285 -0.014674346 0.674034476
11.953260 -6.110328674 0.063865252 -0.065268487 -0.004601419 -0.736883759 -0.015168063 0.675833642
12.057260 -6.172469616 0.064640768 -0.069748878 -0.005254575 -0.734510362 -0.015209864 0.678406596
12.161380 -6.233618259 0.064881116 -0.073924601 -0.005393533 -0.731601298 -0.015901582 0.681525946
12.265510 -6.294303894 0.065058798 -0.078033268 -0.005327478 -0.727409065 -0.017412759 0.685962439
12.369630 -6.352687836 0.065244585 -0.079270974 -0.004843141 -0.722410023 -0.018998548 0.691186905
12.473910 -6.408836365 0.066623196 -0.081339605 -0.004768519 -0.715870321 -0.019630976 0.697940946
12.578130 -6.463799953 0.067011863 -0.080644742 -0.004767709 -0.708019733 -0.020227607 0.705886841
12.682390 -6.516251564 0.067300767 -0.077991322 -0.005271690 -0.699022233 -0.019937342 0.714802504
12.786780 -6.565754414 0.068467334 -0.073944479 -0.005568140 -0.688531518 -0.018844904 0.724940181
12.891130 -6.613661289 0.069577977 -0.067524374 -0.005992117 -0.676061749 -0.018075861 0.736598849
12.995510 -6.659029484 0.070185348 -0.059591055 -0.006360672 -0.662077904 -0.017742790 0.749197960
13.099880 -6.702947617 0.069986030 -0.050659776 -0.006593768 -0.646294117 -0.017351933 0.762862563
13.204380 -6.746077061 0.070693627 -0.038859487 -0.007554610 -0.628524661 -0.016973870 0.777567685
13.308760 -6.787064075 0.070155919 -0.025024652 -0.008808025 -0.609184325 -0.015296804 0.792832196
13.413260 -6.824948788 0.069864072 -0.009041548 -0.010459197 -0.588374019 -0.011050627 0.808445752
13.517630 -6.863215923 0.070364825 0.010952234 -0.010620671 -0.566496611 -0.007712777 0.823959529
13.622130 -6.899646759 0.070819393 0.031092882 -0.011273548 -0.542910457 -0.004642184 0.839702070
13.726510 -6.936843872 0.071715645 0.054705381 -0.011489870 -0.519043565 -0.004375908 0.854659319
13.830760 -6.972732544 0.072512902 0.079098463 -0.012104807 -0.495102465 -0.003608829 0.868742764
13.935130 -7.005897999 0.072819337 0.107202768 -0.014499090 -0.472082764 -0.000185997 0.881434977
14.039380 -7.037350178 0.073277973 0.136503935 -0.017237755 -0.448215574 0.004397360 0.893748462
14.143650 -7.066708565 0.073424160 0.166946650 -0.016419122 -0.424080551 0.006411539 0.905452907
14.247880 -7.095606327 0.073145390 0.197624207 -0.012656870 -0.398962736 0.006478880 0.916856885
14.352150 -7.123014927 0.073963434 0.230746746 -0.006266068 -0.372581810 0.007298045 0.927949488
14.456380 -7.149217606 0.073988080 0.266321898 -0.001844364 -0.345441937 0.006777816 0.938413858
14.560630 -7.174537182 0.074184343 0.305065393 0.000125154 -0.317514449 0.006536361 0.948230863
14.664880 -7.199885368 0.073630482 0.348176241 0.000863784 -0.289200366 0.006777461 0.957244217
14.769010 -7.223845005 0.073420465 0.393967152 0.002328194 -0.261145115 0.005826657 0.965279162
14.873160 -7.245081902 0.071950391 0.441519499 0.001885421 -0.234877840 0.005038341 0.972010016
14.977150 -7.266611576 0.071193285 0.492989302 0.002079268 -0.210916996 0.001895207 0.977499902
15.081160 -7.286348343 0.070702001 0.545219183 0.003422592 -0.188681394 -0.000811635 0.982032061
15.185010 -7.305244446 0.070098735 0.600821018 0.003111393 -0.169481501 -0.003351156 0.985522747
15.288760 -7.323196411 0.068863600 0.659319401 0.001994970 -0.153735548 -0.003524241 0.988103747
15.392480 -7.338930130 0.068366803 0.719680071 0.001304889 -0.141360596 -0.002975797 0.989952803
15.496190 -7.355057716 0.067424707 0.783257246 0.000129232 -0.130397871 -0.003067571 0.991456985
15.599910 -7.371247292 0.066799775 0.848617196 -0.001129931 -0.120944031 -0.004253013 0.992649615
15.703610 -7.386699200 0.066726223 0.915125370 -0.001617150 -0.113190867 -0.006681911 0.993549466
15.807320 -7.401613235 0.066028655 0.983592272 -0.002195948 -0.106477439 -0.008299894 0.994278073
15.911010 -7.414785862 0.065200895 1.052928090 -0.002358961 -0.099955097 -0.007536945 0.994960606
16.014760 -7.428919315 0.065156549 1.126214981 -0.002057554 -0.092837684 -0.007629586 0.995649934
16.118550 -7.440652370 0.065097153 1.199965239 -0.002268574 -0.085665137 -0.007977898 0.996289492
16.222360 -7.452452183 0.064696983 1.275017977 -0.002550493 -0.078452788 -0.008771176 0.996876001
16.326140 -7.464147091 0.063900329 1.352160096 -0.001139503 -0.071986705 -0.008960118 0.997364700
16.429890 -7.474750996 0.062860481 1.429253340 0.001394009 -0.066365018 -0.009260451 0.997751415
16.533760 -7.484330654 0.061878599 1.509553909 0.004401392 -0.061604228 -0.008753343 0.998052597
16.637520 -7.493078709 0.060905121 1.589938164 0.004522008 -0.057754651 -0.008923667 0.998280704
16.741260 -7.503141403 0.060212608 1.672754288 0.001515091 -0.054188401 -0.009392952 0.998485386
16.845140 -7.512205124 0.058413256 1.755396843 -0.002536236 -0.051712092 -0.011304057 0.998594820
16.948890 -7.521855354 0.057577118 1.839002132 -0.004377585 -0.049537525 -0.011845133 0.998692453
17.052630 -7.529397964 0.055616915 1.920032501 -0.004167779 -0.047773365 -0.011498408 0.998783350
17.156420 -7.538234711 0.055881865 2.002269268 -0.003499040 -0.046123095 -0.011222430 0.998866618
17.260280 -7.545786858 0.054998357 2.084594250 -0.004683485 -0.044902842 -0.010890708 0.998920977
17.364000 -7.552742481 0.054178134 2.166707516 -0.005948483 -0.043520123 -0.009665971 0.998988092
17.467890 -7.559679031 0.053816635 2.249695778 -0.006942571 -0.042082362 -0.008316007 0.999055386
17.571660 -7.566963673 0.053335875 2.330425262 -0.004934849 -0.040686142 -0.008188950 0.999126196
17.675510 -7.574096203 0.052562058 2.411715031 -0.001290212 -0.039855760 -0.009777863 0.999156773
17.779390 -7.580866337 0.051104903 2.490942955 0.002516019 -0.039017815 -0.010261683 0.999182642
17.883140 -7.587031364 0.049844708 2.571562767 0.004644268 -0.038436253 -0.010557775 0.999194503
17.987010 -7.593839169 0.048014663 2.652424097 0.003627105 -0.037381131 -0.011312989 0.999230444
18.090880 -7.601507664 0.046125110 2.734296560 0.001638494 -0.035933148 -0.013043767 0.999267697
18.194760 -7.607600212 0.044700321 2.814929247 -0.000805922 -0.034986801 -0.014354608 0.999284327
18.298510 -7.612366199 0.043266237 2.895447731 -0.001862856 -0.034008048 -0.013298974 0.999331295
18.402390 -7.618620396 0.042408787 2.976054430 -0.001725515 -0.033194937 -0.011784288 0.999377906
18.506260 -7.624934196 0.040737409 3.057189465 -0.001903546 -0.032260440 -0.010982146 0.999417365
18.610130 -7.629669189 0.040179275 3.136576176 -0.000852560 -0.031978261 -0.010789322 0.999430001
18.713910 -7.634843826 0.039477542 3.217573881 -0.000092617 -0.031727999 -0.009585183 0.999450564
18.817760 -7.639822483 0.038183521 3.298884153 -0.000316807 -0.031340219 -0.009298247 0.999465466
18.921640 -7.645397186 0.037152730 3.381584644 -0.000750231 -0.030967299 -0.011089023 0.999458611
19.025510 -7.651581287 0.036032967 3.463068247 -0.000358963 -0.030852325 -0.010934778 0.999464095
19.129390 -7.656892776 0.034780465 3.545848608 -0.000368009 -0.031600486 -0.010418266 0.999446213
19.233260 -7.662890911 0.033756144 3.629512072 -0.000590727 -0.032632217 -0.009646969 0.999420702
19.337010 -7.669498444 0.032856330 3.714349747 -0.000473128 -0.034147907 -0.010657284 0.999359846
19.440890 -7.676708221 0.031215664 3.798893452 -0.000380526 -0.035672098 -0.012109227 0.999290109
19.544760 -7.685217857 0.029900894 3.883067608 0.002077099 -0.036640119 -0.012577800 0.999247193
19.648510 -7.691542149 0.029312097 3.969643116 0.003953908 -0.038092397 -0.013209920 0.999179065
19.752390 -7.699191570 0.028398640 4.055964947 0.004881070 -0.039031688 -0.012641889 0.999146104
19.856260 -7.707209110 0.026071120 4.143635750 0.004011742 -0.040067110 -0.012783592 0.999107182
19.960140 -7.714686394 0.023937557 4.229294300 0.003443094 -0.041030962 -0.012126781 0.999078333
20.064010 -7.722030163 0.022377972 4.320464134 0.002608830 -0.042187762 -0.011729035 0.999037445
20.167930 -7.729641914 0.021716751 4.410627365 0.001039293 -0.042869486 -0.011843444 0.999009967
20.271890 -7.738375664 0.020431565 4.502694130 -0.001463884 -0.043305304 -0.010974197 0.999000549
20.375760 -7.747313023 0.019498836 4.594799042 -0.002524123 -0.042700816 -0.010893320 0.999025345
20.479750 -7.754871845 0.018067531 4.686130047 -0.002701797 -0.042021584 -0.012350687 0.999036729
20.583640 -7.762646675 0.017652564 4.777719975 -0.002029742 -0.041107643 -0.012349367 0.999076366
20.687510 -7.770458698 0.016429832 4.870639801 -0.000896864 -0.040322751 -0.011340603 0.999121964
20.791530 -7.777730465 0.015146930 4.963392735 -0.000179706 -0.039415933 -0.009689783 0.999175906
20.895390 -7.785423756 0.014320733 5.057445526 -0.000053920 -0.038433038 -0.008845688 0.999222040
20.999260 -7.793516159 0.013878001 5.151622295 -0.001129991 -0.037815794 -0.007887349 0.999252975
21.103270 -7.799358845 0.012014277 5.245457172 -0.002587253 -0.037628852 -0.006375801 0.999268115
21.207140 -7.807799339 0.010092828 5.336624146 -0.002929841 -0.036971230 -0.005972583 0.999294162
21.311120 -7.814487457 0.009369597 5.431220055 -0.001072704 -0.036611967 -0.007085699 0.999303877
21.415040 -7.823256016 0.007698419 5.522317886 0.001787045 -0.035929553 -0.008260058 0.999318600
21.519010 -7.830533504 0.005913425 5.614120007 0.004710215 -0.035517558 -0.009625008 0.999311626
21.622900 -7.836859226 0.003402382 5.702819824 0.007460331 -0.035315067 -0.011539575 0.999281764
21.726890 -7.844041348 0.000898585 5.795124531 0.007833716 -0.034850985 -0.011557582 0.999294996
21.830760 -7.850394249 -0.001447663 5.885089397 0.004836434 -0.034742769 -0.009671838 0.999337792
21.934640 -7.857208729 -0.003845924 5.975937366 0.000380969 -0.034944013 -0.009507015 0.999343991
22.038660 -7.864812851 -0.006064549 6.066688538 -0.003634831 -0.035425656 -0.008888613 0.999326229
22.142620 -7.870276451 -0.007591695 6.155571461 -0.002618854 -0.036956683 -0.007978269 0.999281585
22.246540 -7.877242088 -0.008200883 6.243594170 -0.000834932 -0.037810862 -0.005370924 0.999270141
22.350390 -7.884070873 -0.010013390 6.332164764 -0.000174536 -0.039095424 -0.004569678 0.999225020
22.454390 -7.892273903 -0.011904870 6.419201851 0.001026542 -0.040455334 -0.005755071 0.999164224
22.558370 -7.900473595 -0.013739970 6.506071568 0.002772026 -0.042128153 -0.006679148 0.999086022
22.662270 -7.909211636 -0.015319619 6.592472553 0.004543034 -0.044025958 -0.007192938 0.998994172
22.766140 -7.917156696 -0.017825522 6.678177357 0.006519108 -0.045728792 -0.008113126 0.998899639
22.870160 -7.927386761 -0.020512089 6.764308929 0.006530579 -0.047158733 -0.010640824 0.998809397
22.974020 -7.936988354 -0.022878505 6.850296974 0.005695166 -0.048983432 -0.012214307 0.998708665
23.078010 -7.946765423 -0.024517965 6.936109066 0.002952880 -0.050909404 -0.014101248 0.998599350
23.181990 -7.956657887 -0.025981896 7.021598339 0.000299152 -0.052937619 -0.013906738 0.998500943
23.285910 -7.965879917 -0.028196301 7.106882095 -0.001718675 -0.055655386 -0.013242886 0.998360753
23.389770 -7.976399899 -0.029137418 7.190749168 -0.002120988 -0.058836155 -0.013145559 0.998178840
23.493760 -7.987648964 -0.030209981 7.273874760 -0.004056093 -0.061631575 -0.011951506 0.998019159
23.597640 -7.999005318 -0.030734874 7.356781483 -0.003703654 -0.064915352 -0.012719084 0.997802854
23.701510 -8.011617661 -0.032311663 7.438223839 -0.003299786 -0.067998335 -0.014734591 0.997571170
23.805540 -8.024488449 -0.032782815 7.518841743 -0.001331733 -0.070824355 -0.015994687 0.997359693
23.909390 -8.036905289 -0.033948217 7.599787235 0.000133448 -0.073971801 -0.015279056 0.997143269
24.013390 -8.049411774 -0.035299994 7.678965569 0.000722837 -0.076752283 -0.015764305 0.996925294
24.117270 -8.064340591 -0.036059089 7.761872768 -0.001662300 -0.078929536 -0.016838282 0.996736586
24.221270 -8.078151703 -0.037386186 7.842364788 -0.003730764 -0.082139924 -0.017144470 0.996466339
24.325140 -8.092942238 -0.038007334 7.922907352 -0.004807815 -0.085092291 -0.016657205 0.996222198
24.429140 -8.106958389 -0.038199611 8.001425743 -0.002840699 -0.088810362 -0.015572641 0.995922744
24.533020 -8.122410774 -0.038844425 8.079021454 0.000677968 -0.093031712 -0.014682239 0.995554626
24.636890 -8.138545036 -0.040441211 8.156589508 0.001432627 -0.097564258 -0.013573003 0.995135605
24.740760 -8.154941559 -0.041416075 8.234464645 0.000030210 -0.103118241 -0.013041780 0.994583607
24.844640 -8.173883438 -0.041822731 8.311694145 -0.003027315 -0.108521961 -0.012820869 0.994006753
24.948510 -8.191726685 -0.042346090 8.389101028 -0.006842978 -0.114860728 -0.013218274 0.993270099
25.052390 -8.212638855 -0.042794317 8.465369225 -0.008498891 -0.120269500 -0.013380231 0.992614746
25.156270 -8.232484818 -0.043449536 8.540081978 -0.005974486 -0.126332626 -0.015167511 0.991853952
25.260140 -8.254379272 -0.043927006 8.613492966 -0.001268615 -0.132348031 -0.015747117 0.991077423
25.364010 -8.276384354 -0.044164844 8.688104630 0.001027390 -0.138652980 -0.014799544 0.990229905
25.467890 -8.298924446 -0.043903030 8.764666557 -0.001297240 -0.145033166 -0.013725596 0.989330709
25.571790 -8.321433067 -0.044357941 8.841342926 -0.004863704 -0.151588604 -0.013615812 0.988337934
25.675640 -8.348604202 -0.045159176 8.917661667 -0.007705308 -0.157281727 -0.013324886 0.987433791
25.779520 -8.374730110 -0.045503899 8.991948128 -0.007032887 -0.163826093 -0.012270289 0.986387849
25.883390 -8.401207924 -0.044836476 9.066772461 -0.004671301 -0.169981882 -0.011424187 0.985369921
25.987390 -8.427970886 -0.046620592 9.139734268 -0.001636188 -0.174548924 -0.009959556 0.984596789
26.091270 -8.457880020 -0.046636283 9.215590477 0.001241313 -0.178355247 -0.008513917 0.983928561
26.195270 -8.486220360 -0.047172882 9.289985657 0.002464358 -0.182354420 -0.008674088 0.983191490
26.299290 -8.517378807 -0.048598304 9.364761353 0.002890496 -0.186375037 -0.011401273 0.982408226
26.403140 -8.547101974 -0.049676452 9.439202309 0.001898845 -0.190790951 -0.011105474 0.981566012
26.507020 -8.578500748 -0.050072171 9.514433861 -0.001632077 -0.194942862 -0.010630570 0.980755627
26.611020 -8.609254837 -0.050716504 9.589214325 -0.005877425 -0.198749140 -0.010630247 0.979975104
26.714890 -8.646039009 -0.051277459 9.664215088 -0.008260054 -0.201307058 -0.015702276 0.979367495
26.818890 -8.680511475 -0.051457405 9.738026619 -0.005984112 -0.204428494 -0.019633029 0.978666306
26.922890 -8.713685036 -0.051290810 9.810365677 -0.002328928 -0.207187086 -0.018655855 0.978120685
27.026890 -8.746772766 -0.051331379 9.884480476 0.000977576 -0.209993541 -0.015296428 0.977582633
27.130890 -8.781373978 -0.051312592 9.957857132 0.001469806 -0.211971641 -0.015713803 0.977148354
27.234770 -8.817535400 -0.052169919 10.031059265 -0.000578943 -0.214282319 -0.018580085 0.976594865
27.338640 -8.852676392 -0.052729383 10.106054306 -0.002569576 -0.217315882 -0.019310046 0.975906909
27.442660 -8.887652397 -0.054070622 10.179271698 -0.001982416 -0.220117494 -0.017685611 0.975311041
27.546520 -8.924734116 -0.054653808 10.252847672 0.001200116 -0.222507954 -0.017485298 0.974773347
27.650520 -8.960939407 -0.054697275 10.325254440 0.004619588 -0.225089148 -0.016696081 0.974184155
27.754390 -8.998086929 -0.055990268 10.398584366 0.005439145 -0.227652013 -0.017569263 0.973568857
27.858410 -9.036045074 -0.057033420 10.470525742 0.003436583 -0.229497537 -0.018428765 0.973128676
27.962300 -9.073859215 -0.058589607 10.544895172 0.002572368 -0.231957197 -0.019408762 0.972528934
28.066150 -9.111906052 -0.059842929 10.616884232 0.002284531 -0.234398678 -0.019761583 0.971937001
28.170020 -9.148832321 -0.060840413 10.689326286 0.002599686 -0.237004355 -0.018870026 0.971321821
28.274040 -9.187062263 -0.061619125 10.760754585 0.002696136 -0.239232108 -0.017880073 0.970794022
28.377890 -9.225176811 -0.063074380 10.832529068 0.002285559 -0.241576567 -0.017571701 0.970219970
28.481890 -9.263751984 -0.063778758 10.903370857 0.002232189 -0.244038627 -0.017922336 0.969597340
28.585770 -9.303325653 -0.065160565 10.973056793 0.002333084 -0.246131361 -0.018676035 0.969053745
28.689660 -9.342023849 -0.066108815 11.042760849 0.004348754 -0.248563081 -0.017864827 0.968441188
28.793670 -9.380242348 -0.068026274 11.111367226 0.006260934 -0.251015455 -0.016505124 0.967822134
28.897520 -9.419611931 -0.069724753 11.180068016 0.007532223 -0.253221631 -0.016033787 0.967246115
29.001520 -9.459051132 -0.070195451 11.247511864 0.005808387 -0.254931360 -0.016441938 0.966801882
29.105390 -9.497954369 -0.071376137 11.313836098 0.001473663 -0.256564051 -0.017257923 0.966372013
29.209390 -9.536699295 -0.072580770 11.382426262 -0.003370524 -0.258180350 -0.017084442 0.965939760
29.313270 -9.574849129 -0.073299229 11.447122574 -0.006108693 -0.259565562 -0.016304392 0.965568483
29.417270 -9.612208366 -0.072954088 11.511489868 -0.005997738 -0.261258841 -0.014629303 0.965139270
29.521140 -9.648744583 -0.073238462 11.572956085 -0.004267658 -0.263070464 -0.014169729 0.964663148
29.625020 -9.685626030 -0.073644236 11.634178162 -0.003044406 -0.264592618 -0.013346710 0.964263082
29.729040 -9.721525192 -0.074414089 11.692389488 -0.002674910 -0.265828401 -0.012860495 0.963930845
29.832900 -9.755933762 -0.074051231 11.750272751 -0.002535464 -0.267230660 -0.011716747 0.963558018
29.936770 -9.790232658 -0.074984983 11.804952621 -0.003080000 -0.268302143 -0.012060805 0.963254392
30.040770 -9.823549271 -0.075410992 11.859094620 -0.003913571 -0.269444585 -0.011542560 0.962938786
30.144650 -9.854241371 -0.075399086 11.910001755 -0.004222632 -0.270936042 -0.010576517 0.962529957
30.248520 -9.885417938 -0.075419471 11.960035324 -0.004499371 -0.272010446 -0.009611732 0.962235749
30.352400 -9.914049149 -0.076234043 12.006256104 -0.004087680 -0.273130894 -0.009252704 0.961923718
30.456270 -9.944129944 -0.077550173 12.050121307 -0.002298735 -0.273885787 -0.009934185 0.961708128
30.560270 -9.971039772 -0.077367306 12.091323853 -0.000286813 -0.275186956 -0.008946906 0.961349070
30.664040 -9.997844696 -0.077966683 12.133281708 0.000416540 -0.277156055 -0.007364101 0.960796595
30.767900 -10.022576332 -0.078563645 12.172266006 -0.000440452 -0.279499680 -0.005112879 0.960132062
30.871790 -10.046607971 -0.078835204 12.208868980 -0.001032471 -0.282517999 -0.005453188 0.959245920
30.975650 -10.071521759 -0.079044297 12.243199348 -0.001363658 -0.285454094 -0.007236074 0.958364069
31.079540 -10.094723701 -0.079644486 12.275655746 -0.002899252 -0.288543731 -0.009852100 0.957411647
31.183270 -10.117318153 -0.079842478 12.306744576 -0.005929433 -0.291660398 -0.011803064 0.956430733
31.287140 -10.139196396 -0.080335528 12.335273743 -0.008016032 -0.295160145 -0.012184521 0.955336452
31.390900 -10.157358170 -0.079962403 12.363295555 -0.009036395 -0.300056100 -0.010147839 0.953824759
31.494660 -10.175436020 -0.080294311 12.388531685 -0.010071648 -0.305840194 -0.008720465 0.951989651
31.598390 -10.194322586 -0.080299675 12.412565231 -0.011016555 -0.312665492 -0.007707714 0.949768126
31.702150 -10.212878227 -0.080625236 12.433233261 -0.011515422 -0.320318162 -0.007678267 0.947208881
31.805770 -10.231365204 -0.081034094 12.453023911 -0.011170316 -0.329522729 -0.008803254 0.944040537
31.909520 -10.247656822 -0.080681413 12.470964432 -0.009754287 -0.340013176 -0.008205188 0.940334260
32.013150 -10.265201569 -0.081033200 12.487181664 -0.007193138 -0.350307256 -0.007919276 0.936573744
32.116900 -10.281166077 -0.080514669 12.502770424 -0.004570901 -0.360916227 -0.006874093 0.932561696
32.220650 -10.297537804 -0.080790460 12.517214775 -0.002139780 -0.371495605 -0.008069083 0.928397179
32.324400 -10.315890312 -0.080502152 12.530164719 0.000289745 -0.381447315 -0.011139874 0.924323380
32.428170 -10.333118439 -0.080261514 12.543809891 0.000732343 -0.392600119 -0.012458068 0.919624567
32.531770 -10.350230217 -0.080602705 12.558196068 -0.000629780 -0.404439241 -0.011199925 0.914496064
32.635530 -10.368577957 -0.079571530 12.571128845 -0.001641253 -0.416205764 -0.010212138 0.909211636
32.739270 -10.387182236 -0.078659073 12.583962440 -0.002426978 -0.429389715 -0.010746784 0.903052092
32.842900 -10.406301498 -0.079364568 12.595083237 -0.003496225 -0.443124861 -0.013112844 0.896357179
32.946650 -10.426582336 -0.079223335 12.605337143 -0.004624000 -0.456200719 -0.014987916 0.889738619
33.050400 -10.446849823 -0.078697115 12.615437508 -0.005162533 -0.469701439 -0.016299263 0.882659733
33.154020 -10.466621399 -0.079133809 12.624944687 -0.005426386 -0.483360708 -0.018340433 0.875212312
33.257770 -10.487010956 -0.079503655 12.631599426 -0.005623341 -0.496235967 -0.021077143 0.867913604
33.361650 -10.507577896 -0.079513609 12.638811111 -0.006097227 -0.509625971 -0.022700559 0.860074937
33.465270 -10.528479576 -0.079642773 12.647007942 -0.006396984 -0.524164259 -0.022432620 0.851297617
33.569020 -10.550965309 -0.079492837 12.654346466 -0.005145452 -0.539304554 -0.021590844 0.841818273
33.672790 -10.575290680 -0.078585684 12.660832405 -0.003319850 -0.554916441 -0.020340174 0.831650734
33.776420 -10.602874756 -0.077579796 12.667577744 -0.002464182 -0.572166800 -0.019757386 0.819895566
33.880040 -10.631141663 -0.077295095 12.673063278 -0.002795649 -0.589873910 -0.019455174 0.807256103
33.983650 -10.662139893 -0.076142251 12.677400589 -0.002475767 -0.607905567 -0.018787397 0.793783188
34.087400 -10.695372581 -0.075337678 12.680066109 -0.002148625 -0.626681387 -0.017806279 0.779069185
34.191020 -10.730152130 -0.074715257 12.682163239 -0.002126191 -0.645917892 -0.017125756 0.763211787
34.294770 -10.766247749 -0.073825955 12.681077957 -0.002587445 -0.664647520 -0.017062159 0.746957779
34.398420 -10.804024696 -0.073000431 12.679666519 -0.003824246 -0.683949828 -0.017371316 0.729312181
34.502140 -10.845469475 -0.071228683 12.676172256 -0.005704386 -0.703066230 -0.017199809 0.710893452
34.605900 -10.886813164 -0.070054024 12.670594215 -0.007594025 -0.721876740 -0.016960274 0.691772163
34.709660 -10.929194450 -0.068361193 12.663393021 -0.009574348 -0.740360916 -0.016132575 0.671947718
34.813400 -10.972147942 -0.067159742 12.651489258 -0.010942752 -0.757708430 -0.016208380 0.652300179
34.917150 -11.019722939 -0.063952506 12.639480591 -0.011560629 -0.774791181 -0.015890559 0.631911695
35.021020 -11.068655014 -0.060085744 12.624076843 -0.012023845 -0.790711105 -0.015138480 0.611884117
35.124770 -11.117296219 -0.059657395 12.605367661 -0.014586112 -0.805846751 -0.014163592 0.591775000
35.228670 -11.167543411 -0.056703046 12.583267212 -0.015899552 -0.820204139 -0.012866296 0.571705163
35.332520 -11.219449997 -0.057108551 12.558469772 -0.018971831 -0.833648145 -0.011599649 0.551848054
35.436400 -11.271963120 -0.055899948 12.529833794 -0.020667218 -0.846065342 -0.010921168 0.532566428
35.540420 -11.327340126 -0.053688943 12.498002052 -0.021586578 -0.857543051 -0.010263345 0.513856590
35.644400 -11.383554459 -0.051542401 12.461269379 0.021928538 0.867354512 0.010067893 -0.497105479
35.748650 -11.439186096 -0.049929686 12.422042847 0.021885326 0.875351310 0.010193783 -0.482884258
35.852770 -11.499048233 -0.047283337 12.379463196 0.020932512 0.881913543 0.010210577 -0.470835477
35.957050 -11.559426308 -0.045120932 12.334317207 0.020053972 0.886890650 0.010148083 -0.461432338
36.061290 -11.622164726 -0.042682685 12.287374496 0.019588338 0.890802681 0.010531414 -0.453845739
36.165670 -11.685314178 -0.040169999 12.238681793 0.020060090 0.893922389 0.010482854 -0.447649956
36.269900 -11.749687195 -0.038025975 12.188188553 0.020867178 0.896566510 0.010627299 -0.442289650
36.374170 -11.818079948 -0.035867646 12.133967400 0.021330891 0.898773432 0.010771119 -0.437761664
36.478420 -11.885380745 -0.033253521 12.077958107 0.021221239 0.900424182 0.011227155 -0.434349954
36.582670 -11.956077576 -0.031213842 12.020731926 0.021017810 0.902048826 0.011584003 -0.430966377
36.686900 -12.026981354 -0.027692422 11.963901520 0.021264495 0.903308570 0.011524096 -0.428309023
36.791110 -12.100335121 -0.025779478 11.901207924 0.021753890 0.904179096 0.011655866 -0.426440001
36.895150 -12.174072266 -0.023498960 11.840436935 0.022333635 0.904839873 0.011775476 -0.425002754
36.999490 -12.250529289 -0.020439893 11.774881363 0.022485692 0.905002475 0.011785774 -0.424648106
37.103550 -12.326123238 -0.016918249 11.710770607 0.022533869 0.905138850 0.011297702 -0.424368083
37.207650 -12.407643318 -0.014416158 11.643992424 0.022529040 0.905451357 0.010918811 -0.423711032
37.311780 -12.488900185 -0.011327565 11.576018333 0.022550019 0.905575097 0.010436103 -0.423457503
37.415890 -12.571090698 -0.007995561 11.505626678 0.022638496 0.905777097 0.010800728 -0.423011452
37.520030 -12.653231621 -0.005601838 11.434248924 0.022551628 0.905811906 0.012332645 -0.422899574
37.624150 -12.741147995 -0.002025977 11.360648155 0.022934886 0.906145871 0.013307700 -0.422133297
37.728150 -12.826561928 0.001317076 11.287228584 0.022883460 0.906257510 0.013222701 -0.421899080
37.832280 -12.914118767 0.004273675 11.213649750 0.022865916 0.906524420 0.012258239 -0.421355307
37.936280 -13.001811028 0.007012300 11.139392853 0.023206947 0.906652451 0.011590113 -0.421080142
38.040280 -13.093240738 0.011827074 11.061345100 0.024160763 0.906844676 0.010621614 -0.420637846
38.144280 -13.184356689 0.014450237 10.983425140 0.025298387 0.906968713 0.009975479 -0.420319170
38.248280 -13.275446892 0.017352760 10.905055046 0.024477307 0.907268524 0.009004680 -0.419742286
38.352280 -13.367021561 0.019558705 10.824780464 0.023590347 0.907460749 0.007068310 -0.419414490
38.456150 -13.461980820 0.022597238 10.744163513 0.021894839 0.907827497 0.005793165 -0.418731719
38.560150 -13.554409981 0.025009133 10.661432266 0.020610956 0.907636344 0.006012450 -0.419207871
38.664150 -13.652714729 0.027203612 10.578111649 0.020366859 0.907696128 0.007025417 -0.419074684
38.768150 -13.746912003 0.028860964 10.494584084 0.020738944 0.907522380 0.008629723 -0.419402629
38.872030 -13.848835945 0.031549647 10.410308838 0.021710234 0.907771230 0.009465605 -0.418796450
38.976020 -13.946800232 0.034289032 10.326675415 0.022667969 0.907813609 0.010021722 -0.418640822
39.079900 -14.044503212 0.036763892 10.242705345 0.023038965 0.907889903 0.010431383 -0.418445110
39.183930 -14.142601967 0.039141983 10.159227371 0.023541439 0.907914698 0.010549517 -0.418360353
39.287780 -14.238144875 0.042198375 10.074600220 0.022445930 0.907914996 0.011018568 -0.418407798
39.391750 -14.336463928 0.045987740 9.990146637 0.022893989 0.907973528 0.011221700 -0.418251127
39.495830 -14.433723450 0.048000410 9.906662941 0.022824449 0.908039987 0.012162597 -0.418084383
39.599580 -14.530679703 0.051758602 9.823012352 0.023180939 0.908039212 0.012511504 -0.418056011
39.703630 -14.630084991 0.054166362 9.737946510 0.023130214 0.908297300 0.012322201 -0.417503566
39.807870 -14.728067398 0.057950214 9.652946472 0.023276309 0.908450902 0.011710495 -0.417178720
39.911280 -14.822061539 0.061450765 9.570638657 0.023199609 0.908559263 0.011128976 -0.416962743
40.015280 -14.922194481 0.063663110 9.485725403 0.023861358 0.908968866 0.011277932 -0.416027695
40.119140 -15.018870354 0.066537172 9.402061462 0.023348598 0.909212291 0.011221152 -0.415526092
40.223030 -15.114770889 0.069600448 9.316464424 0.023088949 0.909290135 0.010943724 -0.415377617
40.326930 -15.212495804 0.072656721 9.230180740 0.022758869 0.909458280 0.010565624 -0.415037394
40.430770 -15.309041977 0.075085312 9.145857811 0.022102891 0.909527957 0.010752057 -0.414915413
40.534990 -15.406192780 0.078118101 9.060829163 0.020978348 0.909630716 0.011671243 -0.414723516
40.638670 -15.501411438 0.080646202 8.975811005 0.020328553 0.909305513 0.011791965 -0.415465057
40.742540 -15.599140167 0.082499161 8.890836716 0.019901853 0.909120083 0.011605499 -0.415896416
40.846410 -15.695582390 0.085642025 8.806283951 0.018563896 0.908734202 0.011129273 -0.416813642
40.950400 -15.792166710 0.088067040 8.723869324 0.019363323 0.908428848 0.010976356 -0.417446613
41.054600 -15.888145447 0.089894831 8.641120911 0.020496095 0.908113658 0.011698700 -0.418058157
41.158230 -15.987354279 0.094118804 8.556724548 0.022566337 0.907793581 0.013280925 -0.418599010
41.262460 -16.084327698 0.096896857 8.473807335 0.025077114 0.907506347 0.016008338 -0.418983400
41.365930 -16.183465958 0.101188004 8.388090134 0.025815114 0.907337666 0.016387582 -0.419289082
41.469820 -16.280300140 0.105645239 8.305088043 0.024851538 0.907380044 0.014249718 -0.419333696
41.573580 -16.378019333 0.108439624 8.219795227 0.023651451 0.907325923 0.012548981 -0.419574529
41.677410 -16.474220276 0.112314939 8.137571335 0.024293255 0.907307446 0.012256929 -0.419586450
41.781210 -16.574542999 0.115624279 8.052798271 0.024270827 0.907403529 0.013901734 -0.419328570
41.885060 -16.671472549 0.119224280 7.970147610 0.025044698 0.907447159 0.014162061 -0.419179916
41.988800 -16.769138336 0.122642070 7.886098862 0.024590822 0.907604814 0.013565673 -0.418885112
42.092740 -16.865812302 0.126810968 7.803217888 0.024565645 0.907809794 0.012338029 -0.418480217
42.196450 -16.962825775 0.129088551 7.720543385 0.024640886 0.908029616 0.013413022 -0.417965412
42.300170 -17.058689117 0.133397162 7.636505127 0.025622390 0.908055544 0.015096578 -0.417792618
42.404080 -17.156105042 0.137542725 7.553028107 0.026936285 0.908214569 0.016077122 -0.417327464
42.507790 -17.251535416 0.140879512 7.469458580 0.027459886 0.908309400 0.016201153 -0.417082191
42.611550 -17.344581604 0.145594388 7.389523983 0.027614513 0.908512950 0.015148654 -0.416667968
42.715290 -17.440454483 0.150558025 7.307813644 0.027205052 0.908748865 0.014023460 -0.416219592
42.819190 -17.536054611 0.153193742 7.222632885 0.026146259 0.908683181 0.014336330 -0.416420102
42.922920 -17.628183365 0.157137126 7.144985676 0.025462164 0.908637345 0.014273322 -0.416564643
43.026850 -17.720710754 0.160629481 7.061802387 0.024339087 0.908330441 0.014535035 -0.417291433
43.130550 -17.814876556 0.164904416 6.981724739 0.024096079 0.908340514 0.014593239 -0.417281628
43.234430 -17.907646179 0.167000175 6.901344299 0.023176262 0.908137560 0.015598928 -0.417738795
43.338330 -18.002819061 0.171292901 6.819950581 0.023846623 0.908049107 0.015074580 -0.417912632
43.442050 -18.095531464 0.175288498 6.741577148 0.023204673 0.908029616 0.014483559 -0.418011963
43.545910 -18.188446045 0.177253634 6.658939362 0.022654710 0.907782376 0.014435391 -0.418580443
43.649770 -18.280883789 0.180976748 6.579866886 0.022898044 0.907725215 0.014155277 -0.418700606
43.753650 -18.374855042 0.184623837 6.500772476 0.024794644 0.907533824 0.013960248 -0.419014037
43.857500 -18.466915131 0.188040465 6.422178745 0.024894463 0.907507896 0.013839334 -0.419068187
43.961280 -18.557662964 0.190483779 6.344870567 0.024441743 0.907413006 0.012831776 -0.419332296
44.065190 -18.648616791 0.193906069 6.267692089 0.024609206 0.907350838 0.010645634 -0.419518173
44.169050 -18.738174438 0.196357489 6.191062450 0.024067931 0.907125652 0.009783567 -0.420057237
44.272790 -18.828151703 0.197932452 6.114124298 0.022687294 0.906985939 0.011234335 -0.420399278
44.376660 -18.915863037 0.200529963 6.037714958 0.023040934 0.906820416 0.011497172 -0.420729935
44.480540 -19.003513336 0.202737898 5.963638306 0.022830499 0.906903684 0.011422452 -0.420563906
44.584310 -19.087755203 0.204610348 5.892088890 0.022654923 0.906914353 0.011301441 -0.420553744
44.688220 -19.173299789 0.206910968 5.819550514 0.022996671 0.906833231 0.011144318 -0.420714289
44.792180 -19.255500793 0.208684981 5.749600410 0.022720108 0.906928241 0.011144167 -0.420524389
44.895870 -19.335304260 0.210535169 5.680244446 0.022024402 0.906867146 0.011736332 -0.420677036
44.999710 -19.417533875 0.213038057 5.610370159 0.021917332 0.906923890 0.011455854 -0.420567960
45.103550 -19.498685837 0.214827567 5.542369843 0.022691470 0.907008529 0.011762589 -0.420335919
45.207330 -19.577943802 0.217379779 5.473161221 0.022665286 0.906939864 0.012695268 -0.420458317
45.311220 -19.657104492 0.219674528 5.408078194 0.023608679 0.907106400 0.013565770 -0.420019746
45.415240 -19.735319138 0.222371280 5.340992928 0.023971833 0.907064259 0.014238168 -0.420067966
45.518940 -19.811115265 0.224742055 5.276152134 0.024884595 0.907109439 0.014593965 -0.419905037
45.622980 -19.885936737 0.227310181 5.213077545 0.026222387 0.907253504 0.014350675 -0.419520646
45.726540 -19.959394455 0.228884101 5.151068211 0.026632681 0.907458723 0.014017050 -0.419061929
45.831090 -20.030345917 0.231691957 5.090065479 0.026811564 0.907691479 0.014315268 -0.418536037
45.934310 -20.097806931 0.233918250 5.031640530 0.027955033 0.907926440 0.013693346 -0.417971939
46.038180 -20.166618347 0.235465705 4.972105980 0.028410355 0.908464372 0.012859306 -0.416797251
46.142050 -20.231071472 0.238251805 4.915042400 0.029758271 0.909437478 0.011314698 -0.414620221
46.245920 -20.298160553 0.240506709 4.856166840 0.030339459 0.910862625 0.010822822 -0.411450714
46.349680 -20.362192154 0.242868662 4.798632145 0.031307980 0.913004398 0.010277426 -0.406616807
46.453430 -20.422840118 0.245471299 4.742151260 0.032729231 0.915337920 0.009657416 -0.401238084
46.557220 -20.481399536 0.246720195 4.686752796 0.033864819 0.918139935 0.009515727 -0.394691885
46.660970 -20.539688110 0.249929607 4.629170418 0.035087492 0.921442091 0.008819239 -0.386827558
46.764550 -20.594682693 0.250125200 4.570714474 0.036858503 0.925089657 0.008231911 -0.377866089
46.868310 -20.645709991 0.252066672 4.512238503 0.038606297 0.929241300 0.007517608 -0.367373943
46.971930 -20.695949554 0.254680574 4.454209805 0.039078079 0.934094131 0.007315595 -0.354806244
47.075560 -20.742080688 0.255075067 4.395079613 0.038459431 0.939160466 0.008340679 -0.341216743
47.179170 -20.783973694 0.256112307 4.335162163 0.037237838 0.944388628 0.009627302 -0.326574326
47.282920 -20.823961258 0.257878542 4.276376247 0.036005039 0.949979901 0.010331961 -0.310056508
47.386540 -20.859472275 0.258368671 4.215510368 0.034827981 0.955617607 0.011262638 -0.292327166
47.490160 -20.891839981 0.260453075 4.154610157 0.035437074 0.961387873 0.011735898 -0.272653461
47.593870 -20.921579361 0.260593861 4.094313622 0.033411860 0.967470229 0.012644225 -0.250450045
47.697410 -20.945236206 0.261143625 4.033864975 0.029620146 0.973146677 0.012693668 -0.227918923
47.801160 -20.964080811 0.261072516 3.973642349 0.023684381 0.978314340 0.012871374 -0.205364019
47.904910 -20.982095718 0.260666162 3.912259102 0.019450529 0.982923269 0.012651783 -0.182547197
48.008600 -20.997766495 0.261537224 3.849857569 0.016205480 0.987146556 0.011004428 -0.158612549
48.112290 -21.011117935 0.261544943 3.788198948 0.015433075 0.990841448 0.010209025 -0.133756742
48.216060 -21.021656036 0.261623979 3.725194216 0.015011717 0.993916392 0.010405296 -0.108612038
48.319780 -21.028194427 0.263346225 3.660235643 0.015112447 0.996307790 0.010945268 -0.083800890
48.423630 -21.029212952 0.262523711 3.596807480 0.011376744 0.998118818 0.013281050 -0.058762442
48.527420 -21.027856827 0.264432371 3.531446457 0.006599928 0.999303937 0.015561887 -0.033254828
48.631190 -21.022970200 0.263425529 3.467912436 0.005823556 0.999793530 0.017801441 -0.007880203
48.734910 -21.017490387 0.266387820 3.405529976 0.007539528 0.999661863 0.016828880 0.018333500
48.838780 -21.008073807 0.266906321 3.343699932 0.011704628 0.998842359 0.016035296 0.043815561
48.942530 -20.996093750 0.267624706 3.282856226 0.013569699 0.997389972 0.014694764 0.069376566
49.046410 -20.980258942 0.266751587 3.223291159 0.014669131 0.995307326 0.014152164 0.094593197
49.150280 -20.961553574 0.266711652 3.165290833 0.014569569 0.992638588 0.013041046 0.119525425
49.254030 -20.939823151 0.267851084 3.108988285 0.015310895 0.989271760 0.012153532 0.144773170
49.357910 -20.915941238 0.269368947 3.053610802 0.017825291 0.985234618 0.011922620 0.169861451
49.461780 -20.889577866 0.270360887 2.993249416 0.019258410 0.980847120 0.011571076 0.193479210
49.565780 -20.857709885 0.269789726 2.937275410 0.017178277 0.976301193 0.012207160 0.215387821
49.669780 -20.823570251 0.270597279 2.881046295 0.015462129 0.971535504 0.013838900 0.235983312
49.773780 -20.788356781 0.269767046 2.824386597 0.016610179 0.966815412 0.016352810 0.254410297
49.878030 -20.752334595 0.269655406 2.766679764 0.018825211 0.962218881 0.018222110 0.271013707
49.982180 -20.710742950 0.270363122 2.711909294 0.018157868 0.958253324 0.018343907 0.284753203
50.086410 -20.669363022 0.270375788 2.657974243 0.017521931 0.954586804 0.018763095 0.296824992
50.190690 -20.626022339 0.271415234 2.600451469 0.016748896 0.951238692 0.018168772 0.307464272
50.295050 -20.580747604 0.271915376 2.543847084 0.016496588 0.948593199 0.017895777 0.315560728
50.399300 -20.534053802 0.272295058 2.486782074 0.015848922 0.946465254 0.017278705 0.321952939
50.503680 -20.486728668 0.272738129 2.429514885 0.014872559 0.944717884 0.016525509 0.327129811
50.608030 -20.438037872 0.273109198 2.372385025 0.014326342 0.943387508 0.015083793 0.331039667
50.712390 -20.389072418 0.273746252 2.312183380 0.014814188 0.942090929 0.014421416 0.334719539
50.816730 -20.337520599 0.274499625 2.250362396 0.015790308 0.941185415 0.014479941 0.337210536
50.920920 -20.286792755 0.273709208 2.188373566 0.017293785 0.940448999 0.015153634 0.339156270
51.025280 -20.230480194 0.274586320 2.125030518 0.016463444 0.939927578 0.013792585 0.340697587
51.129530 -20.175218582 0.274359643 2.062186241 0.014530156 0.939546883 0.012495337 0.341883600
51.233800 -20.118093491 0.275146604 1.996529579 0.013135524 0.939265013 0.012031110 0.342730194
51.338030 -20.060976028 0.276213884 1.931355476 0.014164745 0.939229488 0.012910978 0.342754483
51.442160 -20.000659943 0.276552439 1.856998444 0.016718235 0.939131260 0.013780834 0.342874765
51.546400 -19.941616058 0.275956601 1.786749840 0.017096812 0.939284980 0.013516239 0.342445284
51.650530 -19.877201080 0.275799036 1.711980820 0.015552053 0.939400434 0.010835875 0.342297375
51.754650 -19.815565109 0.276117861 1.640350342 0.015971312 0.939487815 0.007440357 0.342128903
51.858780 -19.747829437 0.276237041 1.560552597 0.016387274 0.939635396 0.005222506 0.341744840
51.962780 -19.681463242 0.276164949 1.480691910 0.017409340 0.939702511 0.005471599 0.341505736
52.066910 -19.610950470 0.275574416 1.396261215 0.016341045 0.939775169 0.006301911 0.341344178
52.171030 -19.541110992 0.274595708 1.312805176 0.013295532 0.939780712 0.006671407 0.341454059
52.275030 -19.466133118 0.273345470 1.228571892 0.011186982 0.939857602 0.006571992 0.341320008
52.379030 -19.392833710 0.272545189 1.141856194 0.010638989 0.939791560 0.007338850 0.341503710
52.483160 -19.316219330 0.272786498 1.051919937 0.010034226 0.939769506 0.008695755 0.341550857
52.587160 -19.239419937 0.272349834 0.960931778 0.009886556 0.939870656 0.011087188 0.341207415
52.691180 -19.157703400 0.273116946 0.864320755 0.007892098 0.939805686 0.011209783 0.341434240
52.795150 -19.079200745 0.273262680 0.772416115 0.006735566 0.939728320 0.009280510 0.341729671
52.899160 -18.994369507 0.274382412 0.673611641 0.007614888 0.939682841 0.008054030 0.341867387
53.003160 -18.912372589 0.275636673 0.577350616 0.008701228 0.939594328 0.008814484 0.342065841
53.107160 -18.826129913 0.274904519 0.472842216 0.008667434 0.939556599 0.011904687 0.342076778
53.211180 -18.742231369 0.276004672 0.373472214 0.009991182 0.939637423 0.013537765 0.341757923
53.315160 -18.654396057 0.275706947 0.268918991 0.010842127 0.939549148 0.013633901 0.341970652
53.419160 -18.567802429 0.276790649 0.166904449 0.012835842 0.939593673 0.012372975 0.341827214
53.523150 -18.478330612 0.277570158 0.059005737 0.015458045 0.939481497 0.010959323 0.342075139
53.627040 -18.388471603 0.277777523 -0.047545433 0.016137620 0.939520836 0.010012087 0.341964900
53.731040 -18.297901154 0.277452052 -0.156025887 0.015631597 0.939698577 0.009334799 0.341518670
53.835050 -18.205303192 0.276941597 -0.264131546 0.015011866 0.939848602 0.010293816 0.341105849
53.938910 -18.113571167 0.275192678 -0.373098373 0.013787995 0.939906001 0.011952699 0.340945393
54.042910 -18.021707535 0.274814844 -0.480989456 0.013816223 0.940043747 0.013331260 0.340513080
54.146780 -17.931552887 0.275106996 -0.590761185 0.016421754 0.939997256 0.014925070 0.340459585
54.250800 -17.842296600 0.275205195 -0.699171066 0.019677972 0.940007746 0.016733628 0.340173721
54.354660 -17.750915527 0.274926841 -0.810018539 0.020302407 0.939943194 0.018794702 0.340207845
54.458660 -17.661342621 0.276032120 -0.919565201 0.021161385 0.939847469 0.022179913 0.340216011
54.562530 -17.569454193 0.277139902 -1.026547432 0.021333063 0.939857066 0.025154585 0.339971900
54.666410 -17.479074478 0.279500157 -1.139391422 0.022760252 0.939807296 0.024719480 0.340048701
54.770420 -17.388624191 0.280329645 -1.244414806 0.023109758 0.940005243 0.020813879 0.339739263
54.874290 -17.299703598 0.280368149 -1.350661278 0.024686510 0.940270662 0.016729519 0.339119047
54.978530 -17.210269928 0.280195326 -1.458165646 0.025295144 0.940416694 0.015533424 0.338726044
55.082040 -17.119998932 0.280105054 -1.567282200 0.025043070 0.940534890 0.016699387 0.338360876
55.185920 -17.030738831 0.280626118 -1.673495770 0.024666039 0.940728962 0.017827895 0.337791055
55.290780 -16.941242218 0.280312330 -1.783119202 0.024282668 0.940831065 0.018404989 0.337503314
55.393730 -16.851177216 0.279944390 -1.889878750 0.022323119 0.941514254 0.017988812 0.335751295
55.497680 -16.766124725 0.280458659 -1.998837471 0.021517169 0.942480505 0.017802106 0.333092421
55.601700 -16.680120468 0.280115515 -2.105004787 0.020645542 0.943997383 0.017734056 0.328828633
55.705670 -16.598354340 0.280385911 -2.211448669 0.020703491 0.945905149 0.017496036 0.323309034
55.809690 -16.516935349 0.280375838 -2.318196297 0.020945007 0.948275268 0.018134600 0.316238075
55.913810 -16.437427521 0.281425297 -2.432234287 0.022769237 0.950919628 0.020213207 0.307936519
56.017930 -16.361501694 0.281560361 -2.544291973 0.023438526 0.953991175 0.022066139 0.298101634
56.122050 -16.287851334 0.283439994 -2.657416344 0.024144165 0.957562327 0.022859477 0.286302119
56.226190 -16.218723297 0.285376310 -2.771045685 0.025622675 0.961506486 0.023139797 0.272604823
56.330510 -16.152856827 0.289386988 -2.890547752 0.027378900 0.965596259 0.024125541 0.257472813
56.434670 -16.092235565 0.291194916 -3.011305332 0.028897466 0.969622314 0.024818599 0.241622657
56.538940 -16.030630112 0.294466794 -3.132957220 0.030028170 0.973484814 0.024284592 0.225468278
56.643030 -15.978528976 0.297584385 -3.254483700 0.032420151 0.977080524 0.020074710 0.209426835
56.747290 -15.929376602 0.298684478 -3.375651598 0.033299830 0.980519533 0.015404775 0.192964494
56.851430 -15.882882118 0.298684597 -3.503511906 0.032026622 0.983672738 0.012002233 0.176686913
56.955550 -15.839524269 0.299666852 -3.624625206 0.029984955 0.986483037 0.011291404 0.160700455
57.059650 -15.802141190 0.299165726 -3.752227783 0.029094005 0.988722622 0.011066419 0.146487653
57.163560 -15.767677307 0.297966808 -3.880876780 0.029865496 0.990517378 0.010599677 0.133682519
57.267470 -15.736568451 0.296629071 -4.009386539 0.031315371 0.991890013 0.009949252 0.122778356
57.371290 -15.706377029 0.298798263 -4.141598701 0.030803243 0.993040264 0.010376752 0.113201194
57.475150 -15.678225517 0.299008042 -4.276244640 0.029037826 0.994091153 0.013014920 0.103779346
57.579070 -15.652549744 0.300243646 -4.411685944 0.029389024 0.994992852 0.014222324 0.094462655
57.682930 -15.630943298 0.302464932 -4.549712181 0.029520810 0.995770574 0.013979021 0.085872114
57.786690 -15.608151436 0.302984178 -4.685420513 0.029121799 0.996490955 0.011834592 0.077573717
57.890570 -15.587350845 0.303260267 -4.824005127 0.030828044 0.996990979 0.010485717 0.070346825
57.994890 -15.571238518 0.306577861 -4.965342999 0.033811234 0.997217298 0.012176580 0.065316327
58.098070 -15.555030823 0.308549225 -5.108357906 0.036493219 0.997272789 0.017067363 0.061837945
58.201850 -15.537821770 0.310903698 -5.256471634 0.037810732 0.997235477 0.021560011 0.060223833
58.305440 -15.521306038 0.314870387 -5.398671150 0.037075628 0.997296393 0.021570297 0.059665505
58.409230 -15.501733780 0.317621529 -5.549160004 0.035370167 0.997416615 0.020352488 0.059117399
58.512810 -15.482822418 0.321586072 -5.696363449 0.032808516 0.997582018 0.017749716 0.058639992
58.616560 -15.461713791 0.323812366 -5.848475933 0.028432896 0.997753322 0.016624555 0.058339138
58.720450 -15.441164970 0.326153904 -6.000477314 0.026120177 0.997826457 0.016610691 0.058174457
58.824030 -15.422881126 0.329221368 -6.155260086 0.025037568 0.997805953 0.017714830 0.058673702
58.927820 -15.403350830 0.332979620 -6.310918808 0.023841009 0.997798622 0.018303091 0.059114810
59.031700 -15.384474754 0.335325390 -6.468434811 0.023810565 0.997753561 0.018695019 0.059760489
59.135420 -15.364834785 0.338900000 -6.625990391 0.022756161 0.997747421 0.017888064 0.060516715
59.239170 -15.344718933 0.341811597 -6.787204742 0.022182334 0.997741342 0.017062847 0.061064966
59.343070 -15.323800087 0.343738109 -6.946652889 0.020788718 0.997765601 0.016141787 0.061409134
59.446780 -15.302260399 0.347370207 -7.109835148 0.019658696 0.997808099 0.015354165 0.061292458
59.550680 -15.280916214 0.349886388 -7.272784233 0.018336102 0.997889280 0.015124061 0.060432151
59.654550 -15.260581017 0.351104736 -7.438045025 0.017835425 0.997925341 0.015780754 0.059815262
59.758420 -15.240910530 0.353652775 -7.603348255 0.017701887 0.997967362 0.015912674 0.059115063
59.862460 -15.221727371 0.356092632 -7.767546654 0.017273750 0.998005927 0.015896043 0.058592621
59.965990 -15.202773094 0.358009636 -7.929328442 0.017371263 0.998011768 0.017023409 0.058146078
60.069690 -15.186038971 0.359843612 -8.090407372 0.016872428 0.997991860 0.018271191 0.058255810
60.173450 -15.163381577 0.361958027 -8.252599716 0.016339771 0.998047233 0.019053893 0.057198364
60.277190 -15.144474983 0.363747478 -8.414829254 0.016017605 0.998083651 0.018565236 0.056814544
60.381050 -15.122875214 0.367513716 -8.576016426 0.015797259 0.998158097 0.017055545 0.056035105
60.484800 -15.105130196 0.369790822 -8.737756729 0.015565079 0.998191774 0.016223090 0.055747289
60.588540 -15.085654259 0.369687378 -8.898971558 0.015500551 0.998220682 0.016692031 0.055104923
60.692600 -15.067459106 0.374115765 -9.059740067 0.014808197 0.998282194 0.016690945 0.054173738
60.797000 -15.048707962 0.376206070 -9.219156265 0.014270065 0.998343408 0.017512847 0.052915793
60.900200 -15.031398773 0.378137082 -9.380905151 0.014070778 0.998429477 0.017387936 0.051364250
61.003920 -15.013610840 0.380236536 -9.539230347 0.013281098 0.998518705 0.017126430 0.049906388
61.107700 -14.997716904 0.382447779 -9.701132774 0.013170344 0.998608053 0.016467590 0.048346624
61.211580 -14.983300209 0.384354085 -9.860145569 0.013131168 0.998649061 0.017367454 0.047179900
61.315290 -14.967715263 0.386506349 -10.019756317 0.012538236 0.998714149 0.018031271 0.045691770
61.419200 -14.953234673 0.389414430 -10.176242828 0.012922499 0.998759031 0.018653970 0.044332683
61.522950 -14.939666748 0.391775489 -10.332189560 0.013535191 0.998799920 0.018772464 0.043163300
61.626790 -14.925810814 0.394494772 -10.490516663 0.013503602 0.998851240 0.018442782 0.042115707
61.730990 -14.911919594 0.395719320 -10.645686150 0.013685531 0.998892605 0.018284699 0.041132692
61.834510 -14.899573326 0.398733318 -10.800180435 0.013435921 0.998924255 0.018156674 0.040498499
61.938390 -14.884632111 0.401339710 -10.955000877 0.012876656 0.998955369 0.018518070 0.039741542
62.042070 -14.872464180 0.405454516 -11.110920906 0.012439591 0.998992920 0.017506963 0.039393403
62.145930 -14.860517502 0.408620089 -11.265584946 0.012271663 0.999045968 0.015001331 0.039134115
62.249910 -14.848864555 0.409733295 -11.414447784 0.011783184 0.999064267 0.013873219 0.039233442
62.353660 -14.836439133 0.410508037 -11.566425323 0.012153573 0.999060810 0.013391450 0.039375871
62.457420 -14.822893143 0.411831915 -11.719269753 0.012552664 0.999036431 0.013961620 0.039669339
62.561290 -14.811526299 0.413180113 -11.870598793 0.013531650 0.998997450 0.014458293 0.040149584
62.665290 -14.801322937 0.415292680 -12.020726204 0.014497113 0.998946071 0.014936636 0.040908422
62.769050 -14.786392212 0.415804982 -12.171542168 0.014867127 0.998925686 0.015467109 0.041075189
62.872800 -14.772381783 0.418068588 -12.321811676 0.014921731 0.998911560 0.015739674 0.041295201
62.976670 -14.759310722 0.419156969 -12.470905304 0.014152832 0.998897135 0.016026765 0.041801777
63.080660 -14.745043755 0.420752376 -12.619665146 0.013728678 0.998904526 0.015477728 0.041972812
63.184460 -14.731207848 0.422384679 -12.767253876 0.015602699 0.998847663 0.014757366 0.042919237
63.288240 -14.716970444 0.423660696 -12.914454460 0.016050534 0.998786628 0.014128480 0.044363186
63.392070 -14.702700615 0.424460620 -13.063716888 0.015390852 0.998733699 0.014019240 0.045798447
63.495820 -14.687044144 0.423818856 -13.209801674 0.015405170 0.998697877 0.013435464 0.046740018
63.599720 -14.673030853 0.425766200 -13.356068611 0.015472023 0.998650491 0.012998909 0.047841743
63.703640 -14.658164024 0.427801639 -13.501275063 0.015029752 0.998636663 0.012948735 0.048283577
63.807440 -14.643267632 0.427403033 -13.645788193 0.014173985 0.998616695 0.014130735 0.048622705
63.911420 -14.628000259 0.428100735 -13.787583351 0.013597031 0.998627663 0.015153675 0.048251826
64.015770 -14.614237785 0.428726852 -13.928421974 0.013330088 0.998642683 0.015700303 0.047838748
64.119460 -14.598601341 0.430248469 -14.065383911 0.012669140 0.998694539 0.015731914 0.046917751
64.223410 -14.584327698 0.431376696 -14.201749802 0.011797696 0.998766243 0.015610986 0.045640443
64.327430 -14.572117805 0.432510674 -14.333696365 0.011482593 0.998844743 0.015828082 0.043894704
64.431450 -14.560688019 0.433747947 -14.463217735 0.011752672 0.998968780 0.015748680 0.040929824
64.535560 -14.551395416 0.434649944 -14.591944695 0.012035409 0.999095023 0.015832432 0.037597306
64.639590 -14.541355133 0.435324341 -14.715939522 0.012867529 0.999226630 0.016190790 0.033442896
64.743580 -14.535318375 0.436717987 -14.836502075 0.014081142 0.999320090 0.016924553 0.029573286
64.847590 -14.529376984 0.436980784 -14.954277992 0.015899869 0.999395013 0.017292475 0.025647450
64.951550 -14.527243614 0.439501077 -15.071132660 0.016748900 0.999465704 0.017319122 0.022086821
65.055500 -14.523453712 0.439309299 -15.183349609 0.017389353 0.999521971 0.017874464 0.018274419
65.159520 -14.518467903 0.440581918 -15.288704872 0.017873522 0.999579728 0.017629832 0.014495502
65.263460 -14.515296936 0.439587355 -15.391540527 0.018453587 0.999608636 0.017773725 0.011232679
65.367480 -14.515069008 0.442472279 -15.490922928 0.019324662 0.999626219 0.017393991 0.008453682
65.471470 -14.517967224 0.443861187 -15.585605621 0.019391758 0.999645531 0.017185718 0.006118804
65.575320 -14.517358780 0.444718063 -15.674222946 0.020749066 0.999637723 0.016747693 0.003662825
65.679310 -14.519567490 0.445861578 -15.760205269 0.021581177 0.999615788 0.017323481 0.001560739
65.783300 -14.516688347 0.447119415 -15.841930389 0.021509603 0.999599576 0.018364325 -0.000879056
65.887300 -14.517467499 0.448906720 -15.914711952 0.022245590 0.999577582 0.018528888 -0.002553011
65.991170 -14.518145561 0.447609901 -15.989385605 0.021798082 0.999564230 0.019411275 -0.004408224
66.095340 -14.521438599 0.448708296 -16.055652618 0.022736439 0.999531984 0.019720208 -0.005468942
66.199080 -14.521278381 0.449283183 -16.117797852 0.023821417 0.999496996 0.019863408 -0.006613684
66.303070 -14.522624969 0.450500190 -16.175559998 0.024360124 0.999471486 0.020234285 -0.007342687
66.407050 -14.522201538 0.451293170 -16.227970123 0.024166306 0.999461353 0.020818412 -0.007720321
66.512930 -14.523426056 0.452106178 -16.275016785 0.023484975 0.999476016 0.020950997 -0.007565773
66.614800 -14.525347710 0.456442177 -16.313268661 0.024094436 0.999469936 0.020748636 -0.006984076
66.718800 -14.522427559 0.452997863 -16.360279083 0.021550287 0.999542058 0.020386217 -0.005972561
66.824140 -14.524822235 0.453165650 -16.394433975 0.021163994 0.999556541 0.020469697 -0.004449282
66.926760 -14.524570465 0.452473938 -16.421537399 0.021095086 0.999569476 0.020093091 -0.003480401
67.031610 -14.524105072 0.454448640 -16.454053879 0.020888580 0.999608994 0.018500201 -0.001813871
67.134650 -14.525396347 0.454949915 -16.485662460 0.021208813 0.999621153 0.017540492 -0.000210946
67.238470 -14.518516541 0.454610229 -16.512435913 0.020939851 0.999631882 0.017247710 -0.000411301
67.342520 -14.519350052 0.455883205 -16.539415359 0.020573474 0.999630868 0.017709550 0.001126376
67.446480 -14.516777992 0.457857251 -16.565532684 0.019706456 0.999648452 0.017595528 0.002234728
67.550330 -14.515584946 0.456263304 -16.589111328 0.018792437 0.999662995 0.017522840 0.003702836
67.654290 -14.514966011 0.458093405 -16.611516953 0.019226886 0.999657452 0.016847543 0.005608256
67.758210 -14.515040398 0.456962585 -16.632936478 0.019783821 0.999631107 0.016728859 0.008143677
67.862190 -14.514280319 0.457847059 -16.653213501 0.019952975 0.999607801 0.016384197 0.010849443
67.966080 -14.509230614 0.460114956 -16.670949936 0.019439293 0.999587297 0.016079865 0.013738497
68.070190 -14.508287430 0.456299663 -16.688751221 0.018202797 0.999537230 0.016614540 0.017831158
68.173980 -14.509497643 0.457054555 -16.705091476 0.017055143 0.999472737 0.016596938 0.022088319
68.277930 -14.505784035 0.457081676 -16.719409943 0.016473327 0.999394774 0.017122939 0.025404852
68.381800 -14.504298210 0.455562890 -16.731813431 0.015822651 0.999307513 0.017624557 0.028696479
68.485930 -14.501485825 0.456309438 -16.741825104 0.015530690 0.999247968 0.017569194 0.030878888
68.589980 -14.501808167 0.456865907 -16.748168945 0.015739171 0.999175727 0.017111676 0.033275414
68.693970 -14.501521111 0.458876908 -16.755043030 0.015710820 0.999119699 0.016654527 0.035150215
68.797970 -14.500739098 0.458692491 -16.758514404 0.015873751 0.999080181 0.016624562 0.036200367
68.902060 -14.499691010 0.458311856 -16.761184692 0.015524028 0.999054730 0.016448032 0.037122283
69.006040 -14.499588013 0.459171355 -16.762477875 0.015461682 0.999044001 0.016376268 0.037467510
69.110830 -14.499266624 0.458386719 -16.761907578 0.015462332 0.999046922 0.016510062 0.037329897
69.214230 -14.499307632 0.457499921 -16.761102676 0.015722694 0.999051332 0.016354065 0.037171382
69.318190 -14.498492241 0.457226634 -16.760141373 0.015878841 0.999064088 0.015662171 0.037061390
69.422330 -14.498836517 0.457571685 -16.760484695 0.015886076 0.999068141 0.015391018 0.037062068
69.526320 -14.499174118 0.457838565 -16.761245728 0.015835121 0.999059439 0.015617839 0.037223354
69.630320 -14.498919487 0.458111405 -16.760951996 0.015802996 0.999064207 0.015302470 0.037240103
69.734330 -14.498060226 0.458072066 -16.760950089 0.015778279 0.999072015 0.015307648 0.037038513
69.838430 -14.498578072 0.458089292 -16.761011124 0.015829077 0.999061942 0.015502004 0.037205826
69.943310 -14.499093056 0.458965093 -16.761009216 0.015784275 0.999067008 0.015143877 0.037237123
70.047250 -14.499642372 0.458002597 -16.760669708 0.015795389 0.999059975 0.015355757 0.037333984
70.150510 -14.499133110 0.458191544 -16.760725021 0.015819389 0.999059856 0.015466310 0.037281651
70.254450 -14.499503136 0.458476931 -16.760622025 0.015830819 0.999059260 0.015368519 0.037332900
70.358440 -14.499337196 0.457809746 -16.760515213 0.015904190 0.999053657 0.015479467 0.037406530
70.462450 -14.499538422 0.458088666 -16.760663986 0.015904177 0.999049902 0.015403328 0.037537184
70.566450 -14.500013351 0.458150595 -16.760900497 0.015923273 0.999043882 0.015408118 0.037687786
70.670640 -14.500267029 0.458377779 -16.761089325 0.015972255 0.999040544 0.015334247 0.037785269
70.774540 -14.499742508 0.458356857 -16.760923386 0.015941711 0.999043047 0.015313300 0.037739642
70.878550 -14.498748779 0.458260983 -16.760732651 0.016070709 0.999042690 0.015366592 0.037673287
70.982540 -14.498883247 0.458147556 -16.760864258 0.016111193 0.999034882 0.015411854 0.037843063
71.086680 -14.498947144 0.458142728 -16.760667801 0.016181631 0.999028862 0.015326438 0.038007539
71.190680 -14.499104500 0.458345205 -16.760576248 0.016268371 0.999019563 0.015342503 0.038207203
71.294670 -14.498783112 0.458016634 -16.760993958 0.016346077 0.999012291 0.015374409 0.038351040
71.398790 -14.498968124 0.458095878 -16.760841370 0.016436774 0.999000311 0.015338048 0.038637791
71.503010 -14.498134613 0.459795058 -16.761142731 0.016574958 0.999001920 0.015053655 0.038648523
71.606920 -14.498161316 0.459748447 -16.761396408 0.016568307 0.999002278 0.015060312 0.038639355
71.710990 -14.498318672 0.459741712 -16.761310577 0.016638417 0.999000788 0.015045451 0.038654521
71.817720 -14.498411179 0.459983289 -16.761392593 0.016638007 0.998993635 0.015034314 0.038842455
71.918960 -14.499404907 0.458517671 -16.761199951 0.016622936 0.998983800 0.015378764 0.038968001
72.023080 -14.498806000 0.457978606 -16.761196136 0.016753821 0.998977542 0.015412935 0.039059315
72.127050 -14.498719215 0.458018005 -16.760837555 0.016790792 0.998973906 0.015422672 0.039130788
72.231970 -14.497558594 0.460318983 -16.761100769 0.016803050 0.998984277 0.014988026 0.039030537
72.335120 -14.497933388 0.460602373 -16.761621475 0.016823711 0.998978794 0.014923161 0.039187133
72.439200 -14.499415398 0.458471298 -16.760780334 0.016835915 0.998965144 0.015322467 0.039375253
72.543190 -14.500142097 0.458468229 -16.761346817 0.016778057 0.998959720 0.015329449 0.039533887
72.647200 -14.497709274 0.460414052 -16.761604309 0.016832596 0.998974442 0.014942935 0.039286561
72.751200 -14.497869492 0.460108906 -16.761348724 0.016870648 0.998969495 0.015039464 0.039357986
72.855180 -14.497796059 0.459929675 -16.761587143 0.016842749 0.998964429 0.015077647 0.039484229
72.959210 -14.498051643 0.458337516 -16.760946274 0.016795518 0.998959601 0.015349286 0.039522249
73.063300 -14.497906685 0.458250433 -16.760528564 0.016850265 0.998958826 0.015423818 0.039489441
73.167460 -14.498995781 0.456958920 -16.760437012 0.016880095 0.998943567 0.015670011 0.039766017
73.271730 -14.498802185 0.456951171 -16.760402679 0.016831990 0.998947859 0.015662123 0.039680526
73.375310 -14.498872757 0.456960261 -16.760213852 0.016789392 0.998947322 0.015659789 0.039713886
73.479440 -14.498061180 0.458280116 -16.760919571 0.016887629 0.998953462 0.015387869 0.039623436
73.583460 -14.498908997 0.457035750 -16.760524750 0.016768714 0.998948097 0.015638053 0.039711963
73.687600 -14.499010086 0.456893981 -16.760437012 0.016821336 0.998945177 0.015673295 0.039748594
73.791560 -14.499053955 0.456938714 -16.760568619 0.016810000 0.998946369 0.015641740 0.039735850
73.895660 -14.498757362 0.456946284 -16.760225296 0.016838217 0.998946428 0.015680861 0.039706517
73.999560 -14.498927116 0.456927627 -16.760374069 0.016830420 0.998946130 0.015675856 0.039719038
74.103680 -14.498882294 0.456974953 -16.760284424 0.016815688 0.998947084 0.015630974 0.039718959
74.207700 -14.498964310 0.456876010 -16.760314941 0.016809780 0.998946726 0.015668709 0.039716359
74.311710 -14.498950005 0.457036763 -16.760499954 0.016817840 0.998946488 0.015610342 0.039741434
74.415680 -14.498835564 0.456950933 -16.760276794 0.016802268 0.998948038 0.015632279 0.039700121
74.519800 -14.497850418 0.458416224 -16.760622025 0.016776148 0.998943567 0.015279084 0.039960138
74.623890 -14.498142242 0.458201438 -16.761205673 0.016818427 0.998891532 0.015122599 0.041280899
74.727840 -14.498226166 0.458254844 -16.762693405 0.016332710 0.998860538 0.014882423 0.042300280
74.831850 -14.499306679 0.456406891 -16.764026642 0.016221812 0.998774886 0.015177260 0.044217881
74.935850 -14.496511459 0.457924277 -16.767894745 0.016361253 0.998675525 0.014892626 0.046450872
75.039850 -14.494174004 0.457843125 -16.770366669 0.016363295 0.998549163 0.014920353 0.049083222
75.143810 -14.494047165 0.456959784 -16.773393631 0.015986115 0.998385370 0.015070026 0.052383531
75.247810 -14.490630150 0.457557201 -16.777383804 0.015989022 0.998183548 0.015015983 0.056111567
75.351710 -14.488788605 0.457949400 -16.781568527 0.015889354 0.997944117 0.014835659 0.060290620
75.455730 -14.485274315 0.458590657 -16.786561966 0.015909133 0.997653723 0.014766254 0.064930029
75.559590 -14.484383583 0.459117651 -16.792942047 0.015751623 0.997272432 0.014735600 0.070586994
75.663570 -14.480541229 0.458692968 -16.798767090 0.015687827 0.996844888 0.014734617 0.076400273
75.767480 -14.477392197 0.457027584 -16.806285858 0.015590355 0.996311665 0.014932348 0.083048016
75.871360 -14.473776817 0.458605170 -16.813579559 0.015491213 0.995712578 0.014140418 0.090091512
75.975180 -14.469900131 0.458234668 -16.822656631 0.015260237 0.994954646 0.013254064 0.098268472
76.079100 -14.463910103 0.457983226 -16.835140228 0.014624071 0.994083524 0.012200020 0.106935650
76.182950 -14.457156181 0.457716405 -16.848062515 0.013947940 0.993094862 0.011773302 0.115885645
76.286810 -14.452529907 0.458316326 -16.862539291 0.013710874 0.991948962 0.012066072 0.125314310
76.390670 -14.446108818 0.459004730 -16.882511139 0.014365842 0.990621388 0.012698084 0.135283411
76.495070 -14.435381889 0.458530039 -16.902503967 0.014918824 0.989139616 0.013502551 0.145594910
76.598340 -14.425713539 0.459506094 -16.926021576 0.014554307 0.987340689 0.014039562 0.157319590
76.702070 -14.413504601 0.459589839 -16.950504303 0.013641900 0.985323489 0.015403019 0.169452846
76.805830 -14.400429726 0.460170448 -16.973976135 0.013721774 0.983094573 0.016365694 0.181848809
76.909690 -14.386861801 0.460248828 -17.000694275 0.014660099 0.980551004 0.017057918 0.194971576
77.013440 -14.371244431 0.460112661 -17.026115417 0.015102327 0.977684498 0.018370729 0.208728284
77.117090 -14.352237701 0.460588664 -17.052978516 0.015399775 0.974339306 0.019926846 0.223671034
77.220840 -14.333993912 0.461320877 -17.082471848 0.015801005 0.970294118 0.020602429 0.240531027
77.324460 -14.313401222 0.460637629 -17.109294891 0.015999027 0.965564609 0.020343166 0.258872747
77.428190 -14.286890030 0.461894274 -17.139400482 0.015554341 0.960040569 0.019015573 0.278780431
77.531820 -14.259860992 0.461472392 -17.170982361 0.014127419 0.953484118 0.017676013 0.300592691
77.635430 -14.225651741 0.461671561 -17.205226898 0.014001311 0.945907235 0.016811982 0.323698670
77.739080 -14.188713074 0.461152613 -17.243404388 0.016339084 0.936945438 0.016389403 0.348708540
77.842690 -14.145370483 0.463303208 -17.281417847 0.018451408 0.927246988 0.014892528 0.373698801
77.946530 -14.097010612 0.463699818 -17.320365906 0.019157361 0.916996956 0.013516805 0.398204595
78.050250 -14.042407036 0.462859899 -17.359046936 0.018941971 0.906153083 0.013378547 0.422313690
78.153970 -13.979319572 0.464482188 -17.401073456 0.019920375 0.894545019 0.013312927 0.446335196
78.257840 -13.910524368 0.465820462 -17.437191010 0.020229716 0.882552683 0.013992875 0.469569772
78.361560 -13.836619377 0.463390619 -17.477371216 0.019230776 0.869523585 0.015774269 0.493264735
78.465430 -13.757202148 0.464063346 -17.511854172 0.019120140 0.855940819 0.018117422 0.516402543
78.569310 -13.673468590 0.462628990 -17.546880722 0.019842070 0.841249645 0.021551782 0.539852560
78.673060 -13.582778931 0.464975446 -17.578514099 0.020022271 0.825896442 0.023279728 0.562985122
78.776930 -13.484121323 0.464324653 -17.607885361 0.019697813 0.810193479 0.025345365 0.585282981
78.880800 -13.382350922 0.464181185 -17.631790161 0.019782202 0.794307172 0.027287936 0.606580734
78.984860 -13.275317192 0.465138018 -17.652292252 0.019800628 0.778617680 0.028046211 0.626558721
79.088830 -13.163028717 0.464881480 -17.671630859 0.021513598 0.763350666 0.028852129 0.644980967
79.192960 -13.043554306 0.466595501 -17.679403305 0.021978149 0.750605345 0.027450835 0.659814358
79.297060 -12.918537140 0.467150807 -17.688640594 0.021818515 0.739259720 0.026174663 0.672557712
79.401310 -12.792094231 0.467346340 -17.692749023 0.022626983 0.729957700 0.024735121 0.682669699
79.505690 -12.659808159 0.466825873 -17.696704865 0.023758139 0.722597241 0.023939556 0.690446019
79.610070 -12.518777847 0.465865344 -17.699319839 0.023948452 0.716675878 0.023633160 0.696594357
79.714470 -12.375372887 0.464749992 -17.700609207 0.025069272 0.711368084 0.023610607 0.701975405
79.818800 -12.230755806 0.463483602 -17.698539734 0.026584223 0.706568360 0.023150722 0.706766188
79.923050 -12.081842422 0.460740864 -17.695123672 0.028306728 0.701287568 0.022243550 0.711968899
80.027420 -11.930046082 0.457466662 -17.686794281 0.029493434 0.696539879 0.021090494 0.716601312
80.131680 -11.768725395 0.453963995 -17.681058884 0.028538862 0.691784263 0.019635106 0.721272886
80.235930 -11.606204987 0.451786399 -17.671579361 0.027251767 0.688459396 0.017959535 0.724540174
80.340300 -11.439733505 0.448357284 -17.659040451 0.025715673 0.686679900 0.016087150 0.726326764
80.444550 -11.269049644 0.444310099 -17.646255493 0.024896754 0.685998261 0.015016396 0.727022052
80.548940 -11.095618248 0.440147102 -17.633775711 0.024221841 0.685859442 0.015177886 0.727172434
80.653190 -10.915561676 0.437723994 -17.623622894 0.024157424 0.685294926 0.015666265 0.727696300
80.757320 -10.734979630 0.433437169 -17.612537384 0.024212515 0.684195161 0.016208138 0.728716731
80.861430 -10.548011780 0.430481553 -17.601106644 0.024474600 0.682393789 0.016346928 0.730391979
80.965550 -10.358505249 0.426762879 -17.586406708 0.024669185 0.680749118 0.015930556 0.731927752
81.069680 -10.165583611 0.422854096 -17.570507050 0.024666220 0.679237068 0.015702251 0.733336210
81.173790 -9.971009254 0.418886781 -17.553714752 0.024269180 0.677393734 0.015392722 0.735059023
81.277810 -9.773916245 0.414383650 -17.537595749 0.023441426 0.675407767 0.016389333 0.736889541
81.381810 -9.572343826 0.409591794 -17.519083023 0.022827787 0.673461258 0.018343769 0.738642216
81.485930 -9.372119904 0.405217499 -17.499664307 0.022167398 0.671975374 0.019318117 0.739989579
81.589930 -9.165088654 0.402905583 -17.478843689 0.022569029 0.671183705 0.019041767 0.740702689
81.694050 -8.958501816 0.399430990 -17.460023880 0.023057992 0.671016634 0.017925937 0.740866840
81.798060 -8.745759010 0.395585805 -17.436744690 0.022631198 0.671712279 0.017487034 0.740259826
81.902180 -8.533756256 0.389687181 -17.414279938 0.021741178 0.672274113 0.018703591 0.739746571
82.006180 -8.319707870 0.385869980 -17.393083572 0.021741124 0.672391415 0.020014364 0.739605665
82.110180 -8.107547760 0.379736841 -17.374109268 0.021958610 0.672515988 0.021533571 0.739443302
82.214180 -7.897491455 0.375008196 -17.353296280 0.021184981 0.672815681 0.021155812 0.739204168
82.318180 -7.689246178 0.368895501 -17.332147598 0.021618864 0.673002064 0.021865094 0.739001155
82.422200 -7.477360249 0.362836272 -17.311855316 0.021442877 0.673240662 0.020848842 0.738818288
82.526180 -7.266302109 0.358645469 -17.293077469 0.022367187 0.673365474 0.020024119 0.738699973
82.630180 -7.059450150 0.355158627 -17.276142120 0.022201916 0.673301339 0.019605206 0.738774657
82.734050 -6.850133896 0.351086795 -17.257843018 0.021351591 0.673322320 0.020286299 0.738762200
82.838070 -6.640171528 0.345820814 -17.233549118 0.020648330 0.674007177 0.020869220 0.738141239
82.942060 -6.434029579 0.340209007 -17.214788437 0.020809654 0.674036145 0.020306092 0.738125920
83.046050 -6.224308014 0.336226016 -17.193595886 0.021952067 0.674466848 0.019864924 0.737711310
83.149930 -6.018516541 0.331248045 -17.175159454 0.022594286 0.674425364 0.019406492 0.737742066
83.253960 -5.810373306 0.325756937 -17.157611847 0.021180028 0.674502313 0.019704517 0.737705708
83.357930 -5.602863789 0.321076900 -17.137399673 0.019521585 0.674753368 0.020552816 0.737498760
83.461930 -5.395891666 0.317501098 -17.116130829 0.018375944 0.675134599 0.020611484 0.737177551
83.565930 -5.190936565 0.313210100 -17.097721100 0.017655455 0.675222516 0.019306671 0.737150013
83.669810 -4.988185883 0.308389187 -17.079317093 0.017972186 0.675279796 0.018833039 0.737102151
83.773690 -4.784283638 0.303627908 -17.060571671 0.017933965 0.675333977 0.018501518 0.737061799
83.877560 -4.579954147 0.299935907 -17.041631699 0.017534237 0.675385773 0.018687937 0.737019241
83.981560 -4.375428677 0.295255184 -17.021976471 0.017408952 0.675498962 0.019517295 0.736896932
84.085580 -4.169420242 0.291401088 -17.004152298 0.017780753 0.675526440 0.019663049 0.736859024
84.189660 -3.968142986 0.287708312 -16.986469269 0.019407414 0.675544977 0.019712796 0.736799657
84.293370 -3.764835358 0.281423390 -16.969778061 0.020626090 0.675243556 0.020483214 0.737021804
84.397140 -3.562445879 0.277169973 -16.950325012 0.021426329 0.674782872 0.021531010 0.737390935
84.500970 -3.359536171 0.273422807 -16.932926178 0.021143973 0.673667252 0.021972546 0.738405347
84.604690 -3.159581184 0.268241644 -16.914100647 0.021123383 0.672417581 0.022857767 0.739517391
84.708560 -2.961357117 0.266361684 -16.891397476 0.020908130 0.671448588 0.022249270 0.740421951
84.812320 -2.761820555 0.259800166 -16.870416641 0.019782361 0.670508742 0.021138316 0.741336524
84.916060 -2.565117359 0.254328430 -16.847763062 0.019703221 0.669622838 0.020215370 0.742164612
85.020090 -2.366778851 0.251911342 -16.827970505 0.019689092 0.668405056 0.019666709 0.743276656
85.123720 -2.166980982 0.249638602 -16.805566788 0.019471508 0.667823970 0.019585289 0.743806660
85.227440 -1.972066402 0.243864626 -16.783039093 0.018944597 0.667013407 0.020261904 0.744529128
85.331180 -1.772883058 0.239733070 -16.763208389 0.018674238 0.666018605 0.020403525 0.745422184
85.435100 -1.578504086 0.236180887 -16.736480713 0.018158166 0.666112304 0.020472085 0.745349288
85.538870 -1.382481456 0.232597247 -16.712785721 0.017122822 0.665820301 0.019498328 0.745660722
85.642600 -1.191249967 0.228746787 -16.688459396 0.017102698 0.665956378 0.019902062 0.745528996
85.746450 -1.001955390 0.220663443 -16.669366837 0.016178774 0.666069925 0.019421779 0.745460868
85.850400 -0.798674703 0.219558060 -16.640754700 0.016284307 0.666858554 0.018697884 0.744771719
85.954220 -0.604674816 0.215035275 -16.620975494 0.016772503 0.667305350 0.019375475 0.744343221
86.058060 -0.412464619 0.213151351 -16.599159241 0.018162040 0.668114364 0.020188965 0.743562937
86.161940 -0.213398218 0.207437322 -16.581853867 0.019527631 0.668645561 0.021068146 0.743026197
86.266420 -0.021527052 0.202752873 -16.559040070 0.021010123 0.669630706 0.022039704 0.742069781
86.369740 0.171843410 0.204491332 -16.547893524 0.021957628 0.669654429 0.022297071 0.742013216
86.473600 0.367224932 0.193065479 -16.519830704 0.020399554 0.671110392 0.023702875 0.740697563
86.577490 0.563391209 0.192516118 -16.500389099 0.019541916 0.672194183 0.023170464 0.739754140
86.681310 0.755745471 0.189138502 -16.480323792 0.019007152 0.672947586 0.022744004 0.739095986
86.785510 0.950996697 0.186355636 -16.459955215 0.019111572 0.674069703 0.021847192 0.738097191
86.889090 1.142704487 0.182759628 -16.439029694 0.019902278 0.674805641 0.020678498 0.737437189
86.992950 1.334195614 0.176233798 -16.417867661 0.020473152 0.675717831 0.019774567 0.736610591
87.096690 1.525879979 0.174993679 -16.406711578 0.021785676 0.676085711 0.019407699 0.736245096
87.200570 1.718148828 0.170645654 -16.390575409 0.022104232 0.676365077 0.019208642 0.735984206
87.304430 1.906403661 0.164706782 -16.372859955 0.021328509 0.676742375 0.020180382 0.735634148
87.408330 2.097784996 0.160652772 -16.355001450 0.020126175 0.676790237 0.020882975 0.735604405
87.512180 2.285457134 0.156873390 -16.338180542 0.018712329 0.676641226 0.020700989 0.735783935
87.616060 2.474681139 0.153853595 -16.326181412 0.017241506 0.675860882 0.019769998 0.736562252
87.719790 2.663741350 0.149887666 -16.309432983 0.015639318 0.675519764 0.017983163 0.736956596
87.823570 2.851189137 0.146204337 -16.288803101 0.014665644 0.675697088 0.016582215 0.736846924
87.927320 3.039720535 0.142034620 -16.271799088 0.013500019 0.675412595 0.015106379 0.737161696
88.031060 3.227429867 0.138282031 -16.252878189 0.013798982 0.675483108 0.014337237 0.737106919
88.135050 3.414802551 0.136802956 -16.236522675 0.013660787 0.675101817 0.012568829 0.737490952
88.238710 3.603356361 0.130991653 -16.219850540 0.014707522 0.674900234 0.013302602 0.737642467
88.342600 3.792533636 0.128112748 -16.203458786 0.014096248 0.674483895 0.016243562 0.737976313
88.446330 3.981688499 0.124353409 -16.187404633 0.013220872 0.674005330 0.019202163 0.738358498
88.550190 4.170704365 0.121267706 -16.168642044 0.013749436 0.673652947 0.020235417 0.738642752
88.653930 4.359119892 0.119480178 -16.149446487 0.015884815 0.673329830 0.019211551 0.738921821
88.757820 4.536314487 0.115191810 -16.131435394 0.017568044 0.673193216 0.018436197 0.739027977
88.861690 4.720488071 0.112030216 -16.114091873 0.017831033 0.673039019 0.017571433 0.739183187
88.965560 4.901604176 0.108554251 -16.096172333 0.018064888 0.672989368 0.017530961 0.739223659
89.069450 5.091841698 0.103483595 -16.080392838 0.018563632 0.672500551 0.018062519 0.739643276
89.173320 5.274525642 0.099240541 -16.063365936 0.020157838 0.672469676 0.018080663 0.739629149
89.277420 5.455417633 0.094023362 -16.049482346 0.022124156 0.672211349 0.018319625 0.739801943
89.381180 5.639640331 0.089567117 -16.026250839 0.023217119 0.672915757 0.018636204 0.739119768
89.485130 5.819946766 0.084922180 -16.010288239 0.022681715 0.673125982 0.019784110 0.738915086
89.588990 5.999088764 0.080145232 -15.992232323 0.021678653 0.673434496 0.021713069 0.738609910
89.692870 6.178968430 0.074790590 -15.974893570 0.021626092 0.673819602 0.022394139 0.738239765
89.796830 6.364088535 0.073049158 -15.960829735 0.021513076 0.674054146 0.021263551 0.738062382
89.900710 6.541083336 0.068727329 -15.942337990 0.021294544 0.674592137 0.019961027 0.737613380
90.004580 6.723182678 0.064960748 -15.925406456 0.020694248 0.675051093 0.019854078 0.737213373
90.108700 6.895730972 0.059315581 -15.909702301 0.019766036 0.675354362 0.020769456 0.736935794
90.212510 7.075497627 0.056071278 -15.892786026 0.019297374 0.675816894 0.021171741 0.736512661
90.316520 7.251492977 0.051867384 -15.878022194 0.019873524 0.676073253 0.021715067 0.736246169
90.420320 7.429058075 0.047234286 -15.862418175 0.019851521 0.676401317 0.021979291 0.735937536
90.524330 7.602880955 0.045265328 -15.847598076 0.019838767 0.676658213 0.021446638 0.735717416
90.628220 7.775521755 0.043244306 -15.830883980 0.018613236 0.677042425 0.021034721 0.735407770
90.732220 7.947003365 0.037277550 -15.818650246 0.018017899 0.677134395 0.021223016 0.735332549
90.836200 8.112611771 0.034846608 -15.803274155 0.017822834 0.677565575 0.021120794 0.734942973
90.940100 8.277612686 0.030756913 -15.790846825 0.016704658 0.677656293 0.021247182 0.734881938
91.044070 8.437123299 0.028183259 -15.777017593 0.015769016 0.677695632 0.021158289 0.734868884
91.148110 8.594574928 0.025437575 -15.765250206 0.016166564 0.677254975 0.021832697 0.735246658
91.251940 8.747125626 0.024365811 -15.751452446 0.016667249 0.676484764 0.021145027 0.735964298
91.355930 8.895145416 0.021497071 -15.737392426 0.016986528 0.675274253 0.020792510 0.737077892
91.459820 9.041245461 0.020773994 -15.724431992 0.016349006 0.673672855 0.019746175 0.738584936
91.563820 9.181646347 0.015576886 -15.708670616 0.015720297 0.672141731 0.018939890 0.740013242
91.667690 9.320075035 0.013597383 -15.693765640 0.016415555 0.670197308 0.018294005 0.741775870
91.771700 9.450126648 0.008444193 -15.678237915 0.017156599 0.667672694 0.018302703 0.744032204
91.875570 9.580659866 0.005619742 -15.660562515 0.018534629 0.664291382 0.018328078 0.747019053
91.979540 9.704124451 0.001772784 -15.644325256 0.019876251 0.660181224 0.018271662 0.750620961
92.083700 9.825332642 -0.001228742 -15.625791550 0.019981833 0.655559301 0.017795684 0.754669487
92.187280 9.941632271 -0.004683014 -15.606646538 0.020258153 0.650808871 0.017592426 0.758767426
92.291780 10.055263519 -0.009373572 -15.586297035 0.020072944 0.645404935 0.018099375 0.763362288
92.394820 10.162071228 -0.011416592 -15.563744545 0.019842738 0.639519215 0.018687742 0.768291771
92.498710 10.264438629 -0.014838018 -15.541580200 0.019371724 0.632890761 0.018169278 0.773785472
92.607140 10.364133835 -0.018349562 -15.516068459 0.018990260 0.625661790 0.016530296 0.779688001
92.706330 10.460731506 -0.022196427 -15.487830162 0.018240394 0.617810190 0.014959174 0.785973370
92.812670 10.556201935 -0.024097212 -15.459759712 0.018519167 0.609342575 0.015040224 0.792548060
92.913890 10.647970200 -0.026154108 -15.429224014 0.018074876 0.600310206 0.014466011 0.799432099
93.017610 10.736467361 -0.030785002 -15.398879051 0.017280335 0.590475202 0.013944327 0.806750238
93.121320 10.822540283 -0.034314923 -15.363661766 0.017263902 0.579676807 0.013161718 0.814557254
93.225060 10.905151367 -0.037616543 -15.329234123 0.017865444 0.567022979 0.011937320 0.823421657
93.328690 10.985910416 -0.038888007 -15.291175842 0.019751614 0.552572131 0.010922328 0.833159447
93.432440 11.062143326 -0.043969810 -15.250270844 0.020746095 0.536524951 0.010408772 0.843565166
93.536240 11.137929916 -0.047550388 -15.207341194 0.021554705 0.517905235 0.011994644 0.855082273
93.639690 11.208845139 -0.051239472 -15.161571503 0.021225292 0.496496260 0.013522200 0.867673934
93.743290 11.277016640 -0.054018326 -15.112010002 0.020101782 0.473627418 0.012572316 0.880406141
93.847210 11.340978622 -0.059451573 -15.056387901 0.018882576 0.450908512 0.010027431 0.892314076
93.950650 11.400648117 -0.063239112 -15.001320839 0.019228192 0.427188158 0.008033514 0.903922558
94.054400 11.460762024 -0.066569261 -14.942107201 0.020998282 0.402747571 0.007968768 0.915035486
94.158110 11.517233849 -0.071935147 -14.881654739 0.022094773 0.378279179 0.009344659 0.925380647
94.261830 11.568153381 -0.076713562 -14.814085960 0.020018565 0.354455948 0.007061081 0.934831738
94.365720 11.616524696 -0.079426870 -14.744432449 0.017480113 0.330098748 0.002523957 0.943781137
94.469450 11.658895493 -0.083532527 -14.671691895 0.014880686 0.305565864 -0.000009556 0.952054679
94.573250 11.701373100 -0.087221444 -14.597553253 0.011726950 0.280347079 0.000833116 0.959826708
94.677090 11.739240646 -0.089329250 -14.520285606 0.008888684 0.255874872 0.002201155 0.966666520
94.780820 11.768648148 -0.090570807 -14.440980911 0.005587249 0.231810525 0.000489874 0.972744763
94.884790 11.796607018 -0.095478669 -14.358701706 0.000809262 0.207018986 -0.004220144 0.978327513
94.988570 11.820084572 -0.097217679 -14.274830818 -0.000577628 0.182699651 -0.006059996 0.983149946
95.092440 11.842051506 -0.098358497 -14.193398476 0.000485560 0.158232003 -0.006611679 0.987379670
95.196460 11.861240387 -0.100399382 -14.107533455 0.001252198 0.136075690 -0.006292560 0.990677655
95.300440 11.877044678 -0.102116629 -14.019830704 0.001436275 0.116221659 -0.006390755 0.993201673
95.404570 11.887555122 -0.102785513 -13.929917336 0.001207596 0.097907595 -0.009551077 0.995148957
95.508570 11.896944046 -0.104085729 -13.838462830 0.001410569 0.080782071 -0.012528137 0.996652067
95.612820 11.904701233 -0.104665488 -13.745494843 0.001544757 0.066833228 -0.013436820 0.997672498
95.717080 11.911815643 -0.106412120 -13.649598122 0.000925613 0.055952288 -0.013802950 0.998337626
95.821210 11.919019699 -0.109022342 -13.549631119 0.000253598 0.045204438 -0.013909697 0.998880863
95.925440 11.923693657 -0.109892897 -13.449875832 0.000679455 0.036182623 -0.012673907 0.999264598
96.029700 11.929308891 -0.111947067 -13.345750809 0.001453775 0.028508233 -0.012574347 0.999513388
96.133950 11.931445122 -0.113552615 -13.240304947 0.001880998 0.021517506 -0.012789433 0.999684870
96.238190 11.932746887 -0.115682974 -13.130594254 0.002076201 0.014262319 -0.013355323 0.999806941
96.342320 11.930386543 -0.117275298 -13.018027306 0.002144071 0.007745415 -0.013101513 0.999881864
96.446460 11.928180695 -0.117775291 -12.899683952 0.002421748 0.000848192 -0.012703246 0.999916017
96.550570 11.925637245 -0.119315043 -12.781545639 0.002043311 -0.006246697 -0.011368630 0.999913752
96.654710 11.921794891 -0.122331716 -12.655386925 0.002327900 -0.012824370 -0.011310964 0.999851048
96.758950 11.914781570 -0.123635888 -12.528876305 0.002975265 -0.017710259 -0.011825992 0.999768794
96.863080 11.906307220 -0.126095086 -12.397129059 0.003674767 -0.021855598 -0.012838968 0.999671936
96.967200 11.897436142 -0.127549782 -12.264726639 0.004304426 -0.024838315 -0.012779771 0.999600530
97.071450 11.890054703 -0.129273415 -12.124032021 0.004610740 -0.026997879 -0.012696103 0.999544203
97.175570 11.882369995 -0.132630080 -11.981580734 0.004423041 -0.028754732 -0.011911782 0.999505699
97.279720 11.870831490 -0.134150594 -11.837841988 0.004022851 -0.029864164 -0.012064523 0.999473035
97.383810 11.859460831 -0.136605218 -11.692493439 0.003136227 -0.031033596 -0.011224761 0.999450386
97.487940 11.850927353 -0.138337418 -11.542419434 0.002018835 -0.032801442 -0.010659673 0.999403000
97.592070 11.839634895 -0.141615033 -11.393989563 0.000692713 -0.034124006 -0.010212284 0.999365151
97.696240 11.828220367 -0.144493639 -11.244522095 -0.000404216 -0.035857633 -0.010036682 0.999306440
97.800340 11.814773560 -0.145644724 -11.096848488 -0.001256730 -0.037219536 -0.009076955 0.999265134
97.904320 11.804361343 -0.148719341 -10.946082115 -0.001689060 -0.039268166 -0.007888110 0.999196112
98.008320 11.790592194 -0.150535896 -10.795797348 -0.001736537 -0.040887706 -0.006899894 0.999138415
98.112320 11.778211594 -0.153738156 -10.649143219 -0.001844094 -0.042721957 -0.006816882 0.999062002
98.216470 11.763012886 -0.156886727 -10.501260757 -0.001820621 -0.044173691 -0.006730235 0.998999536
98.320320 11.749046326 -0.157734841 -10.349355698 -0.001703618 -0.045849733 -0.006615879 0.998924971
98.424320 11.731076241 -0.159042463 -10.203133583 -0.001580166 -0.046262909 -0.007164606 0.998902380
98.528320 11.718971252 -0.161800548 -10.051239967 -0.001666063 -0.047285780 -0.007116209 0.998854637
98.632320 11.704494476 -0.162917107 -9.902647972 -0.001580625 -0.047667015 -0.007581572 0.998833239
98.736320 11.686944008 -0.166659772 -9.752627373 -0.001820140 -0.047501735 -0.007874073 0.998838484
98.840320 11.673619270 -0.169220224 -9.602939606 -0.002249787 -0.047859069 -0.007328143 0.998824716
98.944340 11.658151627 -0.169945300 -9.452540398 -0.002411724 -0.047879100 -0.007484853 0.998822153
99.048200 11.643545151 -0.171993405 -9.302826881 -0.003006641 -0.048089724 -0.007542368 0.998809993
99.152220 11.625582695 -0.173527777 -9.153457642 -0.003387225 -0.047928065 -0.007515429 0.998816788
99.256070 11.612333298 -0.174607515 -9.003967285 -0.003311381 -0.048070524 -0.007394089 0.998811066
99.360070 11.597829819 -0.176004216 -8.855456352 -0.003083883 -0.048130311 -0.007612283 0.998807311
99.464100 11.581952095 -0.179408759 -8.707853317 -0.002874048 -0.047520287 -0.007987386 0.998834193
99.567940 11.567591667 -0.180052117 -8.562809944 -0.002536479 -0.046884265 -0.007348944 0.998870075
99.671950 11.552040100 -0.182332039 -8.412447929 -0.002543480 -0.046205197 -0.007817578 0.998898149
99.775950 11.538147926 -0.185436577 -8.270368576 -0.002597417 -0.045529984 -0.007776004 0.998929322
99.879940 11.524631500 -0.185905486 -8.123679161 -0.002927861 -0.044987477 -0.006638091 0.998961210
99.983820 11.510575294 -0.188473269 -7.981412411 -0.003571532 -0.044291265 -0.006362728 0.998992026
100.087800 11.498490334 -0.189550623 -7.844209671 -0.004911248 -0.043737337 -0.007527921 0.999002635
100.191800 11.485129356 -0.191681519 -7.707526207 -0.004830021 -0.042997271 -0.007372456 0.999036312
100.295700 11.474011421 -0.194035366 -7.573906422 -0.003513286 -0.042922881 -0.006485726 0.999051154
100.399700 11.462298393 -0.195319772 -7.442756176 -0.002172579 -0.042730771 -0.006313700 0.999064326
100.503700 11.449411392 -0.197895408 -7.311964035 -0.000583350 -0.042195577 -0.007784378 0.999078870
100.607700 11.436089516 -0.199893877 -7.183125973 0.000261246 -0.042017225 -0.009195566 0.999074519
100.711600 11.425084114 -0.203026220 -7.051949978 0.000356216 -0.041973870 -0.009289365 0.999075472
100.815600 11.413203239 -0.205591217 -6.925530910 0.000585629 -0.041515034 -0.009549113 0.999092042
100.919600 11.403304100 -0.206827670 -6.796493053 0.001284139 -0.041561164 -0.009678315 0.999088287
101.023600 11.392777443 -0.211863562 -6.671953201 0.001440505 -0.041606694 -0.010159281 0.999081373
101.127400 11.379409790 -0.212610394 -6.546591282 0.002195886 -0.041456860 -0.011100839 0.999076188
101.231500 11.366952896 -0.214177251 -6.424544811 0.002457426 -0.041396461 -0.011809487 0.999069989
101.335400 11.355710030 -0.216866866 -6.298678398 0.002044817 -0.041699648 -0.011547761 0.999061346
101.439300 11.344404221 -0.220867053 -6.175976276 0.001589793 -0.041997626 -0.011139784 0.999054372
101.543300 11.333836555 -0.223201796 -6.053643703 0.001552145 -0.042474926 -0.010888427 0.999036968
101.647200 11.323206902 -0.225893542 -5.933514595 0.001891095 -0.043085326 -0.010591693 0.999013484
101.751200 11.310761452 -0.228656337 -5.811663628 0.002374950 -0.043866266 -0.010142820 0.998983085
101.855100 11.298699379 -0.231152982 -5.692730904 0.002859997 -0.044497922 -0.010424155 0.998951018
101.959100 11.287926674 -0.232688785 -5.571949482 0.003089678 -0.045457412 -0.010199871 0.998909414
102.062900 11.275284767 -0.236921459 -5.453380108 0.002738948 -0.046385407 -0.010058702 0.998869240
102.166900 11.264708519 -0.239583805 -5.335243702 0.002818196 -0.047623701 -0.009817919 0.998813093
102.270800 11.251811981 -0.243599266 -5.217144966 0.002576736 -0.048319556 -0.008940147 0.998788595
102.374800 11.238692284 -0.246102989 -5.097660542 0.002110125 -0.049322706 -0.008569774 0.998743892
102.478700 11.225649834 -0.248634964 -4.981441498 0.001598265 -0.050065119 -0.008565841 0.998707950
102.582700 11.213619232 -0.250516623 -4.868329048 0.001154526 -0.050944086 -0.008884063 0.998661339
102.686600 11.201595306 -0.252906263 -4.753772259 0.000659293 -0.051917769 -0.009040503 0.998610258
102.790600 11.188411713 -0.255643755 -4.641013145 0.000167457 -0.052498620 -0.009069007 0.998579800
102.894400 11.175572395 -0.257222772 -4.529439449 0.000230533 -0.052821849 -0.009027586 0.998563111
102.998500 11.164089203 -0.260412455 -4.420269966 0.000019865 -0.053077195 -0.009318581 0.998546958
103.102400 11.151547432 -0.261480063 -4.315534115 0.000097767 -0.052522134 -0.009855982 0.998571098
103.206500 11.140966415 -0.263266712 -4.212263107 0.000358266 -0.051961873 -0.009929335 0.998599648
103.310300 11.128563881 -0.265491694 -4.108377934 0.000408973 -0.051011946 -0.010447579 0.998643339
103.414300 11.117371559 -0.268692136 -4.006727219 0.000221921 -0.050347466 -0.009953947 0.998682141
103.518300 11.107643127 -0.270026177 -3.907693386 0.000601765 -0.049730286 -0.010009878 0.998712361
103.622300 11.098652840 -0.271049023 -3.814067364 0.001112881 -0.048976619 -0.009952161 0.998749733
103.726300 11.089323044 -0.272821873 -3.719853640 0.001179378 -0.048466060 -0.010060231 0.998773456
103.830300 11.079141617 -0.275692523 -3.627869129 0.001155677 -0.047810145 -0.010012863 0.998805583
103.934300 11.070492744 -0.277270883 -3.539968491 0.001206535 -0.047228221 -0.010452375 0.998828650
104.038400 11.062760353 -0.279400468 -3.453472137 0.000974677 -0.046781771 -0.010168112 0.998852909
104.142300 11.055518150 -0.280474395 -3.369050503 0.000915878 -0.046380345 -0.009715487 0.998876214
104.251000 11.047086716 -0.284218371 -3.288556814 0.000259334 -0.045850579 -0.009641099 0.998901784
104.350600 11.039481163 -0.285963118 -3.211305618 -0.000503644 -0.045358364 -0.010173744 0.998918831
104.455200 11.032783508 -0.287524074 -3.139430285 -0.000899653 -0.045036681 -0.010564733 0.998929083
104.558200 11.026465416 -0.289141953 -3.070653677 -0.000829852 -0.044653811 -0.010683132 0.998945057
104.662200 11.020426750 -0.290442526 -3.007378578 -0.000399386 -0.043984201 -0.010486447 0.998977125
104.766200 11.014833450 -0.292259216 -2.946837425 -0.000170160 -0.043785956 -0.009984364 0.998991013
104.870200 11.010379791 -0.293639153 -2.890100479 0.000039701 -0.043483019 -0.009820832 0.999005914
104.974200 11.004992485 -0.294374198 -2.834497213 0.000344305 -0.043286633 -0.009936498 0.999013186
105.078600 11.000226021 -0.296115965 -2.781267643 0.000773745 -0.043064520 -0.009731777 0.999024630
105.181900 10.995639801 -0.296728134 -2.729152203 0.001865256 -0.042864811 -0.009606712 0.999032974
105.286000 10.990758896 -0.298048556 -2.678266525 0.002592355 -0.042605564 -0.009207618 0.999046206
105.390000 10.986909866 -0.299601287 -2.626923561 0.002716281 -0.042499788 -0.009258904 0.999049902
105.494000 10.981610298 -0.300430894 -2.575167179 0.002485773 -0.042375207 -0.009210499 0.999056220
105.597900 10.977101326 -0.301459372 -2.524710417 0.002265788 -0.042236038 -0.008958716 0.999064922
105.701800 10.972942352 -0.302949816 -2.474827290 0.001984967 -0.042169105 -0.008729318 0.999070406
105.805700 10.968040466 -0.303210348 -2.424395561 0.002086381 -0.042110048 -0.008769537 0.999072313
105.909700 10.964339256 -0.304944754 -2.375538111 0.001841406 -0.042294960 -0.008687695 0.999065697
106.013700 10.959224701 -0.306186080 -2.326327801 0.001684177 -0.042340811 -0.008542679 0.999065280
106.117600 10.955890656 -0.306864291 -2.277072668 0.001860109 -0.043019570 -0.007793834 0.999042094
106.221500 10.951050758 -0.308007509 -2.228431940 0.001796634 -0.044478733 -0.007316764 0.998981893
106.325500 10.945859909 -0.308986485 -2.180215836 0.001780671 -0.046861593 -0.007203385 0.998873830
106.429300 10.939148903 -0.309884310 -2.131997585 0.001792791 -0.049832612 -0.007459202 0.998728156
106.533200 10.932298660 -0.311152577 -2.085143089 0.001978321 -0.053591914 -0.007655915 0.998531640
106.637700 10.925769806 -0.312578708 -2.038901806 0.001892126 -0.057348099 -0.008440918 0.998316765
106.741000 10.917943001 -0.313044518 -1.991317630 0.001902424 -0.060186978 -0.009464978 0.998140395
106.845000 10.910404205 -0.314048707 -1.944435120 0.002138532 -0.062468089 -0.010080973 0.997993767
106.949400 10.903781891 -0.314722896 -1.898143888 0.002350821 -0.064939901 -0.009614177 0.997840106
107.052900 10.898506165 -0.316460907 -1.853434324 0.002288517 -0.067468747 -0.009033113 0.997677863
107.156800 10.890479088 -0.317144841 -1.807027936 0.002460677 -0.069482386 -0.009740267 0.997532606
107.260700 10.881082535 -0.317744583 -1.759684205 0.002591821 -0.070515208 -0.011004342 0.997446597
107.364700 10.874780655 -0.318394989 -1.714611292 0.002898393 -0.070828006 -0.011907538 0.997413218
107.468800 10.868991852 -0.319101453 -1.670042515 0.003106596 -0.070463024 -0.011801324 0.997439742
107.572800 10.861078262 -0.321738422 -1.623390317 0.002803185 -0.069517754 -0.011853028 0.997506380
107.676800 10.854530334 -0.323291361 -1.578408599 0.002556867 -0.068605214 -0.011608478 0.997573078
107.780900 10.849967003 -0.322846323 -1.534250498 0.002589044 -0.067755170 -0.011276634 0.997634888
107.885000 10.843185425 -0.324308634 -1.489434838 0.002485677 -0.066207007 -0.011411809 0.997737527
107.989000 10.837320328 -0.325020969 -1.444873333 0.002759410 -0.064898625 -0.011369276 0.997823298
108.093000 10.832150459 -0.325907141 -1.401327610 0.002949275 -0.063532770 -0.010986562 0.997914910
108.197100 10.828600883 -0.326413542 -1.356473207 0.002912539 -0.062160131 -0.011161612 0.997999549
108.301100 10.823545456 -0.327436507 -1.313526273 0.002978365 -0.060052238 -0.010821271 0.998132110
108.405100 10.817616463 -0.328271091 -1.268898249 0.002955592 -0.057880871 -0.010815081 0.998260498
108.509100 10.815086365 -0.329318374 -1.225091577 0.003313796 -0.056084447 -0.010892647 0.998361111
108.613000 10.810171127 -0.330947727 -1.180001736 0.004123625 -0.053998817 -0.010991181 0.998471975
108.717000 10.807224274 -0.330525637 -1.128345132 0.005113381 -0.051788460 -0.010451511 0.998590291
108.821000 10.802547455 -0.332882702 -1.077741265 0.005113783 -0.049560796 -0.010378753 0.998704076
108.925000 10.798698425 -0.334633112 -1.024831533 0.004877335 -0.047362454 -0.009953642 0.998816252
109.028800 10.794137955 -0.337239593 -0.969825625 0.004558667 -0.044756763 -0.009693070 0.998940468
109.132800 10.790337563 -0.337326914 -0.911264300 0.004229252 -0.042235311 -0.008748193 0.999060452
109.236800 10.786835670 -0.337705493 -0.850990951 0.003685059 -0.039630760 -0.007969732 0.999175847
109.340700 10.783849716 -0.338900298 -0.791051745 0.002987859 -0.037192166 -0.007332068 0.999276757
109.444700 10.779072762 -0.340343028 -0.727141201 0.002635928 -0.034746546 -0.007122977 0.999367297
109.548600 10.775847435 -0.340633780 -0.662265956 0.002439386 -0.032605737 -0.007040422 0.999440491
109.652600 10.771683693 -0.342330635 -0.595625162 0.001850485 -0.030353455 -0.007132731 0.999512076
109.756500 10.766996384 -0.343652219 -0.526921391 0.001241921 -0.028194310 -0.006688619 0.999579310
109.860500 10.762044907 -0.343806207 -0.456108630 0.001351729 -0.026121935 -0.005720551 0.999641478
109.964400 10.760128021 -0.346088082 -0.384193301 0.002146103 -0.024955230 -0.004748484 0.999674976
110.068200 10.758363724 -0.349427670 -0.312342584 0.003060869 -0.024459979 -0.003900100 0.999688506
110.172100 10.755626678 -0.349911302 -0.236122072 0.004350401 -0.023944736 -0.004637200 0.999693096
110.276000 10.751810074 -0.350292027 -0.158216298 0.004409216 -0.022553466 -0.006514024 0.999714673
110.380000 10.746772766 -0.353165656 -0.081324846 0.003536837 -0.019697424 -0.009071677 0.999758601
110.484000 10.745344162 -0.354534060 -0.001462191 0.003077221 -0.015625130 -0.007766764 0.999843001
110.587800 10.747453690 -0.355713189 0.079201326 0.003131068 -0.011926115 -0.003381362 0.999918282
110.691700 10.749030113 -0.359387517 0.155814022 0.004432996 -0.010265915 0.000975871 0.999936998
110.795600 10.746000290 -0.362343669 0.232689381 0.006225365 -0.012025043 0.002452673 0.999905288
110.899200 10.740235329 -0.365436763 0.309496284 0.007237337 -0.018036254 0.000618618 0.999810934
111.002900 10.730504990 -0.366470516 0.383113772 0.009076336 -0.026134331 -0.002297953 0.999614596
111.106600 10.720632553 -0.367915779 0.455850959 0.010694945 -0.035070933 -0.005745886 0.999311090
111.210200 10.710006714 -0.369267434 0.529043734 0.011508143 -0.044614837 -0.005979727 0.998920083
111.314000 10.700763702 -0.371464670 0.600895107 0.011110927 -0.056331869 -0.004339189 0.998340845
111.417700 10.685529709 -0.373768926 0.673674166 0.008083149 -0.068325989 -0.004791040 0.997618794
111.521300 10.667979240 -0.376142830 0.743266642 0.005012628 -0.081026778 -0.007370606 0.996672094
111.625100 10.649836540 -0.377999753 0.810817361 0.003177964 -0.094202742 -0.010014980 0.995497584
111.728700 10.630904198 -0.378980726 0.877519011 0.002035808 -0.107296079 -0.010944778 0.994164824
111.832500 10.610269547 -0.379901409 0.944947720 0.000439270 -0.119486861 -0.011378341 0.992770493
111.936400 10.592571259 -0.382712752 1.008524776 -0.001234182 -0.129920751 -0.011626274 0.991455436
112.040200 10.568178177 -0.383346081 1.074499846 -0.002519400 -0.136400938 -0.013892245 0.990553081
112.144200 10.542924881 -0.383343875 1.142086148 -0.004120636 -0.140219703 -0.017119039 0.989963830
112.248300 10.526448250 -0.385454446 1.203333735 -0.005317611 -0.141347960 -0.019459492 0.989754438
112.352500 10.507678986 -0.384935617 1.269027591 -0.005284079 -0.138883755 -0.019854344 0.990095556
112.456700 10.492725372 -0.385954171 1.332212090 -0.005571570 -0.134965107 -0.018641967 0.990659297
112.561000 10.475032806 -0.385358274 1.397170663 -0.007079043 -0.130670920 -0.015682366 0.991276503
112.665100 10.463299751 -0.384688288 1.450965405 -0.007829276 -0.125716612 -0.014931235 0.991922915
112.769200 10.453178406 -0.385258049 1.498148680 -0.008540143 -0.120509960 -0.015448549 0.992555201
112.873300 10.444321632 -0.385692745 1.537357092 -0.008604596 -0.115666129 -0.015670946 0.993127227
112.977500 10.439214706 -0.386320323 1.569403052 -0.008094596 -0.110811219 -0.015366571 0.993689716
113.081600 10.437183380 -0.386484385 1.594240904 -0.007594569 -0.107044533 -0.013808592 0.994129360
113.185700 10.435392380 -0.386611402 1.612122774 -0.006959202 -0.104575679 -0.013144961 0.994405687
113.289700 10.433751106 -0.386761367 1.623182297 -0.006610902 -0.102770098 -0.013315723 0.994594038
113.393700 10.432080269 -0.386900574 1.627765179 -0.005967302 -0.101759166 -0.013635353 0.994697690
113.497700 10.433372498 -0.386337519 1.627714157 -0.005805833 -0.102100439 -0.013420399 0.994666636
113.601700 10.433931351 -0.387103230 1.625034928 -0.004780830 -0.102298267 -0.013822525 0.994646251
113.705700 10.433113098 -0.388588458 1.623696804 -0.002152112 -0.101994649 -0.013928666 0.994685113
113.809700 10.433054924 -0.389335364 1.624143124 -0.000714401 -0.102210052 -0.013923041 0.994665146
113.913600 10.432906151 -0.389113426 1.624101400 -0.001309074 -0.102149904 -0.013658097 0.994674385
114.017600 10.433523178 -0.388467580 1.623362780 -0.001688249 -0.102041759 -0.013615397 0.994685471
114.121600 10.433165550 -0.388566375 1.624397516 -0.001883669 -0.102200769 -0.013565428 0.994669497
114.225600 10.433146477 -0.388519168 1.624444008 -0.002124346 -0.102101624 -0.013707377 0.994677246
114.329600 10.432996750 -0.388027340 1.624158859 -0.001926515 -0.102065727 -0.013860074 0.994679213
