1341848029.050751 -0.012680673 -0.003051065 0.001382565 -0.000694500 0.002524567 -0.003683078 0.999989808
1341848029.082877 -0.017519666 -0.000033611 0.001923075 0.001518778 0.002973886 -0.003568411 0.999988019
1341848029.118800 -0.021948293 0.000389130 0.001665636 0.000814656 0.002602196 -0.002020997 0.999994218
1341848029.150715 -0.021952365 0.000022816 0.001765613 -0.000787675 0.001570959 -0.003338226 0.999992847
1341848029.182676 -0.034614991 -0.000201397 0.003821805 -0.002476153 0.006471271 -0.004514958 0.999965787
1341848029.218708 -0.045643691 -0.000040255 0.005607739 -0.003422053 0.009804260 -0.004957717 0.999933779
1341848029.250626 -0.049332190 -0.000055684 0.005562197 -0.004366712 0.010287022 -0.006449566 0.999916732
1341848029.286969 -0.052911595 0.000957136 0.005286040 -0.003939925 0.012050239 -0.007934250 0.999888122
1341848029.320225 -0.058131419 0.003319338 0.004915244 -0.003744258 0.014988009 -0.007845173 0.999849856
1341848029.350954 -0.073025621 0.003746078 0.007727856 -0.003563209 0.019319404 -0.005133567 0.999793828
1341848029.386923 -0.077396676 0.004279948 0.004424440 -0.003353268 0.019742684 -0.005127158 0.999786317
1341848029.418757 -0.083405919 0.005325227 0.004368362 -0.003721531 0.022738386 -0.004270014 0.999725401
1341848029.450819 -0.094841689 0.008027493 0.004310260 -0.001948095 0.026768547 -0.002221397 0.999637306
1341848029.486788 -0.101374850 0.008437351 0.001981166 -0.001815307 0.028692458 -0.001392031 0.999585688
1341848029.518925 -0.106809802 0.008798542 0.000512792 -0.001435124 0.031540088 -0.000494381 0.999501348
1341848029.554721 -0.114693820 0.011613873 0.001171561 0.000878544 0.034669325 0.002272316 0.999395847
1341848029.586990 -0.121522136 0.014127844 -0.004238419 0.002388296 0.035570201 0.004439198 0.999354482
1341848029.618715 -0.127587661 0.015593306 -0.006737679 0.002073805 0.037852138 0.007753559 0.999251127
1341848029.655302 -0.136796683 0.016164824 -0.006746515 0.001876113 0.042080633 0.010582989 0.999056399
1341848029.686830 -0.129580736 0.018990960 -0.010763885 0.004038935 0.039792679 0.012673761 0.999119401
1341848029.718752 -0.136420935 0.020906704 -0.013290395 0.002895245 0.043585517 0.014313710 0.998942971
1341848029.754791 -0.143446088 0.022826796 -0.012877125 0.002754968 0.047037940 0.016999889 0.998744607
1341848029.786949 -0.150855660 0.024041314 -0.016916085 0.003310306 0.049165480 0.019157352 0.998601437
1341848029.822778 -0.157938585 0.025969213 -0.020086786 0.002180285 0.052432209 0.020622645 0.998409152
1341848029.854811 -0.161029816 0.030674314 -0.020775283 0.003486157 0.054261260 0.023113200 0.998253167
1341848029.887992 -0.168678924 0.033547819 -0.022709692 0.003864276 0.057208616 0.026433136 0.998004794
1341848029.922779 -0.175233424 0.034844592 -0.026089685 0.002287811 0.059710458 0.027721817 0.997828126
1341848029.954640 -0.181136355 0.037355442 -0.026235498 0.001604822 0.062956423 0.030096566 0.997561097
1341848029.990762 -0.187628031 0.038641792 -0.028677393 0.001311155 0.065825909 0.032273166 0.997308195
1341848030.022873 -0.193224236 0.042035721 -0.030066336 0.000857920 0.068112247 0.033606734 0.997111142
1341848030.054776 -0.199568868 0.044319142 -0.030581210 0.000168560 0.070657521 0.034969416 0.996887445
1341848030.090782 -0.205396578 0.046352874 -0.031561259 0.000393508 0.073447347 0.035784770 0.996656835
1341848030.122796 -0.210617572 0.048079014 -0.032940477 0.000213037 0.075978830 0.036899801 0.996426404
1341848030.154918 -0.217315793 0.048850570 -0.033506654 -0.000984557 0.079423487 0.038549867 0.996094823
1341848030.190683 -0.219694823 0.049905144 -0.033765636 -0.001572313 0.081577428 0.039253298 0.995892465
1341848030.222713 -0.224328861 0.050818946 -0.034012642 -0.002646638 0.085326247 0.040304612 0.995534003
1341848030.258930 -0.229573756 0.052011885 -0.034454908 -0.002866705 0.089443944 0.041079435 0.995140195
1341848030.290864 -0.235761851 0.052395128 -0.034389734 -0.004478009 0.093421608 0.042769574 0.994697511
1341848030.322775 -0.240371451 0.053469807 -0.034329493 -0.005363568 0.096089467 0.043284096 0.994416654
1341848030.358886 -0.245240226 0.055682246 -0.033673901 -0.006628068 0.100368984 0.044721011 0.993922591
1341848030.390832 -0.251629680 0.055304296 -0.031424023 -0.007494355 0.104609616 0.046843473 0.993381262
1341848030.422795 -0.254960448 0.059104454 -0.032346275 -0.007390655 0.106943272 0.047709618 0.993092239
1341848030.458888 -0.262786448 0.057755608 -0.029533807 -0.008739241 0.111213565 0.049963396 0.992501259
1341848030.490846 -0.266835064 0.060289185 -0.029455524 -0.008748151 0.113007657 0.049936414 0.992299914
1341848030.526716 -0.270893931 0.059599996 -0.026946977 -0.010186899 0.116057940 0.051393423 0.991859615
1341848030.565795 -0.276150614 0.059969608 -0.025206912 -0.009843836 0.118933022 0.053562213 0.991407633
1341848030.590919 -0.281120390 0.060730081 -0.024750236 -0.009712685 0.121824592 0.055667128 0.990941763
1341848030.626961 -0.287085116 0.061928347 -0.023914218 -0.009892934 0.125010937 0.058258250 0.990394056
1341848030.658903 -0.292649776 0.062248569 -0.022328995 -0.009074422 0.126957625 0.062194206 0.989914775
1341848030.690656 -0.299365401 0.062256657 -0.021583997 -0.007903472 0.128849059 0.065426789 0.989471972
1341848030.726765 -0.307206750 0.062057313 -0.019376010 -0.007513031 0.132212058 0.068427712 0.988828182
1341848030.758759 -0.313205540 0.060990877 -0.016887628 -0.006599489 0.135793597 0.072028339 0.988093317
1341848030.794692 -0.317679018 0.061982948 -0.017715372 -0.004542137 0.138872951 0.073810734 0.987545252
1341848030.827483 -0.325035870 0.060858157 -0.016625553 -0.003306197 0.142411992 0.076466039 0.986843884
1341848030.859838 -0.332500786 0.062777698 -0.018340647 -0.000740758 0.144882217 0.081153654 0.986114919
1341848030.894711 -0.340663403 0.063031621 -0.017035410 -0.000662041 0.147766650 0.087894589 0.985108674
1341848030.926741 -0.347796947 0.059708130 -0.015085034 -0.000984738 0.149293408 0.094079807 0.984306633
1341848030.958727 -0.352491170 0.058254439 -0.015355594 0.001373314 0.150904253 0.096444599 0.983831525
1341848030.994735 -0.360703945 0.057243783 -0.015688017 0.003426822 0.155601695 0.099492013 0.982790768
1341848031.026698 -0.369527340 0.057551939 -0.014461145 0.005237178 0.157476678 0.103001669 0.982122362
1341848031.062783 -0.377058834 0.056706391 -0.013557822 0.007103319 0.157355100 0.107741848 0.981621385
1341848031.094761 -0.384990156 0.056706380 -0.014942043 0.007805744 0.158881113 0.112578057 0.980827212
1341848031.126776 -0.393960774 0.054543391 -0.012526974 0.007968660 0.160059795 0.115263149 0.980322301
1341848031.162860 -0.401233822 0.054785419 -0.013218693 0.009310144 0.158807665 0.117329687 0.980268955
1341848031.194685 -0.407188177 0.055302154 -0.013998091 0.009716633 0.158666432 0.119502217 0.980025411
1341848031.230953 -0.414365888 0.055612843 -0.012994744 0.009440692 0.159485832 0.121246830 0.979680717
1341848031.262715 -0.420765281 0.056122456 -0.013982601 0.009867642 0.159036934 0.122435942 0.979601622
1341848031.294747 -0.428157657 0.056555346 -0.012659773 0.008242410 0.159378931 0.125311896 0.979197323
1341848031.330754 -0.432694256 0.054022051 -0.010508150 0.006233723 0.159503803 0.126360357 0.979057074
1341848031.363008 -0.437927097 0.053199556 -0.010659769 0.007314062 0.160727262 0.126598224 0.978818774
1341848031.394753 -0.443214685 0.053332090 -0.010981187 0.008077805 0.162741974 0.126544476 0.978486717
1341848031.430611 -0.448890090 0.051994368 -0.009894371 0.008302312 0.165452719 0.126938656 0.977979064
1341848031.472150 -0.453097343 0.052473806 -0.009901762 0.009850527 0.167191818 0.126874477 0.977677166
1341848031.502110 -0.457546592 0.051134754 -0.011597827 0.008618010 0.169941306 0.125897899 0.977340996
1341848031.538148 -0.460691363 0.051294617 -0.010352477 0.009250410 0.172875062 0.126346797 0.976762593
1341848031.562876 -0.465547621 0.050682444 -0.013531342 0.009669099 0.175480127 0.127557650 0.976136386
1341848031.598730 -0.469057381 0.050416376 -0.013602391 0.008582649 0.178755090 0.129064322 0.975353956
1341848031.630816 -0.474360615 0.050385650 -0.012957290 0.009184842 0.181771919 0.130616084 0.974584043
1341848031.662784 -0.478034079 0.050606363 -0.013600037 0.010015997 0.184289128 0.131718218 0.973954618
1341848031.698757 -0.484135181 0.051100351 -0.014304399 0.010229602 0.188099891 0.131914526 0.973196983
1341848031.730668 -0.487682760 0.050877746 -0.013897300 0.012143853 0.190727040 0.132675588 0.972559988
1341848031.766658 -0.493172646 0.051700894 -0.016178757 0.014687570 0.194193006 0.132929787 0.971803963
1341848031.798743 -0.499594659 0.053463873 -0.017762825 0.015282917 0.198484182 0.134869680 0.970659852
1341848031.830821 -0.503135860 0.054390978 -0.018396854 0.016837055 0.201000333 0.139468610 0.969465792
1341848031.866735 -0.508155882 0.054274514 -0.020584196 0.017825656 0.204911098 0.141588181 0.968321502
1341848031.898722 -0.512738228 0.053955648 -0.020352140 0.018667610 0.209214300 0.142613187 0.967234373
1341848031.930844 -0.518163085 0.055155795 -0.022920653 0.021088807 0.211946070 0.145889908 0.966100514
1341848031.966694 -0.525191009 0.056151360 -0.024455786 0.021285029 0.214412987 0.148258701 0.965190887
1341848031.998742 -0.530100703 0.055191528 -0.024499670 0.020992368 0.218419969 0.148731962 0.964225531
1341848032.034711 -0.536272705 0.057699520 -0.023327380 0.023646936 0.222103521 0.148695603 0.963327765
1341848032.066718 -0.541333318 0.058725510 -0.027060494 0.023417013 0.223754272 0.149857864 0.962771118
1341848032.098732 -0.549451292 0.059737351 -0.026354894 0.024313705 0.225791916 0.152442172 0.961867034
1341848032.134739 -0.556297004 0.060731862 -0.025802210 0.024861170 0.227058128 0.152058169 0.961615741
1341848032.166964 -0.562410057 0.063099138 -0.027506217 0.024895508 0.228993192 0.152562663 0.961075962
1341848032.203043 -0.568782151 0.063294359 -0.026538417 0.024991525 0.229982793 0.153578594 0.960675299
1341848032.234663 -0.575613201 0.064286016 -0.028581172 0.025306465 0.230558991 0.154549763 0.960373104
1341848032.266730 -0.578969479 0.065439172 -0.028636038 0.023661468 0.232006878 0.155086756 0.959979713
1341848032.302842 -0.584751129 0.065556720 -0.026013553 0.024294240 0.233737618 0.155301467 0.959509194
1341848032.334617 -0.591096461 0.066809744 -0.028772920 0.024873355 0.235250890 0.155443743 0.959101439
1341848032.366699 -0.597858369 0.067708462 -0.028855726 0.023367038 0.238325328 0.155326471 0.958398998
1341848032.402980 -0.602077127 0.068970799 -0.030008405 0.025595261 0.240081191 0.156165376 0.957767308
1341848032.434730 -0.607944548 0.070995510 -0.030347124 0.027388964 0.242259428 0.156623438 0.957094193
1341848032.470791 -0.612026334 0.071102068 -0.031443775 0.027786957 0.243053436 0.157231361 0.956781685
1341848032.502972 -0.618084610 0.070851684 -0.031617031 0.028663652 0.243997678 0.158308133 0.956337810
1341848032.534733 -0.623842120 0.070679553 -0.032996237 0.029615125 0.245198265 0.159596846 0.955787420
1341848032.570910 -0.628586054 0.069954917 -0.033095866 0.029921321 0.246475041 0.160424262 0.955310822
1341848032.603044 -0.634732723 0.071106941 -0.031768769 0.032815214 0.246368125 0.159569576 0.955386519
1341848032.634746 -0.639661491 0.071824901 -0.031620890 0.035900660 0.246604577 0.159147948 0.955284894
1341848032.670780 -0.646464467 0.069840141 -0.032189876 0.037170064 0.248498008 0.157967567 0.954941571
1341848032.702791 -0.653134942 0.068493105 -0.032613844 0.039076038 0.249093324 0.157461390 0.954793930
1341848032.738725 -0.661085546 0.069063962 -0.033695281 0.040870853 0.249373838 0.158239558 0.954516888
1341848032.770741 -0.666471004 0.068371497 -0.033566028 0.039772037 0.249169767 0.158196852 0.954623699
1341848032.802941 -0.672393918 0.066749692 -0.032075316 0.040358875 0.249529973 0.158760339 0.954411387
1341848032.838781 -0.680768251 0.067538679 -0.033388078 0.042257030 0.248716235 0.158069849 0.954656184
1341848032.870732 -0.687204003 0.068373293 -0.028902054 0.041973460 0.249464288 0.158342719 0.954428315
1341848032.902707 -0.691458344 0.065657325 -0.029180080 0.041782707 0.248889774 0.160762802 0.954182088
1341848032.938845 -0.697962761 0.064635679 -0.028314412 0.041445520 0.249889061 0.161142766 0.953871489
1341848032.970816 -0.702976227 0.064072832 -0.025497049 0.039909106 0.251380682 0.160281807 0.953690052
1341848033.006687 -0.707753360 0.063461527 -0.022300690 0.040638957 0.253143370 0.161351770 0.953012347
1341848033.039238 -0.713477969 0.061241195 -0.020317525 0.041215200 0.254720271 0.162693575 0.952339053
1341848033.070841 -0.717589259 0.061117474 -0.016598731 0.042441715 0.256778538 0.162179306 0.951820016
1341848033.106948 -0.721733451 0.059702620 -0.014400810 0.043834340 0.259751171 0.162840366 0.950836957
1341848033.139110 -0.728195190 0.058889866 -0.013182163 0.046125688 0.261817515 0.164909914 0.949804604
1341848033.170741 -0.735799193 0.057799745 -0.010326415 0.046189781 0.263833791 0.168114930 0.948680997
1341848033.206854 -0.737668633 0.056180444 -0.007940531 0.045043033 0.264615089 0.171759591 0.947865307
1341848033.238728 -0.742438853 0.053965878 -0.003781199 0.045286484 0.267575383 0.173660010 0.946675658
1341848033.274940 -0.749779522 0.054008991 -0.003358960 0.045242902 0.270210505 0.174023271 0.945862174
1341848033.306665 -0.752125442 0.053636447 0.000251949 0.044258177 0.272195876 0.176174164 0.944940865
1341848033.338836 -0.758272529 0.052653063 0.002734423 0.044491801 0.274836421 0.178688884 0.943692565
1341848033.374810 -0.763252497 0.052068282 0.005122572 0.043116014 0.276924819 0.179250121 0.943039298
1341848033.406805 -0.767065406 0.050885450 0.009531409 0.042905979 0.278883129 0.179723725 0.942381382
1341848033.443097 -0.773183227 0.050776653 0.010713249 0.044349220 0.280109227 0.180839449 0.941737294
1341848033.474671 -0.777490377 0.048725381 0.012226194 0.043297678 0.281424642 0.182098448 0.941151202
1341848033.506807 -0.781736493 0.047766276 0.016209096 0.043265972 0.283002883 0.183174342 0.940470397
1341848033.542876 -0.786613405 0.045499578 0.017583966 0.043915212 0.283642381 0.184305012 0.940026641
1341848033.574826 -0.790797949 0.044791441 0.018356949 0.044078093 0.285009295 0.185969725 0.939277411
1341848033.606870 -0.793540955 0.043289453 0.019457459 0.043641225 0.286696017 0.189298287 0.938118815
1341848033.642934 -0.797264218 0.042025536 0.021671534 0.044643816 0.286907852 0.191256553 0.937609553
1341848033.674924 -0.801777482 0.040924370 0.021997243 0.044469204 0.287864149 0.192151502 0.937141657
1341848033.710808 -0.807206035 0.037574295 0.024605453 0.043580573 0.290011138 0.194590554 0.936017513
1341848033.742797 -0.811631680 0.035835437 0.026744276 0.045218095 0.290377736 0.196475536 0.935432255
1341848033.774817 -0.813904285 0.033918351 0.026804239 0.045782246 0.290450215 0.196111053 0.935458779
1341848033.811114 -0.816019416 0.033596531 0.027015179 0.045306448 0.292311549 0.197366774 0.934637725
1341848033.842774 -0.820669770 0.032881495 0.029117197 0.046274181 0.293863595 0.199375376 0.933676779
1341848033.874878 -0.825230718 0.031288307 0.029607534 0.046213325 0.294781625 0.201374888 0.932961047
1341848033.911229 -0.827325463 0.030705046 0.031229556 0.046224706 0.297868490 0.203445867 0.931529582
1341848033.942752 -0.831881583 0.031699032 0.032829195 0.048181597 0.303653568 0.202936292 0.929671943
1341848033.978916 -0.833243489 0.029264383 0.032384425 0.050038919 0.308095515 0.203577459 0.927970588
1341848034.010755 -0.837559223 0.031266648 0.033841133 0.053419717 0.314343184 0.203300163 0.925744951
1341848034.042713 -0.843293548 0.027490813 0.032535911 0.053736940 0.321741462 0.205715775 0.922646105
1341848034.078802 -0.844773173 0.027897216 0.031611860 0.055768259 0.324155867 0.209921628 0.920731127
1341848034.110771 -0.848326087 0.026327001 0.031452149 0.058246899 0.327170610 0.212742507 0.918861985
1341848034.142710 -0.851625383 0.029310184 0.028735280 0.061802533 0.334185272 0.214913189 0.915594280
1341848034.178809 -0.854201555 0.026268300 0.030763358 0.062472787 0.339546382 0.216210842 0.913267910
1341848034.210696 -0.858001292 0.025955994 0.028721571 0.064326063 0.341690540 0.219071865 0.911656320
1341848034.246723 -0.864041448 0.025659803 0.025893152 0.064532071 0.345325917 0.223854646 0.909106553
1341848034.278739 -0.867671251 0.024870303 0.029039949 0.065910093 0.349431336 0.226070225 0.906888008
1341848034.318061 -0.872805715 0.024606798 0.028295875 0.068165451 0.352485478 0.227383241 0.905209541
1341848034.353785 -0.879068494 0.024872808 0.028226733 0.069440372 0.355771720 0.230649039 0.902998090
1341848034.386162 -0.884319067 0.024789792 0.026991665 0.070709340 0.356667340 0.233545840 0.901800931
1341848034.421769 -0.891309023 0.024048639 0.026868761 0.071273632 0.358629763 0.235126317 0.900566697
1341848034.453838 -0.897123992 0.023428580 0.027035058 0.070619687 0.360757828 0.236644447 0.899369836
1341848034.485678 -0.902965963 0.025016848 0.026241183 0.071796693 0.361386299 0.237132564 0.898895621
1341848034.521747 -0.910899997 0.026442923 0.027274519 0.072885133 0.362233043 0.235972807 0.898772359
1341848034.553684 -0.918741941 0.027070303 0.027800679 0.072450548 0.363580465 0.235371828 0.898420990
1341848034.585774 -0.924278140 0.027101163 0.028602093 0.071640022 0.362873465 0.235940322 0.898622692
1341848034.653784 -0.940958381 0.029262928 0.032539636 0.068444952 0.363454074 0.236896068 0.898385584
1341848034.683883 -0.946120918 0.029401641 0.033796340 0.066894427 0.364191532 0.238252595 0.897844851
1341848034.715163 -0.955295205 0.029888757 0.036717772 0.066928871 0.365234971 0.238944024 0.897234440
1341848034.746742 -0.962371409 0.033122409 0.039428562 0.066528015 0.364719659 0.239343107 0.897367537
1341848034.782798 -0.967755973 0.032707796 0.041671574 0.064902984 0.365055293 0.241195276 0.896853983
1341848034.814737 -0.972997487 0.032513030 0.042212605 0.064332232 0.365478069 0.241251484 0.896707833
1341848034.846851 -0.981385648 0.035325419 0.044622779 0.063900746 0.365874320 0.240220979 0.896853685
1341848034.882707 -0.985523701 0.034448121 0.048441410 0.062497512 0.367226005 0.241473511 0.896063387
1341848034.914816 -0.989862919 0.036728121 0.049313396 0.061966613 0.367963582 0.241953313 0.895668209
1341848034.951491 -0.993966281 0.037383627 0.050755531 0.060673941 0.369616866 0.241685346 0.895148158
1341848034.983028 -0.998308301 0.036959179 0.052212566 0.059417855 0.371597409 0.242626429 0.894157350
1341848035.014942 -1.002725363 0.037503872 0.054705948 0.058501642 0.373252720 0.243761063 0.893219173
1341848035.050945 -1.003801107 0.037981417 0.056644142 0.057780892 0.373173922 0.245366529 0.892859340
1341848035.084295 -1.008504748 0.035089675 0.058610439 0.056918520 0.374725670 0.245542720 0.892216146
1341848035.118886 -1.014358878 0.038473867 0.060218185 0.056432620 0.376334101 0.245238170 0.891653657
1341848035.150978 -1.017634869 0.038119223 0.065073460 0.054907795 0.376731932 0.246815473 0.891145527
1341848035.183874 -1.020869136 0.036314052 0.066120028 0.053981818 0.376385212 0.246947885 0.891311884
1341848035.218946 -1.026316762 0.039060276 0.070298553 0.054494046 0.378796518 0.246490046 0.890385449
1341848035.251174 -1.029365897 0.036366679 0.072288036 0.053362478 0.379581928 0.246541709 0.890105128
1341848035.284261 -1.032926202 0.032749623 0.075904548 0.053979672 0.379575253 0.248093054 0.889639616
1341848035.319914 -1.036486387 0.032842290 0.077930808 0.055666510 0.380269557 0.249788865 0.888764203
1341848035.350991 -1.040800571 0.029284127 0.079964250 0.056087509 0.380757213 0.250982851 0.888192415
1341848035.422709 -1.049695253 0.027664661 0.085145295 0.059630875 0.381615132 0.253923178 0.886756480
1341848035.453465 -1.051024556 0.024565130 0.089265913 0.060346965 0.381727606 0.255651891 0.886162758
1341848035.486822 -1.058148384 0.021659628 0.091809034 0.062380724 0.382665783 0.257073820 0.885205388
1341848035.518623 -1.064650059 0.022361953 0.094741315 0.063793771 0.382826895 0.259522408 0.884320140
1341848035.550852 -1.066927671 0.017474938 0.098032504 0.064668357 0.382958889 0.263821185 0.882926345
1341848035.586716 -1.070914984 0.016811740 0.102899462 0.067954861 0.384336263 0.264819413 0.881781399
1341848035.618790 -1.076502085 0.015411276 0.105901510 0.068790309 0.386656404 0.266025454 0.880338073
1341848035.654654 -1.079343438 0.012964852 0.108645916 0.069142066 0.387961000 0.270067632 0.878503919
1341848035.686693 -1.085498214 0.011981793 0.112697989 0.070212074 0.389475048 0.273913443 0.876556277
1341848035.718791 -1.089753151 0.011571653 0.116016865 0.069005601 0.392179936 0.277736276 0.874240100
1341848035.755991 -1.092397928 0.008886851 0.120961964 0.068992034 0.393965840 0.280776739 0.872465193
1341848035.786729 -1.096688390 0.007322371 0.123155564 0.069173113 0.395790517 0.281860769 0.871274650
1341848035.818784 -1.101004839 0.005353287 0.128076375 0.067894682 0.399382412 0.284013391 0.869034171
1341848035.854701 -1.103496552 0.001615554 0.131706625 0.068613909 0.401251018 0.286538631 0.867286205
1341848035.886689 -1.108656764 -0.001766421 0.133473605 0.069809839 0.401658505 0.289459169 0.866031408
1341848035.922832 -1.110906839 -0.003324308 0.137483954 0.070817098 0.402095318 0.292012811 0.864888906
1341848035.954633 -1.114080906 -0.005370595 0.141212970 0.073413335 0.402141750 0.294090003 0.863946497
1341848035.986741 -1.121506214 -0.007689781 0.143610507 0.075141102 0.401580721 0.297110796 0.863024831
1341848036.022779 -1.125272989 -0.009103112 0.144864798 0.074811235 0.400116235 0.300575674 0.862533808
1341848036.054911 -1.126158714 -0.010578573 0.152237922 0.075271510 0.400394320 0.303054720 0.861496627
1341848036.087013 -1.129694819 -0.013906777 0.153927624 0.074816048 0.401504725 0.303806096 0.860754550
1341848036.122737 -1.134930849 -0.016653962 0.157895625 0.072415464 0.403818697 0.303978175 0.859816074
1341848036.154810 -1.134617090 -0.018352583 0.162197918 0.071119644 0.404235691 0.305223227 0.859287083
1341848036.190835 -1.139789820 -0.021119669 0.164785951 0.071389228 0.405790567 0.306255668 0.858163774
1341848036.223282 -1.142151594 -0.024243280 0.167454809 0.070044190 0.407065809 0.306080550 0.857733011
1341848036.254692 -1.143963933 -0.025868751 0.171441048 0.069475472 0.408696949 0.304396182 0.857603014
1341848036.290758 -1.150077343 -0.026983328 0.175152540 0.069429845 0.412805319 0.303261518 0.856039524
1341848036.322672 -1.153502703 -0.028394952 0.177461743 0.068284854 0.415269732 0.302972496 0.855041444
1341848036.354859 -1.157729149 -0.032616444 0.181996971 0.067301042 0.416446537 0.303791940 0.854255974
1341848036.390843 -1.159026146 -0.034775898 0.183182776 0.067521743 0.416176617 0.304873377 0.853984833
1341848036.422758 -1.163680553 -0.036180228 0.186631382 0.067312799 0.418964177 0.305634946 0.852364540
1341848036.458823 -1.167017817 -0.038187593 0.190144598 0.066955552 0.420673043 0.305262715 0.851684093
1341848036.491205 -1.171336412 -0.041023567 0.194775313 0.067653559 0.421329647 0.304499835 0.851577461
1341848036.522726 -1.175624371 -0.042942561 0.199178815 0.068078600 0.422825843 0.303926051 0.851006806
1341848036.558942 -1.180291176 -0.045307353 0.203696907 0.069456451 0.424785435 0.303880602 0.849935114
1341848036.590723 -1.185066342 -0.047484376 0.209387004 0.070950776 0.427237183 0.304228365 0.848457098
1341848036.626802 -1.189474583 -0.052403137 0.212251455 0.071896411 0.429098815 0.307463437 0.846269071
1341848036.658670 -1.193351984 -0.056230679 0.215785891 0.074247763 0.430628121 0.308556199 0.844890356
1341848036.691175 -1.202282667 -0.056915894 0.220586300 0.077791862 0.433690161 0.307203948 0.843496919
1341848036.726753 -1.208644152 -0.059716120 0.223166496 0.080428243 0.435679376 0.308878094 0.841611028
1341848036.758851 -1.214413404 -0.064389192 0.228800774 0.082217753 0.437728405 0.310941100 0.839612842
1341848036.790720 -1.220551848 -0.066553026 0.232741266 0.085088842 0.440075874 0.310823202 0.838142037
1341848036.826992 -1.229089022 -0.068327576 0.235457659 0.086220361 0.443149745 0.311332345 0.836215556
1341848036.858633 -1.233350039 -0.072055452 0.238428116 0.086669490 0.444825441 0.314308167 0.834163666
1341848036.894756 -1.241321564 -0.076586910 0.242206573 0.088061452 0.446427047 0.317849517 0.831817150
1341848036.926846 -1.247262239 -0.078611352 0.247689545 0.089570865 0.449079126 0.317999929 0.830169261
1341848036.958725 -1.253976464 -0.083828799 0.252030015 0.090846106 0.452048153 0.317236781 0.828710020
1341848036.994836 -1.259916902 -0.086653657 0.254811049 0.092044801 0.454086751 0.318232536 0.827079833
1341848037.026790 -1.264266968 -0.090018384 0.257830262 0.093061276 0.455237448 0.317291945 0.826694787
1341848037.061042 -1.270473361 -0.092178471 0.262132585 0.095411621 0.457302600 0.314885885 0.826206863
1341848037.094661 -1.279685378 -0.096604109 0.267787874 0.098026738 0.460338503 0.314267755 0.824448287
1341848037.126709 -1.284283876 -0.099634491 0.271004200 0.100009680 0.460300446 0.314312011 0.824214458
1341848037.162789 -1.288614035 -0.102413639 0.275249541 0.104166724 0.461213380 0.313817859 0.823377073
1341848037.194724 -1.298448086 -0.107620619 0.280790687 0.111013353 0.462389499 0.305092990 0.825100124
1341848037.227032 -1.305492520 -0.113706961 0.282651126 0.113812588 0.462331474 0.304963827 0.824799001
1341848037.263738 -1.308779359 -0.115324154 0.288662672 0.119315870 0.461567700 0.303575456 0.824961126
1341848037.295192 -1.317108154 -0.118140280 0.290164232 0.123283073 0.460523725 0.298565328 0.826787710
1341848037.326868 -1.327552676 -0.122356631 0.295724750 0.123250306 0.461927742 0.298408002 0.826065838
1341848037.362746 -1.329173088 -0.124147072 0.302032948 0.124168165 0.462122202 0.297700375 0.826074958
1341848037.395057 -1.337126493 -0.127030045 0.307516396 0.125932321 0.463464856 0.293422550 0.826586068
1341848037.430946 -1.342404366 -0.129795462 0.308834791 0.125695601 0.464114696 0.291274011 0.827017307
1341848037.462765 -1.346509933 -0.134020448 0.313734710 0.125962898 0.464612216 0.290562212 0.826947689
1341848037.494842 -1.351255894 -0.140169442 0.319318354 0.125279248 0.464526296 0.289168894 0.827587962
1341848037.530725 -1.358251572 -0.141494647 0.322673738 0.125267416 0.465455741 0.288409144 0.827332556
1341848037.562958 -1.361015081 -0.145329684 0.328054726 0.123012736 0.466802388 0.287416905 0.827257454
1341848037.595756 -1.364929914 -0.149197623 0.333003879 0.123105623 0.467209548 0.286832064 0.827216804
1341848037.630756 -1.369904757 -0.150145531 0.337265253 0.122118697 0.468545109 0.286907703 0.826581240
1341848037.662669 -1.371678233 -0.154064655 0.342448056 0.119800575 0.471183389 0.286506712 0.825559199
1341848037.698670 -1.373676777 -0.158159345 0.350398481 0.118953891 0.473737270 0.285256118 0.824652612
1341848037.730964 -1.377271533 -0.159798473 0.356898606 0.119269043 0.476271689 0.286001921 0.822887063
1341848037.769764 -1.380814552 -0.162727237 0.361621141 0.118560337 0.478183299 0.287645072 0.821306646
1341848037.798917 -1.378684759 -0.167614862 0.367491901 0.118040219 0.479479790 0.288273364 0.820404828
1341848037.837792 -1.385209322 -0.168730944 0.372914374 0.120227046 0.481982619 0.289216369 0.818286061
1341848037.866711 -1.391849995 -0.171631441 0.377735972 0.118783846 0.483277649 0.294303238 0.815915883
1341848037.898921 -1.391839504 -0.173553780 0.385073125 0.117389597 0.484288514 0.298701227 0.813917637
1341848037.930939 -1.393746138 -0.176680252 0.390729427 0.115078360 0.486900926 0.302129984 0.811419725
1341848037.966864 -1.398555994 -0.180782914 0.398153365 0.111893013 0.489634037 0.305697143 0.808880568
1341848037.998629 -1.397446036 -0.181410909 0.404341519 0.110620029 0.490009218 0.308158249 0.807893991
1341848038.030908 -1.401400924 -0.183768466 0.409931302 0.109097071 0.492172003 0.309810013 0.806152761
1341848038.066849 -1.404649258 -0.186874107 0.416258097 0.105593145 0.495019764 0.312875330 0.803688109
1341848038.098674 -1.404998064 -0.188303530 0.422257721 0.103766702 0.496360928 0.316842020 0.801541924
1341848038.134662 -1.404054403 -0.191995442 0.427475423 0.101732276 0.497348666 0.318679661 0.800461233
1341848038.166674 -1.406620860 -0.195239514 0.432841271 0.099059537 0.499902576 0.319546282 0.798858464
1341848038.198711 -1.408485889 -0.197750211 0.439184189 0.097816199 0.501949131 0.322026432 0.796729624
1341848038.234726 -1.407854795 -0.199891940 0.445518643 0.098413996 0.502567053 0.323860019 0.795522332
1341848038.274093 -1.411696672 -0.203190044 0.449298680 0.097646140 0.504613876 0.323697180 0.794386685
1341848038.306525 -1.414776087 -0.205929637 0.454750478 0.096299574 0.506497562 0.323929518 0.793256819
1341848038.341933 -1.412805438 -0.209290057 0.460573405 0.095849328 0.507774353 0.324774772 0.792148650
1341848038.374117 -1.416217566 -0.211741671 0.463551581 0.095192358 0.510263860 0.323512137 0.791144192
1341848038.409802 -1.419165492 -0.215994850 0.469059348 0.093665659 0.512610018 0.322382271 0.790270507
1341848038.441825 -1.421281457 -0.221510187 0.473618984 0.094703019 0.513267577 0.323614120 0.789215863
1341848038.473889 -1.423804998 -0.223165542 0.478267431 0.094534330 0.514492273 0.324028999 0.788267791
1341848038.510185 -1.422390938 -0.227646470 0.483614057 0.093500175 0.516280591 0.323855907 0.787292480
1341848038.542164 -1.425126910 -0.232733458 0.488946438 0.096592739 0.518400967 0.322644681 0.786022067
1341848038.566862 -1.429944277 -0.233332545 0.492420763 0.098069519 0.520909846 0.319847256 0.785323501
1341848038.602989 -1.433290482 -0.236860409 0.498404175 0.098291852 0.522309363 0.318816334 0.784785211
1341848038.634739 -1.439611912 -0.244391888 0.502897322 0.098890945 0.522644877 0.318949908 0.784432173
1341848038.670685 -1.447470427 -0.247171551 0.507845819 0.098531738 0.523925185 0.318072915 0.783979237
1341848038.702868 -1.448989749 -0.251860917 0.514855146 0.097644538 0.524513662 0.318087161 0.783690989
1341848038.734794 -1.451629400 -0.252498835 0.518592715 0.099588126 0.525210202 0.315608382 0.783982038
1341848038.770741 -1.458054304 -0.254903704 0.522023797 0.099303298 0.526812255 0.314984769 0.783193707
1341848038.802800 -1.465875626 -0.259298652 0.528765917 0.099749885 0.526923478 0.317013264 0.782243073
1341848038.838770 -1.468600273 -0.261927128 0.535314560 0.101470314 0.527450800 0.317967087 0.781278670
1341848038.871141 -1.475877285 -0.262376130 0.539911389 0.101978242 0.530744076 0.316920757 0.779405117
1341848038.902781 -1.482505202 -0.266532898 0.544070125 0.101041764 0.532258332 0.319915920 0.777267933
1341848038.938767 -1.485517502 -0.270671546 0.548049092 0.102576382 0.531692922 0.323620677 0.775919020
1341848038.970765 -1.494521141 -0.270385087 0.551201940 0.103015646 0.533640146 0.325679272 0.773659468
1341848039.002634 -1.498053432 -0.270940244 0.556007683 0.099934347 0.536410451 0.326993197 0.771590769
1341848039.038895 -1.500747681 -0.276281416 0.560562849 0.100741997 0.538532853 0.329364300 0.768994510
1341848039.070805 -1.511008978 -0.276948869 0.568001270 0.102583326 0.541546226 0.330263764 0.766244233
1341848039.106775 -1.513827085 -0.279426098 0.573137403 0.102283545 0.542268217 0.332303762 0.764890432
1341848039.138656 -1.519065619 -0.282315373 0.577679396 0.103798993 0.543806314 0.333191454 0.763206363
1341848039.170737 -1.527440548 -0.281552047 0.581221581 0.104221851 0.545507252 0.334836394 0.761212349
1341848039.206814 -1.527640104 -0.285775602 0.584766269 0.103140078 0.546093822 0.336098760 0.760382295
1341848039.238881 -1.533508778 -0.288011074 0.589217424 0.105411060 0.547483027 0.336240321 0.759008050
1341848039.270959 -1.543028474 -0.289041162 0.591333449 0.104913980 0.549226403 0.336143374 0.757859528
1341848039.306747 -1.544883251 -0.293034405 0.595736742 0.104101837 0.549651027 0.338436604 0.756642103
1341848039.338889 -1.549040556 -0.294593185 0.598678231 0.105738878 0.550171435 0.339629740 0.755501330
1341848039.374766 -1.556475401 -0.295965374 0.601493001 0.104965389 0.551187456 0.339118481 0.755098224
1341848039.406886 -1.559286118 -0.296112001 0.606272221 0.103870034 0.552772939 0.339428544 0.753950477
1341848039.438853 -1.562782288 -0.298103690 0.610933423 0.103409939 0.553764939 0.340103179 0.752981186
1341848039.474867 -1.566485047 -0.297928482 0.614807785 0.102003589 0.554743290 0.340203166 0.752407432
1341848039.507121 -1.566254258 -0.299631417 0.619688749 0.100545011 0.556388080 0.340509117 0.751250029
1341848039.538659 -1.571051598 -0.302922368 0.623346686 0.099939980 0.558681309 0.339621782 0.750029504
1341848039.574890 -1.574091911 -0.308997482 0.628283978 0.098685980 0.559452355 0.340252399 0.749334693
1341848039.606721 -1.575435281 -0.308966339 0.632029474 0.099318691 0.559521317 0.339992166 0.749317706
1341848039.642714 -1.577199101 -0.309105396 0.637707353 0.098342068 0.562599897 0.337921977 0.748076856
1341848039.674760 -1.579225302 -0.315162629 0.642936945 0.097401656 0.564424574 0.337047398 0.747219384
1341848039.707168 -1.584943652 -0.316324145 0.645063639 0.098487020 0.563810468 0.337467521 0.747351110
1341848039.742862 -1.586115599 -0.317038745 0.644879460 0.096821479 0.564134896 0.337272972 0.747411788
1341848039.775334 -1.583583355 -0.321922511 0.660386801 0.095588490 0.568983495 0.335679531 0.744607151
1341848039.806875 -1.585693598 -0.325487077 0.663628697 0.095586680 0.570336223 0.334394634 0.744150579
1341848039.843282 -1.590099573 -0.323832750 0.668685138 0.096019447 0.572031498 0.333623618 0.743138969
1341848039.881803 -1.587535620 -0.330550253 0.675043464 0.094742246 0.574111104 0.334712923 0.741206825
1341848039.913822 -1.589772701 -0.335323036 0.679398298 0.096071936 0.575570703 0.335482568 0.739553928
1341848039.943367 -1.594787121 -0.338267654 0.684882283 0.096648350 0.576840043 0.337688982 0.737482786
1341848039.974815 -1.594785452 -0.341401249 0.690670490 0.097295620 0.576595008 0.341136396 0.736001194
1341848040.010707 -1.594827890 -0.344071388 0.695887983 0.099200100 0.577278554 0.341792613 0.734905899
1341848040.042768 -1.598541260 -0.343735188 0.704973876 0.099810652 0.579129815 0.342570037 0.733002186
1341848040.078716 -1.598785877 -0.345753580 0.712900519 0.099333346 0.579864025 0.346360028 0.730701983
1341848040.110819 -1.600500584 -0.349221677 0.717383027 0.098321639 0.580633402 0.350145549 0.728420138
1341848040.142744 -1.600888848 -0.350378692 0.722653627 0.096607439 0.582684100 0.351841122 0.726191521
1341848040.178810 -1.604153514 -0.355753452 0.731055021 0.094352722 0.584631681 0.353998244 0.723870575
1341848040.211029 -1.604652882 -0.358837545 0.736891031 0.093381867 0.584729016 0.358614832 0.721642017
1341848040.242681 -1.604723930 -0.363948703 0.739648998 0.090476446 0.585410535 0.362528414 0.719500959
1341848040.278950 -1.603037357 -0.368116856 0.748431802 0.089445755 0.588275135 0.364078522 0.716504455
1341848040.310719 -1.604398489 -0.374082059 0.752512276 0.090380713 0.590209663 0.365203410 0.714220047
1341848040.346920 -1.611387372 -0.375084043 0.756824434 0.092119783 0.590429068 0.369284064 0.711713910
1341848040.378809 -1.604446650 -0.378885776 0.760906816 0.091698147 0.590384245 0.373161376 0.709780514
1341848040.410884 -1.605236292 -0.383507669 0.766137064 0.094384827 0.592913151 0.373647064 0.707059681
1341848040.446720 -1.609314442 -0.387045532 0.770309806 0.097039416 0.594165683 0.375065714 0.704894423
1341848040.478680 -1.608410001 -0.392462552 0.775471330 0.098845653 0.594739556 0.377740175 0.702728033
1341848040.517796 -1.607751966 -0.396607637 0.778003335 0.099698812 0.595832765 0.377164274 0.701990426
1341848040.546685 -1.611505628 -0.403410077 0.780568600 0.100458130 0.597151816 0.376990229 0.700853884
1341848040.578879 -1.614837408 -0.404864877 0.787217319 0.101185292 0.598401785 0.377158314 0.699591637
1341848040.614917 -1.614033580 -0.407494873 0.791608095 0.101856872 0.598999858 0.378493220 0.698260128
1341848040.646758 -1.615232348 -0.410286635 0.791125655 0.101485409 0.600395203 0.377698600 0.697545767
1341848040.679034 -1.612410545 -0.414613962 0.795968711 0.100443818 0.604424536 0.378161192 0.693956792
1341848040.714653 -1.610782623 -0.421090662 0.797397614 0.100204080 0.610316217 0.378424972 0.688671052
1341848040.746821 -1.611579537 -0.426304847 0.805947185 0.098958351 0.619275630 0.375626475 0.682355940
1341848040.778774 -1.614184499 -0.426729143 0.806361616 0.100378796 0.622936070 0.374725908 0.679304957
1341848040.814675 -1.615967989 -0.427796155 0.812779307 0.099841096 0.628747523 0.376065999 0.673262656
1341848040.846908 -1.613415003 -0.432648599 0.818789363 0.098837435 0.632801950 0.376391679 0.669419289
1341848040.882827 -1.613022089 -0.434604228 0.817699492 0.098607205 0.635702372 0.376214355 0.666799664
1341848040.914699 -1.616043091 -0.437029928 0.827879727 0.099385604 0.640663743 0.378089249 0.660848677
1341848040.946862 -1.612483740 -0.440136760 0.829863548 0.099879630 0.642286003 0.380694956 0.657696009
1341848040.984484 -1.615494013 -0.445132345 0.836704195 0.099278770 0.646941304 0.382367492 0.652231336
1341848041.022638 -1.616175175 -0.450040579 0.840322673 0.098439485 0.648146451 0.386688352 0.648604572
1341848041.058859 -1.611130714 -0.448132753 0.847841144 0.103099048 0.648746371 0.390818954 0.644794047
1341848041.094347 -1.619358778 -0.450413287 0.851041436 0.103352681 0.651556015 0.394818455 0.639461815
1341848041.122188 -1.616989255 -0.447737813 0.860159457 0.102707937 0.653270423 0.399276584 0.635033071
1341848041.189954 -1.619453073 -0.458503962 0.867751122 0.103575461 0.654770017 0.411185145 0.625679731
1341848041.218698 -1.618516207 -0.454460025 0.872381687 0.104225397 0.654775381 0.413939238 0.623747230
1341848041.250726 -1.620474100 -0.454565346 0.875146449 0.105095416 0.655000508 0.416128695 0.621905267
1341848041.283054 -1.622659206 -0.455041200 0.877464950 0.103557430 0.654389203 0.420229107 0.620046854
1341848041.319290 -1.610426545 -0.458041877 0.887702703 0.102319293 0.655973852 0.422556847 0.616988480
1341848041.355465 -1.615274072 -0.461478055 0.890797794 0.102399498 0.658260584 0.422715306 0.614425838
1341848041.384901 -1.613399267 -0.465689898 0.900758266 0.099225573 0.661552072 0.423023909 0.611190557
1341848041.418768 -1.608355403 -0.464174390 0.901116371 0.100027986 0.662664413 0.425441951 0.608168900
1341848041.450845 -1.611598372 -0.468625844 0.906414747 0.099633083 0.664481521 0.427896053 0.604518414
1341848041.482801 -1.609070063 -0.467077136 0.912310719 0.096949555 0.665002286 0.430092365 0.602821112
1341848041.518788 -1.602491975 -0.468387425 0.910797477 0.094244272 0.665701389 0.432716310 0.600596666
1341848041.550730 -1.601003408 -0.469926953 0.918542981 0.092600144 0.670114934 0.432558805 0.596040368
1341848041.586805 -1.595303178 -0.475849062 0.924844921 0.089057833 0.672751546 0.433855563 0.592657983
1341848041.618743 -1.591751337 -0.476988018 0.930476546 0.088564076 0.675217032 0.433855414 0.589921951
1341848041.650957 -1.589527845 -0.477158368 0.935525179 0.089322537 0.676454604 0.434851736 0.587651849
1341848041.686781 -1.581237435 -0.482901275 0.942799926 0.088783287 0.678461075 0.435714781 0.584774077
1341848041.718789 -1.579585552 -0.488875151 0.947538435 0.089511566 0.680411994 0.437017530 0.581414521
1341848041.750776 -1.574877858 -0.490094066 0.954609811 0.091753118 0.681596279 0.438329786 0.578683794
1341848041.786711 -1.572139144 -0.495480895 0.961773038 0.094108149 0.683271468 0.439256340 0.575619400
1341848041.818704 -1.568892121 -0.502184927 0.966565847 0.096062556 0.683755040 0.440355092 0.573880196
1341848041.854747 -1.564609051 -0.502610743 0.972383976 0.099742860 0.683468699 0.441872686 0.572425067
1341848041.886710 -1.558969378 -0.508853495 0.975012898 0.099756397 0.683652639 0.444454640 0.570199788
1341848041.918718 -1.547620177 -0.515334606 0.981165409 0.101869531 0.685754895 0.444962680 0.566895962
1341848041.954693 -1.549954891 -0.517197251 0.981320918 0.105071515 0.686326921 0.444963694 0.565617144
1341848041.994975 -1.548448682 -0.522633195 0.993183970 0.106178194 0.687686265 0.448011190 0.561337471
1341848042.018871 -1.536220789 -0.525302887 0.998429656 0.108423516 0.688598931 0.450584620 0.557717919
1341848042.054627 -1.537836313 -0.529598176 0.998308003 0.109769881 0.689873040 0.449534655 0.556726396
1341848042.089498 -1.534245372 -0.535416603 1.001792073 0.108468994 0.690035760 0.452828765 0.554103971
1341848042.122881 -1.523416758 -0.538863778 1.005606532 0.110058025 0.690164924 0.455986619 0.551031530
1341848042.154788 -1.521578312 -0.542384505 1.010285378 0.110725500 0.692550063 0.454905152 0.548794687
1341848042.186714 -1.517342210 -0.542995334 1.011302233 0.108657710 0.693611622 0.455173165 0.547643900
1341848042.222883 -1.511089206 -0.546907902 1.015430093 0.108875237 0.694772303 0.457867384 0.543870628
1341848042.254762 -1.508673668 -0.549127400 1.017852902 0.108042262 0.696123958 0.457796335 0.542366087
1341848042.290694 -1.504697204 -0.549988091 1.021783352 0.104446791 0.698580861 0.457608044 0.540065467
1341848042.322759 -1.496706605 -0.556845665 1.029748321 0.102603242 0.701536894 0.459316701 0.535113692
1341848042.354987 -1.497309923 -0.559688330 1.034358621 0.104831755 0.701477468 0.462768435 0.531775355
1341848042.390711 -1.490787983 -0.561563373 1.038284421 0.102744080 0.701676369 0.465306044 0.529702008
1341848042.429737 -1.483026266 -0.563518405 1.043135643 0.102219783 0.703681469 0.467245817 0.525418818
1341848042.461752 -1.481566906 -0.565008581 1.047848582 0.104015283 0.705378354 0.469179213 0.521049976
1341848042.490921 -1.481303334 -0.565847397 1.052894950 0.103199743 0.705828846 0.472167134 0.517893434
1341848042.522713 -1.469808102 -0.569239497 1.062374949 0.102089196 0.708585024 0.475174278 0.511560619
1341848042.558691 -1.466339946 -0.572244883 1.069740891 0.102322742 0.712485731 0.475285709 0.505961955
1341848042.590841 -1.466427207 -0.575213373 1.070833683 0.101606347 0.712674856 0.478613555 0.502692401
1341848042.622730 -1.456163406 -0.574908376 1.076540828 0.103497252 0.714618146 0.480973482 0.497266352
1341848042.658741 -1.456553817 -0.573975682 1.081294417 0.107552081 0.717246294 0.479763150 0.493778944
1341848042.697779 -1.455748200 -0.578191996 1.086612225 0.106740877 0.719771683 0.481093317 0.488962561
1341848042.729778 -1.447802782 -0.586096525 1.093738556 0.108380117 0.722139537 0.485423714 0.480761856
1341848042.761637 -1.449945211 -0.588046551 1.094145417 0.111028425 0.721936643 0.488716036 0.477112919
1341848042.797954 -1.450100064 -0.589269757 1.094784498 0.109228507 0.723002613 0.490534186 0.474038601
1341848042.829708 -1.444990635 -0.588569760 1.101825953 0.109174803 0.725634456 0.492793977 0.467642546
1341848042.861726 -1.444260120 -0.590380192 1.106952667 0.109452486 0.727689266 0.495195776 0.461811274
1341848042.897767 -1.442216396 -0.593237519 1.114261389 0.109286785 0.729460061 0.497535199 0.456511855
1341848042.929860 -1.432746887 -0.596565962 1.117287159 0.106889501 0.731311679 0.498662114 0.452872992
1341848042.965708 -1.434516430 -0.598423779 1.120814204 0.108410850 0.733903110 0.498223543 0.448783457
1341848042.997994 -1.431113362 -0.601763487 1.124386311 0.108560815 0.734969258 0.499921411 0.445099145
1341848043.030335 -1.428277969 -0.605243444 1.130889654 0.109405696 0.736190796 0.501820326 0.440715194
1341848043.065737 -1.426999807 -0.606524229 1.135740757 0.109773487 0.737235904 0.503626525 0.436798871
1341848043.097862 -1.422286749 -0.608983219 1.140909553 0.107831404 0.738977075 0.504710972 0.433072805
1341848043.133955 -1.417086005 -0.613000214 1.142244101 0.106872268 0.739476323 0.506846368 0.429953218
1341848043.165792 -1.417380929 -0.614975810 1.146782875 0.106551208 0.740350068 0.508094966 0.427045792
1341848043.201879 -1.407417059 -0.613723755 1.152366877 0.105617844 0.741770566 0.507787526 0.425174177
1341848043.233861 -1.401221633 -0.619817078 1.152934790 0.104021318 0.743843675 0.507259488 0.422568321
1341848043.265717 -1.403223634 -0.622184634 1.154534578 0.105749995 0.744448721 0.508417428 0.419672191
1341848043.301798 -1.395810008 -0.623042583 1.159829259 0.105298251 0.745945275 0.508605897 0.416890860
1341848043.334034 -1.389331460 -0.626017153 1.165161371 0.105460331 0.748504639 0.508101642 0.412857920
1341848043.369819 -1.388642550 -0.629426479 1.168649197 0.105804659 0.749753654 0.507959485 0.410672575
1341848043.401743 -1.382660151 -0.632324636 1.170100093 0.106038645 0.749464095 0.509018302 0.409828901
1341848043.433949 -1.377136588 -0.634750366 1.175702691 0.106544100 0.751183391 0.507923305 0.407904118
1341848043.469625 -1.372509360 -0.636310697 1.177111983 0.106191322 0.751757920 0.508961380 0.405637443
1341848043.501696 -1.363199353 -0.642158747 1.179686308 0.106412880 0.752303600 0.511628151 0.401188582
1341848043.537825 -1.353774786 -0.644210339 1.186758041 0.109823123 0.753549635 0.511023819 0.398693383
1341848043.569664 -1.352028251 -0.644471109 1.190041423 0.111918531 0.753878355 0.511787772 0.396503359
1341848043.601838 -1.343995214 -0.650731564 1.195227265 0.111569539 0.754145622 0.514046252 0.393157780
1341848043.637798 -1.335895300 -0.650604248 1.195970654 0.111986846 0.752870202 0.516126573 0.392757893
1341848043.670144 -1.328666568 -0.650458455 1.196999550 0.112183049 0.752537191 0.517530799 0.391490281
1341848043.701979 -1.321001649 -0.652551055 1.200723410 0.111186974 0.753608406 0.517552674 0.389680743
1341848043.737757 -1.316021442 -0.657431483 1.202953100 0.110337198 0.753709912 0.518902838 0.387926370
1341848043.769828 -1.307828307 -0.663030982 1.203113198 0.109489858 0.752158642 0.524150372 0.384103775
1341848043.805817 -1.299455881 -0.662724912 1.203915596 0.110393256 0.751567960 0.526500463 0.381780267
1341848043.837855 -1.288374424 -0.663758576 1.204303503 0.109792545 0.753305137 0.525224268 0.380284637
1341848043.869697 -1.286506891 -0.665076196 1.207382321 0.110535681 0.754985869 0.523842633 0.378638506
1341848043.905731 -1.278084636 -0.667698443 1.211952209 0.109856360 0.755156398 0.525454819 0.376254737
1341848043.938034 -1.268296242 -0.668326020 1.211790323 0.110618025 0.754812479 0.525858045 0.376158297
1341848043.969826 -1.266949296 -0.671656966 1.214228868 0.108372122 0.756070435 0.525237322 0.375151724
1341848044.005919 -1.257037044 -0.672270536 1.216130972 0.106071852 0.756280541 0.526429296 0.373712093
1341848044.037703 -1.247185588 -0.674989700 1.217991233 0.106876723 0.757194221 0.526096404 0.372097880
1341848044.073762 -1.249092102 -0.678747416 1.219174027 0.107345819 0.757532179 0.525357127 0.372319400
1341848044.105804 -1.239004850 -0.677511811 1.222639799 0.106142171 0.756901741 0.526845753 0.371843040
1341848044.137722 -1.230925679 -0.679067850 1.223244429 0.108262487 0.756334722 0.527746916 0.371106744
1341848044.173825 -1.229972363 -0.678788900 1.226306081 0.108672500 0.756986320 0.527006984 0.370709658
1341848044.205750 -1.222428083 -0.680606246 1.225839496 0.106051072 0.757327795 0.528392613 0.368793994
1341848044.237767 -1.214285135 -0.684887409 1.231199622 0.106501326 0.758680224 0.529016256 0.364970595
1341848044.273822 -1.211977720 -0.685892284 1.232303858 0.106493622 0.758894682 0.529300809 0.364113420
1341848044.305742 -1.205107689 -0.685239971 1.236398220 0.106318437 0.759759903 0.530093610 0.361195207
1341848044.337838 -1.198466778 -0.687828243 1.236649990 0.105334781 0.760079563 0.531232238 0.359132111
1341848044.373688 -1.195317388 -0.687949061 1.239221573 0.106439598 0.760710120 0.531634331 0.356869251
1341848044.405874 -1.190227509 -0.687995434 1.240517139 0.106556877 0.760721922 0.533651948 0.353784233
1341848044.441696 -1.184546113 -0.689734697 1.238643527 0.106646724 0.760582983 0.536717176 0.349391848
1341848044.473716 -1.179436326 -0.688878059 1.239142418 0.107952140 0.761115372 0.538360417 0.345279247
1341848044.505687 -1.177296162 -0.688578606 1.239258528 0.108601302 0.761608183 0.540520728 0.340581864
1341848044.541856 -1.169896603 -0.688920975 1.239667177 0.108097576 0.763011277 0.542576611 0.334274232
1341848044.573760 -1.164740562 -0.691223621 1.240600109 0.108103983 0.764264464 0.544460714 0.328292310
1341848044.605829 -1.160202026 -0.689987421 1.242391467 0.110204339 0.765578091 0.545426428 0.322885633
1341848044.641741 -1.152907372 -0.690553725 1.247631073 0.111601219 0.767313063 0.547384501 0.314874649
1341848044.705966 -1.141209960 -0.688773453 1.249821305 0.116304129 0.768709242 0.549937487 0.305169106
1341848044.734774 -1.134783506 -0.693590105 1.247667193 0.115576670 0.769317508 0.552311897 0.299573392
1341848044.771011 -1.130174279 -0.691978693 1.253316402 0.118883677 0.771825016 0.550742328 0.294679046
1341848044.802833 -1.129765749 -0.693098068 1.258361936 0.119812511 0.773874044 0.548912764 0.292333305
1341848044.834852 -1.122335196 -0.695477188 1.258509755 0.118745379 0.773897588 0.551377237 0.288036853
1341848044.870686 -1.113678455 -0.697110891 1.259686589 0.121911094 0.774997830 0.551686227 0.283122599
1341848044.902692 -1.111035109 -0.699747741 1.265387774 0.124630392 0.776679218 0.549848080 0.280898124
1341848044.934911 -1.106287718 -0.700225592 1.267356873 0.126749948 0.776679397 0.550494432 0.278674752
1341848044.970797 -1.098588228 -0.704268694 1.270306587 0.129513666 0.776240826 0.552456021 0.274715841
1341848045.002641 -1.097268343 -0.707616925 1.273055673 0.130789131 0.775451899 0.552977264 0.275290340
1341848045.038733 -1.093045354 -0.706276298 1.275994182 0.131116405 0.773899674 0.555061400 0.275308311
1341848045.070849 -1.083430529 -0.705599070 1.275268555 0.130326346 0.772638977 0.557818770 0.273646206
1341848045.102831 -1.080422759 -0.706165910 1.278604269 0.129592195 0.773686528 0.557248950 0.272192359
1341848045.138762 -1.075192928 -0.706697583 1.278202057 0.126755372 0.772780001 0.559697628 0.271076918
1341848045.170759 -1.065374494 -0.706387401 1.277601480 0.126497060 0.772358894 0.561067462 0.269561678
1341848045.202698 -1.062357426 -0.707653880 1.279462695 0.126295790 0.773412526 0.559898436 0.269065291
1341848045.238872 -1.055911541 -0.709787428 1.280068755 0.122817867 0.773955643 0.560595393 0.267658770
1341848045.270833 -1.047178507 -0.709609687 1.280499578 0.123046279 0.774752975 0.559940338 0.266616374
1341848045.306816 -1.043302178 -0.711398482 1.282570481 0.122596458 0.774985850 0.559694231 0.266663551
1341848045.338698 -1.036983490 -0.711054146 1.281954765 0.120377384 0.774373710 0.560970366 0.266771287
1341848045.370799 -1.027693152 -0.708902121 1.281818628 0.119795330 0.775442600 0.560082376 0.265792370
1341848045.406703 -1.023694873 -0.711668074 1.285853624 0.120102778 0.776164591 0.559078217 0.265660435
1341848045.438695 -1.015427470 -0.713582218 1.285473943 0.118715703 0.773849845 0.562004626 0.266859233
1341848045.474692 -1.006310463 -0.708791435 1.286749840 0.119910114 0.773657799 0.561192334 0.268585831
1341848045.506761 -0.999140978 -0.709993243 1.286773562 0.118608102 0.773933530 0.561003745 0.268763483
1341848045.538886 -0.991195619 -0.710151911 1.285839200 0.117328823 0.774477959 0.560597122 0.268605113
1341848045.575971 -0.985873461 -0.712074697 1.285263658 0.117999725 0.774471998 0.559790254 0.270007640
1341848045.606920 -0.980700791 -0.712562919 1.284684181 0.118136600 0.773232341 0.560061157 0.272923201
1341848045.645890 -0.973350525 -0.714180350 1.286301851 0.117108360 0.772848487 0.560726881 0.273086548
1341848045.674943 -0.963106811 -0.711820364 1.285131812 0.115996428 0.772330761 0.561023533 0.274413347
1341848045.706968 -0.955179989 -0.707644820 1.286828518 0.117645197 0.772936165 0.558349550 0.277444094
1341848045.743092 -0.951445282 -0.708071828 1.287259340 0.117297597 0.772385299 0.557862639 0.280092150
1341848045.774776 -0.942120552 -0.707286179 1.287147284 0.115942366 0.771182656 0.559366226 0.280970097
1341848045.807609 -0.930802584 -0.711639583 1.285485983 0.113291480 0.770740628 0.559922874 0.282152832
1341848045.842865 -0.926325560 -0.708374143 1.288186312 0.114919066 0.771714866 0.556387007 0.285802901
1341848045.874777 -0.920089483 -0.710782468 1.291214943 0.111688152 0.771454096 0.557037473 0.286519855
1341848045.906765 -0.909210324 -0.712329030 1.285501242 0.109949753 0.767928004 0.561690688 0.287578195
1341848045.942758 -0.901964664 -0.711952865 1.286484838 0.112309240 0.767885923 0.558363080 0.293203950
1341848045.974768 -0.903263748 -0.709138036 1.285797358 0.113945059 0.766188443 0.556685925 0.300120950
1341848046.010763 -0.891432881 -0.709099412 1.290786028 0.110933058 0.767664552 0.555034041 0.300536603
1341848046.042828 -0.883610785 -0.705515087 1.293693066 0.112353072 0.768150687 0.551174819 0.305823028
1341848046.074722 -0.884388924 -0.706676662 1.294735551 0.115077958 0.765367389 0.550743461 0.312492520
1341848046.110817 -0.875224292 -0.704219997 1.298125148 0.110310785 0.765706658 0.549611628 0.315360039
1341848046.142773 -0.865605354 -0.702244997 1.298079729 0.107544355 0.765830696 0.548407137 0.318099439
1341848046.181848 -0.865773678 -0.702733874 1.302585602 0.108711824 0.766612411 0.544118881 0.323143780
1341848046.219718 -0.857719958 -0.709048867 1.309761763 0.102928609 0.767071068 0.544953287 0.322542399
1341848046.249730 -0.850322902 -0.711848140 1.308521390 0.098921821 0.764068782 0.547401726 0.326748699
1341848046.283599 -0.850640297 -0.709898233 1.311241031 0.100606091 0.763145268 0.544614971 0.332989842
1341848046.317731 -0.843952298 -0.706564248 1.316781998 0.098786861 0.763933837 0.542174399 0.335698098
1341848046.349732 -0.838123560 -0.710354924 1.318332791 0.097199626 0.762427032 0.544076741 0.336508125
1341848046.382309 -0.837991595 -0.709782958 1.318150401 0.097759396 0.760334492 0.542953730 0.342834920
1341848046.417763 -0.834235549 -0.708622098 1.328844428 0.095694497 0.762635052 0.539520800 0.343726039
1341848046.449782 -0.827587068 -0.711695373 1.328485250 0.091900826 0.760238528 0.543190062 0.344290882
1341848046.485848 -0.825827241 -0.711864591 1.333745003 0.092167236 0.760049224 0.540989697 0.348081231
1341848046.517760 -0.824103594 -0.712611556 1.339031935 0.090181626 0.759523332 0.540234089 0.350911319
1341848046.549658 -0.818444133 -0.714405417 1.342191100 0.088125862 0.758641660 0.541199684 0.351851583
1341848046.586076 -0.816697180 -0.718827128 1.344999433 0.088731654 0.757776380 0.539830148 0.355647355
1341848046.617769 -0.815783501 -0.720879257 1.352705717 0.087898247 0.758975983 0.536816299 0.357851475
1341848046.653748 -0.811079681 -0.726871312 1.354668021 0.086309895 0.757304072 0.539458334 0.357806951
1341848046.685899 -0.809267879 -0.728440344 1.361856580 0.089313902 0.758096635 0.535574794 0.361209303
1341848046.714925 -0.809971869 -0.732497931 1.366424680 0.090384059 0.756889164 0.534889579 0.364475816
1341848046.746888 -0.808237433 -0.736741900 1.369847894 0.090169162 0.756144583 0.535243392 0.365553617
1341848046.778736 -0.806705952 -0.741040647 1.374189973 0.090181120 0.756229401 0.533863604 0.367388248
1341848046.814747 -0.806013584 -0.743662953 1.384789944 0.090737849 0.758286357 0.530363142 0.368080556
1341848046.846853 -0.804528117 -0.747601449 1.389059305 0.089288309 0.757653177 0.531701803 0.367807567
1341848046.878793 -0.803804636 -0.750879288 1.395494342 0.089694485 0.758259058 0.530807912 0.367751330
1341848046.915079 -0.804858327 -0.751815856 1.400578499 0.090877622 0.757982254 0.529930115 0.369294226
1341848046.946882 -0.803555846 -0.755842090 1.405896425 0.090637416 0.757835448 0.530432940 0.368932515
1341848046.982780 -0.803482115 -0.759082556 1.411441684 0.090790212 0.757713377 0.529833257 0.370005667
1341848047.015086 -0.803501725 -0.761082888 1.422212839 0.091111571 0.759092093 0.528465688 0.369055450
1341848047.047884 -0.802006245 -0.766381025 1.424299955 0.089494355 0.757235706 0.530715346 0.370035231
1341848047.089866 -0.802484214 -0.767641068 1.434064865 0.090709619 0.758522868 0.528090179 0.370857924
1341848047.114997 -0.800444484 -0.770936430 1.440455914 0.089009233 0.757536054 0.529997945 0.370565355
1341848047.147565 -0.797678471 -0.775377572 1.445287466 0.087069593 0.756651103 0.531148732 0.371185929
1341848047.182713 -0.796787977 -0.780865729 1.449048638 0.085814893 0.755894840 0.531479359 0.372543305
1341848047.214887 -0.797215223 -0.780975997 1.459332228 0.086687595 0.757166922 0.528279185 0.374305487
1341848047.250668 -0.795481920 -0.785478354 1.463977814 0.086179771 0.755271673 0.529763877 0.376148939
1341848047.282779 -0.794755816 -0.790716052 1.469305754 0.086466953 0.753592968 0.530208349 0.378814220
1341848047.314815 -0.795062542 -0.794189692 1.474494696 0.086124569 0.753363729 0.528948724 0.381102085
1341848047.350637 -0.792073190 -0.801122189 1.480573297 0.083865710 0.753449500 0.528544784 0.381995857
1341848047.383038 -0.790220976 -0.809529781 1.484043479 0.084598161 0.750955582 0.529782414 0.385018766
1341848047.414781 -0.790248513 -0.811605453 1.490387440 0.085947894 0.750579655 0.527573705 0.388470232
1341848047.450847 -0.789014220 -0.817587256 1.493847847 0.085389271 0.750249147 0.526410699 0.390802532
1341848047.482648 -0.790460706 -0.820500970 1.501326084 0.087929763 0.750210285 0.523916245 0.393655539
1341848047.518733 -0.790355623 -0.825178027 1.507719517 0.087951384 0.749157965 0.523330510 0.396424145
1341848047.550836 -0.783461452 -0.832013607 1.513223052 0.086739860 0.749282062 0.523751020 0.395900875
1341848047.582955 -0.783641756 -0.834746480 1.518245220 0.087786458 0.749344468 0.521422207 0.398616791
1341848047.618981 -0.784919381 -0.836357117 1.523024082 0.088271476 0.749391735 0.519963324 0.400322765
1341848047.650752 -0.774466038 -0.846807837 1.528733730 0.084375061 0.750500739 0.521089137 0.397612393
1341848047.689728 -0.778712988 -0.847287238 1.533648729 0.088571675 0.749604702 0.517377019 0.403198302
1341848047.719086 -0.776696801 -0.850984693 1.538090825 0.088919260 0.749129653 0.518402994 0.402686536
1341848047.750845 -0.774219275 -0.854369879 1.542317867 0.087999307 0.748921096 0.518367648 0.403321654
1341848047.786695 -0.770792961 -0.858565152 1.547737956 0.087889344 0.749028742 0.518408895 0.403092623
1341848047.818804 -0.769719899 -0.861669064 1.552164793 0.087526724 0.748680532 0.517263472 0.405283868
1341848047.850811 -0.767280221 -0.864909410 1.555390120 0.084631361 0.748908460 0.517715275 0.404900670
1341848047.886853 -0.762652397 -0.868706882 1.559538007 0.084068611 0.749627292 0.517702699 0.403701961
1341848047.918858 -0.760339856 -0.874005198 1.564352512 0.084466733 0.750279248 0.516645133 0.403762609
1341848047.954723 -0.758699656 -0.876763463 1.567872167 0.084417790 0.749866307 0.516664624 0.404514283
1341848047.986771 -0.753688633 -0.880896986 1.570617795 0.082485221 0.750373602 0.517611444 0.402757972
1341848048.018897 -0.749611914 -0.885956168 1.576996922 0.083481535 0.752236664 0.515560925 0.401705891
1341848048.054937 -0.752254367 -0.888654351 1.578287840 0.084830269 0.750646949 0.515135705 0.404929847
1341848048.086776 -0.748628616 -0.889737785 1.585281134 0.083882302 0.752441764 0.514259756 0.402904421
1341848048.118790 -0.741728783 -0.896709383 1.588704348 0.081713691 0.753077865 0.515523851 0.400539279
1341848048.154692 -0.741603911 -0.897239089 1.594546318 0.085320242 0.753950477 0.513730645 0.400449604
1341848048.186720 -0.740890265 -0.899364114 1.596999288 0.084799282 0.754456639 0.514090955 0.399142414
1341848048.222966 -0.730099678 -0.910630882 1.598713994 0.080451421 0.755155742 0.517238796 0.394628197
1341848048.254953 -0.731864214 -0.910333753 1.602126956 0.086289555 0.756663561 0.514088571 0.394622952
1341848048.286640 -0.731137633 -0.913630009 1.608077049 0.085095041 0.758967817 0.512508631 0.392506808
1341848048.322843 -0.724948168 -0.917233884 1.613630652 0.083585285 0.760563970 0.513031244 0.389043570
1341848048.354699 -0.722724617 -0.922881126 1.614336371 0.084305443 0.760620713 0.513978601 0.387523860
1341848048.386709 -0.723325253 -0.924597085 1.618883967 0.083063476 0.762606442 0.510909438 0.387947679
1341848048.422649 -0.716439188 -0.931484640 1.623047829 0.079802766 0.764861882 0.510337293 0.384933323
1341848048.454923 -0.718574405 -0.935437977 1.626046181 0.082425542 0.766156912 0.508116126 0.384743661
1341848048.490668 -0.714133024 -0.940358579 1.632320642 0.080445744 0.767522991 0.507986903 0.382604539
1341848048.522793 -0.709222317 -0.945122659 1.633181572 0.080792829 0.767470896 0.509127796 0.381116509
1341848048.554990 -0.711462498 -0.947815895 1.633717060 0.083933420 0.768442035 0.506408989 0.382101953
1341848048.590630 -0.711361349 -0.949210286 1.641827583 0.086924359 0.771407783 0.501872182 0.381442577
1341848048.622652 -0.706381321 -0.955672622 1.643498778 0.086473472 0.771782875 0.502408504 0.380077869
1341848048.658741 -0.705663025 -0.958637595 1.645474434 0.089597255 0.773418367 0.500311434 0.378793895
1341848048.690791 -0.705702126 -0.963478923 1.649679422 0.090499766 0.775114775 0.497405350 0.378938943
1341848048.722708 -0.704093695 -0.965354323 1.651596308 0.093150124 0.775397480 0.496765465 0.378557533
1341848048.758833 -0.702650249 -0.969775081 1.653373957 0.094740108 0.776559949 0.495718032 0.377150446
1341848048.791156 -0.700082660 -0.973969340 1.657941818 0.094119899 0.778581083 0.493348867 0.376244396
1341848048.822736 -0.695894539 -0.981441379 1.657835245 0.093483336 0.778974652 0.493658155 0.375181168
1341848048.858661 -0.696775258 -0.982415676 1.662987828 0.095501229 0.780876815 0.488927543 0.376909494
1341848048.891041 -0.692890644 -0.988852084 1.664349318 0.093536794 0.781926930 0.487699628 0.376815885
1341848048.926768 -0.686483085 -0.996019483 1.667999744 0.090892829 0.784005463 0.484805197 0.376878977
1341848048.958953 -0.686998487 -0.999048412 1.673186541 0.092623152 0.785319328 0.480475217 0.379259855
1341848048.990810 -0.686322689 -1.004561305 1.673596621 0.094359875 0.785285652 0.479080468 0.380663246
1341848049.026707 -0.685925543 -1.009663105 1.673196793 0.094516493 0.786041737 0.475491345 0.383553147
1341848049.058792 -0.684932828 -1.014970899 1.681038141 0.093517296 0.790037692 0.469059408 0.383507818
1341848049.090709 -0.683947980 -1.017007709 1.689641476 0.096560992 0.792042673 0.465564549 0.382876009
1341848049.126753 -0.682672024 -1.022690892 1.689740896 0.097472832 0.790445924 0.465801239 0.385646850
1341848049.158854 -0.683505893 -1.025682449 1.692259073 0.097428799 0.791154683 0.463170648 0.387369275
1341848049.194708 -0.680940032 -1.030270219 1.698047161 0.096180089 0.793288946 0.460170329 0.386891931
1341848049.226742 -0.679842830 -1.033420682 1.706034541 0.097399339 0.794398189 0.457843572 0.387071282
1341848049.258792 -0.680282414 -1.037151575 1.706727266 0.097900756 0.792454302 0.458899707 0.389670014
1341848049.294747 -0.678824484 -1.041749954 1.709681869 0.095630214 0.793325365 0.457364291 0.390266240
1341848049.326837 -0.679833651 -1.044127464 1.715945482 0.096583813 0.794770539 0.455267757 0.389541626
1341848049.358802 -0.676739335 -1.050919533 1.722911358 0.096588977 0.794995666 0.456298769 0.387870967
1341848049.394779 -0.673131943 -1.057273149 1.725256562 0.096832246 0.794529676 0.458207905 0.386512250
1341848049.426763 -0.675186157 -1.061207056 1.728134036 0.098057561 0.795282245 0.456412733 0.386779428
1341848049.462746 -0.676862359 -1.062816381 1.738759995 0.100117370 0.797403336 0.454535693 0.384085536
1341848049.494728 -0.671867251 -1.070529103 1.739679933 0.101247028 0.796758890 0.457739651 0.381311834
1341848049.526803 -0.679010212 -1.069824696 1.746281624 0.106205784 0.797578573 0.454108894 0.382588387
1341848049.562799 -0.679603219 -1.075105906 1.753854871 0.106022067 0.798628509 0.454560041 0.379903853
1341848049.594759 -0.674598098 -1.080132246 1.761136889 0.107141040 0.798914611 0.455581009 0.377759337
1341848049.626829 -0.675089121 -1.086771250 1.764367104 0.108160049 0.797545791 0.456617951 0.379106909
1341848049.662690 -0.674954355 -1.090706706 1.771163225 0.106456526 0.798282504 0.456052482 0.378719151
1341848049.695064 -0.673279285 -1.093810916 1.779381514 0.106286809 0.798645079 0.455674350 0.378457427
1341848049.730793 -0.668053091 -1.099629402 1.791595459 0.108043037 0.798537850 0.455725789 0.378124326
1341848049.762702 -0.671215713 -1.104191065 1.797294140 0.106789708 0.796299875 0.455269873 0.383707941
1341848049.794722 -0.666941881 -1.110855579 1.803661823 0.104743324 0.796657622 0.456214786 0.382404953
1341848049.830816 -0.662635148 -1.117292404 1.815867186 0.104538716 0.797267020 0.455084026 0.382538289
1341848049.869834 -0.667236745 -1.115157843 1.821707964 0.105562665 0.794645607 0.454175860 0.388740540
1341848049.898674 -0.662496030 -1.124139547 1.821746945 0.101641826 0.792023420 0.458048046 0.390589029
1341848049.930835 -0.658391953 -1.129272699 1.827539563 0.100036658 0.792880893 0.456244111 0.391374320
1341848049.963022 -0.662490368 -1.130013943 1.838907242 0.103095569 0.793171227 0.452356219 0.394492775
1341848049.998757 -0.660790801 -1.135151148 1.844550610 0.102712050 0.791358709 0.453881085 0.396476537
1341848050.030786 -0.655458927 -1.144345760 1.846810699 0.099980488 0.789232850 0.456271648 0.398662269
1341848050.062661 -0.657062948 -1.142985821 1.852217197 0.101993285 0.788833499 0.452691674 0.403000355
1341848050.098678 -0.655232906 -1.145608664 1.862456441 0.101426251 0.789579749 0.451149672 0.403411120
1341848050.130710 -0.650456548 -1.144056559 1.868735313 0.102222487 0.788991034 0.449798167 0.405863643
1341848050.166738 -0.654534400 -1.148577690 1.869288802 0.100356542 0.786260486 0.449444145 0.411974430
1341848050.198726 -0.649213731 -1.149126053 1.877173305 0.098133035 0.786983788 0.448208243 0.412475228
1341848050.230806 -0.646745682 -1.150712132 1.883336306 0.098495297 0.786061227 0.446175456 0.416333824
1341848050.266732 -0.648064733 -1.151719570 1.886970758 0.098569602 0.784123003 0.445064336 0.421132833
1341848050.298842 -0.644439816 -1.153928041 1.893515825 0.095713988 0.784199834 0.443620801 0.423166811
1341848050.330688 -0.639044821 -1.160145998 1.899329901 0.093443058 0.783610702 0.442822278 0.425595075
1341848050.366746 -0.639110565 -1.160298347 1.906243801 0.094824016 0.782791257 0.440623611 0.429065317
1341848050.398693 -0.638729453 -1.163266301 1.908944011 0.092954390 0.780328095 0.440537184 0.434021354
1341848050.434780 -0.630128682 -1.170231104 1.912436485 0.089424752 0.779349923 0.441676706 0.435360342
1341848050.466655 -0.630147278 -1.171337485 1.916553974 0.090163618 0.778172255 0.439361125 0.439636588
1341848050.498791 -0.626734316 -1.175529242 1.919061422 0.087348543 0.776970327 0.437662840 0.444002956
1341848050.534849 -0.624812841 -1.177036285 1.925086975 0.087370172 0.777413547 0.434522063 0.446301728
1341848050.566840 -0.623887539 -1.179131031 1.930279255 0.088288948 0.776568770 0.432795107 0.449259788
1341848050.598790 -0.622932613 -1.181805849 1.935326457 0.088463679 0.774255633 0.431671768 0.454270720
1341848050.634752 -0.618332446 -1.187865496 1.935369611 0.086064868 0.772125661 0.431981206 0.458046973
1341848050.666816 -0.617544174 -1.188677788 1.942359328 0.087126680 0.772631049 0.427373499 0.461304814
1341848050.702846 -0.614719748 -1.192528844 1.948446989 0.086903691 0.771800280 0.425704569 0.464271098
1341848050.734789 -0.611768544 -1.197702646 1.951338768 0.087595522 0.769574940 0.426309645 0.467270285
1341848050.766882 -0.609121442 -1.197814822 1.957471848 0.089716882 0.768079996 0.424740821 0.470743209
1341848050.802875 -0.603824258 -1.201910973 1.960744143 0.089110091 0.766624272 0.423635691 0.474214494
1341848050.834769 -0.605539024 -1.205802560 1.963562250 0.089280248 0.764782429 0.421278894 0.479229569
1341848050.870719 -0.603376627 -1.207336187 1.970652938 0.089182481 0.764005303 0.419520974 0.482021332
1341848050.902725 -0.596567631 -1.212082624 1.971943617 0.087732866 0.761280000 0.419384360 0.486695439
1341848050.934794 -0.595137119 -1.217044592 1.974261284 0.086300217 0.760189712 0.417142004 0.490567446
1341848050.970852 -0.595115781 -1.219803333 1.978671551 0.086042747 0.758876026 0.414681733 0.494714946
1341848051.002763 -0.589515924 -1.224912643 1.980694056 0.085965186 0.757305145 0.414595425 0.497201741
1341848051.035007 -0.591595769 -1.223927021 1.988161087 0.089315824 0.757035315 0.410356671 0.500527263
1341848051.070784 -0.585721374 -1.228866100 1.992738485 0.087743983 0.756427646 0.409722537 0.502240598
1341848051.102734 -0.585402608 -1.233204126 1.993017673 0.087928995 0.754269898 0.408388823 0.506521523
1341848051.138713 -0.583629489 -1.238499999 1.998547673 0.087736450 0.754270554 0.407005042 0.507666469
1341848051.170672 -0.583090663 -1.239829302 2.002171516 0.089026660 0.753295898 0.406094283 0.509614527
1341848051.202839 -0.580764055 -1.238353610 2.005686522 0.092492439 0.752205789 0.404381156 0.511964202
1341848051.238747 -0.576708555 -1.246256828 2.006188631 0.091585822 0.750568390 0.404418796 0.514494359
1341848051.270842 -0.573778152 -1.251229286 2.004852295 0.090020962 0.749560475 0.402711540 0.517569959
1341848051.302718 -0.574812829 -1.251266241 2.008478165 0.092718802 0.750717819 0.397453845 0.519477069
1341848051.338668 -0.571976423 -1.253433585 2.012532473 0.095013976 0.751684427 0.393880039 0.520385683
1341848051.370895 -0.575300574 -1.255276680 2.013076067 0.096111476 0.749600887 0.389508694 0.526444733
1341848051.406688 -0.574499369 -1.257824063 2.013718128 0.095868252 0.749186039 0.388039082 0.528162181
1341848051.440006 -0.574072361 -1.258309245 2.017662287 0.096793868 0.749252915 0.384264499 0.530652285
1341848051.470890 -0.574171901 -1.261750460 2.018271685 0.096452668 0.747938454 0.382467389 0.533857405
1341848051.506718 -0.575263798 -1.261968613 2.020505190 0.096308596 0.746229231 0.379549086 0.538339317
1341848051.538932 -0.571366429 -1.258849621 2.018354416 0.095461376 0.743654668 0.374833703 0.545311570
1341848051.570738 -0.574108839 -1.261130810 2.023521185 0.092177726 0.744986594 0.365427554 0.550418854
1341848051.606760 -0.574687481 -1.258602262 2.026184082 0.091125697 0.743869722 0.359275609 0.556124985
1341848051.638863 -0.570737123 -1.261384487 2.024056911 0.088395186 0.740211904 0.354018360 0.564751148
1341848051.674718 -0.574816525 -1.267557621 2.030564308 0.088900089 0.741287410 0.348321319 0.566799939
1341848051.706714 -0.581188977 -1.265843987 2.033047676 0.090151235 0.737276673 0.345041126 0.573796511
1341848051.738793 -0.581773520 -1.262591481 2.030927896 0.091404885 0.732115805 0.340693742 0.582734406
1341848051.774823 -0.586477935 -1.262210369 2.030059099 0.093025014 0.728986561 0.337837577 0.588039696
1341848051.806694 -0.583630443 -1.261352181 2.029134512 0.088390835 0.726624787 0.333299935 0.594234526
1341848051.838757 -0.584486365 -1.257244468 2.031163692 0.086611874 0.727261662 0.323271543 0.599236488
1341848051.874951 -0.594078481 -1.266904354 2.032947779 0.082574688 0.727528930 0.320960522 0.600722432
1341848051.906707 -0.597015142 -1.260968685 2.036655664 0.077641517 0.725531876 0.316619486 0.606075406
1341848051.942680 -0.597329855 -1.261574626 2.036835670 0.074933760 0.722822130 0.314873248 0.610547304
1341848051.974762 -0.606687307 -1.263373613 2.038060904 0.070938542 0.722127318 0.314602703 0.611984432
1341848052.006755 -0.604521573 -1.261381388 2.040483475 0.065621689 0.722352326 0.315044910 0.612084627
1341848052.042751 -0.602502346 -1.258437157 2.037764788 0.062680222 0.722354531 0.313156664 0.613358080
1341848052.074871 -0.611786008 -1.255045295 2.037148714 0.060946040 0.723140895 0.309919149 0.614249885
1341848052.110964 -0.610828936 -1.254299164 2.033226013 0.055744689 0.723776639 0.312117934 0.612880349
1341848052.143014 -0.614622831 -1.250650406 2.032443285 0.053643107 0.724661529 0.308190286 0.614008784
1341848052.178064 -0.623682320 -1.254313707 2.034962177 0.047565561 0.726217151 0.306760132 0.613387704
1341848052.211397 -0.622928977 -1.254117846 2.033961058 0.042260174 0.727053881 0.308719754 0.611799657
1341848052.242872 -0.627203465 -1.249271393 2.032771349 0.040479999 0.728341460 0.304566681 0.612469733
1341848052.275206 -0.640867949 -1.250733376 2.032478333 0.034314122 0.729146481 0.303020090 0.612655520
1341848052.311125 -0.642780066 -1.249865055 2.030565500 0.031894971 0.728552043 0.306998819 0.611511588
1341848052.342876 -0.643076181 -1.245725155 2.027457714 0.028214885 0.729405999 0.303265035 0.612536609
1341848052.379476 -0.653231204 -1.245669961 2.027024984 0.025791464 0.731314242 0.302360535 0.610812962
1341848052.412309 -0.655182242 -1.246856093 2.029164076 0.023780039 0.732831359 0.305847049 0.607330382
1341848052.444722 -0.659355462 -1.243940234 2.024117947 0.022323286 0.731503248 0.303349972 0.610232234
1341848052.481496 -0.666005373 -1.246582866 2.024959564 0.020550774 0.734655261 0.302632332 0.606854975
1341848052.512393 -0.665142179 -1.244888902 2.026183128 0.018747417 0.737442434 0.301621139 0.604029655
1341848052.543277 -0.675310671 -1.243038654 2.026078224 0.018859882 0.738257766 0.298263788 0.604696989
1341848052.579155 -0.687824607 -1.246042609 2.021092653 0.013521086 0.737263322 0.298894405 0.605740845
1341848052.617750 -0.685734391 -1.240482330 2.018246412 0.009415276 0.738263547 0.297813714 0.605132401
1341848052.646710 -0.692578316 -1.237381577 2.015146732 0.007139451 0.738674819 0.292613775 0.607194901
1341848052.678720 -0.701469362 -1.235426188 2.021210909 0.002623516 0.742194295 0.287222922 0.605511129
1341848052.710822 -0.706683397 -1.233288527 2.020169735 0.000583896 0.742909074 0.287574977 0.604471982
1341848052.746833 -0.714168608 -1.231193781 2.019194603 0.002904564 0.742446125 0.289063901 0.604323864
1341848052.778710 -0.725099564 -1.231778979 2.022814989 0.002810369 0.743028462 0.291628540 0.602373302
1341848052.810890 -0.726628125 -1.228320122 2.013408422 -0.000819277 0.741474032 0.295327425 0.602492511
1341848052.846856 -0.730179250 -1.231612563 2.008588552 -0.004605653 0.743436933 0.293791145 0.600805342
1341848052.878813 -0.742866337 -1.231086850 2.007820368 -0.005576771 0.746956706 0.290928155 0.597817123
1341848052.914694 -0.749941051 -1.227134705 2.005060673 -0.006518107 0.748107553 0.292839080 0.595430851
1341848052.946675 -0.750963092 -1.228470802 2.006744862 -0.008354344 0.750812948 0.293738991 0.591546714
1341848052.978684 -0.760680437 -1.229412675 2.001559258 -0.008043265 0.751703024 0.295869946 0.589354575
1341848053.014784 -0.766150892 -1.225358725 1.995920181 -0.009597150 0.753816664 0.298256785 0.585415363
1341848053.046693 -0.769585967 -1.220913529 1.999785542 -0.007503821 0.758166015 0.296732008 0.580584288
1341848053.082651 -0.780250371 -1.229799032 1.997746825 -0.009616273 0.759258449 0.300848275 0.576996088
1341848053.114846 -0.784605920 -1.223609447 1.990188956 -0.011561108 0.761224151 0.302881122 0.573294938
1341848053.146985 -0.789706409 -1.220784664 1.983951569 -0.011078442 0.763475716 0.304057628 0.569676340
1341848053.183210 -0.800535023 -1.218030453 1.985958934 -0.008437334 0.765976667 0.305836469 0.565396070
1341848053.214816 -0.805272400 -1.215525031 1.982040524 -0.008760577 0.767638505 0.308329433 0.561771691
1341848053.247961 -0.807280004 -1.216035604 1.976699591 -0.008974194 0.770413280 0.308593035 0.557810962
1341848053.289822 -0.816119790 -1.212299824 1.976842046 -0.006495727 0.773178875 0.307378143 0.554680943
1341848053.321709 -0.822208047 -1.212324619 1.974176288 -0.005121266 0.775105059 0.309890300 0.550594151
1341848053.353831 -0.825458825 -1.212419033 1.973258495 -0.003786450 0.777783990 0.312716156 0.545203090
1341848053.386096 -0.831606627 -1.208155632 1.973160744 -0.001847130 0.780367553 0.312524259 0.541619480
1341848053.421775 -0.841422141 -1.211108208 1.972595811 -0.000870643 0.782803118 0.315577716 0.536310613
1341848053.453749 -0.843423128 -1.208922625 1.971925497 0.000219192 0.785225570 0.320204169 0.529990494
1341848053.485736 -0.850673974 -1.202655911 1.969577193 0.003193728 0.785402894 0.322593659 0.528266370
1341848053.521747 -0.853592277 -1.207240820 1.970607519 0.002353261 0.786929846 0.326802731 0.523388743
1341848053.553915 -0.861778378 -1.202552199 1.968712687 0.002524931 0.789064527 0.329709291 0.518326700
1341848053.589737 -0.867765903 -1.197547913 1.966150165 0.004231730 0.790228128 0.333931863 0.513820052
1341848053.621911 -0.871454775 -1.192065716 1.968946815 0.007595086 0.791858137 0.338066936 0.508540750
1341848053.653792 -0.880520165 -1.185495377 1.963715076 0.010097811 0.792052150 0.344857007 0.503612041
1341848053.689724 -0.881845295 -1.193952203 1.959781170 0.006370011 0.793087780 0.353842169 0.495748818
1341848053.721697 -0.885172963 -1.193629622 1.961898804 0.007753864 0.795787632 0.357333869 0.488850057
1341848053.758007 -0.890160263 -1.191258907 1.962649822 0.009035048 0.798370659 0.362319082 0.480882078
1341848053.789882 -0.888645709 -1.193722725 1.960358858 0.008203060 0.800484180 0.368036807 0.472976387
1341848053.821625 -0.890301585 -1.197680235 1.960199237 0.008967398 0.803541958 0.372046858 0.464565486
1341848053.857784 -0.897065163 -1.194314480 1.958668113 0.012145526 0.805805683 0.375150710 0.458030105
1341848053.889790 -0.902303398 -1.193857908 1.956958055 0.015687846 0.806815863 0.379473329 0.452550560
1341848053.925729 -0.898281038 -1.199777484 1.957929611 0.018051879 0.809212625 0.383008957 0.445144117
1341848053.951067 -0.905692101 -1.201608181 1.957172155 0.022630487 0.811319172 0.384028822 0.440194219
1341848053.986823 -0.906204343 -1.202828526 1.964057803 0.026256034 0.814861059 0.385129213 0.432420582
1341848054.019304 -0.910194159 -1.205308437 1.964205027 0.034554262 0.814676940 0.388561964 0.429100335
1341848054.051032 -0.917105258 -1.204993248 1.966677070 0.042720802 0.814166307 0.392496407 0.425740182
1341848054.086777 -0.920650899 -1.210774302 1.966557980 0.045347001 0.812986672 0.398387372 0.422236621
1341848054.118853 -0.918177187 -1.214419961 1.973487258 0.050354749 0.813400149 0.402226955 0.417202622
1341848054.155032 -0.925883055 -1.215883017 1.975352526 0.056430582 0.811824679 0.405885845 0.415948153
1341848054.186687 -0.926435649 -1.224114895 1.975264311 0.055353004 0.810321450 0.410395622 0.414596856
1341848054.219030 -0.923409939 -1.229262352 1.974921942 0.055013530 0.810521722 0.411874115 0.412780404
1341848054.254827 -0.926696360 -1.234803915 1.977307081 0.054886550 0.812403738 0.409344375 0.411612362
1341848054.286801 -0.939038694 -1.233722091 1.986240149 0.056563932 0.814322531 0.405949771 0.410954982
1341848054.322895 -0.934924066 -1.239739776 1.991334200 0.053249184 0.813827097 0.411720097 0.406616002
1341848054.354790 -0.931505024 -1.248120070 1.988948941 0.050784748 0.812179208 0.416243106 0.405619949
1341848054.387103 -0.939974666 -1.250834823 1.994125366 0.050921652 0.812144160 0.416425496 0.405485690
1341848054.422878 -0.939654529 -1.255120158 1.996410847 0.048109837 0.811609924 0.420226038 0.402970016
1341848054.454739 -0.934036672 -1.260837913 2.001513958 0.048463020 0.811578989 0.422728449 0.400364190
1341848054.486883 -0.944650769 -1.260250807 2.007699966 0.053162824 0.810724318 0.421391100 0.402901143
1341848054.522689 -0.948803425 -1.263328552 2.005341768 0.053037770 0.809669614 0.423558265 0.402766019
1341848054.554861 -0.944993675 -1.271969199 2.006090403 0.051757995 0.811175108 0.424840808 0.398530245
1341848054.590790 -0.951795816 -1.270028949 2.010303974 0.056182846 0.812749743 0.422934979 0.396745920
1341848054.622694 -0.957005441 -1.273994684 2.013196945 0.056724593 0.812439919 0.424209625 0.395941824
1341848054.656449 -0.961327791 -1.280179262 2.007542610 0.056797560 0.810864270 0.427260548 0.395880759
1341848054.691021 -0.966697991 -1.280536771 2.010855913 0.057497870 0.812768340 0.427192330 0.391929030
1341848054.722739 -0.964368224 -1.285809159 2.010279655 0.054630648 0.814565063 0.427258819 0.388521850
1341848054.754741 -0.967129469 -1.288623214 2.013882399 0.055268530 0.816969335 0.425653011 0.385131270
1341848054.790887 -0.972024560 -1.291237235 2.014079571 0.057772417 0.818327606 0.424967051 0.382629454
1341848054.822877 -0.981266499 -1.291526318 2.016497850 0.061815992 0.819397628 0.425462902 0.379140675
1341848054.858903 -0.981400788 -1.295278072 2.018404007 0.065020531 0.820208609 0.428142935 0.373796493
1341848054.890895 -0.981486320 -1.298224330 2.020714283 0.068172939 0.821748078 0.428091317 0.369892478
1341848054.922754 -0.993361950 -1.297482491 2.020008802 0.072578050 0.822820187 0.427560538 0.367275655
1341848054.958727 -0.997039080 -1.297888279 2.026452780 0.076058574 0.824638128 0.427966893 0.361982644
1341848054.991052 -0.995136082 -1.304928541 2.027030468 0.076362379 0.825348377 0.428364038 0.359823793
1341848055.023048 -1.006706715 -1.310115814 2.026314497 0.077377252 0.826231301 0.426839471 0.359392136
1341848055.058739 -1.008277059 -1.308324218 2.034657240 0.079318605 0.829540253 0.424970686 0.353513002
1341848055.090735 -1.006719589 -1.312726736 2.040472984 0.081537351 0.831288397 0.424159557 0.349857002
1341848055.126977 -1.020667195 -1.316146612 2.044226646 0.086841755 0.830964983 0.423949569 0.349603415
1341848055.159212 -1.027288437 -1.322254062 2.044126511 0.086151429 0.830994666 0.425781727 0.347470492
1341848055.190986 -1.029341221 -1.327554226 2.047504663 0.086846419 0.832789898 0.425314039 0.343550146
1341848055.226768 -1.031052828 -1.331719160 2.059165478 0.089332350 0.835320413 0.422515035 0.340206742
1341848055.258881 -1.043343306 -1.334028244 2.063254118 0.092179380 0.834240794 0.423279583 0.341144621
1341848055.294725 -1.040213704 -1.343343019 2.069002151 0.091134109 0.834417224 0.425710857 0.337953746
1341848055.326795 -1.046281576 -1.344167233 2.079335690 0.094358087 0.835624218 0.423541009 0.336811095
1341848055.358938 -1.055333853 -1.349936247 2.083526850 0.093795680 0.835432768 0.423342943 0.337690979
1341848055.394711 -1.062866569 -1.354770899 2.088912010 0.091507092 0.836021185 0.423339814 0.336865544
1341848055.426823 -1.063967109 -1.360044003 2.095412731 0.089460321 0.837177098 0.423567951 0.334247708
1341848055.458813 -1.069631338 -1.365292668 2.106863976 0.089563139 0.838577330 0.422460735 0.332104594
1341848055.494734 -1.078421116 -1.365380168 2.114313126 0.090769507 0.838900268 0.422714323 0.330635399
1341848055.526713 -1.076865673 -1.371500611 2.115952015 0.088356026 0.839088261 0.424707323 0.328249454
1341848055.562613 -1.078366518 -1.375154614 2.127827883 0.089027345 0.841483176 0.422962129 0.324165404
1341848055.594685 -1.086510301 -1.377812862 2.135341167 0.088620946 0.842590928 0.422435194 0.322079688
1341848055.626675 -1.087159634 -1.378770828 2.146793127 0.088710465 0.844050348 0.422744244 0.317799836
1341848055.662951 -1.086683512 -1.384240389 2.151560307 0.088718787 0.844179392 0.423853457 0.315972030
1341848055.694797 -1.099497080 -1.393793583 2.146615982 0.085707821 0.842915595 0.426369935 0.316790283
1341848055.726774 -1.099455833 -1.398999929 2.153786659 0.082444042 0.844227970 0.430284053 0.308768064
1341848055.762799 -1.087298036 -1.396932125 2.165830612 0.083438896 0.846362710 0.430744886 0.301938564
1341848055.794951 -1.096448660 -1.400928497 2.170117378 0.086819842 0.846423268 0.430482239 0.301189274
1341848055.830810 -1.099252343 -1.406798959 2.169487715 0.087314874 0.846394002 0.433265388 0.297110051
1341848055.862804 -1.094741821 -1.405581713 2.177355289 0.090108909 0.848991215 0.431945473 0.290718794
1341848055.894792 -1.097592115 -1.409296036 2.180051088 0.092269756 0.849970758 0.431346118 0.288056374
1341848055.930676 -1.099045634 -1.411802292 2.186333656 0.091967955 0.851279259 0.430291057 0.285858452
1341848055.962765 -1.092205048 -1.415506363 2.193737030 0.093019672 0.852643073 0.430149049 0.281636089
1341848055.994709 -1.095948815 -1.418645859 2.201306105 0.095565148 0.852482855 0.430682003 0.280451924
1341848056.030693 -1.095419407 -1.422601461 2.200940609 0.095172800 0.851067483 0.433977336 0.279803306
1341848056.062776 -1.083607674 -1.425556183 2.210331440 0.095774159 0.852219284 0.434037417 0.275972933
1341848056.098792 -1.085906267 -1.428612351 2.217204809 0.097519398 0.852222741 0.434024096 0.275371373
1341848056.130649 -1.080059290 -1.434630275 2.221169949 0.096169688 0.852568865 0.434752405 0.273620099
1341848056.162731 -1.068514585 -1.441188574 2.229941845 0.096421324 0.853696585 0.434208304 0.270865560
1341848056.198744 -1.066764593 -1.444182158 2.235879421 0.098392814 0.853214562 0.433701485 0.272482604
1341848056.230727 -1.064547300 -1.446601868 2.239665508 0.100887381 0.851873100 0.435315937 0.273192346
1341848056.263915 -1.058585405 -1.451257944 2.243589640 0.100874342 0.850846171 0.435841054 0.275549918
1341848056.298771 -1.054057121 -1.456820965 2.252408981 0.101837449 0.850891113 0.435130686 0.276178807
1341848056.330676 -1.049062729 -1.458455682 2.265046597 0.102669351 0.851224303 0.434758991 0.275428444
1341848056.366737 -1.036987901 -1.463650942 2.272101641 0.102952048 0.850839436 0.435802817 0.274861783
1341848056.398744 -1.033389807 -1.463962197 2.279857635 0.107708998 0.849150598 0.436126709 0.277732819
1341848056.430750 -1.031312823 -1.472073674 2.290587425 0.111309983 0.845599234 0.441765666 0.278235674
1341848056.466830 -1.019603014 -1.475048423 2.299963474 0.114938810 0.841908216 0.449045211 0.276293308
1341848056.498895 -1.010776043 -1.475850344 2.307021141 0.116525434 0.839700460 0.451293468 0.278673977
1341848056.534778 -1.008818984 -1.485898256 2.312710762 0.113944136 0.837770879 0.454108983 0.280965716
1341848056.566729 -0.999211311 -1.493270397 2.319312811 0.111922771 0.836847305 0.456739604 0.280265659
1341848056.598948 -0.982145131 -1.495893836 2.332201481 0.114677668 0.836823046 0.457447469 0.278061211
1341848056.634801 -0.986608386 -1.498374224 2.336311102 0.118731081 0.832656324 0.460216045 0.284231514
1341848056.666759 -0.976991773 -1.505243182 2.341086864 0.118877746 0.830123127 0.463921040 0.285553843
1341848056.698889 -0.969767809 -1.514147758 2.346948147 0.118861556 0.829220891 0.464842469 0.286681265
1341848056.734784 -0.964552224 -1.514158010 2.352158546 0.118210264 0.828569472 0.464257836 0.289764911
1341848056.766724 -0.959550202 -1.519165754 2.356689930 0.118018471 0.827483714 0.464502543 0.292540044
1341848056.802861 -0.953864992 -1.524278283 2.362262726 0.116200052 0.826230466 0.465767652 0.294790268
1341848056.834980 -0.945692658 -1.526937366 2.366444826 0.114268273 0.825273097 0.466562063 0.296962857
1341848056.866661 -0.941135526 -1.532609701 2.367037058 0.114562899 0.824262679 0.466856599 0.299184501
1341848056.902748 -0.941830218 -1.539687514 2.370218277 0.113533497 0.824101925 0.467018306 0.299766839
1341848056.934715 -0.934739530 -1.539469242 2.375355482 0.110278785 0.824916780 0.467243880 0.298385829
1341848056.966788 -0.927725255 -1.541453600 2.380929470 0.110555582 0.825754702 0.466662079 0.296872169
1341848057.002703 -0.929930151 -1.546730876 2.384353161 0.110264175 0.824974656 0.467707694 0.297503203
1341848057.034763 -0.922952592 -1.546853065 2.385822773 0.106541246 0.825030088 0.469928801 0.295196861
1341848057.070964 -0.908650279 -1.548742175 2.389698505 0.103702910 0.826122522 0.470273376 0.292592376
1341848057.102757 -0.908862650 -1.553176284 2.395887375 0.103114419 0.826179862 0.469549149 0.293799043
1341848057.134714 -0.905039370 -1.554112077 2.404221058 0.102180116 0.826010108 0.471435249 0.291573852
1341848057.170739 -0.899561405 -1.559260845 2.407245636 0.099957556 0.824945450 0.473593503 0.291860789
1341848057.202641 -0.898961067 -1.561661720 2.411584616 0.097569831 0.825232327 0.472209334 0.294091880
1341848057.234679 -0.890204430 -1.567972541 2.420984268 0.093625486 0.825902402 0.473875374 0.290794849
1341848057.270814 -0.887107253 -1.569645166 2.428047657 0.092830487 0.824809194 0.476253271 0.290267259
1341848057.302860 -0.878740549 -1.571315169 2.431362391 0.091504328 0.823690474 0.478258461 0.290568173
1341848057.338756 -0.876573980 -1.578110695 2.439409733 0.088875085 0.823345959 0.480021983 0.289450496
1341848057.370841 -0.867440403 -1.577899218 2.447455168 0.087139346 0.823196650 0.482609123 0.286081284
1341848057.402722 -0.858569860 -1.579799414 2.452637672 0.086668305 0.822953999 0.483970970 0.284617990
1341848057.438870 -0.858089030 -1.583669662 2.456315279 0.085885659 0.822580934 0.485408694 0.283482999
1341848057.470699 -0.850859404 -1.588926911 2.465718269 0.084318981 0.822990000 0.488237619 0.277852178
1341848057.506720 -0.840799749 -1.592595100 2.474672318 0.086344577 0.823430717 0.489388317 0.273871213
1341848057.538788 -0.837341547 -1.599262357 2.484507561 0.087015055 0.822945952 0.490655810 0.272846580
1341848057.571069 -0.833919823 -1.604820490 2.491035938 0.086718515 0.821580172 0.494740844 0.269661635
1341848057.606668 -0.823998749 -1.609092712 2.496470690 0.086144395 0.820705652 0.499227911 0.264183253
1341848057.638819 -0.816974759 -1.612516880 2.501777411 0.086042926 0.820804775 0.501309454 0.259932399
1341848057.670943 -0.815008938 -1.616346478 2.508714676 0.085378453 0.820895910 0.503556192 0.255482882
1341848057.706823 -0.801309466 -1.620460510 2.516169071 0.085997075 0.821908116 0.505833864 0.247393698
1341848057.738890 -0.795623481 -1.623924971 2.523788214 0.086417601 0.822742343 0.505724967 0.244682014
1341848057.774986 -0.793733060 -1.628857613 2.529036999 0.086654045 0.822190285 0.507548690 0.242669672
1341848057.806842 -0.785477698 -1.632809997 2.535530567 0.089613982 0.822114110 0.509889126 0.236877352
1341848057.838760 -0.776033700 -1.637043476 2.542967796 0.094586775 0.822761595 0.509954572 0.232514560
1341848057.874817 -0.775593042 -1.640379667 2.545320988 0.095897548 0.822612107 0.510019600 0.232364073
1341848057.906831 -0.766911626 -1.644542217 2.554783583 0.095919862 0.823585391 0.509567797 0.229884967
1341848057.938847 -0.760052800 -1.649163604 2.566231251 0.098070972 0.823451579 0.509882808 0.228755444
1341848057.975316 -0.757859349 -1.656172395 2.571133137 0.099456675 0.821572185 0.512285948 0.229544312
1341848058.006833 -0.748370230 -1.657765508 2.575230122 0.100105189 0.821372271 0.512142897 0.230295777
1341848058.042753 -0.741208732 -1.660507679 2.578977346 0.101743430 0.822009802 0.509360194 0.233452991
1341848058.075970 -0.734532058 -1.670312285 2.586878300 0.102597356 0.822176218 0.508516073 0.234332129
1341848058.106790 -0.724698722 -1.675694108 2.584955692 0.101826161 0.820838213 0.509715319 0.236741185
1341848058.142699 -0.711249709 -1.681503057 2.591551304 0.102439500 0.821835756 0.507017195 0.238800526
1341848058.174743 -0.713054538 -1.682728767 2.602216005 0.105002433 0.822468340 0.502914906 0.244124919
1341848058.207081 -0.705142617 -1.688766479 2.605092049 0.103377253 0.822137177 0.502644122 0.246480078
1341848058.242740 -0.696497381 -1.691909075 2.611298323 0.103218004 0.822533071 0.500290573 0.249989554
1341848058.274694 -0.684011042 -1.694512248 2.612728357 0.102673240 0.823270559 0.498738736 0.250885576
1341848058.310701 -0.673058212 -1.701114655 2.618500710 0.101644300 0.825891376 0.495780408 0.248543158
1341848058.343169 -0.670180559 -1.701860428 2.625246525 0.100811929 0.827876627 0.490856260 0.252026737
1341848058.374887 -0.667422414 -1.707766175 2.627404213 0.102566816 0.827212453 0.491516411 0.252212793
1341848058.410669 -0.664785743 -1.711722493 2.631949902 0.105088562 0.826061428 0.493026286 0.251999974
1341848058.442794 -0.655248284 -1.712159514 2.632440805 0.106514871 0.825325727 0.494436651 0.251046747
1341848058.474732 -0.643592298 -1.715923905 2.632392883 0.107889913 0.825567245 0.495074570 0.248394281
1341848058.510788 -0.638493776 -1.717997789 2.635132790 0.109121531 0.827303529 0.493670493 0.244848624
1341848058.542970 -0.632690549 -1.720283985 2.640191078 0.112548195 0.828140259 0.493124008 0.241547883
1341848058.578948 -0.626576185 -1.720618010 2.642540455 0.116600879 0.827834308 0.493741155 0.239404023
1341848058.610842 -0.622860432 -1.722744703 2.642153740 0.117387123 0.827790737 0.495223045 0.236086547
1341848058.643060 -0.613994598 -1.726815939 2.643964767 0.115733445 0.828519762 0.495789558 0.233138308
1341848058.678730 -0.600655973 -1.724852800 2.643996000 0.116667256 0.829785824 0.494528145 0.230837896
1341848058.710728 -0.605187535 -1.727013826 2.638590097 0.115863286 0.831471205 0.492403984 0.229716480
1341848058.746819 -0.594241440 -1.730819464 2.645766258 0.109667890 0.834164202 0.491410136 0.225075737
1341848058.778710 -0.587978125 -1.731572151 2.652581692 0.111944169 0.833481610 0.492181122 0.224799231
1341848058.810874 -0.585069358 -1.726560712 2.656534195 0.118175037 0.832381010 0.492760032 0.224419400
1341848058.846829 -0.578882337 -1.731131673 2.648829937 0.115191557 0.831127882 0.496605039 0.222127765
1341848058.879577 -0.571105480 -1.730368972 2.650957584 0.115521289 0.832309425 0.496477067 0.217775941
1341848058.910866 -0.567766190 -1.735403776 2.651003599 0.116706014 0.832087100 0.497426391 0.215818793
1341848058.946807 -0.563235104 -1.732501626 2.650433064 0.118298665 0.832170010 0.498033971 0.213215232
1341848058.978865 -0.556792974 -1.734346867 2.646701097 0.118468411 0.832786024 0.498487681 0.209625065
1341848059.014660 -0.555360854 -1.734152555 2.647651196 0.119675033 0.834612072 0.495720178 0.208235636
1341848059.046707 -0.556311429 -1.731741428 2.656228065 0.121771351 0.836662233 0.492726266 0.205885559
1341848059.078771 -0.549460411 -1.736828804 2.646991730 0.118207522 0.836484611 0.495391905 0.202255428
1341848059.114675 -0.546878338 -1.737357259 2.647518635 0.115230396 0.838338256 0.494260460 0.199041426
1341848059.146706 -0.546822906 -1.738408446 2.648392200 0.113751329 0.838795841 0.494558543 0.197215617
1341848059.178722 -0.545001864 -1.733912706 2.650794506 0.113663889 0.839969754 0.493335605 0.195323691
1341848059.214738 -0.546443343 -1.733057261 2.649168491 0.112039059 0.841055512 0.492912352 0.192640424
1341848059.246762 -0.543818116 -1.732804060 2.650031090 0.110166736 0.843558311 0.490969062 0.187675551
1341848059.282693 -0.540818334 -1.732561827 2.648083687 0.111087784 0.844697654 0.490231156 0.183898896
1341848059.314667 -0.540948689 -1.734629273 2.650747299 0.112132944 0.846477628 0.488430381 0.179826528
1341848059.346758 -0.543583989 -1.734905720 2.653885365 0.112896539 0.847169161 0.488099456 0.176968098
1341848059.382694 -0.539661169 -1.732863784 2.649621487 0.114047997 0.847289383 0.488638371 0.174144581
1341848059.414736 -0.545374930 -1.733249903 2.649174690 0.115484156 0.848605275 0.486690015 0.172236279
1341848059.446788 -0.543736041 -1.736311436 2.651806355 0.111797996 0.850252688 0.486053735 0.168295369
1341848059.482693 -0.543441176 -1.733541489 2.654334068 0.111351803 0.851579249 0.485089839 0.164625078
1341848059.514652 -0.541757643 -1.734668374 2.654155970 0.113146380 0.851824105 0.485251427 0.161631227
1341848059.550754 -0.543427885 -1.737287402 2.650773048 0.111715794 0.851711333 0.486071646 0.160753459
1341848059.582695 -0.543254495 -1.735348463 2.653046608 0.111804076 0.853180826 0.484668940 0.157093495
1341848059.614734 -0.543919981 -1.736006260 2.656347513 0.113630682 0.854539335 0.482148111 0.156152993
1341848059.650722 -0.545959830 -1.739461422 2.657187462 0.115707800 0.854681790 0.481241733 0.156643227
1341848059.682731 -0.546248317 -1.739305258 2.658066273 0.113810174 0.855213583 0.480818182 0.156431496
1341848059.718703 -0.540843725 -1.738980770 2.657513142 0.111997515 0.856036484 0.480834305 0.153155029
1341848059.750904 -0.537336588 -1.739749908 2.658718824 0.113138348 0.857265651 0.478586167 0.152481288
1341848059.782774 -0.542869210 -1.741494656 2.662823200 0.112794816 0.857829034 0.477194279 0.153922901
1341848059.818759 -0.539481759 -1.741599560 2.660753250 0.110069580 0.857478440 0.479320377 0.151219606
1341848059.850685 -0.533641160 -1.744678974 2.657082558 0.108810976 0.858505547 0.478341013 0.149392918
1341848059.882730 -0.537953436 -1.744199753 2.664354086 0.109864786 0.860719860 0.473566800 0.151081398
1341848059.918755 -0.536248326 -1.745052457 2.665849209 0.109730892 0.861398399 0.472201943 0.151582345
1341848059.950805 -0.536332369 -1.746685863 2.665506840 0.110727273 0.861523628 0.471717656 0.151653931
1341848059.986776 -0.534600079 -1.748164892 2.665454149 0.112431578 0.862195134 0.470163733 0.151409313
1341848060.018660 -0.537809372 -1.746794462 2.664637089 0.110951625 0.863846064 0.466774762 0.153561175
1341848060.050701 -0.534538329 -1.750633836 2.662276983 0.108935460 0.865745306 0.464559436 0.151005402
1341848060.086783 -0.534256041 -1.751778245 2.669052124 0.109087482 0.868409753 0.459334373 0.151579648
1341848060.118813 -0.534024417 -1.752638936 2.668863773 0.108565345 0.869442523 0.456338495 0.155043200
1341848060.150800 -0.539581239 -1.750815868 2.671345711 0.106436372 0.870322883 0.455200016 0.154926956
1341848060.186872 -0.534519434 -1.751168489 2.669782162 0.104363516 0.871094942 0.454760730 0.153279439
1341848060.218851 -0.535998762 -1.750435591 2.669956207 0.104165688 0.872824728 0.450706959 0.155530438
1341848060.254799 -0.545565069 -1.751567125 2.676064968 0.101330459 0.873804867 0.449456275 0.155519068
1341848060.287466 -0.540716767 -1.747548819 2.675238848 0.098925509 0.874098063 0.450307429 0.152936548
1341848060.318914 -0.539190114 -1.746121526 2.674445152 0.099672437 0.875261068 0.447638661 0.153632954
1341848060.354641 -0.550236523 -1.749111652 2.677320242 0.096898168 0.875187397 0.447499007 0.156212673
1341848060.387254 -0.544828832 -1.746300697 2.672880173 0.092743807 0.875540912 0.448577940 0.153637677
1341848060.418639 -0.542669177 -1.743510842 2.673461676 0.092511326 0.876811564 0.445939749 0.154210567
1341848060.454775 -0.549682021 -1.744640470 2.671658993 0.090862788 0.876996160 0.444800198 0.157399029
1341848060.486697 -0.550894737 -1.742477417 2.672156811 0.086952023 0.878018498 0.444037169 0.156057045
1341848060.522925 -0.547619343 -1.742036104 2.666197777 0.084651411 0.879068136 0.442354143 0.156192720
1341848060.554710 -0.552617073 -1.741177559 2.669881821 0.084640898 0.881224692 0.437630713 0.157347590
1341848060.586692 -0.559499741 -1.739323854 2.672816753 0.080974698 0.882104456 0.436752975 0.156785250
1341848060.622697 -0.554079950 -1.734882832 2.670852661 0.080656029 0.883070588 0.435682982 0.154470935
1341848060.656087 -0.558067143 -1.737502337 2.668414593 0.081210241 0.883489668 0.434021175 0.156449839
1341848060.687258 -0.565490484 -1.735464096 2.670409441 0.080792934 0.883629978 0.433696270 0.156773984
1341848060.723165 -0.562504172 -1.735580683 2.664090157 0.080527164 0.883429408 0.434734523 0.155157059
1341848060.757863 -0.562986851 -1.732818127 2.667679548 0.083573945 0.884379625 0.431611061 0.156843588
1341848060.790920 -0.567044675 -1.733422279 2.666978836 0.085280292 0.883786261 0.431481719 0.159601524
1341848060.823967 -0.565775037 -1.732502341 2.665068388 0.086105309 0.883785605 0.430785298 0.161037073
1341848060.862432 -0.565369904 -1.731655121 2.662332058 0.087910272 0.884053290 0.428889036 0.163632944
1341848060.895671 -0.568650723 -1.730016708 2.662312269 0.090331115 0.883857727 0.427934468 0.165854990
1341848060.923126 -0.569379568 -1.730336666 2.658619404 0.091528840 0.883450031 0.427943826 0.167339578
1341848060.960845 -0.572433770 -1.728445888 2.655789614 0.093612008 0.883539677 0.426311940 0.169860259
1341848060.996857 -0.575207472 -1.726584077 2.652621746 0.095652364 0.883147001 0.426114738 0.171254650
1341848061.030587 -0.577646792 -1.726346970 2.647130728 0.096776783 0.882781446 0.425756216 0.173386291
1341848061.062246 -0.579585612 -1.726570845 2.643762827 0.096672662 0.882567942 0.425666243 0.174746707
1341848061.100583 -0.579512417 -1.725257397 2.635108709 0.095614448 0.882753968 0.425456852 0.174899414
1341848061.129837 -0.580150485 -1.721369743 2.630791187 0.096994475 0.884465814 0.421723068 0.174533427
1341848061.197947 -0.585688949 -1.723993659 2.619556904 0.097904533 0.885997653 0.418321848 0.174441189
1341848061.226804 -0.589036822 -1.724119425 2.615651369 0.100043036 0.887571096 0.414389074 0.174615771
1341848061.259408 -0.592569768 -1.721589088 2.616726637 0.101614624 0.888652086 0.411731333 0.174497262
1341848061.290885 -0.597102940 -1.723857403 2.607569933 0.102590032 0.888409257 0.411700517 0.175233930
1341848061.326612 -0.600399435 -1.724214792 2.605352163 0.104397923 0.889592171 0.409068406 0.174327120
1341848061.358867 -0.604358494 -1.722084761 2.602865934 0.104872048 0.890278399 0.407616943 0.173938483
1341848061.390845 -0.604195416 -1.721201897 2.601019859 0.106431514 0.891002297 0.406439245 0.172030032
1341848061.426913 -0.611089826 -1.718751311 2.599746227 0.108996391 0.891107023 0.405364186 0.172417745
1341848061.458837 -0.612603903 -1.718495369 2.593814850 0.109023370 0.890591800 0.407052279 0.171080783
1341848061.494657 -0.613285780 -1.718906760 2.591057777 0.108310193 0.891345859 0.405893683 0.170357838
1341848061.526736 -0.613135934 -1.716913223 2.592860699 0.108697586 0.892382443 0.403860658 0.169514075
1341848061.558821 -0.613936365 -1.715724468 2.591996431 0.108053520 0.892102420 0.404971302 0.168748111
1341848061.594750 -0.616092265 -1.714034557 2.587738991 0.108143426 0.891879261 0.405803740 0.167868212
1341848061.626731 -0.622951865 -1.713839531 2.581691742 0.108519018 0.892000616 0.404796928 0.169404626
1341848061.658831 -0.627876401 -1.712928414 2.583143950 0.107518785 0.892165899 0.404988497 0.168712988
1341848061.694894 -0.621776938 -1.712037802 2.582138062 0.106139608 0.892598391 0.405871868 0.165137842
1341848061.726726 -0.623255432 -1.711611390 2.580786467 0.107044868 0.892963529 0.404681057 0.165501669
1341848061.762815 -0.628316998 -1.708491564 2.581823826 0.105959654 0.893088043 0.404594243 0.165740237
1341848061.794816 -0.622832119 -1.707269669 2.580247402 0.104119919 0.893583953 0.404946893 0.163354829
1341848061.826740 -0.623355985 -1.707115412 2.580277681 0.104712337 0.893792689 0.404315352 0.163398325
1341848061.862883 -0.625469029 -1.705064654 2.578940868 0.104048043 0.893316507 0.405274302 0.164049819
1341848061.894834 -0.623884559 -1.705586910 2.578623533 0.102402583 0.893037438 0.406416595 0.163778409
1341848061.930667 -0.622596741 -1.704288006 2.576487303 0.101498522 0.893356204 0.405730456 0.164303258
1341848061.962828 -0.622805595 -1.703354120 2.578043222 0.101194397 0.893136382 0.406116933 0.164730579
1341848061.997188 -0.622725308 -1.700300813 2.575648785 0.100932002 0.892364442 0.407245010 0.166282713
1341848062.030704 -0.621150613 -1.700180888 2.571433544 0.099403836 0.891773641 0.408115685 0.168226674
1341848062.063265 -0.623061061 -1.699226856 2.570406914 0.097379461 0.891512930 0.408434689 0.170008883
1341848062.094872 -0.621485710 -1.697013617 2.568732262 0.096800081 0.890770197 0.409174740 0.172436193
1341848062.130773 -0.622180223 -1.695011973 2.566094875 0.097251944 0.889777184 0.410349697 0.174504220
1341848062.163385 -0.619129717 -1.693671346 2.559998035 0.094343498 0.889424980 0.410599798 0.177286118
1341848062.198718 -0.620690346 -1.691065073 2.560531139 0.091872282 0.890047848 0.408425033 0.180453166
1341848062.230750 -0.619240344 -1.687781453 2.561610937 0.091486588 0.889976263 0.407860607 0.182269424
1341848062.262814 -0.619781852 -1.685934663 2.560373306 0.092767075 0.888263643 0.409848928 0.185488015
1341848062.299276 -0.620193601 -1.685418129 2.557342529 0.092054367 0.887009323 0.411290079 0.188628912
1341848062.330839 -0.618683338 -1.684767365 2.553992987 0.090418153 0.886543512 0.411896437 0.190280169
1341848062.362763 -0.616297126 -1.683044434 2.552341938 0.089607581 0.886694729 0.411034167 0.191817358
1341848062.398825 -0.619341552 -1.681277394 2.552761555 0.092111252 0.886157155 0.410282910 0.194702536
1341848062.430832 -0.619796574 -1.679710746 2.550987244 0.094359793 0.885163188 0.411707580 0.195139065
1341848062.466855 -0.620260537 -1.679723501 2.549128532 0.096516863 0.883885682 0.413068175 0.196990594
1341848062.498723 -0.620565951 -1.678879619 2.545202255 0.099775925 0.882763207 0.414043248 0.198348537
1341848062.530743 -0.624779582 -1.677259922 2.546337605 0.101020329 0.882516682 0.413466334 0.200011984
1341848062.566929 -0.628074288 -1.675336599 2.547174215 0.100910529 0.882071972 0.414295167 0.200313792
1341848062.598817 -0.624815941 -1.673208356 2.547245741 0.104627915 0.881609023 0.414447457 0.200129583
1341848062.630793 -0.632295549 -1.674558163 2.545245647 0.108054332 0.879679263 0.416117370 0.203310207
1341848062.666740 -0.636074781 -1.671105862 2.540427923 0.108566448 0.878669620 0.417467743 0.204630569
1341848062.698720 -0.632574260 -1.669417500 2.535549641 0.108068891 0.879437208 0.416138470 0.204304099
1341848062.734924 -0.639944375 -1.667999029 2.538243771 0.110381074 0.879633248 0.414276302 0.206001148
1341848062.766819 -0.644068599 -1.665120006 2.536349058 0.110894851 0.878480017 0.416252315 0.206662163
1341848062.798717 -0.643399000 -1.664080501 2.531241894 0.111787125 0.878084958 0.416488349 0.207383588
1341848062.834828 -0.650037110 -1.662360668 2.531153679 0.112580776 0.877786398 0.414991081 0.211184815
1341848062.866781 -0.655545473 -1.660157204 2.530281544 0.111631900 0.876878440 0.416210562 0.213052422
1341848062.899075 -0.654907346 -1.657620311 2.526889563 0.110752136 0.876544058 0.416296154 0.214713812
1341848062.934962 -0.659908354 -1.658664703 2.522203922 0.107899562 0.876367986 0.414490014 0.220306382
1341848062.966930 -0.667852104 -1.652653575 2.523780584 0.104897998 0.876686633 0.413064986 0.223146290
1341848063.002905 -0.664923191 -1.650355935 2.520630121 0.103641286 0.876246750 0.414310217 0.223152742
1341848063.034972 -0.668095052 -1.651100039 2.516696930 0.105359025 0.875046194 0.414087504 0.227431595
1341848063.066737 -0.675807059 -1.648564816 2.512087345 0.105220579 0.874168456 0.414111137 0.230803370
1341848063.102822 -0.675464749 -1.647280216 2.503968716 0.104766853 0.874002218 0.413927704 0.231965244
1341848063.135045 -0.683179736 -1.644316673 2.504723310 0.106755838 0.873871982 0.412003785 0.234954879
1341848063.170739 -0.687350571 -1.641420841 2.502295017 0.108051077 0.872560382 0.412630200 0.238116950
1341848063.202662 -0.689659894 -1.640416145 2.494869232 0.107457496 0.871648729 0.413528174 0.240157932
1341848063.234990 -0.695794404 -1.638684034 2.491322517 0.106107593 0.871909082 0.411667824 0.242992371
1341848063.270800 -0.702353120 -1.636018991 2.489926338 0.103923455 0.872242033 0.410506636 0.244699791
1341848063.302788 -0.703709960 -1.631939054 2.487366199 0.102408156 0.872398376 0.410185665 0.245318785
1341848063.334854 -0.706782460 -1.628884315 2.485060215 0.100988954 0.871756375 0.409492970 0.249314025
1341848063.370653 -0.717379987 -1.626831174 2.480324745 0.099481143 0.870525897 0.410927445 0.251846701
1341848063.402698 -0.716410637 -1.623607993 2.475766897 0.094624236 0.870707035 0.411634892 0.251936913
1341848063.439276 -0.715871572 -1.619714022 2.471907139 0.091919348 0.870531142 0.411819488 0.253241032
1341848063.470742 -0.727318048 -1.618326187 2.472410917 0.090709999 0.869954884 0.411926359 0.255473822
1341848063.502776 -0.723851264 -1.615369081 2.466873169 0.086356312 0.868912399 0.416163802 0.253656328
1341848063.541802 -0.721755207 -1.611182809 2.458099365 0.087237053 0.868426979 0.416816056 0.253946066
1341848063.577805 -0.729717553 -1.609259605 2.459816694 0.089490429 0.868216336 0.416528583 0.254353702
1341848063.609732 -0.726732612 -1.604235888 2.456018448 0.088426217 0.866886973 0.420359939 0.252953112
1341848063.643039 -0.728421748 -1.602051854 2.452055931 0.090677254 0.866021514 0.420952171 0.254132897
1341848063.677955 -0.736507654 -1.597116828 2.455990314 0.092796378 0.865353346 0.420769274 0.255940646
1341848063.709890 -0.736914217 -1.595636606 2.451090097 0.091712840 0.862422705 0.426148325 0.257319540
1341848063.745768 -0.731028318 -1.590332031 2.445394039 0.092040651 0.861227751 0.427514106 0.258934259
1341848063.777773 -0.738131166 -1.586845875 2.441023350 0.090470672 0.860380471 0.427111059 0.262938559
1341848063.809840 -0.736162901 -1.583365440 2.434911251 0.087585710 0.859651089 0.428782433 0.263579756
1341848063.845733 -0.733804047 -1.579846144 2.428869247 0.088632219 0.859269679 0.428114831 0.265551507
1341848063.877902 -0.740440011 -1.575563073 2.426491737 0.089542165 0.858872056 0.427067786 0.268205285
1341848063.913769 -0.740139484 -1.572314143 2.414568424 0.085257813 0.858850241 0.427575886 0.268860936
1341848063.945802 -0.735235155 -1.566033125 2.408908367 0.084195770 0.861129045 0.423480868 0.268387258
1341848063.977856 -0.735602438 -1.564657569 2.403194427 0.087473817 0.860797226 0.422522604 0.269909352
1341848064.013951 -0.738314390 -1.562154055 2.395817280 0.088806629 0.859582305 0.423517168 0.271780819
1341848064.045815 -0.730871499 -1.557079434 2.385086060 0.087901130 0.859699667 0.422606140 0.273118913
1341848064.081699 -0.738667428 -1.550895572 2.382454395 0.089520290 0.860698342 0.417741060 0.276905954
1341848064.113685 -0.741786838 -1.546291113 2.374739885 0.088487193 0.860162795 0.419400692 0.276392967
1341848064.145823 -0.733816683 -1.541406989 2.365434885 0.088933356 0.859724581 0.420902520 0.275328130
1341848064.181846 -0.736905575 -1.539367795 2.356959820 0.092610791 0.858634710 0.420828551 0.277620167
1341848064.213863 -0.746778131 -1.535006762 2.351703644 0.093255967 0.857870162 0.421098292 0.279353350
1341848064.249771 -0.743523479 -1.527105331 2.336812019 0.091076314 0.858240604 0.422057658 0.277480632
1341848064.282977 -0.742608070 -1.523689985 2.328927040 0.092075631 0.859143734 0.420035630 0.277424127
1341848064.313795 -0.752553046 -1.514762640 2.324483871 0.093916595 0.859320879 0.418227226 0.278986156
1341848064.349790 -0.750490010 -1.510758400 2.312997341 0.091429822 0.859214008 0.419786751 0.277796566
1341848064.382619 -0.755938888 -1.506909847 2.304105997 0.091459900 0.859736681 0.418656230 0.277875513
1341848064.418063 -0.760070384 -1.501030207 2.298770189 0.090428464 0.859911025 0.418696314 0.277613252
1341848064.449767 -0.760373592 -1.495112300 2.287115335 0.087644957 0.859074354 0.420125842 0.278933376
1341848064.481773 -0.761309683 -1.491184473 2.274698734 0.083919644 0.859842718 0.418521017 0.280121565
1341848064.518010 -0.766234040 -1.486612320 2.270146370 0.082192279 0.861484826 0.415533692 0.280035585
1341848064.549704 -0.766654134 -1.483018756 2.260936737 0.081794113 0.861565828 0.415814370 0.279485822
1341848064.581714 -0.766645432 -1.479762435 2.251656055 0.084355183 0.861556947 0.415608257 0.279058307
1341848064.617693 -0.773649216 -1.476391554 2.249423265 0.087087736 0.862270892 0.413241357 0.279528499
1341848064.649724 -0.778834343 -1.470177889 2.246171474 0.089486070 0.862633169 0.412184805 0.279213041
1341848064.685821 -0.778418124 -1.467551827 2.243902683 0.092412747 0.861995935 0.412791044 0.279332131
1341848064.749892 -0.788646996 -1.463767052 2.232346058 0.089295283 0.860995889 0.414056599 0.281548381
1341848064.778913 -0.787367940 -1.459539533 2.227070093 0.088971376 0.861123502 0.413142711 0.282601207
1341848064.810737 -0.793437958 -1.455999136 2.226279259 0.091701657 0.860556126 0.412436336 0.284482419
1341848064.842702 -0.797220469 -1.455297709 2.224523544 0.091376774 0.859543502 0.413596421 0.285960257
1341848064.878850 -0.795957923 -1.453172445 2.219628096 0.092227146 0.859202027 0.414049745 0.286057442
1341848064.910832 -0.805676043 -1.449997425 2.219316006 0.097712122 0.858143210 0.413842857 0.287709326
1341848064.946850 -0.809153020 -1.447612286 2.215245485 0.099427357 0.856470227 0.416700393 0.287982136
1341848064.978809 -0.806640983 -1.444825888 2.206386566 0.099269323 0.855579257 0.418365270 0.288271159
1341848065.010770 -0.814223945 -1.442713976 2.204751968 0.101947844 0.855888247 0.416679263 0.288860410
1341848065.046751 -0.820666075 -1.437670469 2.205210686 0.103245832 0.855568409 0.417008698 0.288871378
1341848065.078713 -0.816964865 -1.434139967 2.199312210 0.105107553 0.854681134 0.418546826 0.288601935
1341848065.110686 -0.826703250 -1.430759788 2.195201397 0.108703196 0.853192866 0.418796301 0.291299194
1341848065.146689 -0.828558445 -1.427476406 2.191390991 0.107409582 0.852687478 0.420139313 0.291324884
1341848065.178847 -0.827446163 -1.427086830 2.179234028 0.106838427 0.852355957 0.419977874 0.292734414
1341848065.214760 -0.837382436 -1.422929049 2.183132648 0.109015264 0.854033411 0.415318817 0.293688416
1341848065.246768 -0.843723774 -1.417650819 2.184990406 0.107128479 0.853525102 0.415006697 0.296290129
1341848065.278735 -0.842022002 -1.416173220 2.173509598 0.106106587 0.852730393 0.416511208 0.296834439
1341848065.314761 -0.848639727 -1.413669944 2.171623707 0.106774442 0.853100598 0.414071918 0.298936397
1341848065.346776 -0.853193462 -1.409478307 2.168130636 0.104826584 0.852865160 0.413277656 0.301386714
1341848065.382824 -0.856482625 -1.407193661 2.162711620 0.105113931 0.852982640 0.412587464 0.301899344
1341848065.414914 -0.861352086 -1.404570460 2.160915375 0.105082482 0.853153944 0.411288828 0.303195477
1341848065.446728 -0.865865231 -1.402235150 2.151611805 0.102728963 0.852731168 0.410122037 0.306751102
1341848065.482830 -0.874037087 -1.400592446 2.149580002 0.102574982 0.853793919 0.407594681 0.307214677
1341848065.514745 -0.875264049 -1.398549914 2.146051168 0.102365501 0.854125798 0.407197952 0.306888103
1341848065.546916 -0.879581332 -1.395717144 2.141767025 0.102921925 0.853663087 0.406479537 0.308934987
1341848065.582742 -0.886328816 -1.393574953 2.136175871 0.102685146 0.853987157 0.404847860 0.310257733
1341848065.614763 -0.888074934 -1.390776992 2.135504246 0.102186151 0.854652286 0.403366357 0.310520560
1341848065.650809 -0.889668941 -1.387920022 2.132291794 0.102830231 0.854072034 0.402978927 0.312401742
1341848065.682873 -0.893092752 -1.387966394 2.128235340 0.101880945 0.853546262 0.401864052 0.315569788
1341848065.714808 -0.902248025 -1.383335948 2.128046036 0.102787405 0.853140414 0.400300682 0.318348169
1341848065.750674 -0.899795830 -1.381909609 2.127671957 0.101013869 0.852380991 0.400929987 0.320153087
1341848065.782722 -0.903806150 -1.381119490 2.125449419 0.100411132 0.850763142 0.400184751 0.325533003
1341848065.814742 -0.909702182 -1.377592802 2.122133732 0.098557971 0.849552453 0.399635732 0.329906493
1341848065.850746 -0.908141196 -1.376430511 2.120081902 0.093929261 0.848905325 0.399286896 0.333327204
1341848065.882795 -0.908438265 -1.373419762 2.122502804 0.095226437 0.847472608 0.398586839 0.337417662
1341848065.918698 -0.913035512 -1.369264841 2.123238564 0.097978778 0.843348384 0.400165886 0.345008612
1341848065.950762 -0.915492237 -1.368074656 2.120044231 0.095517963 0.839839637 0.402611673 0.351353854
1341848065.982774 -0.912728190 -1.366932392 2.117379904 0.093752019 0.838213265 0.402576745 0.355726033
1341848066.018773 -0.921356559 -1.364482522 2.120493412 0.093514539 0.836635768 0.400631458 0.361649007
1341848066.050717 -0.923750460 -1.360438347 2.118380547 0.090252019 0.834551454 0.401247323 0.366577476
1341848066.082818 -0.922226965 -1.359015703 2.115454912 0.090576977 0.832993150 0.402515531 0.368645489
1341848066.118721 -0.925101042 -1.358892441 2.113081455 0.092221737 0.830744863 0.403084368 0.372667640
1341848066.150964 -0.931657910 -1.354603052 2.111311197 0.092162617 0.828622460 0.402831525 0.377647579
1341848066.186782 -0.931175113 -1.353560686 2.105390549 0.091806613 0.826877594 0.405991197 0.378174603
1341848066.218688 -0.928333104 -1.350968122 2.104857922 0.093097083 0.825931370 0.405568928 0.380373716
1341848066.250777 -0.936131835 -1.346916437 2.100196362 0.093940169 0.824310243 0.404665053 0.384621918
1341848066.286736 -0.936651289 -1.347470045 2.092313290 0.091268457 0.823017001 0.406279862 0.386328459
1341848066.318695 -0.933783948 -1.347134590 2.085735321 0.089984611 0.823005021 0.405407071 0.387570143
1341848066.354797 -0.939466059 -1.340826750 2.082695961 0.092477955 0.823313773 0.402845383 0.388995856
1341848066.386761 -0.940157533 -1.339757442 2.076946259 0.091986887 0.823232532 0.402579576 0.389559060
1341848066.418820 -0.937991858 -1.339431047 2.071290016 0.092468508 0.823508024 0.401480526 0.389996856
1341848066.454695 -0.942739725 -1.331043720 2.068156958 0.095888652 0.823333323 0.397836179 0.393260717
1341848066.486874 -0.944322705 -1.328094363 2.062425137 0.094494261 0.822523177 0.397293776 0.395833462
1341848066.522806 -0.942177892 -1.326527596 2.058694839 0.093270719 0.822280765 0.396718770 0.397201627
1341848066.555107 -0.941618741 -1.322457075 2.053474665 0.092650354 0.821873903 0.393979788 0.400897861
1341848066.586881 -0.946295381 -1.318607450 2.046691418 0.089848779 0.821516693 0.391731501 0.404455096
1341848066.623500 -0.943133891 -1.318427086 2.040297031 0.085851885 0.822375953 0.390063077 0.405188829
1341848066.655239 -0.945389509 -1.312972546 2.035810709 0.085537627 0.822688103 0.386518091 0.408009052
1341848066.697724 -0.948702633 -1.309787273 2.030431747 0.083841108 0.822787166 0.384937733 0.409652293
1341848066.732527 -0.944635272 -1.306178093 2.022311687 0.081450462 0.823193014 0.383103520 0.411036253
1341848066.764415 -0.946436584 -1.304862738 2.015393257 0.080415271 0.823977113 0.380009532 0.412538409
1341848066.795253 -0.951004028 -1.299058080 2.012927294 0.078673594 0.825632751 0.375492603 0.413698405
1341848066.833355 -0.949550033 -1.296090484 2.009149790 0.076262109 0.825997591 0.373104513 0.415578008
1341848066.862103 -0.954688072 -1.290878057 2.004331112 0.076929815 0.825704634 0.371015072 0.417901307
1341848066.905023 -0.957826495 -1.285947561 2.002257347 0.075969964 0.825510502 0.370745212 0.418699145
1341848066.930221 -0.953609228 -1.286743760 1.993821144 0.073771812 0.824214935 0.372105747 0.420434088
1341848066.997936 -0.965150833 -1.277042866 1.986361980 0.071279705 0.823730767 0.370161623 0.423517764
1341848067.023497 -0.959548652 -1.275730371 1.983234644 0.069250077 0.823783040 0.370234936 0.423688591
1341848067.054702 -0.964988947 -1.274537802 1.977435827 0.068405777 0.822826982 0.369429469 0.426378101
1341848067.090940 -0.965123892 -1.272195101 1.974563599 0.065864578 0.823382974 0.368977010 0.426096618
1341848067.122963 -0.960259378 -1.274434090 1.970653534 0.064604677 0.823964655 0.367722154 0.426249862
1341848067.158821 -0.967915297 -1.269591808 1.967893124 0.068144374 0.824500263 0.364370555 0.427539259
1341848067.191143 -0.969205916 -1.266737223 1.968311310 0.068894722 0.824877977 0.363938272 0.427058339
1341848067.222948 -0.968539178 -1.266906500 1.964742422 0.070131831 0.824689806 0.364346087 0.426872551
1341848067.258733 -0.974581301 -1.264089942 1.961002111 0.072415590 0.824437857 0.364193141 0.427108407
1341848067.291049 -0.975913465 -1.262687206 1.960313082 0.073009200 0.824812770 0.365119785 0.425489336
1341848067.322816 -0.974766314 -1.261973381 1.958737850 0.076015942 0.824558318 0.366705298 0.424090087
1341848067.358674 -0.981516838 -1.260253668 1.957085848 0.079041056 0.823852181 0.367336035 0.424363464
1341848067.390706 -0.983266532 -1.258367538 1.954079866 0.079613738 0.824187040 0.369277954 0.421913743
1341848067.426869 -0.983194470 -1.256756544 1.950368047 0.081771605 0.824254453 0.370881766 0.419958025
1341848067.458745 -0.989247561 -1.255041122 1.950015306 0.084296718 0.824274838 0.371615112 0.418768704
1341848067.491527 -0.994325519 -1.251273394 1.950286150 0.084842786 0.824260235 0.373791844 0.416745037
1341848067.526659 -0.992435396 -1.253699064 1.947575092 0.083814837 0.824359059 0.376268446 0.414522976
1341848067.558770 -1.000041366 -1.250056982 1.945505500 0.084517360 0.824308157 0.375879914 0.414833963
1341848067.594659 -1.000329971 -1.248589635 1.944258928 0.081032969 0.825577855 0.376358718 0.412563860
1341848067.626656 -0.997956634 -1.252417326 1.941167593 0.078704603 0.826760352 0.376037121 0.410936773
1341848067.658983 -1.002048969 -1.249892354 1.941198587 0.080815271 0.828299105 0.373473078 0.409764975
1341848067.694893 -1.006608248 -1.250231743 1.940105438 0.080987893 0.829293191 0.373237044 0.407931149
1341848067.726732 -1.005653739 -1.252698302 1.937636137 0.082737297 0.830153823 0.372853488 0.406176686
1341848067.758667 -1.012162685 -1.249092460 1.937702417 0.085866645 0.831270993 0.370524198 0.405372947
1341848067.794813 -1.014695525 -1.248543382 1.938082933 0.085778594 0.832436204 0.370929360 0.402620614
1341848067.826795 -1.013705611 -1.251201272 1.936442971 0.087873176 0.833071172 0.371592551 0.400237054
1341848067.862808 -1.020431519 -1.246503711 1.936500311 0.090411387 0.833950400 0.370164305 0.399162740
