1341847981.658738 -0.030976251 0.004125215 -0.009224721 0.004843485 0.011967849 0.005232297 0.999902964
1341847981.694720 -0.034141708 0.002748526 -0.009112471 0.004094534 0.013375888 0.004668568 0.999891281
1341847981.726650 -0.035101008 0.006551790 -0.010247773 0.005273764 0.013438223 0.005747171 0.999879301
1341847981.758846 -0.035875600 0.005050911 -0.011738153 0.003280755 0.012744055 0.005792273 0.999896646
1341847981.794659 -0.040242206 0.007114171 -0.013027702 0.002787916 0.014009264 0.005255053 0.999884188
1341847981.826678 -0.039958935 0.007780090 -0.013208423 0.001086155 0.013468484 0.005261960 0.999894857
1341847981.862719 -0.045294166 0.005618786 -0.010955937 0.000078899 0.014987206 0.004356986 0.999878168
1341847981.894631 -0.046363533 0.008440183 -0.015951652 0.000810854 0.013468480 0.004763427 0.999897599
1341847981.926602 -0.045985062 0.009175951 -0.012316456 -0.001909915 0.011953838 0.004987955 0.999914289
1341847981.962757 -0.049176831 0.007588053 -0.011749183 -0.003614597 0.012529673 0.005099296 0.999901950
1341847981.994808 -0.048615303 0.009645445 -0.008898834 -0.002396640 0.011727612 0.004793806 0.999916852
1341847982.027112 -0.051479924 0.009192096 -0.008563927 -0.001694033 0.012088558 0.003360522 0.999919832
1341847982.062739 -0.056909904 0.008858808 -0.007802588 -0.000288658 0.013344699 0.002567961 0.999907613
1341847982.094786 -0.058022577 0.009384132 -0.009071282 0.000535249 0.012641382 0.001451813 0.999918878
1341847982.130710 -0.064179696 0.008250847 -0.007926188 0.001584646 0.014350955 0.000386434 0.999895632
1341847982.162730 -0.062834114 0.009695667 -0.011097138 0.005337258 0.011290045 0.001944593 0.999920070
1341847982.194674 -0.058319140 0.008363811 -0.015429138 0.003009454 0.008405874 0.001454791 0.999959052
1341847982.230594 -0.063960530 0.007652854 -0.013654459 0.001462471 0.012547622 0.001994495 0.999918222
1341847982.262666 -0.066190422 0.007892005 -0.013483790 0.002788972 0.015229356 0.001335966 0.999879241
1341847982.294994 -0.067080930 0.006076132 -0.012643459 0.002405504 0.017517447 0.000325338 0.999843597
1341847982.330655 -0.072792433 0.006286725 -0.010869404 0.004469354 0.021071190 0.002696789 0.999764323
1341847982.362722 -0.070070937 0.007325130 -0.010048520 0.007856576 0.018321851 0.006102466 0.999782622
1341847982.398909 -0.076485723 0.006090558 -0.013180446 0.009471334 0.018339792 0.008332835 0.999752223
1341847982.430770 -0.075385995 0.004059099 -0.014201265 0.009435010 0.017860673 0.008791198 0.999757290
1341847982.462624 -0.070355684 0.003573673 -0.013583224 0.010065444 0.018523786 0.009665830 0.999731004
1341847982.498616 -0.074060127 0.004520057 -0.016084492 0.009995977 0.022314776 0.009240716 0.999658287
1341847982.530757 -0.076863743 0.004681152 -0.014421011 0.008763570 0.024700556 0.009939229 0.999607027
1341847982.566660 -0.078256704 0.004891508 -0.015205264 0.007381619 0.026258644 0.011578694 0.999560893
1341847982.598726 -0.084162891 0.004704642 -0.014346434 0.004698056 0.030834723 0.013406564 0.999423563
1341847982.630723 -0.086077467 0.004860439 -0.013251470 0.004099438 0.033670828 0.013345833 0.999335468
1341847982.666620 -0.085882932 0.003062259 -0.013194594 0.001952259 0.035502017 0.013289620 0.999279320
1341847982.698638 -0.088289708 0.003666978 -0.012753041 0.000931605 0.039085642 0.013665508 0.999141991
1341847982.730674 -0.092947036 0.004612785 -0.009994810 0.000737038 0.043943144 0.014342324 0.998930812
1341847982.766706 -0.095375113 0.001683077 -0.009538079 -0.000238601 0.046422809 0.014380723 0.998818338
1341847982.798737 -0.098347887 0.001118143 -0.009711731 -0.000284793 0.048205018 0.016179036 0.998706341
1341847982.834747 -0.107183069 0.004836316 -0.007828019 0.002860674 0.052116770 0.017667722 0.998480618
1341847982.866670 -0.108210191 -0.000665112 -0.006969557 0.002841331 0.051953539 0.017494632 0.998492181
1341847982.898700 -0.111571476 0.002308948 -0.008011450 0.005873811 0.051130377 0.019338576 0.998487473
1341847982.934803 -0.121273443 0.009923140 -0.007180685 0.008698061 0.051390551 0.022769663 0.998381138
1341847982.966708 -0.121062227 0.003755442 -0.008644154 0.004168504 0.048894469 0.022063786 0.998551548
1341847982.998783 -0.123318285 0.003104715 -0.009303171 0.002692508 0.049796883 0.020276306 0.998549938
1341847983.034693 -0.129977629 0.004887532 -0.007566324 0.002224826 0.052683931 0.020548301 0.998397350
1341847983.066707 -0.134124577 0.004421122 -0.007211406 0.000842716 0.052540075 0.021447977 0.998388112
1341847983.102757 -0.141155556 0.004224369 -0.005195844 -0.000116464 0.053943582 0.022443399 0.998291731
1341847983.134717 -0.145998061 0.003426052 -0.003961280 0.000345180 0.054265633 0.023678340 0.998245716
1341847983.166651 -0.153551370 0.003893142 -0.004853407 0.001955163 0.054787904 0.024841469 0.998187065
1341847983.202653 -0.154810995 0.004453241 -0.006069435 0.002184225 0.052112326 0.026056997 0.998298824
1341847983.234717 -0.155081749 0.001498485 -0.008092601 -0.000244637 0.050154760 0.026126416 0.998399675
1341847983.266753 -0.155611843 0.000932120 -0.010115857 -0.002982188 0.049598552 0.025357082 0.998442829
1341847983.302701 -0.162216708 0.000536813 -0.007969040 -0.005604700 0.052932069 0.024610471 0.998279095
1341847983.334718 -0.165342420 -0.002911305 -0.007518996 -0.008310311 0.055389669 0.023709046 0.998148680
1341847983.370887 -0.172683790 -0.001638854 -0.003287138 -0.007173565 0.060020152 0.023392960 0.997897208
1341847983.402670 -0.176528692 -0.001389924 -0.005311254 -0.005918641 0.060373340 0.024328383 0.997861803
1341847983.434705 -0.178905800 0.001812732 -0.005446294 -0.005624600 0.058194768 0.027439794 0.997912228
1341847983.470674 -0.185000077 -0.002310364 -0.002818085 -0.007715064 0.059110966 0.026925685 0.997858405
1341847983.502767 -0.187460154 -0.005636792 -0.004713964 -0.007730971 0.061432607 0.023685686 0.997800231
1341847983.534806 -0.191724300 -0.003948505 -0.005575582 -0.006546879 0.065604344 0.022784775 0.997564077
1341847983.570684 -0.196352541 -0.001338885 -0.005960388 -0.005545154 0.068922102 0.023583615 0.997327805
1341847983.602741 -0.201792240 -0.001487890 -0.005414845 -0.004533109 0.069899976 0.024123905 0.997251928
1341847983.638729 -0.205372676 -0.003059081 -0.006997589 -0.003801756 0.070614301 0.024083082 0.997205675
1341847983.670715 -0.213134602 -0.006017372 -0.007789802 -0.003067912 0.072443962 0.023716295 0.997085750
1341847983.702857 -0.220078439 -0.004465358 -0.009510815 0.000585360 0.073723391 0.025923956 0.996941566
1341847983.738736 -0.225127384 -0.003395516 -0.011420205 0.001978938 0.073044606 0.028014066 0.996933162
1341847983.770707 -0.230010420 -0.004484631 -0.012685128 0.002468700 0.072780028 0.028918603 0.996925592
1341847983.806672 -0.233550906 -0.004673288 -0.013544507 0.004041424 0.073508643 0.028137095 0.996889353
1341847983.838719 -0.243272781 -0.004554320 -0.012425851 0.007711925 0.076516777 0.028537968 0.996629953
1341847983.870712 -0.249173284 -0.002692243 -0.016222980 0.009734279 0.075023860 0.032046612 0.996619105
1341847983.906692 -0.256464958 -0.002892843 -0.015984349 0.009997696 0.073505506 0.034649856 0.996642530
1341847983.938757 -0.258533955 -0.003581141 -0.019908402 0.009333570 0.071026638 0.035522059 0.996797979
1341847983.970809 -0.264386237 -0.001045739 -0.019490559 0.008810796 0.073181972 0.034346461 0.996688008
1341847984.006722 -0.270083129 0.000264509 -0.019432660 0.008273073 0.075558595 0.033780061 0.996534705
1341847984.038718 -0.275756896 0.001439025 -0.019127142 0.007073591 0.078169778 0.033716876 0.996344626
1341847984.074737 -0.284776658 0.005116990 -0.018769361 0.005927249 0.082218684 0.032618295 0.996062756
1341847984.106759 -0.292377621 0.006074366 -0.015516989 0.001993650 0.085886605 0.031678043 0.995799184
1341847984.138698 -0.298868626 0.007075980 -0.012196712 0.001794844 0.088172361 0.030622490 0.995632827
1341847984.174831 -0.295246661 0.012438429 -0.016228404 0.001467936 0.086908795 0.029378718 0.995781898
1341847984.206711 -0.301652998 0.011917816 -0.011423782 -0.003420837 0.089112781 0.027670657 0.995631278
1341847984.238670 -0.308441967 0.013626185 -0.009024855 -0.003530598 0.088809915 0.028728571 0.995627940
1341847984.274795 -0.312311053 0.013276136 -0.008975148 -0.005907730 0.087089948 0.029863181 0.995735228
1341847984.306662 -0.316597283 0.013845291 -0.006886803 -0.008248329 0.087227911 0.029865345 0.995706439
1341847984.343094 -0.322123826 0.013834413 -0.003532212 -0.010158595 0.087561615 0.029824208 0.995660722
1341847984.374794 -0.328534395 0.014047897 -0.001138415 -0.011550518 0.086800732 0.031523447 0.995659828
1341847984.406718 -0.330687135 0.014535566 0.001924988 -0.013785920 0.084000930 0.033261545 0.995814979
1341847984.442894 -0.334923416 0.013180259 0.006627358 -0.015741171 0.084199607 0.034314558 0.995733500
1341847984.474640 -0.337935776 0.013177097 0.009037182 -0.015251805 0.084007032 0.034095194 0.995764911
1341847984.506747 -0.344172090 0.012246987 0.014582835 -0.016083069 0.086174622 0.033426549 0.995589197
1341847984.542747 -0.345374912 0.010844638 0.016660567 -0.016856251 0.087269686 0.033806741 0.995468199
1341847984.574807 -0.349642217 0.010985048 0.021663174 -0.017940916 0.090474442 0.034748677 0.995130658
1341847984.610792 -0.355062455 0.009604154 0.028705265 -0.017063240 0.091529444 0.033956919 0.995076954
1341847984.642667 -0.360103011 0.007481325 0.033351664 -0.014692618 0.091221586 0.034945540 0.995108843
1341847984.674804 -0.362384260 0.007016689 0.036141917 -0.014018571 0.090393119 0.035954054 0.995158195
1341847984.710651 -0.367701858 0.005199693 0.043558002 -0.012567696 0.091113120 0.035896111 0.995114028
1341847984.743352 -0.371382028 0.002281426 0.047854278 -0.010460165 0.090744674 0.035454951 0.995187879
1341847984.778881 -0.374124020 0.002540437 0.051131982 -0.008897603 0.091007128 0.037066903 0.995120406
1341847984.810639 -0.378335446 0.000616712 0.058759999 -0.007839624 0.092429161 0.039285965 0.994913101
1341847984.842655 -0.381148160 -0.003084950 0.063672297 -0.005779878 0.092683829 0.040641114 0.994849026
1341847984.878779 -0.383979112 -0.004003997 0.067958519 -0.003308239 0.093176708 0.041989174 0.994758308
1341847984.910613 -0.386724353 -0.004001903 0.069953546 -0.002594871 0.092989840 0.045032132 0.994644761
1341847984.943053 -0.388590276 -0.006986345 0.074527584 -0.004263056 0.090908684 0.048716657 0.994657815
1341847984.979236 -0.391292840 -0.009091429 0.078837313 -0.005443020 0.089340687 0.051453702 0.994656265
1341847985.010633 -0.390679508 -0.011491677 0.082621880 -0.008196275 0.088525712 0.052237887 0.994669378
1341847985.046612 -0.393648028 -0.014457235 0.088875808 -0.011400623 0.092555605 0.052926529 0.994234502
1341847985.078667 -0.393942863 -0.015096449 0.094088040 -0.011436176 0.095376305 0.052795336 0.993974447
1341847985.110771 -0.396414280 -0.017395226 0.098900720 -0.012864813 0.098689713 0.054064222 0.993565261
1341847985.146824 -0.398911744 -0.020894408 0.104188681 -0.013974371 0.102086209 0.055416577 0.993132472
1341847985.178699 -0.401107997 -0.022217719 0.110462084 -0.013605033 0.105622284 0.056649182 0.992698193
1341847985.210840 -0.402702153 -0.029280253 0.114977255 -0.014640958 0.108234249 0.056826103 0.992391944
1341847985.246735 -0.403895736 -0.030907588 0.117398106 -0.014072473 0.110929675 0.057074416 0.992088258
1341847985.278902 -0.405863911 -0.034990888 0.122514464 -0.015343060 0.114597090 0.056804065 0.991667986
1341847985.314648 -0.407772094 -0.036492012 0.127985016 -0.012984214 0.117769018 0.056899566 0.991324544
1341847985.346842 -0.410033017 -0.035018794 0.130238891 -0.010465357 0.119773798 0.056905981 0.991113722
1341847985.378830 -0.410912812 -0.036654327 0.133336395 -0.011693794 0.120683245 0.056776151 0.990997136
1341847985.414650 -0.412268132 -0.039840531 0.139001414 -0.012821785 0.123729296 0.057359945 0.990573823
1341847985.446854 -0.415256649 -0.041776549 0.144532025 -0.011671289 0.127092376 0.057091456 0.990177691
1341847985.478685 -0.416268885 -0.043030526 0.147404417 -0.010998447 0.127997667 0.058504160 0.989986300
1341847985.514673 -0.417727172 -0.045253173 0.151831031 -0.012041226 0.129772693 0.058929026 0.989717841
1341847985.546814 -0.420092136 -0.049908746 0.157890946 -0.013876528 0.133462146 0.060109247 0.989132047
1341847985.582581 -0.422099143 -0.051505934 0.164956406 -0.012480971 0.136880890 0.061182085 0.988617539
1341847985.614773 -0.425033331 -0.052928612 0.169406459 -0.010409396 0.139341325 0.062835656 0.988193989
1341847985.647097 -0.425913334 -0.055343464 0.174809426 -0.008720398 0.141349822 0.064750023 0.987801373
1341847985.682842 -0.428159982 -0.057139110 0.179498404 -0.006372927 0.144033954 0.066508256 0.987314701
1341847985.714719 -0.431754947 -0.060493331 0.185859486 -0.003287648 0.146361738 0.069647536 0.986770809
1341847985.746954 -0.433373868 -0.062964484 0.189113647 -0.000036970 0.147419259 0.071845062 0.986461282
1341847985.782765 -0.436606079 -0.067831889 0.195001900 0.001658528 0.150854245 0.073931314 0.985786200
1341847985.814703 -0.438725471 -0.069595784 0.200405777 0.009212581 0.153245836 0.077140808 0.985129535
1341847985.850739 -0.442110747 -0.068126850 0.201885045 0.017753666 0.154383972 0.080338553 0.984579146
1341847985.882782 -0.444275856 -0.071621418 0.204019681 0.016033433 0.155004844 0.083395615 0.984256864
1341847985.914968 -0.446873933 -0.075921647 0.209205166 0.012449845 0.158367932 0.086113639 0.983539045
1341847985.950751 -0.448173404 -0.079643369 0.213159829 0.011149625 0.163291439 0.085480869 0.982804477
1341847985.982712 -0.450338960 -0.081177942 0.218046963 0.012235830 0.168144584 0.085431613 0.981977165
1341847986.018756 -0.452179253 -0.081344366 0.221656844 0.013999391 0.170581982 0.087730348 0.981330335
1341847986.051991 -0.453867942 -0.083615236 0.226039901 0.013233503 0.172152638 0.090183057 0.980844200
1341847986.082612 -0.455980122 -0.087763563 0.230161458 0.012340649 0.173868850 0.091888458 0.980394781
1341847986.118719 -0.456987977 -0.089908205 0.232398003 0.011127211 0.176400676 0.091901571 0.979955673
1341847986.150636 -0.458405524 -0.091515288 0.236779451 0.008980426 0.180994332 0.092565745 0.979077101
1341847986.182648 -0.459157318 -0.095372044 0.243396491 0.007561522 0.185263798 0.092947297 0.978254020
1341847986.218674 -0.461337596 -0.098963648 0.247902870 0.008896437 0.188654095 0.093614884 0.977530956
1341847986.250584 -0.462628037 -0.101362236 0.252714545 0.010227961 0.191557497 0.095773511 0.976743817
1341847986.286733 -0.462973982 -0.104982518 0.256468326 0.010792174 0.194319919 0.096940972 0.976076722
1341847986.326156 -0.463669419 -0.107471377 0.261120945 0.013218193 0.197759509 0.097989008 0.975251079
1341847986.359210 -0.464751780 -0.110182025 0.265326500 0.015228318 0.201005101 0.100059412 0.974347532
1341847986.394467 -0.465217650 -0.112361468 0.269567996 0.015239621 0.203695044 0.101633132 0.973625600
1341847986.425858 -0.466885209 -0.115789011 0.274607360 0.014560639 0.207392305 0.102906875 0.972721219
1341847986.457691 -0.467047274 -0.118717432 0.278745681 0.013221384 0.210544765 0.103694238 0.971979201
1341847986.493735 -0.467876941 -0.118491150 0.285051852 0.014062441 0.213900521 0.105182283 0.971074402
1341847986.525772 -0.468602926 -0.121823400 0.290577710 0.014311674 0.216058269 0.106462672 0.970453322
1341847986.561706 -0.468406171 -0.123750418 0.293971658 0.013287093 0.217644364 0.106995001 0.970054865
1341847986.593712 -0.469354719 -0.127106741 0.300734162 0.011405821 0.221648827 0.107259110 0.969142497
1341847986.625740 -0.471281976 -0.130439043 0.308669209 0.012311282 0.226439372 0.107983679 0.967942715
1341847986.661920 -0.470916718 -0.130294517 0.310419023 0.014553362 0.226986498 0.110456727 0.967504323
1341847986.693739 -0.472130924 -0.133003592 0.316104472 0.014360092 0.228488654 0.114591919 0.966672301
1341847986.725896 -0.472047865 -0.134414375 0.319877058 0.015367048 0.228278235 0.119849116 0.966068864
1341847986.762616 -0.471703649 -0.137492731 0.322914839 0.013515452 0.227837130 0.123580627 0.965730488
1341847986.793794 -0.471987307 -0.138795465 0.326553404 0.010408102 0.229593486 0.126080006 0.965029716
1341847986.829823 -0.473905653 -0.142693788 0.335107833 0.007159144 0.234423652 0.127755091 0.963676751
1341847986.861756 -0.474595904 -0.142286077 0.339246452 0.008243184 0.235788852 0.130224735 0.963004231
1341847986.886746 -0.475744903 -0.144590780 0.343706965 0.006329846 0.236105964 0.133695960 0.962465227
1341847986.922699 -0.475834638 -0.146562681 0.348721296 0.004130103 0.236395061 0.136880577 0.961958408
1341847986.954690 -0.476031959 -0.149970606 0.353547096 0.001193913 0.238066584 0.138059974 0.961385608
1341847986.990631 -0.477221191 -0.152480394 0.358654261 -0.000446336 0.241034314 0.138895914 0.960525990
1341847987.022895 -0.478281498 -0.153611451 0.362905473 -0.000236696 0.243275747 0.141239554 0.959618807
1341847987.054629 -0.478712797 -0.153316647 0.366768032 -0.000562507 0.243909016 0.144115940 0.959030032
1341847987.091223 -0.479012817 -0.156776592 0.371240377 -0.003775422 0.245131254 0.145675942 0.958475351
1341847987.123199 -0.478737354 -0.160746157 0.376296312 -0.006657839 0.248551965 0.144760177 0.957717121
1341847987.154654 -0.479594529 -0.163015440 0.378069520 -0.008910501 0.252848923 0.142590806 0.956899107
1341847987.190716 -0.480699599 -0.162805170 0.383472621 -0.010218260 0.258627146 0.142221421 0.955395520
1341847987.222678 -0.481568575 -0.162565455 0.388449222 -0.010043141 0.262012303 0.144296974 0.954163015
1341847987.259261 -0.482276648 -0.164537013 0.392152458 -0.011656295 0.264829129 0.145526528 0.953179777
1341847987.290653 -0.482434392 -0.167920247 0.396589428 -0.014216207 0.269597858 0.144627959 0.951944113
1341847987.322780 -0.484072357 -0.169927061 0.401333272 -0.014466840 0.276728630 0.143345147 0.950086415
1341847987.358780 -0.485230356 -0.171819255 0.407525003 -0.013566677 0.283219337 0.140713260 0.948579192
1341847987.390720 -0.486495554 -0.173468783 0.410482913 -0.010641927 0.288867861 0.137802720 0.947339714
1341847987.422820 -0.488432735 -0.174181610 0.414514601 -0.008033967 0.295508236 0.136338145 0.945527494
1341847987.458620 -0.490165979 -0.172314003 0.421192437 -0.002969336 0.301857322 0.137205273 0.943423569
1341847987.490754 -0.492698580 -0.171549559 0.425385445 0.003743952 0.305548459 0.139287114 0.941926360
1341847987.526761 -0.494466305 -0.169891730 0.423457086 0.005161145 0.305992901 0.142078385 0.941358328
1341847987.558679 -0.496393889 -0.172879845 0.432852566 0.003530644 0.312815815 0.143770576 0.938863039
1341847987.590776 -0.498273224 -0.171432450 0.437063724 0.009070194 0.317362368 0.145707935 0.936999500
1341847987.626925 -0.500685334 -0.169135228 0.438969016 0.012512995 0.319641918 0.149653837 0.935561955
1341847987.658922 -0.501508951 -0.169441804 0.443492055 0.011608788 0.321524680 0.152018309 0.934546709
1341847987.691638 -0.503627002 -0.168028742 0.447644413 0.013066994 0.323442042 0.154690534 0.933426678
1341847987.726721 -0.505868316 -0.167575374 0.453555971 0.014485971 0.324476242 0.156953275 0.932668746
1341847987.758741 -0.507334471 -0.168377504 0.456210405 0.015023082 0.324666917 0.160804480 0.931937575
1341847987.794708 -0.509485483 -0.168015525 0.460832298 0.015841378 0.325205594 0.164356023 0.931116223
1341847987.826748 -0.511450946 -0.168700621 0.465975642 0.016814925 0.325342536 0.167863220 0.930425406
1341847987.865879 -0.513494551 -0.169606224 0.470170766 0.016452022 0.325181782 0.169369087 0.930215180
1341847987.897796 -0.515577793 -0.169413373 0.474976659 0.018655945 0.325708658 0.171731889 0.929555774
1341847987.933722 -0.517245591 -0.171053320 0.480692089 0.019780461 0.325476378 0.172636271 0.929446399
1341847987.965806 -0.519285798 -0.173204213 0.483954936 0.020357836 0.325833559 0.169350997 0.929913044
1341847987.997794 -0.521936953 -0.173452273 0.486108214 0.022180215 0.326380193 0.167400971 0.930032730
1341847988.033757 -0.523371696 -0.176347911 0.492021173 0.021434074 0.328902096 0.163473338 0.929860413
1341847988.065746 -0.525287032 -0.176539138 0.496030301 0.025229244 0.329856813 0.159906045 0.930047333
1341847988.098165 -0.527429342 -0.177311674 0.498995751 0.027592242 0.330767781 0.155650809 0.930378497
1341847988.133763 -0.529249847 -0.178995818 0.502422690 0.028061686 0.333705366 0.151947662 0.929927528
1341847988.165801 -0.531922698 -0.176378295 0.504880130 0.033374995 0.334669471 0.153122678 0.929212511
1341847988.201710 -0.534044445 -0.175677329 0.507239640 0.033345994 0.332918704 0.156509995 0.929278135
1341847988.233777 -0.534619570 -0.178223148 0.511111557 0.029554013 0.332442641 0.158860207 0.929178059
1341847988.265702 -0.534825742 -0.179784685 0.515195966 0.028401468 0.334453970 0.158180952 0.928607941
1341847988.301776 -0.536491573 -0.178491265 0.517498434 0.029838797 0.335955679 0.159201697 0.927846014
1341847988.333739 -0.537665069 -0.177998692 0.520447314 0.028243350 0.335892349 0.162914097 0.927274287
1341847988.369715 -0.537502825 -0.178740814 0.524012804 0.027011944 0.336476147 0.165463537 0.926647663
1341847988.401745 -0.538986742 -0.176898494 0.527277112 0.029869916 0.337112904 0.169376150 0.925621033
1341847988.433996 -0.539601982 -0.177956760 0.530120313 0.028886016 0.336256444 0.172487319 0.925389290
1341847988.469742 -0.539847136 -0.179954931 0.532857001 0.028271245 0.338476002 0.171316609 0.924816370
1341847988.502496 -0.541910708 -0.178520352 0.533430517 0.030236268 0.340816736 0.171853349 0.923794389
1341847988.537778 -0.544460237 -0.175601512 0.535187602 0.032177635 0.341426969 0.176334456 0.922658324
1341847988.569700 -0.545185506 -0.177020907 0.537938714 0.028921135 0.340152740 0.178206518 0.922877073
1341847988.601796 -0.546557784 -0.178694084 0.539049625 0.024927707 0.340920538 0.177153170 0.922913074
1341847988.637768 -0.548127651 -0.179057926 0.540966094 0.021784529 0.343533009 0.175516129 0.922336459
1341847988.669807 -0.549810886 -0.179091096 0.543573976 0.020265928 0.345745653 0.174477071 0.921741247
1341847988.706192 -0.552107394 -0.178812951 0.544835091 0.019129135 0.346932590 0.174490124 0.921317041
1341847988.737940 -0.553958595 -0.179161474 0.546547711 0.018788809 0.348543227 0.176584899 0.920316458
1341847988.769740 -0.556427121 -0.178999901 0.547562838 0.020509437 0.348975748 0.181287274 0.919200838
1341847988.806051 -0.558682978 -0.180685073 0.548452675 0.020468421 0.349225730 0.183181807 0.918731093
1341847988.837897 -0.561561406 -0.181670874 0.548155427 0.019191056 0.350517929 0.184870571 0.917927980
1341847988.873917 -0.563833833 -0.183970198 0.550769329 0.015842322 0.354062408 0.184937343 0.916617215
1341847988.937824 -0.570357561 -0.184531212 0.551423192 0.015934493 0.357622743 0.187737644 0.914662063
1341847988.966828 -0.573653579 -0.185512513 0.553141832 0.014283027 0.359744936 0.190431178 0.913299263
1341847988.998737 -0.576259911 -0.185808182 0.554433823 0.014808017 0.360189974 0.193723574 0.912422597
1341847989.034678 -0.580549836 -0.186570406 0.554371834 0.013424975 0.359931439 0.195732772 0.912117183
1341847989.066658 -0.583269715 -0.190381482 0.557205796 0.008798179 0.361812681 0.195281506 0.911525786
1341847989.098821 -0.586145699 -0.191907063 0.560058415 0.010340891 0.363218963 0.193852052 0.911255419
1341847989.134676 -0.590689898 -0.193486422 0.560377657 0.014041483 0.362703681 0.194739938 0.911221802
1341847989.166672 -0.594153345 -0.195785418 0.561264575 0.016263314 0.362429947 0.195697948 0.911088526
1341847989.202743 -0.599041760 -0.197382659 0.562601924 0.019517422 0.361615986 0.196040407 0.911274433
1341847989.234728 -0.604560673 -0.199467912 0.561891854 0.021874873 0.358545363 0.196562186 0.912321210
1341847989.266651 -0.608098030 -0.201952130 0.562614083 0.021611691 0.357055724 0.194534466 0.913345754
1341847989.302773 -0.612824917 -0.203709021 0.563722730 0.020874925 0.356145918 0.190139875 0.914642632
1341847989.334871 -0.617334306 -0.204905242 0.563504875 0.019903570 0.354244828 0.186486080 0.916153610
1341847989.366685 -0.620670140 -0.208228081 0.564376235 0.014480635 0.353961140 0.180348024 0.917592704
1341847989.402777 -0.623973370 -0.211276114 0.566802502 0.010722715 0.356334448 0.175039411 0.917753756
1341847989.434824 -0.627817750 -0.212754056 0.567495108 0.012496567 0.356844127 0.172083959 0.918092132
1341847989.470712 -0.632304192 -0.213182569 0.565053225 0.012631532 0.355673760 0.170347437 0.918868005
1341847989.502614 -0.634937823 -0.214713231 0.566295326 0.010338832 0.356881857 0.170570135 0.918386757
1341847989.534687 -0.638596237 -0.215846241 0.567709267 0.011868854 0.356960088 0.172358379 0.918003917
1341847989.570705 -0.642132044 -0.218667105 0.566435039 0.009903162 0.356101573 0.172067419 0.918415189
1341847989.602804 -0.643945038 -0.221476287 0.568528175 0.006916256 0.358826429 0.171020627 0.917577088
1341847989.634745 -0.646905184 -0.223011360 0.568406403 0.007689373 0.362230897 0.167249903 0.916928113
1341847989.670627 -0.651029348 -0.222374290 0.567271650 0.008816714 0.364364028 0.167200387 0.916081429
1341847989.702606 -0.654043138 -0.223599568 0.568845987 0.007052456 0.366109610 0.167440042 0.915356696
1341847989.738929 -0.657312930 -0.224622577 0.569185793 0.006548638 0.368388236 0.166126281 0.914685369
1341847989.770735 -0.661674023 -0.224322930 0.568834782 0.006014213 0.370437533 0.166023150 0.913879693
1341847989.802890 -0.665009916 -0.225077689 0.569806397 0.004868375 0.371821165 0.166885793 0.913167238
1341847989.838780 -0.669559717 -0.227478549 0.570025086 0.003066829 0.373387754 0.167158023 0.912485838
1341847989.870960 -0.673149347 -0.229471236 0.572125733 0.002748238 0.376491398 0.165546358 0.911504865
1341847989.902718 -0.678707421 -0.228681907 0.570243537 0.006011980 0.377905011 0.166017383 0.910818219
1341847989.938921 -0.684351087 -0.228752330 0.570375144 0.008307717 0.377306640 0.170190349 0.910277963
1341847989.970730 -0.688783646 -0.230700582 0.571479261 0.008822625 0.376457989 0.171444178 0.910389125
1341847990.006923 -0.693117559 -0.233253837 0.571142077 0.007301680 0.377775311 0.170147255 0.910100222
1341847990.039001 -0.698140025 -0.233497962 0.571978152 0.007886583 0.379925013 0.169934988 0.909239769
1341847990.070686 -0.703861773 -0.234568715 0.572587609 0.008588653 0.380279571 0.169085398 0.909243584
1341847990.106701 -0.709308386 -0.235902786 0.572420239 0.008530904 0.380762666 0.168780595 0.909098506
1341847990.139194 -0.713710189 -0.236498892 0.573782086 0.009490505 0.381935686 0.169926718 0.908383191
1341847990.171055 -0.718415380 -0.236473978 0.574730814 0.013094214 0.381348431 0.171167538 0.908352137
1341847990.207022 -0.723933160 -0.237482086 0.574091434 0.015338725 0.379217952 0.172344759 0.908986092
1341847990.238920 -0.729216397 -0.239078015 0.573389113 0.014482232 0.378260374 0.173669159 0.909147024
1341847990.274709 -0.733553112 -0.240331069 0.575071394 0.015767116 0.378034145 0.174489751 0.909062684
1341847990.306743 -0.739329159 -0.241279468 0.573400140 0.016312975 0.376750827 0.173639029 0.909748435
1341847990.339079 -0.744003952 -0.242049009 0.574404895 0.014976033 0.377112269 0.173781604 0.909594417
1341847990.374663 -0.748183489 -0.242089361 0.575308561 0.015803153 0.377016097 0.173793182 0.909618080
1341847990.406760 -0.753395736 -0.242553100 0.574365556 0.015647268 0.375709862 0.173780218 0.910163581
1341847990.442575 -0.757445335 -0.243151188 0.575365663 0.013164652 0.375560254 0.176101714 0.909818351
1341847990.474644 -0.759928405 -0.243877560 0.577752948 0.013205206 0.375428647 0.176469982 0.909800708
1341847990.506783 -0.764233530 -0.244706929 0.577618122 0.012076470 0.375595987 0.175591230 0.909917295
1341847990.542835 -0.768461704 -0.244598314 0.579190373 0.011332259 0.377177864 0.179103673 0.908586979
1341847990.574711 -0.771404982 -0.245017529 0.580462813 0.012277111 0.376968294 0.182548225 0.907975972
1341847990.606790 -0.774953902 -0.246867120 0.580907345 0.010786181 0.377197474 0.182559237 0.907897532
1341847990.642783 -0.777572870 -0.247300535 0.581294358 0.008803094 0.379006803 0.182922065 0.907091975
1341847990.674787 -0.781722724 -0.246971324 0.582167625 0.009696704 0.381145567 0.185872570 0.905585647
1341847990.710795 -0.785704613 -0.246516824 0.582950711 0.012468936 0.381089747 0.189694718 0.904782295
1341847990.742712 -0.789513290 -0.248155236 0.584181726 0.011113834 0.381599158 0.193465739 0.903786242
1341847990.774671 -0.790867686 -0.249900773 0.586589754 0.010322929 0.382327735 0.196665108 0.902796686
1341847990.810771 -0.793969989 -0.250526041 0.586965561 0.012163703 0.384181589 0.197006360 0.901911914
1341847990.842713 -0.797717690 -0.250679225 0.587518156 0.012288878 0.385823548 0.198214099 0.900944114
1341847990.874745 -0.799967527 -0.251856863 0.589506149 0.011012310 0.387616992 0.199631914 0.899877131
1341847990.910825 -0.802168489 -0.252992213 0.591110706 0.010894216 0.389800429 0.199919254 0.898871064
1341847990.942685 -0.805637062 -0.254353404 0.591731608 0.008871763 0.392327905 0.199619651 0.897859693
1341847990.978824 -0.807384968 -0.255493104 0.593741119 0.007720247 0.394998521 0.200114757 0.896588326
1341847991.010797 -0.810044467 -0.256686419 0.595624626 0.008960946 0.397093445 0.200054199 0.895664454
1341847991.042752 -0.813481390 -0.256959379 0.595660269 0.010073585 0.398549706 0.201141268 0.894761860
1341847991.078680 -0.814440012 -0.258242786 0.598678529 0.010495867 0.400691837 0.203066200 0.893364429
1341847991.111319 -0.816750646 -0.260332942 0.600280404 0.011555452 0.402039945 0.204804406 0.892348289
1341847991.142784 -0.819017887 -0.261966407 0.602141678 0.011390013 0.403560102 0.205443829 0.891516864
1341847991.178778 -0.821986198 -0.263032824 0.605158925 0.011727994 0.406385064 0.206453189 0.889994800
1341847991.210687 -0.824520528 -0.264697641 0.607894301 0.013129717 0.408722043 0.206741259 0.888837397
1341847991.246842 -0.827469289 -0.266036958 0.609705389 0.013481086 0.410041869 0.206223562 0.888344407
1341847991.278726 -0.829947531 -0.267533928 0.613139987 0.013653004 0.412996948 0.207244694 0.886733770
1341847991.310807 -0.834495604 -0.268592030 0.615427256 0.016817361 0.415130764 0.208891779 0.885295331
1341847991.346722 -0.839659035 -0.268620372 0.615624309 0.020608414 0.412990302 0.213307068 0.885163486
1341847991.378800 -0.842659116 -0.269458801 0.619004130 0.020759759 0.411454499 0.219559982 0.884345889
1341847991.414715 -0.843583822 -0.272293806 0.622554600 0.017546654 0.412219524 0.223545507 0.883059800
1341847991.446744 -0.845460057 -0.273986995 0.625016153 0.014813302 0.414370745 0.223500967 0.882113814
1341847991.478824 -0.847405255 -0.275406241 0.628403842 0.012912249 0.417605519 0.224395245 0.880389512
1341847991.514709 -0.850541055 -0.276795208 0.630208015 0.012347617 0.420217067 0.226531908 0.878605962
1341847991.546725 -0.852999389 -0.277860701 0.632498860 0.013243100 0.421935380 0.229982391 0.876871288
1341847991.578804 -0.855295539 -0.279116601 0.634580076 0.013694000 0.423770428 0.234862790 0.874683082
1341847991.614853 -0.856702685 -0.280818969 0.635568619 0.014158644 0.425570756 0.239648715 0.872500777
1341847991.646714 -0.856876254 -0.283258557 0.638375819 0.015241202 0.429979652 0.244111851 0.869076908
1341847991.689872 -0.857446849 -0.285343498 0.638773441 0.014838509 0.434736133 0.245730057 0.866256952
1341847991.714700 -0.859748662 -0.286394924 0.639222324 0.016068257 0.439043194 0.246855021 0.863739252
1341847991.746823 -0.862406850 -0.287113637 0.639855027 0.017255614 0.441504389 0.249612093 0.861666918
1341847991.782657 -0.862888992 -0.290329874 0.641343117 0.015074415 0.444263011 0.252528101 0.859437406
1341847991.814748 -0.862850845 -0.292517185 0.643727660 0.013895150 0.447989941 0.253026843 0.857373476
1341847991.846729 -0.863972306 -0.295062661 0.644859135 0.013644138 0.452609718 0.251021236 0.855538785
1341847991.882784 -0.867296815 -0.295275033 0.645745456 0.014621932 0.456472218 0.251718611 0.853262603
1341847991.915817 -0.868629813 -0.297305048 0.648015738 0.015165985 0.458299667 0.254130393 0.851556838
1341847991.950761 -0.869869471 -0.300097167 0.650342584 0.014481070 0.460343301 0.253881603 0.850540102
1341847991.982826 -0.871137738 -0.302329034 0.651870966 0.012973893 0.463441283 0.252473354 0.849300265
1341847992.014724 -0.872714102 -0.303696305 0.654362440 0.012396831 0.467470765 0.251536489 0.847376406
1341847992.050647 -0.876389682 -0.304878056 0.655167103 0.012301582 0.469495237 0.251402199 0.846297681
1341847992.082793 -0.877887845 -0.307781458 0.658835351 0.010543982 0.471263975 0.251143247 0.845414758
1341847992.114842 -0.879835129 -0.309144527 0.660613120 0.010323382 0.473258376 0.251122832 0.844308734
1341847992.150789 -0.882601738 -0.310877323 0.664220154 0.010482484 0.476301938 0.251201749 0.842570007
1341847992.182813 -0.886023998 -0.312043905 0.666713893 0.011119573 0.477803558 0.252036124 0.841461778
1341847992.218736 -0.887552083 -0.314101011 0.669896543 0.011152750 0.479389817 0.253522784 0.840111434
1341847992.250652 -0.889898658 -0.317032635 0.672109604 0.010016901 0.482627511 0.253247142 0.838353276
1341847992.282910 -0.892194748 -0.317868650 0.674337685 0.010316053 0.485912651 0.253476441 0.836380363
1341847992.318683 -0.895332932 -0.319386363 0.676578939 0.011676795 0.488844275 0.254515648 0.834336102
1341847992.350695 -0.898604572 -0.321252614 0.679212570 0.011879314 0.491350591 0.256049842 0.832389295
1341847992.382858 -0.901960433 -0.322710067 0.681984067 0.012946239 0.493631691 0.258779973 0.830176532
1341847992.418855 -0.904774070 -0.324676633 0.684334576 0.014697874 0.496005237 0.261747628 0.827798903
1341847992.450822 -0.909317017 -0.326787412 0.686931908 0.015162359 0.498765737 0.263517231 0.825567365
1341847992.486713 -0.912322938 -0.328458369 0.689852238 0.015805293 0.500798166 0.266830057 0.823257625
1341847992.518735 -0.915203869 -0.330249369 0.692141771 0.017182052 0.502248168 0.269192666 0.821575820
1341847992.550596 -0.919272900 -0.331853747 0.695300579 0.017630817 0.504321754 0.269257903 0.820273697
1341847992.586730 -0.923378527 -0.333482742 0.698379278 0.016580729 0.506010413 0.270225137 0.818936467
1341847992.618832 -0.927320659 -0.335525572 0.701074243 0.015897740 0.507493019 0.271633238 0.817565560
1341847992.654692 -0.930792749 -0.336612642 0.704172134 0.015860546 0.508454025 0.273382217 0.816385448
1341847992.686829 -0.933178663 -0.339520127 0.708208084 0.014084278 0.509948254 0.273749530 0.815362275
1341847992.718718 -0.936097980 -0.341076851 0.710905969 0.014792684 0.511861980 0.273260236 0.814314067
1341847992.754765 -0.940545201 -0.342101753 0.713361263 0.016204493 0.513416708 0.274552375 0.812872469
1341847992.786631 -0.943915129 -0.344063938 0.715981364 0.015998702 0.513375878 0.275561035 0.812561035
1341847992.818723 -0.946143746 -0.345970452 0.718837976 0.014415882 0.514518857 0.274537653 0.812214017
1341847992.854856 -0.949426055 -0.347313315 0.720514655 0.012198893 0.516151488 0.274363816 0.811272681
1341847992.886610 -0.951629877 -0.347581565 0.723475695 0.011208420 0.517527223 0.275930405 0.809877992
1341847992.922713 -0.952907085 -0.349822283 0.727059960 0.010023081 0.518378437 0.276761860 0.809064984
1341847992.954645 -0.954313278 -0.351456344 0.729299664 0.008919220 0.519567430 0.277183473 0.808170497
1341847992.986720 -0.955451488 -0.352805197 0.733563781 0.009542593 0.522066593 0.278200895 0.806200802
1341847993.022736 -0.958720565 -0.353652060 0.735397220 0.010667478 0.522839248 0.278946966 0.805427790
1341847993.054757 -0.959971428 -0.355614722 0.738487661 0.009287221 0.523660600 0.279907227 0.804577708
1341847993.086751 -0.962191939 -0.356959462 0.741582215 0.008184323 0.525166512 0.279765517 0.803656876
1341847993.122668 -0.963664770 -0.358490825 0.744626582 0.005860219 0.526659846 0.279708594 0.802719235
1341847993.154688 -0.964414001 -0.360354722 0.748494804 0.003571776 0.528707802 0.279508948 0.801454961
1341847993.190779 -0.964338303 -0.362003714 0.752714992 0.003464573 0.531644523 0.279896349 0.799374819
1341847993.222703 -0.966043949 -0.363569140 0.755631864 0.005835899 0.533900440 0.281078398 0.797440410
1341847993.261799 -0.968592584 -0.365685582 0.758811712 0.009091520 0.534876227 0.283551097 0.795879126
1341847993.291547 -0.968497455 -0.368495286 0.761742473 0.010598830 0.535551667 0.284962296 0.794901609
1341847993.322794 -0.969473481 -0.370408654 0.765172601 0.011921283 0.537931502 0.285359651 0.793131411
1341847993.354702 -0.971846342 -0.371554911 0.768336892 0.013103906 0.540128350 0.286204696 0.791313171
1341847993.390722 -0.973063171 -0.373675942 0.771154106 0.012488931 0.542097807 0.286648899 0.789814174
1341847993.422745 -0.973064423 -0.375715286 0.775703907 0.011482252 0.545182407 0.287240088 0.787488103
1341847993.458848 -0.973848343 -0.376819164 0.779476821 0.012858742 0.547735572 0.288403720 0.785266638
1341847993.490680 -0.975676775 -0.378404915 0.783693433 0.014911804 0.549770236 0.290243655 0.783127666
1341847993.522707 -0.978816748 -0.379594684 0.786482155 0.017250823 0.550463378 0.293345124 0.781435311
1341847993.558719 -0.980085492 -0.380610555 0.790916324 0.018109011 0.550880611 0.297366858 0.779599607
1341847993.590981 -0.979539514 -0.384710014 0.797315300 0.015242072 0.551683843 0.300050020 0.778063357
1341847993.626764 -0.980860233 -0.386498719 0.800461590 0.013695767 0.551569164 0.301941961 0.777441263
1341847993.658928 -0.983175278 -0.388054550 0.804724634 0.010842283 0.551999629 0.304028004 0.776367068
1341847993.690739 -0.983135343 -0.390065610 0.809570432 0.006192106 0.551782727 0.306553572 0.775578737
1341847993.727062 -0.980916202 -0.392876208 0.813078463 0.002370010 0.552770317 0.306326926 0.774985909
1341847993.758693 -0.981830835 -0.394287765 0.816588759 0.000464699 0.556590259 0.304703295 0.772892654
1341847993.790887 -0.983443201 -0.395767033 0.820350289 -0.000126881 0.558829904 0.304937690 0.771182299
1341847993.826735 -0.985071301 -0.397948027 0.824066341 0.000170170 0.559065402 0.306237012 0.770496428
1341847993.858891 -0.985541940 -0.401435792 0.827989697 -0.002333720 0.559829473 0.306430191 0.769861102
1341847993.901726 -0.984171212 -0.403253913 0.832629442 -0.005254799 0.561523020 0.306335509 0.768649995
1341847993.933661 -0.984104812 -0.406349599 0.836090326 -0.005274619 0.563011110 0.306319356 0.767567039
1341847993.965821 -0.986220717 -0.408401608 0.837782979 -0.006642654 0.563614607 0.305359989 0.767495751
1341847994.001991 -0.983718634 -0.411767215 0.841328263 -0.010958942 0.566694140 0.305048108 0.765299499
1341847994.034008 -0.983329237 -0.414020360 0.844888449 -0.008951644 0.570441544 0.304240316 0.762859225
1341847994.065706 -0.986972451 -0.416277647 0.846304238 -0.006891663 0.572067380 0.304123431 0.761708796
1341847994.101772 -0.986587107 -0.418768555 0.848374724 -0.006772235 0.573704243 0.305449724 0.759946048
1341847994.133885 -0.985778689 -0.421456575 0.852230072 -0.005700358 0.576611757 0.304446310 0.758154869
1341847994.169705 -0.988524079 -0.422499150 0.853891730 -0.002196104 0.578630209 0.304002315 0.756812274
1341847994.201675 -0.989970565 -0.424473077 0.856809080 -0.000507714 0.580445349 0.306208134 0.754532635
1341847994.233618 -0.987914026 -0.427652985 0.861329675 0.003003352 0.582696736 0.308066428 0.752030969
1341847994.269680 -0.992332101 -0.429995060 0.862712264 0.006290387 0.584751010 0.307228178 0.750757933
1341847994.301751 -0.994502902 -0.432588488 0.865429401 0.005639412 0.586991012 0.307587981 0.748865426
1341847994.333755 -0.993578672 -0.436000109 0.869764745 0.007086273 0.590035975 0.308149040 0.746224761
1341847994.369712 -0.996467948 -0.438425601 0.872705400 0.009500520 0.592157483 0.307483643 0.744790614
1341847994.401655 -0.999345958 -0.441683263 0.876487970 0.010607569 0.594148219 0.307858884 0.743033111
1341847994.433802 -1.001111269 -0.445428163 0.880783021 0.013375790 0.595867157 0.309521377 0.740918279
1341847994.469690 -1.004471540 -0.447812587 0.884467602 0.016180526 0.596962810 0.310166925 0.739709496
1341847994.501736 -1.006776214 -0.450073391 0.888155162 0.017462375 0.597863972 0.311887830 0.738227427
1341847994.537738 -1.008101583 -0.453255087 0.893167317 0.018606212 0.599906862 0.312982440 0.736075819
1341847994.569734 -1.011038065 -0.454639852 0.897411287 0.020949552 0.601111412 0.314837247 0.734236836
1341847994.601688 -1.013834000 -0.456511587 0.901118517 0.020078745 0.602320433 0.317066938 0.732308328
1341847994.637836 -1.014459252 -0.459615618 0.906002939 0.018702049 0.603839278 0.319172770 0.730176091
1341847994.669750 -1.017139912 -0.462364048 0.909966886 0.019113837 0.604929388 0.320280731 0.728776634
1341847994.701643 -1.019916058 -0.463877410 0.914242566 0.017362025 0.606016219 0.321919858 0.727193594
1341847994.769803 -1.020078063 -0.467622995 0.923485458 0.016011519 0.610567927 0.322836012 0.722998857
1341847994.798790 -1.024123311 -0.468131900 0.926645219 0.015550419 0.613198817 0.323521942 0.720471382
1341847994.831306 -1.025809050 -0.470367372 0.931397557 0.010316606 0.614568293 0.328839868 0.716982365
1341847994.866828 -1.026220918 -0.473167360 0.935750663 0.008437757 0.614742458 0.331808895 0.715488195
1341847994.898727 -1.027981639 -0.474637210 0.939730883 0.007778984 0.615255713 0.333537787 0.714249611
1341847994.930711 -1.029118657 -0.475741297 0.942909181 0.004659695 0.616499364 0.333918035 0.713025630
1341847994.966673 -1.027999640 -0.477849334 0.946790218 0.002730355 0.618966699 0.335233659 0.710275412
1341847994.998679 -1.028585911 -0.480108857 0.949297905 0.003860642 0.621042192 0.336991102 0.707621872
1341847995.030768 -1.030430555 -0.480585456 0.952375710 0.004266835 0.623507082 0.339417785 0.704284251
1341847995.066673 -1.028762102 -0.482707977 0.956224680 0.004208260 0.626336217 0.341215760 0.700897336
1341847995.098711 -1.028972030 -0.484540164 0.959631801 0.006005720 0.630124271 0.341383249 0.697398603
1341847995.134939 -1.031765699 -0.485966057 0.962158918 0.006462111 0.633465767 0.342396349 0.693861783
1341847995.166644 -1.029808402 -0.488108575 0.965574384 0.006782324 0.636038899 0.343445331 0.690980375
1341847995.198787 -1.031592846 -0.489667177 0.967844009 0.009055823 0.638549328 0.342914760 0.688899279
1341847995.234663 -1.033298016 -0.491498590 0.970081329 0.009044306 0.640498042 0.343550444 0.686770439
1341847995.266776 -1.032069445 -0.493413627 0.974205971 0.009568620 0.642435133 0.344853818 0.684296310
1341847995.298812 -1.032735825 -0.496078759 0.976040244 0.011996734 0.644613743 0.345299065 0.681980789
1341847995.334686 -1.035823107 -0.497459561 0.979102492 0.012464136 0.646318078 0.345680743 0.680163503
1341847995.366701 -1.033113003 -0.498657197 0.982993186 0.010733619 0.648081899 0.346589327 0.678049088
1341847995.402793 -1.034652591 -0.500870347 0.986280203 0.010851892 0.649971604 0.345981330 0.676547229
1341847995.434743 -1.035035491 -0.501932502 0.989053190 0.009815533 0.650645554 0.346064210 0.675872564
1341847995.466776 -1.033978343 -0.503669739 0.992809176 0.009085682 0.652364850 0.346340775 0.674081326
1341847995.502702 -1.033078432 -0.506211162 0.995664835 0.009957165 0.653200924 0.346643299 0.673103154
1341847995.534752 -1.033089638 -0.508145213 1.000193357 0.012510595 0.653019726 0.347877592 0.672599375
1341847995.566681 -1.035105109 -0.509534001 1.003395200 0.016389353 0.651837885 0.352689117 0.671155155
1341847995.602698 -1.034619212 -0.510105610 1.007350683 0.017615734 0.650322735 0.357076287 0.670273542
1341847995.634814 -1.033716440 -0.511208296 1.009400129 0.016651798 0.649182498 0.359694093 0.670003772
1341847995.670769 -1.033807516 -0.512145758 1.011758924 0.015606326 0.649584949 0.362488508 0.668130159
1341847995.702780 -1.032686234 -0.512868524 1.014449716 0.013877873 0.650306046 0.365666330 0.665730894
1341847995.734774 -1.029866695 -0.515368223 1.019026995 0.012649884 0.651021123 0.367920607 0.663811624
1341847995.770704 -1.029738903 -0.516437411 1.021351814 0.012888595 0.651375294 0.368636847 0.663061857
1341847995.802752 -1.028729796 -0.517365575 1.024294972 0.012492007 0.652507067 0.370358169 0.660994112
1341847995.838779 -1.027302265 -0.518894434 1.026973367 0.012146358 0.653464615 0.370573878 0.659932911
1341847995.870641 -1.029004812 -0.519839644 1.028457046 0.013430677 0.654128790 0.370366156 0.659366429
1341847995.902803 -1.029526234 -0.520677924 1.030351639 0.011240799 0.655478895 0.370631874 0.657915711
1341847995.938733 -1.026753664 -0.521999419 1.031624675 0.009921591 0.656697154 0.371456563 0.656254888
1341847995.970733 -1.027574062 -0.523697555 1.033318877 0.011244459 0.659031093 0.371581227 0.653818727
1341847996.002709 -1.028836966 -0.524391770 1.034611344 0.009673528 0.660971045 0.371448487 0.651958346
1341847996.038762 -1.026130915 -0.525653362 1.036375880 0.008811005 0.663154006 0.371866733 0.649510801
1341847996.070721 -1.026457906 -0.527095914 1.037553906 0.011295381 0.665331423 0.371412218 0.647502542
1341847996.106729 -1.028194666 -0.527608156 1.038438082 0.011457969 0.666933060 0.370352119 0.646458268
1341847996.138845 -1.026539445 -0.528743207 1.039470792 0.011008603 0.669308305 0.370771587 0.643765152
1341847996.170714 -1.025643826 -0.529610515 1.041150570 0.013097928 0.672792792 0.369719952 0.640691459
1341847996.206643 -1.028648734 -0.530266047 1.042273045 0.013358077 0.675270021 0.367449582 0.639384747
1341847996.239003 -1.028987169 -0.531564713 1.043141603 0.012246810 0.676841497 0.368423849 0.637180865
1341847996.270754 -1.028598070 -0.532271624 1.045473337 0.012906864 0.678406596 0.369925171 0.634628475
1341847996.306636 -1.028719664 -0.533019483 1.046915054 0.013645761 0.679265440 0.370894104 0.633126974
1341847996.338944 -1.030042291 -0.534110427 1.048123479 0.013278379 0.680823922 0.371062756 0.631359518
1341847996.374711 -1.029249191 -0.534672737 1.049459696 0.012539310 0.682659328 0.372139484 0.628753662
1341847996.406705 -1.028859496 -0.535970807 1.051637053 0.013928303 0.684925675 0.373433143 0.625484228
1341847996.438632 -1.031027675 -0.537050962 1.052885294 0.015097387 0.686467111 0.374612510 0.623057246
1341847996.474783 -1.030048251 -0.537908196 1.055376410 0.015140762 0.688041806 0.375795394 0.620602131
1341847996.506707 -1.030222774 -0.539696336 1.056641459 0.017748654 0.689390659 0.376360685 0.618690670
1341847996.538771 -1.032988429 -0.540475845 1.060375810 0.019574726 0.691600680 0.375753194 0.616534531
1341847996.574796 -1.034796000 -0.541429400 1.062735438 0.018275499 0.692042768 0.377109230 0.615249097
1341847996.607104 -1.033267021 -0.542052627 1.065976501 0.018675508 0.693251371 0.378148466 0.613235295
1341847996.642752 -1.037459254 -0.543702900 1.068610072 0.018317856 0.693724096 0.379414946 0.611927748
1341847996.674774 -1.037026167 -0.542966485 1.072545290 0.015232492 0.693894207 0.381508887 0.610516012
1341847996.706896 -1.035487890 -0.544702172 1.074627399 0.012502761 0.695900202 0.382784635 0.607488692
1341847996.742663 -1.038534164 -0.547944903 1.076112270 0.006511418 0.698333383 0.383261204 0.604482412
1341847996.774747 -1.036403537 -0.545457959 1.080841422 0.004549955 0.700889945 0.384440184 0.600781441
1341847996.806787 -1.036849737 -0.546691656 1.083858371 0.005384452 0.702590764 0.386606008 0.597388506
1341847996.842763 -1.037868977 -0.547662616 1.087974906 0.005400750 0.704153836 0.387989223 0.594644845
1341847996.874766 -1.038173914 -0.549193799 1.091349483 0.006017063 0.704409719 0.389991611 0.593023837
1341847996.910785 -1.038820982 -0.552319884 1.094714761 0.008016734 0.704853714 0.391263694 0.591633081
1341847996.942686 -1.040789366 -0.553710818 1.098872066 0.010697915 0.705210567 0.392110914 0.590603530
1341847996.974782 -1.040484905 -0.556867242 1.102005363 0.011828233 0.705514729 0.392462015 0.589985192
1341847997.010744 -1.042622328 -0.558851719 1.107290030 0.014153228 0.707306147 0.391166568 0.588647962
1341847997.042675 -1.043996334 -0.560824871 1.112236023 0.014779898 0.707975984 0.390707463 0.588132083
1341847997.078725 -1.045024633 -0.563596606 1.115840316 0.015816085 0.708154857 0.390315682 0.588149846
1341847997.110693 -1.046641588 -0.565213680 1.120541334 0.015710980 0.708734632 0.389233798 0.588171244
1341847997.142993 -1.046208620 -0.567358971 1.124575377 0.014627238 0.709198892 0.388380378 0.588203788
1341847997.178794 -1.046855807 -0.569500864 1.129255056 0.014621778 0.709701359 0.386378795 0.588915586
1341847997.210888 -1.049618721 -0.571692348 1.132890224 0.014090553 0.709640145 0.385431200 0.589622855
1341847997.242959 -1.049448133 -0.573656738 1.137994051 0.012750336 0.710232258 0.385395229 0.588963687
1341847997.278756 -1.049815416 -0.575444400 1.141494989 0.012184875 0.709979713 0.386313766 0.588678300
1341847997.311412 -1.049403906 -0.576956153 1.145333052 0.010968145 0.710371614 0.386450112 0.588139772
1341847997.346642 -1.047842622 -0.579337537 1.147341132 0.009928527 0.711575091 0.386542797 0.586640537
1341847997.378668 -1.048884749 -0.581807911 1.150592685 0.010107415 0.713754237 0.385850966 0.584441543
1341847997.410817 -1.047654867 -0.583880186 1.153405786 0.009590787 0.715620816 0.385770828 0.582216263
1341847997.446693 -1.045533180 -0.586414278 1.155841470 0.010686107 0.717805564 0.384669602 0.580233097
1341847997.478752 -1.046545625 -0.588813543 1.158253312 0.011666794 0.720794201 0.383358419 0.577369809
1341847997.510941 -1.045684814 -0.590830564 1.161239862 0.010907805 0.723006129 0.383782417 0.574329317
1341847997.546599 -1.043303370 -0.593098879 1.164456129 0.010657514 0.724981546 0.383235276 0.572205245
1341847997.578740 -1.042280436 -0.595090389 1.167394161 0.010261494 0.727207899 0.381687135 0.570419371
1341847997.614736 -1.041443586 -0.598038495 1.171014547 0.008580870 0.730218828 0.380309433 0.567513466
1341847997.646995 -1.038561106 -0.600718737 1.174535871 0.008041887 0.732504368 0.379248977 0.565281153
1341847997.678842 -1.036446095 -0.603309751 1.178754210 0.010197276 0.733867764 0.377924889 0.564364195
1341847997.714639 -1.035244465 -0.605962157 1.182288527 0.011183213 0.735025823 0.376770377 0.563609779
1341847997.746602 -1.032468796 -0.608189046 1.186446428 0.011536025 0.737666070 0.375156671 0.561224639
1341847997.778734 -1.030943632 -0.610921800 1.191195369 0.013030029 0.740316927 0.373133183 0.559046209
1341847997.814628 -1.029885292 -0.613902032 1.195014834 0.014556305 0.741407752 0.372881263 0.557729483
1341847997.846906 -1.028238177 -0.617050648 1.199252963 0.016615858 0.742294014 0.373713702 0.555933058
1341847997.882641 -1.027391076 -0.619434476 1.203511596 0.018611994 0.743277252 0.375966936 0.553029239
1341847997.915169 -1.024201155 -0.621406674 1.207252860 0.020150559 0.743639529 0.378204614 0.550958633
1341847997.946999 -1.022781134 -0.624120235 1.211197138 0.022020634 0.743938923 0.380468160 0.548920751
1341847997.982715 -1.019868851 -0.626665592 1.214172721 0.022903636 0.743529558 0.382557809 0.547986150
1341847998.014866 -1.017450571 -0.628975511 1.218694806 0.024126275 0.744412541 0.382794142 0.546567976
1341847998.050805 -1.016599655 -0.631805182 1.222171187 0.025423793 0.744665504 0.383679867 0.545542598
1341847998.082631 -1.015205383 -0.634941339 1.227329612 0.026711198 0.744273305 0.384441316 0.545480192
1341847998.122275 -1.012822032 -0.637061715 1.230784774 0.028405741 0.741914988 0.387264729 0.546608925
1341847998.154051 -1.011198640 -0.638238311 1.234182000 0.027911928 0.741119504 0.388268262 0.547001421
1341847998.185663 -1.008416653 -0.640194178 1.237929821 0.025657838 0.740747273 0.387732714 0.547994852
1341847998.253760 -1.005299926 -0.645151734 1.244537950 0.022621633 0.740244150 0.387457430 0.549002290
1341847998.283062 -1.001406670 -0.646957517 1.248308301 0.021494964 0.739834368 0.386134446 0.550530016
1341847998.318804 -1.001303434 -0.650044680 1.251811624 0.021881120 0.739329994 0.385554999 0.551597357
1341847998.351206 -1.000658989 -0.652337909 1.256257176 0.020614978 0.738353312 0.385930181 0.552690923
1341847998.382723 -0.997429311 -0.655000210 1.260066032 0.019479740 0.736836433 0.386207879 0.554559290
1341847998.419237 -0.997011065 -0.655299544 1.264158130 0.017749615 0.736645401 0.384060979 0.556359291
1341847998.450786 -0.995613694 -0.657849908 1.269135118 0.014081951 0.736484766 0.383200288 0.557269573
1341847998.484037 -0.993497252 -0.659984827 1.273613453 0.012477908 0.734889567 0.383441687 0.559244275
1341847998.518722 -0.993142128 -0.662226439 1.278476119 0.010434834 0.734120071 0.383032799 0.560575306
1341847998.550746 -0.991092384 -0.664802670 1.282247663 0.007110985 0.733469903 0.382398754 0.561909735
1341847998.586740 -0.989836574 -0.666885138 1.287637353 0.005473269 0.733577669 0.381718934 0.562249541
1341847998.618771 -0.988701582 -0.669421434 1.292251587 0.004454805 0.733096838 0.381839454 0.562803566
1341847998.650736 -0.989011407 -0.670527101 1.296575785 0.002113351 0.733084261 0.381596416 0.562998354
1341847998.686862 -0.985803246 -0.671880305 1.301129222 -0.000209791 0.733514965 0.382486463 0.561836183
1341847998.718741 -0.983758450 -0.674584508 1.305942893 0.000678404 0.733820736 0.382984519 0.561096728
1341847998.750838 -0.984816968 -0.676487684 1.311173201 0.001750604 0.733531952 0.383424729 0.561171353
1341847998.786762 -0.982481718 -0.677900314 1.315331221 0.000950629 0.733044565 0.385119140 0.560649633
1341847998.818756 -0.982331514 -0.680083871 1.320794106 0.001261736 0.734898090 0.384712964 0.558497190
1341847998.854711 -0.982523561 -0.681736648 1.326762557 -0.000805694 0.736535251 0.383579791 0.557119191
1341847998.886699 -0.980759621 -0.684655368 1.331314564 -0.001649565 0.736462593 0.385055125 0.556194782
1341847998.918666 -0.982459664 -0.687451363 1.337232113 -0.000058369 0.735615134 0.388010383 0.555264235
1341847998.954799 -0.981510520 -0.688484788 1.342158318 0.000292622 0.734425783 0.391776085 0.554193199
1341847998.986722 -0.978866100 -0.689653516 1.345453978 -0.001102597 0.732918680 0.393807232 0.554747522
1341847999.018809 -0.978748918 -0.691379309 1.350377560 -0.000952595 0.732773662 0.394992888 0.554096103
1341847999.054894 -0.977899313 -0.692608953 1.355787039 -0.001452224 0.733441770 0.396344095 0.552243054
1341847999.086763 -0.977713585 -0.694635272 1.360680223 -0.003341089 0.732196391 0.398264647 0.552505791
1341847999.122718 -0.975476205 -0.695684552 1.363859177 -0.004554585 0.731642425 0.399830610 0.552099824
1341847999.154891 -0.975177467 -0.696442723 1.368337512 -0.005525725 0.733199239 0.400015384 0.549887180
1341847999.186738 -0.972766519 -0.696734965 1.371851683 -0.006031256 0.735503376 0.400545567 0.546407938
1341847999.222717 -0.971186221 -0.700065792 1.373812079 -0.006273330 0.737642527 0.400000930 0.543914855
1341847999.254873 -0.969201803 -0.700299799 1.376384974 -0.004359488 0.741162121 0.398607850 0.540158749
1341847999.290995 -0.968046308 -0.702552319 1.380719066 -0.001151352 0.745318890 0.398692220 0.534362197
1341847999.322701 -0.966283321 -0.706108093 1.384819627 0.002929629 0.746507645 0.400727689 0.531163990
1341847999.354861 -0.964856446 -0.707072973 1.386087179 0.008224159 0.746704698 0.402857542 0.529216588
1341847999.390790 -0.964788973 -0.708071470 1.390211701 0.010789161 0.749333799 0.402574003 0.525658309
1341847999.423935 -0.962592006 -0.708844781 1.391877890 0.011460309 0.751852572 0.402653188 0.521973848
1341847999.454933 -0.960371196 -0.710461855 1.393194079 0.012609867 0.754949927 0.402078360 0.517904103
1341847999.490878 -0.960149825 -0.712762952 1.396828055 0.013736997 0.759170651 0.401433706 0.512174010
1341847999.522673 -0.957463741 -0.713468313 1.400734663 0.017048068 0.763575196 0.404049695 0.503394663
1341847999.558926 -0.954251707 -0.715008020 1.402011156 0.021402923 0.765115678 0.407475770 0.498099804
1341847999.590686 -0.953001738 -0.715963006 1.404595137 0.023115074 0.767089844 0.408041447 0.494510978
1341847999.622896 -0.950866938 -0.716598034 1.406825066 0.022649247 0.769844890 0.409063399 0.489380240
1341847999.658843 -0.946010590 -0.717817664 1.407526493 0.023482461 0.772025824 0.410566300 0.484623581
1341847999.691111 -0.944562078 -0.719035149 1.410636425 0.025659313 0.774604976 0.410424232 0.480500489
1341847999.722697 -0.940463901 -0.719463110 1.412890553 0.024258245 0.776331723 0.411310792 0.477015734
1341847999.758778 -0.934824228 -0.719665110 1.412977457 0.025484348 0.778195560 0.412396520 0.472960144
1341847999.791003 -0.931651473 -0.720281124 1.416487932 0.027870558 0.781396806 0.411517918 0.468289733
1341847999.826747 -0.929489613 -0.721118808 1.418475986 0.028458770 0.782991409 0.412515581 0.464699298
1341847999.858757 -0.926054358 -0.721726656 1.419608831 0.030491330 0.784802437 0.416295052 0.458098084
1341847999.897730 -0.922832727 -0.722371817 1.421896696 0.032308299 0.786201477 0.420560926 0.451632529
1341847999.927117 -0.918979406 -0.721332908 1.423026085 0.033447962 0.786723256 0.424990326 0.446464926
1341847999.958786 -0.914939225 -0.720189750 1.424376845 0.033036415 0.787655354 0.428966731 0.441016138
1341847999.990848 -0.910669804 -0.721515059 1.425487280 0.033186145 0.787919581 0.434696645 0.434879482
1341848000.026656 -0.906554103 -0.719840884 1.426223755 0.034134295 0.788516283 0.437258303 0.431140482
1341848000.058724 -0.904824853 -0.720347285 1.428553820 0.032473523 0.789467096 0.439684808 0.427041501
1341848000.094780 -0.902243733 -0.719003916 1.428368688 0.031162689 0.789666831 0.443508089 0.422795177
1341848000.126737 -0.898411334 -0.718011022 1.428144693 0.029356964 0.790659189 0.446625262 0.417758435
1341848000.158633 -0.895060182 -0.718289018 1.429474115 0.025869982 0.791754723 0.449804932 0.412469000
1341848000.194808 -0.890874028 -0.717651188 1.429295778 0.024133990 0.792084336 0.452859551 0.408580661
1341848000.227063 -0.886832476 -0.717462897 1.430429459 0.023150697 0.792585313 0.455694169 0.404493958
1341848000.266975 -0.882434309 -0.717299342 1.431373477 0.021204457 0.793002069 0.458465189 0.400634229
1341848000.295643 -0.879990220 -0.716191590 1.431483150 0.021263234 0.793892443 0.460075259 0.397005588
1341848000.327132 -0.877614141 -0.717395067 1.432196498 0.020224387 0.793886423 0.462963343 0.393700659
1341848000.362696 -0.873804629 -0.716561019 1.432534575 0.019220416 0.793168068 0.465844989 0.391795218
1341848000.394654 -0.869928002 -0.715089321 1.432664752 0.019723276 0.793667853 0.467467397 0.388814330
1341848000.426772 -0.867576540 -0.715320706 1.433663130 0.019626785 0.794322908 0.468580246 0.386132628
1341848000.462696 -0.864902437 -0.713991821 1.433971286 0.018515505 0.794320107 0.469870567 0.384622484
1341848000.494711 -0.860043406 -0.712401152 1.433615685 0.017655833 0.795636356 0.470188826 0.381541014
1341848000.530849 -0.856746912 -0.712983370 1.433385611 0.017656276 0.796589911 0.470652521 0.378971040
1341848000.562770 -0.852809191 -0.712692380 1.434369326 0.018232618 0.797567248 0.470604092 0.376942813
1341848000.594838 -0.849111021 -0.712259293 1.434576511 0.018542957 0.799542427 0.469971001 0.373517483
1341848000.630641 -0.845179319 -0.712805629 1.435246468 0.018485362 0.801640153 0.469109625 0.370091140
1341848000.662663 -0.841544390 -0.713020921 1.434876800 0.019870615 0.803554535 0.468453407 0.366683334
1341848000.695377 -0.838355482 -0.713593841 1.435815692 0.020663051 0.805964231 0.467884988 0.362047464
1341848000.730805 -0.834333181 -0.713009119 1.435801148 0.021526886 0.807534099 0.467742294 0.358667523
1341848000.762655 -0.830169201 -0.713360310 1.436244488 0.023303706 0.809466004 0.467511147 0.354478508
1341848000.798741 -0.826372504 -0.714719892 1.436131358 0.026635155 0.810621500 0.468462825 0.350322545
1341848000.830729 -0.822067261 -0.714730620 1.436351776 0.028257763 0.811768889 0.468185842 0.347900540
1341848000.862750 -0.817810416 -0.715417147 1.436777353 0.029595176 0.814021230 0.467232883 0.343783259
1341848000.898723 -0.814967394 -0.717239499 1.437899828 0.030754255 0.815568745 0.467542857 0.339566588
1341848000.930722 -0.810143232 -0.717634797 1.438635468 0.033066891 0.815849483 0.468735188 0.337021530
1341848000.963197 -0.806459188 -0.717529237 1.439108610 0.034067608 0.816404998 0.468959689 0.335259736
1341848000.998783 -0.802203238 -0.717699409 1.440116286 0.034032773 0.817644954 0.468285531 0.333177447
1341848001.030740 -0.797464252 -0.718456507 1.441140890 0.035189029 0.818560421 0.468725026 0.330177814
1341848001.067042 -0.794010282 -0.719620287 1.441633821 0.037381034 0.818530202 0.470235556 0.327855885
1341848001.098800 -0.788551450 -0.719960809 1.442930698 0.038878672 0.819124877 0.471073925 0.324980408
1341848001.130714 -0.783686519 -0.719561994 1.443742275 0.039985340 0.820256233 0.471217990 0.321767807
1341848001.205951 -0.775790930 -0.719241977 1.445574284 0.038167484 0.822765768 0.470065087 0.317235738
1341848001.233611 -0.771756053 -0.718396187 1.446528435 0.035054114 0.824582517 0.469058245 0.314355344
1341848001.266775 -0.767023206 -0.717608511 1.446501017 0.031238113 0.826066256 0.468376547 0.311868876
1341848001.299150 -0.763411283 -0.716948628 1.448832512 0.029974477 0.828516662 0.467003912 0.307520837
1341848001.334803 -0.758990645 -0.716377139 1.449891567 0.028008766 0.830828965 0.466747761 0.301803261
1341848001.366701 -0.754924893 -0.714735687 1.448762178 0.024806786 0.832546711 0.466534168 0.297651589
1341848001.399276 -0.750947058 -0.714073420 1.448814392 0.022516958 0.834330916 0.466648817 0.292615443
1341848001.434718 -0.746888816 -0.712558746 1.447467685 0.022814037 0.835954189 0.467524081 0.286498368
1341848001.466720 -0.743783832 -0.712074220 1.447133780 0.020926040 0.837559402 0.468231857 0.280740649
1341848001.502686 -0.740424991 -0.709506392 1.447247267 0.017271131 0.839592874 0.468161523 0.274973303
1341848001.534905 -0.735380232 -0.708412528 1.446017742 0.016500235 0.841739118 0.468502939 0.267783642
1341848001.567011 -0.733232617 -0.707340539 1.444689512 0.016126797 0.844769180 0.466750115 0.261245698
1341848001.602899 -0.728191912 -0.707759500 1.445946932 0.012802846 0.847610772 0.467458606 0.250747889
1341848001.634657 -0.724247575 -0.705237269 1.443956614 0.013287205 0.849134922 0.468336552 0.243832380
1341848001.666646 -0.720638990 -0.704920530 1.442434907 0.013702517 0.851108909 0.467384338 0.238700241
1341848001.702767 -0.717425287 -0.703562021 1.442707062 0.013041023 0.853077352 0.466251880 0.233876258
1341848001.734859 -0.714778602 -0.702719450 1.440766454 0.012068249 0.853682280 0.467302412 0.229585230
1341848001.770725 -0.709781468 -0.701463163 1.439620256 0.013779404 0.856232822 0.465407491 0.223766297
1341848001.802763 -0.706771016 -0.701729715 1.439199448 0.014621568 0.857794225 0.465126455 0.218249008
1341848001.834761 -0.703520417 -0.700920165 1.437787652 0.013600551 0.857930064 0.467762202 0.212060452
1341848001.870724 -0.699590325 -0.699376762 1.436023712 0.014510734 0.859042883 0.467494041 0.208048254
1341848001.902749 -0.697003841 -0.700552940 1.435601950 0.012019709 0.860223889 0.466823250 0.204808444
1341848001.934732 -0.693157554 -0.699124396 1.434807181 0.012848714 0.860150039 0.469635725 0.198542476
1341848001.970708 -0.689675927 -0.697610199 1.432029009 0.017321540 0.860130072 0.470830262 0.195435569
1341848002.002731 -0.685030222 -0.698211074 1.430736065 0.018719897 0.860833585 0.471596569 0.190293849
1341848002.038858 -0.682464004 -0.698458254 1.429711580 0.020212606 0.860489011 0.473700911 0.186433688
1341848002.070767 -0.677812099 -0.697120428 1.426942945 0.022028111 0.861318529 0.474252582 0.180913225
1341848002.102720 -0.674448133 -0.696594179 1.427387238 0.023862038 0.862430334 0.473488718 0.177349836
1341848002.138653 -0.671660662 -0.696528375 1.425490618 0.023611981 0.862420738 0.474197149 0.175527975
1341848002.171849 -0.667675078 -0.694790483 1.423730612 0.023919001 0.862797379 0.475483567 0.170070529
1341848002.202698 -0.664122224 -0.694405437 1.423273563 0.024966577 0.863350451 0.475981176 0.165664181
1341848002.238731 -0.659358859 -0.692299366 1.421930909 0.024662526 0.863995790 0.475968927 0.162347272
1341848002.270763 -0.656325221 -0.692294240 1.421797156 0.021385126 0.864534795 0.476410687 0.158603683
1341848002.306708 -0.653050005 -0.691369474 1.421064615 0.019012185 0.864372790 0.477931261 0.155177310
1341848002.338850 -0.649095058 -0.689255834 1.419145823 0.017874915 0.863911211 0.480251938 0.150651827
1341848002.370786 -0.647040009 -0.689016461 1.419000864 0.015972840 0.863670290 0.482283741 0.145673782
1341848002.406793 -0.642842293 -0.685655534 1.417361259 0.016701868 0.863319874 0.483861774 0.142399535
1341848002.438766 -0.640401363 -0.684695005 1.415767193 0.016199065 0.863847554 0.483651072 0.139952466
1341848002.474697 -0.637840986 -0.684403718 1.416951776 0.015140209 0.863539517 0.485433400 0.135737658
1341848002.506756 -0.634062171 -0.680804014 1.415023088 0.015124863 0.862997472 0.486903518 0.133908719
1341848002.538812 -0.631699562 -0.679964483 1.414581060 0.014275517 0.863177180 0.487594008 0.130282402
1341848002.574707 -0.629160106 -0.678724349 1.413875699 0.011929189 0.861891568 0.490590215 0.127757326
1341848002.606780 -0.625144839 -0.675997376 1.413352013 0.010419625 0.861434877 0.491978317 0.125613451
1341848002.639359 -0.621967912 -0.674775004 1.412665606 0.007198555 0.861439586 0.492433846 0.124011844
1341848002.674651 -0.620040774 -0.673295379 1.415214658 0.005868178 0.861077785 0.493512332 0.122295536
1341848002.713789 -0.615855753 -0.669764161 1.413561225 0.005887932 0.859659910 0.496117711 0.121726498
1341848002.742817 -0.613201976 -0.669450760 1.413406610 0.004044973 0.859114766 0.497177005 0.121328175
1341848002.774760 -0.610345125 -0.667951345 1.414275408 0.002766947 0.857701540 0.500121713 0.119242094
1341848002.806780 -0.605968237 -0.664242744 1.412943721 0.004782896 0.857267737 0.501373529 0.117020145
1341848002.842833 -0.601788163 -0.662465036 1.412194252 0.005387995 0.857836962 0.500165284 0.117988899
1341848002.875238 -0.598944604 -0.661978662 1.412541628 0.006069248 0.858183026 0.499190956 0.119555242
1341848002.906656 -0.594155729 -0.661025643 1.411964893 0.006133857 0.858443677 0.498809963 0.119270325
1341848002.943323 -0.590897918 -0.661315739 1.413379908 0.007564728 0.859129071 0.496593118 0.123431131
1341848002.974597 -0.587207198 -0.659813106 1.412553072 0.006955881 0.858803332 0.495770425 0.128918856
1341848003.010885 -0.583282828 -0.657151520 1.411118031 0.006429648 0.859119892 0.494786441 0.130606428
1341848003.042638 -0.580093145 -0.659001350 1.412146568 0.007047448 0.860524833 0.492150575 0.131282896
1341848003.074988 -0.576810122 -0.658902049 1.413149834 0.005867129 0.861099958 0.490392208 0.134119257
1341848003.110641 -0.573294938 -0.656901538 1.412135720 0.004899918 0.860361934 0.491119593 0.136216253
1341848003.142626 -0.569746435 -0.656424284 1.411221027 0.003283279 0.860824108 0.490281165 0.136365220
1341848003.175700 -0.566475868 -0.656721056 1.411858559 -0.001599467 0.861164033 0.489150763 0.138294995
1341848003.210749 -0.563057363 -0.654134750 1.410208225 -0.004090996 0.861381471 0.488810927 0.138091221
1341848003.242926 -0.560609043 -0.654536247 1.412183166 -0.005116161 0.862500668 0.487251550 0.136573792
1341848003.278886 -0.555307627 -0.652763247 1.411070347 -0.007799130 0.862216890 0.487288773 0.138097286
1341848003.310739 -0.552272081 -0.652223110 1.411169171 -0.010837607 0.862433612 0.486539572 0.139176443
1341848003.342708 -0.547943592 -0.650756359 1.410970449 -0.013433379 0.862854719 0.485295773 0.140674382
1341848003.378999 -0.544319987 -0.649708152 1.410361052 -0.017004371 0.863493383 0.482900470 0.144558609
1341848003.410779 -0.540264606 -0.649240017 1.412377715 -0.019434962 0.864128768 0.480538309 0.148278862
1341848003.442728 -0.536617339 -0.647251844 1.412278891 -0.018769987 0.863640904 0.479871422 0.153282404
1341848003.478703 -0.531692266 -0.648502111 1.413539886 -0.020175891 0.863037527 0.479294300 0.158228293
1341848003.510700 -0.529238939 -0.645577431 1.413686275 -0.020124339 0.861981094 0.477571338 0.168846905
1341848003.546854 -0.526196063 -0.642926574 1.412110448 -0.020740025 0.860938728 0.477580965 0.173984796
1341848003.578749 -0.521070480 -0.643783092 1.412834883 -0.020625712 0.860559642 0.477374077 0.176424757
1341848003.617886 -0.518604100 -0.643253207 1.411993265 -0.020556005 0.859384179 0.476186484 0.185156018
1341848003.649972 -0.514175057 -0.641538143 1.411265373 -0.020844247 0.858641326 0.475335568 0.190674335
1341848003.685816 -0.510641754 -0.640756607 1.410188675 -0.021226645 0.858373404 0.473961741 0.195204273
1341848003.717853 -0.508242726 -0.639289916 1.409257054 -0.023254426 0.858287036 0.471297026 0.201697141
1341848003.753761 -0.505367696 -0.638536334 1.409719229 -0.025524540 0.857702911 0.470087886 0.206667840
1341848003.785807 -0.501849294 -0.636648774 1.407694340 -0.025321255 0.856313944 0.470249891 0.212014750
1341848003.817941 -0.497002989 -0.636957765 1.407941103 -0.027084202 0.855488718 0.470205873 0.215201974
1341848003.853971 -0.494502515 -0.634018660 1.405630112 -0.027429610 0.854324460 0.470296413 0.219541907
1341848003.885751 -0.491319358 -0.633458972 1.404259324 -0.029731339 0.854000807 0.469876349 0.221393019
1341848003.921688 -0.489472538 -0.631917179 1.402312994 -0.028666534 0.852661967 0.469309270 0.227803811
1341848003.953824 -0.486592203 -0.627161682 1.403340816 -0.029405510 0.853342891 0.465390921 0.233136222
1341848003.985789 -0.482426882 -0.627307177 1.401450634 -0.029454168 0.852127790 0.467972130 0.232406333
1341848004.021643 -0.478713661 -0.626573086 1.395686388 -0.027865302 0.849158466 0.470767915 0.237762466
1341848004.053778 -0.475384057 -0.623973787 1.396827698 -0.029895617 0.849973381 0.468371809 0.239331201
1341848004.089723 -0.472630680 -0.623269200 1.392141700 -0.027753765 0.847002923 0.472637177 0.241722658
1341848004.121698 -0.469394743 -0.620305955 1.389811993 -0.026831200 0.846438587 0.471015543 0.246913165
1341848004.153695 -0.465595126 -0.618830740 1.390200138 -0.027806805 0.846463859 0.469475806 0.249636024
1341848004.189785 -0.462984979 -0.617183208 1.387826920 -0.025057802 0.844929814 0.470498085 0.253174365
1341848004.221773 -0.459334522 -0.614455044 1.385355353 -0.026622860 0.842829883 0.471167922 0.258707911
1341848004.257760 -0.456557602 -0.611712992 1.382962465 -0.028254976 0.841357827 0.470577300 0.264340013
1341848004.289843 -0.453488737 -0.610990822 1.381659031 -0.028433567 0.839731574 0.471250892 0.268262982
1341848004.321820 -0.449811131 -0.609118819 1.380886316 -0.029828578 0.837447047 0.471326888 0.275033832
1341848004.357934 -0.445928544 -0.606909752 1.378826141 -0.031070858 0.834757686 0.472275645 0.281371623
1341848004.389781 -0.443533182 -0.603504300 1.380339622 -0.033947032 0.834524691 0.468787551 0.287496775
1341848004.421857 -0.439020187 -0.601789176 1.378700376 -0.037776370 0.831831098 0.469305247 0.293909013
1341848004.457752 -0.436397463 -0.600611746 1.378597260 -0.039574735 0.829895139 0.469202965 0.299259812
1341848004.489793 -0.432963192 -0.598767102 1.378467441 -0.042616528 0.827662051 0.469357848 0.304733545
1341848004.525726 -0.429864615 -0.597760797 1.378629923 -0.044605415 0.825428784 0.470337451 0.308966488
1341848004.557784 -0.426537633 -0.595717549 1.378787756 -0.044768218 0.823029160 0.471794754 0.313095003
1341848004.589761 -0.424728751 -0.592783213 1.378507733 -0.046158172 0.820364714 0.473358929 0.317494035
1341848004.625757 -0.421876967 -0.591169715 1.378440022 -0.047928847 0.818323791 0.473728538 0.321916610
1341848004.657882 -0.419464648 -0.589594841 1.378808975 -0.049965877 0.816236794 0.475100666 0.324869573
1341848004.689871 -0.416831136 -0.588380694 1.377096891 -0.051167756 0.812121749 0.479791224 0.328086197
1341848004.725815 -0.414987892 -0.586625814 1.376251817 -0.051485784 0.809444666 0.480421126 0.333682626
1341848004.757723 -0.413736433 -0.584796071 1.377084613 -0.053366665 0.808353603 0.479136080 0.337853670
1341848004.789709 -0.411319405 -0.584019184 1.377413154 -0.056156922 0.806204617 0.480996430 0.339886695
1341848004.825782 -0.409398139 -0.582339644 1.375971317 -0.054368854 0.803526640 0.482887387 0.343814969
1341848004.857706 -0.408050418 -0.582001567 1.377253532 -0.055457018 0.802335203 0.483032614 0.346211344
1341848004.889791 -0.406950444 -0.580732584 1.377007842 -0.055427369 0.800587833 0.483745962 0.349251747
1341848004.925788 -0.404494047 -0.580597460 1.377752185 -0.057538636 0.799169958 0.484148592 0.351591825
1341848004.957758 -0.402286381 -0.581532419 1.378203273 -0.058866631 0.797347724 0.485339642 0.353859872
1341848004.993849 -0.402271122 -0.579486609 1.377841711 -0.057613205 0.795175850 0.485402256 0.358832479
1341848005.025661 -0.401432216 -0.578159451 1.377300501 -0.058207989 0.793361068 0.485312194 0.362852693
1341848005.057739 -0.400140554 -0.577954829 1.377405167 -0.059660587 0.792393923 0.483916491 0.366575062
1341848005.093879 -0.399347395 -0.578229308 1.379360080 -0.061289538 0.792520523 0.482069463 0.368461370
1341848005.125700 -0.396952599 -0.578698635 1.379511476 -0.061701383 0.790261745 0.484729767 0.369751751
1341848005.157668 -0.395450562 -0.577978432 1.379656315 -0.059071872 0.788710594 0.484303355 0.374027163
1341848005.193749 -0.396305203 -0.576280773 1.379368305 -0.056907330 0.787093818 0.482877553 0.379571080
1341848005.225713 -0.394547373 -0.576814353 1.380666375 -0.059740216 0.786677182 0.481824905 0.381332994
1341848005.257748 -0.391789943 -0.577223182 1.381257892 -0.060965363 0.785746753 0.481498450 0.383463770
1341848005.293718 -0.391765565 -0.575600743 1.382999301 -0.060393069 0.785315275 0.477928638 0.388866007
1341848005.325870 -0.390920639 -0.575456619 1.382537484 -0.060826745 0.782949090 0.479516983 0.391604751
1341848005.357655 -0.388178736 -0.577016473 1.382570505 -0.061176393 0.781007171 0.480637848 0.394046277
1341848005.393694 -0.387775064 -0.576345742 1.383126020 -0.058556717 0.779188931 0.479291618 0.399643958
1341848005.425692 -0.387066603 -0.575000286 1.385547519 -0.059343159 0.778799236 0.477301836 0.402657568
1341848005.461850 -0.384377897 -0.576797187 1.383781433 -0.059763823 0.775543272 0.480767280 0.404751480
1341848005.493689 -0.383630514 -0.575356066 1.386699796 -0.059421740 0.775513411 0.477473289 0.408738583
1341848005.525844 -0.382599980 -0.574606657 1.386285782 -0.059735823 0.772765756 0.478605807 0.412554473
1341848005.561789 -0.379574865 -0.576195955 1.387032866 -0.062494662 0.771445215 0.478400499 0.414848834
1341848005.593673 -0.379109919 -0.575538337 1.387020350 -0.061435688 0.769717038 0.477858096 0.418823302
1341848005.629831 -0.377550900 -0.575623393 1.387484670 -0.062271353 0.768284261 0.476948529 0.422352463
1341848005.661802 -0.375969857 -0.576349139 1.388230324 -0.063067064 0.767167330 0.476171374 0.425132394
1341848005.693760 -0.373268485 -0.577204108 1.389937401 -0.064054161 0.766702533 0.474556059 0.427622229
1341848005.729741 -0.372586042 -0.577120125 1.389768362 -0.062693521 0.765253544 0.472988635 0.432132185
1341848005.761746 -0.371917218 -0.576635718 1.388574362 -0.061333835 0.763607025 0.472179472 0.436106622
1341848005.797852 -0.368371069 -0.579345226 1.391626358 -0.062678315 0.764135242 0.470254868 0.437068731
1341848005.829917 -0.368866503 -0.578390837 1.392673850 -0.060225312 0.762721241 0.467715323 0.442573696
1341848005.861699 -0.367781430 -0.578055024 1.392188311 -0.059396569 0.760631442 0.467857778 0.446117669
1341848005.897793 -0.364941210 -0.579324841 1.393555522 -0.060149521 0.760414302 0.466084957 0.448237449
1341848005.929656 -0.364979595 -0.579023004 1.395099998 -0.058153640 0.759509325 0.463628143 0.452562273
1341848005.965681 -0.363738328 -0.579639912 1.395394325 -0.059023485 0.757794797 0.463057220 0.455895990
1341848005.997804 -0.361425281 -0.582153320 1.395882249 -0.059031509 0.756880403 0.462894559 0.457576215
1341848006.029768 -0.359759033 -0.583055258 1.397913218 -0.057805896 0.756635845 0.458852023 0.462185472
1341848006.065849 -0.360532343 -0.580965281 1.397585869 -0.054911416 0.755018890 0.456205666 0.467768729
1341848006.097854 -0.357099026 -0.583140373 1.397054076 -0.055287376 0.754219294 0.455747485 0.469458014
1341848006.133683 -0.355559975 -0.583642423 1.398671865 -0.052745450 0.755776823 0.450495243 0.472306460
1341848006.165815 -0.355214506 -0.583647251 1.399806857 -0.047929138 0.755520046 0.448332489 0.475279123
1341848006.197589 -0.354054302 -0.583535194 1.400172949 -0.044462278 0.754635274 0.446982384 0.478283882
1341848006.233778 -0.352309406 -0.584965527 1.400183916 -0.042480953 0.753170371 0.444718391 0.482861578
1341848006.265787 -0.352131218 -0.585086942 1.401128292 -0.039584860 0.753000617 0.441601157 0.486221611
1341848006.301762 -0.349775493 -0.585445702 1.403444648 -0.038555607 0.752980888 0.439532131 0.488205671
1341848006.333717 -0.348069727 -0.586327791 1.405335903 -0.036343593 0.751770198 0.437637866 0.491928667
1341848006.366035 -0.349314868 -0.585550308 1.405100703 -0.034935936 0.749538779 0.435409963 0.497382343
1341848006.401760 -0.346956730 -0.585304916 1.406031966 -0.036495917 0.749116600 0.434962332 0.498297155
1341848006.433710 -0.344690412 -0.587786913 1.408373237 -0.036315847 0.748875141 0.434307873 0.499243230
1341848006.469715 -0.344577491 -0.587509871 1.409217358 -0.034916781 0.747010887 0.434240997 0.502185583
1341848006.501659 -0.342143029 -0.587863088 1.409813404 -0.035245243 0.745723009 0.435710013 0.502803862
1341848006.533741 -0.340182096 -0.588799715 1.410268188 -0.034757826 0.744604051 0.435304046 0.504843533
1341848006.569740 -0.339688450 -0.588843942 1.411581159 -0.033286639 0.744373083 0.434571177 0.505913496
1341848006.601774 -0.337692916 -0.590322375 1.413402796 -0.034655593 0.743902504 0.434845775 0.506277800
1341848006.637780 -0.335110903 -0.592110634 1.413884163 -0.033583082 0.743330777 0.434936047 0.507111669
1341848006.670119 -0.335293561 -0.591273904 1.417087793 -0.033097677 0.744346917 0.431748688 0.508375049
1341848006.701798 -0.332732290 -0.592595816 1.417131066 -0.033952441 0.743462503 0.433521599 0.508104026
1341848006.737817 -0.331081867 -0.595130682 1.418762684 -0.032308996 0.744064927 0.433554381 0.507300913
1341848006.769742 -0.329281420 -0.596094251 1.420196176 -0.030146504 0.743936896 0.434326470 0.506961226
1341848006.801940 -0.327908844 -0.596768737 1.422354221 -0.028298765 0.744841456 0.433374107 0.506554127
1341848006.837619 -0.325814515 -0.598584652 1.423473597 -0.027006594 0.745114148 0.434730113 0.505059659
1341848006.870724 -0.324447930 -0.601167202 1.424228549 -0.024425803 0.745127380 0.435588509 0.504431486
1341848006.901756 -0.323228955 -0.602212012 1.426397085 -0.023255799 0.746638894 0.434396416 0.503278613
1341848006.937738 -0.321418077 -0.603445470 1.428012371 -0.022232654 0.748505712 0.433330148 0.501467764
1341848006.969708 -0.320690334 -0.605685830 1.429788470 -0.020656647 0.750657797 0.433211088 0.498411715
1341848007.005802 -0.319555998 -0.608215213 1.431649685 -0.018124804 0.752092183 0.434876144 0.494885415
1341848007.037835 -0.318903893 -0.609471679 1.434911728 -0.015279009 0.754430950 0.435155541 0.491161972
1341848007.069678 -0.318799615 -0.610586762 1.436208844 -0.013921816 0.755584061 0.437063038 0.487724096
1341848007.105687 -0.317329556 -0.613027930 1.438089490 -0.014728713 0.757357776 0.438853532 0.483321577
1341848007.137866 -0.315851361 -0.615364075 1.440409184 -0.014100949 0.759312570 0.439674050 0.479512513
1341848007.169651 -0.316433966 -0.617571533 1.444504142 -0.014328365 0.761696875 0.439792395 0.475599796
1341848007.205747 -0.315549254 -0.619476676 1.446973324 -0.014160552 0.763151228 0.441748410 0.471442461
1341848007.237921 -0.313988298 -0.621926904 1.449210405 -0.011854834 0.764040589 0.444485366 0.467476428
1341848007.269907 -0.314051181 -0.624830902 1.452248931 -0.010358394 0.763973415 0.447466493 0.464769840
1341848007.298875 -0.312062085 -0.626100421 1.452636480 -0.008953045 0.763659418 0.450070649 0.462796360
1341848007.331423 -0.311657071 -0.628534198 1.455518484 -0.008484703 0.765547752 0.448739588 0.460974395
1341848007.366699 -0.310750276 -0.630584121 1.457411289 -0.008643012 0.766976058 0.447540402 0.459761471
1341848007.398700 -0.309261024 -0.634086967 1.460596085 -0.008682912 0.768404305 0.446898639 0.457996726
1341848007.434791 -0.307423919 -0.634865999 1.464300513 -0.008597334 0.770211279 0.443483710 0.458282530
1341848007.466689 -0.308256567 -0.635882258 1.468966722 -0.008644504 0.772246003 0.440101117 0.458118409
1341848007.498756 -0.307181090 -0.638860345 1.470992684 -0.009058930 0.772783935 0.442802340 0.454586625
1341848007.534834 -0.303879678 -0.643217564 1.473207951 -0.008333465 0.772914588 0.445140094 0.452088296
1341848007.566719 -0.304423153 -0.644170403 1.475953937 -0.006896009 0.773312151 0.444134921 0.452421159
1341848007.598725 -0.303522974 -0.644681036 1.476934433 -0.008842987 0.774535477 0.444327712 0.450099379
1341848007.634799 -0.300788641 -0.647104263 1.479290247 -0.009357053 0.776885629 0.444601119 0.445747703
1341848007.666675 -0.300127387 -0.649727643 1.483386636 -0.006087211 0.778126001 0.447670490 0.440538317
1341848007.702797 -0.298244357 -0.651362538 1.483952165 -0.004268193 0.777209878 0.454725146 0.434915662
1341848007.734605 -0.293666601 -0.655060291 1.482254505 -0.003498794 0.777250648 0.458635032 0.430723995
1341848007.766913 -0.293683857 -0.656197906 1.486452103 -0.001494220 0.781976581 0.454101056 0.426969051
1341848007.802889 -0.292508364 -0.658038974 1.489292145 -0.002712756 0.783529282 0.455847919 0.422228813
1341848007.834962 -0.289495826 -0.659215271 1.490291476 -0.001048757 0.784225345 0.458879858 0.417634785
1341848007.866745 -0.288340330 -0.659818769 1.492482424 -0.000482971 0.786183953 0.459220618 0.413558930
1341848007.902779 -0.287527025 -0.659994125 1.495097876 -0.002896446 0.788983941 0.460341305 0.406917453
1341848007.934851 -0.281738490 -0.666603208 1.494581819 -0.002301327 0.789341807 0.468287319 0.397040516
1341848007.970690 -0.280018836 -0.667987466 1.497346759 0.003164403 0.790058792 0.468775362 0.395027578
1341848008.002709 -0.280020297 -0.668188989 1.501593232 0.004785493 0.792284966 0.468069613 0.391372621
1341848008.034820 -0.277133822 -0.669538140 1.502452493 0.004389429 0.793153822 0.471523017 0.385426730
1341848008.070825 -0.274109393 -0.672149837 1.505139470 0.004272725 0.794307768 0.473244339 0.380915642
1341848008.103209 -0.272572458 -0.671746552 1.507984877 0.003882240 0.795623720 0.473103076 0.378340274
1341848008.138809 -0.269490480 -0.672211289 1.508261919 0.003458889 0.796817601 0.474819005 0.373653114
1341848008.171058 -0.266738921 -0.675009012 1.510899901 0.003636442 0.798369169 0.476145387 0.368617654
1341848008.202734 -0.263868213 -0.676676393 1.513310552 0.005797015 0.799102008 0.479035407 0.363218218
1341848008.238657 -0.261393994 -0.677573919 1.517052770 0.005860277 0.800028563 0.480757594 0.358876079
1341848008.270710 -0.257887185 -0.679350913 1.519776225 0.004802616 0.800639212 0.483573616 0.353709459
1341848008.302748 -0.255502909 -0.680148840 1.521979094 0.005294051 0.801230907 0.485973120 0.349043220
1341848008.338769 -0.251963854 -0.681972980 1.523246765 0.005664717 0.801142454 0.489123255 0.344814569
1341848008.370731 -0.249844581 -0.682427943 1.525587082 0.005157190 0.801912665 0.490016490 0.341750383
1341848008.406662 -0.246263087 -0.685118675 1.527192593 0.004661034 0.802824974 0.492475837 0.336032510
1341848008.438870 -0.242781878 -0.687265396 1.529803991 0.005551557 0.803990126 0.493497610 0.331706375
1341848008.470807 -0.240982980 -0.688535094 1.532492280 0.006879671 0.804884195 0.494320661 0.328270078
1341848008.506855 -0.238357335 -0.689094007 1.532797098 0.007535067 0.805277407 0.496673703 0.323707730
1341848008.538786 -0.237336367 -0.690858722 1.530949593 0.011033034 0.804811478 0.499472260 0.320443749
1341848008.570727 -0.235788554 -0.692972064 1.534124374 0.013476479 0.805604339 0.499980479 0.317552418
1341848008.606698 -0.233952373 -0.693634987 1.535270452 0.015813358 0.805598140 0.502540529 0.313392192
1341848008.638714 -0.230603665 -0.696617067 1.535905123 0.016955275 0.806134045 0.504507482 0.308759898
1341848008.674639 -0.228296518 -0.698345065 1.537626743 0.018410226 0.806988299 0.505164683 0.305351526
1341848008.706785 -0.226096183 -0.699065089 1.538564563 0.018410906 0.808288276 0.505240679 0.301766336
1341848008.738678 -0.223337501 -0.702263951 1.539927244 0.018019313 0.809865177 0.505417883 0.297231376
1341848008.775071 -0.221110404 -0.702934563 1.542068839 0.016603375 0.810950637 0.504738450 0.295503736
1341848008.806865 -0.219404340 -0.702922583 1.542080879 0.016027896 0.811958134 0.504287601 0.293532103
1341848008.838798 -0.217497021 -0.704626203 1.544589758 0.014312156 0.813556314 0.503417194 0.290675730
1341848008.874631 -0.215525776 -0.706011415 1.544930935 0.014493573 0.813563168 0.505202770 0.287532717
1341848008.906680 -0.213201195 -0.706599832 1.546502709 0.015236177 0.814430535 0.505860925 0.283858180
1341848008.943051 -0.210978895 -0.708109379 1.548185229 0.013387916 0.816056907 0.505707264 0.279521167
1341848008.974723 -0.207778066 -0.711000383 1.548618793 0.011990739 0.816608489 0.507377744 0.274908334
1341848009.006825 -0.204904854 -0.712052047 1.551014423 0.012513930 0.817229807 0.507750452 0.272338569
1341848009.042740 -0.203514755 -0.711795807 1.554738164 0.011694415 0.818137586 0.507686734 0.269756019
1341848009.074794 -0.201409578 -0.712340832 1.554370642 0.010551560 0.817810893 0.509837031 0.266721040
1341848009.110807 -0.199351460 -0.711897612 1.555075645 0.010718349 0.819197237 0.509150147 0.263755769
1341848009.142732 -0.197826654 -0.711128354 1.557123065 0.007557916 0.821841300 0.506815791 0.260110587
1341848009.174693 -0.196013689 -0.711037040 1.558335781 0.006910914 0.824359238 0.505997777 0.253673792
1341848009.210697 -0.193082273 -0.713910460 1.562952518 0.008042144 0.826076925 0.507975519 0.243912145
1341848009.242869 -0.190117806 -0.712980628 1.563299060 0.010781012 0.825031221 0.513141692 0.236416906
1341848009.274683 -0.189279258 -0.710850894 1.563771844 0.011701034 0.825501621 0.515003979 0.230610222
1341848009.310898 -0.183262259 -0.714486003 1.566359520 0.007297560 0.827351689 0.517051578 0.219302386
1341848009.342882 -0.181590348 -0.713633716 1.565735340 0.007880512 0.826683283 0.520337641 0.213965878
1341848009.378700 -0.179095834 -0.712870538 1.567472339 0.008993557 0.827259004 0.521411896 0.209024504
1341848009.410753 -0.176328838 -0.713376284 1.569857836 0.007558429 0.827651560 0.523263395 0.202808380
1341848009.442927 -0.173021182 -0.713695049 1.569849253 0.007181980 0.827367902 0.525385797 0.198445395
1341848009.479022 -0.170699060 -0.714053810 1.571716428 0.007110658 0.827666759 0.526400566 0.194472730
1341848009.510631 -0.167445749 -0.712799311 1.571840525 0.006057513 0.826908767 0.528482258 0.192072347
1341848009.542815 -0.164462596 -0.712996185 1.571916580 0.005506880 0.827461362 0.528285921 0.190240473
1341848009.578814 -0.160942748 -0.713434935 1.574297190 0.004256011 0.828112602 0.528202355 0.187653109
1341848009.610955 -0.157603055 -0.712716103 1.574975610 0.002569223 0.828182518 0.528388739 0.186848760
1341848009.646873 -0.156514749 -0.711657763 1.573983908 0.002941993 0.828885317 0.526561260 0.188874841
1341848009.678666 -0.153942361 -0.710157216 1.576218247 0.000886561 0.830617309 0.523370922 0.190150037
1341848009.710835 -0.150467947 -0.709683239 1.576385021 -0.001015454 0.830977380 0.522776365 0.190211385
1341848009.746819 -0.146336555 -0.709597468 1.575413227 -0.000885864 0.831233263 0.522241771 0.190562278
1341848009.778767 -0.142793417 -0.709066033 1.577650070 -0.001052588 0.832908690 0.519173682 0.191626385
1341848009.810661 -0.139219224 -0.707947373 1.577916861 -0.000967839 0.832983017 0.519271612 0.191037551
1341848009.846800 -0.134592801 -0.707770228 1.577771664 0.000916332 0.832146406 0.521222532 0.189363375
1341848009.878688 -0.131543636 -0.706210852 1.577757239 0.002188782 0.832247198 0.520553946 0.190744326
1341848009.914782 -0.126312733 -0.705956876 1.578037739 -0.000348745 0.831967831 0.521531761 0.189298972
1341848009.946990 -0.125564039 -0.705098271 1.575281382 -0.000273343 0.831169724 0.522423327 0.190343633
1341848009.978905 -0.120804280 -0.704222202 1.574539781 -0.000141496 0.831699312 0.521092951 0.191672638
1341848010.014819 -0.119611293 -0.701286793 1.574540615 0.000940622 0.832186699 0.519609332 0.193573147
1341848010.046835 -0.116530478 -0.699961782 1.572552919 0.001392043 0.831471384 0.521327019 0.192019746
1341848010.082650 -0.113167256 -0.697503507 1.571585655 0.000916580 0.831957459 0.520777225 0.191407904
1341848010.114748 -0.110209823 -0.695685267 1.570231318 0.000577844 0.831911206 0.521486580 0.189671323
1341848010.146752 -0.106412143 -0.693898201 1.567479968 0.000365653 0.830458403 0.524828613 0.186798185
1341848010.182709 -0.103352815 -0.693043232 1.562796831 0.001041582 0.829095244 0.527569771 0.185121983
1341848010.214739 -0.101163685 -0.690447450 1.560129881 0.001090503 0.829888225 0.526742995 0.183918789
1341848010.246831 -0.098351091 -0.689495444 1.556388378 0.001180276 0.829213798 0.528830886 0.180944845
1341848010.282749 -0.095737785 -0.687356532 1.554088593 0.002112371 0.829528630 0.529024780 0.178914905
1341848010.314754 -0.092397034 -0.685429037 1.550542593 0.003050359 0.829005539 0.530998826 0.175444454
1341848010.351054 -0.090573847 -0.683819532 1.546559930 0.003502751 0.828789651 0.531763136 0.174136326
1341848010.382819 -0.086980641 -0.683018327 1.543291569 0.003315901 0.828569293 0.533272743 0.170534953
1341848010.414692 -0.085997701 -0.679904580 1.539126992 0.005411748 0.827646375 0.535022736 0.169478267
1341848010.450872 -0.083601445 -0.678692222 1.534976125 0.005225917 0.827144444 0.536722720 0.166533768
1341848010.483088 -0.082181349 -0.677190721 1.532101631 0.005295804 0.827670395 0.536832750 0.163536742
1341848010.514760 -0.079948694 -0.676161766 1.530840874 0.005004926 0.827565551 0.538377821 0.158932582
1341848010.550631 -0.078083128 -0.675312281 1.525189281 0.005520460 0.825604737 0.542164803 0.156216636
1341848010.582861 -0.077453375 -0.673565447 1.523106337 0.005964185 0.827117503 0.540475309 0.154037356
1341848010.618690 -0.076137215 -0.673044860 1.520813704 0.003949792 0.826166689 0.543041646 0.150128841
1341848010.650956 -0.072913289 -0.673391223 1.515319705 0.004286820 0.824784517 0.546220779 0.146133512
1341848010.682633 -0.073806733 -0.671662927 1.514737487 0.005657554 0.826167703 0.544354498 0.145234570
1341848010.718753 -0.072916269 -0.671590328 1.512397766 0.004192906 0.825628221 0.546029985 0.142026946
1341848010.750922 -0.072805271 -0.670201898 1.509114265 0.003838132 0.825317562 0.546999693 0.140098035
1341848010.782711 -0.073622197 -0.670820355 1.506355405 0.005821721 0.825790286 0.547128499 0.136700258
1341848010.818844 -0.072652444 -0.669752836 1.505826354 0.006536665 0.828316867 0.544292331 0.132643223
1341848010.850765 -0.072122991 -0.669559717 1.503675699 0.006936498 0.828424454 0.545011580 0.128946364
1341848010.886687 -0.070926502 -0.668710649 1.502183080 0.008282065 0.829711676 0.543922424 0.125133440
1341848010.918833 -0.070848882 -0.667070806 1.499110222 0.008235316 0.829795718 0.544288695 0.122967556
1341848010.950793 -0.070357665 -0.667667627 1.497758031 0.008027503 0.830114782 0.544693232 0.118971713
1341848010.986761 -0.067228794 -0.666271329 1.495703578 0.006819509 0.830742419 0.544657826 0.114753544
1341848011.018704 -0.065844119 -0.664752841 1.495892048 0.006667272 0.831603408 0.543820918 0.112472743
1341848011.051016 -0.068253264 -0.665500045 1.494206309 0.009553842 0.830882907 0.544945300 0.112146795
1341848011.086749 -0.068011150 -0.665200472 1.493081331 0.010724466 0.831239402 0.544889152 0.109644450
1341848011.118701 -0.066690832 -0.663987935 1.493168712 0.010424306 0.832125008 0.544090927 0.106885090
1341848011.154630 -0.065617532 -0.663864255 1.492570519 0.011391734 0.832211435 0.544498742 0.103997491
1341848011.186671 -0.066619754 -0.662534595 1.492139697 0.012696813 0.832210958 0.544563234 0.103511155
1341848011.219095 -0.065900579 -0.662018776 1.490426302 0.010265061 0.831506550 0.546259999 0.100456282
1341848011.254693 -0.064215079 -0.662036180 1.488669634 0.007534296 0.831878662 0.546393156 0.096828043
1341848011.286627 -0.063229233 -0.661176801 1.488690734 0.006960345 0.832929313 0.545434535 0.093174435
1341848011.322712 -0.062070280 -0.660899639 1.487207055 0.006473387 0.833229423 0.545776904 0.088399060
1341848011.354750 -0.060245812 -0.660081923 1.484921694 0.007105110 0.833810925 0.545547724 0.084181540
1341848011.386749 -0.060610928 -0.659496307 1.485587716 0.009193594 0.835057914 0.544169724 0.080455817
1341848011.422722 -0.058952987 -0.659350634 1.482977748 0.009091311 0.833745420 0.546844363 0.075809650
1341848011.454654 -0.058285572 -0.658654690 1.482135892 0.009829178 0.835091710 0.545383751 0.071286492
1341848011.486754 -0.057306245 -0.657866597 1.483291864 0.008957314 0.836290956 0.544203341 0.066181377
1341848011.522854 -0.056821615 -0.656720996 1.481876373 0.010162456 0.835414231 0.546074092 0.061504859
1341848011.554674 -0.053849757 -0.656413853 1.479435444 0.009759806 0.834783971 0.547633648 0.056016698
1341848011.590867 -0.055231616 -0.654953122 1.479549646 0.009772289 0.835571110 0.546522677 0.055121746
1341848011.622723 -0.054291960 -0.652938128 1.479078889 0.008785903 0.835537255 0.547049284 0.050372198
1341848011.654892 -0.053776119 -0.652475834 1.476635456 0.009920025 0.834440947 0.548938513 0.047711466
1341848011.690778 -0.054273129 -0.651877701 1.476647019 0.010783028 0.834173620 0.549492836 0.045778852
1341848011.722610 -0.054079182 -0.649437785 1.476324677 0.008586464 0.834287047 0.549674273 0.041828014
1341848011.754796 -0.053497281 -0.648820877 1.473540425 0.007269389 0.832429290 0.552807033 0.037589394
1341848011.790831 -0.053523239 -0.647117019 1.472680092 0.007648569 0.832195759 0.553383470 0.034035932
1341848011.822705 -0.053502105 -0.645867407 1.470204711 0.009097589 0.830605090 0.556031764 0.029002182
1341848011.858763 -0.053693213 -0.643872499 1.467566013 0.011225204 0.829862833 0.557296097 0.024955442
1341848011.890689 -0.054277331 -0.642369330 1.467225194 0.012462420 0.830285430 0.556747794 0.022421135
1341848011.922914 -0.053352572 -0.641123652 1.465037942 0.012437467 0.829139590 0.558595181 0.018554987
1341848011.958828 -0.053787947 -0.639712751 1.462977409 0.013624427 0.829174459 0.558578432 0.016559120
1341848011.990755 -0.054603986 -0.638132870 1.462608576 0.011875533 0.829661250 0.557921231 0.015654072
1341848012.022737 -0.054745536 -0.635938883 1.460324883 0.010213156 0.828669012 0.559462488 0.014321232
1341848012.058861 -0.054804914 -0.634235620 1.457878947 0.008893785 0.827717543 0.560924411 0.012977159
1341848012.090822 -0.055869468 -0.632360697 1.454955816 0.007564511 0.826696396 0.562457383 0.012551165
1341848012.126859 -0.055387452 -0.629846811 1.452476740 0.005624783 0.826614618 0.562632978 0.010993189
1341848012.158771 -0.054731399 -0.627508700 1.449884415 0.004895875 0.826071918 0.563437879 0.010911543
1341848012.190967 -0.054993577 -0.625159979 1.447431445 0.005698154 0.825123906 0.564775050 0.012932468
1341848012.226750 -0.054564752 -0.622268915 1.445080996 0.004656225 0.824243069 0.566048980 0.013794827
1341848012.258713 -0.053918399 -0.620112419 1.441722870 0.002988853 0.822887540 0.567972362 0.015954638
1341848012.295247 -0.055139579 -0.618155777 1.438755989 0.001462235 0.821252167 0.570209384 0.020100366
1341848012.326868 -0.054933172 -0.615550101 1.435909986 -0.001998025 0.820190489 0.571653664 0.022261810
1341848012.358782 -0.055310488 -0.612833619 1.432656765 -0.005486586 0.819697440 0.572207212 0.025394429
1341848012.394721 -0.054424789 -0.609601021 1.431602120 -0.009201933 0.819600284 0.572174430 0.028055886
1341848012.426830 -0.054107577 -0.607537270 1.427540302 -0.011910262 0.817044020 0.575657427 0.030262431
1341848012.458805 -0.054051455 -0.605520368 1.422714710 -0.013945591 0.815433800 0.577780485 0.032294955
1341848012.494697 -0.054237463 -0.602518439 1.421256304 -0.016133476 0.816152155 0.576563239 0.034788530
1341848012.526756 -0.052958842 -0.600287795 1.418010712 -0.018849829 0.814361572 0.578929961 0.036056262
1341848012.562690 -0.051810890 -0.598176479 1.413757682 -0.020185957 0.813320816 0.580177307 0.038679365
1341848012.594669 -0.051986918 -0.595869780 1.412983775 -0.023293041 0.814656556 0.577887416 0.042874839
1341848012.626774 -0.050634436 -0.593484282 1.410252690 -0.027840663 0.813768029 0.578714967 0.045777023
1341848012.662763 -0.048692700 -0.591520309 1.408679724 -0.029602921 0.813927829 0.578163266 0.048707165
1341848012.695339 -0.048468143 -0.589825988 1.406836748 -0.030501716 0.813207507 0.578646064 0.054147448
1341848012.726854 -0.048502713 -0.588612258 1.403811693 -0.034032408 0.811408579 0.580366433 0.060272295
1341848012.762672 -0.045177199 -0.586651266 1.402970314 -0.038090568 0.811851382 0.579288185 0.062223077
1341848012.794727 -0.043742977 -0.585633278 1.401281714 -0.038899984 0.810948908 0.579732656 0.068982810
1341848012.830669 -0.044579312 -0.583872378 1.398675323 -0.040878795 0.809200823 0.580677092 0.079605289
1341848012.862795 -0.044011578 -0.582568288 1.395541906 -0.045116536 0.808965266 0.579685271 0.086629421
1341848012.894740 -0.042647399 -0.581951797 1.396321893 -0.050078273 0.811182559 0.575310290 0.092157714
1341848012.930848 -0.041285098 -0.580558538 1.394934773 -0.053321496 0.810406029 0.575065553 0.098480187
1341848012.962752 -0.042216912 -0.579114914 1.393319368 -0.055542991 0.810512781 0.573302627 0.106339470
1341848012.994842 -0.040595300 -0.577894449 1.394285321 -0.060552910 0.811929166 0.570073009 0.110095665
1341848013.030944 -0.039529286 -0.576553345 1.393191457 -0.062540971 0.810429990 0.570784748 0.116174832
1341848013.062714 -0.039649844 -0.574953556 1.392389417 -0.062583327 0.810186267 0.569741189 0.122786410
1341848013.098784 -0.038436607 -0.573739409 1.392885447 -0.064479128 0.811151683 0.566779494 0.128982276
1341848013.130817 -0.037369996 -0.572833478 1.393595219 -0.065462992 0.811086416 0.565360665 0.134984151
1341848013.162759 -0.034674197 -0.572337747 1.393176436 -0.064860761 0.809533000 0.566515923 0.139674842
1341848013.198719 -0.035355434 -0.571659446 1.393200517 -0.061144516 0.807953775 0.566733360 0.149282813
1341848013.230855 -0.035911396 -0.569833517 1.393623590 -0.058591049 0.807547569 0.565894544 0.155554861
1341848013.262723 -0.032711983 -0.569345593 1.394992352 -0.059969284 0.806512654 0.566190481 0.159277499
1341848013.298709 -0.033389464 -0.568374276 1.394788980 -0.057962302 0.803812683 0.567311943 0.169359714
1341848013.330754 -0.033256158 -0.567576289 1.394065738 -0.059581719 0.801975191 0.567538500 0.176595181
1341848013.366705 -0.031419232 -0.567397535 1.395453453 -0.063890964 0.801261902 0.566309333 0.182184011
1341848013.398748 -0.029034972 -0.565876961 1.398477912 -0.065803468 0.800754666 0.565111160 0.187380105
1341848013.430850 -0.026832223 -0.564950824 1.400608063 -0.065039530 0.798060954 0.566679657 0.194274873
1341848013.466959 -0.027170181 -0.565162003 1.398309350 -0.065299220 0.792398036 0.570518255 0.205791980
1341848013.498782 -0.026494533 -0.564426422 1.398215175 -0.067861274 0.791165531 0.569031894 0.213669434
1341848013.534779 -0.023823604 -0.564776003 1.400156856 -0.073777825 0.790781975 0.566209495 0.220516294
1341848013.566664 -0.020642266 -0.564632058 1.400982380 -0.077422626 0.788879454 0.565352917 0.228146940
1341848013.598764 -0.019025922 -0.565094709 1.402274966 -0.077037662 0.787708461 0.563873231 0.235854924
1341848013.634812 -0.017079830 -0.565227807 1.402256012 -0.077874973 0.785095334 0.564683378 0.242267445
1341848013.666669 -0.014413625 -0.567543924 1.400961876 -0.079035103 0.782119393 0.564761341 0.251171917
1341848013.698821 -0.013617784 -0.566089988 1.402175307 -0.079208389 0.783691645 0.558755577 0.259510279
1341848013.734623 -0.012076318 -0.566905975 1.402358532 -0.081451982 0.783373654 0.555277169 0.267130166
1341848013.766827 -0.010586172 -0.566605508 1.403965831 -0.081402421 0.784660399 0.550322711 0.273544610
1341848013.802717 -0.008870810 -0.566175878 1.405794024 -0.080971152 0.784898162 0.547347248 0.278907746
1341848013.834802 -0.007462829 -0.565662265 1.406202078 -0.081344478 0.783051729 0.546510398 0.285551071
1341848013.866791 -0.005763233 -0.566022635 1.405324697 -0.082431272 0.781433403 0.545466185 0.291605085
1341848013.902735 -0.005326867 -0.564734459 1.407070518 -0.083227254 0.782349944 0.540534317 0.298034370
1341848013.934871 -0.002851278 -0.564984858 1.407789946 -0.084930927 0.780218303 0.540654004 0.302885175
1341848013.966740 -0.000479788 -0.564554989 1.408764839 -0.085279621 0.778959632 0.539585054 0.307891577
1341848014.002717 0.000143468 -0.563721716 1.409052849 -0.084879383 0.777152479 0.538156629 0.314987183
1341848014.034942 0.002314389 -0.562790453 1.410418987 -0.085005872 0.775505126 0.536242962 0.322194517
1341848014.070990 0.003191471 -0.561857998 1.409411430 -0.085710093 0.771717072 0.535622656 0.331986278
1341848014.102686 0.005953372 -0.562042296 1.410044432 -0.091189034 0.769566715 0.534101009 0.337916762
1341848014.134725 0.009243220 -0.560639858 1.412222743 -0.095612317 0.768633485 0.530937314 0.343753427
1341848014.170724 0.010510415 -0.558227181 1.414157629 -0.096180856 0.766508102 0.528404593 0.352140784
1341848014.202658 0.015273035 -0.560622096 1.411962986 -0.100075960 0.760448754 0.532555997 0.357891887
1341848014.234751 0.019268066 -0.559444487 1.413819671 -0.102531664 0.760006785 0.527570188 0.365440309
1341848014.270714 0.019364357 -0.557252526 1.415586114 -0.101061381 0.757871568 0.523367167 0.376170337
1341848014.302738 0.025116771 -0.559001446 1.415292382 -0.102474652 0.754201472 0.525686145 0.379912078
1341848014.338694 0.028732717 -0.560417056 1.418187737 -0.103236996 0.752472103 0.522994220 0.386787862
1341848014.370553 0.031847775 -0.558946967 1.420007825 -0.104008384 0.749085784 0.519373417 0.397874385
1341848014.402830 0.033502012 -0.557275295 1.419173837 -0.104227453 0.745403826 0.516425252 0.408429623
1341848014.438848 0.037767291 -0.558813214 1.422626972 -0.106238954 0.744231880 0.512522280 0.414913386
1341848014.470783 0.040623873 -0.561029315 1.421258569 -0.105534755 0.738591313 0.511849463 0.425858468
1341848014.506633 0.043489397 -0.559397340 1.425331473 -0.107910134 0.738084197 0.503758311 0.435677230
1341848014.538728 0.045442432 -0.559594631 1.422807932 -0.106241323 0.731469154 0.502180457 0.448865682
1341848014.570790 0.050943762 -0.559824228 1.429215312 -0.111487590 0.735132098 0.492276549 0.452565044
1341848014.606858 0.054500341 -0.561712265 1.433923006 -0.112788334 0.734756231 0.487369597 0.458129853
1341848014.638688 0.055224836 -0.561072707 1.431557894 -0.108158305 0.728582740 0.487266451 0.469084620
1341848014.670828 0.059710443 -0.562130451 1.432821870 -0.107302889 0.726673365 0.484617740 0.474949986
1341848014.706765 0.061453521 -0.561157763 1.430846095 -0.103406109 0.723054588 0.480590254 0.485316664
1341848014.738691 0.062677443 -0.562670946 1.431812644 -0.102263682 0.722683549 0.475779235 0.490820408
1341848014.774750 0.066409945 -0.560445428 1.438302159 -0.099728033 0.725159705 0.467713058 0.495421261
1341848014.806669 0.071485758 -0.562615395 1.439494252 -0.095848866 0.722032130 0.469760925 0.498805821
1341848014.838740 0.074332535 -0.563953996 1.440328479 -0.093493722 0.719400406 0.468857318 0.503879666
1341848014.874686 0.077761739 -0.563347280 1.442023516 -0.091305979 0.716816485 0.465602934 0.510931790
1341848014.906647 0.076700777 -0.562621295 1.441686988 -0.086242437 0.713241458 0.462082654 0.519931316
1341848014.938697 0.079358965 -0.562938154 1.443222404 -0.084429726 0.710411608 0.462964654 0.523307443
1341848014.974705 0.082075745 -0.561135292 1.443748832 -0.081295982 0.705706358 0.463095486 0.530011415
1341848015.006657 0.081610188 -0.556692719 1.446158290 -0.080774337 0.703009665 0.459127009 0.537080407
1341848015.042593 0.084328830 -0.559941292 1.445306540 -0.088057071 0.696196079 0.465004444 0.539747953
1341848015.074864 0.085270226 -0.559197187 1.444914460 -0.093793839 0.690805376 0.465172410 0.545532048
1341848015.106838 0.086773053 -0.557651162 1.444540381 -0.099137232 0.685996890 0.463492751 0.552045703
1341848015.142691 0.089591816 -0.556621134 1.446197629 -0.105185412 0.683103323 0.462892145 0.555010617
1341848015.174708 0.093559459 -0.556164742 1.447452426 -0.109179541 0.678784132 0.464810789 0.557927310
1341848015.207238 0.094122782 -0.554469407 1.447354555 -0.107652605 0.674094081 0.464199334 0.564382136
1341848015.243495 0.097710356 -0.553162694 1.447483897 -0.111687906 0.670145512 0.462539524 0.569638431
1341848015.274780 0.099897981 -0.553032100 1.448032379 -0.112776801 0.665997088 0.461276054 0.575285792
1341848015.310598 0.100892454 -0.552150249 1.447363019 -0.109460965 0.659499109 0.459665686 0.584625185
1341848015.342895 0.102050744 -0.551390290 1.447506785 -0.109570116 0.654398143 0.457280904 0.592158496
1341848015.374733 0.103747249 -0.550232768 1.447793722 -0.107346483 0.648424089 0.456793159 0.599468946
1341848015.410655 0.105745934 -0.549138367 1.448051572 -0.104074739 0.642419577 0.455985814 0.607077003
1341848015.442783 0.107001632 -0.548742056 1.448743105 -0.103775099 0.637024641 0.454075158 0.614203751
1341848015.474959 0.108294845 -0.548295021 1.449384451 -0.103555404 0.631235957 0.450986683 0.622437537
1341848015.510927 0.108927712 -0.547497690 1.449006319 -0.101581067 0.626300633 0.446922779 0.630625844
1341848015.542834 0.108458906 -0.547904074 1.448927522 -0.099672586 0.619533539 0.444622666 0.639182568
1341848015.581753 0.109927639 -0.546153188 1.448802590 -0.098532610 0.610860825 0.442738563 0.648939967
1341848015.617769 0.112325281 -0.545801878 1.449103713 -0.101116195 0.604960620 0.436388642 0.658303320
1341848015.650094 0.112145558 -0.545874596 1.448998809 -0.101754643 0.598500669 0.431717724 0.667130291
1341848015.685811 0.113471128 -0.545048714 1.449496388 -0.101199187 0.593068123 0.429178536 0.673672616
1341848015.718057 0.113773309 -0.544645667 1.449677587 -0.098328106 0.588807583 0.422359854 0.682091951
1341848015.749815 0.115710035 -0.546233296 1.450411558 -0.099742360 0.583556235 0.418919027 0.688491464
1341848015.785761 0.116700113 -0.545779586 1.450449586 -0.096867763 0.577341259 0.415447533 0.696201980
1341848015.817883 0.116461955 -0.545389771 1.450642705 -0.092864819 0.575083852 0.409595549 0.702058613
1341848015.853811 0.116390690 -0.545975089 1.450303674 -0.090946063 0.569994152 0.405565560 0.708768070
1341848015.885654 0.115861073 -0.546140969 1.450409055 -0.089029945 0.566418111 0.399363875 0.715368986
1341848015.917793 0.117865838 -0.546780467 1.451305509 -0.092593722 0.564507306 0.393427849 0.719703019
1341848015.954005 0.118155614 -0.547063768 1.451618195 -0.091597207 0.562020361 0.384526312 0.726555288
1341848015.986663 0.117494233 -0.548884749 1.451313257 -0.089796916 0.559161842 0.380629718 0.731023669
1341848016.021677 0.119058304 -0.552127838 1.451305628 -0.092100941 0.554467380 0.379755050 0.734758019
1341848016.053936 0.118402675 -0.552085876 1.451404333 -0.087753348 0.553147912 0.374405742 0.739017606
1341848016.085724 0.118333772 -0.553551555 1.451554298 -0.088369071 0.550492227 0.369137466 0.743563533
1341848016.121844 0.118217558 -0.553845704 1.451457739 -0.090245605 0.547091305 0.366466403 0.747160733
1341848016.153821 0.117926374 -0.554009080 1.451781034 -0.090683438 0.546427786 0.364417583 0.748593986
1341848016.185769 0.117502958 -0.554041028 1.451318383 -0.092006423 0.544387579 0.362094581 0.751042247
1341848016.221734 0.116683602 -0.554409504 1.451511741 -0.093264990 0.543008506 0.362029552 0.751916170
1341848016.253686 0.117349416 -0.554941356 1.452752352 -0.093301818 0.543630362 0.361045480 0.751935482
1341848016.289960 0.117084742 -0.555773258 1.452456117 -0.096564539 0.543561995 0.359718889 0.752208650
1341848016.322013 0.116474569 -0.556096435 1.452409863 -0.097595982 0.545536876 0.363552660 0.748794973
1341848016.353746 0.116761699 -0.555812836 1.452766061 -0.092045471 0.547944605 0.366290212 0.746401846
1341848016.389789 0.115101159 -0.557453334 1.452452779 -0.090747811 0.548417568 0.369079828 0.744837582
1341848016.421705 0.114882410 -0.557391286 1.453535557 -0.085968465 0.551050663 0.375169426 0.740405500
1341848016.453901 0.114246666 -0.557366073 1.453338385 -0.080813102 0.552386999 0.378042549 0.738526642
1341848016.490058 0.113261357 -0.557682514 1.453545570 -0.075896226 0.553709865 0.378070712 0.738043070
1341848016.521813 0.112397760 -0.560893297 1.456551790 -0.079084434 0.558017433 0.376125991 0.735453248
1341848016.554210 0.111622587 -0.560788631 1.456748247 -0.074205413 0.559588134 0.376358956 0.734648645
1341848016.589825 0.111519784 -0.561928391 1.456905246 -0.071458384 0.558064520 0.377166718 0.735665023
1341848016.621860 0.109997481 -0.564257026 1.459503412 -0.070245996 0.561571538 0.379778415 0.731759012
1341848016.657837 0.109621778 -0.563953400 1.460079670 -0.062681265 0.560620666 0.382865727 0.731566370
1341848016.689891 0.108011782 -0.566225410 1.460738420 -0.061202988 0.558668494 0.384552121 0.732300043
1341848016.757848 0.106354803 -0.567256570 1.466780186 -0.058986764 0.564289033 0.380873740 0.730091453
1341848016.784104 0.105161965 -0.570241153 1.466525078 -0.061411288 0.562077701 0.380433500 0.731824815
1341848016.818817 0.104681671 -0.570229232 1.463641286 -0.057454377 0.555501819 0.386162549 0.734162927
1341848016.850754 0.103195846 -0.571202695 1.465635180 -0.055638555 0.555731893 0.385374248 0.734542787
1341848016.882757 0.099935889 -0.575641394 1.473698139 -0.060569424 0.563999951 0.381913662 0.729641914
1341848016.918907 0.098766461 -0.576656401 1.474546671 -0.059711672 0.561913550 0.384498805 0.729964674
1341848016.950706 0.097272024 -0.577929020 1.476770759 -0.059232324 0.562045515 0.384483755 0.729910016
1341848016.986658 0.094297364 -0.579931974 1.477652192 -0.060365535 0.562442780 0.384229541 0.729645014
1341848017.018678 0.092593700 -0.581754923 1.482687235 -0.061983895 0.566737235 0.384135962 0.726227582
1341848017.050760 0.090611368 -0.583842993 1.484029531 -0.062050089 0.567117929 0.385688066 0.725101233
1341848017.086845 0.088855013 -0.584770024 1.485510111 -0.062409654 0.569174290 0.386070609 0.723253131
1341848017.118641 0.087645784 -0.586672068 1.487517595 -0.062804312 0.573257148 0.387653857 0.719135821
1341848017.150678 0.084209889 -0.589259982 1.488418341 -0.062217172 0.576044738 0.389075220 0.716185689
1341848017.186855 0.081819490 -0.590711415 1.489928007 -0.060895447 0.579632580 0.390774965 0.712469459
1341848017.218765 0.080694899 -0.592119634 1.491861701 -0.059222542 0.584912300 0.391690403 0.707777441
1341848017.254693 0.077233940 -0.594191074 1.492021084 -0.056777745 0.588637650 0.391498923 0.704989791
1341848017.286638 0.075308010 -0.596044540 1.493862033 -0.054177579 0.593038142 0.394292355 0.699931502
1341848017.318695 0.071941838 -0.595199108 1.497846723 -0.044600699 0.600976288 0.389296800 0.696624875
1341848017.354737 0.069223620 -0.601087570 1.494697452 -0.043509081 0.601752043 0.390313506 0.695454419
1341848017.386825 0.066530578 -0.603612542 1.496472120 -0.042703249 0.606979907 0.392865360 0.689498782
1341848017.418824 0.063773081 -0.604726911 1.497409701 -0.036293548 0.611082256 0.393996149 0.685586154
1341848017.454792 0.058960773 -0.607418358 1.496659279 -0.034595214 0.611873269 0.396406412 0.683576107
1341848017.486699 0.058271162 -0.607825160 1.498669505 -0.033218600 0.616123140 0.397197306 0.679354906
1341848017.522694 0.055442844 -0.609816015 1.499135017 -0.033162132 0.619014442 0.395664960 0.677621365
1341848017.554797 0.051666774 -0.610951662 1.500028491 -0.031157246 0.623334229 0.394807667 0.674248219
1341848017.587838 0.050595649 -0.611799657 1.501407266 -0.029992837 0.626600027 0.396144599 0.670479119
1341848017.622714 0.047928419 -0.613424242 1.502640963 -0.027378399 0.630907893 0.394338638 0.667609692
1341848017.654814 0.046266798 -0.614239514 1.502681851 -0.025797768 0.633171380 0.396546662 0.664213181
1341848017.686820 0.046224609 -0.615310311 1.503713608 -0.023040550 0.637043595 0.394342929 0.661920130
1341848017.722837 0.041800287 -0.617241681 1.503651381 -0.018625000 0.640198886 0.393945426 0.659246147
1341848017.754780 0.041973442 -0.617742181 1.505024314 -0.014962318 0.642455995 0.396603495 0.655539513
1341848017.790699 0.041411895 -0.619578600 1.505507708 -0.012864383 0.644470811 0.394465625 0.654896021
1341848017.822756 0.038020208 -0.621948183 1.505187869 -0.010517881 0.646714091 0.393749475 0.653155088
1341848017.854726 0.036476549 -0.622853935 1.506228209 -0.008602098 0.648365855 0.394348264 0.651181340
1341848017.890737 0.034960270 -0.624600410 1.507109523 -0.008047557 0.649569869 0.394378006 0.649969339
1341848017.922823 0.032038271 -0.625274181 1.507645011 -0.008116853 0.650729656 0.393917590 0.649087012
1341848017.958643 0.032981306 -0.625877857 1.508863568 -0.009476012 0.652519226 0.394618154 0.646842659
1341848017.990683 0.029562891 -0.627064466 1.510027051 -0.007926439 0.654023826 0.393939763 0.645756423
1341848018.022671 0.028397061 -0.627534091 1.511238694 -0.009364011 0.654751182 0.396161586 0.643637478
1341848018.058766 0.029293217 -0.628545403 1.512459397 -0.011881863 0.657333732 0.396267056 0.640892804
1341848018.090894 0.026275896 -0.628851235 1.513188958 -0.010177783 0.660036981 0.396400332 0.638055086
1341848018.122747 0.025761023 -0.629579663 1.514893174 -0.008836060 0.661765754 0.400792837 0.633524418
1341848018.159145 0.026947916 -0.631132603 1.515985250 -0.009002059 0.662983835 0.403435856 0.630563915
1341848018.190824 0.025704026 -0.632169843 1.517009974 -0.009612033 0.665577173 0.403339297 0.627878964
1341848018.226660 0.025882334 -0.633244991 1.518615246 -0.010985895 0.668287039 0.404688925 0.624098182
1341848018.258766 0.025562927 -0.634707570 1.521010280 -0.008650760 0.670658350 0.406869382 0.620161116
1341848018.290747 0.024197474 -0.636561990 1.523090839 -0.008507230 0.671921551 0.408995718 0.617390871
1341848018.333905 0.025567368 -0.637942672 1.524373531 -0.011313229 0.673545718 0.410964191 0.614261031
1341848018.367205 0.026514426 -0.639647305 1.526986480 -0.013377766 0.677738786 0.410117537 0.610159636
1341848018.397728 0.024098217 -0.641765535 1.529508710 -0.011275673 0.680673718 0.410650581 0.606565952
1341848018.433770 0.023582324 -0.642863214 1.532668591 -0.006840242 0.681950688 0.415970623 0.601552069
1341848018.465663 0.023899511 -0.645061195 1.536001801 -0.004652551 0.682962656 0.421027631 0.596888661
1341848018.501822 0.024001956 -0.646491230 1.538008332 -0.004361555 0.684641302 0.423012406 0.593555152
1341848018.534507 0.023250908 -0.648539007 1.542251945 -0.003352304 0.688273251 0.424068600 0.588586926
1341848018.565849 0.022934571 -0.650106192 1.545974374 -0.003071388 0.690421581 0.426196575 0.584521294
1341848018.601739 0.023873791 -0.651485741 1.549208164 -0.004171873 0.692905843 0.426426530 0.581398785
1341848018.633687 0.021832079 -0.653811097 1.552792907 -0.004186466 0.696630538 0.426657885 0.576759458
1341848018.669811 0.022053421 -0.656162858 1.557145953 -0.004865621 0.698834717 0.428643644 0.572600186
1341848018.701756 0.021409363 -0.658303857 1.560734391 -0.005052219 0.699895263 0.431366563 0.569248617
1341848018.733853 0.022040188 -0.660783827 1.564162016 -0.006815781 0.701922536 0.432539582 0.565833747
1341848018.769715 0.021078795 -0.663736045 1.567838430 -0.006947003 0.704153597 0.432471275 0.563105762
1341848018.802234 0.022271931 -0.665971339 1.572445393 -0.007666119 0.705721915 0.433126956 0.560623646
1341848018.833759 0.023192197 -0.667786658 1.574796796 -0.008082059 0.706943333 0.432440281 0.559608102
1341848018.869787 0.022684455 -0.671323180 1.578194499 -0.007310216 0.709740400 0.430434316 0.557621241
1341848018.901964 0.020914495 -0.674305320 1.582244277 -0.005332389 0.711620092 0.430142283 0.555469275
1341848018.933795 0.022034138 -0.676822424 1.585656166 -0.002675239 0.711798131 0.432925582 0.553092897
1341848018.969688 0.020118266 -0.680221379 1.587525964 -0.000271245 0.712056756 0.433413327 0.552383900
1341848019.002336 0.020078748 -0.682530522 1.590087771 -0.001732353 0.713530123 0.433941036 0.550060928
1341848019.069833 0.019967645 -0.688364625 1.595468998 -0.001975166 0.717116177 0.432575017 0.546460688
1341848019.096441 0.019225061 -0.690829575 1.597644567 -0.003547623 0.718855858 0.432894289 0.543908238
1341848019.130792 0.019512951 -0.692616940 1.600050330 -0.003750494 0.721101105 0.433313906 0.540590525
1341848019.162652 0.017619342 -0.695559919 1.603236914 -0.002987080 0.722966254 0.434562057 0.537090898
1341848019.198644 0.017237008 -0.697340488 1.606033802 -0.003883476 0.724779725 0.436782479 0.532822847
1341848019.231114 0.018255293 -0.698935449 1.608735204 -0.006176355 0.727703094 0.437564135 0.528154969
1341848019.262728 0.017516673 -0.701782227 1.612587810 -0.006965646 0.730895698 0.437029511 0.524164200
1341848019.298715 0.014768898 -0.704086423 1.616020918 -0.007013275 0.732872427 0.438577801 0.520094514
1341848019.330680 0.016782403 -0.705937624 1.618790746 -0.009155310 0.734985232 0.441122293 0.514901936
1341848019.362697 0.015675783 -0.708913982 1.624041796 -0.009875351 0.738805056 0.439711064 0.510611117
1341848019.398715 0.013968438 -0.711824179 1.628629804 -0.011474859 0.741436779 0.441081464 0.505556166
1341848019.431028 0.015072644 -0.715147138 1.632765889 -0.012847223 0.743722379 0.442413926 0.500980914
1341848019.467021 0.012621999 -0.717787743 1.636317492 -0.012945911 0.746839225 0.440804452 0.497749954
1341848019.498756 0.013237119 -0.721024632 1.641376019 -0.014211207 0.750570476 0.440603644 0.492250383
1341848019.530821 0.012502968 -0.724260569 1.646500468 -0.010518384 0.753329754 0.440948993 0.487798721
1341848019.567087 0.011137486 -0.726915836 1.652927279 -0.008678734 0.755303681 0.442252487 0.483584255
1341848019.598737 0.011414111 -0.731547713 1.657289982 -0.007630748 0.756148040 0.444223672 0.480465561
1341848019.630654 0.010997474 -0.732171297 1.661769748 -0.007255042 0.758838475 0.442942202 0.477403194
1341848019.666875 0.011670291 -0.734793186 1.668638706 -0.007753962 0.760608673 0.444110274 0.473476857
1341848019.698668 0.012017310 -0.736306429 1.672181010 -0.006754761 0.760330260 0.446347117 0.471833140
1341848019.734756 0.011862218 -0.737870276 1.675214171 -0.007650076 0.761850834 0.446648449 0.469073594
1341848019.766703 0.012856066 -0.739544332 1.679595709 -0.010333736 0.764507890 0.445822269 0.465471119
1341848019.798719 0.012570798 -0.742987275 1.684230328 -0.009539615 0.766136467 0.446737528 0.461919397
1341848019.834660 0.012344480 -0.745507240 1.686950564 -0.007976699 0.767020285 0.448656172 0.458610803
1341848019.866778 0.012620032 -0.747429252 1.690342903 -0.008161823 0.769583523 0.448663712 0.454285741
1341848019.898833 0.012675107 -0.749632478 1.693289638 -0.006848687 0.771849692 0.449202120 0.449909568
1341848019.934782 0.012966692 -0.750718951 1.696462512 -0.004398426 0.773540318 0.451520503 0.444685549
1341848019.966705 0.013469636 -0.752435863 1.698362589 -0.002353265 0.774697006 0.454690337 0.439426661
1341848020.002811 0.013986707 -0.753289223 1.700538158 -0.002214805 0.777468443 0.455296308 0.433870047
1341848020.034693 0.013997316 -0.755704165 1.703089833 -0.002889128 0.780344844 0.455643147 0.428302437
1341848020.066696 0.015546083 -0.756806970 1.706467748 -0.001998949 0.782431602 0.457591593 0.422382265
1341848020.102776 0.015994430 -0.759177566 1.708923936 0.000120507 0.783654153 0.459476292 0.418052316
1341848020.134758 0.017160654 -0.759486735 1.710380673 -0.001464008 0.785899639 0.459640414 0.413630664
1341848020.170835 0.018288553 -0.761904836 1.713201165 -0.003198362 0.789052606 0.459203243 0.408066452
1341848020.202706 0.018684506 -0.763703346 1.716177583 -0.003118023 0.791215837 0.459235519 0.403819948
1341848020.234873 0.020534396 -0.764155805 1.718440533 -0.003721034 0.793342471 0.460265994 0.398433238
1341848020.271152 0.022600234 -0.765788555 1.720231175 -0.004515647 0.796028674 0.460125923 0.393194735
1341848020.302754 0.024025857 -0.767455339 1.723497629 -0.004090706 0.799050689 0.459438086 0.387837470
1341848020.334861 0.025533617 -0.769120216 1.726179838 -0.003507304 0.801374733 0.460106164 0.382215202
1341848020.370812 0.028085470 -0.771244049 1.727819920 -0.002063347 0.803621113 0.461412132 0.375882566
1341848020.402809 0.030307353 -0.771897078 1.730598807 -0.000985293 0.806949317 0.460278392 0.370102137
1341848020.438816 0.033245802 -0.772521973 1.732785463 -0.001929992 0.809912264 0.459204972 0.364923537
1341848020.471200 0.036389291 -0.773648560 1.734423757 -0.001765244 0.813934147 0.457295239 0.358314306
1341848020.502691 0.037047267 -0.776839733 1.738496780 0.000738775 0.817725420 0.455403894 0.352039516
1341848020.538748 0.039029479 -0.779307783 1.741319656 0.003589722 0.819687426 0.457279801 0.344956279
1341848020.570790 0.041643560 -0.780188918 1.744635701 0.005941600 0.821775913 0.458118588 0.338786632
1341848020.602764 0.043141842 -0.781913161 1.748692036 0.007373658 0.823744595 0.458881289 0.332894057
1341848020.638929 0.045001566 -0.784852386 1.752739191 0.009101439 0.824191213 0.462971896 0.326010883
1341848020.670809 0.048762739 -0.785065830 1.753290296 0.010806832 0.824375808 0.465706915 0.321566314
1341848020.706669 0.049097538 -0.787233472 1.756673217 0.009861290 0.826048732 0.465036482 0.318256736
1341848020.738994 0.051925063 -0.789377570 1.759190917 0.008351985 0.826450288 0.468152463 0.312639445
1341848020.770817 0.056573808 -0.790675163 1.761769295 0.010443494 0.826776981 0.470479518 0.308187902
1341848020.807216 0.057775438 -0.791352630 1.764025688 0.011620202 0.826972485 0.471617222 0.305873632
1341848020.839066 0.060760260 -0.791885614 1.764283657 0.010141647 0.827160001 0.473447144 0.302574426
1341848020.870955 0.063915968 -0.794136047 1.765742779 0.010437491 0.828033388 0.473612994 0.299904197
1341848020.906582 0.064994216 -0.796444297 1.769601941 0.011716312 0.828967571 0.473706901 0.297114938
1341848020.938790 0.068497539 -0.796579182 1.769832730 0.012448602 0.828835189 0.475913525 0.293910861
1341848020.974874 0.070912600 -0.798629999 1.770848274 0.011966056 0.830237746 0.475166976 0.291167408
1341848021.006632 0.072069168 -0.801150739 1.773812532 0.011545379 0.831689239 0.474209160 0.288592130
1341848021.039636 0.075545311 -0.801580787 1.776139379 0.012135166 0.832428455 0.475723594 0.283906013
1341848021.074762 0.079496682 -0.802208066 1.776538372 0.013217907 0.832819581 0.477419704 0.279834360
1341848021.106691 0.080498874 -0.802445710 1.778276682 0.012632887 0.833973289 0.476861358 0.277366579
1341848021.142795 0.084363401 -0.804866016 1.781048179 0.010341938 0.835512519 0.477385372 0.271873266
1341848021.175038 0.088017881 -0.806426585 1.782765627 0.010818885 0.836496532 0.478083491 0.267568082
1341848021.206698 0.091428161 -0.807386279 1.785534263 0.011012860 0.837687492 0.478472859 0.263100833
1341848021.242671 0.093976378 -0.806563735 1.786045909 0.009402433 0.839439332 0.477620572 0.259097934
1341848021.274899 0.097890675 -0.808865666 1.788405895 0.009494843 0.842016280 0.476747394 0.252250612
1341848021.307283 0.101247907 -0.810443044 1.789978027 0.010638989 0.843774438 0.476333201 0.247059152
1341848021.343359 0.105042160 -0.808956265 1.790529847 0.011565994 0.846507072 0.474353462 0.241414204
1341848021.384830 0.108429313 -0.812160373 1.791898131 0.011260644 0.850251198 0.471029520 0.234685346
1341848021.414272 0.111753881 -0.816136241 1.795915842 0.013078379 0.853754938 0.468703061 0.226382241
1341848021.455728 0.116321564 -0.816939950 1.796940446 0.016369363 0.856117308 0.467926204 0.218724042
1341848021.487906 0.118895650 -0.820123076 1.799475670 0.020986779 0.858877599 0.466001213 0.211498499
1341848021.514696 0.124262452 -0.823055565 1.802775621 0.023245644 0.861130416 0.465261370 0.203582570
1341848021.550755 0.127981424 -0.821901917 1.805795431 0.025583195 0.862698913 0.464416176 0.198528841
1341848021.617752 0.136002362 -0.826459885 1.811365843 0.019870287 0.865287483 0.462768197 0.191646159
1341848021.643147 0.139160097 -0.827527463 1.812486053 0.014957245 0.866295755 0.462526083 0.188089252
1341848021.678764 0.145152450 -0.829205334 1.814695358 0.012704073 0.867717028 0.461927682 0.183108136
1341848021.710743 0.147968829 -0.831085443 1.818548441 0.012864774 0.868634522 0.461358786 0.180157304
1341848021.742811 0.152081758 -0.830537319 1.819483042 0.012962837 0.868624568 0.462924242 0.176137581
1341848021.778676 0.156409889 -0.830263913 1.820104837 0.013071476 0.869153142 0.463562608 0.171789557
1341848021.810867 0.157593995 -0.833102584 1.822103262 0.013408745 0.869040430 0.465183854 0.167907402
1341848021.844563 0.163245380 -0.830865026 1.822384119 0.009277683 0.869879782 0.465507120 0.162868679
1341848021.878887 0.169224113 -0.832159579 1.822906256 0.007325725 0.870888233 0.465414196 0.157764316
1341848021.910628 0.173408419 -0.831758618 1.824218988 0.006394984 0.871882141 0.464640617 0.154563174
1341848021.946714 0.177908391 -0.833853424 1.823863268 0.006765179 0.872617185 0.464577824 0.150535569
1341848021.978747 0.181348443 -0.834424496 1.823632956 0.006355069 0.874066710 0.462768525 0.147689983
1341848022.010782 0.185584307 -0.835335791 1.824547529 0.004786327 0.875287592 0.461444497 0.144629613
1341848022.046709 0.190081030 -0.836365521 1.824501276 0.004195448 0.876211584 0.461113513 0.140035808
1341848022.078665 0.194639117 -0.834617019 1.825076103 0.003952314 0.877658904 0.459589690 0.135928333
1341848022.110954 0.199359626 -0.835190594 1.824529409 0.002265135 0.878434479 0.459525347 0.131088257
1341848022.146749 0.205900520 -0.834627688 1.822828054 0.001001178 0.879450858 0.459165305 0.125428885
1341848022.178988 0.210163981 -0.835118413 1.822500467 0.000935485 0.880897105 0.457559735 0.121072665
1341848022.214773 0.214572966 -0.834861636 1.821241856 0.000165331 0.882094800 0.456454307 0.116439827
1341848022.246774 0.218494475 -0.833956003 1.820486307 0.000241428 0.884329677 0.453608960 0.110453077
1341848022.278764 0.224316210 -0.836212397 1.821855068 0.001492553 0.885913789 0.452233553 0.103147544
1341848022.314757 0.229261965 -0.834775329 1.817700386 0.007420067 0.885859966 0.453847587 0.096017957
1341848022.354110 0.231313527 -0.834449887 1.815317631 0.009980801 0.887304008 0.451931953 0.091375463
1341848022.387191 0.236251920 -0.835206091 1.816264153 0.009721431 0.889196634 0.449684262 0.083779193
1341848022.417848 0.241911888 -0.835008502 1.812216282 0.012002198 0.889431119 0.450337052 0.077231854
1341848022.454164 0.246457174 -0.836888731 1.810068130 0.013173982 0.890949965 0.448054254 0.072677530
1341848022.485638 0.248378262 -0.837268054 1.810673594 0.012718036 0.892897546 0.444920570 0.067955323
1341848022.521730 0.255139351 -0.840001464 1.807841063 0.013271766 0.892966032 0.445747793 0.061191801
1341848022.554231 0.258628309 -0.838610649 1.806008339 0.016364774 0.894191146 0.443708956 0.057242811
1341848022.586067 0.259387851 -0.841335416 1.806051016 0.016513323 0.895168006 0.442136496 0.054007795
1341848022.621801 0.265353084 -0.843455195 1.802926779 0.014932276 0.895148456 0.443043113 0.046894297
1341848022.654208 0.270443082 -0.840650260 1.799910069 0.015715651 0.896915972 0.439921796 0.041994788
1341848022.690287 0.270208240 -0.846856713 1.801379681 0.019043317 0.896799505 0.440368742 0.038254984
1341848022.721700 0.274148822 -0.847094238 1.798981190 0.018551197 0.895630240 0.443415016 0.029756539
1341848022.753725 0.280946016 -0.844901979 1.795464754 0.018146584 0.895829678 0.443464249 0.022345584
1341848022.782985 0.281288505 -0.846852958 1.796787500 0.019622499 0.895587742 0.444042236 0.019080361
1341848022.814772 0.283908099 -0.848229706 1.794872284 0.017864516 0.893112481 0.449364156 0.010140366
1341848022.850799 0.290381730 -0.842599928 1.791050434 0.014547540 0.893181622 0.449447215 0.003495628
1341848022.882710 0.291996360 -0.841847599 1.792489529 0.013946335 0.892872453 0.450092018 -0.001229036
1341848022.918835 0.294448406 -0.850348592 1.790697455 0.010093050 0.885616243 0.464131951 -0.012790398
1341848022.950815 0.298262030 -0.845650792 1.776037216 0.004500902 0.882589698 0.469667792 -0.020672539
1341848022.982728 0.301308006 -0.842237711 1.784182549 -0.003157295 0.888659954 0.457725197 -0.027589727
1341848023.018822 0.304824412 -0.839953899 1.785862684 -0.006862327 0.887021303 0.459923297 -0.040207446
1341848023.050766 0.314491153 -0.836657941 1.778869152 -0.007449614 0.883920372 0.464494348 -0.053612325
1341848023.082738 0.318674922 -0.835355520 1.776384592 -0.002785329 0.884065509 0.463495880 -0.059933174
1341848023.118789 0.319745868 -0.839523137 1.777414083 -0.000663472 0.882525444 0.465418041 -0.067338742
1341848023.150992 0.326032221 -0.832937777 1.772094965 -0.002939730 0.881673932 0.465330988 -0.078163534
1341848023.186687 0.331487924 -0.829834163 1.774326324 -0.001430470 0.882848442 0.461567104 -0.086789086
1341848023.218702 0.333340704 -0.828354239 1.774308681 0.002316265 0.880013764 0.465458333 -0.094440438
1341848023.250764 0.337540984 -0.826471090 1.772174120 0.004706212 0.876417041 0.470479250 -0.102568835
1341848023.286758 0.343791753 -0.826912463 1.770931482 -0.000624643 0.873672009 0.474414349 -0.107832603
1341848023.318763 0.347726703 -0.827982843 1.770202875 -0.006484176 0.870691419 0.478438884 -0.113800742
1341848023.354762 0.351444513 -0.824647248 1.768665791 -0.009450051 0.868406653 0.480731994 -0.121150360
1341848023.386908 0.357796311 -0.820215344 1.766441464 -0.013209353 0.866968453 0.481862724 -0.126489311
1341848023.418717 0.359719753 -0.818789184 1.766254425 -0.011686458 0.865555227 0.483395278 -0.130409271
1341848023.454710 0.363155544 -0.815837860 1.764156103 -0.011156588 0.863027453 0.486245960 -0.136469930
1341848023.487092 0.366953194 -0.812278867 1.761207223 -0.010134177 0.861661613 0.487227678 -0.141583040
1341848023.518675 0.369387031 -0.812462211 1.758895159 -0.011675536 0.860262275 0.488650471 -0.145028278
1341848023.555068 0.372298121 -0.808887422 1.756908059 -0.014735686 0.859698832 0.487710565 -0.151126549
1341848023.586796 0.375802100 -0.806436181 1.753583431 -0.015523998 0.859508216 0.486676991 -0.155403093
1341848023.622845 0.378408700 -0.806599855 1.752258539 -0.012867894 0.859617233 0.485109836 -0.159878507
1341848023.654718 0.380738676 -0.805326462 1.750467062 -0.014349749 0.859667420 0.483397484 -0.164599180
1341848023.687172 0.384129107 -0.806244493 1.746850014 -0.014707516 0.858350515 0.483491808 -0.171037331
1341848023.722693 0.387170941 -0.802834809 1.744181514 -0.012610951 0.858780324 0.480816752 -0.176500812
1341848023.754690 0.388693124 -0.802426517 1.743196726 -0.011811620 0.858477771 0.480191410 -0.179701313
1341848023.786854 0.389641702 -0.801490784 1.737606406 -0.013717611 0.856584132 0.481787592 -0.184272021
1341848023.822788 0.393145144 -0.798479855 1.735038161 -0.015284429 0.856772482 0.478968501 -0.190516517
1341848023.854825 0.395043075 -0.797501206 1.732170820 -0.014892659 0.855655968 0.479461908 -0.194286883
1341848023.890666 0.395683050 -0.796673238 1.727400541 -0.015252237 0.854268432 0.480210990 -0.198469728
1341848023.922784 0.397601962 -0.794474065 1.722088814 -0.016592618 0.853685677 0.479076415 -0.203546628
1341848023.954826 0.398639143 -0.792907536 1.719306350 -0.015658047 0.854010403 0.476226807 -0.208875731
1341848023.990739 0.401535749 -0.791212916 1.716822267 -0.012435032 0.853117108 0.474389017 -0.216775462
1341848024.022671 0.402384102 -0.787414908 1.712776542 -0.007133213 0.851435006 0.474859715 -0.222521573
1341848024.054725 0.404594958 -0.787271023 1.707029700 -0.004490871 0.849850118 0.475796133 -0.226611212
1341848024.090828 0.406115472 -0.786256075 1.704727888 -0.001646542 0.849899054 0.473749548 -0.230716914
1341848024.122843 0.408259958 -0.785809696 1.701670170 0.001714112 0.848126113 0.474168271 -0.236312568
1341848024.158762 0.409978330 -0.781003475 1.696087599 0.003871315 0.846828878 0.473925292 -0.241372615
1341848024.190945 0.410276532 -0.782418013 1.693661928 0.005641094 0.846747398 0.473027587 -0.243375942
1341848024.222838 0.410374939 -0.782790542 1.692737937 0.006956493 0.844820023 0.474142164 -0.247830451
1341848024.258826 0.412298352 -0.779114366 1.686528683 0.006820231 0.841889322 0.476094663 -0.253987759
1341848024.290769 0.414089710 -0.776976943 1.684801102 0.008264935 0.841593266 0.474665940 -0.257574677
1341848024.322705 0.414146155 -0.777846515 1.682952881 0.008607580 0.838951826 0.477850944 -0.260277241
1341848024.358743 0.414702654 -0.775101960 1.679414988 0.006536867 0.837147295 0.478758395 -0.264446735
1341848024.390878 0.416110188 -0.773039281 1.676311612 0.004199765 0.836182952 0.478340209 -0.268274188
1341848024.426783 0.417990774 -0.771069884 1.673735142 0.004755322 0.834361494 0.478571713 -0.273472846
1341848024.458795 0.419361383 -0.768553257 1.669274569 0.004093188 0.832149446 0.480263859 -0.277231187
1341848024.491019 0.420894027 -0.767440081 1.667636633 0.003743932 0.830573678 0.480488002 -0.281539887
1341848024.526783 0.422661304 -0.763892770 1.665450811 0.002443451 0.828581691 0.481294066 -0.286011219
1341848024.558627 0.424402714 -0.761786103 1.662302494 0.001811309 0.826918781 0.482450932 -0.288865298
1341848024.594736 0.426167309 -0.760384500 1.660617471 0.002062548 0.825620770 0.482521921 -0.292435825
1341848024.626657 0.427822590 -0.758514822 1.658912897 0.001318674 0.823184609 0.484107435 -0.296656936
1341848024.658717 0.429443717 -0.753502905 1.655286074 0.000676466 0.821455359 0.483940184 -0.301682770
1341848024.694820 0.432130754 -0.753173530 1.654207349 0.001557801 0.820194721 0.483778328 -0.305346936
1341848024.727054 0.434136510 -0.751343727 1.652779698 0.002318545 0.817533135 0.486081481 -0.308802575
1341848024.758938 0.437316865 -0.746945143 1.647723198 0.001838971 0.815525293 0.485861599 -0.314410001
1341848024.794701 0.440469354 -0.746574998 1.646110535 0.000435928 0.814451456 0.485188901 -0.318214208
1341848024.826727 0.443726033 -0.743215084 1.644243479 0.000885654 0.813002169 0.484203368 -0.323378593
1341848024.862797 0.447145164 -0.741814077 1.641192436 0.002699515 0.812159956 0.483034432 -0.327210516
1341848024.894777 0.450867236 -0.740862489 1.639958739 0.005627046 0.811843157 0.481279522 -0.330528587
1341848024.926754 0.453925639 -0.738144875 1.637465954 0.008279202 0.810753584 0.479668736 -0.335451871
1341848024.962678 0.458161920 -0.737377048 1.635568380 0.010156316 0.810491741 0.477885246 -0.338564128
1341848024.994729 0.462431461 -0.736687779 1.635566473 0.013625186 0.809444666 0.477138638 -0.341983140
1341848025.026872 0.465562969 -0.733303130 1.632673979 0.014993374 0.807012439 0.478202760 -0.346162140
1341848025.062647 0.469635457 -0.732218146 1.630816579 0.014139985 0.806203246 0.477478415 -0.349071354
1341848025.094714 0.473727137 -0.731456816 1.629949093 0.011539941 0.804565430 0.478070825 -0.352121592
1341848025.131056 0.477540046 -0.728682518 1.627022028 0.010916703 0.802111566 0.478781223 -0.356744111
1341848025.163080 0.481358498 -0.726227283 1.625158548 0.012937920 0.801738203 0.476521164 -0.360521942
1341848025.194910 0.485092252 -0.726605654 1.625374794 0.015849747 0.800727427 0.476170659 -0.363105983
1341848025.230646 0.488181978 -0.723116755 1.622226000 0.016022291 0.798360169 0.476308286 -0.368096143
1341848025.262679 0.491620332 -0.722667515 1.620314717 0.017040860 0.797898114 0.475128859 -0.370568216
1341848025.294743 0.495136112 -0.720939875 1.619140863 0.017932484 0.797378004 0.474239647 -0.372777998
1341848025.330653 0.497524798 -0.719761372 1.616170764 0.016817767 0.795490503 0.475490898 -0.375260472
1341848025.363022 0.500926137 -0.718210459 1.614272118 0.015639542 0.795132220 0.474195093 -0.377702564
1341848025.398825 0.503713608 -0.717517972 1.613157749 0.017575772 0.794498801 0.473612845 -0.379675686
1341848025.430687 0.505146563 -0.717023313 1.610974073 0.018110057 0.792599797 0.475393325 -0.381390572
1341848025.462832 0.507228971 -0.715698898 1.608860612 0.015804717 0.791649997 0.474842250 -0.384142339
1341848025.498683 0.509985685 -0.714905143 1.607556820 0.013953046 0.790956080 0.474315763 -0.386287808
1341848025.530800 0.512349844 -0.713132501 1.605400205 0.014698609 0.789392292 0.474421024 -0.389317989
1341848025.566751 0.514159203 -0.713235140 1.603532314 0.014316578 0.788017988 0.475058049 -0.391334265
1341848025.598738 0.516231775 -0.710946620 1.601770639 0.012987908 0.787094474 0.474540323 -0.393859208
1341848025.630731 0.518529773 -0.709888697 1.600377798 0.013583221 0.785963356 0.474225163 -0.396468908
1341848025.666677 0.520443678 -0.708427966 1.598449349 0.014235701 0.784633338 0.474373847 -0.398895085
1341848025.698755 0.522116482 -0.708337665 1.597662687 0.013587409 0.783083081 0.474973023 -0.401244283
1341848025.730719 0.523594201 -0.706860363 1.595270157 0.012409915 0.780949831 0.476324469 -0.403829634
1341848025.766716 0.524991810 -0.704142869 1.593108296 0.011116174 0.780546725 0.475026071 -0.406169295
1341848025.798909 0.526601017 -0.702631712 1.592058659 0.012222684 0.780139804 0.473268360 -0.408961564
1341848025.834828 0.529133618 -0.700573862 1.588687897 0.012722487 0.778209805 0.473485261 -0.412358254
1341848025.866679 0.530726910 -0.698314548 1.586972952 0.014917024 0.778344393 0.470926493 -0.414952755
1341848025.898725 0.532751381 -0.697729647 1.585454822 0.016614215 0.777439713 0.470228404 -0.417368829
1341848025.934824 0.534244061 -0.696568012 1.583604336 0.017879488 0.775914371 0.470381796 -0.419973999
1341848025.967138 0.536119938 -0.695920706 1.582121134 0.019451881 0.775403678 0.468873113 -0.422526628
1341848025.998679 0.538436294 -0.693802178 1.580576301 0.020447014 0.773696005 0.468948483 -0.425515860
1341848026.034640 0.539800346 -0.691352248 1.577332258 0.021844368 0.771726847 0.469104558 -0.428837210
1341848026.066857 0.542495728 -0.689403534 1.574927926 0.022102185 0.771147847 0.466854572 -0.432306856
1341848026.102823 0.544079542 -0.688307166 1.574802637 0.024341216 0.769688249 0.466025412 -0.435669392
1341848026.134670 0.546186805 -0.684346676 1.569907427 0.026682766 0.767228842 0.465682656 -0.440213084
1341848026.166699 0.548319638 -0.684556723 1.569288015 0.031335045 0.767075598 0.463380516 -0.442596465
1341848026.202754 0.550113201 -0.681864023 1.567869425 0.032966092 0.764971495 0.463601619 -0.445875943
1341848026.234940 0.552488565 -0.679293931 1.565115452 0.034408607 0.762555659 0.463368237 -0.450127512
1341848026.267001 0.555505753 -0.678339720 1.564527273 0.038439039 0.761604011 0.461835295 -0.452978909
1341848026.302861 0.556246161 -0.676563084 1.562542319 0.042250909 0.758754492 0.463661432 -0.455548614
1341848026.334824 0.557904899 -0.674188197 1.559711695 0.042151425 0.756910264 0.463230461 -0.459050745
1341848026.371024 0.560343981 -0.673247516 1.558602214 0.042470668 0.756351173 0.461780041 -0.461398214
1341848026.402725 0.562531531 -0.670658469 1.555598021 0.043832563 0.754608572 0.460822076 -0.465067357
1341848026.434734 0.563266516 -0.670519590 1.553862095 0.046388865 0.753908515 0.459625632 -0.467134267
1341848026.470839 0.565639496 -0.669370890 1.552186728 0.046630178 0.753754914 0.457340777 -0.469594091
1341848026.502672 0.566943288 -0.666965723 1.550687313 0.046764981 0.752937376 0.455763429 -0.472417295
1341848026.534739 0.568664432 -0.666104794 1.548188448 0.046480011 0.751706123 0.454433203 -0.475676298
1341848026.570847 0.570538044 -0.664950967 1.546600699 0.045315199 0.751949310 0.453093290 -0.476681530
1341848026.602721 0.572733402 -0.662907839 1.545073867 0.042857755 0.751783192 0.452105761 -0.478106320
1341848026.641972 0.574735284 -0.661084473 1.542543054 0.042562664 0.750500262 0.451552272 -0.480664432
1341848026.671128 0.576778412 -0.660185814 1.540320635 0.042823251 0.750123918 0.450739622 -0.481989712
1341848026.702795 0.579094768 -0.658521712 1.538250566 0.041283898 0.750313759 0.449992657 -0.482526153
1341848026.738795 0.582075000 -0.657778502 1.536338806 0.040478628 0.749903500 0.449595511 -0.483601183
1341848026.770813 0.585086226 -0.655641675 1.534751177 0.040765785 0.749494791 0.449462384 -0.484333903
1341848026.806747 0.588253617 -0.654738426 1.532029629 0.041471239 0.748371303 0.450684071 -0.484875649
1341848026.838668 0.590701103 -0.652902722 1.530069470 0.041032538 0.747998059 0.451731950 -0.484513700
1341848026.878025 0.595088661 -0.651606977 1.528312802 0.039231494 0.747199833 0.452729672 -0.484963030
1341848026.906905 0.598649263 -0.649825811 1.526447892 0.038307436 0.746472895 0.453898400 -0.485063881
1341848026.938881 0.601935387 -0.647026420 1.524251461 0.037711192 0.746534288 0.454184353 -0.484748363
1341848026.970651 0.607094288 -0.646668851 1.522380590 0.037482094 0.746370256 0.454829335 -0.484413832
1341848027.006815 0.610843003 -0.645959377 1.520141721 0.037007578 0.745428562 0.456642091 -0.484194905
1341848027.038669 0.615232348 -0.643582642 1.518202305 0.037130740 0.745307446 0.455201149 -0.485726237
1341848027.074785 0.619530976 -0.643898845 1.518303514 0.038315076 0.745975554 0.454966187 -0.484827995
1341848027.106663 0.622607410 -0.640500844 1.516342044 0.038788676 0.744300783 0.454944104 -0.487378418
1341848027.138671 0.627392530 -0.641474009 1.512701750 0.038905017 0.743624449 0.453769743 -0.489491612
1341848027.174831 0.634355545 -0.639357567 1.511375308 0.036690146 0.744034469 0.451118946 -0.491485775
1341848027.207212 0.637847543 -0.639369130 1.510987282 0.037762105 0.743827581 0.449871182 -0.492859572
1341848027.238696 0.642092228 -0.637854397 1.509608030 0.038022581 0.743393600 0.447721601 -0.495444894
1341848027.274701 0.647034883 -0.637849092 1.508489966 0.038070377 0.743456244 0.446755230 -0.496218979
1341848027.306705 0.650320411 -0.636652231 1.507616997 0.039026052 0.743512630 0.444676369 -0.497924566
1341848027.342775 0.656271935 -0.636802971 1.505549908 0.038635556 0.743074715 0.443657279 -0.499515235
1341848027.374943 0.660005450 -0.635328531 1.503229499 0.038460340 0.743887186 0.441778719 -0.499984294
1341848027.406837 0.665826917 -0.634864748 1.501376748 -0.037898455 -0.745005190 -0.439690918 0.500202835
1341848027.442959 0.669995487 -0.633035660 1.499035835 -0.037454613 -0.746433377 -0.437160999 0.500324547
1341848027.474800 0.674355626 -0.632755160 1.498590708 0.036722418 0.749439538 0.434278578 -0.498391390
1341848027.506714 0.679772794 -0.631842017 1.496500492 0.035218645 0.751238227 0.432676315 -0.497184038
1341848027.543310 0.683140159 -0.630813718 1.494698882 0.035153974 0.753406346 0.431119949 -0.495256096
1341848027.574717 0.687468648 -0.629899025 1.493438244 0.032835342 0.755716026 0.430025846 -0.492841661
1341848027.610716 0.690155625 -0.629568934 1.493103504 0.032624140 0.757673383 0.429062158 -0.490685672
1341848027.642684 0.694125473 -0.628599405 1.490368128 0.031846885 0.758220255 0.429174632 -0.489792794
1341848027.674731 0.696340919 -0.627308965 1.489855647 0.031704403 0.759744167 0.428530633 -0.488001108
1341848027.711026 0.699639678 -0.627058029 1.486744165 0.031861424 0.758770049 0.430053413 -0.488166898
1341848027.742789 0.702993691 -0.624776483 1.483564973 0.031411078 0.758977234 0.429806799 -0.488091171
1341848027.778768 0.705330610 -0.623716354 1.480991364 0.030082429 0.759997427 0.430388808 -0.486070365
1341848027.810746 0.708237529 -0.622154653 1.479531407 0.028824715 0.761012554 0.430260450 -0.484670043
1341848027.842836 0.711153626 -0.620277047 1.477640748 0.028411625 0.761302710 0.431066781 -0.483520776
1341848027.878669 0.712320805 -0.618601322 1.474802613 0.027767150 0.761731386 0.433093697 -0.481065571
1341848027.911127 0.715577483 -0.617674351 1.472918510 0.026176754 0.762705266 0.433739424 -0.479025602
1341848027.942732 0.717724085 -0.616623223 1.470396757 0.024986751 0.762310743 0.436086178 -0.477584332
1341848027.978757 0.719043612 -0.615286231 1.465159535 0.023335088 0.762049913 0.438103676 -0.476235837
1341848028.011034 0.720701039 -0.614063144 1.464845061 0.022018716 0.764836192 0.436612129 -0.473191947
1341848028.046706 0.722136378 -0.612346590 1.462181687 0.020841815 0.764930308 0.436887145 -0.472839117
1341848028.078967 0.724286377 -0.610730886 1.457421780 0.020618461 0.765490115 0.436298728 -0.472486109
1341848028.110971 0.725983620 -0.610693336 1.457238793 0.022004193 0.768350482 0.434090376 -0.469807357
1341848028.150637 0.726149321 -0.608770251 1.454003215 0.022630515 0.768584430 0.433440834 -0.469994545
1341848028.186050 0.727453709 -0.607779682 1.449413180 0.022490468 0.769040287 0.431791693 -0.470772922
1341848028.254235 0.730740666 -0.604990840 1.444313049 0.022974297 0.769630730 0.429762661 -0.471640497
1341848028.278830 0.731452465 -0.603178620 1.441105843 0.023716582 0.770156741 0.427859426 -0.472474754
1341848028.314908 0.732005715 -0.602357745 1.438503981 0.023015080 0.770484149 0.427043051 -0.472714216
1341848028.347962 0.733576357 -0.599272728 1.436599374 0.023104405 0.770722985 0.424448848 -0.474652916
1341848028.378956 0.734747767 -0.598421097 1.432399273 0.023747509 0.770114124 0.423733383 -0.476245999
1341848028.414628 0.735457420 -0.595664322 1.430108309 0.024950547 0.771106541 0.420591831 -0.477362245
1341848028.447632 0.736963391 -0.595387697 1.426043510 0.024537208 0.769956052 0.420468181 -0.479345530
1341848028.482785 0.740591943 -0.594250262 1.420286536 0.023385413 0.768813372 0.419901252 -0.481728226
1341848028.514701 0.742857099 -0.592567444 1.418513179 0.026295125 0.769342482 0.418087631 -0.482310563
1341848028.546612 0.744122207 -0.590965569 1.413045168 0.028246811 0.768015265 0.419308245 -0.483254910
1341848028.582747 0.745902181 -0.589737892 1.410720825 0.027245587 0.768761098 0.418568730 -0.482767254
1341848028.614649 0.749720871 -0.586752295 1.407321453 0.027100179 0.768469512 0.418118000 -0.483629614
1341848028.653766 0.750358462 -0.584618688 1.403654933 0.028383354 0.768378615 0.418899089 -0.483024061
1341848028.721828 0.755248427 -0.583312511 1.395716548 0.029136308 0.767731309 0.419926792 -0.483116090
1341848028.747229 0.756908298 -0.581020117 1.391205549 0.030208005 0.766923308 0.419821382 -0.484423459
1341848028.782861 0.759029865 -0.579530776 1.387050390 0.030467767 0.767168164 0.419298857 -0.484472066
1341848028.814757 0.760269463 -0.577673674 1.384185314 0.030485539 0.767652869 0.418805569 -0.484129786
1341848028.850773 0.763024569 -0.574985504 1.382243156 0.029736927 0.768735111 0.416864485 -0.484134316
1341848028.882714 0.765133202 -0.574523926 1.378191590 0.030734219 0.768415034 0.418120146 -0.483496994
1341848028.914838 0.767348588 -0.573120952 1.375070095 0.032626178 0.767808855 0.419275939 -0.483335048
1341848028.950881 0.768865824 -0.570951104 1.372458100 0.034449343 0.767707825 0.419477284 -0.483194321
1341848028.982690 0.769999385 -0.569981337 1.369380474 0.035194643 0.767392159 0.420902491 -0.482402027
1341848029.018728 0.771159530 -0.568827271 1.367226839 0.033663850 0.767689168 0.421610743 -0.481419206
1341848029.050751 0.772473812 -0.567140698 1.363446474 0.031503282 0.766758740 0.422217280 -0.482515514
1341848029.082877 0.774855494 -0.565791845 1.361792445 0.030240005 0.767006576 0.421384484 -0.482930213
1341848029.118800 0.776071429 -0.564205408 1.358653069 0.030829785 0.766058683 0.422234476 -0.483654469
1341848029.150715 0.777466893 -0.562769890 1.356886983 0.031536352 0.765538633 0.422742665 -0.483988374
1341848029.182676 0.779056251 -0.561560988 1.354371071 0.030255614 0.763806522 0.424728841 -0.485066593
1341848029.218708 0.780332506 -0.559862435 1.350090861 0.029638937 0.761766195 0.426613033 -0.486657023
1341848029.250626 0.782452106 -0.558650970 1.347358346 0.028106226 0.760805368 0.428234398 -0.486826986
1341848029.286969 0.784194708 -0.557203650 1.345824480 0.025871675 0.760106742 0.428638190 -0.487686068
1341848029.320225 0.786858141 -0.555332661 1.343311667 0.024346363 0.758077800 0.429042697 -0.490558505
1341848029.350954 0.788804293 -0.553070426 1.340028524 0.025271013 0.757333398 0.427854776 -0.492694408
1341848029.386923 0.790936708 -0.553362310 1.339107513 0.025730222 0.757686794 0.427234441 -0.492665619
1341848029.418757 0.793142438 -0.551748037 1.337283731 0.025289172 0.756270468 0.426954836 -0.495101035
1341848029.450819 0.795871615 -0.549665093 1.333807349 0.024814598 0.754986465 0.425667942 -0.498183101
1341848029.486788 0.798744321 -0.549227238 1.331731558 0.024492199 0.754221916 0.425260514 -0.499702871
1341848029.518925 0.801488400 -0.547089696 1.329333425 -0.022937717 -0.752863526 -0.424134463 0.502772629
1341848029.554721 0.805204093 -0.545491338 1.326518774 -0.022899311 -0.751886010 -0.421589911 0.506364524
1341848029.586990 0.809097469 -0.544535995 1.324808121 -0.023982326 -0.752105117 -0.419044405 0.508098960
1341848029.618715 0.812572479 -0.544201136 1.322809935 -0.025636420 -0.750553310 -0.417948335 0.511206210
1341848029.655302 0.815353990 -0.542575479 1.319021225 -0.026223473 -0.748061299 -0.417105466 0.515499413
1341848029.686830 0.818811059 -0.542001605 1.318460703 -0.027035680 -0.748423457 -0.414403051 0.517108798
1341848029.718752 0.822743654 -0.540834546 1.316691399 -0.026779570 -0.746186197 -0.414309740 0.520419419
1341848029.754791 0.825791955 -0.537726998 1.312980533 -0.027144058 -0.743606448 -0.413111985 0.525024891
1341848029.786949 0.829579175 -0.536974847 1.311768293 -0.027365591 -0.743280172 -0.411254257 0.526930451
1341848029.822778 0.833300471 -0.535954773 1.309556723 -0.027842522 -0.740986526 -0.411331534 0.530066133
1341848029.854811 0.836301923 -0.534975052 1.307630301 -0.028853044 -0.739095449 -0.410755038 0.533090770
1341848029.887992 0.839885712 -0.532947659 1.306821585 -0.029693419 -0.738359928 -0.408333302 0.535916865
1341848029.922779 0.843301296 -0.532015443 1.304615498 -0.030611748 -0.736274362 -0.408623874 0.538506746
1341848029.954640 0.846244812 -0.530002236 1.302642822 -0.031273324 -0.733926654 -0.408123881 0.542041123
1341848029.990762 0.849695444 -0.528848767 1.301228046 -0.031485002 -0.732651651 -0.406772166 0.544762909
1341848030.022873 0.852649629 -0.527179301 1.300592661 -0.032137934 -0.731380224 -0.406199098 0.546856761
1341848030.054776 0.854785621 -0.525891244 1.298246741 -0.032700520 -0.729396582 -0.406544507 0.549211144
1341848030.090782 0.857541442 -0.524532139 1.296605587 -0.032612950 -0.728009701 -0.405971408 0.551475823
1341848030.122796 0.860161424 -0.523129344 1.294547677 -0.031911984 -0.726266742 -0.405771106 0.553956747
1341848030.154918 0.863011479 -0.521409869 1.293377399 -0.032269653 -0.724655211 -0.404989392 0.556612134
1341848030.190683 0.865360618 -0.520010352 1.291282415 -0.032187436 -0.722706795 -0.404853016 0.559243143
1341848030.222713 0.866579711 -0.519339800 1.288829565 -0.031876776 -0.719843984 -0.405932069 0.562163413
1341848030.258930 0.868452787 -0.517964542 1.287213087 -0.031023618 -0.717397332 -0.405891150 0.565359175
1341848030.290864 0.870490253 -0.516290486 1.285677195 -0.031285074 -0.715054512 -0.405638129 0.568485677
1341848030.322775 0.872076273 -0.514862478 1.283658385 -0.031555790 -0.712972641 -0.405758530 0.570994139
1341848030.358886 0.874196768 -0.513228416 1.281785131 -0.031022271 -0.709640384 -0.406788498 0.574431300
1341848030.390832 0.875027537 -0.511158109 1.279369831 -0.031140931 -0.707158685 -0.405824840 0.578154922
1341848030.422795 0.877749801 -0.510168314 1.278973222 -0.030969877 -0.705546498 -0.405810297 0.580140531
1341848030.458888 0.878598213 -0.507136464 1.275362730 -0.031255584 -0.702740610 -0.405199438 0.583945394
1341848030.490846 0.880626738 -0.506589532 1.274187207 -0.030952331 -0.701500714 -0.405947149 0.584932208
1341848030.526716 0.881276309 -0.503839135 1.271570802 -0.031169804 -0.699191988 -0.405731916 0.587827027
1341848030.565795 0.882694244 -0.501190305 1.268891811 -0.030927289 -0.697319806 -0.404122442 0.591162980
1341848030.590919 0.884733438 -0.499656677 1.267020345 -0.030931661 -0.695643842 -0.402743697 0.594071090
1341848030.626961 0.886133432 -0.497910827 1.264534116 -0.032285992 -0.693423390 -0.401551157 0.597392857
1341848030.658903 0.886937618 -0.496007740 1.262234807 -0.034133788 -0.692420840 -0.398771584 0.600307882
1341848030.690656 0.888464689 -0.494694322 1.258979678 -0.035057712 -0.691456378 -0.396787137 0.602676570
1341848030.726765 0.890119910 -0.493258059 1.256529331 -0.036148582 -0.690023184 -0.394808561 0.605547190
1341848030.758759 0.890300751 -0.491194814 1.253258586 -0.036787942 -0.688009381 -0.392199337 0.609482884
1341848030.794692 0.892694414 -0.490596205 1.249813795 -0.035890166 -0.685961246 -0.390367299 0.613010943
1341848030.827483 0.894453645 -0.487383366 1.246675849 -0.035423674 -0.684611499 -0.386690348 0.616865337
1341848030.859838 0.897452772 -0.485721827 1.244192004 -0.036248084 -0.683691740 -0.382893234 0.620197117
1341848030.894711 0.899440050 -0.484303266 1.240619540 -0.040535811 -0.681466937 -0.379532695 0.624431431
1341848030.926741 0.899996459 -0.483212858 1.236837149 -0.044579715 -0.680218697 -0.376531541 0.627327025
1341848030.958727 0.901393592 -0.481702447 1.233212233 -0.044237025 -0.679569960 -0.372949421 0.630187690
1341848030.994735 0.904350877 -0.481264204 1.229721546 -0.043881159 -0.677517354 -0.369842231 0.634240746
1341848031.026698 0.906119168 -0.478431314 1.225875497 -0.045184165 -0.676824391 -0.365923226 0.637155712
1341848031.062783 0.907780170 -0.476730317 1.222742677 -0.048101872 -0.677540123 -0.361657590 0.638615191
1341848031.094761 0.912013948 -0.477418363 1.219347835 -0.051476426 -0.676526308 -0.358705908 0.641086936
1341848031.126776 0.913357973 -0.474876672 1.215130687 -0.052537091 -0.675831616 -0.356839925 0.642772675
1341848031.162860 0.915030360 -0.472787440 1.211637616 -0.053664535 -0.676512659 -0.354780853 0.643102825
1341848031.194685 0.917775512 -0.472562551 1.208480000 -0.055487271 -0.676164746 -0.353742629 0.643885493
1341848031.230953 0.918895543 -0.470290333 1.205805659 -0.056595448 -0.675694108 -0.353152454 0.644606709
1341848031.262715 0.922201931 -0.469100803 1.201954603 -0.057393171 -0.675346375 -0.352365822 0.645330548
1341848031.294747 0.924072683 -0.466969341 1.200013876 -0.060260192 -0.674952626 -0.351538271 0.645932257
1341848031.330754 0.923241973 -0.466404051 1.195587277 -0.062793106 -0.673070610 -0.352646679 0.647049665
1341848031.363008 0.925122261 -0.464559138 1.192412138 -0.061083488 -0.672605872 -0.351540565 0.648297310
1341848031.394753 0.926481843 -0.463522911 1.190730453 -0.059689801 -0.672018468 -0.351174742 0.649233818
1341848031.430611 0.927461207 -0.463239521 1.186912417 -0.059335880 -0.669984937 -0.350924999 0.651499093
1341848031.472150 0.928176761 -0.462986171 1.184208155 -0.058460850 -0.669031382 -0.350316495 0.652884126
1341848031.502110 0.930572450 -0.462387115 1.182894349 -0.056510158 -0.667545199 -0.350903839 0.654260278
1341848031.538148 0.930533409 -0.461048365 1.180604577 -0.055133138 -0.665551722 -0.350291401 0.656732142
1341848031.562876 0.934035063 -0.460577816 1.178543568 -0.053853210 -0.664140105 -0.348953754 0.658975720
1341848031.598730 0.935474277 -0.459673792 1.176769614 -0.053941436 -0.661324263 -0.348734647 0.661909819
1341848031.630816 0.936907768 -0.458209932 1.174813747 -0.053284846 -0.659726501 -0.347228646 0.664344668
1341848031.662784 0.938986897 -0.457959950 1.172758460 -0.052312836 -0.658231854 -0.346281379 0.666395724
1341848031.698757 0.941439271 -0.456329733 1.170626879 -0.051176798 -0.655911386 -0.344791144 0.669537246
1341848031.730668 0.941366017 -0.456305385 1.168830156 -0.050421629 -0.654784441 -0.343481243 0.671368420
1341848031.766658 0.944249451 -0.456145942 1.167596817 -0.048215214 -0.653978109 -0.341047496 0.673553646
1341848031.798743 0.946769476 -0.455282837 1.165599823 -0.048528422 -0.651355863 -0.339395314 0.676898301
1341848031.830821 0.948994637 -0.454088390 1.163716197 -0.048856083 -0.649159729 -0.336359024 0.680490494
1341848031.866735 0.951494515 -0.453559250 1.161928892 -0.048320889 -0.647020638 -0.333629936 0.683900893
1341848031.898722 0.952807426 -0.452842444 1.159514904 -0.046832610 -0.644271731 -0.332444161 0.687169194
1341848031.930844 0.956762314 -0.452473402 1.157981396 -0.046868235 -0.643155634 -0.328639239 0.690036535
1341848031.966694 0.958979487 -0.450764865 1.155005336 -0.047271386 -0.640926957 -0.327140838 0.692789257
1341848031.998742 0.960239887 -0.450444341 1.152920485 -0.046405122 -0.638466060 -0.326730967 0.695308924
1341848032.034711 0.963356614 -0.449286759 1.150733829 -0.044150196 -0.637202680 -0.324859470 0.697488189
1341848032.066718 0.966491461 -0.447377861 1.148879647 -0.043868355 -0.635576606 -0.323340476 0.699692011
1341848032.098732 0.967934430 -0.445620954 1.146463633 -0.044496786 -0.634552121 -0.321970165 0.701212406
1341848032.134739 0.971628308 -0.445254564 1.143666625 -0.044137012 -0.634225190 -0.321557045 0.701720357
1341848032.166964 0.974096298 -0.443585932 1.141920805 -0.043549046 -0.632812381 -0.321614593 0.703004956
1341848032.203043 0.976639986 -0.442104638 1.139186621 -0.043939486 -0.632200360 -0.320500761 0.704039276
1341848032.234663 0.979697049 -0.441176742 1.136931777 -0.044173047 -0.631823957 -0.320029706 0.704576612
1341848032.266730 0.981667280 -0.438759595 1.135325313 -0.043959588 -0.629903793 -0.320399046 0.706139684
1341848032.302842 0.982480407 -0.436680824 1.132292986 -0.043191899 -0.628762484 -0.319646746 0.707543731
1341848032.334617 0.986282349 -0.436222881 1.130013943 -0.042425368 -0.628074110 -0.319099218 0.708448112
1341848032.366699 0.987140775 -0.434559315 1.128477693 -0.042539295 -0.625909865 -0.319658637 0.710102558
1341848032.402980 0.989156127 -0.433446705 1.126800418 -0.041366283 -0.625254571 -0.317138314 0.711876929
1341848032.434730 0.991367102 -0.431810319 1.124429226 -0.040084116 -0.624056578 -0.315706372 0.713635802
1341848032.470791 0.993205369 -0.431271642 1.122546077 -0.039871570 -0.623579800 -0.315126747 0.714320362
1341848032.502972 0.994847238 -0.429576635 1.120658278 -0.039487831 -0.623524606 -0.313469082 0.715118766
1341848032.534733 0.997984171 -0.429468870 1.118670225 -0.039409183 -0.623077929 -0.312153429 0.716087282
1341848032.570910 0.999507308 -0.428627938 1.116393447 -0.039267737 -0.622414947 -0.311239123 0.717068911
1341848032.603044 1.001253128 -0.427116156 1.114070773 -0.037830804 -0.623823106 -0.309256554 0.716780305
1341848032.634746 1.003152847 -0.426221222 1.110405326 -0.036021993 -0.624106526 -0.307538152 0.717365801
1341848032.670780 1.004934072 -0.426791996 1.108187199 -0.034225367 -0.624318421 -0.306911558 0.717537761
1341848032.702791 1.007022977 -0.424508154 1.104707837 -0.032008249 -0.624695301 -0.305078119 0.718093753
1341848032.738725 1.009719372 -0.423756897 1.100940466 -0.031866215 -0.624908745 -0.303865671 0.718428314
1341848032.770741 1.011359692 -0.421520740 1.098229408 -0.032165591 -0.624460578 -0.303774029 0.718843341
1341848032.802941 1.011633277 -0.420926601 1.094828844 -0.032026637 -0.624612987 -0.303707004 0.718745470
1341848032.838781 1.014545083 -0.418983549 1.091041327 -0.030857949 -0.625740051 -0.302900642 0.718156219
1341848032.870732 1.015405178 -0.417265564 1.088183641 -0.032200687 -0.625221848 -0.302621692 0.718666017
1341848032.902707 1.016018867 -0.416752279 1.085797548 -0.033291537 -0.625337005 -0.301960468 0.718794286
1341848032.938845 1.017726898 -0.414166570 1.083328485 -0.032647315 -0.624872208 -0.301138788 0.719572306
1341848032.970816 1.017960787 -0.412932187 1.080405831 -0.032568414 -0.623412073 -0.302739561 0.720170438
1341848033.006687 1.017548442 -0.410922229 1.077253819 -0.032482054 -0.621890783 -0.301480502 0.722015440
1341848033.039238 1.017673254 -0.409465641 1.074182987 -0.032136377 -0.621117115 -0.300283700 0.723194659
1341848033.070841 1.017338276 -0.407801539 1.071976423 -0.030835724 -0.620142817 -0.299454331 0.724430263
1341848033.106948 1.017483234 -0.406339824 1.068903327 -0.029267477 -0.618368983 -0.297764659 0.726704538
1341848033.139110 1.018037081 -0.404332250 1.065295458 -0.028821915 -0.617343545 -0.294629991 0.728868604
1341848033.170741 1.019399166 -0.403056651 1.062271357 -0.031106291 -0.616063416 -0.292513698 0.730707884
1341848033.206854 1.018606186 -0.401940376 1.060414791 -0.034054544 -0.614415228 -0.291093856 0.732528925
1341848033.238728 1.018329144 -0.400216907 1.057400584 -0.033913672 -0.612090230 -0.289538860 0.735093653
1341848033.274940 1.019815683 -0.399105787 1.054681301 -0.033426620 -0.610432982 -0.289504737 0.736506045
1341848033.306665 1.019691229 -0.397884190 1.051934958 -0.034776136 -0.607819855 -0.289060086 0.738775909
1341848033.338836 1.020023584 -0.395789683 1.048836589 -0.035168253 -0.605749488 -0.287285060 0.741146505
1341848033.374810 1.020220757 -0.393909842 1.046176791 -0.035346285 -0.603594005 -0.288145989 0.742560983
1341848033.406805 1.018856287 -0.392699033 1.042797446 -0.035537072 -0.601656139 -0.288288713 0.744067609
1341848033.443097 1.020066857 -0.390436053 1.040082812 -0.034864295 -0.601121187 -0.286218882 0.745329797
1341848033.474671 1.020305276 -0.389366329 1.037420630 -0.035689052 -0.599621713 -0.286033422 0.746568799
1341848033.506807 1.020235419 -0.387398541 1.033589602 -0.035747476 -0.597836912 -0.285415053 0.748232186
1341848033.542876 1.020190835 -0.385991514 1.031201959 -0.035814885 -0.597749054 -0.283816516 0.748906910
1341848033.574826 1.020719409 -0.385474920 1.029247999 -0.036676172 -0.596604407 -0.282701343 0.750198603
1341848033.606870 1.020745277 -0.383496225 1.026423097 -0.038148832 -0.594236076 -0.280667335 0.752764285
1341848033.642934 1.020456076 -0.383289933 1.024025917 -0.039437447 -0.593985319 -0.279323876 0.753395259
1341848033.674924 1.021194816 -0.382274985 1.022015810 -0.039506424 -0.593160689 -0.278618425 0.754301965
1341848033.710808 1.021966696 -0.381525159 1.020044327 -0.040612165 -0.592033207 -0.277626604 0.755493701
1341848033.742797 1.020328879 -0.381361604 1.017354131 -0.041930795 -0.591973186 -0.275677055 0.756182313
1341848033.774817 1.021764874 -0.379995346 1.014701605 -0.040121552 -0.591815174 -0.275077641 0.756622314
1341848033.811114 1.022049904 -0.379718155 1.012677193 -0.040747646 -0.589607894 -0.274431825 0.758544207
1341848033.842774 1.022216558 -0.378451586 1.009959936 -0.041488353 -0.588344216 -0.272265434 0.760263979
1341848033.874878 1.023324609 -0.377410024 1.007851958 -0.042108580 -0.587595224 -0.271300226 0.761153638
1341848033.911229 1.023002863 -0.376833946 1.006237388 -0.042523105 -0.584765792 -0.270042598 0.763752401
1341848033.942752 1.024692297 -0.375944614 1.004793763 -0.039207429 -0.581456542 -0.268192649 0.767100930
1341848033.978916 1.024197578 -0.376231939 1.003984571 -0.036515594 -0.579073310 -0.265962303 0.769808292
1341848034.010755 1.025376320 -0.374948323 1.001017809 -0.032705329 -0.575099647 -0.263194859 0.773898721
1341848034.042713 1.026707888 -0.375261247 0.999417305 -0.030797360 -0.570291698 -0.260168970 0.778544128
1341848034.078802 1.027006984 -0.375238031 0.997499943 -0.032060437 -0.567440808 -0.256382942 0.781825304
1341848034.110771 1.027259231 -0.374827087 0.996929646 -0.031854242 -0.566220999 -0.252012700 0.784135640
1341848034.142710 1.030194044 -0.374945819 0.994736969 -0.029301319 -0.560859501 -0.247354537 0.789552927
1341848034.178809 1.030827165 -0.374293327 0.993367314 -0.026710106 -0.557220817 -0.245449826 0.792808890
1341848034.210696 1.033079505 -0.374097407 0.991662323 -0.026813626 -0.555775642 -0.241809130 0.794935703
1341848034.246723 1.034864187 -0.373113245 0.989632130 -0.028339379 -0.552363276 -0.238276288 0.798320830
1341848034.278739 1.036385536 -0.372696519 0.987792909 -0.027967840 -0.549622178 -0.235531181 0.801035762
1341848034.318061 1.038019896 -0.372268826 0.986617625 -0.026539830 -0.548299551 -0.232550696 0.802859545
1341848034.353785 1.040920496 -0.371488512 0.983625174 -0.027160246 -0.545405209 -0.229500294 0.805683017
1341848034.386162 1.041725397 -0.369849712 0.981136978 -0.027867978 -0.544127882 -0.226559773 0.807353020
1341848034.421769 1.044055462 -0.369187176 0.978424251 -0.028236371 -0.542899907 -0.224822775 0.808651447
1341848034.453838 1.045130730 -0.367078006 0.975480795 -0.028248534 -0.540456593 -0.223821416 0.810563147
1341848034.485678 1.047354221 -0.366485178 0.973269939 -0.028206823 -0.540193558 -0.222958073 0.810977817
1341848034.521747 1.049090624 -0.364591181 0.968863964 -0.026982501 -0.539343834 -0.223052651 0.811558843
1341848034.553684 1.051238060 -0.363003969 0.966353238 -0.026492722 -0.538649917 -0.223534554 0.811903119
1341848034.585774 1.053851366 -0.360686898 0.962939858 -0.027349079 -0.538599908 -0.223359585 0.811956048
1341848034.653784 1.057459235 -0.356272519 0.957359016 -0.029977353 -0.537315130 -0.225961059 0.811994731
1341848034.683883 1.058593750 -0.353384227 0.954516411 -0.030717613 -0.535581172 -0.225939766 0.813117743
1341848034.715163 1.061208010 -0.350956917 0.950924873 -0.031120501 -0.535349190 -0.225376025 0.813411593
1341848034.746742 1.062923431 -0.349038303 0.947276115 -0.032776214 -0.534687757 -0.226130441 0.813572228
1341848034.782798 1.063661814 -0.345407486 0.944587111 -0.034118108 -0.533315122 -0.225653455 0.814549804
1341848034.814737 1.064912319 -0.343486607 0.941931486 -0.034010831 -0.532718718 -0.225729346 0.814923465
1341848034.846851 1.067326546 -0.340582401 0.939621508 -0.033467170 -0.532925963 -0.226937741 0.814474761
1341848034.882707 1.067718148 -0.339365184 0.937218547 -0.034965262 -0.531239092 -0.227109849 0.815465271
1341848034.914816 1.068774223 -0.337186456 0.935307205 -0.035216715 -0.529891133 -0.227220669 0.816300154
1341848034.951491 1.069640398 -0.334757566 0.934161782 -0.034736220 -0.528427124 -0.227855414 0.817092478
1341848034.983028 1.070563555 -0.333862484 0.932193995 -0.035184763 -0.526445091 -0.228214741 0.818251550
1341848035.014942 1.070648909 -0.332305133 0.929417372 -0.036354683 -0.524101377 -0.228106111 0.819733918
1341848035.050945 1.070501924 -0.329949111 0.927836657 -0.037353985 -0.523040771 -0.227591291 0.820509136
1341848035.084295 1.070787549 -0.329165429 0.926812351 -0.036975708 -0.522526085 -0.227859184 0.820779800
1341848035.118886 1.072016478 -0.327528536 0.924017549 -0.037179697 -0.520442128 -0.228799224 0.821832418
1341848035.150978 1.072034240 -0.324726164 0.921994627 -0.038765233 -0.519538760 -0.228522971 0.822407424
1341848035.183874 1.071553469 -0.322974384 0.919448256 -0.038809903 -0.519228399 -0.228849530 0.822510540
1341848035.218946 1.071358919 -0.321348310 0.917547107 -0.038411260 -0.517274439 -0.229173303 0.823669434
1341848035.251174 1.071446896 -0.319053710 0.915354371 -0.038011916 -0.516586721 -0.228921697 0.824189365
1341848035.284261 1.070895076 -0.318075061 0.912939429 -0.038264662 -0.516898096 -0.227688417 0.824324012
1341848035.319914 1.070740700 -0.317157865 0.910566568 -0.038420238 -0.516335130 -0.225960612 0.825144649
1341848035.350991 1.070126653 -0.316128969 0.906903148 -0.038818385 -0.515644789 -0.224294305 0.826011837
1341848035.422709 1.070089459 -0.313937485 0.901412904 -0.039705418 -0.515294254 -0.219771907 0.827402890
1341848035.453465 1.068889499 -0.312438905 0.898346543 -0.039895758 -0.514736056 -0.218135610 0.828173876
1341848035.486822 1.069669843 -0.310129344 0.895016909 -0.039473649 -0.514868855 -0.214718714 0.829004049
1341848035.518623 1.069785118 -0.308840871 0.892147601 -0.041262649 -0.514586747 -0.212732896 0.829603851
1341848035.550852 1.066753983 -0.307857037 0.889293909 -0.043821614 -0.513553083 -0.209144160 0.831024408
1341848035.586716 1.065751314 -0.307223856 0.886776090 -0.043168925 -0.513488710 -0.206511378 0.831756473
1341848035.618790 1.066214919 -0.304983914 0.883679152 -0.042429563 -0.511662900 -0.204448819 0.833427548
1341848035.654654 1.065591574 -0.304938376 0.880797744 -0.045179017 -0.509496093 -0.201799497 0.835254192
1341848035.686693 1.065193295 -0.302768052 0.876995087 -0.046998769 -0.507413864 -0.198592871 0.837187707
1341848035.718791 1.064877748 -0.300936222 0.875486374 -0.049869679 -0.504097760 -0.196567431 0.839499652
1341848035.755991 1.063444972 -0.298393488 0.872768283 -0.050423600 -0.501780570 -0.194224045 0.841398120
1341848035.786729 1.063969016 -0.297571540 0.869837701 -0.050564852 -0.500061870 -0.193163261 0.842656076
1341848035.818784 1.062709332 -0.296275496 0.867872119 -0.051615223 -0.496538252 -0.192519709 0.844820559
1341848035.854701 1.060795307 -0.294722855 0.863841653 -0.051809520 -0.493952751 -0.189645335 0.846971750
1341848035.886689 1.061239362 -0.293779999 0.860779762 -0.052819882 -0.493544728 -0.186826780 0.847773194
1341848035.922832 1.059812546 -0.292316794 0.858263373 -0.054093976 -0.492561817 -0.184239671 0.848830044
1341848035.954633 1.058512330 -0.291941524 0.854716718 -0.055121657 -0.492239863 -0.181450188 0.849551260
1341848035.986741 1.060339093 -0.290671289 0.851177216 -0.056547564 -0.493323445 -0.178292945 0.849497497
1341848036.022779 1.059086680 -0.289150387 0.849041462 -0.059963934 -0.493021041 -0.176291987 0.849856257
1341848036.054911 1.057146072 -0.288477361 0.845920861 -0.062203802 -0.491695225 -0.175090015 0.850711465
1341848036.087013 1.057041764 -0.288237125 0.843759060 -0.062592857 -0.490950793 -0.174754575 0.851181686
1341848036.122737 1.056247711 -0.287610173 0.839996338 -0.063393228 -0.488158494 -0.176635250 0.852339447
1341848036.154810 1.054633617 -0.284503847 0.838288486 -0.063694105 -0.486709505 -0.175866246 0.853304148
1341848036.190835 1.053516030 -0.283601701 0.835490704 -0.063720003 -0.485412359 -0.174904272 0.854238272
1341848036.223282 1.052839160 -0.282775402 0.833022356 -0.063369356 -0.484001011 -0.175665781 0.854908645
1341848036.254692 1.050902605 -0.281323820 0.830268562 -0.061591502 -0.482323617 -0.177050635 0.855700552
1341848036.290758 1.050043702 -0.280946732 0.827878356 -0.059708524 -0.479645729 -0.178344533 0.857069492
1341848036.322672 1.050465822 -0.278592885 0.825283408 -0.058488294 -0.477229476 -0.178196207 0.858532071
1341848036.354859 1.049279451 -0.276713789 0.822499633 -0.058637273 -0.476350307 -0.177866548 0.859078288
1341848036.390843 1.048031688 -0.275053382 0.819856644 -0.058809996 -0.475574434 -0.176410347 0.859796345
1341848036.422758 1.047803879 -0.273272991 0.816902161 -0.058029186 -0.472977728 -0.175779462 0.861409485
1341848036.458823 1.046336293 -0.271149099 0.813828766 -0.057038058 -0.471167892 -0.175416678 0.862540722
1341848036.491205 1.045968652 -0.269663304 0.810413659 -0.055527277 -0.471335083 -0.175695240 0.862491250
1341848036.522726 1.043912649 -0.267550796 0.807458401 -0.054601409 -0.470192224 -0.175162882 0.863282084
1341848036.558942 1.042927623 -0.266679585 0.804132104 -0.053498965 -0.469112754 -0.174074784 0.864158034
1341848036.590723 1.041797519 -0.265399814 0.799876451 -0.052298650 -0.466985643 -0.172846213 0.865628958
1341848036.626802 1.040563822 -0.264183849 0.796157479 -0.052874770 -0.464885980 -0.169262692 0.867430389
1341848036.658670 1.038630962 -0.262926638 0.792091250 -0.051664740 -0.463642657 -0.166498289 0.868702829
1341848036.691175 1.038539171 -0.261540890 0.788174570 -0.049236041 -0.462739021 -0.163961202 0.869807541
1341848036.726753 1.039497972 -0.258915991 0.784484148 -0.047600348 -0.461750418 -0.160018876 0.871157169
1341848036.758851 1.036988020 -0.258043289 0.779700875 -0.047801852 -0.459832251 -0.157343030 0.872646809
1341848036.790720 1.036198258 -0.257228106 0.774466634 -0.045848675 -0.458043814 -0.154901519 0.874127746
1341848036.826992 1.038636923 -0.253598720 0.770770550 -0.043295261 -0.456348479 -0.152776897 0.875517488
1341848036.858633 1.036693096 -0.252278000 0.764891267 -0.044369411 -0.452763766 -0.150152713 0.877775908
1341848036.894756 1.037090182 -0.251654357 0.761262238 -0.045867812 -0.451783210 -0.146494955 0.878821552
1341848036.926846 1.035459280 -0.249876082 0.758048117 -0.044638015 -0.450120419 -0.144893527 0.880002797
1341848036.958725 1.035481095 -0.247673064 0.753369272 -0.041549414 -0.448604703 -0.143543303 0.881148577
1341848036.994836 1.035414457 -0.245918900 0.747970581 -0.040635560 -0.446206659 -0.141174361 0.882789969
1341848037.026790 1.033740878 -0.244441748 0.744747758 -0.038718611 -0.445732266 -0.140548110 0.883215606
1341848037.061042 1.032476425 -0.242593348 0.739896417 -0.034933954 -0.444861799 -0.139968023 0.883904159
1341848037.094661 1.033344984 -0.240683749 0.734629571 -0.032103594 -0.444035619 -0.137697935 0.884783030
1341848037.126709 1.033054233 -0.238349289 0.730008602 -0.030638935 -0.444389731 -0.135547519 0.884989202
1341848037.162789 1.031287551 -0.238863736 0.726356328 -0.028722437 -0.444777519 -0.132811114 0.885273516
1341848037.194724 1.028790474 -0.237175688 0.721294224 -0.019202458 -0.448806584 -0.131937474 0.883626878
1341848037.227032 1.032090545 -0.234006524 0.715606868 -0.015664043 -0.450592905 -0.129126072 0.883202791
1341848037.263738 1.031528950 -0.234262705 0.714086533 -0.013493482 -0.454869419 -0.126737401 0.881390631
1341848037.295192 1.030945063 -0.231198430 0.706586838 -0.007424633 -0.457072854 -0.126512796 0.880354404
1341848037.326868 1.030573845 -0.230082482 0.700157523 -0.007414171 -0.455662668 -0.126914635 0.881027400
1341848037.362746 1.027618647 -0.228866801 0.698035598 -0.006952841 -0.456027359 -0.126400888 0.880916297
1341848037.395057 1.026382804 -0.225784525 0.694151461 -0.002107884 -0.456881791 -0.127999619 0.880267441
1341848037.430946 1.025963783 -0.225131601 0.689643443 -0.000361060 -0.456139833 -0.129144132 0.880487382
1341848037.462765 1.024699569 -0.222846195 0.685001373 0.001055587 -0.455843389 -0.129027262 0.880657494
1341848037.494842 1.021967411 -0.220615119 0.680427074 0.002499043 -0.456324041 -0.129884198 0.880279601
1341848037.530725 1.021315098 -0.218679219 0.675612509 0.003321002 -0.454913259 -0.130490512 0.880917192
1341848037.562958 1.018236756 -0.218366116 0.672839046 0.002861360 -0.453292608 -0.132902786 0.881393492
1341848037.595756 1.018082142 -0.216532573 0.669171154 0.003993446 -0.453615665 -0.133017793 0.881205559
1341848037.630756 1.016425610 -0.213366389 0.667222500 0.004376625 -0.452149004 -0.133196399 0.881930172
1341848037.662669 1.013412237 -0.212369785 0.663605630 0.004827899 -0.448559165 -0.135341167 0.883433163
1341848037.698670 1.011306524 -0.211648151 0.661739588 0.005827151 -0.447426200 -0.136196017 0.883870184
1341848037.730964 1.010112166 -0.208882168 0.658789754 0.006868404 -0.445177495 -0.135221347 0.885146916
1341848037.769764 1.007483840 -0.207407057 0.655658007 0.005777731 -0.442489922 -0.134046197 0.886679709
1341848037.798917 1.002098083 -0.206761181 0.654795885 0.005978372 -0.440770686 -0.133495525 0.887617290
1341848037.837792 1.001731157 -0.204258889 0.650142193 0.007215837 -0.438754588 -0.130923584 0.888988972
1341848037.866711 1.000050306 -0.201385856 0.646054626 0.003570876 -0.435231447 -0.128525004 0.891090453
1341848037.898921 0.996940613 -0.199666291 0.646196783 -0.000260551 -0.433332086 -0.126830474 0.892265260
1341848037.930939 0.994735360 -0.198488951 0.642813683 -0.002810000 -0.428821981 -0.126606882 0.894468844
1341848037.966864 0.992520809 -0.196055681 0.638889313 -0.005634682 -0.424624950 -0.126081675 0.896529615
1341848037.998629 0.989265680 -0.194731951 0.637459099 -0.007994535 -0.422508478 -0.126156971 0.897500455
1341848038.030908 0.987174034 -0.193313956 0.634554684 -0.009432541 -0.419578552 -0.126069814 0.898872256
1341848038.066849 0.984408438 -0.190731451 0.630830646 -0.012215366 -0.414414853 -0.125736818 0.901277661
1341848038.098674 0.982415259 -0.188173279 0.629449427 -0.015171373 -0.411295205 -0.124246173 0.902867079
1341848038.134662 0.978408933 -0.187485307 0.626567900 -0.017042842 -0.408273816 -0.124612719 0.904153585
1341848038.166674 0.978183806 -0.185300052 0.624393165 -0.017251255 -0.405618966 -0.125494227 0.905221999
1341848038.198711 0.974365056 -0.183641300 0.622369528 -0.018958662 -0.402228683 -0.124764875 0.906800091
1341848038.234726 0.970667541 -0.182441771 0.620650530 -0.020288102 -0.400877386 -0.122670144 0.907655060
1341848038.274093 0.970032215 -0.181537360 0.617915094 -0.019547980 -0.399133146 -0.122963198 0.908400059
1341848038.306525 0.967333674 -0.180541441 0.615268767 -0.019906789 -0.396721542 -0.123777278 0.909337640
1341848038.341933 0.964013934 -0.178676516 0.612917662 -0.019753158 -0.394736052 -0.122924104 0.910320222
1341848038.374117 0.962606668 -0.176969633 0.610809445 -0.017706366 -0.392402768 -0.123646922 0.911272764
1341848038.409802 0.960098028 -0.177149743 0.607496262 -0.017065410 -0.390162468 -0.125363871 0.912011981
1341848038.441825 0.957782626 -0.175401986 0.604206145 -0.016459558 -0.389545828 -0.123068392 0.912599206
1341848038.473889 0.956440926 -0.174383938 0.601498425 -0.016837507 -0.388112158 -0.122644551 0.913259923
1341848038.510185 0.951941967 -0.174523100 0.598552465 -0.016597252 -0.385399878 -0.123034880 0.914359808
1341848038.542164 0.950234830 -0.173561171 0.596123815 -0.013090832 -0.385542274 -0.120705761 0.914667070
1341848038.566862 0.949648142 -0.171619624 0.592581749 -0.009493859 -0.383966923 -0.120738328 0.915369630
1341848038.602989 0.946646452 -0.170195878 0.588246405 -0.008119876 -0.382615477 -0.121031225 0.915909886
1341848038.634739 0.946182787 -0.168979645 0.585401952 -0.006557682 -0.383861840 -0.120451592 0.915477216
1341848038.670685 0.945597291 -0.166683361 0.580937147 -0.006009848 -0.383040756 -0.120840535 0.915773571
1341848038.702868 0.941824198 -0.165313333 0.577974796 -0.005997948 -0.382175177 -0.121359445 0.916066587
1341848038.734794 0.940599680 -0.163970917 0.575662613 -0.003132309 -0.382622629 -0.121660367 0.915854156
1341848038.770741 0.939335287 -0.161187947 0.570786238 -0.001661422 -0.380304843 -0.121522322 0.916841209
1341848038.802800 0.939337254 -0.158731192 0.565690398 -0.003091220 -0.380746633 -0.119349733 0.916939497
1341848038.838770 0.936635494 -0.157781065 0.564544499 -0.003250263 -0.381080806 -0.117428623 0.917048216
1341848038.871141 0.937828064 -0.154094487 0.559588432 -0.000540620 -0.378340691 -0.116368011 0.918322682
1341848038.902781 0.936492562 -0.152516469 0.554510295 -0.002702144 -0.375205785 -0.114844874 0.919795632
1341848038.938767 0.935394406 -0.151631758 0.551241040 -0.004681325 -0.375158817 -0.111290701 0.920243621
1341848038.970765 0.935936093 -0.148055181 0.546148360 -0.005159373 -0.371615082 -0.108750850 0.921980977
1341848039.002634 0.933627844 -0.145074427 0.544112027 -0.005898456 -0.367154717 -0.109468304 0.923677087
1341848039.038895 0.932956636 -0.145361781 0.541382968 -0.006287148 -0.365301073 -0.107574902 0.924631417
1341848039.070805 0.933618069 -0.140841007 0.535214007 -0.005163147 -0.362585038 -0.104707509 0.926035523
1341848039.106775 0.931541026 -0.140727744 0.531536222 -0.007235283 -0.360561669 -0.104129724 0.926876426
1341848039.138656 0.930767715 -0.138231158 0.527936161 -0.006206622 -0.359398812 -0.101575941 0.927618623
1341848039.170737 0.930920541 -0.135349467 0.523670316 -0.006914054 -0.356716692 -0.099595964 0.928862810
1341848039.206814 0.929167211 -0.134454459 0.521706462 -0.007616986 -0.355414391 -0.099154584 0.929403543
1341848039.238881 0.928216040 -0.132497698 0.517481148 -0.005785426 -0.354325950 -0.097213022 0.930037260
1341848039.270959 0.929834545 -0.130099922 0.512618780 -0.005645223 -0.352449507 -0.096404694 0.930834889
1341848039.306747 0.927651286 -0.128915817 0.509872437 -0.007089986 -0.350862384 -0.095508084 0.931516767
1341848039.338889 0.928614378 -0.127570629 0.508807600 -0.006670327 -0.351675987 -0.093778387 0.931388795
1341848039.374766 0.928883433 -0.123953469 0.505423784 -0.005432261 -0.350221813 -0.094323538 0.931889653
1341848039.406886 0.928323269 -0.123691693 0.502764463 -0.006674699 -0.348156244 -0.094539568 0.932633340
1341848039.438853 0.927551866 -0.121130452 0.499550402 -0.006491499 -0.346658796 -0.094537459 0.933192492
1341848039.474867 0.925840497 -0.119188569 0.496869028 -0.007185104 -0.344523996 -0.095279366 0.933902264
1341848039.507121 0.923833370 -0.118517749 0.496073008 -0.007567729 -0.342517972 -0.095992811 0.934563816
1341848039.538659 0.922523916 -0.117010623 0.492684424 -0.005929840 -0.340155572 -0.096386880 0.935397565
1341848039.574890 0.920138896 -0.116391972 0.488802254 -0.006728139 -0.339002758 -0.096426837 0.935806453
1341848039.606721 0.918153286 -0.115472771 0.487628222 -0.006373363 -0.338784516 -0.097027317 0.935825884
1341848039.642714 0.917042077 -0.113392584 0.486564219 -0.004403043 -0.336460948 -0.097847387 0.936589837
1341848039.674760 0.914140105 -0.112423234 0.480929673 -0.003244445 -0.333863229 -0.098006226 0.937507093
1341848039.707168 0.913209200 -0.110900201 0.477682173 -0.003224348 -0.334189862 -0.097544558 0.937438965
1341848039.742862 0.911833405 -0.107302085 0.476907611 -0.001849470 -0.332855374 -0.098159969 0.937853158
1341848039.775334 0.907408953 -0.107224911 0.476362556 -0.000837974 -0.329918325 -0.099853367 0.938713193
1341848039.806875 0.906153142 -0.106870025 0.474304140 0.000840464 -0.329347312 -0.100110866 0.938886285
1341848039.843282 0.904341280 -0.103593625 0.471544474 0.002122455 -0.327153057 -0.099922724 0.939671159
1341848039.881803 0.900683582 -0.104106903 0.470342398 0.001716958 -0.324950755 -0.099599250 0.940470099
1341848039.913822 0.897505224 -0.103510417 0.467661381 0.002529158 -0.323429465 -0.097539335 0.941208303
1341848039.943367 0.896823049 -0.101203740 0.463788629 0.001821688 -0.321670711 -0.095216669 0.942050099
1341848039.974815 0.891843796 -0.099153899 0.461173326 -0.000159350 -0.319813818 -0.092388332 0.942965269
1341848040.010707 0.888570905 -0.099455357 0.460309029 -0.000163476 -0.319681108 -0.090233363 0.943218887
1341848040.042768 0.887790918 -0.095836326 0.456315279 -0.000329649 -0.317645252 -0.088623323 0.944058955
1341848040.078716 0.884294212 -0.093071707 0.454582572 -0.003011495 -0.315205574 -0.085753806 0.945136309
1341848040.110819 0.880467117 -0.092291422 0.452262759 -0.005764642 -0.312143505 -0.084718131 0.946232557
1341848040.142744 0.878937781 -0.091309175 0.449724376 -0.007549917 -0.308531761 -0.084087208 0.947459996
1341848040.178810 0.875845611 -0.089766175 0.445996106 -0.009557540 -0.305182606 -0.084067658 0.948527694
1341848040.211029 0.872639894 -0.088645928 0.444444150 -0.013456149 -0.302926034 -0.081921637 0.949391186
1341848040.242681 0.869222283 -0.085877456 0.440708160 -0.015438817 -0.298567414 -0.080879487 0.950829983
1341848040.278950 0.865749538 -0.087747529 0.442820996 -0.017909989 -0.296376944 -0.079903282 0.951554179
1341848040.310719 0.863728762 -0.086444117 0.440888405 -0.016289059 -0.294834942 -0.077032618 0.952298820
1341848040.346920 0.862087548 -0.085628211 0.437110752 -0.019295596 -0.292737275 -0.073625840 0.953158855
1341848040.378809 0.856733918 -0.085099310 0.435891777 -0.021574400 -0.289872050 -0.071480252 0.954148471
1341848040.410884 0.853159249 -0.085069895 0.434492350 -0.019684818 -0.287864655 -0.067853585 0.955061436
1341848040.446720 0.851936996 -0.084790483 0.431209326 -0.019399419 -0.286841422 -0.064140841 0.955631554
1341848040.478680 0.848421514 -0.083868742 0.428020179 -0.019614236 -0.285250396 -0.060592175 0.956334710
1341848040.517796 0.845842600 -0.083155699 0.426330388 -0.017334014 -0.284334183 -0.059592295 0.956714332
1341848040.546685 0.843335569 -0.083796717 0.422380120 -0.016208624 -0.283055246 -0.058775533 0.957163751
1341848040.578879 0.841411114 -0.082501806 0.419098198 -0.016276089 -0.281685263 -0.057736605 0.957629859
1341848040.614917 0.838555992 -0.081664562 0.418083370 -0.016452957 -0.280504614 -0.056399062 0.958053052
1341848040.646758 0.838124096 -0.081147835 0.416580886 -0.014633476 -0.279109478 -0.056347597 0.958492935
1341848040.679034 0.835508764 -0.082386769 0.415295750 -0.014338695 -0.274498850 -0.056164492 0.959838688
1341848040.714653 0.830080986 -0.083537437 0.416491270 -0.011569741 -0.267592907 -0.053894367 0.961954057
1341848040.746821 0.827868938 -0.081185937 0.412711889 -0.006060678 -0.259214759 -0.052217256 0.964388072
1341848040.778774 0.826884270 -0.081839040 0.410601914 -0.003180049 -0.254367679 -0.051916692 0.965707839
1341848040.814675 0.828004599 -0.079375334 0.410769880 -0.001543377 -0.248891473 -0.049665857 0.967255890
1341848040.846908 0.822368026 -0.081273876 0.408140540 -0.001443524 -0.242534786 -0.049265541 0.968889952
1341848040.882827 0.821038425 -0.080165483 0.406371206 0.001171081 -0.237746954 -0.048089303 0.970135272
1341848040.914699 0.817620814 -0.078749277 0.403747112 0.001001917 -0.231813267 -0.044542935 0.971739411
1341848040.946862 0.814298749 -0.078619033 0.402152538 0.000804146 -0.227765962 -0.042058807 0.972806811
1341848040.984484 0.813273191 -0.075556383 0.400390595 0.002207899 -0.222861201 -0.038441304 0.974089444
1341848041.022638 0.812110066 -0.076418698 0.398686230 -0.001686491 -0.219752267 -0.034801323 0.974933326
1341848041.058859 0.807521105 -0.074823029 0.398795843 -0.002703490 -0.217667207 -0.028836643 0.975593209
1341848041.094347 0.808989584 -0.072575316 0.395075798 -0.004405163 -0.213387981 -0.024357023 0.976653934
1341848041.122188 0.806374550 -0.070480816 0.395470411 -0.007909301 -0.208613113 -0.021661784 0.977726281
1341848041.189954 0.802354574 -0.069492385 0.390672535 -0.014992359 -0.201847613 -0.011292159 0.979237080
1341848041.218698 0.797584534 -0.067691669 0.391326427 -0.017475156 -0.198290497 -0.009060589 0.979945600
1341848041.250726 0.795445204 -0.067159101 0.388742536 -0.019077100 -0.195654199 -0.006840921 0.980463505
1341848041.283054 0.793183863 -0.064331263 0.387258828 -0.022564983 -0.192776322 -0.004652581 0.980972171
1341848041.319290 0.786157250 -0.064197443 0.389633834 -0.024272284 -0.190004796 -0.003037479 0.981478393
1341848041.355465 0.785311401 -0.062090788 0.386790782 -0.022439115 -0.187242493 -0.001834990 0.982055664
1341848041.384901 0.782340348 -0.061340202 0.386985689 -0.023317128 -0.183684289 -0.003192173 0.982703507
1341848041.418768 0.778137207 -0.060908955 0.386681557 -0.023824725 -0.178767830 -0.000047204 0.983602762
1341848041.450845 0.778169990 -0.060160574 0.383708894 -0.025225386 -0.176148012 0.001755035 0.984038830
1341848041.482801 0.776217103 -0.059542678 0.386037171 -0.028869724 -0.174023613 0.001019548 0.984317660
1341848041.518788 0.770314395 -0.059996322 0.388282180 -0.031055836 -0.168671682 0.003068465 0.985178173
1341848041.550730 0.771205425 -0.058557201 0.388829112 -0.030375365 -0.165189415 0.002989730 0.985789418
1341848041.586805 0.761962175 -0.057040028 0.386807591 -0.030605795 -0.157937899 0.002709159 0.986970901
1341848041.618743 0.756600380 -0.056661703 0.387158275 -0.030256283 -0.153612748 0.003826659 0.987660408
1341848041.650957 0.753608763 -0.055807073 0.386107504 -0.030116819 -0.150963545 0.005058161 0.988067508
1341848041.686781 0.748251736 -0.056563135 0.388132602 -0.029902358 -0.148741141 0.006060510 0.988405406
1341848041.718789 0.744682133 -0.056981709 0.386550695 -0.029656583 -0.145971447 0.008734100 0.988805652
1341848041.750776 0.740143657 -0.058013372 0.386937559 -0.030321879 -0.144006133 0.011288189 0.989047706
1341848041.786711 0.734770477 -0.057327304 0.386262268 -0.028932197 -0.141888574 0.014871929 0.989347935
1341848041.818704 0.730530202 -0.059224900 0.386704713 -0.029541090 -0.142014727 0.019081121 0.989239633
1341848041.854747 0.725359201 -0.056103036 0.384526432 -0.027098889 -0.141094163 0.021501260 0.989391625
1341848041.886710 0.721045375 -0.056763910 0.385435700 -0.027808415 -0.139433458 0.023666548 0.989557922
1341848041.918718 0.715376377 -0.058422748 0.388255119 -0.026503488 -0.138381958 0.027711812 0.989636362
1341848041.954693 0.712562084 -0.058380827 0.383939028 -0.023985509 -0.136046365 0.029898731 0.989960670
1341848041.994975 0.707796931 -0.058997739 0.383142680 -0.027089739 -0.133970693 0.033680104 0.990042269
1341848042.018871 0.703130066 -0.060306687 0.388385892 -0.027576059 -0.133371383 0.038393866 0.989938140
1341848042.054627 0.700412273 -0.061199471 0.385058463 -0.025392793 -0.131160870 0.039907821 0.990231991
1341848042.089498 0.696394801 -0.063246772 0.383399129 -0.028449124 -0.128025204 0.041042592 0.990512848
1341848042.122881 0.691206634 -0.064439312 0.388545454 -0.029555758 -0.127019763 0.045299362 0.990424335
1341848042.154788 0.688848317 -0.064856164 0.387163401 -0.028199675 -0.125203460 0.046878543 0.990621686
1341848042.186714 0.683824062 -0.065872416 0.386957228 -0.028810853 -0.120628916 0.045534961 0.991234183
1341848042.222883 0.679738522 -0.065978587 0.389084548 -0.029438967 -0.117770106 0.048566788 0.991415560
1341848042.254762 0.676536441 -0.066117704 0.387694418 -0.029073540 -0.114731975 0.048742980 0.991773844
1341848042.290694 0.672196090 -0.066607289 0.388421893 -0.029848101 -0.109263733 0.045913104 0.992503166
1341848042.322759 0.667868793 -0.066649042 0.390652180 -0.030234406 -0.105973952 0.047600769 0.992768645
1341848042.354987 0.664305151 -0.066161782 0.389189899 -0.031641014 -0.103618503 0.051524397 0.992777586
1341848042.390711 0.661006927 -0.067260340 0.390071988 -0.035159584 -0.101238258 0.052498490 0.992853761
1341848042.429737 0.655327022 -0.066688351 0.392581910 -0.035120953 -0.096507721 0.054715928 0.993206382
1341848042.461752 0.651418149 -0.065807000 0.391749442 -0.034577150 -0.092053011 0.058524691 0.993431211
1341848042.490921 0.648011267 -0.063265897 0.391352922 -0.036401805 -0.088324338 0.060849518 0.993564844
1341848042.522713 0.642964721 -0.064528041 0.395470589 -0.039102085 -0.083934665 0.063401163 0.993683219
1341848042.558691 0.638249576 -0.063635595 0.394447803 -0.037751164 -0.078004748 0.067130201 0.993973672
1341848042.590841 0.635601223 -0.064253628 0.392688334 -0.040077150 -0.073829956 0.068846993 0.994084001
1341848042.622730 0.629704356 -0.063682280 0.396600187 -0.039997432 -0.069218345 0.073974974 0.994050682
1341848042.658741 0.626647115 -0.061663233 0.396578699 -0.036126088 -0.066354029 0.078423969 0.994053185
1341848042.697779 0.623578250 -0.061769735 0.393962681 -0.036244735 -0.060631819 0.079436719 0.994333923
1341848042.729778 0.618840396 -0.063401833 0.394972622 -0.037778936 -0.056073271 0.085828885 0.994013011
1341848042.761637 0.615305722 -0.063269302 0.392774135 -0.038537990 -0.051904052 0.090853289 0.993763804
1341848042.797954 0.613015711 -0.062498376 0.392052621 -0.039550144 -0.046999183 0.091923043 0.993869722
1341848042.829708 0.608976662 -0.061435945 0.394316316 -0.040335868 -0.040924322 0.094864607 0.993830442
1341848042.861726 0.606708646 -0.059483461 0.394073904 -0.040717341 -0.036151223 0.099240728 0.993572593
1341848042.897767 0.604268432 -0.059885174 0.393871844 -0.042839795 -0.032293390 0.101327874 0.993405521
1341848042.929860 0.598653257 -0.060456619 0.395325661 -0.043448806 -0.027064554 0.102601290 0.993404567
1341848042.965708 0.596389532 -0.058740065 0.394992977 -0.040602256 -0.023344886 0.105694547 0.993295074
1341848042.997994 0.594678879 -0.058664173 0.393750429 -0.040905856 -0.020743640 0.108026706 0.993089437
1341848043.030335 0.590411603 -0.058360796 0.392168760 -0.041633293 -0.016980136 0.111615293 0.992733777
1341848043.065737 0.588244200 -0.058345266 0.392066389 -0.042956572 -0.013641525 0.113547191 0.992509782
1341848043.097862 0.584124565 -0.057869833 0.392922312 -0.043920312 -0.009687196 0.114536718 0.992400348
1341848043.133955 0.580192804 -0.057800442 0.393484712 -0.044194244 -0.006226118 0.116754629 0.992157459
1341848043.165792 0.577537835 -0.058474239 0.391935974 -0.046020932 -0.002879294 0.117927045 0.991951108
1341848043.201879 0.575247049 -0.060062189 0.395395875 -0.047561526 -0.001882607 0.117413655 0.991941690
1341848043.233861 0.571472764 -0.059833538 0.397878677 -0.044347048 0.001131636 0.116901703 0.992152214
1341848043.265717 0.565394342 -0.059508715 0.394439161 -0.043291222 0.007110939 0.119738348 0.991835713
1341848043.301798 0.561794937 -0.060904272 0.396376342 -0.044333376 0.009507906 0.121026017 0.991613209
1341848043.334034 0.556842804 -0.061622001 0.398255944 -0.043026008 0.013261700 0.122781120 0.991411924
1341848043.369819 0.553871632 -0.061972283 0.396317601 -0.042607334 0.015824916 0.124006599 0.991239905
1341848043.401743 0.548582971 -0.062950380 0.399521619 -0.042251516 0.017222038 0.124611489 0.991155982
1341848043.433949 0.545282960 -0.063047081 0.399409950 -0.041378554 0.018455878 0.126501754 0.990931153
1341848043.469625 0.542178333 -0.063700765 0.401069015 -0.041584570 0.020852208 0.127507180 0.990746081
1341848043.501696 0.537884057 -0.065541893 0.403713286 -0.042416759 0.023551745 0.131027937 0.990190804
1341848043.537825 0.532566309 -0.067821912 0.404929936 -0.041409735 0.024447372 0.132982492 0.989951134
1341848043.569664 0.531354606 -0.067539886 0.404702455 -0.041281998 0.025305202 0.135405198 0.989606440
1341848043.601838 0.524705887 -0.068281949 0.405688584 -0.041797396 0.028435409 0.136853144 0.989300549
1341848043.637798 0.522626460 -0.067918330 0.409566045 -0.042493083 0.027230071 0.139082685 0.988993883
1341848043.670144 0.519232750 -0.069568142 0.412494272 -0.044280488 0.028671328 0.140683845 0.988648176
1341848043.701979 0.514210463 -0.070961215 0.414633363 -0.044774085 0.031433415 0.141163751 0.988473594
1341848043.737757 0.510879815 -0.071190059 0.416301906 -0.044805225 0.032038439 0.143169045 0.988164306
1341848043.769828 0.507503986 -0.072254986 0.419082135 -0.047532246 0.033911094 0.145188719 0.987679601
1341848043.805817 0.503742933 -0.075006522 0.423158407 -0.050295364 0.035700586 0.148349240 0.987009823
1341848043.837855 0.501024365 -0.076962136 0.427043647 -0.048433132 0.037067235 0.147868484 0.987124681
1341848043.869697 0.496641517 -0.078539699 0.426440358 -0.047752850 0.040602595 0.149293810 0.986804187
1341848043.905731 0.492478013 -0.078541070 0.429757774 -0.048541874 0.041543502 0.150386155 0.986560583
1341848043.938034 0.490026027 -0.079587124 0.433125943 -0.047801841 0.040759340 0.150921524 0.986547709
1341848043.969826 0.486187220 -0.080352314 0.433419168 -0.047609940 0.043773841 0.150012374 0.986566484
1341848044.005919 0.482341796 -0.082083270 0.435356885 -0.049701564 0.046475232 0.148611322 0.986551821
1341848044.037703 0.476846337 -0.085464895 0.439113468 -0.049506348 0.048271041 0.150199711 0.986234784
1341848044.073762 0.475287348 -0.085800380 0.436661452 -0.048247907 0.048675954 0.149732605 0.986348271
1341848044.105804 0.471383631 -0.085196078 0.439521164 -0.049907088 0.048955012 0.150345355 0.986158729
1341848044.137722 0.469236284 -0.087242752 0.444498330 -0.049825374 0.047473963 0.152043402 0.985974908
1341848044.173825 0.465002596 -0.089177199 0.443300068 -0.050923657 0.050460834 0.152814075 0.985651255
1341848044.205750 0.463475794 -0.090639010 0.446192920 -0.052419446 0.052306965 0.151814148 0.985631108
1341848044.237767 0.462777495 -0.090606242 0.449440747 -0.051508743 0.051568456 0.153274819 0.985491931
1341848044.273822 0.457634360 -0.090046525 0.449859470 -0.050596755 0.055035681 0.154547110 0.985152900
1341848044.305742 0.455379397 -0.089654475 0.452995092 -0.051020533 0.056493692 0.155825332 0.984847069
1341848044.337838 0.452358246 -0.090109415 0.455100447 -0.050566301 0.058787245 0.156360835 0.984651387
1341848044.373688 0.450351894 -0.091609702 0.455729187 -0.051311728 0.060642861 0.157617837 0.984299839
1341848044.405874 0.448629200 -0.091724575 0.457952052 -0.052456927 0.062675171 0.159791648 0.983761489
1341848044.441696 0.447194397 -0.092980973 0.460732132 -0.053686354 0.065505557 0.163649827 0.982876122
1341848044.473716 0.445132673 -0.092840537 0.462472349 -0.053451989 0.068970911 0.167360544 0.982026637
1341848044.505687 0.443168342 -0.096275941 0.462575912 -0.056881379 0.074249774 0.170723408 0.980869532
1341848044.541856 0.440883696 -0.095200598 0.466441363 -0.055915240 0.079254001 0.174842641 0.979807317
1341848044.573760 0.438591182 -0.095983967 0.467820495 -0.056161497 0.084148340 0.178812817 0.978667915
1341848044.605829 0.436378121 -0.097101346 0.470007479 -0.056325544 0.088639282 0.182423472 0.977595091
1341848044.641741 0.432619095 -0.097768053 0.472092301 -0.057241313 0.094481759 0.187598482 0.976014078
1341848044.705966 0.428448915 -0.099563040 0.477202266 -0.056643464 0.101144664 0.195082262 0.973911822
1341848044.734774 0.425693214 -0.100589894 0.478975326 -0.055996303 0.105677538 0.199090317 0.972656012
1341848044.771011 0.423804462 -0.101155765 0.480666995 -0.054318193 0.108235598 0.202584535 0.971747935
1341848044.802833 0.422485858 -0.100801088 0.480469644 -0.052617155 0.109546818 0.203240573 0.971557617
1341848044.834852 0.417771041 -0.101956017 0.483230591 -0.053665161 0.114630990 0.205993995 0.970333040
1341848044.870686 0.417276442 -0.103750981 0.485738873 -0.052653544 0.114714667 0.211577699 0.969176471
1341848044.902692 0.411171973 -0.104415387 0.485959649 -0.049474124 0.118333712 0.212707058 0.968661547
1341848044.934911 0.408956230 -0.105336361 0.486905962 -0.049261451 0.119163118 0.214617506 0.968149185
1341848044.970797 0.405323803 -0.105905950 0.488343567 -0.048796866 0.120024614 0.219602451 0.966947615
1341848045.002641 0.401464522 -0.104058102 0.488924086 -0.046623319 0.119408779 0.220834196 0.966850579
1341848045.038733 0.399383128 -0.105075516 0.489927262 -0.050483365 0.119097441 0.222025305 0.966422260
1341848045.070849 0.398338914 -0.105856821 0.494036019 -0.052731812 0.118284680 0.223236665 0.966122925
1341848045.102831 0.395953774 -0.106362060 0.494683027 -0.052975819 0.120411560 0.222628966 0.965987027
1341848045.138762 0.392894864 -0.107364938 0.496054053 -0.055835940 0.123365924 0.222350895 0.965517104
1341848045.170759 0.390834421 -0.109531924 0.501985312 -0.057680853 0.123435378 0.224717587 0.964851618
1341848045.202698 0.388095498 -0.109220080 0.501844525 -0.055431284 0.124925911 0.223280221 0.965125322
1341848045.238872 0.385364980 -0.111334682 0.504895687 -0.057331644 0.127549529 0.221271679 0.965133667
1341848045.270833 0.383137375 -0.112488978 0.508185983 -0.056200113 0.128237456 0.221786663 0.964990854
1341848045.306816 0.380720198 -0.112988770 0.508477092 -0.056078076 0.128214493 0.221757889 0.965007663
1341848045.338698 0.378763616 -0.115328602 0.511414170 -0.059010822 0.129364610 0.220372990 0.964996517
1341848045.370799 0.377389759 -0.115056872 0.516920626 -0.057027906 0.129489556 0.219378531 0.965325534
1341848045.406703 0.372524500 -0.115663834 0.517524421 -0.056233633 0.131050229 0.219520584 0.965129197
1341848045.438695 0.368365139 -0.118989624 0.519946635 -0.060734317 0.130886197 0.220276490 0.964706361
1341848045.474692 0.365432084 -0.121252909 0.525524497 -0.061985318 0.130064175 0.218688324 0.965099216
1341848045.506761 0.364412069 -0.122685410 0.528216004 -0.062088605 0.129067212 0.217279032 0.965544641
1341848045.538886 0.362141252 -0.123851642 0.532178223 -0.061313085 0.129825294 0.216015160 0.965776145
1341848045.575971 0.358422339 -0.124486417 0.534825683 -0.058758471 0.129717380 0.216602892 0.965817809
1341848045.606920 0.358173788 -0.123623364 0.537291527 -0.057632487 0.125151291 0.215982065 0.966626823
1341848045.645890 0.355266988 -0.124606997 0.540730476 -0.058322497 0.124675013 0.215607911 0.966730475
1341848045.674943 0.351799190 -0.128592014 0.544712126 -0.061422970 0.125568256 0.213596553 0.966869354
1341848045.706968 0.351420641 -0.131222934 0.548700035 -0.062248047 0.121646553 0.212440863 0.967572272
1341848045.743092 0.346923947 -0.130190194 0.550686955 -0.059802771 0.122257516 0.210444450 0.968085647
1341848045.774776 0.344234824 -0.133523017 0.554463744 -0.063939743 0.121956952 0.209360763 0.968094170
1341848045.807609 0.341433316 -0.137331545 0.558423460 -0.065410390 0.120377004 0.207963005 0.968494833
1341848045.842865 0.340106934 -0.137364253 0.560128927 -0.063099921 0.117196798 0.206289947 0.969395578
1341848045.874777 0.338116407 -0.135843650 0.562673628 -0.063267365 0.115661144 0.203805834 0.970094323
1341848045.906765 0.334886134 -0.139425784 0.568535864 -0.067386612 0.115356319 0.203848064 0.969844282
1341848045.942758 0.330335975 -0.141113132 0.570950091 -0.064087339 0.112089843 0.202831790 0.970663667
1341848045.974768 0.329869121 -0.140521765 0.573365152 -0.062888488 0.107315123 0.198634848 0.972148478
1341848046.010763 0.329188347 -0.139117479 0.577244759 -0.061738398 0.103385113 0.195266590 0.973329782
1341848046.042828 0.321295321 -0.144366935 0.579552352 -0.063519686 0.104772456 0.193093330 0.973500371
1341848046.074722 0.320893973 -0.138673097 0.582135439 -0.057089135 0.096395001 0.188448578 0.975672066
1341848046.110817 0.322374821 -0.140538916 0.583262563 -0.062371612 0.091468766 0.186834142 0.976133287
1341848046.142773 0.319106281 -0.143287927 0.587426662 -0.064291418 0.091022670 0.183712050 0.976642907
1341848046.181848 0.316163480 -0.140946656 0.588084817 -0.059405018 0.088206328 0.179383516 0.978014410
1341848046.219718 0.311550230 -0.138738587 0.589050114 -0.059606344 0.088234596 0.175831020 0.978644550
1341848046.249730 0.311620057 -0.144125313 0.590977550 -0.067334644 0.082831778 0.174518049 0.978850543
1341848046.283599 0.308491647 -0.141829729 0.592853248 -0.064220779 0.079600967 0.170337334 0.980063558
1341848046.317731 0.302973509 -0.140975386 0.595106661 -0.064229652 0.080852725 0.166357830 0.980643868
1341848046.349732 0.301143348 -0.143242866 0.596178293 -0.067512140 0.078489676 0.164315581 0.980959654
1341848046.382309 0.297518611 -0.141414791 0.598230362 -0.065122135 0.076077878 0.162020132 0.981692791
1341848046.417763 0.294713944 -0.140011489 0.598164678 -0.065783903 0.075052902 0.159381315 0.982159436
1341848046.449782 0.291605145 -0.139904529 0.600031376 -0.068367153 0.074946411 0.157993898 0.982215285
1341848046.485848 0.289041132 -0.139512017 0.599924266 -0.068108656 0.071769007 0.155923560 0.982801259
1341848046.517760 0.285294831 -0.139746487 0.599534273 -0.070617974 0.071406998 0.152724653 0.983152747
1341848046.549658 0.281656384 -0.140790701 0.599599481 -0.073074326 0.071001910 0.150843501 0.983292997
1341848046.586076 0.277321935 -0.139316916 0.600651741 -0.069444612 0.068741158 0.149071798 0.983986616
1341848046.617769 0.274728268 -0.138698548 0.598281503 -0.068902537 0.066542864 0.146166682 0.984611511
1341848046.653748 0.270407319 -0.138381585 0.598531544 -0.069173373 0.066292815 0.145449057 0.984715641
1341848046.685899 0.268562555 -0.138980672 0.596430480 -0.067699343 0.060261380 0.145934075 0.985133827
1341848046.714925 0.265221000 -0.137852848 0.595563352 -0.066410162 0.058129713 0.144607842 0.985545158
1341848046.746888 0.262935042 -0.135674953 0.595256090 -0.064423993 0.055884592 0.144196421 0.985867023
1341848046.778736 0.258453041 -0.136003211 0.593967736 -0.063082948 0.055255745 0.143757567 0.986053288
1341848046.814747 0.255903423 -0.132941633 0.592107892 -0.059676278 0.052463181 0.141993836 0.986673236
1341848046.846853 0.252544105 -0.134317905 0.589819670 -0.063352369 0.053336438 0.140491396 0.986612320
1341848046.878793 0.248693630 -0.133208185 0.588881493 -0.062004425 0.053793114 0.141253531 0.986564338
1341848046.915079 0.244859099 -0.132146552 0.586895645 -0.061740506 0.054152127 0.140612900 0.986652792
1341848046.946882 0.242110297 -0.131538376 0.585108757 -0.062147181 0.053556800 0.141050279 0.986597300
1341848046.982780 0.238941848 -0.130850092 0.583194852 -0.062066581 0.052322622 0.140750125 0.986711442
1341848047.015086 0.235103011 -0.128909647 0.581104159 -0.062140122 0.052722942 0.140050828 0.986784995
1341848047.047884 0.233049229 -0.129592657 0.580141246 -0.064855427 0.050980683 0.140141889 0.986688912
1341848047.089866 0.227527782 -0.126068637 0.578924954 -0.061452709 0.052043200 0.137968138 0.987157464
1341848047.114997 0.221465379 -0.123449028 0.578287840 -0.061868623 0.054135725 0.138021991 0.987011373
1341848047.147565 0.218590528 -0.123636641 0.576930642 -0.064042941 0.052793555 0.137722820 0.986987233
1341848047.182713 0.218684971 -0.125588417 0.573091567 -0.067005128 0.048512928 0.136280686 0.987210393
1341848047.214887 0.211367488 -0.122489236 0.572833717 -0.064346112 0.050884157 0.133747384 0.987614334
1341848047.250668 0.210477486 -0.124622956 0.568871260 -0.068847932 0.045942914 0.133502677 0.987586081
1341848047.282779 0.203390062 -0.122201890 0.569869578 -0.066994548 0.046126809 0.133230060 0.987741768
1341848047.314815 0.203158081 -0.123298950 0.565887332 -0.068652689 0.041737270 0.131164640 0.988099515
1341848047.350637 0.195456952 -0.122177884 0.565169036 -0.067261524 0.043643728 0.129596904 0.988319635
1341848047.383038 0.190468490 -0.119751811 0.563877642 -0.063867852 0.040740792 0.130073607 0.988606036
1341848047.414781 0.187400043 -0.119934343 0.561444759 -0.063858941 0.037482783 0.128394842 0.988954902
1341848047.450847 0.185049847 -0.121642783 0.558931470 -0.064058751 0.034268655 0.126484707 0.989304662
1341848047.482648 0.181395948 -0.119154297 0.556440890 -0.060786288 0.031312920 0.126321182 0.989629984
1341848047.518733 0.177867070 -0.120887712 0.553990304 -0.063736968 0.028404400 0.124119952 0.989810586
1341848047.550836 0.174724206 -0.120432511 0.552541435 -0.062617242 0.025843048 0.124259636 0.989934742
1341848047.582955 0.170976833 -0.119199768 0.551695824 -0.060086325 0.024240920 0.122232176 0.990384400
1341848047.618981 0.167659104 -0.118516564 0.550199091 -0.059688315 0.024481213 0.120619960 0.990600228
1341848047.650752 0.159481570 -0.123176068 0.550518155 -0.062581450 0.028364021 0.119812511 0.990416110
1341848047.689728 0.158688754 -0.120348938 0.548237741 -0.058092859 0.022096412 0.118963219 0.990951419
1341848047.719086 0.157191053 -0.119055830 0.545889974 -0.057716586 0.019706337 0.119958527 0.990903795
1341848047.750845 0.154025927 -0.119295835 0.544532835 -0.058432378 0.019218633 0.118377566 0.991061568
1341848047.786695 0.148557931 -0.121219397 0.543501854 -0.060092337 0.020634241 0.118335590 0.990938842
1341848047.818804 0.148020089 -0.120974086 0.541737199 -0.060167868 0.016312569 0.117630661 0.991098762
1341848047.850811 0.142485470 -0.120755725 0.542176068 -0.060701661 0.020210069 0.115624882 0.991230428
1341848047.886853 0.135738373 -0.124545343 0.543650568 -0.063783795 0.024681356 0.113765270 0.991150796
1341848047.918858 0.133264482 -0.121960707 0.542627037 -0.059305191 0.022906348 0.113887757 0.991457403
1341848047.954723 0.131373391 -0.121773466 0.540845513 -0.059538417 0.021160403 0.113685869 0.991505384
1341848047.986771 0.127844021 -0.123787671 0.541077614 -0.061317090 0.023129977 0.113591395 0.991363823
1341848048.018897 0.120323829 -0.123472743 0.541916788 -0.057874043 0.026570676 0.113557369 0.991488457
1341848048.054937 0.120584212 -0.123023421 0.538254797 -0.057352021 0.022026055 0.113380171 0.991650403
1341848048.086776 0.116286948 -0.124329388 0.537835479 -0.059347950 0.025005290 0.112839438 0.991523981
1341848048.118790 0.113047391 -0.125413001 0.537446558 -0.059599154 0.025535654 0.112869732 0.991491973
1341848048.154692 0.108117886 -0.123378113 0.538250148 -0.056098305 0.027025327 0.114835314 0.991430998
1341848048.186720 0.106727019 -0.123088829 0.537989318 -0.056026895 0.028639762 0.114960693 0.991375208
1341848048.222966 0.099983387 -0.126741722 0.538293242 -0.057873126 0.033836812 0.114996009 0.991101265
1341848048.254953 0.098442987 -0.125943884 0.537999868 -0.053087868 0.032828867 0.118663236 0.990970731
1341848048.286640 0.095973492 -0.124612615 0.535662293 -0.050992958 0.034594048 0.117370836 0.991174579
1341848048.322843 0.090291217 -0.127362549 0.535563767 -0.053832725 0.039299618 0.117690727 0.990810990
1341848048.354699 0.089649811 -0.128005177 0.533337355 -0.052247953 0.037742566 0.120388411 0.990632236
1341848048.386709 0.086036049 -0.129134893 0.531163633 -0.051929079 0.040253054 0.117735192 0.990869045
1341848048.422649 0.081480056 -0.131070301 0.530885518 -0.051816329 0.043649379 0.116196796 0.990912735
1341848048.454923 0.077720121 -0.128511950 0.532069385 -0.045965195 0.046235863 0.116313122 0.991070449
1341848048.490668 0.075329192 -0.129506767 0.529500544 -0.046806637 0.046095870 0.116749242 0.990986347
1341848048.522793 0.070441931 -0.131741181 0.530645490 -0.047270440 0.048898034 0.117270947 0.990768373
1341848048.554990 0.068060063 -0.132149592 0.529761672 -0.043269362 0.049462169 0.117700547 0.990872264
1341848048.590630 0.064393841 -0.133132845 0.527440012 -0.040962461 0.050206851 0.117128514 0.991000652
1341848048.622652 0.061483074 -0.131986916 0.527866662 -0.037558306 0.050224181 0.118174411 0.991010427
1341848048.658741 0.058487929 -0.134070843 0.526764572 -0.035176225 0.051905613 0.120445333 0.990737796
1341848048.690791 0.055388566 -0.132502988 0.524573445 -0.029947551 0.051915925 0.120015353 0.990961254
1341848048.722708 0.053178933 -0.133727446 0.524184287 -0.029133864 0.051954538 0.121224754 0.990836263
1341848048.758833 0.051761016 -0.132546619 0.523554265 -0.024513617 0.051574320 0.123183519 0.990739644
1341848048.791156 0.049170770 -0.134119183 0.521610320 -0.023542626 0.052302033 0.122156560 0.990852177
1341848048.822736 0.044783331 -0.135997280 0.521918297 -0.021960169 0.054529034 0.122469075 0.990729868
1341848048.858661 0.042992923 -0.135635868 0.519916415 -0.017923178 0.052907035 0.120753109 0.991109610
1341848048.891041 0.040752847 -0.136786297 0.518613458 -0.016079957 0.052894890 0.119583398 0.991283715
1341848048.926768 0.036106527 -0.139173239 0.518490911 -0.014163047 0.053925827 0.116470046 0.991628051
1341848048.958953 0.032196272 -0.140242457 0.516212642 -0.011535683 0.052983962 0.114268199 0.991968989
1341848048.990810 0.028357394 -0.140747935 0.515442431 -0.007915664 0.053046048 0.113459609 0.992093921
1341848049.026707 0.026722420 -0.143331170 0.514357507 -0.005298069 0.051297467 0.110172965 0.992573619
1341848049.058792 0.024711771 -0.141782507 0.511711061 0.001186179 0.050604556 0.106867656 0.992983937
1341848049.090709 0.020425946 -0.141117632 0.509952843 0.004322442 0.050821051 0.108114153 0.992829204
1341848049.126753 0.016398270 -0.141134262 0.509393394 0.006364574 0.049405456 0.107698172 0.992934883
1341848049.158854 0.016960979 -0.141834334 0.506760120 0.007766480 0.046482027 0.106091879 0.993238986
1341848049.194708 0.011827596 -0.141885400 0.505804539 0.010508258 0.048859783 0.103160366 0.993408382
1341848049.226742 0.007062048 -0.140284374 0.503965139 0.013172612 0.048881840 0.102942348 0.993398190
1341848049.258792 0.004242197 -0.141564205 0.503032088 0.011429515 0.047462206 0.102275178 0.993557513
1341848049.294747 0.002372954 -0.141755551 0.500896275 0.012598242 0.047191177 0.099870600 0.993800879
1341848049.326837 -0.001437571 -0.142083585 0.498472691 0.013226246 0.048730854 0.099486858 0.993756890
1341848049.358802 -0.006170567 -0.139343187 0.497136414 0.015370857 0.049214881 0.100884289 0.993561268
1341848049.394779 -0.009178396 -0.144180760 0.495779186 0.011594819 0.049361266 0.103117608 0.993375957
1341848049.426763 -0.011129096 -0.142140746 0.493521810 0.015750084 0.049454525 0.102744661 0.993352771
1341848049.462746 -0.014334582 -0.138616845 0.490418524 0.018727172 0.050667647 0.105047844 0.992999017
1341848049.494728 -0.020101525 -0.142538771 0.489873439 0.016367229 0.053676389 0.108524472 0.992508650
1341848049.526803 -0.019616820 -0.138406947 0.486887246 0.021234842 0.050394047 0.109679058 0.992461562
1341848049.562799 -0.025623340 -0.137657255 0.484877408 0.020923140 0.054684430 0.109979361 0.992207825
1341848049.594759 -0.031564772 -0.137640104 0.483457923 0.021258596 0.055833373 0.112496935 0.991854370
1341848049.626829 -0.034670901 -0.137781471 0.480917245 0.021032823 0.053984787 0.113572590 0.991838992
1341848049.662690 -0.038234919 -0.136433423 0.478258759 0.021067852 0.054838255 0.111937322 0.991977274
1341848049.695064 -0.043863256 -0.134112060 0.477113754 0.021949422 0.055771947 0.111880437 0.991912544
1341848049.730793 -0.048061334 -0.134638131 0.475367904 0.020372989 0.052418210 0.113391623 0.991957486
1341848049.762702 -0.051439557 -0.132702619 0.471742928 0.019956414 0.048439592 0.110887758 0.992451131
1341848049.794722 -0.056142591 -0.132394567 0.469855368 0.019045716 0.049184803 0.109186441 0.992621005
1341848049.830816 -0.065457225 -0.130524054 0.468965352 0.020418236 0.050456200 0.108127035 0.992645860
1341848049.869834 -0.066708922 -0.129114822 0.465159386 0.018584944 0.044202261 0.108153969 0.992977083
1341848049.898674 -0.070202202 -0.131939620 0.464762598 0.013626507 0.043306775 0.105270632 0.993406713
1341848049.930835 -0.073649153 -0.130332679 0.463254571 0.016649578 0.041954618 0.103833228 0.993569970
1341848049.963022 -0.078113645 -0.126605406 0.459919035 0.019849269 0.039214134 0.102483913 0.993763208
1341848049.998757 -0.082430124 -0.124658279 0.458975792 0.019455569 0.037040338 0.102227256 0.993880808
1341848050.030786 -0.088535011 -0.126586422 0.459323794 0.017474910 0.036595486 0.101682484 0.993989944
1341848050.062661 -0.089485608 -0.126057416 0.456468642 0.018063160 0.031652395 0.098235704 0.994495630
1341848050.098678 -0.093368225 -0.122466922 0.454111248 0.020145964 0.030153012 0.097515844 0.994573057
1341848050.130710 -0.100647293 -0.122501336 0.456295609 0.019413991 0.030285079 0.095256656 0.994802535
1341848050.166738 -0.101173013 -0.121138230 0.453239888 0.019389695 0.025170179 0.091641188 0.995285034
1341848050.198726 -0.106056623 -0.119639039 0.454092443 0.019040830 0.025912743 0.089002855 0.995512187
1341848050.230806 -0.110744767 -0.119548723 0.453421861 0.018832432 0.022932271 0.086136840 0.995841324
1341848050.266732 -0.111362562 -0.119817212 0.451169878 0.017551240 0.017524742 0.084133372 0.996145785
1341848050.298842 -0.115909114 -0.118220702 0.451852024 0.017545452 0.017340662 0.079845414 0.996501982
1341848050.330688 -0.122379065 -0.118648782 0.452799439 0.017865395 0.017235275 0.076605000 0.996752441
1341848050.366746 -0.125982299 -0.115932204 0.451374322 0.019759761 0.014219074 0.075409196 0.996855497
1341848050.398693 -0.127559721 -0.118054673 0.449829489 0.015799183 0.009675890 0.071995571 0.997232854
1341848050.434780 -0.131011024 -0.118191779 0.450193822 0.015324019 0.006888656 0.069898054 0.997412622
1341848050.466655 -0.134085476 -0.117228225 0.449531883 0.016650671 0.003700242 0.067593880 0.997567117
1341848050.498791 -0.136664107 -0.119726874 0.448537052 0.014720637 0.000567562 0.062485911 0.997937143
1341848050.534849 -0.140287608 -0.119343624 0.448769420 0.016170405 -0.000835513 0.059322424 0.998107553
1341848050.566840 -0.144461274 -0.116323926 0.448408484 0.019624654 -0.003222870 0.058277976 0.998102248
1341848050.598790 -0.146859914 -0.115943536 0.447457165 0.019005623 -0.008797276 0.055740319 0.998225629
1341848050.634752 -0.150938109 -0.120879121 0.447460294 0.014823562 -0.010729321 0.052218739 0.998467982
1341848050.666816 -0.154709101 -0.117168710 0.447509319 0.020465713 -0.013122348 0.049930952 0.998456717
1341848050.702846 -0.158001930 -0.118532658 0.444955677 0.019469246 -0.017094530 0.047636032 0.998528719
1341848050.734789 -0.159775332 -0.117861226 0.443949133 0.020167390 -0.022372536 0.047417101 0.998420954
1341848050.766882 -0.163591802 -0.118159078 0.443837821 0.019412866 -0.026794143 0.045945778 0.998395801
1341848050.802875 -0.167369261 -0.119396806 0.443803847 0.019382587 -0.030119482 0.043782562 0.998398840
1341848050.834769 -0.169895887 -0.118897006 0.441966176 0.020869832 -0.034412809 0.041527007 0.998326480
1341848050.870719 -0.173846036 -0.116662703 0.441677928 0.022245834 -0.036983132 0.039431561 0.998289824
1341848050.902725 -0.177737296 -0.120319158 0.442581922 0.019537743 -0.041239601 0.036256906 0.998300076
1341848050.934794 -0.178946406 -0.120990261 0.440778315 0.020409776 -0.045660455 0.032424327 0.998222053
1341848050.970852 -0.184421331 -0.119702041 0.440810978 0.022168087 -0.046394154 0.029537246 0.998240352
1341848051.002763 -0.187783390 -0.120615408 0.440955311 0.022719663 -0.049864687 0.028408069 0.998093367
1341848051.035007 -0.190118641 -0.120180808 0.439266682 0.024037005 -0.053697523 0.026756385 0.997909307
1341848051.070784 -0.194299668 -0.120533593 0.439193726 0.024396211 -0.055534668 0.024897728 0.997848153
1341848051.102734 -0.196129695 -0.121166036 0.438606918 0.025598230 -0.059482340 0.023223666 0.997630835
1341848051.138713 -0.199053317 -0.121474743 0.436489314 0.026138619 -0.061762046 0.021399096 0.997519076
1341848051.170672 -0.201344177 -0.121094212 0.435759366 0.026460808 -0.063921705 0.020950930 0.997384071
1341848051.202839 -0.204889953 -0.121260993 0.436483085 0.027297376 -0.066302039 0.021893445 0.997185826
1341848051.238747 -0.206924289 -0.122372240 0.435945213 0.028419897 -0.069778197 0.020730890 0.996942103
1341848051.270842 -0.209314033 -0.126539245 0.435415953 0.027330657 -0.071485430 0.017059129 0.996921182
1341848051.302718 -0.209558219 -0.125066027 0.434147805 0.032912262 -0.074576996 0.015380929 0.996553302
1341848051.338668 -0.210399866 -0.122588955 0.434389710 0.039195389 -0.078260437 0.015243773 0.996045530
1341848051.370895 -0.211941466 -0.125379890 0.432429314 0.039378814 -0.082494140 0.012123652 0.995739460
1341848051.406688 -0.211888090 -0.124994949 0.431483150 0.041307986 -0.085170798 0.010658148 0.995452702
1341848051.440006 -0.213103145 -0.124268956 0.431075335 0.043961663 -0.088076688 0.008080650 0.995110333
1341848051.470890 -0.214449823 -0.123063013 0.430786133 0.046800163 -0.090915553 0.006010687 0.994740188
1341848051.506718 -0.214409769 -0.121671259 0.428611070 0.048126739 -0.096383952 0.001518545 0.994178891
1341848051.538932 -0.215064824 -0.124749213 0.431115329 0.047289051 -0.101778500 -0.003897857 0.993674815
1341848051.570738 -0.218466491 -0.123877205 0.429468334 0.053208824 -0.102048345 -0.012458022 0.993277311
1341848051.606760 -0.216878265 -0.119544923 0.428989410 0.058723480 -0.109029263 -0.018283524 0.992134035
1341848051.638863 -0.217707515 -0.121771276 0.429710865 0.060363926 -0.116814114 -0.026191182 0.990971565
1341848051.674718 -0.219841585 -0.121254534 0.426559001 0.064970106 -0.118410297 -0.029714778 0.990391314
1341848051.706714 -0.223342150 -0.118378073 0.424898624 0.066246204 -0.121278934 -0.032486767 0.989872515
1341848051.738793 -0.223339200 -0.119692400 0.426111430 0.066072077 -0.129816085 -0.037477605 0.988624156
1341848051.774823 -0.222222462 -0.119612381 0.422590345 0.066904083 -0.134873718 -0.041626111 0.987724781
1341848051.806694 -0.217302293 -0.118447006 0.422419667 0.067968749 -0.144788131 -0.050669681 0.985824168
1341848051.838757 -0.216117680 -0.117387921 0.424503058 0.073955834 -0.149194881 -0.058725346 0.984287977
1341848051.874951 -0.217024818 -0.115932673 0.416915238 0.076182604 -0.147721067 -0.064141348 0.984002352
1341848051.906707 -0.217044979 -0.113830656 0.416632921 0.074025221 -0.150407583 -0.070549577 0.983321190
1341848051.942680 -0.215144455 -0.114613608 0.416040629 0.072079644 -0.155730471 -0.075838640 0.982242823
1341848051.974762 -0.214378983 -0.112004481 0.411351711 0.071308225 -0.154008180 -0.079789132 0.982257783
1341848052.006755 -0.214377463 -0.110143259 0.413829654 0.069170482 -0.152963579 -0.083817907 0.982238352
1341848052.042751 -0.214299336 -0.110180005 0.413254261 0.068986967 -0.151627198 -0.086809509 0.982198596
1341848052.074871 -0.211519003 -0.110844195 0.409716278 0.067539029 -0.150361538 -0.089460649 0.982255936
1341848052.110964 -0.208952457 -0.109554678 0.410762489 0.066084713 -0.146881521 -0.093030393 0.982549727
1341848052.143014 -0.207455590 -0.105779216 0.411694914 0.070419639 -0.145846233 -0.096800022 0.982038558
1341848052.178064 -0.204193980 -0.104127109 0.406223774 0.069848128 -0.144119889 -0.101953074 0.981812716
1341848052.211397 -0.203718886 -0.102369636 0.407817513 0.068518780 -0.140140176 -0.105226129 0.982137144
1341848052.242872 -0.200287148 -0.100963287 0.407009602 0.070268534 -0.139861748 -0.108770788 0.981666923
1341848052.275206 -0.197423697 -0.100203119 0.401806325 0.068079397 -0.136584252 -0.113867283 0.981704712
1341848052.311125 -0.196689874 -0.098817796 0.402418762 0.065240905 -0.134175792 -0.113761619 0.982241690
1341848052.342876 -0.194266230 -0.098276600 0.400820434 0.065894499 -0.132992357 -0.117294528 0.981943429
1341848052.379476 -0.192438170 -0.098812267 0.397406757 0.063924886 -0.128303513 -0.118100338 0.982600689
1341848052.412309 -0.187809259 -0.099942207 0.398404896 0.060312614 -0.128618687 -0.118125699 0.982784808
1341848052.444722 -0.186102569 -0.100774221 0.397435427 0.060028661 -0.128900826 -0.120785579 0.982441843
1341848052.481496 -0.180706680 -0.098006427 0.393590152 0.063288540 -0.127106681 -0.121475905 0.982385874
1341848052.512393 -0.179150790 -0.097880498 0.395343721 0.064069748 -0.124709837 -0.123216860 0.982425630
1341848052.543277 -0.179357797 -0.093822658 0.391008168 0.067822270 -0.121615089 -0.124125548 0.982447326
1341848052.579155 -0.176195309 -0.092769489 0.385296732 0.065593570 -0.118587591 -0.126542300 0.982660413
1341848052.617750 -0.172276765 -0.094975740 0.386978537 0.062402491 -0.117758133 -0.132091612 0.982237637
1341848052.646710 -0.169586241 -0.092810452 0.385391712 0.066488907 -0.116883315 -0.137133688 0.981382668
1341848052.678720 -0.169115961 -0.090813488 0.379949778 0.066984184 -0.112543970 -0.141500831 0.981236219
1341848052.710822 -0.167397469 -0.089257866 0.378487617 0.066306539 -0.109413847 -0.142322421 0.981517375
1341848052.746833 -0.163581789 -0.087542713 0.377688468 0.066106014 -0.111209564 -0.139960721 0.981668711
1341848052.778710 -0.161337942 -0.083468214 0.371096909 0.064725585 -0.109122425 -0.137933001 0.982281744
1341848052.810890 -0.155610964 -0.085991442 0.373737365 0.059441216 -0.108929500 -0.138533518 0.982552588
1341848052.846856 -0.154787451 -0.087396376 0.373217613 0.061044395 -0.104388058 -0.141989172 0.982453942
1341848052.878813 -0.150937557 -0.083634675 0.366633654 0.065005012 -0.099594697 -0.142271653 0.982656598
1341848052.914694 -0.146409869 -0.083420828 0.364927888 0.062105183 -0.096301816 -0.141808286 0.983239174
1341848052.946675 -0.143986672 -0.084364630 0.364855081 0.061023839 -0.094108626 -0.141121209 0.983618081
1341848052.978684 -0.143715858 -0.081376433 0.359033555 0.062213484 -0.087838799 -0.138971090 0.984429181
1341848053.014784 -0.136317253 -0.080422640 0.358669609 0.061739568 -0.084612191 -0.139118612 0.984720767
1341848053.046693 -0.134415060 -0.079116210 0.359160632 0.063627228 -0.080517121 -0.136076003 0.985368907
1341848053.082651 -0.129237473 -0.079171628 0.352385938 0.062195718 -0.078076586 -0.133865669 0.985959291
1341848053.114846 -0.124554902 -0.078932524 0.352234185 0.060671054 -0.072097220 -0.131532073 0.986823380
1341848053.146985 -0.123570979 -0.078391463 0.350995988 0.060985338 -0.065883100 -0.129185662 0.987548113
1341848053.183210 -0.123657033 -0.076147899 0.346979618 0.060591027 -0.060110584 -0.124921456 0.988488793
1341848053.214816 -0.114957899 -0.076272838 0.348871827 0.059663326 -0.060059518 -0.122501805 0.988851070
1341848053.247961 -0.113267004 -0.076339684 0.348103702 0.061972354 -0.054363478 -0.121993192 0.989101470
1341848053.289822 -0.109277353 -0.074455872 0.344817609 0.064250581 -0.051677201 -0.119172737 0.989443839
1341848053.321709 -0.107152693 -0.071444467 0.342917979 0.066054210 -0.047341082 -0.115011014 0.990034401
1341848053.353831 -0.103436813 -0.071625009 0.342051327 0.065711513 -0.043892074 -0.110090055 0.990775287
1341848053.386096 -0.102241933 -0.070411876 0.340882570 0.066595189 -0.039278824 -0.107250869 0.991221189
1341848053.421775 -0.102334782 -0.071872965 0.334146708 0.064167134 -0.032961294 -0.103507660 0.992009223
1341848053.453749 -0.096253119 -0.066484116 0.337007195 0.065770909 -0.029857008 -0.096796773 0.992679775
1341848053.485736 -0.092481457 -0.065644160 0.334555656 0.063724205 -0.028986597 -0.092795767 0.993220985
1341848053.521747 -0.090562046 -0.066651873 0.331761390 0.060832515 -0.025748836 -0.089449763 0.993798316
1341848053.553915 -0.089495599 -0.065430194 0.328658104 0.058456026 -0.018250454 -0.085346855 0.994467556
1341848053.589737 -0.085911542 -0.061670363 0.328885376 0.057814464 -0.014216107 -0.080382682 0.994984448
1341848053.621911 -0.083113462 -0.060428984 0.325768858 0.054641031 -0.011109265 -0.074720196 0.995644450
1341848053.653792 -0.076639660 -0.055090562 0.327254415 0.053569607 -0.008704257 -0.066777058 0.996290803
1341848053.689724 -0.077380106 -0.061881088 0.324158669 0.043854553 0.000007820 -0.061993152 0.997112632
1341848053.721697 -0.077720717 -0.060249470 0.323224902 0.043111652 0.006972997 -0.056448549 0.997449875
1341848053.758007 -0.073681466 -0.058220819 0.320403367 0.041070722 0.012403949 -0.049633447 0.997845590
1341848053.789882 -0.073294282 -0.059503227 0.321272671 0.038085509 0.019513886 -0.045273654 0.998057604
1341848053.821625 -0.075570576 -0.060481615 0.318652779 0.037021488 0.028760163 -0.040114984 0.998094678
1341848053.857784 -0.071785524 -0.059754595 0.317223489 0.036365658 0.033031501 -0.033238571 0.998239279
1341848053.889790 -0.071485050 -0.057677526 0.316163927 0.036545835 0.038514487 -0.025312467 0.998268664
1341848053.925729 -0.072439589 -0.062613979 0.315648407 0.034315534 0.042780265 -0.020042555 0.998293877
1341848053.951067 -0.071405292 -0.060014457 0.311982810 0.038716607 0.046689522 -0.012713759 0.998077869
1341848053.986823 -0.071955629 -0.058762632 0.309678406 0.040136799 0.051287435 -0.007245370 0.997850776
1341848054.019304 -0.075693794 -0.058141030 0.307773381 0.042017881 0.053624861 0.002020647 0.997674704
1341848054.051032 -0.071755663 -0.056316331 0.302812487 0.042179164 0.050403792 0.011943761 0.997766376
1341848054.086777 -0.072579533 -0.056769989 0.299803346 0.039259244 0.052084424 0.018591447 0.997697473
1341848054.118853 -0.075595468 -0.058358364 0.297549486 0.037254840 0.053108133 0.025748614 0.997561336
1341848054.155032 -0.075087674 -0.054375708 0.294931740 0.038458522 0.051632214 0.033022907 0.997378826
1341848054.186687 -0.075876579 -0.056635395 0.291856021 0.034218222 0.051681358 0.035921581 0.997430563
1341848054.219030 -0.078057446 -0.061073586 0.289776921 0.031713318 0.053269695 0.036294222 0.997416317
1341848054.254827 -0.079786688 -0.062624998 0.286116540 0.033756208 0.055420835 0.034951236 0.997280002
1341848054.286801 -0.078710712 -0.055497695 0.281740785 0.038557071 0.055954210 0.034983218 0.997075021
1341848054.322895 -0.082055181 -0.053856838 0.278247774 0.034054149 0.059076406 0.036869884 0.996990919
1341848054.354790 -0.087166108 -0.057002831 0.277325690 0.030213321 0.061918117 0.038758878 0.996870637
1341848054.387103 -0.085618593 -0.054392368 0.273675859 0.029862452 0.061182182 0.038652178 0.996930778
1341848054.422878 -0.086143598 -0.054316889 0.269886434 0.025956176 0.062765829 0.039264716 0.996917784
1341848054.454739 -0.094506472 -0.055193014 0.270448208 0.024659667 0.066644952 0.041800167 0.996595740
1341848054.486883 -0.092181817 -0.054576889 0.265456945 0.024739666 0.061807938 0.043683518 0.996824682
1341848054.522689 -0.090989254 -0.056898735 0.261768252 0.021487797 0.061650500 0.044456255 0.996875703
1341848054.554861 -0.093639195 -0.058440983 0.261749089 0.022369465 0.065415800 0.046025187 0.996545076
1341848054.590790 -0.093226910 -0.056795333 0.257477880 0.025120456 0.066002853 0.048694417 0.996313930
1341848054.622694 -0.093137242 -0.053973399 0.253454953 0.025659243 0.065741122 0.050123807 0.996246576
1341848054.656449 -0.093873620 -0.056337342 0.251150429 0.023786314 0.066986568 0.052033555 0.996112227
1341848054.691021 -0.094518065 -0.055146210 0.247892290 0.024492370 0.071486637 0.054815128 0.995633006
1341848054.722739 -0.093205228 -0.058198567 0.245640218 0.023499107 0.074054047 0.053195201 0.995557129
1341848054.754741 -0.094426975 -0.057903454 0.244124576 0.025830291 0.077514671 0.054475836 0.995166659
1341848054.790887 -0.095026635 -0.058349263 0.241395980 0.027848814 0.080024675 0.057107784 0.994765878
1341848054.822877 -0.092919633 -0.054879189 0.236938566 0.030390659 0.081540771 0.061957564 0.994278014
1341848054.858903 -0.094470426 -0.055302091 0.235614792 0.030490831 0.084817208 0.068346120 0.993582010
1341848054.890895 -0.094041668 -0.056083996 0.233355120 0.032527823 0.085726157 0.071908601 0.993187845
1341848054.922754 -0.092148550 -0.054802697 0.228018358 0.034669910 0.087878637 0.076092035 0.992615402
1341848054.958727 -0.094398804 -0.050349891 0.226354584 0.037708588 0.091813564 0.080862671 0.991770923
1341848054.991052 -0.095862016 -0.054447625 0.222960085 0.037060536 0.092856310 0.081751302 0.991625428
1341848055.023048 -0.094640464 -0.052258700 0.218692705 0.040889747 0.094201595 0.082839027 0.991257668
1341848055.058739 -0.096562579 -0.050588928 0.215908736 0.042840797 0.099116072 0.085208893 0.990494907
1341848055.090735 -0.098169520 -0.050836459 0.212164894 0.044835731 0.099980049 0.088624850 0.990019858
1341848055.126977 -0.097921282 -0.043703511 0.207661241 0.050250806 0.099069342 0.092295259 0.989515901
1341848055.159212 -0.098739386 -0.043803640 0.202975154 0.049271975 0.102020994 0.094082355 0.989096820
1341848055.190986 -0.101084694 -0.044795662 0.199697554 0.050495293 0.105684750 0.096106239 0.988455653
1341848055.226768 -0.105912849 -0.041513152 0.195185885 0.054592568 0.107696369 0.098293312 0.987805426
1341848055.258881 -0.106146887 -0.036887232 0.189715385 0.055660129 0.106470086 0.099992938 0.987708211
1341848055.294725 -0.109530494 -0.035094321 0.185966685 0.055704754 0.107875861 0.102305189 0.987316251
1341848055.326795 -0.113003269 -0.034534402 0.180882961 0.056684084 0.108584471 0.103946127 0.987011433
1341848055.358938 -0.112042405 -0.031327881 0.174582988 0.057548899 0.107098155 0.103243180 0.987197518
1341848055.394711 -0.112843804 -0.029232506 0.168740481 0.056753665 0.108862236 0.102305807 0.987148166
1341848055.426823 -0.117018074 -0.029931128 0.165121004 0.055384260 0.112732954 0.101417013 0.986883223
1341848055.458813 -0.121795192 -0.025345301 0.162221834 0.057827670 0.115538701 0.102336131 0.986323535
1341848055.494734 -0.122538015 -0.023369653 0.156426504 0.056589853 0.116625905 0.103524826 0.986143291
1341848055.526713 -0.127068624 -0.023406578 0.153775096 0.055202182 0.120424166 0.103417911 0.985776603
1341848055.562613 -0.129642904 -0.022660535 0.149333894 0.056114744 0.122959360 0.104030199 0.985347569
1341848055.594685 -0.128895774 -0.018114364 0.143970251 0.057178535 0.124136843 0.104261860 0.985114276
1341848055.626675 -0.135922059 -0.017773863 0.142528996 0.055723052 0.129744232 0.105735414 0.984317720
1341848055.662951 -0.138158858 -0.015895348 0.140214980 0.056066699 0.130313203 0.107290007 0.984054804
1341848055.694797 -0.133596987 -0.011177039 0.133083671 0.056633588 0.129403502 0.107012741 0.984172583
1341848055.726774 -0.139526159 -0.007106616 0.129658371 0.054430146 0.138174549 0.109956197 0.982779145
1341848055.762799 -0.147484541 -0.013312628 0.132163182 0.050427686 0.144573197 0.112643279 0.981767356
1341848055.794951 -0.147330537 -0.010013722 0.128024369 0.053261079 0.143911347 0.116081439 0.981314361
1341848055.830810 -0.143949687 -0.011150317 0.123275816 0.051532269 0.144894704 0.119396560 0.980864108
1341848055.862804 -0.151631385 -0.011032410 0.124326319 0.053835280 0.151697919 0.122993745 0.979266047
1341848055.894792 -0.152481705 -0.008835443 0.122007757 0.056907427 0.152919620 0.125440150 0.978591800
1341848055.930676 -0.155197695 -0.006939303 0.119558096 0.058379702 0.155273929 0.126253068 0.978029609
1341848055.962765 -0.160301134 -0.005988284 0.119924113 0.059819870 0.157937795 0.128405735 0.977235496
1341848055.994709 -0.165741593 -0.004362710 0.117505655 0.060240984 0.159477100 0.131367981 0.976565659
1341848056.030693 -0.166485950 -0.003641277 0.116676442 0.058249649 0.159216568 0.133054554 0.976500690
1341848056.062776 -0.174048066 -0.004947662 0.118104577 0.057996538 0.161740839 0.134914443 0.975845456
1341848056.098792 -0.175271213 -0.002599146 0.115910448 0.059101306 0.160823807 0.136449903 0.975717306
1341848056.130649 -0.181788430 -0.005559875 0.117339596 0.057748716 0.164001986 0.136989012 0.975193560
1341848056.162731 -0.190076858 -0.005372107 0.119542561 0.059584249 0.166363761 0.137351826 0.974631906
1341848056.198744 -0.192831933 -0.004637223 0.116663076 0.060366131 0.163113594 0.138469517 0.974974871
1341848056.230727 -0.195979357 -0.004349885 0.116265759 0.059726398 0.160754278 0.140287027 0.975146353
1341848056.263915 -0.203882575 -0.004872805 0.117726043 0.059551768 0.160184935 0.139581412 0.975351930
1341848056.298771 -0.209612995 -0.002803184 0.116617717 0.061239123 0.158417255 0.139568985 0.975537956
1341848056.330676 -0.214595273 -0.003372933 0.117599964 0.060072612 0.158292621 0.141220003 0.975393057
1341848056.366737 -0.224011302 -0.001404361 0.118508801 0.060890231 0.158557996 0.142023012 0.975182652
1341848056.398744 -0.231339678 -0.002229833 0.117423944 0.060850494 0.154963344 0.144294977 0.975429416
1341848056.430750 -0.236377850 0.000291967 0.116291597 0.057584662 0.151063576 0.149050817 0.975524306
1341848056.466830 -0.245094955 -0.002733459 0.120827615 0.049975444 0.149971679 0.156228215 0.974989116
1341848056.498895 -0.253674626 -0.005483066 0.121610671 0.045612305 0.147772089 0.157445386 0.975342929
1341848056.534778 -0.257004350 -0.006148581 0.117865652 0.042306315 0.144705907 0.156723842 0.976067603
1341848056.566729 -0.265072525 -0.003756041 0.121706009 0.041756231 0.145804256 0.157233387 0.975845873
1341848056.598948 -0.274436623 -0.008415838 0.122546844 0.038989156 0.146128967 0.159624353 0.975523591
1341848056.634801 -0.278794467 -0.008954349 0.119920254 0.035936303 0.139931262 0.160563469 0.976395011
1341848056.666759 -0.284781367 -0.010254683 0.123026609 0.033028211 0.137027055 0.163444519 0.976431608
1341848056.698889 -0.290509999 -0.007849130 0.124657094 0.034993511 0.135090098 0.163579598 0.976610422
1341848056.734784 -0.298468590 -0.010969625 0.125696436 0.032133285 0.134533808 0.161323071 0.977160692
1341848056.766724 -0.302245528 -0.010002288 0.124304838 0.032462180 0.130707309 0.160953924 0.977729857
1341848056.802861 -0.302896053 -0.005492703 0.121842980 0.033003416 0.125964940 0.159450904 0.978580117
1341848056.834980 -0.309838355 -0.012630721 0.123685390 0.027164981 0.126312330 0.155292749 0.979383171
1341848056.866661 -0.315758526 -0.012858749 0.126302600 0.028734235 0.125448808 0.156076863 0.979324758
1341848056.902748 -0.318550944 -0.012115242 0.124421105 0.029375657 0.125122502 0.155654982 0.979414582
1341848056.934715 -0.321534634 -0.011415692 0.123764172 0.027553480 0.126713201 0.153273046 0.979638696
1341848056.966788 -0.327311069 -0.014798806 0.126038596 0.026539830 0.128988013 0.153090060 0.979398370
1341848057.002703 -0.329544693 -0.011720522 0.124164909 0.027459053 0.128284976 0.153706178 0.979368865
1341848057.034763 -0.333209604 -0.012043223 0.124194637 0.024092933 0.131185830 0.153037563 0.979177892
1341848057.070964 -0.338867933 -0.015565765 0.127528891 0.021968151 0.134201929 0.151876777 0.978999853
1341848057.102757 -0.343634784 -0.015035107 0.126543969 0.022091618 0.134430394 0.150289968 0.979210556
1341848057.134714 -0.345973849 -0.013007053 0.124276631 0.019817289 0.134914145 0.150686920 0.979131699
1341848057.170739 -0.351910323 -0.016487598 0.129693985 0.016262053 0.137221932 0.150689349 0.978876114
1341848057.202641 -0.355899006 -0.017449439 0.130393192 0.015481302 0.137897879 0.146987811 0.979356468
1341848057.234679 -0.359988064 -0.015887009 0.128119931 0.013513751 0.139578044 0.146013498 0.979293346
1341848057.270814 -0.367560655 -0.013311801 0.130394310 0.011668699 0.141985923 0.146945044 0.978831470
1341848057.302860 -0.371977031 -0.014650142 0.130676702 0.008780033 0.141279474 0.146656439 0.979007125
1341848057.338756 -0.377220094 -0.013409130 0.128933594 0.006575213 0.142954111 0.146215066 0.978847325
1341848057.370841 -0.379829586 -0.013876769 0.129727066 0.002360221 0.144514427 0.147100151 0.978504777
1341848057.402722 -0.387833506 -0.014262631 0.131847218 0.000999220 0.146391183 0.148066700 0.978082240
1341848057.438870 -0.392108798 -0.012462724 0.129349709 0.000507349 0.147877917 0.148898289 0.977732658
1341848057.470699 -0.396885186 -0.012848221 0.130080551 -0.002523436 0.151999310 0.151307598 0.976727128
1341848057.506720 -0.407315493 -0.012304479 0.136863261 -0.001423783 0.156902418 0.155021101 0.975370705
1341848057.538788 -0.413000017 -0.012218163 0.133760646 -0.002679401 0.156181946 0.156997129 0.975167632
1341848057.571069 -0.419829637 -0.012882829 0.133287743 -0.006600308 0.159160957 0.160145655 0.974154770
1341848057.606668 -0.425415099 -0.012623223 0.135215595 -0.009693162 0.162592843 0.164032534 0.972914636
1341848057.638819 -0.431925565 -0.014661098 0.134478658 -0.011998512 0.166438326 0.166781098 0.971770763
1341848057.670943 -0.431068659 -0.012824709 0.127121493 -0.014320433 0.166510448 0.169051439 0.971334577
1341848057.706823 -0.438645452 -0.013112906 0.131003454 -0.014835509 0.172596544 0.173196644 0.969532490
1341848057.738890 -0.444105417 -0.012140158 0.130140245 -0.014077834 0.174214125 0.174722865 0.968980491
1341848057.774986 -0.450565189 -0.012451891 0.129040778 -0.015196442 0.176591888 0.177078351 0.968105197
1341848057.806842 -0.461206436 -0.013826851 0.137981877 -0.014896633 0.183814511 0.183087453 0.965644479
1341848057.838760 -0.467250079 -0.014755229 0.140948057 -0.012539586 0.184850752 0.188616574 0.964415252
1341848057.874817 -0.471083045 -0.015506620 0.137490630 -0.012204426 0.184449077 0.190003425 0.964224160
1341848057.906831 -0.476834446 -0.017401394 0.136520833 -0.013072281 0.185949430 0.190027356 0.963919878
1341848057.938847 -0.485981226 -0.013857307 0.138672620 -0.010940143 0.186808690 0.192149490 0.963359416
1341848057.975316 -0.491853386 -0.017378347 0.141079664 -0.013880838 0.186394766 0.194184393 0.962993622
1341848058.006833 -0.498873293 -0.019129405 0.143590108 -0.013764480 0.186351731 0.194714025 0.962896705
1341848058.042753 -0.501029372 -0.015631830 0.141577780 -0.008911015 0.181171969 0.192715511 0.964343309
1341848058.075970 -0.508053124 -0.019180790 0.143021420 -0.008542731 0.180549204 0.192751542 0.964456260
1341848058.106790 -0.513441443 -0.022751218 0.144289017 -0.009768407 0.178239569 0.191742539 0.965075135
1341848058.142699 -0.521919668 -0.025075341 0.148426965 -0.006980678 0.177249581 0.190682486 0.965491593
1341848058.174743 -0.527976036 -0.024589639 0.147927687 -0.004242461 0.173974901 0.188956395 0.966442049
1341848058.207081 -0.533572853 -0.027221369 0.149102449 -0.004976615 0.172917277 0.186816394 0.967044175
1341848058.242740 -0.537430584 -0.026901728 0.153320551 -0.003023735 0.169889405 0.183608651 0.968202651
1341848058.274694 -0.543191731 -0.030674431 0.154011950 -0.002340246 0.169206023 0.182801709 0.968476832
1341848058.310701 -0.547552526 -0.029108340 0.152884007 0.002341618 0.169644058 0.180339962 0.968861639
1341848058.343169 -0.549699664 -0.031172264 0.150598019 0.004217364 0.167275533 0.175716445 0.970115900
1341848058.374887 -0.556434393 -0.030520028 0.149868995 0.005762052 0.167545348 0.177250490 0.969782233
1341848058.410669 -0.558800995 -0.033042882 0.152894706 0.003869239 0.166886374 0.179128140 0.969560266
1341848058.442794 -0.565884769 -0.032108109 0.159367442 0.005408786 0.168211147 0.182454497 0.968703330
1341848058.474732 -0.568018198 -0.037398491 0.162351578 0.004863355 0.168980345 0.184893072 0.968109787
1341848058.510788 -0.571389079 -0.038577024 0.163106814 0.007174143 0.171889886 0.187156364 0.967147827
1341848058.542970 -0.578085780 -0.038585652 0.165407509 0.009985186 0.174443841 0.190712079 0.965970278
1341848058.578948 -0.578473210 -0.037850183 0.165707633 0.011555276 0.172618911 0.194679826 0.965488970
1341848058.610842 -0.579525232 -0.040110350 0.167859495 0.010715629 0.175088778 0.197973207 0.964383602
1341848058.643060 -0.584731758 -0.041373245 0.171272069 0.010653663 0.178549483 0.198011354 0.963741720
1341848058.678730 -0.587827146 -0.045819093 0.178075433 0.011401869 0.180464432 0.199143276 0.963143051
1341848058.710728 -0.586936057 -0.048818715 0.174538553 0.012748403 0.183200896 0.197198436 0.963009715
1341848058.746819 -0.593509316 -0.043768708 0.176777557 0.014943777 0.189506441 0.193855047 0.962436557
1341848058.778710 -0.598883152 -0.041110035 0.177863255 0.016411921 0.188358665 0.197281882 0.961941540
1341848058.810874 -0.599609911 -0.046186306 0.181057423 0.013823713 0.186462030 0.201493308 0.961478651
1341848058.846829 -0.598709822 -0.045913819 0.182088107 0.012503926 0.187412411 0.202577621 0.961084068
1341848058.879577 -0.602403939 -0.048702240 0.186799973 0.012415616 0.191935882 0.204665229 0.959749222
1341848058.910866 -0.604811072 -0.048068322 0.187130570 0.013938641 0.192622319 0.207142457 0.959059060
1341848058.946807 -0.605619848 -0.052649088 0.188920587 0.011794535 0.194362834 0.209699422 0.958180606
1341848058.978865 -0.606867194 -0.054415978 0.191894218 0.012735992 0.197650239 0.211234316 0.957158446
1341848059.014660 -0.608967245 -0.051583081 0.192518115 0.017924985 0.199019656 0.211537823 0.956724405
1341848059.046707 -0.610633552 -0.053063773 0.191709667 0.018266844 0.201365665 0.211801380 0.956168592
1341848059.078771 -0.610446572 -0.057421960 0.193734691 0.016149402 0.204969436 0.211894289 0.955420077
1341848059.114675 -0.611579657 -0.055524550 0.195395365 0.018000271 0.209287375 0.210717216 0.954711020
1341848059.146706 -0.613536179 -0.055760667 0.195956916 0.017375892 0.212414637 0.210377917 0.954106510
1341848059.178722 -0.613990605 -0.056901958 0.197783113 0.017018631 0.214992419 0.210371405 0.953536868
1341848059.214738 -0.612516761 -0.056222692 0.197886050 0.017340647 0.217926234 0.209817901 0.952986836
1341848059.246762 -0.613795161 -0.055802952 0.198832572 0.019659556 0.223659635 0.209943831 0.951584697
1341848059.282693 -0.614208102 -0.056855533 0.199873015 0.021011367 0.226769477 0.211018264 0.950581610
1341848059.314667 -0.613137186 -0.055126417 0.197271645 0.024434498 0.228668436 0.212953582 0.949612796
1341848059.346758 -0.613808572 -0.054610614 0.196854949 0.024869107 0.231343955 0.214558423 0.948591709
1341848059.382694 -0.614458084 -0.058119927 0.199354723 0.024308681 0.233679503 0.216954499 0.947488129
1341848059.414736 -0.612189054 -0.058715649 0.197150946 0.026247228 0.235466182 0.217971310 0.946760416
1341848059.446788 -0.613869727 -0.056267578 0.196296185 0.027429698 0.240188420 0.216398880 0.945900977
1341848059.482693 -0.615169883 -0.053293888 0.197425395 0.029215610 0.244006008 0.217136577 0.944700599
1341848059.514652 -0.616158485 -0.052455697 0.197295129 0.031149318 0.245410532 0.219761938 0.943667352
1341848059.550754 -0.614359140 -0.056709360 0.195630610 0.028456343 0.246484160 0.219784707 0.943467259
1341848059.582695 -0.615232050 -0.054881524 0.197858453 0.030636718 0.250690758 0.220191360 0.942194939
1341848059.614734 -0.616923749 -0.053504266 0.197625548 0.034513839 0.251387060 0.221334293 0.941607416
1341848059.650722 -0.617935896 -0.054301139 0.195488811 0.036193993 0.250199646 0.222973138 0.941473901
1341848059.682731 -0.617328823 -0.054781180 0.193780750 0.034974303 0.251062900 0.220830530 0.941795111
1341848059.718703 -0.619308412 -0.055030700 0.197773069 0.035193499 0.255107939 0.220467895 0.940784395
1341848059.750904 -0.620334923 -0.053336181 0.197560921 0.038930587 0.254776925 0.220150948 0.940801084
1341848059.782774 -0.620997548 -0.053586394 0.194187343 0.038860217 0.254526198 0.218981609 0.941144705
1341848059.818759 -0.621313632 -0.053921089 0.195710719 0.036511928 0.257510394 0.218561098 0.940524518
1341848059.850685 -0.622654974 -0.058940414 0.198555708 0.036678709 0.260424852 0.218204185 0.939798117
1341848059.882730 -0.624931276 -0.056466106 0.197507247 0.040903863 0.260504395 0.215786979 0.940159738
1341848059.918755 -0.625311613 -0.055526547 0.196114853 0.042581398 0.259378344 0.214910895 0.940597177
1341848059.950805 -0.626557171 -0.056903124 0.196644992 0.043364488 0.259869814 0.215526745 0.940284789
1341848059.986776 -0.626560986 -0.056871451 0.196982771 0.046246596 0.259222925 0.216095075 0.940195560
1341848060.018660 -0.626659632 -0.058166683 0.195909694 0.047547534 0.259627789 0.212724477 0.940787435
1341848060.050701 -0.626606405 -0.057925493 0.196869493 0.051152553 0.262809038 0.210396692 0.940238297
1341848060.086783 -0.628904283 -0.056991931 0.195340157 0.055768687 0.262630969 0.208086461 0.940539658
1341848060.118813 -0.629376948 -0.056214232 0.193402097 0.058682594 0.260069191 0.205397159 0.941664696
1341848060.150800 -0.629070342 -0.056330238 0.190280363 0.057043619 0.262136757 0.202791542 0.941756845
1341848060.186872 -0.630720437 -0.055581108 0.194782689 0.058728453 0.264862031 0.202287197 0.940998912
1341848060.218851 -0.629538059 -0.057389840 0.193433136 0.060847122 0.263880044 0.199049830 0.941830158
1341848060.254799 -0.628829539 -0.052289560 0.189290389 0.061177161 0.265677840 0.195929110 0.941957772
1341848060.287466 -0.628963351 -0.052998774 0.193167582 0.059441797 0.268478811 0.196313545 0.941194355
1341848060.318914 -0.628197491 -0.054202281 0.194154590 0.061431102 0.268052608 0.194870234 0.941487968
1341848060.354641 -0.626717508 -0.049688060 0.188121453 0.061487071 0.267049074 0.191528723 0.942454696
1341848060.387254 -0.625526190 -0.051158365 0.190780208 0.058983386 0.270565063 0.189922199 0.941936851
1341848060.418639 -0.625759423 -0.051014822 0.191456154 0.061106119 0.270393372 0.188171059 0.942202270
1341848060.454775 -0.623470128 -0.049136579 0.188355267 0.062004041 0.268812001 0.185206383 0.943183005
1341848060.486697 -0.622399688 -0.049050253 0.188996404 0.060796771 0.272101879 0.182070240 0.942928851
1341848060.522925 -0.622151792 -0.049669705 0.192104056 0.062988274 0.273729473 0.179902628 0.942729950
1341848060.554710 -0.620470047 -0.048681356 0.188750416 0.066290334 0.273193181 0.177032024 0.943202436
1341848060.586692 -0.619042993 -0.046673000 0.186721087 0.064743027 0.276015997 0.174144715 0.943025529
1341848060.622697 -0.618141890 -0.046947040 0.189201877 0.065737940 0.277621329 0.174738228 0.942375481
1341848060.656087 -0.617719173 -0.045372631 0.187369987 0.069172114 0.276342750 0.173635900 0.942709148
1341848060.687258 -0.615433276 -0.044412285 0.185331240 0.068077430 0.276637673 0.172507539 0.942909479
1341848060.723165 -0.614756584 -0.045541760 0.186946467 0.068140872 0.278020918 0.173367456 0.942340136
1341848060.757863 -0.615365505 -0.045250524 0.188333258 0.071314134 0.276210546 0.173270375 0.942655504
1341848060.790920 -0.613210559 -0.045159765 0.185760468 0.071716316 0.272636950 0.173752457 0.943576157
1341848060.823967 -0.612018108 -0.045480583 0.186535075 0.072825089 0.270774305 0.173531651 0.944068134
1341848060.862432 -0.611189842 -0.044847127 0.187034011 0.075947091 0.267998099 0.172995046 0.944712520
1341848060.895671 -0.610273898 -0.043870103 0.186223567 0.077373654 0.265789598 0.173304692 0.945163846
1341848060.923126 -0.609539032 -0.045406431 0.188577279 0.078247450 0.264452308 0.173887923 0.945359886
1341848060.960845 -0.605939031 -0.045893986 0.186976239 0.079708681 0.261209488 0.173220158 0.946261585
1341848060.996857 -0.603322268 -0.045299284 0.186797947 0.081008956 0.259035349 0.173877135 0.946628213
1341848061.030587 -0.600955129 -0.046772495 0.186965346 0.081771538 0.256970644 0.174200490 0.947065830
1341848061.062246 -0.598260999 -0.047315747 0.186708182 0.081870213 0.255830795 0.173211858 0.947547138
1341848061.100583 -0.594452441 -0.050204027 0.187538385 0.081883833 0.255995184 0.172556847 0.947621047
1341848061.129837 -0.591489255 -0.050861813 0.188320488 0.085607223 0.256265342 0.171286583 0.947449446
1341848061.197947 -0.585370779 -0.055645961 0.187785909 0.089082345 0.256648123 0.170622528 0.947145224
1341848061.226804 -0.581571102 -0.056457214 0.185595870 0.093636453 0.255636752 0.170413941 0.947017014
1341848061.259408 -0.579674780 -0.055643491 0.183935493 0.095826559 0.255323499 0.169969335 0.946962297
1341848061.290885 -0.576932430 -0.058380533 0.185401618 0.097438917 0.255524606 0.170796439 0.946594656
1341848061.326612 -0.574289858 -0.058282733 0.182816043 0.100857213 0.255371928 0.171398878 0.946168780
1341848061.358867 -0.571821213 -0.058985122 0.183029458 0.101737134 0.256174207 0.170865119 0.945954263
1341848061.390845 -0.570777357 -0.060401823 0.183984309 0.103363849 0.257259548 0.172479004 0.945190191
1341848061.426913 -0.567752957 -0.058705591 0.181056708 0.105280370 0.255930811 0.173932865 0.945072889
1341848061.458837 -0.565932035 -0.059685167 0.181524411 0.104472809 0.257211804 0.174942344 0.944628358
1341848061.494657 -0.564122915 -0.060994200 0.181951076 0.105406314 0.258269519 0.174360409 0.944343567
1341848061.526736 -0.563483477 -0.060833424 0.181284785 0.106695227 0.258722514 0.173318923 0.944266558
1341848061.558821 -0.561446846 -0.057809856 0.179718405 0.106902577 0.258315325 0.174780622 0.944085121
1341848061.594750 -0.559686959 -0.059662286 0.181242347 0.105802752 0.259920508 0.175486222 0.943637431
1341848061.626731 -0.559047759 -0.059794139 0.181565046 0.107672565 0.260643750 0.174808756 0.943352163
1341848061.658831 -0.556861818 -0.056889437 0.178493261 0.107374400 0.260925472 0.174256757 0.943410397
1341848061.694894 -0.556663394 -0.059192307 0.181992456 0.105875820 0.264195979 0.175296813 0.942476392
1341848061.726726 -0.555626273 -0.059105091 0.181615621 0.107504576 0.263552547 0.175456837 0.942442417
1341848061.762815 -0.552846432 -0.058141518 0.180072576 0.106038116 0.263910830 0.173620746 0.942848206
1341848061.794816 -0.553055525 -0.060288504 0.182477802 0.104648732 0.266470164 0.173717275 0.942265689
1341848061.826740 -0.553026438 -0.059613105 0.181729883 0.105699494 0.266122520 0.174199566 0.942157567
1341848061.862883 -0.551598966 -0.057758324 0.180482864 0.104885459 0.265370786 0.173610538 0.942569196
1341848061.894834 -0.550404668 -0.059410706 0.183089361 0.102570049 0.266360819 0.172770664 0.942699075
1341848061.930667 -0.549970329 -0.059047628 0.183565065 0.103332818 0.266120851 0.171653330 0.942887604
1341848061.962828 -0.549497426 -0.058450513 0.182769239 0.102276176 0.265510559 0.171071067 0.943280637
1341848061.997188 -0.549687684 -0.058645729 0.184931993 0.101042934 0.264989436 0.171023026 0.943568766
1341848062.030704 -0.547917485 -0.059051231 0.185697675 0.099871211 0.263280898 0.169364750 0.944470465
1341848062.063265 -0.546411872 -0.057683606 0.186372280 0.099168144 0.262678504 0.167314664 0.945077479
1341848062.094872 -0.545469403 -0.058543924 0.187565446 0.097613931 0.260770440 0.166735068 0.945869803
1341848062.130773 -0.544120729 -0.060165457 0.189049676 0.095696256 0.258943707 0.166144207 0.946671247
1341848062.163385 -0.543711483 -0.061532609 0.191949069 0.094642796 0.258244753 0.162880257 0.947534859
1341848062.198718 -0.541799426 -0.061648849 0.191881746 0.094313353 0.256844640 0.158603266 0.948673189
1341848062.230750 -0.541321397 -0.060390417 0.192420259 0.094287984 0.255161226 0.157281652 0.949349761
1341848062.262814 -0.540314019 -0.059669625 0.193417132 0.092667930 0.251687616 0.157431856 0.950411081
1341848062.299276 -0.539016187 -0.060660597 0.194552183 0.090724215 0.249151111 0.156628042 0.951399207
1341848062.330839 -0.537043750 -0.062108163 0.194908589 0.088990860 0.247845724 0.154740348 0.952212453
1341848062.362763 -0.537659287 -0.061604403 0.197740346 0.090138346 0.247479349 0.153504148 0.952399850
1341848062.398825 -0.535918891 -0.061532803 0.196127549 0.090635620 0.243740276 0.153432786 0.953327954
1341848062.430832 -0.535176814 -0.061488438 0.196571350 0.090221740 0.242174715 0.155586436 0.953417122
1341848062.466855 -0.534141660 -0.060896426 0.197235212 0.090549946 0.239305615 0.157455325 0.953803599
1341848062.498723 -0.532197833 -0.062182702 0.197209850 0.090512678 0.236292824 0.159726501 0.954180598
1341848062.530743 -0.530218840 -0.060923804 0.194473982 0.090807140 0.233862311 0.159996837 0.954705954
1341848062.566929 -0.528698266 -0.060379945 0.195499346 0.089595959 0.233764455 0.160047829 0.954835832
1341848062.598817 -0.529358208 -0.059286285 0.197920382 0.091404587 0.232274443 0.162650824 0.954588115
1341848062.630793 -0.525769472 -0.058673404 0.194381371 0.091013871 0.227036208 0.165508658 0.955394089
1341848062.666740 -0.523132861 -0.059697792 0.194951117 0.089288540 0.226285204 0.166022733 0.955645859
1341848062.698720 -0.521079421 -0.060934890 0.196446434 0.090765484 0.226176798 0.165390700 0.955641985
1341848062.734924 -0.519404829 -0.058183603 0.193934679 0.093014725 0.224170148 0.165363163 0.955903292
1341848062.766819 -0.516444623 -0.057269849 0.192267835 0.090999715 0.222731829 0.166616231 0.956215799
1341848062.798717 -0.514554322 -0.059299622 0.193969727 0.090994112 0.221948698 0.166810811 0.956364453
1341848062.834828 -0.512058139 -0.056778379 0.192319781 0.092563137 0.218469918 0.165551707 0.957233310
1341848062.866781 -0.508777380 -0.056214914 0.191099510 0.090134375 0.217054233 0.164392784 0.957986593
1341848062.899075 -0.507262111 -0.056480601 0.192813069 0.089675590 0.216120452 0.162623733 0.958542526
1341848062.934962 -0.504658759 -0.057869721 0.190658405 0.089360587 0.213022664 0.157535464 0.960113883
1341848062.966930 -0.500986755 -0.054761767 0.188252673 0.088193923 0.212086409 0.153218925 0.961127043
1341848063.002905 -0.499798357 -0.054690506 0.191287234 0.087235801 0.212305099 0.152886838 0.961219072
1341848063.034972 -0.496362716 -0.055073734 0.189241379 0.087967366 0.207229704 0.152249634 0.962360442
1341848063.066737 -0.491410881 -0.054925334 0.187577501 0.087101661 0.204358041 0.151013508 0.963247597
1341848063.102822 -0.487814367 -0.056330241 0.187802106 0.087412760 0.203375921 0.149377733 0.963682234
1341848063.135045 -0.485461622 -0.053243276 0.185573578 0.089699142 0.200243965 0.148907885 0.964200616
1341848063.170739 -0.481810778 -0.052503873 0.184348151 0.088962220 0.196460739 0.149382979 0.964973330
1341848063.202662 -0.477694124 -0.053891756 0.184722006 0.088159256 0.194647253 0.148618206 0.965532482
1341848063.234990 -0.473993540 -0.053919766 0.182942003 0.088642925 0.193162024 0.144893512 0.966352284
1341848063.270800 -0.470293880 -0.052599076 0.182673559 0.088444486 0.193178415 0.142067149 0.966786683
1341848063.302788 -0.467606515 -0.051137492 0.181881890 0.088069655 0.192814603 0.140008077 0.967193902
1341848063.334854 -0.465189278 -0.051492985 0.181807861 0.086887114 0.190383047 0.137087554 0.968200326
1341848063.370653 -0.460048348 -0.050507523 0.179461077 0.084628910 0.188903749 0.135544568 0.968907118
1341848063.402698 -0.458161533 -0.050486851 0.181006625 0.082390204 0.190969527 0.132559910 0.969107985
1341848063.439276 -0.455744147 -0.049531668 0.181975216 0.081435025 0.190616503 0.129977092 0.969607949
1341848063.470742 -0.452568918 -0.046647407 0.179035753 0.080737539 0.189837977 0.128874272 0.969966173
1341848063.502776 -0.449375004 -0.046729021 0.181306779 0.075693198 0.191939592 0.127883777 0.970090449
1341848063.541802 -0.446378052 -0.049814384 0.184261873 0.074998632 0.191375867 0.128829837 0.970130563
1341848063.577805 -0.443841040 -0.046028774 0.180643827 0.076723583 0.189743310 0.130893752 0.970040083
1341848063.609732 -0.440989316 -0.045490567 0.183851466 0.073219597 0.190304726 0.132266834 0.970014691
1341848063.643039 -0.438169509 -0.047430646 0.186401352 0.072532922 0.188758388 0.133404389 0.970212638
1341848063.677955 -0.435876042 -0.043542814 0.183859840 0.072581299 0.186101854 0.134171546 0.970616341
1341848063.709890 -0.432762891 -0.044299129 0.186409339 0.066989087 0.184425041 0.134846017 0.971244752
1341848063.745768 -0.429783285 -0.045346443 0.189684525 0.065360993 0.181639045 0.135284632 0.971819580
1341848063.777773 -0.426201582 -0.044146601 0.188474640 0.065018199 0.179274172 0.132629558 0.972647309
1341848063.809840 -0.423584074 -0.043675624 0.192044124 0.063193105 0.179794252 0.130824268 0.972916067
1341848063.845733 -0.421334386 -0.045776926 0.195916966 0.063842691 0.178058848 0.130638734 0.973217666
1341848063.877902 -0.416851878 -0.046545964 0.194182321 0.062925957 0.175440058 0.129449710 0.973911643
1341848063.913769 -0.412110567 -0.051422268 0.197184980 0.059825175 0.177291751 0.126084119 0.974213183
1341848063.945802 -0.409127980 -0.049600992 0.201996803 0.065101258 0.178349614 0.123679854 0.973990023
1341848063.977856 -0.405455887 -0.049515281 0.202435896 0.068008177 0.175029516 0.124732085 0.974259436
1341848064.013951 -0.401069999 -0.050138034 0.203155413 0.067867205 0.172426224 0.125934497 0.974578738
1341848064.045815 -0.398089617 -0.055577777 0.208515421 0.067308657 0.171632603 0.124780923 0.974905908
1341848064.081699 -0.392793804 -0.054994121 0.208264992 0.070903890 0.169083178 0.121871710 0.975464404
1341848064.113685 -0.387606859 -0.053664606 0.207390457 0.070046715 0.168831810 0.122366443 0.975507915
1341848064.145823 -0.384596616 -0.057086706 0.216335595 0.069077671 0.169630051 0.124169298 0.975210726
1341848064.181846 -0.379438967 -0.059382062 0.216300458 0.070132703 0.165749773 0.125921696 0.975577831
1341848064.213863 -0.373587281 -0.059257559 0.214721382 0.069198430 0.164563999 0.125413433 0.975910723
1341848064.249771 -0.366990417 -0.062863342 0.219976202 0.067457423 0.167170763 0.124949232 0.975649059
1341848064.282977 -0.362803191 -0.064178757 0.223560438 0.070371456 0.166966379 0.124627963 0.975519359
1341848064.313795 -0.356138259 -0.063167833 0.221871778 0.070920266 0.165430367 0.124314658 0.975781202
1341848064.349790 -0.349414110 -0.065256625 0.226743966 0.069696225 0.166890845 0.124377474 0.975612700
1341848064.382619 -0.343244851 -0.065108277 0.228436530 0.071744531 0.167384446 0.124301024 0.975389361
1341848064.418063 -0.338434190 -0.063795909 0.229431137 0.071416155 0.168191954 0.123537600 0.975371540
1341848064.449767 -0.332749128 -0.066041403 0.231970519 0.068366408 0.168353111 0.120673962 0.975920618
1341848064.481773 -0.326218635 -0.069582447 0.233478189 0.068076514 0.168987736 0.116535187 0.976334095
1341848064.518010 -0.320999861 -0.069419056 0.233877346 0.069719367 0.170289591 0.113710247 0.976325095
1341848064.549704 -0.315718502 -0.070060894 0.236630276 0.070316687 0.170629755 0.114242025 0.976160765
1341848064.581714 -0.311563104 -0.072988361 0.238467425 0.071428955 0.170058280 0.116309166 0.975935578
1341848064.617693 -0.306033492 -0.072013944 0.236892194 0.074561439 0.168304190 0.116796866 0.975947082
1341848064.649724 -0.302369595 -0.071291372 0.236668408 0.075708620 0.168009177 0.118686192 0.975681663
1341848064.685821 -0.300465465 -0.071732327 0.238584667 0.076122850 0.166406617 0.121156991 0.975620389
1341848064.749892 -0.291686296 -0.070933588 0.236653477 0.074378788 0.165391788 0.118197396 0.976290286
1341848064.778913 -0.289171249 -0.072409920 0.238543719 0.074130215 0.164910555 0.116309695 0.976617277
1341848064.810737 -0.285774916 -0.070702471 0.237418860 0.075594775 0.162317067 0.117251329 0.976826847
1341848064.842702 -0.281892478 -0.069598056 0.238247976 0.074690782 0.160524994 0.116995521 0.977223098
1341848064.878850 -0.279544026 -0.071906485 0.239341110 0.073992901 0.159725204 0.117895894 0.977299094
1341848064.910832 -0.276080966 -0.068802737 0.237254143 0.076406173 0.156306446 0.121088728 0.977275789
1341848064.946850 -0.271725327 -0.068052784 0.236457825 0.074576817 0.153934225 0.124061450 0.977420747
1341848064.978809 -0.268800706 -0.071239546 0.239471853 0.073100224 0.153412700 0.125192463 0.977470100
1341848065.010770 -0.264531821 -0.069296144 0.236709923 0.075950377 0.151517034 0.126164183 0.977423549
1341848065.046751 -0.261720240 -0.067130230 0.235665858 0.075248659 0.151164085 0.127174169 0.977401555
1341848065.078713 -0.259751230 -0.068630204 0.237844959 0.074458063 0.150139034 0.128936514 0.977389216
1341848065.110686 -0.253806502 -0.066456467 0.236048162 0.075842217 0.145858675 0.131386399 0.977604628
1341848065.146689 -0.251083225 -0.066260278 0.236471593 0.073913559 0.146150559 0.131053060 0.977753520
1341848065.178847 -0.246269822 -0.070992216 0.238817438 0.073755510 0.145347968 0.129632920 0.978074312
1341848065.214760 -0.242673308 -0.065418348 0.235786334 0.079330169 0.143688232 0.129250318 0.977933943
1341848065.246768 -0.239792570 -0.062732354 0.235124946 0.077600420 0.142487302 0.126880705 0.978558540
1341848065.278735 -0.236284092 -0.066904292 0.236877114 0.075826682 0.142456353 0.126266360 0.978781581
1341848065.314761 -0.232483670 -0.064079940 0.234399468 0.078619167 0.140424341 0.124221303 0.979116499
1341848065.346776 -0.228851408 -0.063257933 0.233612984 0.077986173 0.139180884 0.121393949 0.979699075
1341848065.382824 -0.224813417 -0.063640118 0.233254135 0.078812897 0.138675094 0.120925941 0.979762554
1341848065.414914 -0.221519008 -0.062714569 0.232561797 0.079461426 0.137560129 0.119757786 0.980010808
1341848065.446728 -0.216673642 -0.064408980 0.232600436 0.079282001 0.136149511 0.116145745 0.980656803
1341848065.482830 -0.211974293 -0.063263275 0.230897978 0.081436224 0.136129469 0.114614747 0.980663240
1341848065.514745 -0.208667442 -0.062533319 0.230697125 0.082417659 0.135705635 0.114483476 0.980655313
1341848065.546916 -0.205573931 -0.063237056 0.230359763 0.082493670 0.134366453 0.113792583 0.980913699
1341848065.582742 -0.200724721 -0.063320614 0.229628026 0.083633408 0.133833870 0.111774288 0.981122017
1341848065.614763 -0.198868647 -0.061705496 0.229483992 0.085059412 0.133626044 0.110993527 0.981116414
1341848065.650809 -0.196127713 -0.061857767 0.230257750 0.085057035 0.131585792 0.110483922 0.981449842
1341848065.682873 -0.192991048 -0.062997162 0.228983343 0.085139588 0.129111752 0.107995316 0.982048094
1341848065.714808 -0.190020114 -0.060440637 0.227622181 0.086040661 0.127252087 0.106037453 0.982425570
1341848065.750674 -0.189455897 -0.060088068 0.228581056 0.084500894 0.125604898 0.104529366 0.982932627
1341848065.782722 -0.187506646 -0.060595300 0.228678793 0.083669357 0.121204659 0.101300672 0.983893812
1341848065.814742 -0.183984265 -0.058274254 0.227032602 0.083217420 0.118511073 0.098004803 0.984593809
1341848065.850746 -0.183250904 -0.058256537 0.227808356 0.081204519 0.117471434 0.092688769 0.985400975
1341848065.882795 -0.184650406 -0.056879319 0.227478892 0.081270956 0.113470979 0.091101199 0.986012101
1341848065.918698 -0.181262687 -0.054225564 0.226872116 0.079376012 0.104449347 0.091481641 0.987127602
1341848065.950762 -0.178307086 -0.053496722 0.226146832 0.074930422 0.098008476 0.088075049 0.988444507
1341848065.982774 -0.177384138 -0.055299684 0.227878392 0.072846614 0.094240651 0.084729873 0.989258766
1341848066.018773 -0.173838511 -0.051917959 0.225889385 0.073259525 0.088558353 0.081640817 0.990012705
1341848066.050717 -0.172515959 -0.051726405 0.225724369 0.069395572 0.086036235 0.077340230 0.990858436
1341848066.082818 -0.171448678 -0.053079333 0.226948544 0.067494556 0.083202623 0.077452011 0.991222978
1341848066.118721 -0.168913051 -0.051003128 0.227248982 0.068544850 0.078188233 0.077993490 0.991516590
1341848066.150964 -0.165178210 -0.050689347 0.225712225 0.066102803 0.073640235 0.075529665 0.992221177
1341848066.186782 -0.162685707 -0.051922925 0.226992354 0.063364185 0.072758637 0.076033652 0.992426336
1341848066.218688 -0.161322117 -0.050174531 0.228935406 0.064874090 0.069087595 0.076012686 0.992592692
1341848066.250777 -0.157041520 -0.049895201 0.227722585 0.064607084 0.065513477 0.074314885 0.992980957
1341848066.286736 -0.153798208 -0.052084312 0.228056490 0.062291123 0.064544514 0.073157303 0.993278325
1341848066.318695 -0.151437789 -0.056162536 0.229425997 0.061359011 0.063773900 0.070716999 0.993562818
1341848066.354797 -0.148304537 -0.054481015 0.230340302 0.064435601 0.062644623 0.071089149 0.993413329
1341848066.386761 -0.144451559 -0.056400396 0.230586261 0.064269885 0.062006719 0.069772899 0.993557394
1341848066.418820 -0.142970636 -0.057288177 0.233190715 0.066526510 0.061526176 0.069866531 0.993432164
1341848066.454695 -0.138482690 -0.056898851 0.233495653 0.068959318 0.058016092 0.068767816 0.993554115
1341848066.486874 -0.134123430 -0.056011975 0.233964890 0.069520921 0.055412948 0.067099690 0.993777573
1341848066.522806 -0.132529095 -0.057911038 0.236563936 0.068840712 0.054574084 0.065293305 0.993991673
1341848066.555107 -0.129027858 -0.058179587 0.238703698 0.070632212 0.051621865 0.062039398 0.994232059
1341848066.586881 -0.123747170 -0.058649294 0.238399655 0.070595697 0.049679074 0.057296511 0.994618237
1341848066.623500 -0.122915462 -0.060168132 0.241689712 0.071575508 0.051552113 0.052775394 0.994702995
1341848066.655239 -0.118956305 -0.060771685 0.242872134 0.073340535 0.049677569 0.049683660 0.994829059
1341848066.697724 -0.113409132 -0.060842805 0.243517622 0.073909573 0.048453994 0.047304660 0.994963229
1341848066.732527 -0.111647509 -0.064286783 0.246564746 0.073832177 0.049162414 0.043952744 0.995087922
1341848066.764415 -0.107376479 -0.064925060 0.248193517 0.076923311 0.048416838 0.040931463 0.995019197
1341848066.795253 -0.103079647 -0.064474881 0.248155355 0.079042256 0.048652276 0.037268277 0.994985640
1341848066.833355 -0.101339236 -0.065352276 0.250487506 0.079824314 0.048494682 0.033163548 0.995076120
1341848066.862103 -0.095718294 -0.064388432 0.249946371 0.081406489 0.045919087 0.031791113 0.995114923
1341848066.905023 -0.093902916 -0.063255563 0.251062840 0.080555074 0.046582792 0.030112123 0.995205581
1341848066.930221 -0.091507353 -0.065983750 0.252903581 0.079109058 0.044931453 0.028600331 0.995442092
1341848066.997936 -0.083159044 -0.063337393 0.253120989 0.078896463 0.044082370 0.024268253 0.995611966
1341848067.023497 -0.082021676 -0.066073447 0.255927056 0.077234685 0.043966983 0.022583010 0.995786965
1341848067.054702 -0.077993974 -0.065533623 0.255068302 0.077881731 0.042085011 0.020682152 0.995859206
1341848067.090940 -0.075662337 -0.065351024 0.256201088 0.077582143 0.043287195 0.019102801 0.995862603
1341848067.122963 -0.075497791 -0.068883300 0.258380145 0.078446373 0.043406077 0.017989162 0.995810449
1341848067.158821 -0.070948824 -0.066670299 0.256206423 0.082586758 0.041214120 0.017924713 0.995569944
1341848067.191143 -0.069997318 -0.065258712 0.257188946 0.083424419 0.041568056 0.018319167 0.995478213
1341848067.222948 -0.068039104 -0.067400768 0.256737530 0.083094962 0.040520243 0.019155366 0.995533228
1341848067.258733 -0.064013168 -0.065826923 0.255942166 0.084833749 0.039634317 0.021453872 0.995375335
1341848067.291049 -0.062616423 -0.065413319 0.256167680 0.084464669 0.040425126 0.023105768 0.995337963
1341848067.322816 -0.062427759 -0.066746250 0.256413311 0.084031411 0.040401813 0.025956331 0.995305300
1341848067.358674 -0.058195710 -0.064583473 0.255480796 0.085415542 0.038245447 0.029352969 0.995178282
1341848067.390706 -0.055639893 -0.065286286 0.255012691 0.083900191 0.039774213 0.031022377 0.995196640
1341848067.426869 -0.055140141 -0.065235630 0.256024182 0.084394917 0.041315150 0.034691300 0.994970918
1341848067.458745 -0.052821476 -0.062845699 0.254373431 0.085355304 0.041224923 0.037267447 0.994799554
1341848067.491527 -0.050282851 -0.061922893 0.253697008 0.082939439 0.042855628 0.039794788 0.994837105
1341848067.526659 -0.049521871 -0.063575767 0.254161328 0.081200212 0.044621855 0.041252203 0.994843543
1341848067.558770 -0.047621757 -0.062014893 0.251602411 0.081442297 0.045300700 0.041302245 0.994791031
1341848067.594659 -0.044889674 -0.062049501 0.251932651 0.079925582 0.048127547 0.039967906 0.994835794
1341848067.626656 -0.045953043 -0.064473867 0.253421366 0.080252632 0.051458225 0.038712118 0.994692385
1341848067.658983 -0.043393634 -0.063318275 0.251266599 0.083482571 0.051661961 0.039398085 0.994388998
1341848067.694893 -0.041348871 -0.062355183 0.249966189 0.084449962 0.053402945 0.040320735 0.994178355
1341848067.726732 -0.041917868 -0.065046981 0.250399947 0.085569382 0.054751758 0.041903410 0.993943751
1341848067.758667 -0.038439225 -0.061995894 0.247500613 0.089508012 0.054166079 0.043532103 0.993558884
1341848067.794813 -0.036994591 -0.061541069 0.246731609 0.089797541 0.056456015 0.045625828 0.993311346
1341848067.826795 -0.037011683 -0.063024163 0.246534139 0.090629369 0.057659607 0.047767255 0.993065953
1341848067.862808 -0.033489868 -0.060546279 0.244293123 0.093058780 0.057487749 0.049908277 0.992745876
