1341847981.658738 -0.030151375 0.003054178 -0.009383488 0.004313015 0.011933150 0.005443981 0.999904692
1341847981.694720 -0.036151942 0.002619323 -0.009613689 0.003998882 0.014061368 0.005238207 0.999879420
1341847981.726650 -0.035035376 0.005289790 -0.010311449 0.004802747 0.013891408 0.006161950 0.999872983
1341847981.758846 -0.034541383 0.004947624 -0.011406937 0.003374148 0.012187226 0.005973090 0.999902189
1341847981.794659 -0.038466841 0.008473312 -0.012469720 0.003524479 0.013398140 0.005418220 0.999889374
1341847981.826678 -0.038986541 0.008714317 -0.012286812 0.001661372 0.013220480 0.005725632 0.999894857
1341847981.862719 -0.045883119 0.006234475 -0.010804271 0.000443314 0.015401044 0.004237812 0.999872327
1341847981.894631 -0.048723418 0.003885211 -0.015194881 -0.001408666 0.014777129 0.003921909 0.999882102
1341847981.926602 -0.048769712 0.011772651 -0.012203020 -0.000612019 0.013381558 0.005080827 0.999897361
1341847981.962757 -0.046333957 0.011440487 -0.012747175 -0.001540769 0.011017614 0.005422450 0.999923408
1341847981.994808 -0.050102055 0.010616740 -0.008734456 -0.001939106 0.012538866 0.004912439 0.999907434
1341847982.027112 -0.052085832 0.010964155 -0.008881777 -0.000758442 0.012353833 0.003584183 0.999916971
1341847982.062739 -0.058000982 0.010332123 -0.009527329 0.000323607 0.013951385 0.002381709 0.999899745
1341847982.094786 -0.059770141 0.010927803 -0.010659959 0.001480050 0.013603362 0.000951835 0.999905884
1341847982.130710 -0.063771725 0.006269561 -0.008573946 0.000584490 0.014631464 0.000129480 0.999892771
1341847982.162730 -0.067524366 0.008662359 -0.008426848 0.004616552 0.014463156 0.000979801 0.999884248
1341847982.194674 -0.061750486 0.007352836 -0.016091162 0.002501220 0.010381184 0.002037826 0.999940872
1341847982.230594 -0.061856430 0.002463664 -0.015278444 -0.001216097 0.011908552 0.001640499 0.999926984
1341847982.262666 -0.061683849 0.007033903 -0.012161329 0.002398126 0.013722062 0.001228241 0.999902189
1341847982.294994 -0.062346131 0.006025467 -0.012962848 0.002320450 0.015986029 0.000544404 0.999869347
1341847982.330655 -0.072582364 0.003214702 -0.011064203 0.002948276 0.021578968 0.002644860 0.999759316
1341847982.362722 -0.075872533 0.008416835 -0.010236813 0.008378062 0.021518910 0.006098647 0.999714732
1341847982.398909 -0.077041082 0.003412481 -0.013967737 0.008072958 0.019189795 0.008234911 0.999749362
1341847982.430770 -0.072502621 0.000475330 -0.016357863 0.007638049 0.016792217 0.008653210 0.999792397
1341847982.462624 -0.069664262 0.001195957 -0.016296724 0.008676023 0.019129250 0.009221870 0.999736845
1341847982.498616 -0.069954202 0.000738846 -0.016843461 0.008137778 0.021551533 0.009333896 0.999691010
1341847982.530757 -0.070365235 0.003005320 -0.013920063 0.007898635 0.022279680 0.010463832 0.999665797
1341847982.566660 -0.079954177 0.002782699 -0.017672777 0.006207960 0.027456174 0.011854105 0.999533415
1341847982.598726 -0.084195085 0.002065630 -0.015185204 0.003282988 0.031501617 0.013147649 0.999411821
1341847982.630723 -0.082656294 0.001914257 -0.013346743 0.002560309 0.032917053 0.012884958 0.999371707
1341847982.666620 -0.082046948 0.001857859 -0.012905916 0.001439068 0.034627322 0.013331734 0.999310315
1341847982.698638 -0.085431628 0.000254950 -0.014360064 -0.000813880 0.038431086 0.013190103 0.999173880
1341847982.730674 -0.089460261 0.000178782 -0.010763898 -0.001537439 0.043223027 0.013396966 0.998974442
1341847982.766706 -0.090917461 -0.000566641 -0.010097527 -0.001367935 0.044858597 0.014563363 0.998886287
1341847982.798737 -0.094385207 0.000949328 -0.010616143 -0.000423055 0.047962409 0.016528016 0.998712301
1341847982.834747 -0.103391923 0.002148937 -0.008954066 0.001443236 0.052256364 0.016434358 0.998497427
1341847982.866670 -0.108927131 -0.001996313 -0.008420697 0.002090795 0.052850220 0.017562775 0.998445749
1341847982.898700 -0.111782983 0.000977838 -0.009610949 0.005272638 0.051771913 0.020278830 0.998439074
1341847982.934803 -0.116084956 -0.000521289 -0.010831984 0.003401411 0.049935192 0.022053005 0.998503149
1341847982.966708 -0.119922325 0.004057035 -0.009673186 0.004293857 0.049042560 0.022539906 0.998533070
1341847982.998783 -0.123575881 0.001559058 -0.009231867 0.002232227 0.050627168 0.020803848 0.998498440
1341847983.034693 -0.129373819 0.002744868 -0.009087430 0.001458253 0.052887421 0.021083549 0.998376846
1341847983.066707 -0.134048030 0.002589626 -0.009077759 -0.000082589 0.053223163 0.021602698 0.998348951
1341847983.102757 -0.138562173 0.003392289 -0.007988767 -0.000564785 0.053303637 0.022547306 0.998323619
1341847983.134717 -0.141540334 0.001293274 -0.007502546 -0.000754017 0.052684829 0.023671901 0.998330295
1341847983.166651 -0.151422128 0.003324209 -0.006449267 0.001565757 0.054591291 0.024993509 0.998194695
1341847983.202653 -0.152694717 0.004478229 -0.007376907 0.001896567 0.052055646 0.026200332 0.998298585
1341847983.234717 -0.153391957 0.002578882 -0.009021177 0.000195720 0.050126791 0.026262362 0.998397470
1341847983.266753 -0.153553218 0.001099400 -0.011019865 -0.002908300 0.049481459 0.026001453 0.998432279
1341847983.302701 -0.161129490 0.000809549 -0.008215927 -0.005397527 0.053671148 0.024861638 0.998234510
1341847983.334718 -0.164026543 0.000844312 -0.008973535 -0.006284061 0.055967346 0.023250334 0.998142064
1341847983.370887 -0.170656726 -0.000590040 -0.004605846 -0.006638190 0.060134284 0.022557864 0.997913301
1341847983.402670 -0.175603449 -0.001119774 -0.005302982 -0.005730159 0.061346505 0.025172349 0.997782588
1341847983.434705 -0.175324559 0.001012480 -0.007280637 -0.005810746 0.057760086 0.028703682 0.997900844
1341847983.470674 -0.179842830 -0.007938646 -0.007106379 -0.010452551 0.058240663 0.027757397 0.997861862
1341847983.502767 -0.182149753 -0.007550562 -0.007417271 -0.008875399 0.060755461 0.023691313 0.997832000
1341847983.534806 -0.184529677 -0.008200734 -0.009516725 -0.008801745 0.063898712 0.022505969 0.997663736
1341847983.570684 -0.195292369 -0.005102769 -0.008348674 -0.007605512 0.069027849 0.023263710 0.997314453
1341847983.602741 -0.202059314 -0.001375655 -0.006190870 -0.004673144 0.070782863 0.023563508 0.997202456
1341847983.638729 -0.208660588 -0.002880610 -0.007007707 -0.004235306 0.073058553 0.023407325 0.997043908
1341847983.670715 -0.211948171 -0.002906139 -0.007168462 -0.001947464 0.073849089 0.023441201 0.996991992
1341847983.702857 -0.213386431 -0.002726985 -0.008886058 0.001188632 0.074931987 0.025889827 0.996851802
1341847983.738736 -0.215569392 -0.002325075 -0.009920649 0.002363664 0.073417008 0.027867332 0.996909082
1341847983.770707 -0.221381769 -0.004874811 -0.011604816 0.002285694 0.073162019 0.029412400 0.996883631
1341847983.806672 -0.224466205 -0.002238612 -0.011231266 0.005304152 0.073634617 0.029416649 0.996837199
1341847983.838719 -0.228421152 -0.004376792 -0.015182327 0.007836537 0.073951304 0.029620534 0.996791065
1341847983.870712 -0.236477613 -0.003414914 -0.018100299 0.009512471 0.073434450 0.033499941 0.996691823
1341847983.906692 -0.247018486 0.004191772 -0.014831550 0.013702776 0.073641047 0.036330864 0.996528625
1341847983.938757 -0.263377100 0.001673974 -0.013045367 0.012195507 0.077971160 0.035946999 0.996232688
1341847983.970809 -0.262903333 0.000721242 -0.015569914 0.009837230 0.077254876 0.034665126 0.996360004
1341847984.006722 -0.262305260 0.001696163 -0.016528275 0.008984441 0.077331975 0.033499520 0.996401966
1341847984.038718 -0.266190588 0.004608809 -0.015577670 0.008575531 0.079472072 0.033871412 0.996224523
1341847984.074737 -0.267696261 0.007001626 -0.019040823 0.006731220 0.080040485 0.033387620 0.996209562
1341847984.106759 -0.275542766 0.006374145 -0.016155753 0.002266424 0.083875448 0.031451106 0.995977223
1341847984.138698 -0.280823439 0.007404075 -0.012950566 0.001932405 0.085747845 0.030593276 0.995845199
1341847984.174831 -0.288478345 0.011947232 -0.016238991 0.001246423 0.087450199 0.028818961 0.995751202
1341847984.206711 -0.295473784 0.006125234 -0.014500033 -0.006003324 0.089456685 0.027736040 0.995586336
1341847984.238670 -0.303401321 0.006789261 -0.009607684 -0.007153860 0.090297043 0.027588945 0.995507002
1341847984.274795 -0.304442763 0.013180621 -0.008428037 -0.006167241 0.087412514 0.029175004 0.995725811
1341847984.306662 -0.308843851 0.008650629 -0.008503515 -0.010909861 0.087253921 0.028997893 0.995704174
1341847984.343094 -0.317457229 0.008623242 -0.007300105 -0.012976008 0.086542130 0.028903939 0.995744288
1341847984.374794 -0.321024239 0.007127367 -0.007741001 -0.015359956 0.083972871 0.030998314 0.995867312
1341847984.406718 -0.327578783 0.007676515 -0.004200231 -0.017480792 0.083395749 0.032305699 0.995839298
1341847984.442894 -0.331405282 0.009585651 0.000220593 -0.018042175 0.083241932 0.032926083 0.995821834
1341847984.474640 -0.331062406 0.011660693 0.008748714 -0.016033601 0.085588433 0.033254955 0.995646298
1341847984.506747 -0.334373653 0.011135347 0.013961371 -0.016266992 0.086318500 0.033035241 0.995586812
1341847984.542747 -0.334814101 0.012203429 0.014134139 -0.015936831 0.086612947 0.033402398 0.995554388
1341847984.574807 -0.342370927 0.012052475 0.018647984 -0.017406333 0.091399513 0.034072448 0.995078981
1341847984.610792 -0.344142497 0.012010113 0.026740819 -0.015830817 0.091354519 0.033435240 0.995131075
1341847984.642667 -0.351372629 0.007002341 0.031098150 -0.014972681 0.091927700 0.034845069 0.995043159
1341847984.674804 -0.351661891 0.006794728 0.033646248 -0.014354105 0.089974411 0.035514962 0.995207131
1341847984.710651 -0.353405118 0.003442674 0.037529483 -0.013796826 0.088854350 0.035540145 0.995314717
1341847984.743352 -0.357373685 0.001504696 0.041137032 -0.011103397 0.088526025 0.034766003 0.995405018
1341847984.778881 -0.360093236 0.002546641 0.045245223 -0.009386565 0.088887051 0.035272390 0.995372713
1341847984.810639 -0.364917606 0.000702587 0.052330595 -0.008625417 0.090668909 0.036885515 0.995160401
1341847984.842655 -0.370692790 -0.005885656 0.057935447 -0.007684181 0.092090555 0.039321993 0.994944274
1341847984.878779 -0.369077057 -0.004293898 0.058672737 -0.003882617 0.089917645 0.040729187 0.995108485
1341847984.910613 -0.373216361 -0.000903165 0.063201196 -0.001221473 0.090579838 0.043932196 0.994918942
1341847984.943053 -0.378567040 -0.005949316 0.068620585 -0.003973983 0.090420030 0.047224674 0.994775474
1341847984.979236 -0.379907072 -0.007739685 0.072599500 -0.005014712 0.088243552 0.049659163 0.994847655
1341847985.010633 -0.379424661 -0.008681390 0.076980360 -0.006886596 0.087507561 0.051124230 0.994827271
1341847985.046612 -0.378461421 -0.014356444 0.079971559 -0.011954355 0.088997409 0.051252119 0.994640529
1341847985.078667 -0.379924834 -0.015800485 0.086386845 -0.012318425 0.092475444 0.051128548 0.994325101
1341847985.110771 -0.385197937 -0.018810188 0.092902169 -0.013588999 0.097640507 0.053443793 0.993692815
1341847985.146824 -0.387195647 -0.021928541 0.099610597 -0.014919399 0.100594252 0.054224286 0.993336737
1341847985.178699 -0.384668767 -0.022237970 0.104124278 -0.014033001 0.101834364 0.055207595 0.993169129
1341847985.210840 -0.390011042 -0.030854136 0.108433649 -0.016019067 0.106044240 0.055422381 0.992686450
1341847985.246735 -0.388747990 -0.032286678 0.110922828 -0.014990130 0.107503295 0.055787686 0.992525101
1341847985.278902 -0.394929826 -0.032879528 0.118998148 -0.014796777 0.113784574 0.054753989 0.991885126
1341847985.314648 -0.394838512 -0.035145592 0.121815324 -0.012794552 0.115360275 0.055746060 0.991675675
1341847985.346842 -0.397633404 -0.033308048 0.124584071 -0.009726486 0.117630370 0.056212064 0.991417527
1341847985.378830 -0.397647709 -0.035886023 0.128960401 -0.011418617 0.118206903 0.056047194 0.991340220
1341847985.414650 -0.401086181 -0.040635303 0.134131193 -0.013366832 0.122292772 0.056956124 0.990768254
1341847985.446854 -0.401352704 -0.041130193 0.138145283 -0.011856042 0.124055333 0.056914903 0.990570724
1341847985.478685 -0.405589849 -0.044066153 0.141931623 -0.012822742 0.128202155 0.057843104 0.989976764
1341847985.514673 -0.407537758 -0.044221953 0.146820381 -0.012523223 0.130233109 0.058326405 0.989687085
1341847985.546814 -0.408828914 -0.047808118 0.150569499 -0.013726588 0.133257791 0.060074680 0.989163756
1341847985.582581 -0.409456789 -0.050915096 0.155873179 -0.013649160 0.135532424 0.060394648 0.988836288
1341847985.614773 -0.411934942 -0.050178967 0.161749154 -0.010771083 0.137947693 0.061079368 0.988495708
1341847985.647097 -0.414789915 -0.052660502 0.167590290 -0.008639384 0.141089007 0.064049624 0.987885058
1341847985.682842 -0.414109766 -0.051630147 0.171501249 -0.004778793 0.142193526 0.065263085 0.987673521
1341847985.714719 -0.418800145 -0.057987358 0.178414971 -0.003480896 0.145122662 0.068373218 0.987042248
1341847985.746954 -0.422334999 -0.062578902 0.183650121 -0.000929054 0.147708058 0.071356289 0.986453116
1341847985.782765 -0.425222307 -0.062251974 0.189799339 0.003963220 0.150674000 0.073591016 0.985832632
1341847985.814703 -0.427471042 -0.066274121 0.192888305 0.009020505 0.153319657 0.076272823 0.985187352
1341847985.850739 -0.430967748 -0.061163042 0.190353990 0.020100778 0.153558090 0.079542279 0.984727859
1341847985.882782 -0.431816280 -0.068322867 0.188922048 0.016452255 0.152767256 0.083115704 0.984623432
1341847985.914968 -0.434335798 -0.075784460 0.196163476 0.011073624 0.156932458 0.086167730 0.983780801
1341847985.950751 -0.433368295 -0.074087448 0.199098423 0.011602284 0.160566717 0.083741263 0.983397722
1341847985.982712 -0.433271170 -0.076572604 0.203422174 0.012466825 0.164534181 0.084616736 0.982656121
1341847986.018756 -0.437973171 -0.077269047 0.211145088 0.014387419 0.168659538 0.085717522 0.981834769
1341847986.051991 -0.437443197 -0.080854915 0.214136332 0.012693851 0.168736771 0.088810153 0.981569946
1341847986.082612 -0.438046426 -0.079759248 0.219317287 0.014697072 0.169990078 0.090753160 0.981147945
1341847986.118719 -0.437507153 -0.082728237 0.219533533 0.012666496 0.171319216 0.090398908 0.980977714
1341847986.150636 -0.441195011 -0.092834368 0.225693181 0.006319867 0.177766889 0.090474874 0.979884326
1341847986.182648 -0.441645116 -0.093898021 0.230963379 0.006440779 0.181347564 0.091496140 0.979132295
1341847986.218674 -0.441666067 -0.094828181 0.236500114 0.008842983 0.183660582 0.091479942 0.978683829
1341847986.250584 -0.445278823 -0.101827301 0.239931852 0.007722885 0.187672436 0.094484270 0.977646232
1341847986.286733 -0.448336184 -0.103308827 0.248280987 0.009829188 0.192676663 0.095634438 0.976541400
1341847986.326156 -0.449351937 -0.105962627 0.247610644 0.011549037 0.195633128 0.096200801 0.975878954
1341847986.359210 -0.447753102 -0.104560398 0.248425141 0.015947383 0.196663201 0.098039478 0.975426853
1341847986.394467 -0.449239790 -0.105184212 0.258194327 0.017817382 0.199934676 0.100238450 0.974505484
1341847986.425858 -0.452698886 -0.112814568 0.264129490 0.013890440 0.206177175 0.102442250 0.973038375
1341847986.457691 -0.454974860 -0.110842176 0.268369377 0.015806887 0.210031882 0.103307433 0.972092748
1341847986.493735 -0.457563400 -0.110485978 0.274987072 0.016672241 0.214257956 0.104204461 0.971059740
1341847986.525772 -0.452903211 -0.111521214 0.276787579 0.017882135 0.212971270 0.105311587 0.971201837
1341847986.561706 -0.453248113 -0.116682343 0.280191123 0.015593112 0.214731276 0.106917605 0.970678091
1341847986.593712 -0.454558909 -0.116979316 0.286362171 0.015505838 0.218688518 0.107241027 0.969759881
1341847986.625740 -0.458375424 -0.129510492 0.297534287 0.009998762 0.225481480 0.106877513 0.968315721
1341847986.661920 -0.458248675 -0.124669775 0.299520433 0.015375775 0.226102471 0.108740486 0.967892945
1341847986.693739 -0.457168907 -0.131314203 0.304279447 0.013102307 0.226782501 0.113926262 0.967170537
1341847986.725896 -0.459421366 -0.128550798 0.307117224 0.016519180 0.227219537 0.118436754 0.966473579
1341847986.762616 -0.456830591 -0.133784652 0.310715526 0.013281349 0.225744158 0.122331664 0.966384053
1341847986.793794 -0.459514230 -0.135732546 0.315455437 0.009728951 0.228794977 0.124487005 0.965433180
1341847986.829823 -0.460788310 -0.140010908 0.323959887 0.006452553 0.233257905 0.126713112 0.964102149
1341847986.861756 -0.460088164 -0.137947410 0.326346427 0.008267840 0.233305544 0.129045695 0.963767290
1341847986.886746 -0.458583862 -0.141623110 0.330143631 0.004676963 0.232147172 0.131126106 0.963790298
1341847986.922699 -0.460322380 -0.139827967 0.335125506 0.005622346 0.233328149 0.134443626 0.963042736
1341847986.954690 -0.461776555 -0.139600903 0.340722382 0.005561998 0.235853851 0.136550739 0.962130904
1341847986.990631 -0.462757349 -0.142691687 0.345967501 0.003514688 0.238536209 0.137867391 0.961291134
1341847987.022895 -0.462108135 -0.144206837 0.349792868 0.003080869 0.239893079 0.139485210 0.960721433
1341847987.054629 -0.463747889 -0.140642881 0.352402508 0.005882904 0.240446836 0.143600270 0.959963381
1341847987.091223 -0.462037235 -0.144111514 0.357132137 0.002468999 0.240784600 0.146126181 0.959512293
1341847987.123199 -0.461322367 -0.151393905 0.361039668 -0.003737657 0.243620843 0.144686356 0.959010303
1341847987.154654 -0.464690208 -0.158794403 0.365428030 -0.009902996 0.251420587 0.142456859 0.957285523
1341847987.190716 -0.466067940 -0.160636097 0.369636327 -0.012458836 0.256995410 0.141968101 0.955846846
1341847987.222678 -0.467928678 -0.160417452 0.374998629 -0.012677719 0.261281490 0.143356860 0.954473734
1341847987.259261 -0.467833042 -0.162980601 0.378265202 -0.014526716 0.263363779 0.144464001 0.953707814
1341847987.290653 -0.466241777 -0.163663119 0.381182045 -0.015336937 0.266307116 0.143441737 0.953031898
1341847987.322780 -0.467018872 -0.167239144 0.386723161 -0.017145157 0.273514181 0.141894236 0.951189816
1341847987.358780 -0.468883008 -0.168888628 0.393914163 -0.015585353 0.280941427 0.139641643 0.949383616
1341847987.390720 -0.471074730 -0.169238940 0.396499366 -0.011447236 0.286565632 0.138004437 0.947999954
1341847987.422820 -0.471911877 -0.170661181 0.400103390 -0.010082815 0.292554229 0.136066213 0.946465194
1341847987.458620 -0.475489795 -0.170974001 0.408391029 -0.006544983 0.300722063 0.136039764 0.943936765
1341847987.490754 -0.478260696 -0.169553310 0.410801977 0.000309794 0.304138273 0.137381181 0.942669749
1341847987.526761 -0.481301725 -0.165989369 0.409011483 0.004052381 0.304954141 0.141423300 0.941799343
1341847987.558679 -0.481058061 -0.167122632 0.418660074 0.004332157 0.309550524 0.143215582 0.940026045
1341847987.590776 -0.483251929 -0.171399534 0.421617955 0.003413424 0.315919399 0.143306836 0.937894642
1341847987.626925 -0.485541463 -0.166952685 0.422709912 0.009127621 0.317424685 0.148306027 0.936570108
1341847987.658922 -0.487863719 -0.165374130 0.427155524 0.009885647 0.319538176 0.151027262 0.935408115
1341847987.691638 -0.487666637 -0.164675415 0.429186165 0.010457246 0.319402218 0.153051972 0.935119212
1341847987.726721 -0.488502413 -0.167727441 0.433768392 0.008478812 0.319679111 0.154366627 0.934828460
1341847987.758741 -0.490304202 -0.166642979 0.436531156 0.009860134 0.319993824 0.157203048 0.934234381
1341847987.794708 -0.492969036 -0.167402133 0.440141022 0.010224699 0.320851445 0.160797104 0.933324218
1341847987.826748 -0.495786309 -0.165709957 0.450345963 0.013508676 0.322789252 0.164655671 0.931940496
1341847987.865879 -0.496640205 -0.168926254 0.459829777 0.012825104 0.323235184 0.167725056 0.931248009
1341847987.897796 -0.498249114 -0.170031980 0.463553607 0.012772265 0.323284358 0.168218061 0.931142747
1341847987.933722 -0.502609074 -0.169841960 0.468919396 0.016692650 0.323997706 0.170361042 0.930442870
1341847987.965806 -0.503227532 -0.170157418 0.474424571 0.018907197 0.324274451 0.169310048 0.930495977
1341847987.997794 -0.507345378 -0.169230789 0.471080273 0.021051206 0.325910956 0.166587815 0.930369556
1341847988.033757 -0.510994315 -0.166055381 0.474813938 0.026526747 0.327640086 0.164450362 0.930002391
1341847988.065746 -0.512150049 -0.168221995 0.476695985 0.027712982 0.328123301 0.160369292 0.930509984
1341847988.098165 -0.510325253 -0.175796643 0.483548433 0.023872124 0.328896880 0.155362502 0.931192517
1341847988.133763 -0.512374103 -0.172696412 0.484208047 0.027741242 0.330375493 0.151032418 0.931274235
1341847988.165801 -0.516598165 -0.170466468 0.486450046 0.032290988 0.332114249 0.151587501 0.930418551
1341847988.201710 -0.519207060 -0.167307004 0.485866904 0.034678839 0.328895420 0.155727431 0.930792212
1341847988.233777 -0.519139767 -0.173632801 0.494681031 0.028259436 0.331330776 0.157992050 0.929763317
1341847988.265702 -0.519919395 -0.174812421 0.499788582 0.028247464 0.334081441 0.158566311 0.928681016
1341847988.301776 -0.520244420 -0.174859449 0.500475347 0.027737811 0.334331602 0.158843353 0.928559005
1341847988.333739 -0.521207213 -0.174862593 0.504516721 0.026668634 0.334954053 0.162836775 0.927673817
1341847988.369715 -0.523598373 -0.172088921 0.506715000 0.028449936 0.335510194 0.165937081 0.926870227
1341847988.401745 -0.525505960 -0.172108069 0.510364056 0.029329762 0.336434364 0.169545129 0.925854266
1341847988.433996 -0.524772525 -0.172332123 0.511083126 0.028487528 0.333623171 0.171529353 0.926532090
1341847988.469742 -0.524160028 -0.176500380 0.515322924 0.026221778 0.336826473 0.170498863 0.925629735
1341847988.502496 -0.526579499 -0.173885584 0.514624357 0.029224340 0.338542908 0.171131760 0.924796522
1341847988.537778 -0.527791798 -0.172151789 0.514776170 0.029753447 0.337796956 0.175083384 0.924312592
1341847988.569700 -0.530171037 -0.172728434 0.518989444 0.027613085 0.337877303 0.177534983 0.923881888
1341847988.601796 -0.531384945 -0.173531950 0.518998504 0.024870651 0.337791175 0.177797079 0.923940897
1341847988.637768 -0.533507943 -0.172981992 0.521226406 0.022585435 0.340567321 0.176184162 0.923289180
1341847988.669807 -0.535942376 -0.175280184 0.523481190 0.018708991 0.343222797 0.173815235 0.922841430
1341847988.706192 -0.536920071 -0.175221637 0.527154326 0.017388182 0.345655084 0.173216686 0.922071695
1341847988.737940 -0.539521098 -0.173917398 0.527521372 0.018600263 0.346727580 0.176341534 0.921052456
1341847988.769740 -0.542173326 -0.173782632 0.528379321 0.019814996 0.347283274 0.180037066 0.920102358
1341847988.806051 -0.544076025 -0.175898343 0.529715300 0.019444497 0.347156227 0.181853965 0.919800878
1341847988.837897 -0.547201991 -0.176403865 0.527450323 0.018625347 0.347692460 0.183819950 0.919224262
1341847988.873917 -0.549766481 -0.177721739 0.529246032 0.015212543 0.350845605 0.182946622 0.918262780
1341847988.937824 -0.554099917 -0.178654030 0.531442404 0.014762297 0.354594529 0.186233774 0.916166902
1341847988.966828 -0.560435712 -0.178946510 0.531937540 0.014940781 0.357102633 0.189532310 0.914511859
1341847988.998737 -0.560766280 -0.181090787 0.530688643 0.012733458 0.355395019 0.191849172 0.914727330
1341847989.034678 -0.564944148 -0.181750670 0.532210827 0.011535354 0.356052309 0.193938509 0.914046764
1341847989.066658 -0.569126785 -0.184753254 0.534353793 0.008109243 0.357902765 0.193714216 0.913408220
1341847989.098821 -0.573879242 -0.185789630 0.535738885 0.010465446 0.358691305 0.192825228 0.913263083
1341847989.134676 -0.577468574 -0.187625244 0.537137866 0.014063080 0.358359158 0.194219440 0.913049757
1341847989.166672 -0.584962428 -0.184975669 0.536802888 0.021228867 0.357896030 0.196457148 0.912614048
1341847989.202743 -0.589002132 -0.188228950 0.538885295 0.021958910 0.357279301 0.195702389 0.913000524
1341847989.234728 -0.589710295 -0.190880567 0.543849111 0.023689020 0.356340259 0.197049007 0.913034618
1341847989.266651 -0.593150258 -0.193102449 0.538353264 0.023946533 0.351716548 0.195617706 0.915126145
1341847989.302773 -0.597316802 -0.195251763 0.542110860 0.022164103 0.352244228 0.189222753 0.916311860
1341847989.334871 -0.604306042 -0.192910254 0.538803160 0.024444183 0.349890560 0.185530692 0.917909265
1341847989.366685 -0.609145105 -0.197295874 0.537539959 0.020014485 0.349100977 0.180465400 0.919325948
1341847989.402777 -0.611748874 -0.202228293 0.540585995 0.014194020 0.351737946 0.175784767 0.919335961
1341847989.434824 -0.614011407 -0.204883203 0.545291364 0.013873791 0.353602439 0.171322331 0.919468045
1341847989.470712 -0.620597899 -0.208020344 0.544051468 0.012263636 0.353507668 0.169111758 0.919936478
1341847989.502614 -0.625070751 -0.209047019 0.544219196 0.010161430 0.354678303 0.168932840 0.919544339
1341847989.534687 -0.624273777 -0.210598215 0.546289444 0.010644702 0.354073733 0.170724735 0.919440866
1341847989.570705 -0.629345536 -0.212886035 0.545544744 0.010530253 0.353453428 0.172003746 0.919442475
1341847989.602804 -0.631614327 -0.213983700 0.547336638 0.009570511 0.356015831 0.171758011 0.918509841
1341847989.634745 -0.634259999 -0.214362592 0.549575448 0.010620991 0.359936982 0.168121457 0.917642474
1341847989.670627 -0.639742434 -0.215018198 0.546213567 0.012466232 0.361289233 0.169046745 0.916917562
1341847989.702606 -0.642695844 -0.215877801 0.547020614 0.011910380 0.362848133 0.169972509 0.916137934
1341847989.738929 -0.646855235 -0.215319470 0.546328723 0.012532799 0.364904881 0.168750450 0.915538430
1341847989.770735 -0.651019931 -0.217278138 0.544892132 0.010318413 0.366384685 0.169081837 0.914913714
1341847989.802890 -0.656519830 -0.217250988 0.547911584 0.008894837 0.370156288 0.168212771 0.913569748
1341847989.838780 -0.658828437 -0.217733294 0.551337123 0.009202535 0.372532994 0.169681728 0.912328124
1341847989.870960 -0.662143111 -0.225935593 0.549168408 0.002767044 0.373943806 0.166445076 0.912389398
1341847989.902718 -0.668635845 -0.226974711 0.548487842 0.004273019 0.376533449 0.166092679 0.911382198
1341847989.938921 -0.666362345 -0.223290354 0.552316844 0.007135598 0.376814872 0.169259876 0.910664976
1341847989.970730 -0.670701265 -0.224347040 0.549633205 0.008751870 0.373961747 0.171781525 0.911354542
1341847990.006923 -0.677565992 -0.228244290 0.545854628 0.007447008 0.374249250 0.171418667 0.911316454
1341847990.039001 -0.679909885 -0.228237554 0.546946108 0.006785873 0.376430750 0.169237167 0.910830736
1341847990.070686 -0.684921026 -0.229915529 0.547404587 0.004946350 0.376698852 0.166358352 0.911261976
1341847990.106701 -0.689568341 -0.229710355 0.545373559 0.007304124 0.376021683 0.168319657 0.911165655
1341847990.139194 -0.694894195 -0.232569769 0.546858072 0.007266750 0.377233446 0.170067891 0.910340071
1341847990.171055 -0.700253606 -0.233521357 0.544622779 0.010564272 0.375701457 0.172416478 0.910499513
1341847990.207022 -0.706954122 -0.235375017 0.547063887 0.012217497 0.375998735 0.172519416 0.910336614
1341847990.238920 -0.711671948 -0.233268395 0.549847662 0.013929490 0.376006395 0.172934800 0.910230041
1341847990.274709 -0.714678705 -0.232210606 0.554636538 0.016533222 0.377122045 0.173050120 0.909702837
1341847990.306743 -0.718829393 -0.231368899 0.556420803 0.017707918 0.377370119 0.171566680 0.909858823
1341847990.339079 -0.727702916 -0.233766288 0.556104481 0.017013988 0.378112763 0.172860280 0.909318745
1341847990.374663 -0.730006874 -0.235770047 0.556214690 0.015240219 0.377399564 0.172032297 0.909803391
1341847990.406760 -0.736250758 -0.237662494 0.555650115 0.012992945 0.376713157 0.171005636 0.910316110
1341847990.442575 -0.737120450 -0.241122201 0.558934212 0.007697987 0.377327681 0.173719049 0.909607768
1341847990.474644 -0.740827084 -0.240488619 0.564460933 0.006849284 0.378792256 0.171058893 0.909509957
1341847990.506783 -0.743408144 -0.243066132 0.559924901 0.004786519 0.376980722 0.171449691 0.910201967
1341847990.542835 -0.750179231 -0.244118154 0.555452704 0.003973521 0.376009732 0.175258696 0.909882009
1341847990.574711 -0.749447882 -0.241308466 0.560466230 0.006162255 0.376618266 0.177618653 0.909160256
1341847990.606790 -0.752137423 -0.244446486 0.558645248 0.004437787 0.375549972 0.179056525 0.909330130
1341847990.642783 -0.755681276 -0.246621266 0.560697675 0.001440003 0.378093243 0.180257455 0.908047736
1341847990.674787 -0.759622931 -0.247318625 0.558497488 0.000741469 0.379282057 0.181625187 0.907279968
1341847990.710795 -0.766077816 -0.240676731 0.563217878 0.011521193 0.380417556 0.189076573 0.905207038
1341847990.742712 -0.770057499 -0.235779613 0.560802102 0.018885814 0.378649712 0.197287187 0.904071629
1341847990.774671 -0.771668732 -0.240587428 0.563697398 0.014030692 0.379578173 0.198887408 0.903419793
1341847990.810771 -0.773759484 -0.243192896 0.567781687 0.013934289 0.382935166 0.198299155 0.902132988
1341847990.842713 -0.779371917 -0.243803680 0.560383916 0.011865865 0.382059544 0.197535545 0.902701199
1341847990.874745 -0.781429946 -0.245931983 0.560834944 0.009732126 0.382738322 0.199094370 0.902096510
1341847990.910825 -0.784608126 -0.248062119 0.567457557 0.009581095 0.387511164 0.200182110 0.899816871
1341847990.942685 -0.787027657 -0.248798937 0.568034172 0.007033439 0.389733583 0.199076459 0.899125576
1341847990.978824 -0.790020227 -0.251029789 0.565569997 0.005967817 0.390884101 0.199834719 0.898465395
1341847991.010797 -0.793095887 -0.248656735 0.569668531 0.010603706 0.393607229 0.200887933 0.896997750
1341847991.042752 -0.795376897 -0.252512813 0.571722031 0.007870965 0.396618009 0.200665072 0.895748675
1341847991.078680 -0.797558665 -0.251347303 0.573954463 0.011469180 0.398150682 0.203982264 0.894279420
1341847991.111319 -0.801435053 -0.250365555 0.578258038 0.016482966 0.400894165 0.206818968 0.892321765
1341847991.142784 -0.803459883 -0.255036563 0.573576570 0.012448273 0.400048167 0.206036642 0.892947614
1341847991.178778 -0.807333529 -0.255739242 0.577890575 0.012775294 0.403396636 0.206626669 0.891298711
1341847991.210687 -0.808802128 -0.255811453 0.580057323 0.016097110 0.405469388 0.207393646 0.890125453
1341847991.246842 -0.810796738 -0.257701963 0.581567943 0.014650011 0.406971037 0.205837771 0.889826238
1341847991.278726 -0.811809301 -0.260249704 0.586733580 0.014795788 0.410330921 0.207747325 0.887834847
1341847991.310807 -0.812921166 -0.263484210 0.591354966 0.013099893 0.413251370 0.206886798 0.886707127
1341847991.346722 -0.818673491 -0.261926115 0.597371578 0.021359671 0.413162142 0.214515358 0.884773433
1341847991.378800 -0.823044419 -0.262323856 0.595641911 0.021313116 0.409903198 0.218931198 0.885208607
1341847991.414715 -0.826589048 -0.266438097 0.593258619 0.017103262 0.408375114 0.224090338 0.884715080
1341847991.446744 -0.828622878 -0.267748535 0.596129298 0.013475934 0.410060704 0.222957432 0.884284198
1341847991.478824 -0.829458594 -0.267013252 0.598654747 0.013089441 0.413222402 0.224086508 0.882531106
1341847991.514709 -0.829582214 -0.270740032 0.605399668 0.010099757 0.417607069 0.226039350 0.880004883
1341847991.546725 -0.833305895 -0.270940930 0.610983193 0.013030847 0.421479195 0.229870766 0.877123117
1341847991.578804 -0.835254967 -0.272024810 0.611853242 0.013665598 0.422639787 0.234467030 0.875336528
1341847991.614853 -0.836211860 -0.270735294 0.613597631 0.016247515 0.424241483 0.239122912 0.873255670
1341847991.646714 -0.837602854 -0.274394244 0.617827356 0.015832031 0.430024236 0.242678642 0.869445562
1341847991.689872 -0.838225365 -0.277922422 0.616883636 0.014884261 0.434462845 0.245428517 0.866478682
1341847991.714700 -0.840608776 -0.278265297 0.617133498 0.016842920 0.438090980 0.246857584 0.864207089
1341847991.746823 -0.843479037 -0.277019382 0.615616679 0.019476151 0.439867198 0.250092238 0.862317502
1341847991.782657 -0.843936563 -0.279671997 0.616302192 0.017601341 0.441892564 0.252375752 0.860655367
1341847991.814748 -0.843016982 -0.282337844 0.619206846 0.015641134 0.446115643 0.253169239 0.858278275
1341847991.846729 -0.843412042 -0.282590538 0.620808482 0.017143238 0.450697869 0.250915974 0.856515467
1341847991.882784 -0.847535253 -0.283856153 0.621145129 0.017158469 0.454425782 0.251327336 0.854422271
1341847991.915817 -0.847922504 -0.288590968 0.622128367 0.014994643 0.455500692 0.254642725 0.852907598
1341847991.950761 -0.848952293 -0.290327609 0.624687612 0.015507556 0.457344115 0.255100012 0.851774514
1341847991.982826 -0.849429250 -0.293162942 0.628830850 0.013661205 0.461523801 0.252748191 0.850251436
1341847992.014724 -0.850852132 -0.294489175 0.634590328 0.014398359 0.466950238 0.252537906 0.847333908
1341847992.050647 -0.855778158 -0.292423129 0.629436016 0.015831245 0.466638297 0.251907766 0.847667694
1341847992.082793 -0.854815722 -0.297005653 0.631865025 0.012209688 0.467385471 0.252423525 0.847162366
1341847992.114842 -0.858192861 -0.298988760 0.634040117 0.011274240 0.469993114 0.251739115 0.845935464
1341847992.150789 -0.860902786 -0.302085906 0.639288723 0.011064655 0.474122465 0.252584159 0.843378186
1341847992.182813 -0.862316966 -0.303773254 0.643485129 0.010848292 0.475856811 0.252713591 0.842364788
1341847992.218736 -0.863219261 -0.305796593 0.646477699 0.010578000 0.477003902 0.253156841 0.841585994
1341847992.250652 -0.867900968 -0.306926966 0.650356770 0.011887249 0.481782675 0.254226059 0.838518500
1341847992.282910 -0.871547461 -0.306473732 0.651016057 0.013714416 0.484710753 0.255271763 0.836482942
1341847992.318683 -0.876001716 -0.306430548 0.651829302 0.016128901 0.487818748 0.255893826 0.834440589
1341847992.350695 -0.878768623 -0.311050713 0.655790746 0.013646354 0.490758151 0.256284595 0.832639456
1341847992.382858 -0.882202983 -0.311827719 0.660570085 0.016173974 0.493579954 0.259568244 0.829904556
1341847992.418855 -0.884160221 -0.313644499 0.663019240 0.017434163 0.495600253 0.262594938 0.827719986
1341847992.450822 -0.888108015 -0.315598786 0.665623128 0.017744007 0.498548537 0.263174087 0.825756550
1341847992.486713 -0.891749740 -0.314627171 0.668575943 0.020887205 0.500352979 0.266681373 0.823463202
1341847992.518735 -0.896752894 -0.315760314 0.670116782 0.022535473 0.502099693 0.268270791 0.821838677
1341847992.550596 -0.901370525 -0.317489862 0.669197321 0.022379445 0.502638280 0.267978460 0.821609020
1341847992.586730 -0.904230595 -0.321550936 0.674536407 0.020015607 0.505311668 0.270626336 0.819158614
1341847992.618832 -0.908250690 -0.323312700 0.674463749 0.019107491 0.505166292 0.271691591 0.818917334
1341847992.654692 -0.911461830 -0.324979842 0.681008399 0.019705905 0.507808149 0.274268359 0.816406429
1341847992.686829 -0.913211226 -0.326656401 0.682799578 0.018881241 0.508002043 0.275500983 0.815890074
1341847992.718718 -0.915622413 -0.329236537 0.685940623 0.018516993 0.510326743 0.274801552 0.814682662
1341847992.754765 -0.921197057 -0.332029462 0.689560771 0.018509714 0.512967348 0.275691032 0.812721610
1341847992.786631 -0.926942229 -0.328423172 0.686539531 0.021949388 0.510721445 0.275178045 0.814222872
1341847992.818723 -0.926718354 -0.335170209 0.694824576 0.017004576 0.514220953 0.275178462 0.812135696
1341847992.854856 -0.927859068 -0.336268663 0.698049009 0.014577412 0.515630245 0.274748832 0.811434567
1341847992.886610 -0.931633532 -0.336927533 0.698359668 0.013331765 0.516652286 0.276611179 0.810172141
1341847992.922713 -0.931818426 -0.336678743 0.701134205 0.014221921 0.516341686 0.278296918 0.809777617
1341847992.954645 -0.932501376 -0.337644100 0.707702458 0.013540196 0.519394457 0.277753025 0.808021903
1341847992.986720 -0.934073687 -0.340581059 0.708771884 0.012485806 0.520789504 0.278152019 0.807003021
1341847993.022736 -0.940896451 -0.343863428 0.711446762 0.011125848 0.523395777 0.276938319 0.805753231
1341847993.054757 -0.939655185 -0.349053174 0.715907574 0.008185839 0.524581432 0.280708909 0.803710043
1341847993.086751 -0.939646244 -0.351502210 0.721851528 0.005937936 0.526849806 0.280457884 0.802332461
1341847993.122668 -0.941404223 -0.350234270 0.722487271 0.006450393 0.526844800 0.281280994 0.802043617
1341847993.154688 -0.943951964 -0.352112412 0.726202309 0.004369426 0.530016303 0.281194985 0.799995661
1341847993.190779 -0.947445393 -0.348361760 0.728710115 0.009391903 0.532502830 0.280421644 0.798571348
1341847993.222703 -0.951074362 -0.349189550 0.731140018 0.011898378 0.534749746 0.280242831 0.797097921
1341847993.261799 -0.951640248 -0.354660213 0.736837029 0.011363149 0.536821902 0.282257408 0.794999301
1341847993.291547 -0.950905085 -0.353253394 0.736643314 0.014849489 0.535122037 0.282554448 0.795981705
1341847993.322794 -0.950260878 -0.358004779 0.742539763 0.014597593 0.538279355 0.283372343 0.793563068
1341847993.354702 -0.951403260 -0.360179633 0.744249105 0.014945705 0.539643884 0.285115540 0.792003930
1341847993.390722 -0.952109158 -0.362825930 0.749089360 0.013051607 0.542930722 0.285118014 0.789787054
1341847993.422745 -0.954164624 -0.361519456 0.746733129 0.014781883 0.542786717 0.286131233 0.789489090
1341847993.458848 -0.955495179 -0.359205812 0.750356436 0.018736763 0.544402242 0.285418063 0.788550377
1341847993.490680 -0.953616261 -0.364920735 0.755236030 0.017789666 0.546295285 0.289423019 0.785798490
1341847993.522707 -0.955703557 -0.367401481 0.757518053 0.019010805 0.546921074 0.292416334 0.784224868
1341847993.558719 -0.956976831 -0.370706141 0.763676286 0.016547998 0.548734605 0.294941396 0.782065213
1341847993.590981 -0.957169652 -0.367894351 0.762643099 0.019756615 0.544344068 0.299183279 0.783446610
1341847993.626764 -0.960869312 -0.367331445 0.765581727 0.020034112 0.544696033 0.299296647 0.783151567
1341847993.658928 -0.959464610 -0.372195303 0.775122404 0.012590352 0.547266185 0.299405754 0.781471252
1341847993.690739 -0.958899736 -0.375492126 0.781680048 0.008529053 0.547952414 0.304596543 0.779035509
1341847993.727062 -0.957163751 -0.377860576 0.779529750 0.004061440 0.546409547 0.303893656 0.780428588
1341847993.758693 -0.956396759 -0.378896862 0.782976151 0.001953698 0.549399734 0.302420199 0.778908312
1341847993.790887 -0.963585258 -0.377438903 0.784447670 0.004111316 0.551846206 0.300815433 0.777791083
1341847993.826735 -0.963168383 -0.384864271 0.792340696 0.001027915 0.554422259 0.304617822 0.774482310
1341847993.858891 -0.964282930 -0.384583831 0.794373572 0.002468340 0.554003417 0.304619998 0.774777889
1341847993.901726 -0.966487825 -0.386524141 0.800420642 -0.000134719 0.557656884 0.303900540 0.772439778
1341847993.933661 -0.964893758 -0.389162898 0.798118770 -0.000717297 0.555339336 0.304756701 0.773770690
1341847993.965821 -0.964625716 -0.391197324 0.802942932 -0.003067231 0.556618154 0.302272201 0.773820639
1341847994.001991 -0.961532176 -0.389974535 0.802046716 -0.004213166 0.556565225 0.301922381 0.773989856
1341847994.034008 -0.963198781 -0.387753278 0.803100705 0.000984100 0.559448481 0.298550576 0.773229599
1341847994.065706 -0.969350159 -0.393631935 0.809878290 0.001535477 0.565083325 0.299145192 0.768889248
1341847994.101772 -0.968036294 -0.392435610 0.811840653 0.003680942 0.565712750 0.299439430 0.768304348
1341847994.133885 -0.965887368 -0.394842744 0.818287313 0.004962247 0.569919109 0.298896819 0.765394151
1341847994.169705 -0.966666102 -0.401104033 0.818881273 0.004149684 0.571423054 0.300176740 0.763775051
1341847994.201675 -0.968791068 -0.403285086 0.819584250 0.005742913 0.572640777 0.302905589 0.761772752
1341847994.233618 -0.969466448 -0.406584740 0.826979339 0.012066975 0.576500058 0.306558013 0.757313848
1341847994.269680 -0.970348001 -0.411820531 0.828065693 0.012011057 0.578112304 0.306026220 0.756300151
1341847994.301751 -0.974844098 -0.409628153 0.827463984 0.014585466 0.578860164 0.304394603 0.756341279
1341847994.333755 -0.973417521 -0.415603817 0.835178375 0.013893863 0.584018648 0.305693150 0.751851678
1341847994.369712 -0.975616634 -0.418846846 0.835286736 0.015836082 0.584650576 0.305888444 0.751242459
1341847994.401655 -0.981555760 -0.418800831 0.839835882 0.020569786 0.587532878 0.305903912 0.748869002
1341847994.433802 -0.981215477 -0.420953155 0.840089858 0.023861958 0.586276829 0.307678163 0.749028862
1341847994.469690 -0.987161756 -0.419584543 0.838781476 0.028620891 0.584718883 0.306603193 0.750519276
1341847994.501736 -0.985838294 -0.426944524 0.845252633 0.025076849 0.587031186 0.308955401 0.747871697
1341847994.537738 -0.990259767 -0.427607894 0.849073112 0.028643869 0.588856280 0.308974922 0.746299088
1341847994.569734 -0.992831469 -0.429702133 0.850631475 0.030078616 0.588523805 0.311077029 0.745631337
1341847994.601688 -0.993738532 -0.433188826 0.856805503 0.027715353 0.591020226 0.314285457 0.742395818
1341847994.637836 -0.990374923 -0.437514484 0.860052228 0.024049368 0.590697169 0.317619324 0.741361260
1341847994.669750 -0.990778327 -0.443586767 0.862312555 0.020887854 0.591111779 0.319577485 0.740284264
1341847994.701643 -0.997409821 -0.447266519 0.874100566 0.021555338 0.597370684 0.322781116 0.733822823
1341847994.769803 -0.997796178 -0.449659497 0.883881092 0.021348933 0.602979243 0.323322356 0.728987634
1341847994.798790 -1.002728939 -0.452047884 0.885125637 0.018506927 0.604595363 0.324193329 0.727338076
1341847994.831306 -1.004190087 -0.456501663 0.883133411 0.012503405 0.602383852 0.330714792 0.726364315
1341847994.866828 -1.005484104 -0.454140902 0.892146528 0.014158565 0.605079293 0.332169682 0.723423719
1341847994.898727 -1.006846189 -0.456824571 0.901617646 0.013003534 0.608866692 0.334107846 0.719363749
1341847994.930711 -1.005701661 -0.457500994 0.900568366 0.008359981 0.607405126 0.333844453 0.720789194
1341847994.966673 -1.008067489 -0.458138078 0.908415377 0.010581864 0.612852395 0.336402059 0.714936137
1341847994.998679 -1.003488064 -0.463880688 0.907421887 0.007185749 0.612305820 0.339428037 0.714015782
1341847995.030768 -1.002399206 -0.471223235 0.909352243 0.000625119 0.614053190 0.342572987 0.711042941
1341847995.066673 -1.005166292 -0.464389384 0.914541066 0.009483712 0.617570817 0.343553871 0.707451105
1341847995.098711 -1.002337217 -0.468448281 0.915933132 0.007411392 0.619872391 0.344060421 0.705213249
1341847995.134939 -1.001413941 -0.473845214 0.916775584 0.004459123 0.622071385 0.346799195 0.701952696
1341847995.166644 -1.002508759 -0.471176535 0.918923914 0.007701449 0.624022961 0.345889956 0.700639784
1341847995.198787 -0.997295380 -0.479682148 0.917772412 0.002817701 0.624152660 0.348787844 0.699122727
1341847995.234663 -1.004136443 -0.477972299 0.918374658 0.006135598 0.625581264 0.347213417 0.698608100
1341847995.266776 -1.008251667 -0.474425524 0.920404077 0.011588063 0.627067447 0.346141845 0.697737813
1341847995.298812 -1.007853389 -0.474823505 0.923774779 0.014858933 0.629437983 0.345680505 0.695767224
1341847995.334686 -1.016229510 -0.475764513 0.924842715 0.016601013 0.630647302 0.344426841 0.695254326
1341847995.366701 -1.017823100 -0.476732612 0.923775673 0.017959703 0.630699098 0.347639561 0.693572581
1341847995.402793 -1.012300730 -0.481894463 0.932526946 0.013663094 0.634878457 0.347479850 0.689927876
1341847995.434743 -1.014372945 -0.480157256 0.936079323 0.014304210 0.635699332 0.346088737 0.689858198
1341847995.466776 -1.014931917 -0.480996996 0.940147698 0.014382245 0.637886465 0.345581979 0.688089430
1341847995.502702 -1.016584158 -0.481374234 0.940414488 0.018384894 0.637537122 0.346464097 0.687874258
1341847995.534752 -1.015852690 -0.491980076 0.947650492 0.017172392 0.637869656 0.351454705 0.685059845
1341847995.566681 -1.016859770 -0.491990924 0.946805000 0.020274887 0.634162188 0.356032550 0.686052501
1341847995.602698 -1.017819762 -0.491778076 0.945922613 0.021827992 0.629964232 0.359930038 0.687836468
1341847995.634814 -1.015856981 -0.495667219 0.952428102 0.020108109 0.631769240 0.364907354 0.683597803
1341847995.670769 -1.019057631 -0.491763353 0.947196245 0.020734912 0.627468348 0.364631265 0.687675476
1341847995.702780 -1.018775702 -0.491058558 0.944262981 0.019135268 0.624766946 0.367656887 0.688569963
1341847995.734774 -1.018312454 -0.490473568 0.943801045 0.019493861 0.623039305 0.370057434 0.688839257
1341847995.770704 -1.018511415 -0.490581453 0.943420053 0.020152476 0.621940076 0.371475279 0.689050436
1341847995.802752 -1.018819094 -0.490170449 0.943046272 0.021110214 0.621567130 0.372736365 0.688677251
1341847995.838779 -1.018882751 -0.489598185 0.942414999 0.022075277 0.620631635 0.372385770 0.689679563
1341847995.870641 -1.019284725 -0.489759356 0.942238271 0.023369273 0.620481491 0.372752100 0.689574063
1341847995.902803 -1.019045472 -0.489792615 0.941923261 0.020876840 0.620337546 0.373091698 0.689599931
1341847995.938733 -1.019390345 -0.488905311 0.941532612 0.021407856 0.620746911 0.372886777 0.689326048
1341847995.970733 -1.019881248 -0.489379585 0.941236377 0.022813333 0.622031271 0.372860402 0.688136458
1341847996.002709 -1.020522714 -0.489119560 0.940537512 0.021558968 0.622573018 0.373169094 0.687519312
1341847996.038762 -1.020259738 -0.488288492 0.940064073 0.021581560 0.623509169 0.372031540 0.687286735
1341847996.070721 -1.020461798 -0.487990350 0.940267444 0.026908219 0.625221014 0.372731358 0.685161233
1341847996.106729 -1.020817876 -0.488419503 0.939611793 0.026084330 0.625607252 0.372033775 0.685219705
1341847996.138845 -1.020697951 -0.487685978 0.939406276 0.025653899 0.627488673 0.370974332 0.684089065
1341847996.170714 -1.021502733 -0.487274945 0.939130664 0.030196127 0.630014002 0.371141642 0.681486964
1341847996.206643 -1.021348119 -0.487872362 0.939070165 0.029021105 0.631846189 0.369416445 0.680778682
1341847996.239003 -1.022356749 -0.487037003 0.937975883 0.029006556 0.631784976 0.369487166 0.680797815
1341847996.270754 -1.023023009 -0.486318290 0.937517941 0.030900370 0.632084727 0.370797843 0.679722786
1341847996.306636 -1.022348762 -0.486309677 0.937113643 0.031333357 0.631447256 0.371696830 0.679804444
1341847996.338944 -1.023238420 -0.486346573 0.936538041 0.030509707 0.632025659 0.371769279 0.679264545
1341847996.374711 -1.023560166 -0.486740053 0.936267555 0.029847005 0.633291185 0.373054177 0.677408338
1341847996.406705 -1.024095535 -0.486597657 0.935585022 0.031565700 0.633748472 0.373785675 0.676498890
1341847996.438632 -1.024631500 -0.486488223 0.934477448 0.032600604 0.633883119 0.376032352 0.675077081
1341847996.474783 -1.024362087 -0.485761136 0.933644891 0.032525331 0.633936107 0.376583397 0.674723685
1341847996.506707 -1.024209142 -0.485444903 0.933787584 0.036512550 0.634775996 0.377163380 0.673404872
1341847996.538771 -1.024708033 -0.485989064 0.933856130 0.038570825 0.635660410 0.378519565 0.671692669
1341847996.574796 -1.032702208 -0.489004254 0.931867003 0.033604573 0.634142101 0.376548946 0.674496412
1341847996.607104 -1.033419013 -0.488467336 0.930855334 0.034048203 0.632799983 0.377053052 0.675452352
1341847996.642752 -1.034111261 -0.488378316 0.930075884 0.034142166 0.631889284 0.379212379 0.675091267
1341847996.674774 -1.026054859 -0.488285482 0.934897423 0.031277500 0.631568015 0.384462357 0.672556520
1341847996.706896 -1.026701927 -0.487956852 0.934098661 0.028291352 0.631617248 0.384207815 0.672787964
1341847996.742663 -1.035762548 -0.489000827 0.927997470 0.021879911 0.631729305 0.382982314 0.673619986
1341847996.774747 -1.035894513 -0.488457888 0.927486122 0.018473780 0.632150173 0.384086609 0.672697783
1341847996.806787 -1.037357807 -0.488190770 0.926184416 0.018995270 0.631686330 0.385513484 0.672302663
1341847996.842763 -1.038258314 -0.487954199 0.924838662 0.018273909 0.629932284 0.386825264 0.673214316
1341847996.874766 -1.038555622 -0.487887055 0.924606264 0.019860020 0.628816724 0.389587283 0.672619462
1341847996.910785 -1.039629459 -0.487317920 0.923590422 0.022630500 0.626307487 0.389866948 0.674707770
1341847996.942686 -1.040117860 -0.487172186 0.922743082 0.025868265 0.624130428 0.392293006 0.675202370
1341847996.974782 -1.040925741 -0.486896753 0.921440125 0.027335640 0.621423066 0.391716719 0.677970648
1341847997.010744 -1.041083813 -0.487105370 0.920529485 0.028947925 0.619904995 0.391966403 0.679148138
1341847997.042675 -1.041848540 -0.487408131 0.919087231 0.029128499 0.617090046 0.392207265 0.681560636
1341847997.078725 -1.042887211 -0.486813217 0.918641806 0.030989774 0.615468502 0.390708476 0.683801949
1341847997.110693 -1.043333411 -0.486819714 0.917893708 0.030875411 0.613106370 0.390465707 0.686064005
1341847997.142993 -1.044065833 -0.486393213 0.916522205 0.031269267 0.610237837 0.389064044 0.689391911
1341847997.178794 -1.045038462 -0.486198097 0.915739655 0.032185849 0.608179629 0.387265742 0.692175508
1341847997.210888 -1.045361400 -0.487020761 0.914241612 0.030245472 0.605070651 0.387044847 0.695105016
1341847997.242959 -1.045781851 -0.486799926 0.912867725 0.028749008 0.601796210 0.387092859 0.697978437
1341847997.278756 -1.046811700 -0.486189663 0.912048817 0.028854934 0.599259317 0.387071162 0.700165331
1341847997.311412 -1.047441244 -0.486043990 0.911070347 0.027729383 0.597183764 0.387212038 0.701904118
1341847997.346642 -1.047883630 -0.485924423 0.910049379 0.027604969 0.596509814 0.386770517 0.702725112
1341847997.378668 -1.048519611 -0.486195713 0.909952462 0.029740090 0.597961545 0.387443125 0.701031625
1341847997.410817 -1.048991323 -0.485949308 0.909685016 0.030618425 0.598091304 0.387787640 0.700692594
1341847997.446693 -1.048717022 -0.485334039 0.909738183 0.033263512 0.599571347 0.386259139 0.700151145
1341847997.478752 -1.049857497 -0.485944569 0.908517897 0.033760447 0.600562751 0.384493053 0.700249732
1341847997.510941 -1.050528049 -0.485436648 0.907686770 0.034509279 0.601100564 0.385516912 0.699188054
1341847997.546599 -1.055980325 -0.485596567 0.903257132 0.036713239 0.601307988 0.383186281 0.700177908
1341847997.578740 -1.055927038 -0.484771967 0.902830839 0.038589064 0.601743042 0.381867915 0.700423539
1341847997.614736 -1.050642014 -0.482982516 0.904361486 0.037762001 0.601035535 0.380685121 0.701718748
1341847997.646995 -1.052013040 -0.482997596 0.903187931 0.039214935 0.601189196 0.378571421 0.702650309
1341847997.678842 -1.059275389 -0.483622700 0.899363995 0.044362474 0.601764500 0.377045929 0.702671826
1341847997.714639 -1.059606552 -0.483290493 0.898404241 0.046403181 0.600147784 0.375891864 0.704538643
1341847997.746602 -1.060016394 -0.482527077 0.897236705 0.048751935 0.599614084 0.373919040 0.705882967
1341847997.778734 -1.060784101 -0.481745094 0.896011293 0.052603852 0.599162638 0.372095853 0.706952393
1341847997.814628 -1.061011553 -0.481026798 0.894760549 0.054812040 0.597223282 0.371071786 0.708961010
1341847997.846906 -1.061426282 -0.480474919 0.893715024 0.057673175 0.595321715 0.371295035 0.710215330
1341847997.882641 -1.062110424 -0.480202496 0.892601728 0.059751660 0.593384266 0.373375535 0.710574090
1341847997.915169 -1.063006401 -0.479667217 0.891571999 0.062894739 0.590877414 0.375641823 0.711197138
1341847997.946999 -1.063025236 -0.478976548 0.890495777 0.065259509 0.587683082 0.378452420 0.712140143
1341847997.982715 -1.063288212 -0.478467643 0.889363110 0.066859886 0.584327042 0.379974991 0.713940203
1341847998.014866 -1.064262152 -0.478121281 0.888306081 0.070290670 0.582106948 0.380678117 0.715048909
1341847998.050805 -1.064740419 -0.477223337 0.887520969 0.072051756 0.580091238 0.380406886 0.716654241
1341847998.082631 -1.064961076 -0.476943344 0.885622442 0.074234121 0.574878335 0.381759346 0.719905555
1341847998.122275 -1.065664053 -0.476291984 0.884536624 0.076124601 0.569614828 0.382981509 0.723235190
1341847998.154051 -1.065899014 -0.475767821 0.883796871 0.077038288 0.566461265 0.384002149 0.725071788
1341847998.185663 -1.067140579 -0.475364208 0.883127332 0.077256314 0.563566387 0.382298052 0.728198230
1341847998.253760 -1.072543621 -0.474550009 0.878712833 0.079079531 0.559100091 0.381470740 0.731869936
1341847998.283062 -1.073117256 -0.473662734 0.876775384 0.078900613 0.554365158 0.378020108 0.737261653
1341847998.318804 -1.073525429 -0.473449081 0.876131654 0.080853730 0.551845551 0.377553850 0.739176750
1341847998.351206 -1.071873188 -0.473078281 0.876326680 0.079003282 0.546890616 0.376928896 0.743366480
1341847998.382723 -1.072047234 -0.472210884 0.875823140 0.080235504 0.542996109 0.375766724 0.746670544
1341847998.419237 -1.072336555 -0.472697556 0.874142289 0.076726168 0.539171875 0.373059511 0.751154661
1341847998.450786 -1.072829247 -0.472400606 0.871929765 0.073752031 0.534440935 0.370612293 0.756029189
1341847998.484037 -1.073307514 -0.471803069 0.870689034 0.073095776 0.529383421 0.368914962 0.760468245
1341847998.518722 -1.078128219 -0.470907331 0.867719293 0.075513989 0.526744246 0.368900687 0.762069821
1341847998.550746 -1.077633739 -0.469756126 0.867453575 0.075433068 0.524204671 0.368011951 0.764255583
1341847998.586740 -1.077733636 -0.469182670 0.865824401 0.073719479 0.520167410 0.366235733 0.768025160
1341847998.618771 -1.079959393 -0.469412208 0.863279760 0.072180502 0.515669882 0.363725692 0.772384703
1341847998.650736 -1.080338955 -0.469362378 0.862353146 0.069800511 0.513031423 0.363802075 0.774322093
1341847998.686862 -1.080978632 -0.469093293 0.861316264 0.069443606 0.511237025 0.363959104 0.775466323
1341847998.718741 -1.081552386 -0.468483627 0.859529853 0.070509687 0.507690549 0.363565266 0.777881086
1341847998.750838 -1.080915928 -0.468583345 0.859333992 0.070791028 0.504706621 0.365729779 0.778782129
1341847998.786762 -1.082115889 -0.467918754 0.859132171 0.071324065 0.502741218 0.366880894 0.779462993
1341847998.818756 -1.082766533 -0.468380749 0.856783628 0.070437394 0.500486135 0.366178125 0.781323075
1341847998.854711 -1.082611680 -0.468197227 0.855289400 0.068247534 0.498581052 0.365243226 0.783170879
1341847998.886699 -1.084183574 -0.467283607 0.852866530 0.067888521 0.494261771 0.363989502 0.786516428
1341847998.918666 -1.085342646 -0.466214597 0.850626349 0.069303095 0.488821417 0.367259949 0.788270772
1341847998.954799 -1.085688591 -0.466962755 0.848207116 0.065234981 0.483900964 0.370547622 0.790113091
1341847998.986722 -1.085816145 -0.466752946 0.848592460 0.065290771 0.481115192 0.372421592 0.790928245
1341847999.018809 -1.086608768 -0.466295451 0.846506953 0.064568281 0.477181047 0.373114616 0.793041408
1341847999.054894 -1.086009860 -0.465767413 0.844419181 0.062019791 0.472818822 0.374240965 0.795323551
1341847999.086763 -1.086540818 -0.465442657 0.843045592 0.060172562 0.468853503 0.375135839 0.797388673
1341847999.122718 -1.087424994 -0.465547472 0.841737688 0.058380492 0.466084719 0.375630438 0.798910797
1341847999.154891 -1.086586714 -0.465599895 0.842312813 0.057179920 0.466728032 0.377425253 0.797775388
1341847999.186738 -1.087130308 -0.465277433 0.841117263 0.056626450 0.466717988 0.378129780 0.797487080
1341847999.222717 -1.089168072 -0.464238584 0.838441730 0.058898572 0.467147321 0.376729757 0.797733665
1341847999.254873 -1.089578509 -0.463909388 0.836198509 0.059262663 0.468250662 0.375392765 0.797690153
1341847999.290995 -1.089999199 -0.463437647 0.835864186 0.063917086 0.471137673 0.377833873 0.794471800
1341847999.322701 -1.088973999 -0.463113070 0.835553408 0.067374803 0.469806641 0.381756425 0.793097973
1341847999.354861 -1.088727236 -0.463169008 0.835298777 0.070683338 0.468371242 0.384726018 0.792223573
1341847999.390790 -1.090447307 -0.462510079 0.833651066 0.074910648 0.468548000 0.387273192 0.790487587
1341847999.423935 -1.090861320 -0.462165117 0.833136261 0.077289008 0.470681161 0.388698369 0.788288772
1341847999.454933 -1.091524839 -0.461448908 0.831175029 0.078735404 0.471999049 0.388244301 0.787581086
1341847999.490878 -1.091682076 -0.461213857 0.829548001 0.079201736 0.474449426 0.389331847 0.785522461
1341847999.522673 -1.091757536 -0.461207986 0.830038905 0.083660066 0.478573978 0.396925956 0.778728306
1341847999.558926 -1.091492891 -0.460249603 0.830013037 0.088002674 0.479596704 0.401543677 0.775245249
1341847999.590686 -1.091745138 -0.459940314 0.828888535 0.088221610 0.480213732 0.402997673 0.774083078
1341847999.622896 -1.092229843 -0.459393024 0.828973234 0.089762308 0.482985139 0.404875964 0.771196246
1341847999.658843 -1.092173576 -0.458254576 0.828730106 0.092878073 0.484842688 0.406487882 0.768810034
1341847999.691111 -1.092821598 -0.457384139 0.827464759 0.095939532 0.485564202 0.407949567 0.767202854
1341847999.722697 -1.092149734 -0.457048208 0.825031161 0.092729539 0.484157205 0.407681465 0.768627882
1341847999.758778 -1.092731237 -0.455803424 0.825916529 0.096996546 0.486927897 0.409496725 0.765379250
1341847999.791003 -1.093279839 -0.455369115 0.824964166 0.100978732 0.488540769 0.411023766 0.763014197
1341847999.826747 -1.092835188 -0.454901725 0.823882103 0.101259694 0.488082290 0.413820326 0.761757791
1341847999.858757 -1.092703342 -0.451999962 0.821148574 0.101133406 0.486980766 0.415132493 0.761765599
1341847999.897730 -1.092067480 -0.452227771 0.821718514 0.101930246 0.488100499 0.421847612 0.757240176
1341847999.927117 -1.091649771 -0.453976929 0.820665061 0.099500194 0.487807393 0.427559942 0.754543722
1341847999.958786 -1.091063738 -0.452454120 0.822448730 0.099516667 0.489427775 0.433436543 0.750126421
1341847999.990848 -1.092870474 -0.449868202 0.821604967 0.103032112 0.488024563 0.439735591 0.746892929
1341848000.026656 -1.091572881 -0.449896157 0.818958223 0.098981753 0.485246360 0.441330314 0.748308897
1341848000.058724 -1.092396736 -0.450468093 0.820772648 0.099125206 0.488754928 0.446237564 0.743077993
1341848000.094780 -1.092728138 -0.450379789 0.818529963 0.094908409 0.487915099 0.449392378 0.742278755
1341848000.126737 -1.091377258 -0.448842168 0.819324017 0.092925735 0.490030676 0.451579601 0.739804447
1341848000.158633 -1.090043545 -0.448372841 0.819010496 0.089103140 0.490613997 0.454873323 0.737867713
1341848000.194808 -1.090309620 -0.447732210 0.819231391 0.088126138 0.492059916 0.458059460 0.735045850
1341848000.227063 -1.089761376 -0.446963757 0.821224093 0.087928832 0.493713766 0.459786624 0.732878983
1341848000.266975 -1.090784550 -0.445441782 0.819920540 0.088380240 0.493094474 0.462849766 0.731311798
1341848000.295643 -1.091479540 -0.444554210 0.820792496 0.088943742 0.495728731 0.463859171 0.728818715
1341848000.327132 -1.090138912 -0.442087144 0.819818079 0.088349380 0.494447768 0.465302974 0.728840828
1341848000.362696 -1.088599443 -0.441729307 0.816471577 0.083892316 0.489650846 0.467964172 0.730899274
1341848000.394654 -1.088327050 -0.440794051 0.816982627 0.084676750 0.489906222 0.470044076 0.729301274
1341848000.426772 -1.088744640 -0.439615250 0.818173110 0.087227970 0.490830719 0.472642273 0.726695061
1341848000.462696 -1.088783264 -0.438324451 0.818266749 0.087435797 0.490470409 0.474160731 0.725923777
1341848000.494711 -1.089147568 -0.435403258 0.816451550 0.088620186 0.489595950 0.472282052 0.727593243
1341848000.530849 -1.087774277 -0.435101986 0.817769825 0.089470111 0.491708636 0.471596718 0.726508260
1341848000.562770 -1.087980747 -0.434150815 0.817844152 0.092481732 0.491326272 0.473236531 0.725322545
1341848000.594838 -1.086060047 -0.434140027 0.815710485 0.091732740 0.490734398 0.473433733 0.725689530
1341848000.630641 -1.086966395 -0.433470905 0.816458881 0.094769210 0.493723422 0.473240823 0.723394215
1341848000.662663 -1.087527990 -0.432420611 0.815802038 0.098378785 0.495496899 0.473228008 0.721706092
1341848000.695377 -1.086889982 -0.429445624 0.816086769 0.101466753 0.497348279 0.472396076 0.720549166
1341848000.730805 -1.087000608 -0.429198027 0.815680921 0.104081035 0.498128593 0.474822760 0.718037844
1341848000.762655 -1.085448265 -0.428810060 0.813322246 0.105877616 0.496951640 0.476812273 0.717271924
1341848000.798741 -1.085131168 -0.427033484 0.813768744 0.110373728 0.497887462 0.476754099 0.715982735
1341848000.830729 -1.085269690 -0.426211894 0.812727928 0.114035837 0.497075647 0.479188740 0.714345694
1341848000.862750 -1.085600853 -0.425631523 0.813152194 0.118291289 0.500029564 0.479187638 0.711587548
1341848000.898723 -1.086454391 -0.424573809 0.814617097 0.120215483 0.503065586 0.476690710 0.710801780
1341848000.930722 -1.087337017 -0.422469407 0.812914908 0.124489523 0.500444770 0.477853268 0.711135507
1341848000.963197 -1.087201118 -0.420903325 0.811502039 0.125460625 0.498813778 0.477275819 0.712497175
1341848000.998783 -1.086010456 -0.418468475 0.812247932 0.129691884 0.498660415 0.476720572 0.712218583
1341848001.030740 -1.085333586 -0.416601419 0.811264336 0.133675203 0.496835113 0.478004336 0.711897254
1341848001.067042 -1.086744905 -0.414761037 0.811636090 0.138399243 0.496427029 0.479197770 0.710475445
1341848001.098800 -1.084285855 -0.415132582 0.812583804 0.139949113 0.495293975 0.481565386 0.709360898
1341848001.130714 -1.082742214 -0.414196849 0.809968948 0.141959131 0.492402017 0.481520504 0.711003423
1341848001.205951 -1.081506252 -0.411705554 0.811160445 0.144560486 0.494183213 0.480093837 0.710207820
1341848001.233611 -1.082354069 -0.410593331 0.811774015 0.145893157 0.496214777 0.478930980 0.709303319
1341848001.266775 -1.077131271 -0.412693381 0.811897278 0.137526870 0.498584062 0.474042088 0.712589920
1341848001.299150 -1.076219559 -0.413047075 0.812780142 0.137809381 0.500904202 0.475318670 0.710053325
1341848001.334803 -1.073891401 -0.412930131 0.814875007 0.137112051 0.504766703 0.475468367 0.707347691
1341848001.366701 -1.068034410 -0.412451446 0.813998282 0.131344646 0.506423295 0.472498596 0.709245443
1341848001.399276 -1.067094803 -0.412136674 0.812822223 0.129110113 0.508438408 0.472919017 0.707932591
1341848001.434718 -1.067734957 -0.411982507 0.812650681 0.130280092 0.510506749 0.476822853 0.703597844
1341848001.466720 -1.064623713 -0.411051452 0.813985169 0.129534066 0.513460279 0.478995115 0.700102270
1341848001.502686 -1.063484430 -0.410139740 0.813475490 0.125879705 0.516227961 0.478637040 0.698977590
1341848001.534905 -1.060693860 -0.409084201 0.813473761 0.124017984 0.519084334 0.477134079 0.698222101
1341848001.567011 -1.058731318 -0.409993768 0.812544107 0.123503283 0.523612082 0.477110595 0.694940925
1341848001.602899 -1.057214022 -0.407081485 0.812891364 0.123073436 0.527992010 0.479087085 0.690328121
1341848001.634657 -1.058262467 -0.405710220 0.814164281 0.125119716 0.533127129 0.479999423 0.685361981
1341848001.666646 -1.057117581 -0.406554282 0.814845324 0.129148901 0.536967456 0.483524919 0.679109812
1341848001.702767 -1.060908437 -0.410225481 0.816539526 0.131450027 0.542143404 0.488854200 0.670688510
1341848001.734859 -1.058072805 -0.411338270 0.816697478 0.130246580 0.543720782 0.492791414 0.666753471
1341848001.770725 -1.056840062 -0.410733104 0.817880988 0.134002700 0.547601461 0.493876874 0.662013292
1341848001.802763 -1.055487156 -0.410303831 0.818273664 0.135951355 0.549888670 0.496687144 0.657602906
1341848001.834761 -1.053499341 -0.411290407 0.820710361 0.134352282 0.553117454 0.502078950 0.651097000
1341848001.870724 -1.049920917 -0.408830762 0.819027603 0.135724068 0.552301645 0.503424048 0.650466144
1341848001.902749 -1.048901081 -0.409957260 0.823502004 0.137052670 0.556604564 0.505238771 0.645090461
1341848001.934732 -1.047237039 -0.411621302 0.823858142 0.134119615 0.557723403 0.510995269 0.640187800
1341848001.970708 -1.043780804 -0.405508518 0.823370457 0.138892248 0.554541647 0.513442338 0.639976203
1341848002.002731 -1.047547817 -0.408797622 0.822185040 0.143504813 0.556541741 0.515716851 0.635376930
1341848002.038858 -1.047250390 -0.406465322 0.819652677 0.147006959 0.554665029 0.519374609 0.633234322
1341848002.070767 -1.045320272 -0.410800159 0.818730593 0.146756724 0.558568537 0.519818902 0.629485428
1341848002.102720 -1.044743896 -0.409977257 0.819247603 0.150560901 0.558351934 0.521312833 0.627540827
1341848002.138653 -1.039479256 -0.412425190 0.818234921 0.146580189 0.559353530 0.518410206 0.629991114
1341848002.171849 -1.027608871 -0.407842934 0.819073915 0.143894970 0.557071388 0.521394074 0.630169868
1341848002.202698 -1.034595370 -0.409705698 0.821419358 0.149987727 0.560733855 0.522243798 0.624774098
1341848002.238731 -1.037496448 -0.410232693 0.819125652 0.149180770 0.560585737 0.522015989 0.625290334
1341848002.270763 -1.043017268 -0.407014430 0.817557573 0.151467174 0.561679304 0.519758940 0.625639439
1341848002.306708 -1.043635964 -0.406873912 0.814996719 0.149175987 0.561056077 0.519490242 0.626970828
1341848002.338850 -1.040965915 -0.406800687 0.816316485 0.147295818 0.561511219 0.519388795 0.627091944
1341848002.370786 -1.038048625 -0.409179389 0.815729022 0.143326953 0.564008296 0.523829043 0.622057199
1341848002.406793 -1.033813477 -0.406630605 0.816545308 0.144642353 0.561277747 0.525958717 0.622425318
1341848002.438766 -1.039434910 -0.405393034 0.817256987 0.148697853 0.562379122 0.524263799 0.621905267
1341848002.474697 -1.047656775 -0.409502774 0.821522951 0.152165443 0.566977680 0.529739618 0.612174690
1341848002.506756 -1.039713383 -0.410555333 0.822420955 0.149576649 0.566211939 0.533011436 0.610679686
1341848002.538812 -1.038705230 -0.410954982 0.825898051 0.148979425 0.569230318 0.533584177 0.607511282
1341848002.574707 -1.041247606 -0.412509173 0.827033162 0.151266024 0.570019603 0.540038943 0.600461662
1341848002.606780 -1.032163858 -0.411402404 0.829854012 0.145062745 0.568331659 0.540550113 0.603126407
1341848002.639359 -1.030490637 -0.408090025 0.830112815 0.144982502 0.567079723 0.539421737 0.605330408
1341848002.674651 -1.029380798 -0.406243861 0.833818078 0.146790475 0.567262888 0.540501595 0.603757679
1341848002.713789 -1.019204736 -0.404791147 0.836169362 0.143745437 0.564865530 0.542357862 0.605071962
1341848002.742817 -1.025517464 -0.407660067 0.836184025 0.142375872 0.565612078 0.538775146 0.607892632
1341848002.774760 -1.023062110 -0.406307459 0.836957574 0.139036641 0.564378679 0.537189722 0.611205995
1341848002.806780 -1.016414642 -0.403844386 0.837391973 0.138743505 0.560777485 0.539289236 0.612736523
1341848002.842833 -1.015998125 -0.405594647 0.838123739 0.143059164 0.557011604 0.540542901 0.614072859
1341848002.875238 -1.013357878 -0.404055744 0.839027166 0.143849120 0.557656586 0.534549475 0.618533254
1341848002.906656 -1.009085655 -0.401828974 0.840810239 0.145515561 0.557533324 0.530441821 0.621782303
1341848002.943323 -1.012046814 -0.403545648 0.838915348 0.148258314 0.552057922 0.528511167 0.627636433
1341848002.974597 -1.010179281 -0.404317290 0.839767218 0.149020612 0.548542142 0.525817752 0.632779598
1341848003.010885 -1.009369850 -0.404507130 0.839904428 0.149212882 0.547655523 0.521847725 0.636776149
1341848003.042638 -1.007930040 -0.404204220 0.840121150 0.157859921 0.545758009 0.523895681 0.634635091
1341848003.074988 -1.001789808 -0.403565437 0.842062473 0.158606738 0.542077422 0.522186875 0.638996661
1341848003.110641 -1.004883170 -0.402848184 0.841553688 0.155442670 0.539300323 0.515739739 0.647306204
1341848003.142626 -1.001302004 -0.401301593 0.842196584 0.157351002 0.538038909 0.513657928 0.649546266
1341848003.175700 -1.010151863 -0.402579576 0.839266777 0.158798948 0.536064863 0.510390043 0.653390646
1341848003.210749 -1.004859686 -0.401481688 0.841431260 0.162841722 0.534900963 0.510844111 0.652994514
1341848003.242926 -1.004708290 -0.401582599 0.840925038 0.169943780 0.531729400 0.517072201 0.648859978
1341848003.278886 -1.005106449 -0.400269747 0.840487719 0.171591148 0.527185500 0.514299214 0.654315114
1341848003.310739 -1.003502965 -0.399142891 0.842996001 0.174069896 0.527694881 0.512633264 0.654557049
1341848003.342708 -1.004359484 -0.401390314 0.841263533 0.163985148 0.528303683 0.503914952 0.663380563
1341848003.378999 -0.993760705 -0.399884105 0.844395518 0.165573820 0.524897993 0.498919368 0.669437706
1341848003.410779 -0.987807512 -0.399867713 0.848011017 0.168420166 0.521510601 0.499466509 0.670965374
1341848003.442728 -0.985301554 -0.397460103 0.847763240 0.176718786 0.514111340 0.499536633 0.674479902
1341848003.478703 -0.990194917 -0.396327168 0.846732616 0.181461111 0.508397877 0.493959129 0.681621552
1341848003.510700 -0.995331764 -0.393970609 0.844919682 0.184927836 0.500683427 0.486988455 0.691346526
1341848003.546854 -0.992157936 -0.393462211 0.843868256 0.184667870 0.492285281 0.483210474 0.700043321
1341848003.578749 -0.990225911 -0.393608630 0.844977140 0.188591108 0.487249136 0.480789185 0.704175711
1341848003.617886 -0.985913455 -0.392003715 0.847701311 0.197729707 0.481821626 0.479013085 0.706609726
1341848003.649972 -0.989494085 -0.392098457 0.845779598 0.199723333 0.477111727 0.474945188 0.711970568
1341848003.685816 -0.980986297 -0.395349532 0.850288510 0.205988690 0.473418742 0.476713002 0.711468935
1341848003.717853 -0.984977305 -0.394231737 0.848439634 0.206376672 0.472292572 0.471869677 0.715323269
1341848003.753761 -0.991004348 -0.390059650 0.847656786 0.215696827 0.467205584 0.467217624 0.718958557
1341848003.785807 -0.988757730 -0.389579147 0.849554777 0.213979200 0.469523311 0.460350096 0.722383916
1341848003.817941 -0.993598580 -0.387994021 0.849095106 0.224105448 0.464412659 0.460507452 0.722516775
1341848003.853971 -0.989511728 -0.388381422 0.850302339 0.227108568 0.459651947 0.460265785 0.724773884
1341848003.885751 -0.985281825 -0.389197350 0.850899220 0.221469760 0.459158540 0.453834206 0.730861902
1341848003.921688 -0.982970834 -0.388791502 0.851364851 0.224508122 0.453284889 0.450545579 0.735620558
1341848003.953824 -0.984592080 -0.387017220 0.851095438 0.230561599 0.448175877 0.447961599 0.738451183
1341848003.985789 -0.981545329 -0.384404778 0.851435423 0.230910957 0.443676561 0.438891023 0.746462286
1341848004.021643 -0.979983926 -0.384865344 0.852003694 0.236355796 0.440169096 0.436425418 0.748278022
1341848048.690791 0.019990824 -0.132747695 0.532676637 -0.027986854 0.087352388 0.106050134 0.990121067
1341848048.758833 0.024174325 -0.119593158 0.537387192 -0.007239201 0.076728716 0.120909601 0.989667237
1341848048.822736 0.014239468 -0.124836616 0.535809100 -0.007330764 0.083935350 0.114591941 0.989833236
1341848048.926768 0.011026405 -0.134568751 0.524475455 -0.008782355 0.078965276 0.104034096 0.991395116
1341848049.126753 0.001394920 -0.136851057 0.504021704 0.009790472 0.063791029 0.107150100 0.992146015
1341848049.194708 0.007107690 -0.158824921 0.495866835 -0.009271913 0.055458665 0.094470173 0.993938506
1341848049.258792 -0.010563038 -0.142763555 0.510525405 0.009687350 0.065463170 0.102263249 0.992553771
1341848049.294747 -0.024013653 -0.141981006 0.504076898 0.014119451 0.074809566 0.102340259 0.991831958
1341848049.326837 -0.018565372 -0.137065426 0.509982824 0.019695954 0.068039328 0.102327734 0.992225647
1341848049.358802 -0.018038295 -0.139575809 0.516935706 0.016892005 0.065227143 0.099423170 0.992761374
1341848049.394779 -0.025200099 -0.141113818 0.521783233 0.015650505 0.070214808 0.098745279 0.992509067
1341848049.426763 -0.027552761 -0.146838069 0.517740190 0.010948517 0.070723943 0.097214170 0.992687106
1341848049.462746 -0.026401363 -0.138890058 0.514371872 0.017893665 0.068072550 0.098804951 0.992614508
1341848049.494728 -0.037808113 -0.142876580 0.516513407 0.016043874 0.076916456 0.101010889 0.991777837
1341848049.526803 -0.036122173 -0.146301970 0.512394786 0.012931384 0.073088311 0.101937436 0.992017925
1341848049.562799 -0.039570019 -0.149957910 0.509747982 0.008417756 0.076036811 0.102016717 0.991836727
1341848049.594759 -0.046458356 -0.147205144 0.510873437 0.013129199 0.078532822 0.105264947 0.991251469
1341848049.626829 -0.050896183 -0.141888857 0.509910047 0.018114697 0.077860959 0.104906112 0.991263986
1341848049.662690 -0.054652654 -0.139832020 0.506939471 0.018797640 0.078641869 0.105074972 0.991171718
1341848049.695064 -0.055649541 -0.135790199 0.504065156 0.021432994 0.074391276 0.106448732 0.991299748
1341848049.730793 -0.062480412 -0.141787708 0.501947939 0.013703040 0.075005591 0.105796635 0.991460264
1341848049.762702 -0.065634027 -0.133383274 0.500319660 0.020809337 0.070364960 0.105504915 0.991707861
1341848049.794722 -0.067656495 -0.132854819 0.498661906 0.020062868 0.068626314 0.105362818 0.991860151
1341848049.830816 -0.073041953 -0.132259563 0.494257867 0.020116514 0.066961728 0.104459979 0.992068350
1341848049.869834 -0.078021042 -0.131303504 0.493444502 0.018478526 0.064977095 0.103301205 0.992353439
1341848049.898674 -0.081806347 -0.130647510 0.491509795 0.016904967 0.063041031 0.103012048 0.992536426
1341848049.930835 -0.086293750 -0.133999810 0.491199344 0.014309315 0.063135773 0.098722361 0.993007064
1341848049.963022 -0.089743719 -0.130495265 0.490408510 0.017777756 0.060857594 0.097677983 0.993196487
1341848049.998757 -0.093925960 -0.128752112 0.488392383 0.017654842 0.057536449 0.097350806 0.993428767
1341848050.030786 -0.101853184 -0.129726917 0.488492906 0.016852198 0.059101254 0.097001836 0.993384957
1341848050.062661 -0.105655372 -0.133203328 0.485551566 0.013156347 0.058159638 0.093513779 0.993830740
1341848050.098678 -0.099329740 -0.131769642 0.480441481 0.011618733 0.047754314 0.091213599 0.994617820
1341848050.130710 -0.106818266 -0.127610341 0.484609932 0.015257210 0.049268100 0.090088703 0.994597316
1341848050.166738 -0.111000463 -0.119171783 0.484531373 0.023300700 0.047286414 0.087724447 0.994748950
1341848050.198726 -0.118599288 -0.122641586 0.483501196 0.018585658 0.049831171 0.084291756 0.995020747
1341848050.230806 -0.126829848 -0.122568645 0.481140137 0.018685356 0.050618678 0.083938234 0.995009005
1341848050.266732 -0.119238079 -0.122206211 0.480498880 0.015813345 0.036935747 0.079683013 0.996010184
1341848050.298842 -0.119321629 -0.121917278 0.480870396 0.014388676 0.032964062 0.074996211 0.996534944
1341848050.330688 -0.121630281 -0.122623459 0.478818595 0.014070425 0.028647982 0.072722360 0.996841371
1341848050.366746 -0.122510239 -0.118839644 0.474718988 0.016706441 0.022209106 0.071416974 0.997059286
1341848050.398693 -0.123107560 -0.120954499 0.476326793 0.012961277 0.016728533 0.069466569 0.997359812
1341848050.434780 -0.132434413 -0.118697509 0.477683574 0.015369809 0.019904798 0.067285359 0.997416794
1341848050.466655 -0.136849463 -0.119270265 0.476736754 0.014814303 0.018706916 0.062446520 0.997762978
1341848050.498791 -0.139154822 -0.117543086 0.475779444 0.016993281 0.014815240 0.057638150 0.998082936
1341848050.534849 -0.139572322 -0.122384958 0.475501388 0.012637731 0.010915373 0.055214185 0.998334885
1341848050.566840 -0.144562721 -0.119827487 0.473119676 0.016083008 0.009150025 0.053794332 0.998380601
1341848050.598790 -0.146077573 -0.122477517 0.472794712 0.012032725 0.003179330 0.051423229 0.998599410
1341848050.634752 -0.147858143 -0.123199247 0.474470317 0.012010191 -0.000362167 0.049450513 0.998704314
1341848050.666816 -0.156803161 -0.124323219 0.472954392 0.013060723 0.002377005 0.045387488 0.998881221
1341848050.702846 -0.156698793 -0.121972218 0.471236080 0.015311269 -0.004461136 0.043328758 0.998933554
1341848050.734789 -0.160762876 -0.119821094 0.472167730 0.017838443 -0.007412391 0.044156890 0.998837829
1341848050.766882 -0.163009346 -0.121743649 0.471643776 0.014718297 -0.012723718 0.042612910 0.998902202
1341848050.802875 -0.169004485 -0.124047115 0.472385794 0.013599657 -0.014272278 0.038846195 0.999050677
1341848050.834769 -0.172523767 -0.124541476 0.470970482 0.014082208 -0.017280230 0.037296720 0.999055564
1341848050.870719 -0.177355990 -0.124364622 0.469797611 0.013767299 -0.018641237 0.034944817 0.999120533
1341848050.902725 -0.181115896 -0.123442329 0.470266432 0.015817484 -0.023201872 0.029991128 0.999155641
1341848050.934794 -0.182236433 -0.121891648 0.470365942 0.018842062 -0.026823033 0.028258957 0.999063015
1341848050.970852 -0.184426576 -0.126431793 0.469563633 0.014998901 -0.030514335 0.024823872 0.999113441
1341848051.002763 -0.191667035 -0.124004908 0.471493542 0.018254036 -0.030055320 0.023730887 0.999099731
1341848051.035007 -0.195837319 -0.125508249 0.470867634 0.017640555 -0.032270990 0.023292584 0.999051988
1341848051.070784 -0.198699266 -0.127146706 0.470027268 0.016125681 -0.034953363 0.021761484 0.999021828
1341848051.102734 -0.197271228 -0.128439650 0.468936354 0.016584788 -0.042138331 0.020835653 0.998756826
1341848051.138713 -0.204187840 -0.127640784 0.467437685 0.018406279 -0.040007677 0.019113446 0.998846948
1341848051.170672 -0.204899564 -0.119874790 0.469038665 0.025591493 -0.043132439 0.016750930 0.998601079
1341848051.202839 -0.207366377 -0.119527288 0.468838304 0.028004007 -0.046262827 0.018553572 0.998364329
1341848051.238747 -0.209395796 -0.120427422 0.466842055 0.029189050 -0.049935322 0.016647711 0.998187006
1341848051.270842 -0.211802483 -0.128550351 0.465638906 0.023768308 -0.051702641 0.013339680 0.998290539
1341848051.302718 -0.210695043 -0.127120554 0.466333508 0.029367877 -0.056012757 0.011768930 0.997928679
1341848051.338668 -0.212568656 -0.126727760 0.464895517 0.033651046 -0.059046037 0.009558456 0.997642100
1341848051.370895 -0.216298372 -0.127779409 0.462885380 0.035422176 -0.061358288 0.008247835 0.997452974
1341848051.406688 -0.214360863 -0.124862611 0.465331495 0.039622806 -0.065988332 0.006353487 0.997013152
1341848051.440006 -0.217278048 -0.126553819 0.461925507 0.040204592 -0.067321502 0.004931408 0.996908784
1341848051.470890 -0.218820125 -0.126380637 0.460615337 0.041663025 -0.070447519 0.003340685 0.996639431
1341848051.506718 -0.215081006 -0.122678809 0.460562021 0.046441562 -0.078288406 0.000661901 0.995848238
1341848051.538932 -0.219566286 -0.127739474 0.460833192 0.042370796 -0.079865329 -0.005869223 0.995887399
1341848051.570738 -0.218907326 -0.120269425 0.462026417 0.053686429 -0.084754117 -0.015647652 0.994831502
1341848051.606760 -0.225429177 -0.125151664 0.460625589 0.049958702 -0.084111720 -0.022400500 0.994951010
1341848051.638863 -0.225266635 -0.125392646 0.462127626 0.053250417 -0.092417173 -0.028801914 0.993878245
1341848051.674718 -0.225748330 -0.124761701 0.459836662 0.058458276 -0.095764272 -0.032217328 0.993163586
1341848051.706714 -0.234110981 -0.121294148 0.452404290 0.060067866 -0.093363993 -0.039246302 0.993043184
1341848051.738793 -0.228626579 -0.123186931 0.456377089 0.059647348 -0.106811196 -0.043590557 0.991530836
1341848051.774823 -0.229634851 -0.115561202 0.454920888 0.067233272 -0.110680401 -0.048902441 0.990372658
1341848051.806694 -0.228348017 -0.114939012 0.453942597 0.068432808 -0.114894100 -0.057103015 0.989371300
1341848051.838757 -0.232447669 -0.111149587 0.454843402 0.076369710 -0.113814168 -0.065428928 0.988399208
1341848051.874951 -0.236089408 -0.113960564 0.449081451 0.073897071 -0.110626347 -0.072694302 0.988441527
1341848051.906707 -0.225692749 -0.110227406 0.448510587 0.073674202 -0.123436734 -0.075242400 0.986749232
1341848051.942680 -0.230209112 -0.110471666 0.449013084 0.071974911 -0.123071179 -0.081617050 0.986413598
1341848051.974762 -0.229359224 -0.111247301 0.448672533 0.068442874 -0.122544594 -0.085935965 0.986363709
1341848052.006755 -0.228969738 -0.105283357 0.446530938 0.070341453 -0.120822899 -0.090173446 0.986064196
1341848052.042751 -0.225834697 -0.107547268 0.448397338 0.068223141 -0.122625485 -0.092746101 0.985751867
1341848052.074871 -0.221574977 -0.107617915 0.447864592 0.067274362 -0.123061895 -0.096361123 0.985415876
1341848052.110964 -0.217120096 -0.106514663 0.448557079 0.066677086 -0.122641906 -0.099111237 0.985236049
1341848052.143014 -0.218129277 -0.107809111 0.446431726 0.065833114 -0.119844489 -0.100419581 0.985504508
1341848052.178064 -0.213034570 -0.106713437 0.442579478 0.064919211 -0.120002642 -0.107176751 0.984834015
1341848052.211397 -0.211466640 -0.103006333 0.444699526 0.065576769 -0.117007732 -0.110646144 0.984767139
1341848052.242872 -0.208640963 -0.102416039 0.441589147 0.066958942 -0.116092920 -0.112949669 0.984520853
1341848052.275206 -0.208190829 -0.104681760 0.436037540 0.061167844 -0.111253977 -0.114418902 0.985286415
1341848052.311125 -0.207120121 -0.093623310 0.437366992 0.068442650 -0.107355282 -0.117997967 0.984818220
1341848052.342876 -0.204782709 -0.097681940 0.437120676 0.064584978 -0.107325241 -0.121704839 0.984630883
1341848052.379476 -0.199551493 -0.098947659 0.434809834 0.061712343 -0.106310740 -0.122110322 0.984874964
1341848052.412309 -0.199489400 -0.095896669 0.435121506 0.062151313 -0.102445461 -0.120677173 0.985433519
1341848052.444722 -0.194586322 -0.092743583 0.433219284 0.065124586 -0.104545213 -0.125185877 0.984458029
1341848052.481496 -0.191879094 -0.095398225 0.429475248 0.062982269 -0.102343738 -0.125097260 0.984839916
1341848052.512393 -0.188006908 -0.093457952 0.431037337 0.066457406 -0.101044692 -0.127977833 0.984375417
1341848052.543277 -0.188758433 -0.093492404 0.425636590 0.066231020 -0.098399885 -0.129168987 0.984503090
1341848052.579155 -0.189330563 -0.095029771 0.420716733 0.061415646 -0.093733363 -0.130177334 0.985137582
1341848052.617750 -0.186263412 -0.100232691 0.424134940 0.055337507 -0.093415402 -0.134034753 0.985010624
1341848052.646710 -0.177961588 -0.100193337 0.420959204 0.056788970 -0.097371899 -0.140130341 0.983695686
1341848052.678720 -0.176572800 -0.091048822 0.417836726 0.065232970 -0.092250928 -0.145680457 0.982858896
1341848052.710822 -0.173589796 -0.087743975 0.416211873 0.066604964 -0.089942753 -0.146809056 0.982812881
1341848052.746833 -0.171106547 -0.089214996 0.413096070 0.063125059 -0.091795743 -0.142955109 0.983439147
1341848052.778710 -0.165960610 -0.089290477 0.411447436 0.059211403 -0.093835443 -0.142378837 0.983573675
1341848052.810890 -0.163199246 -0.090964943 0.410749942 0.054021712 -0.090987034 -0.142034471 0.984189630
1341848052.846856 -0.160781547 -0.095162980 0.409566134 0.052049607 -0.087908909 -0.143662184 0.984339356
1341848052.878813 -0.158293873 -0.092230484 0.401996374 0.055575717 -0.082183503 -0.147026896 0.984144449
1341848052.914694 -0.156439602 -0.086157113 0.403653413 0.058655217 -0.076061234 -0.145627871 0.984665811
1341848052.946675 -0.153392643 -0.085363179 0.402525663 0.059291400 -0.074279159 -0.145316094 0.984809816
1341848052.978684 -0.151240930 -0.089537442 0.394827545 0.053995959 -0.069601364 -0.143435612 0.985731363
1341848053.014784 -0.145659879 -0.089874044 0.393983215 0.052424125 -0.067076035 -0.141902059 0.986213088
1341848053.046693 -0.146288633 -0.090186387 0.392899483 0.052536294 -0.061170492 -0.139860600 0.986882508
1341848053.082651 -0.142926827 -0.084225133 0.389513701 0.056682881 -0.056811724 -0.138340369 0.987127841
1341848053.114846 -0.136516720 -0.083841085 0.389511555 0.056057245 -0.053761084 -0.136263266 0.987623215
1341848053.146985 -0.136890888 -0.081289716 0.389586806 0.057906765 -0.044812474 -0.133111641 0.988392591
1341848053.183210 -0.131260976 -0.082340561 0.385818690 0.055400122 -0.044126865 -0.128699556 0.989151180
1341848053.214816 -0.124858171 -0.086302191 0.384622514 0.051515184 -0.043161873 -0.126929462 0.989632308
1341848053.247961 -0.127916813 -0.081004106 0.384080648 0.057032838 -0.033475257 -0.126419440 0.989770055
1341848053.289822 -0.122879192 -0.082160041 0.379984587 0.057570118 -0.032213293 -0.122601971 0.990260959
1341848053.321709 -0.118389651 -0.079415016 0.379705310 0.059391633 -0.029511640 -0.118936174 0.990684569
1341848053.353831 -0.115576938 -0.078797765 0.378596723 0.059609331 -0.025886731 -0.114920512 0.991246641
1341848053.386096 -0.114043310 -0.079547688 0.376702279 0.058744535 -0.021777920 -0.111584999 0.991778016
1341848053.421775 -0.110637374 -0.079123884 0.373579502 0.058698274 -0.018135639 -0.107829586 0.992269337
1341848053.453749 -0.110923097 -0.071067944 0.372673601 0.062684283 -0.009954042 -0.101775900 0.992780566
1341848053.485736 -0.109334260 -0.074696988 0.371696860 0.056993738 -0.007673934 -0.097400062 0.993582428
1341848053.521747 -0.106197156 -0.073485330 0.368249953 0.056082375 -0.005590281 -0.093298569 0.994041681
1341848053.553915 -0.107292369 -0.075402379 0.364047498 0.051088791 0.002311018 -0.090376474 0.994593740
1341848053.589737 -0.102278151 -0.073190048 0.364686817 0.049919348 0.005447686 -0.084674008 0.995142579
1341848053.621911 -0.098587364 -0.072447136 0.363126785 0.046629097 0.007807635 -0.077494651 0.995871127
1341848053.653792 -0.095041618 -0.075676590 0.358914107 0.038398348 0.012753694 -0.071987331 0.996584535
1341848053.689724 -0.095297202 -0.071812645 0.360858202 0.037953142 0.021013793 -0.068205461 0.996727645
1341848053.721697 -0.090568542 -0.075263008 0.358885944 0.032746386 0.023414468 -0.064078383 0.997132599
1341848053.758007 -0.087169848 -0.072243482 0.353383541 0.032410741 0.029047960 -0.056993820 0.997425437
1341848053.789882 -0.086163543 -0.071459368 0.354559779 0.031145217 0.036002923 -0.052264571 0.997497916
1341848053.821625 -0.088631570 -0.069910511 0.355225742 0.032206390 0.045635391 -0.045148283 0.997417569
1341848053.857784 -0.093927294 -0.069961943 0.356753826 0.030500604 0.057606909 -0.038078774 0.997146547
1341848053.889790 -0.091400519 -0.073589593 0.354909271 0.026747501 0.061035872 -0.029215375 0.997349322
1341848053.925729 -0.092858285 -0.072838694 0.353827327 0.028970424 0.065928087 -0.024348037 0.997106493
1341848053.951067 -0.092259727 -0.071953706 0.348665774 0.032294676 0.069276057 -0.017808486 0.996915638
1341848053.986823 -0.092360005 -0.071373776 0.346948147 0.033548091 0.073515490 -0.012165456 0.996655405
1341848054.019304 -0.094529033 -0.068978444 0.346028417 0.037157532 0.075281493 -0.003308591 0.996464312
1341848054.051032 -0.088648647 -0.067725353 0.340055436 0.037022151 0.070787139 0.005837545 0.996787071
1341848054.086777 -0.092479452 -0.066669203 0.339045614 0.035766475 0.074387074 0.012906552 0.996504247
1341848054.118853 -0.098005049 -0.069848411 0.336817235 0.032461349 0.077231899 0.019024950 0.996302962
1341848054.155032 -0.095941179 -0.070004523 0.332140148 0.030497484 0.074399099 0.027552212 0.996381223
1341848054.186687 -0.099053897 -0.066818200 0.331283450 0.030959954 0.076432310 0.030822726 0.996117234
1341848054.219030 -0.101559557 -0.069326192 0.329896450 0.029333839 0.078457646 0.030661080 0.996013939
1341848054.254827 -0.100845315 -0.073764987 0.325983882 0.029026339 0.078253649 0.030401966 0.996046960
1341848054.286801 -0.099755198 -0.067600690 0.321181953 0.033729926 0.078586079 0.028929057 0.995916486
1341848054.322895 -0.097906768 -0.064482227 0.316901892 0.031165000 0.078144789 0.032617275 0.995920777
1341848054.354790 -0.108434960 -0.067124464 0.319817454 0.027058037 0.085511215 0.033050522 0.995421171
1341848054.387103 -0.102555633 -0.063870482 0.313916147 0.027001705 0.080933794 0.033158869 0.995801747
1341848054.422878 -0.103787720 -0.063367330 0.313250661 0.023561563 0.083388507 0.034816027 0.995629966
1341848054.454739 -0.107436985 -0.062136322 0.311538845 0.023547081 0.084450938 0.037795059 0.995432138
1341848054.486883 -0.107664846 -0.060622387 0.308948427 0.024569066 0.081387535 0.039092693 0.995612502
1341848054.522689 -0.107777044 -0.061371010 0.306172043 0.022860710 0.081828013 0.040013988 0.995580435
1341848054.554861 -0.106801093 -0.064656049 0.303610235 0.021710761 0.082854129 0.041597661 0.995456457
1341848054.590790 -0.109634489 -0.062836595 0.299573570 0.024943143 0.085535318 0.044363655 0.995034397
1341848054.622694 -0.109247454 -0.065682672 0.296161145 0.021528842 0.085634656 0.044870127 0.995082855
1341848054.656449 -0.108662069 -0.064503700 0.293205708 0.022017436 0.085189752 0.047151115 0.995004892
1341848054.691021 -0.110043503 -0.064002804 0.289595097 0.022427326 0.089825958 0.048489042 0.994523585
1341848054.722739 -0.111331031 -0.065621652 0.291193217 0.022534536 0.094568498 0.048706900 0.994070709
1341848054.754741 -0.110202849 -0.064446718 0.288439870 0.025252996 0.096617989 0.048806377 0.993803382
1341848054.790887 -0.111387745 -0.066735528 0.283603668 0.026184147 0.099088393 0.051388230 0.993405819
1341848054.822877 -0.111661971 -0.065778330 0.279592395 0.027259935 0.101740748 0.055769168 0.992872357
1341848054.858903 -0.112975210 -0.062741995 0.279234707 0.030026279 0.105043866 0.063091144 0.992009938
1341848054.890895 -0.111403763 -0.065410055 0.277020514 0.030632585 0.105487421 0.065766647 0.991770566
1341848054.922754 -0.108048081 -0.059837207 0.272273779 0.036183883 0.106073909 0.070229486 0.991214871
1341848054.958727 -0.114950582 -0.054018818 0.271891594 0.040867522 0.112988524 0.075361699 0.989890933
1341848054.991052 -0.113474503 -0.058533490 0.269637406 0.039529815 0.112086743 0.077674396 0.989868999
1341848055.023048 -0.111161239 -0.058898084 0.263901085 0.041316375 0.112393565 0.078449912 0.989700079
1341848055.058739 -0.112960324 -0.055891462 0.259837151 0.044690348 0.116844237 0.080089584 0.988906384
1341848055.090735 -0.114011422 -0.054733768 0.259934545 0.047603395 0.118014336 0.083502777 0.988349020
1341848055.126977 -0.116104536 -0.054649759 0.253888011 0.048437387 0.118956245 0.086527862 0.987935305
1341848055.159212 -0.117839232 -0.055985287 0.248566151 0.046689939 0.122172393 0.087929919 0.987503052
1341848055.190986 -0.124789618 -0.055610966 0.246697471 0.049159832 0.128596619 0.089541890 0.986422062
1341848055.226768 -0.126101941 -0.052004367 0.243378147 0.053382054 0.128897831 0.093543418 0.985791743
1341848055.258881 -0.125553071 -0.047027171 0.238066420 0.055364847 0.127382621 0.094130792 0.985823452
1341848055.294725 -0.125395581 -0.043128632 0.235332713 0.056683190 0.126194596 0.096859381 0.985636950
1341848055.326795 -0.125802517 -0.044779614 0.228988320 0.055844687 0.125039533 0.098511271 0.985668302
1341848055.358938 -0.130430520 -0.046883263 0.222777918 0.053812034 0.127536997 0.097350977 0.985576630
1341848055.394711 -0.133848846 -0.041202180 0.217475414 0.055761233 0.130314350 0.097091667 0.985130489
1341848055.426823 -0.136791468 -0.036766429 0.216267586 0.057857923 0.133169308 0.098120347 0.984525681
1341848055.458813 -0.138578042 -0.037789501 0.211492389 0.056281365 0.134528920 0.096808329 0.984562099
1341848055.494734 -0.140078858 -0.035666857 0.205321461 0.055436626 0.135970682 0.097922869 0.984301686
1341848055.526713 -0.144115001 -0.038113322 0.203235790 0.052517489 0.139640629 0.098412417 0.983899057
1341848055.562613 -0.148545712 -0.037729383 0.200939968 0.053465929 0.143261045 0.099182464 0.983249962
1341848055.594685 -0.147951066 -0.034080625 0.194035292 0.054213960 0.144555181 0.098930143 0.983044982
1341848055.626675 -0.152418539 -0.028010890 0.194043532 0.055893227 0.148467526 0.100469649 0.982211351
1341848055.662951 -0.153552994 -0.026445415 0.190818548 0.056034125 0.148557693 0.101832554 0.982049346
1341848055.694797 -0.152198553 -0.026409499 0.183454514 0.054078113 0.149062112 0.101299599 0.982137680
1341848055.726774 -0.158308610 -0.018881228 0.182768628 0.054891143 0.158094406 0.103362106 0.980463862
1341848055.762799 -0.164933473 -0.023043770 0.186433956 0.051606622 0.164366990 0.107193783 0.979198515
1341848055.794951 -0.165864065 -0.024915112 0.180941254 0.051244315 0.164431870 0.110288903 0.978862882
1341848055.830810 -0.166187108 -0.023322102 0.177202955 0.051674642 0.166875064 0.113882877 0.978014886
1341848055.862804 -0.167040214 -0.022656037 0.176007837 0.053697053 0.169716790 0.117832944 0.976948440
1341848055.894792 -0.168842599 -0.023180265 0.175142795 0.055847183 0.172105342 0.120995611 0.976023018
1341848055.930676 -0.171809375 -0.016112929 0.173984870 0.060486007 0.174685702 0.121314399 0.975248277
1341848055.962765 -0.175668463 -0.016856804 0.172224239 0.060409531 0.176686376 0.122073360 0.974797785
1341848055.994709 -0.179033235 -0.017435569 0.170870453 0.059922587 0.177378148 0.125895143 0.974215925
1341848056.030693 -0.181879908 -0.018927839 0.168076798 0.056686662 0.177610382 0.128466859 0.974031508
1341848056.062776 -0.189243376 -0.020845041 0.169583708 0.056197766 0.180493250 0.129745290 0.973360240
1341848056.098792 -0.189351156 -0.018972972 0.166835234 0.056791432 0.178935632 0.131446436 0.973385096
1341848056.130649 -0.192727253 -0.017483220 0.166735739 0.057293229 0.180338442 0.130534917 0.973219454
1341848056.162731 -0.201643273 -0.021138445 0.170307979 0.057145812 0.184049591 0.130706340 0.972510159
1341848056.198744 -0.204435766 -0.016446168 0.167794868 0.060418364 0.180437371 0.132762671 0.972710669
1341848056.230727 -0.210803106 -0.017815705 0.168800384 0.059418373 0.179933101 0.134841472 0.972579718
1341848056.263915 -0.215282172 -0.015884180 0.173644990 0.060773335 0.178501695 0.134650558 0.972786188
1341848056.298771 -0.217995375 -0.016354375 0.171003088 0.060370632 0.175310045 0.134011298 0.973479688
1341848056.330676 -0.223632097 -0.015565759 0.168515503 0.059884485 0.174558043 0.135150924 0.973487318
1341848056.366737 -0.229309037 -0.017010260 0.170234561 0.058985069 0.173955679 0.137621179 0.973303974
1341848056.398744 -0.244146630 -0.012845991 0.174804136 0.062169325 0.174682885 0.139781222 0.972667515
1341848056.430750 -0.252025098 -0.006949563 0.178060561 0.061587349 0.172481909 0.144660756 0.972383797
1341848056.466830 -0.256455600 -0.009720606 0.175677016 0.053507231 0.168597683 0.150274456 0.972691834
1341848056.498895 -0.266692877 -0.011596609 0.180178255 0.049998343 0.168120608 0.151758865 0.972730637
1341848056.534778 -0.270712316 -0.012485168 0.180110633 0.046850301 0.166313350 0.150954857 0.973322928
1341848056.566729 -0.276225805 -0.014796721 0.182553932 0.043354478 0.167173475 0.151334822 0.973278582
1341848056.598948 -0.275153786 -0.014058338 0.178517729 0.042611085 0.161129653 0.155029222 0.973749220
1341848056.634801 -0.278263122 -0.011874637 0.175699621 0.041450605 0.153764978 0.157100230 0.974657714
1341848056.666759 -0.284384578 -0.014456513 0.175715879 0.037434280 0.150069639 0.158900946 0.975104213
1341848056.698889 -0.291370541 -0.017556030 0.178784654 0.035981756 0.150428548 0.158581734 0.975155532
1341848056.734784 -0.296783447 -0.017885167 0.180924207 0.034801383 0.148917362 0.155527771 0.975921929
1341848056.766724 -0.301299304 -0.017652249 0.180463493 0.034673870 0.145733431 0.155047745 0.976483345
1341848056.802861 -0.309990644 -0.021206126 0.181167126 0.030859750 0.146383807 0.152908653 0.976851285
1341848056.834980 -0.309978515 -0.020496776 0.181045592 0.028670497 0.142539114 0.150414750 0.977873206
1341848056.866661 -0.317255974 -0.024175687 0.183851406 0.028238449 0.142308965 0.151883498 0.977692246
1341848056.902748 -0.319400847 -0.022050226 0.183625221 0.029671317 0.142346531 0.150554582 0.977849841
1341848056.934715 -0.317260802 -0.021048229 0.180126160 0.027704498 0.140810594 0.148634285 0.978423536
1341848056.966788 -0.322655946 -0.023472212 0.183671653 0.027180417 0.143818244 0.148312435 0.978049576
1341848057.002703 -0.328110963 -0.024808528 0.182118237 0.025600959 0.145598069 0.148350194 0.977823079
1341848057.034763 -0.332063437 -0.024786759 0.182514518 0.022932408 0.148700118 0.147944182 0.977483988
1341848057.070964 -0.333881110 -0.025408952 0.185900807 0.022118412 0.149947762 0.147200108 0.977424443
1341848057.102757 -0.339038640 -0.023424421 0.185250729 0.022909416 0.150081769 0.146139055 0.977544904
1341848057.134714 -0.342069834 -0.022480287 0.184210092 0.020404266 0.151073843 0.146140158 0.977447391
1341848057.170739 -0.345255077 -0.022901420 0.187669575 0.018148106 0.151960239 0.145593971 0.977435946
1341848057.202641 -0.350772440 -0.026265236 0.188442349 0.015807785 0.153463155 0.142403468 0.977711797
1341848057.234679 -0.358827770 -0.027083956 0.188637763 0.013031154 0.157470897 0.141781598 0.977205753
1341848057.270814 -0.362725824 -0.020741208 0.189119846 0.013283926 0.157883257 0.142548695 0.977024198
1341848057.302860 -0.365071684 -0.025188690 0.189430326 0.008687632 0.156801030 0.142394409 0.977272630
1341848057.338756 -0.367204189 -0.025087424 0.186502516 0.006183061 0.157022789 0.142092407 0.977299988
1341848057.370841 -0.373177290 -0.026191760 0.186894298 0.001346555 0.159776419 0.144144982 0.976571500
1341848057.402722 -0.379430771 -0.024417946 0.190600604 0.000808680 0.161801651 0.143709555 0.976302743
1341848057.438870 -0.385834605 -0.027613673 0.190131456 -0.002081886 0.164617792 0.144803241 0.975668311
1341848057.470699 -0.391975909 -0.022976724 0.191300511 -0.001886202 0.169231445 0.147926271 0.974410057
1341848057.506720 -0.400216162 -0.022053322 0.195356458 -0.001043457 0.173107877 0.150986120 0.973260343
1341848057.538788 -0.405404806 -0.025239497 0.194050834 -0.003986864 0.172990307 0.153772771 0.972837269
1341848057.571069 -0.412197620 -0.021216998 0.194617823 -0.004769469 0.175422207 0.155960187 0.972049713
1341848057.606668 -0.414738744 -0.021198049 0.193370968 -0.008239295 0.177516103 0.159723952 0.971034706
1341848057.638819 -0.420286685 -0.019751046 0.193330958 -0.009094682 0.180846795 0.162137598 0.970011950
1341848057.670943 -0.425569415 -0.023880210 0.194033846 -0.013666396 0.186215669 0.164868668 0.968480945
1341848057.706823 -0.429939032 -0.024217933 0.195611984 -0.014082136 0.190548986 0.169497773 0.966831565
1341848057.738890 -0.437617958 -0.021109253 0.195868552 -0.011659167 0.193443507 0.171621770 0.965913892
1341848057.774986 -0.441693187 -0.021339592 0.193580389 -0.013667645 0.194375277 0.172802627 0.965489864
1341848057.806842 -0.446806371 -0.020369774 0.196448088 -0.012828593 0.197641000 0.178508028 0.963798881
1341848057.838760 -0.453003347 -0.018883055 0.199242845 -0.009276351 0.198963657 0.184294894 0.962477446
1341848057.874817 -0.459808379 -0.018361367 0.201192871 -0.007515192 0.201401651 0.186082184 0.961641431
1341848057.906831 -0.466276526 -0.019850193 0.199354365 -0.008154942 0.202831298 0.186250448 0.961303115
1341848057.938847 -0.471931428 -0.021548329 0.198266521 -0.009199820 0.202163130 0.187684238 0.961155593
1341848057.975316 -0.476362854 -0.024294492 0.198506087 -0.011992861 0.200568303 0.190207377 0.960962892
1341848058.006833 -0.481754601 -0.024597349 0.199569732 -0.011502450 0.199786171 0.190505221 0.961072803
1341848058.042753 -0.485957652 -0.026667215 0.201318219 -0.009660030 0.197046936 0.189292058 0.961897969
1341848058.075970 -0.488819033 -0.026095198 0.196366385 -0.007239277 0.192761898 0.189743370 0.962698221
1341848058.106790 -0.491048723 -0.024870094 0.200354308 -0.005622560 0.189440235 0.188702032 0.963572681
1341848058.142699 -0.500727355 -0.026514634 0.205593675 -0.002775116 0.189550579 0.186150685 0.964059532
1341848058.174743 -0.505592883 -0.025580762 0.204417944 -0.000289941 0.186137721 0.182507887 0.965424001
1341848058.207081 -0.508633733 -0.023753623 0.203126520 0.001444424 0.182317883 0.181848854 0.966275871
1341848058.242740 -0.513655245 -0.024123836 0.204688355 0.002844067 0.179104269 0.179609716 0.967292070
1341848058.274694 -0.520410299 -0.030016864 0.208932877 0.002384354 0.180100918 0.177015498 0.967586398
1341848058.310701 -0.520649910 -0.034033246 0.210218415 0.003605000 0.180312216 0.174832597 0.967940092
1341848058.343169 -0.525503457 -0.032373801 0.211384699 0.007716279 0.179852381 0.170609623 0.968754828
1341848058.374887 -0.531187236 -0.032206032 0.211185724 0.009098347 0.180114985 0.172079921 0.968433917
1341848058.410669 -0.535660625 -0.034127165 0.211662143 0.007296589 0.179508284 0.173429415 0.968321085
1341848058.442794 -0.542486906 -0.033170190 0.216369301 0.008545146 0.181106195 0.175986707 0.967551649
1341848058.474732 -0.546771944 -0.036817331 0.222244754 0.008982101 0.183499888 0.178874642 0.966566563
1341848058.510788 -0.550241232 -0.039582729 0.223782495 0.010552867 0.186621800 0.181419536 0.965478063
1341848058.542970 -0.553404093 -0.040413797 0.222033426 0.012660406 0.187001929 0.184090197 0.964873433
1341848058.578948 -0.557349563 -0.042586006 0.227561817 0.013618466 0.188347578 0.189307332 0.963588297
1341848058.610842 -0.558736920 -0.049028058 0.228967771 0.009565051 0.191406697 0.190674648 0.962764323
1341848058.643060 -0.560007691 -0.046802919 0.229877353 0.011572842 0.192729115 0.191548273 0.962304950
1341848058.678730 -0.561820328 -0.049002830 0.235581949 0.012665122 0.193450779 0.191921294 0.962072015
1341848058.710728 -0.562020421 -0.051036749 0.236382186 0.015113802 0.197686926 0.190006375 0.961555481
1341848058.746819 -0.570229232 -0.048806064 0.236699149 0.015883861 0.204445034 0.187500119 0.960621476
1341848058.778710 -0.573720992 -0.047632404 0.238311484 0.016189214 0.203707725 0.190259576 0.960230350
1341848058.810874 -0.574885607 -0.050723899 0.241205484 0.014627456 0.201680928 0.194739774 0.959784985
1341848058.846829 -0.577306747 -0.054763921 0.244704440 0.011487850 0.204949394 0.196069255 0.958864212
1341848058.879577 -0.578850508 -0.052016910 0.247383326 0.013720896 0.207822695 0.197474599 0.957927585
1341848058.910866 -0.580623865 -0.054416951 0.246942207 0.014000239 0.208103418 0.200948626 0.957139790
1341848058.946807 -0.580079079 -0.054698955 0.248061687 0.014053300 0.208817691 0.203127429 0.956523359
1341848058.978865 -0.582452238 -0.055413533 0.252492428 0.015691243 0.212748364 0.204366341 0.955367088
1341848059.014660 -0.585641384 -0.056218043 0.255833030 0.018754052 0.215943560 0.204382166 0.954591274
1341848059.046707 -0.586646557 -0.052312005 0.253813922 0.022557126 0.216721877 0.204876691 0.954226553
1341848059.078771 -0.587395072 -0.057374623 0.256522506 0.020241339 0.220883369 0.206394196 0.952996433
1341848059.114675 -0.590065300 -0.056634758 0.257716835 0.021501150 0.225779161 0.205508694 0.952012420
1341848059.146706 -0.585961223 -0.058626216 0.254507333 0.019312248 0.226189479 0.203903332 0.952307105
1341848059.178722 -0.585832417 -0.061016813 0.254613936 0.017309191 0.228427321 0.203382000 0.951922834
1341848059.214738 -0.587296963 -0.058476619 0.257062465 0.019707348 0.232197016 0.203895211 0.950853765
1341848059.246762 -0.586728692 -0.060425814 0.257929236 0.019689590 0.237183213 0.203436643 0.949720979
1341848059.282693 -0.587992609 -0.061608627 0.256950796 0.021727437 0.240515336 0.205492362 0.948395014
1341848059.314667 -0.587709188 -0.062219329 0.256159931 0.023516273 0.243718117 0.206872374 0.947233975
1341848059.346758 -0.589338005 -0.061207447 0.254923522 0.024747478 0.246431649 0.208450988 0.946153879
1341848059.382694 -0.589173257 -0.059967667 0.257297575 0.026284456 0.248139992 0.209917843 0.945341289
1341848059.414736 -0.589771748 -0.062333077 0.259653300 0.027773155 0.252516419 0.211026877 0.943891823
1341848059.446788 -0.587605417 -0.062888391 0.255070746 0.027309980 0.254712045 0.210499942 0.943432927
1341848059.482693 -0.589432061 -0.059481543 0.256048739 0.030044474 0.259039402 0.211128697 0.942030013
1341848059.514652 -0.590632081 -0.057671681 0.255105555 0.031829994 0.260074258 0.213485301 0.941154718
1341848059.550754 -0.588790298 -0.062615432 0.252807647 0.028728995 0.261138171 0.213286564 0.941004992
1341848059.582695 -0.591851115 -0.058761500 0.258144319 0.032497484 0.266464084 0.214380234 0.939138889
1341848059.614734 -0.595905602 -0.058077443 0.258610755 0.036057353 0.268724829 0.216040909 0.937983513
1341848059.650722 -0.596225619 -0.059217460 0.256556481 0.037567187 0.267234683 0.217135787 0.938097179
1341848059.682731 -0.595454574 -0.063098259 0.253882438 0.034901414 0.267389208 0.215340599 0.938569784
1341848059.718703 -0.596814513 -0.055836149 0.259425163 0.039469354 0.271135211 0.215279177 0.937327445
1341848059.750904 -0.597129107 -0.058886584 0.258599550 0.039659929 0.271577328 0.213524356 0.937592745
1341848059.782774 -0.596675098 -0.058820084 0.254621863 0.040064704 0.270275742 0.213359445 0.937989116
1341848059.818759 -0.596188784 -0.059550501 0.253747284 0.037091091 0.272120267 0.212909102 0.937680423
1341848059.850685 -0.598812699 -0.064731933 0.258207828 0.037144370 0.276358724 0.212492019 0.936532617
1341848059.882730 -0.599797904 -0.065106131 0.255852342 0.039930340 0.275924027 0.210428938 0.937011838
1341848059.918755 -0.599913061 -0.062816821 0.253095925 0.041897666 0.274132103 0.208547682 0.937872052
1341848059.950805 -0.604016304 -0.061387263 0.255899251 0.044824652 0.275771052 0.208882689 0.937181473
1341848059.986776 -0.603183806 -0.060436074 0.254099578 0.047451064 0.274462789 0.208674818 0.937482476
1341848060.018660 -0.601393282 -0.057213876 0.253699720 0.051593877 0.273233056 0.206651106 0.938070953
1341848060.050701 -0.600205779 -0.064996034 0.251433313 0.049815681 0.275714219 0.204273731 0.937961757
1341848060.086783 -0.603549063 -0.062395815 0.251379579 0.055321164 0.277058870 0.200724810 0.938023210
1341848060.118813 -0.603934765 -0.059629101 0.250984460 0.060003161 0.274883181 0.198438585 0.938861549
1341848060.150800 -0.604183972 -0.062811911 0.249990985 0.056974120 0.277245641 0.196219429 0.938821971
1341848060.186872 -0.604310989 -0.062006745 0.252878696 0.058162447 0.279088587 0.196287125 0.938188732
1341848060.218851 -0.602670550 -0.062428903 0.251351058 0.061198149 0.277868092 0.192319080 0.939179182
1341848060.254799 -0.604758918 -0.059855837 0.249917954 0.061336961 0.280945957 0.189538553 0.938819587
1341848060.287466 -0.603205264 -0.056686047 0.251879424 0.061150886 0.282388747 0.190351591 0.938234210
1341848060.318914 -0.603465497 -0.056364529 0.251602173 0.063788339 0.282186270 0.189051464 0.938382387
1341848060.354641 -0.601406217 -0.056880720 0.244445890 0.061395347 0.280777693 0.185535163 0.939665437
1341848060.387254 -0.600523114 -0.058461275 0.247426063 0.058551081 0.284585893 0.183234349 0.939152718
1341848060.418639 -0.600873411 -0.053196762 0.251600862 0.063471906 0.284703523 0.181450799 0.939143658
1341848060.454775 -0.601233900 -0.050708652 0.248206496 0.065037437 0.284195185 0.179205254 0.939621568
1341848060.486697 -0.599431038 -0.054424547 0.249061733 0.061992928 0.287460119 0.176433027 0.939358830
1341848060.522925 -0.597941995 -0.051384371 0.255137622 0.066069506 0.289306015 0.173484072 0.939063430
1341848060.554710 -0.597713709 -0.051506840 0.251940429 0.068716154 0.289009243 0.171037078 0.939413667
1341848060.586692 -0.592356801 -0.051512584 0.246204078 0.065858819 0.289496630 0.167539969 0.940098226
1341848060.622697 -0.595175982 -0.045426339 0.252523571 0.070555940 0.293105245 0.167625368 0.938622892
1341848060.656087 -0.591399312 -0.049050570 0.247793004 0.070817150 0.290203184 0.166958168 0.939623356
1341848060.687258 -0.591483116 -0.052169688 0.245796561 0.067516193 0.291449666 0.166867688 0.939496577
1341848060.723165 -0.589600027 -0.049562007 0.247074619 0.069272764 0.291976601 0.167330757 0.939122677
1341848060.757863 -0.588884830 -0.047137961 0.246413916 0.073891707 0.289134890 0.167757660 0.939573467
1341848060.790920 -0.586915672 -0.045346953 0.247169465 0.075978644 0.286190927 0.168175608 0.940233469
1341848060.823967 -0.586314559 -0.045625735 0.246390313 0.076874666 0.284073323 0.167661935 0.940894306
1341848060.862432 -0.589886248 -0.049836654 0.248218641 0.077525541 0.283976853 0.167993814 0.940810859
1341848060.895671 -0.587207317 -0.051900771 0.249124199 0.076905802 0.281226486 0.167338073 0.941804171
1341848060.923126 -0.584846079 -0.051413748 0.250236422 0.078680135 0.279138416 0.167511567 0.942247868
1341848060.960845 -0.581800282 -0.050276659 0.248876363 0.081227340 0.276003242 0.166692272 0.943100274
1341848060.996857 -0.578861713 -0.050358512 0.247490317 0.082027949 0.273464441 0.167547837 0.943618774
1341848061.030587 -0.578275204 -0.052513719 0.247400030 0.082525000 0.272202969 0.168111742 0.943839848
1341848061.062246 -0.575985849 -0.055392385 0.246479005 0.081210680 0.271140814 0.166968495 0.944462299
1341848061.100583 -0.574202120 -0.056975715 0.247813165 0.082053766 0.272070497 0.166592538 0.944188416
1341848061.129837 -0.571621120 -0.060340501 0.250980645 0.083966821 0.273228526 0.164415449 0.944067419
1341848061.197947 -0.569115400 -0.062060915 0.248874307 0.089437433 0.273573160 0.164802164 0.943397522
1341848061.226804 -0.561127603 -0.064731702 0.243708044 0.092179045 0.270739973 0.163956463 0.944098115
1341848061.259408 -0.560007930 -0.062082730 0.245203853 0.096028887 0.271397769 0.162990227 0.943692684
1341848061.290885 -0.559208870 -0.064603508 0.247676447 0.097698003 0.272048354 0.163619801 0.943225026
1341848061.326612 -0.561133504 -0.057557039 0.247265548 0.106084935 0.273692697 0.165132940 0.941578150
1341848061.358867 -0.555121779 -0.059835356 0.246290356 0.105840601 0.273338556 0.164387181 0.941838980
1341848061.390845 -0.552561224 -0.057360269 0.244636595 0.109159738 0.272651851 0.165993676 0.941377342
1341848061.426913 -0.552027643 -0.059891541 0.241436720 0.109205097 0.272227824 0.167803809 0.941173851
1341848061.458837 -0.549951375 -0.059031107 0.243251950 0.109413482 0.273364604 0.169087902 0.940590143
1341848061.494657 -0.547558010 -0.062114280 0.243445754 0.108871944 0.274597496 0.166747376 0.940711677
1341848061.526736 -0.545197546 -0.064895049 0.243117809 0.108840957 0.274613917 0.167513639 0.940574348
1341848061.558821 -0.543813288 -0.069260396 0.240732819 0.104131430 0.275100768 0.166651934 0.941118181
1341848061.594750 -0.543655515 -0.070456423 0.242692143 0.103636242 0.277722567 0.168445349 0.940082908
1341848061.626731 -0.542827010 -0.067265369 0.242644757 0.107204318 0.277626991 0.167993829 0.939791799
1341848061.658831 -0.534158707 -0.067358688 0.234280020 0.104568757 0.274131745 0.166899830 0.941308439
1341848061.694894 -0.536823034 -0.064796127 0.237759516 0.106274165 0.278144747 0.168773353 0.939604640
1341848061.726726 -0.535681963 -0.059228167 0.236857787 0.111024439 0.276668459 0.168896720 0.939469039
1341848061.762815 -0.532726943 -0.065133959 0.234239563 0.105811387 0.277268201 0.166574642 0.940308034
1341848061.794816 -0.530230582 -0.063171417 0.236852795 0.106240943 0.278370023 0.165693596 0.940089703
1341848061.826740 -0.533870637 -0.063687734 0.238284528 0.106535286 0.280460894 0.166352719 0.939318240
1341848061.862883 -0.534880519 -0.062718585 0.236690432 0.106187709 0.280516356 0.167057499 0.939215958
1341848061.894834 -0.531752110 -0.063362770 0.239011407 0.104149170 0.280997783 0.166530862 0.939393759
1341848061.930667 -0.531003296 -0.059801396 0.237219647 0.106658407 0.279287636 0.165938750 0.939726889
1341848061.962828 -0.527019739 -0.060107842 0.236977011 0.104625627 0.277432352 0.164732024 0.940716803
1341848061.997188 -0.528058469 -0.061117038 0.240679801 0.103045501 0.277993798 0.164943531 0.940688431
1341848062.030704 -0.529143155 -0.064935386 0.242546082 0.099845536 0.278211027 0.162637666 0.941370547
1341848062.063265 -0.528641582 -0.061896153 0.246050104 0.099952318 0.278700173 0.159773052 0.941705048
1341848062.094872 -0.521419644 -0.064426377 0.240631133 0.096970171 0.272381037 0.159408018 0.943925023
1341848062.130773 -0.523752451 -0.061452042 0.246031016 0.098097116 0.272431165 0.158955574 0.943870425
1341848062.163385 -0.525718272 -0.066538081 0.249161899 0.094864734 0.273439050 0.155484170 0.944487393
1341848062.198718 -0.522254288 -0.067794740 0.247138038 0.093506172 0.271089494 0.151717871 0.945911586
1341848062.230750 -0.523903012 -0.062946431 0.248456493 0.096388355 0.270203173 0.151008680 0.945989370
1341848062.262814 -0.521964669 -0.063617699 0.248190194 0.093458697 0.266071320 0.151228219 0.947418392
1341848062.299276 -0.519819736 -0.063187793 0.250914514 0.092212170 0.262925506 0.150227532 0.948577285
1341848062.330839 -0.518805683 -0.065456912 0.251569092 0.089975215 0.262390703 0.148970827 0.949138165
1341848062.362763 -0.517415226 -0.063704461 0.252913266 0.091637403 0.260709494 0.146983698 0.949752033
1341848062.398825 -0.514482856 -0.064500704 0.251179248 0.091871344 0.256827861 0.147427142 0.950717807
1341848062.430832 -0.516216516 -0.060837723 0.254912347 0.093887232 0.256688446 0.149945378 0.950164557
1341848062.466855 -0.515012741 -0.061895445 0.255321115 0.093356565 0.253811508 0.152107000 0.950645983
1341848062.498723 -0.515069008 -0.065449744 0.254852593 0.091592722 0.251544952 0.154271096 0.951071143
1341848062.530743 -0.513369799 -0.067530334 0.254114896 0.090527035 0.249953002 0.154797032 0.951507390
1341848062.566929 -0.511789143 -0.063692585 0.255944818 0.091455832 0.249223948 0.153946280 0.951747775
1341848062.598817 -0.508929372 -0.059420466 0.254605204 0.094371744 0.244957864 0.156564787 0.952143431
1341848062.630793 -0.509668350 -0.057725854 0.251799107 0.095469773 0.242159978 0.159762457 0.952218473
1341848062.666740 -0.507319570 -0.062489904 0.250742853 0.091247045 0.241200328 0.159049198 0.952995121
1341848062.698720 -0.504900098 -0.061293989 0.253128171 0.093598448 0.241188452 0.158645272 0.952837408
1341848062.734924 -0.499267787 -0.060002308 0.248591468 0.094787098 0.236539200 0.159666300 0.953714490
1341848062.766819 -0.498216629 -0.059057470 0.247394815 0.093289860 0.236324385 0.160584465 0.953761220
1341848062.798717 -0.498199612 -0.060456131 0.251671165 0.093664736 0.236746177 0.160192639 0.953685760
1341848062.834828 -0.494286865 -0.061922863 0.246544972 0.092903964 0.232076094 0.158383340 0.955209017
1341848062.866781 -0.492169648 -0.062454984 0.245202035 0.089997202 0.231286779 0.157641813 0.955801249
1341848062.899075 -0.488635212 -0.060034025 0.246376902 0.090834782 0.228953257 0.156287879 0.956505895
1341848062.934962 -0.489853650 -0.059889141 0.247784793 0.091649026 0.228758901 0.151609346 0.957227468
1341848062.966930 -0.487420142 -0.062427033 0.244843796 0.087815680 0.228176609 0.147051543 0.958436072
1341848063.002905 -0.484114856 -0.059153251 0.247554347 0.088270389 0.227070808 0.146205336 0.958786309
1341848063.034972 -0.479450136 -0.056894138 0.246737242 0.090618983 0.221576601 0.145958617 0.959889650
1341848063.066737 -0.476289064 -0.059425328 0.245718405 0.088319048 0.219313353 0.145117283 0.960750937
1341848063.102822 -0.475109339 -0.058492329 0.245229542 0.089800134 0.218714610 0.143616304 0.960975707
1341848063.135045 -0.469859898 -0.056323539 0.240318820 0.091403708 0.213904515 0.142641291 0.962051809
1341848063.170739 -0.467720628 -0.055817477 0.241916776 0.090935998 0.211320698 0.143251285 0.962576389
1341848063.202662 -0.463872463 -0.058076441 0.240909085 0.089637533 0.209606498 0.143533006 0.963030934
1341848063.234990 -0.460081220 -0.059955772 0.239400819 0.088376865 0.208214894 0.138453618 0.964192212
1341848063.270800 -0.456352949 -0.061066948 0.240807667 0.087042198 0.208766520 0.136302516 0.964500785
1341848063.302788 -0.451995432 -0.054104969 0.238474384 0.089923918 0.206762731 0.134528235 0.964917123
1341848063.334854 -0.450974435 -0.053194661 0.238203332 0.089645058 0.204888687 0.132361382 0.965642214
1341848063.370653 -0.447381377 -0.055552635 0.235870302 0.085543670 0.204068601 0.130257145 0.966473699
1341848063.402698 -0.444604754 -0.056037150 0.238328278 0.082736380 0.205701917 0.126250789 0.966903389
1341848063.439276 -0.442923009 -0.052647099 0.239919648 0.083842441 0.206008643 0.124778956 0.966933906
1341848063.470742 -0.439831853 -0.056528039 0.234970152 0.078510404 0.205126911 0.122093804 0.967911243
1341848063.502776 -0.435802221 -0.052028913 0.236879185 0.076762356 0.206088468 0.122076407 0.967849433
1341848063.541802 -0.432155102 -0.052364502 0.240054995 0.077365436 0.205315650 0.123182029 0.967825532
1341848063.577805 -0.428710729 -0.050183639 0.235714749 0.077475786 0.203121707 0.123799644 0.968200803
1341848063.609732 -0.430019736 -0.048132874 0.240928918 0.075637966 0.205735162 0.126559660 0.967437148
1341848063.643039 -0.425511748 -0.051244006 0.241086632 0.073681168 0.203382358 0.126828447 0.968050241
1341848063.677955 -0.425011158 -0.047575433 0.242686778 0.074701786 0.202616408 0.127774239 0.968008280
1341848063.709890 -0.422483742 -0.044146203 0.241376966 0.071555458 0.199502274 0.130033687 0.968591750
1341848063.745768 -0.420397222 -0.047595106 0.246003121 0.068111606 0.197761476 0.129953936 0.969207466
1341848063.777773 -0.417663366 -0.049425304 0.244895279 0.065899022 0.196194395 0.126390636 0.970149755
1341848063.809840 -0.417732269 -0.045435097 0.248742998 0.066654287 0.197640821 0.125310794 0.969944596
1341848063.845733 -0.412127733 -0.050925583 0.251779646 0.064685136 0.194447815 0.125213623 0.970735490
1341848063.877902 -0.408846557 -0.050977770 0.248902231 0.063864753 0.191895634 0.123179242 0.971557617
1341848063.913769 -0.406120986 -0.058802918 0.254811585 0.059654918 0.195244357 0.120579347 0.971484244
1341848063.945802 -0.399056584 -0.057862666 0.255626053 0.063418292 0.193667486 0.117772348 0.971905708
1341848063.977856 -0.397621572 -0.054241270 0.258320898 0.069414362 0.191703334 0.119308248 0.971698046
1341848064.013951 -0.394937098 -0.054801017 0.258555949 0.069609560 0.189679310 0.120300584 0.971958876
1341848064.045815 -0.392223954 -0.060249701 0.266445935 0.068633936 0.190035328 0.118286446 0.972205877
1341848064.081699 -0.386596292 -0.059860125 0.264786482 0.071493454 0.186618730 0.115170695 0.973035395
1341848064.113685 -0.383014441 -0.059820965 0.266376466 0.070349351 0.187518224 0.116485722 0.972789288
1341848064.145823 -0.380248845 -0.060202349 0.271088213 0.070924893 0.187694117 0.117727250 0.972564042
1341848064.181846 -0.367813468 -0.061532546 0.265147448 0.071877822 0.178474218 0.120521024 0.973886669
1341848064.213863 -0.364341021 -0.062443256 0.265151709 0.070179537 0.178598076 0.119236670 0.974145889
1341848064.249771 -0.361307561 -0.067571238 0.273731321 0.067904674 0.183477521 0.118594930 0.973478377
1341848064.282977 -0.353899926 -0.066529967 0.270960420 0.071694918 0.180612251 0.119095623 0.973681331
1341848064.313795 -0.349648982 -0.070982732 0.270883888 0.069017529 0.180538341 0.118005648 0.974021137
1341848064.349790 -0.344845533 -0.073574588 0.274638057 0.067361027 0.182430685 0.117827803 0.973806024
1341848064.382619 -0.339911580 -0.072336391 0.278741241 0.070014313 0.184458017 0.116217613 0.973430395
1341848064.418063 -0.332075775 -0.067772634 0.276712418 0.071836747 0.182309791 0.116335198 0.973688185
1341848064.449767 -0.324097931 -0.072775237 0.279465795 0.066985041 0.181411669 0.114708550 0.974394560
1341848064.481773 -0.318972230 -0.073109783 0.281774223 0.068028346 0.182513878 0.109436244 0.974722803
1341848064.518010 -0.315638810 -0.076267935 0.283954322 0.068073317 0.185276523 0.107159011 0.974451423
1341848064.549704 -0.311427236 -0.077580512 0.283979416 0.068263061 0.185473785 0.107995205 0.974308312
1341848064.581714 -0.307427347 -0.079039976 0.287288010 0.070313171 0.185612008 0.109938420 0.973918796
1341848064.617693 -0.304664016 -0.076345816 0.286935180 0.075317740 0.185045540 0.111208379 0.973508120
1341848064.649724 -0.302966356 -0.074452370 0.286021262 0.077883355 0.185419798 0.114418224 0.972862840
1341848064.685821 -0.299670935 -0.073499128 0.286204219 0.078794688 0.183064863 0.115622468 0.973093092
1341848064.749892 -0.289393187 -0.076508805 0.283944070 0.074035928 0.180317521 0.112633996 0.974329412
1341848064.778913 -0.287812084 -0.080685988 0.284974992 0.072396033 0.180812791 0.111417331 0.974500775
1341848064.810737 -0.287680537 -0.076319806 0.287169874 0.076330066 0.180171922 0.113303185 0.974101722
1341848064.842702 -0.281251937 -0.074517302 0.284918368 0.075287022 0.175845206 0.112386003 0.975079358
1341848064.878850 -0.280358106 -0.072844259 0.287504852 0.076969534 0.175995827 0.113401167 0.974803209
1341848064.910832 -0.276849627 -0.071720339 0.285773695 0.078378052 0.172554925 0.115783326 0.975026131
1341848064.946850 -0.273744315 -0.072860584 0.285151839 0.075113326 0.170817003 0.118434817 0.975270629
1341848064.978809 -0.271131843 -0.074833810 0.286996722 0.074688166 0.170195952 0.119557939 0.975274801
1341848065.010770 -0.267181277 -0.075709984 0.284488559 0.075362362 0.168393523 0.121174693 0.975336254
1341848065.046751 -0.261647582 -0.074558333 0.281011075 0.073999517 0.166199282 0.120871149 0.975854516
1341848065.078713 -0.258157372 -0.069447801 0.283411324 0.077301063 0.163749427 0.122436963 0.975817561
1341848065.110686 -0.254297823 -0.072598308 0.280420244 0.074943125 0.160625026 0.124919116 0.976206124
1341848065.146689 -0.246803641 -0.071977407 0.277775735 0.073249951 0.157059327 0.125053167 0.976897359
1341848065.178847 -0.247772247 -0.073935658 0.285612226 0.075487129 0.160873562 0.124050289 0.976234019
1341848065.214760 -0.242965251 -0.071583897 0.280353576 0.078588307 0.158239707 0.122484244 0.976617455
1341848065.246768 -0.239415318 -0.069067799 0.276724756 0.077275068 0.155318379 0.120478816 0.977440357
1341848065.278735 -0.239709094 -0.074316427 0.282952428 0.074511543 0.158884481 0.119132735 0.977246702
1341848065.314761 -0.235161245 -0.065408520 0.279711485 0.081560671 0.155549049 0.117532879 0.977414131
1341848065.346776 -0.233576804 -0.068489403 0.281695962 0.079185002 0.156295702 0.115887813 0.977686763
1341848065.382824 -0.229159594 -0.069084413 0.279754966 0.079434723 0.154400304 0.115437254 0.978020906
1341848065.414914 -0.226448178 -0.068067372 0.280065060 0.080697268 0.154346272 0.114801191 0.978000939
1341848065.446728 -0.218541279 -0.071817666 0.278419733 0.078330293 0.150771141 0.110342756 0.979263425
1341848065.482830 -0.216390938 -0.067818858 0.277952373 0.082771458 0.151377887 0.109334454 0.978917539
1341848065.514745 -0.212955758 -0.066038132 0.277296007 0.084362380 0.151071340 0.108724065 0.978897095
1341848065.546916 -0.210037172 -0.067393422 0.277522624 0.083759464 0.150029406 0.108381443 0.979147077
1341848065.582742 -0.211441249 -0.068451114 0.276014626 0.084593542 0.151686370 0.106584936 0.979017317
1341848065.614763 -0.205950662 -0.066874832 0.275071502 0.085711546 0.149858072 0.104634680 0.979411900
1341848065.650809 -0.201232761 -0.065628737 0.276187807 0.086785600 0.146474093 0.104310602 0.979863703
1341848065.682873 -0.199505329 -0.067436129 0.274199486 0.086162336 0.144586816 0.101484209 0.980495632
1341848065.714808 -0.195465907 -0.063569397 0.274138212 0.088151909 0.142182574 0.099637367 0.980859697
1341848065.750674 -0.199423462 -0.066891968 0.277146101 0.084848441 0.143895820 0.098305441 0.981035590
1341848065.782722 -0.197964489 -0.066012457 0.276690602 0.084332667 0.139590785 0.094874680 0.982039332
1341848065.814742 -0.192515761 -0.062597252 0.275078893 0.085007861 0.135652736 0.092048593 0.982801676
1341848065.850746 -0.192841828 -0.061463200 0.276591927 0.084260024 0.135520428 0.087780692 0.983274639
1341848065.882795 -0.195754051 -0.058690146 0.278919399 0.084786020 0.132505238 0.086120322 0.983787060
1341848065.918698 -0.188818008 -0.053266238 0.276466340 0.085060485 0.121104680 0.087166972 0.985139728
1341848065.950762 -0.191534430 -0.055309840 0.277149916 0.079599127 0.118294515 0.083683982 0.986239016
1341848065.982774 -0.190154403 -0.057029065 0.277477622 0.076763935 0.114178814 0.079536200 0.987291515
1341848066.018773 -0.185576618 -0.056728795 0.275455445 0.074838191 0.107982345 0.076196216 0.988399327
1341848066.050717 -0.183807731 -0.055953167 0.275648952 0.071435839 0.104720108 0.073520496 0.989204407
1341848066.082818 -0.183204785 -0.057499673 0.274529517 0.069348097 0.102492131 0.072629727 0.989652038
1341848066.118721 -0.181913584 -0.052238233 0.275879234 0.072817348 0.098322712 0.072528899 0.989833236
1341848066.150964 -0.176142722 -0.054723915 0.272968769 0.068008944 0.092035927 0.070461132 0.990928531
1341848066.186782 -0.176212043 -0.055853419 0.276075929 0.065869831 0.092675664 0.071652189 0.990927994
1341848066.218688 -0.172043279 -0.052960005 0.276559323 0.067836642 0.087549232 0.071917512 0.991242230
1341848066.250777 -0.166712895 -0.053003907 0.275920659 0.067253850 0.082968257 0.070244074 0.991795838
1341848066.286736 -0.166889995 -0.053904451 0.275759250 0.065712228 0.083683640 0.067846335 0.992006004
1341848066.318695 -0.166459352 -0.057349820 0.279267371 0.065366238 0.084498979 0.066427171 0.992055714
1341848066.354797 -0.164951235 -0.056695007 0.279625446 0.067615822 0.084551498 0.066191778 0.991916180
1341848066.386761 -0.158287928 -0.059000552 0.275963664 0.066679940 0.080986634 0.064544916 0.992385447
1341848066.418820 -0.155358508 -0.065016538 0.278770119 0.065211348 0.080200873 0.063618571 0.992606640
1341848066.454695 -0.151442379 -0.062015601 0.278249592 0.069760911 0.076748863 0.063190863 0.992597580
1341848066.486874 -0.148592353 -0.062174223 0.278886855 0.069714688 0.074661791 0.060964592 0.992899179
1341848066.522806 -0.148743257 -0.062035188 0.283027530 0.070441872 0.075651802 0.058235250 0.992936730
1341848066.555107 -0.146795481 -0.063107550 0.285697162 0.071396731 0.073074847 0.056115452 0.993183553
1341848066.586881 -0.140648440 -0.063550167 0.284521610 0.071653076 0.070323221 0.051381059 0.993619919
1341848066.623500 -0.140880823 -0.063645869 0.289819121 0.073851898 0.073136933 0.047267325 0.993459940
1341848066.655239 -0.139614329 -0.063428611 0.289803326 0.075641394 0.072857343 0.044159811 0.993488848
1341848066.697724 -0.130333781 -0.061839953 0.288831592 0.077313267 0.068554699 0.041557617 0.993778586
1341848066.732527 -0.131029293 -0.072980493 0.291767925 0.071241327 0.071129084 0.038390726 0.994178832
1341848066.764415 -0.122703984 -0.068753794 0.294048876 0.077783763 0.067321613 0.035360761 0.994065940
1341848066.795253 -0.120910294 -0.068157494 0.291234910 0.079863653 0.068669513 0.031819206 0.993928492
1341848066.833355 -0.117101520 -0.071912572 0.292559415 0.078426920 0.067465715 0.028378190 0.994229496
1341848066.862103 -0.111064471 -0.071361773 0.292469203 0.079254314 0.064101033 0.026664868 0.994433939
1341848066.905023 -0.109045140 -0.069866963 0.293445051 0.079019725 0.064385884 0.025512584 0.994464397
1341848066.930221 -0.109078780 -0.074886218 0.295705974 0.075701773 0.064776346 0.023026245 0.994757831
1341848066.997936 -0.098554395 -0.075374439 0.292417675 0.073285177 0.061095957 0.019228531 0.995252132
1341848067.023497 -0.097581975 -0.071503401 0.297625035 0.076495558 0.061603889 0.017708559 0.995007455
1341848067.054702 -0.097900234 -0.072250903 0.297135085 0.076173320 0.062447868 0.015778868 0.995011985
1341848067.090940 -0.093180135 -0.077866331 0.297268599 0.071621455 0.062075995 0.013281006 0.995409727
1341848067.122963 -0.092996337 -0.079943851 0.298106432 0.073027343 0.062109612 0.012395842 0.995316923
1341848067.158821 -0.090035699 -0.080432534 0.295320839 0.075220011 0.060887828 0.010905780 0.995246530
1341848067.191143 -0.086851321 -0.078203380 0.295018673 0.077113047 0.059581649 0.012929434 0.995156467
1341848067.222948 -0.089281879 -0.078110926 0.297622353 0.078490555 0.061597470 0.012993935 0.994925201
1341848067.258733 -0.086124167 -0.074316911 0.297741711 0.081743687 0.061125621 0.015315781 0.994659245
1341848067.291049 -0.083091214 -0.071688972 0.298807025 0.083376564 0.060760640 0.018665295 0.994488895
1341848067.322816 -0.087030858 -0.074326470 0.299797535 0.082300521 0.063765131 0.020417539 0.994355917
1341848067.358674 -0.080372408 -0.074899703 0.296067983 0.081570975 0.059512097 0.022776810 0.994628429
1341848067.390706 -0.079916783 -0.071235433 0.297196656 0.083651066 0.062071670 0.026038850 0.994219065
1341848067.426869 -0.075481512 -0.074410871 0.295807898 0.081366822 0.061237853 0.029111611 0.994375110
1341848067.458745 -0.077199936 -0.073573112 0.294799864 0.081094638 0.063903473 0.031237725 0.994165063
1341848067.491527 -0.074893028 -0.074411169 0.292323768 0.077734821 0.064770222 0.032840632 0.994325697
1341848067.526659 -0.071378291 -0.073467240 0.293132246 0.077746466 0.065073535 0.035731472 0.994205296
1341848067.558770 -0.069182590 -0.071152389 0.292610943 0.079035446 0.065820999 0.034602508 0.994094372
1341848067.594659 -0.069834173 -0.081858635 0.289544880 0.069114044 0.070494197 0.031937595 0.994602323
1341848067.626656 -0.067727879 -0.081911251 0.292744666 0.071228452 0.072160162 0.031533800 0.994346499
1341848067.658983 -0.068179451 -0.074871950 0.291479886 0.078912064 0.073556557 0.031479575 0.993665636
1341848067.694893 -0.062894225 -0.071726464 0.290157259 0.081971154 0.073141865 0.033884678 0.993369401
1341848067.726732 -0.067665830 -0.073699430 0.291825801 0.083638437 0.077670902 0.034825768 0.992853999
1341848067.758667 -0.064398959 -0.073754892 0.288316369 0.085011639 0.076606624 0.035911400 0.992781341
1341848067.794813 -0.062491946 -0.073009878 0.286993951 0.085457496 0.078440413 0.038614411 0.992498398
1341848067.826795 -0.061748046 -0.078587897 0.286500663 0.082925625 0.079366304 0.040975742 0.992544889
1341848067.862808 -0.058374692 -0.073861510 0.282967091 0.087360680 0.078714259 0.042143546 0.992167354
