1341847981.726650 -0.038086072 0.006254649 -0.010332299 0.005025000 0.014413001 0.005786747 0.999866724
1341847981.758846 -0.040079165 0.005470775 -0.011184491 0.003282830 0.014385106 0.005994686 0.999873161
1341847981.794659 -0.041867979 0.009416140 -0.011261640 0.003804788 0.014469302 0.005894456 0.999870658
1341847981.826678 -0.042132534 0.007382505 -0.012921591 0.000658257 0.014251500 0.005389782 0.999883711
1341847981.862719 -0.047293205 0.006809341 -0.009925821 0.000523626 0.015845187 0.004432118 0.999864519
1341847981.894631 -0.051390052 0.010074279 -0.016618561 0.001290253 0.015415657 0.004802014 0.999868810
1341847981.926602 -0.049563624 0.012756702 -0.012416550 -0.000381336 0.013358919 0.004968481 0.999898374
1341847981.962757 -0.051611327 0.009297216 -0.013421672 -0.003080531 0.013298335 0.005135256 0.999893665
1341847981.994808 -0.052932121 0.008131819 -0.013563639 -0.003602566 0.013181287 0.004286106 0.999897480
1341847982.027112 -0.052885972 0.009653639 -0.008167130 -0.001577394 0.012714107 0.003691890 0.999911129
1341847982.062739 -0.055279199 0.009180741 -0.008190859 -0.000298309 0.012688463 0.002563274 0.999916196
1341847982.094786 -0.060169492 0.008837575 -0.014787668 -0.000238724 0.013269099 0.000494659 0.999911785
1341847982.130710 -0.061433081 0.007234079 -0.006631322 0.000906969 0.012924462 0.000104311 0.999916077
1341847982.162730 -0.060123295 0.010232382 -0.008856175 0.005607901 0.009889316 0.001453169 0.999934316
1341847982.194674 -0.062489659 0.009151134 -0.016270118 0.003152469 0.009778116 0.001839289 0.999945521
1341847982.230594 -0.065460436 0.006284020 -0.014286852 0.000478846 0.012748211 0.001787882 0.999917030
1341847982.262666 -0.067158006 0.005482020 -0.013809537 0.001333327 0.015279159 0.000939372 0.999881923
1341847982.294994 -0.064215638 0.005019754 -0.012902369 0.001622397 0.016077483 -0.000135933 0.999869406
1341847982.330655 -0.069630861 0.004217914 -0.010900057 0.003171969 0.019518236 0.002032048 0.999802411
1341847982.362722 -0.075916648 0.005007115 -0.012230668 0.006595724 0.020270184 0.005966658 0.999754965
1341847982.398909 -0.076470315 0.003737609 -0.013584637 0.008149684 0.017924812 0.007708683 0.999776423
1341847982.430770 -0.071663655 0.002851131 -0.013094414 0.008726702 0.015955370 0.008349187 0.999799728
1341847982.462624 -0.070549235 0.001815639 -0.013831001 0.009027522 0.018215885 0.009187643 0.999751091
1341847982.498616 -0.077588201 0.003366234 -0.016469114 0.009395463 0.023110120 0.009759896 0.999641120
1341847982.530757 -0.080294326 0.004124245 -0.014789626 0.008505121 0.025490558 0.010586381 0.999582827
1341847982.566660 -0.075078480 0.004893236 -0.014302773 0.007276294 0.024461579 0.011119840 0.999612451
1341847982.598726 -0.076853171 0.004847786 -0.012732344 0.004595422 0.027329503 0.012996270 0.999531448
1341847982.630723 -0.084380358 0.003223543 -0.014378149 0.003021958 0.032392003 0.013012829 0.999385953
1341847982.666620 -0.085725248 0.002497476 -0.014934681 0.001398274 0.034751881 0.013483412 0.999304056
1341847982.698638 -0.085930400 0.002961027 -0.012893006 0.000318972 0.037401382 0.014210341 0.999199212
1341847982.730674 -0.089472845 0.002103454 -0.010665380 -0.000835074 0.041828450 0.014006571 0.999026299
1341847982.766706 -0.097039975 0.002001798 -0.010444823 -0.000263665 0.046312116 0.015120914 0.998812556
1341847982.798737 -0.100218818 0.002203010 -0.010360669 -0.000004706 0.048159409 0.016921109 0.998696327
1341847982.834747 -0.103011772 0.001623822 -0.007597817 0.001058522 0.049832009 0.017591458 0.998602092
1341847982.866670 -0.107584149 0.000763531 -0.006344310 0.003476955 0.050971277 0.018749133 0.998518050
1341847982.898700 -0.117025279 0.002410639 -0.008766274 0.005888217 0.052546069 0.020187180 0.998397052
1341847982.934803 -0.122886889 0.005568258 -0.009314879 0.006296172 0.051419199 0.022295101 0.998408437
1341847982.966708 -0.123526700 0.006732387 -0.008786686 0.005618508 0.048840068 0.023255711 0.998520076
1341847982.998783 -0.126078352 0.003759403 -0.009895429 0.003036132 0.049920361 0.021826813 0.998510063
1341847983.034693 -0.130837888 0.004889889 -0.008908262 0.002096609 0.052010015 0.021022880 0.998423040
1341847983.066707 -0.136571810 0.005724342 -0.008171832 0.001401251 0.052551568 0.022038300 0.998373985
1341847983.102757 -0.141382590 0.003119427 -0.007557867 -0.000773129 0.052940253 0.023411473 0.998322904
1341847983.134717 -0.146519616 0.002781878 -0.005609209 -0.000076694 0.053411175 0.024651105 0.998268247
1341847983.166651 -0.154233009 0.003771741 -0.005998975 0.001747329 0.054124918 0.025777923 0.998199880
1341847983.202653 -0.155251399 0.003961656 -0.007650020 0.001867508 0.051321980 0.027073402 0.998313367
1341847983.234717 -0.158057779 0.004641582 -0.008307341 0.001297752 0.050520118 0.027480921 0.998344004
1341847983.266753 -0.161052093 0.000540144 -0.010153471 -0.003208986 0.051071435 0.026446994 0.998339593
1341847983.302701 -0.166748270 0.002674187 -0.007694019 -0.004474558 0.053890027 0.025938882 0.998199880
1341847983.334718 -0.169185475 0.001455850 -0.007095959 -0.006081356 0.055935781 0.025649246 0.998086274
1341847983.370887 -0.175959989 0.000612532 -0.003948171 -0.005945017 0.060255192 0.025176495 0.997847736
1341847983.402670 -0.181538343 0.002861205 -0.004477683 -0.003646848 0.061210811 0.026325719 0.997770965
1341847983.434705 -0.185732350 0.003445462 -0.005055359 -0.004709220 0.059824798 0.029065358 0.997774541
1341847983.470674 -0.188494995 0.000081861 -0.004598640 -0.006514868 0.059390683 0.028007437 0.997820556
1341847983.502767 -0.188757777 -0.005187717 -0.006920349 -0.007577472 0.060806029 0.024644572 0.997816503
1341847983.534806 -0.193627313 -0.003059224 -0.008081576 -0.006230162 0.065181144 0.023628870 0.997574210
1341847983.570684 -0.206215322 -0.002188061 -0.005096074 -0.006168940 0.071240798 0.024606247 0.997136533
1341847983.602741 -0.212569758 -0.003531207 -0.003811233 -0.005652746 0.072636820 0.024909899 0.997031331
1341847983.638729 -0.216253892 -0.003327420 -0.005821642 -0.004135217 0.073362082 0.024944963 0.996984780
1341847983.670715 -0.216828912 -0.002459589 -0.004050318 -0.001308377 0.073380291 0.025101267 0.996987224
1341847983.702857 -0.223872200 0.000815888 -0.004712768 0.003279905 0.074662142 0.027310900 0.996829450
1341847983.738736 -0.228784516 0.001164430 -0.006744299 0.004276407 0.073938057 0.029247295 0.996824682
1341847983.770707 -0.235269442 -0.001322657 -0.006852634 0.004230991 0.074282184 0.030310126 0.996767581
1341847983.806672 -0.241687492 -0.006413257 -0.012059394 0.003200962 0.075777590 0.029619362 0.996679544
1341847983.838719 -0.251049936 -0.005715885 -0.010211449 0.007391058 0.078662783 0.029933669 0.996424377
1341847983.870712 -0.257838309 -0.001870602 -0.012810107 0.010232471 0.077667430 0.032947715 0.996382177
1341847983.906692 -0.265893608 -0.001196781 -0.012217257 0.010921051 0.076481506 0.035840902 0.996366739
1341847983.938757 -0.268349946 -0.000943198 -0.017102625 0.010692936 0.073642053 0.036374308 0.996563792
1341847983.970809 -0.272962809 -0.001395083 -0.017420869 0.008654940 0.075199097 0.035307571 0.996505678
1341847984.006722 -0.279269159 0.000896498 -0.017154139 0.008568803 0.077886403 0.034784801 0.996318400
1341847984.038718 -0.283440799 0.002014970 -0.018137865 0.007177368 0.079713024 0.034220263 0.996204495
1341847984.074737 -0.292632222 0.004207009 -0.017698247 0.005479156 0.084114857 0.033660509 0.995872259
1341847984.106759 -0.298971146 0.006467407 -0.015059263 0.002146336 0.087073736 0.032810405 0.995659053
1341847984.138698 -0.306562722 0.006694350 -0.011422552 0.001589005 0.089906648 0.031974815 0.995435536
1341847984.174831 -0.310226142 0.010396502 -0.016317442 0.000129385 0.089575559 0.030169886 0.995522916
1341847984.206711 -0.316886872 0.011905717 -0.009656630 -0.003584432 0.092576481 0.029106269 0.995273650
1341847984.238670 -0.324349731 0.012990057 -0.006851837 -0.003925317 0.092702702 0.029880300 0.995237648
1341847984.274795 -0.327139378 0.013505938 -0.007102367 -0.006296566 0.090516418 0.030367855 0.995411932
1341847984.306662 -0.332368851 0.014165306 -0.005628411 -0.008694078 0.090876125 0.030109426 0.995368958
1341847984.343094 -0.337331355 0.014754236 -0.001703173 -0.010207442 0.091025569 0.030530397 0.995328128
1341847984.374794 -0.347832143 0.017588690 0.002324097 -0.010140246 0.092186883 0.032663617 0.995154202
1341847984.406718 -0.351331294 0.016618608 0.005569883 -0.012875627 0.089887396 0.034619756 0.995266795
1341847984.442894 -0.357372105 0.015670361 0.010363195 -0.014631739 0.090891339 0.035455331 0.995121896
1341847984.474640 -0.360274076 0.015576717 0.013254806 -0.014220462 0.090748347 0.035155237 0.995151520
1341847984.506747 -0.364795536 0.013476775 0.017240651 -0.015884330 0.092020459 0.034155402 0.995044351
1341847984.542747 -0.366844654 0.011809291 0.017842639 -0.016766349 0.092988238 0.034639258 0.994923234
1341847984.574807 -0.370403916 0.011919248 0.023401957 -0.017954553 0.096063174 0.035390459 0.994583845
1341847984.610792 -0.377888680 0.008685724 0.030639324 -0.017700242 0.098088965 0.034848854 0.994409740
1341847984.642667 -0.380438298 0.008568829 0.034184109 -0.014425978 0.096422449 0.035863791 0.994589567
1341847984.674804 -0.383800477 0.007318713 0.037201125 -0.014005312 0.096123867 0.036824685 0.994589388
1341847984.710651 -0.390528232 0.004177251 0.045310318 -0.013272887 0.097565249 0.036912486 0.994455814
1341847984.743352 -0.394021183 0.003029738 0.050546281 -0.010169074 0.097093537 0.036338519 0.994559705
1341847984.778881 -0.392693490 0.001173382 0.051800758 -0.009755909 0.095402144 0.037150308 0.994697511
1341847984.810639 -0.396498859 -0.001672349 0.058271784 -0.009156616 0.096395701 0.039425384 0.994519830
1341847984.842655 -0.400074005 -0.004712194 0.064806864 -0.006500411 0.097230740 0.040799357 0.994404018
1341847984.878779 -0.407489210 -0.007348709 0.070861511 -0.004876852 0.099930495 0.042427685 0.994077444
1341847984.910613 -0.409781843 -0.007242064 0.073506773 -0.003863815 0.099123962 0.045345243 0.994033873
1341847984.943053 -0.413175434 -0.007684287 0.079446271 -0.004242733 0.097741410 0.048819825 0.994004667
1341847984.979236 -0.415831357 -0.012072406 0.082941554 -0.006557984 0.096222602 0.051571041 0.994001329
1341847985.010633 -0.415212542 -0.014905954 0.086125374 -0.009465831 0.095329717 0.052269768 0.994027436
1341847985.046612 -0.417360395 -0.019377282 0.092180006 -0.013404697 0.099073209 0.053051040 0.993574560
1341847985.078667 -0.419735521 -0.020731367 0.097533628 -0.013729682 0.102860987 0.052706324 0.993203461
1341847985.110771 -0.422337085 -0.023954134 0.103492312 -0.015392936 0.106447347 0.054371491 0.992711306
1341847985.146824 -0.421218038 -0.025759891 0.107356682 -0.015667602 0.107882887 0.055903740 0.992466927
1341847985.178699 -0.424102217 -0.028661128 0.113790497 -0.016075671 0.111948781 0.057001956 0.991947472
1341847985.210840 -0.426352352 -0.033789713 0.119126506 -0.015962310 0.114836708 0.057115901 0.991612554
1341847985.246735 -0.426242501 -0.034946065 0.121103458 -0.015065095 0.116789185 0.057520024 0.991375208
1341847985.278902 -0.428884804 -0.039367069 0.127384141 -0.016281286 0.120876364 0.057829298 0.990847886
1341847985.314648 -0.430004388 -0.041517600 0.132051393 -0.014244604 0.123688065 0.057821725 0.990532696
1341847985.346842 -0.431860149 -0.042733319 0.134715676 -0.012986576 0.125475168 0.057847723 0.990323663
1341847985.378830 -0.433364332 -0.043896582 0.138108909 -0.013808790 0.126553729 0.058295634 0.990149021
1341847985.414650 -0.434538066 -0.046844784 0.144227296 -0.014672572 0.129588947 0.058893308 0.989708543
1341847985.446854 -0.436321944 -0.049690496 0.149521291 -0.013958154 0.132367894 0.058720458 0.989361346
1341847985.478685 -0.438870728 -0.049923126 0.153483525 -0.012813037 0.134177074 0.060020674 0.989055037
1341847985.514673 -0.439239472 -0.053380061 0.157377228 -0.014377886 0.135370985 0.060576215 0.988836944
1341847985.546814 -0.441407382 -0.057280369 0.163819447 -0.015552348 0.138969570 0.061426647 0.988267362
1341847985.582581 -0.443475962 -0.059794717 0.171140000 -0.014736854 0.142555565 0.062644370 0.987692475
1341847985.614773 -0.445628971 -0.060200438 0.175893962 -0.012010843 0.144662485 0.064066447 0.987331748
1341847985.647097 -0.447454005 -0.065207921 0.181647390 -0.011644961 0.147284701 0.065927252 0.986825824
1341847985.682842 -0.448338687 -0.065781094 0.185839742 -0.008412015 0.149158746 0.068084858 0.986430645
1341847985.714719 -0.453337431 -0.068485945 0.194355279 -0.004645715 0.152381331 0.071348399 0.985732079
1341847985.746954 -0.454651684 -0.071867026 0.198098466 -0.001626409 0.153303251 0.073767543 0.985420644
1341847985.782765 -0.456848115 -0.076108269 0.204363376 0.000440982 0.156178534 0.075931765 0.984805763
1341847985.814703 -0.460415840 -0.081711426 0.209450126 0.005579143 0.159372106 0.078310855 0.984091878
1341847985.850739 -0.462785929 -0.080464199 0.211778238 0.014632362 0.160160914 0.081792183 0.983587503
1341847985.882782 -0.464695662 -0.083408065 0.212804928 0.013473878 0.160302341 0.085330829 0.983280361
1341847985.914968 -0.467206687 -0.089336164 0.217273012 0.008784357 0.163624257 0.088163629 0.982536077
1341847985.950751 -0.467641115 -0.092963077 0.223406613 0.007728809 0.168422148 0.087692298 0.981776118
1341847985.982712 -0.470033854 -0.095559455 0.227938414 0.008194066 0.173424721 0.087565333 0.980912387
1341847986.018756 -0.472075671 -0.097223453 0.231977820 0.009126885 0.176128402 0.089553609 0.980242670
1341847986.051991 -0.475154668 -0.098735012 0.236757278 0.009122079 0.178245202 0.092752852 0.979562283
1341847986.082612 -0.475843221 -0.101935521 0.240457311 0.008509663 0.179267988 0.093916409 0.979270279
1341847986.118719 -0.477424204 -0.105304360 0.243515536 0.006561536 0.182321563 0.093502715 0.978760958
1341847986.150636 -0.478116393 -0.106978402 0.247025236 0.004463851 0.186347753 0.094252430 0.977942228
1341847986.182648 -0.479885250 -0.110250153 0.254938453 0.003646830 0.191376805 0.095222063 0.976879954
1341847986.218674 -0.479912400 -0.114152335 0.258624315 0.004451589 0.193730488 0.095381491 0.976396978
1341847986.250584 -0.481759578 -0.117826030 0.263831645 0.005346069 0.196909338 0.097619966 0.975534976
1341847986.286733 -0.482607722 -0.119668402 0.268944979 0.007078724 0.200254202 0.098566793 0.974747539
1341847986.326156 -0.483258367 -0.124878101 0.273405135 0.007776204 0.203641698 0.099603243 0.973934650
1341847986.359210 -0.484328657 -0.126282960 0.278310627 0.010941250 0.207108393 0.101801679 0.972945392
1341847986.394467 -0.484331459 -0.127912641 0.281491011 0.011311190 0.209214330 0.103477821 0.972313643
1341847986.425858 -0.484088451 -0.132438079 0.286473095 0.009725833 0.211937532 0.104615070 0.971619070
1341847986.457691 -0.485898435 -0.134960383 0.291611999 0.009194637 0.216009438 0.106333748 0.970540345
1341847986.493735 -0.486655295 -0.135122374 0.298572004 0.010073710 0.219320372 0.108086959 0.969594896
1341847986.525772 -0.486923337 -0.139209524 0.303780347 0.009748424 0.221310198 0.109176695 0.969023883
1341847986.561706 -0.486982167 -0.141799033 0.306975126 0.008330422 0.222908244 0.109713197 0.968610108
1341847986.593712 -0.487719774 -0.145167679 0.314133465 0.006304683 0.226866364 0.109870970 0.967688143
1341847986.625740 -0.488625526 -0.147435278 0.321741134 0.007915130 0.231225207 0.110603757 0.966560423
1341847986.661920 -0.488506019 -0.149279520 0.324384809 0.009114384 0.232141554 0.112512931 0.966109753
1341847986.693739 -0.489956141 -0.152070507 0.330731601 0.009029216 0.233937934 0.116963975 0.965148151
1341847986.725896 -0.489832819 -0.152640983 0.334371150 0.010714264 0.233566493 0.122170404 0.964575708
1341847986.762616 -0.489532530 -0.156015038 0.337438136 0.008571539 0.233108103 0.125815704 0.964239359
1341847986.793794 -0.489921212 -0.159504265 0.340901941 0.004063290 0.235092893 0.128252864 0.963465631
1341847986.829823 -0.490646780 -0.161373794 0.348875284 0.002229219 0.239049271 0.130205750 0.962235391
1341847986.861756 -0.492538989 -0.162172496 0.353756905 0.002760312 0.241252109 0.132804751 0.961328626
1341847986.886746 -0.493265420 -0.162840888 0.357134700 0.001675506 0.240991473 0.135850444 0.960970819
1341847986.922699 -0.493830800 -0.165344387 0.361957908 -0.000731303 0.241526663 0.139381543 0.960331798
1341847986.954690 -0.494421124 -0.169026732 0.367747873 -0.003674517 0.243654743 0.140889823 0.959567070
1341847986.990631 -0.494920850 -0.170749292 0.372574508 -0.004880226 0.246243387 0.141760513 0.958772302
1341847987.022895 -0.495189846 -0.171711206 0.376662850 -0.004558849 0.247998700 0.144372597 0.957931340
1341847987.054629 -0.495811820 -0.172799543 0.379885107 -0.005849340 0.248493984 0.146842137 0.957420468
1341847987.091223 -0.496556818 -0.175923571 0.385055780 -0.008715704 0.250111818 0.148834676 0.956669390
1341847987.123199 -0.495899796 -0.180496186 0.389659137 -0.012029595 0.253286093 0.147906542 0.955941975
1341847987.154654 -0.496917427 -0.182245836 0.391595781 -0.013722187 0.257548869 0.146251544 0.955034435
1341847987.190716 -0.497497022 -0.180927128 0.396800250 -0.014229793 0.262924492 0.145942301 0.953608453
1341847987.222678 -0.498854727 -0.180979550 0.401926666 -0.014244592 0.266688317 0.148080736 0.952232420
1341847987.259261 -0.499071717 -0.183910906 0.406361103 -0.016523356 0.269477129 0.149143308 0.951244116
1341847987.290653 -0.499287158 -0.187313855 0.409777254 -0.018986812 0.273912698 0.148260444 0.950068533
1341847987.322780 -0.499493837 -0.188383102 0.413677305 -0.018961268 0.280185640 0.146856904 0.948456407
1341847987.358780 -0.500520229 -0.190968961 0.420403063 -0.018555326 0.286759466 0.144254506 0.946897805
1341847987.390720 -0.501724720 -0.192406997 0.424151361 -0.015273318 0.292684823 0.141766712 0.945518136
1341847987.422820 -0.503285527 -0.193453118 0.427433997 -0.013130810 0.298800677 0.139719129 0.943940818
1341847987.458620 -0.504483640 -0.192737058 0.432910860 -0.009011772 0.304531008 0.140133843 0.942094564
1341847987.490754 -0.507002592 -0.191937029 0.439051509 -0.002108522 0.308811635 0.141652808 0.940513372
1341847987.526761 -0.509018302 -0.190488786 0.438212037 -0.000735368 0.309864789 0.144474670 0.939739525
1341847987.558679 -0.509570539 -0.193150625 0.446068674 -0.002530760 0.315342069 0.146368265 0.937618971
1341847987.590776 -0.511934280 -0.191793129 0.450771332 0.003056153 0.320351124 0.148150623 0.935637295
1341847987.626925 -0.514290631 -0.189601079 0.451902211 0.006394125 0.322179705 0.152351841 0.934316993
1341847987.658922 -0.516225815 -0.189414009 0.457652450 0.006386028 0.324821651 0.155658245 0.932856202
1341847987.691638 -0.518479645 -0.188353539 0.461560845 0.007470563 0.326662272 0.157782167 0.931847990
1341847987.726721 -0.520210207 -0.188977912 0.467469364 0.007806538 0.327513337 0.159679756 0.931223094
1341847987.758741 -0.521395147 -0.189019129 0.470935315 0.009253242 0.327817053 0.163931683 0.930363774
1341847987.794708 -0.523421049 -0.188441679 0.474019706 0.009947781 0.327646464 0.167355910 0.929806888
1341847987.826748 -0.526026666 -0.189644039 0.481080711 0.010630236 0.328864515 0.170443237 0.928807974
1341847987.865879 -0.527796328 -0.190763623 0.484944403 0.010020038 0.328298986 0.172153175 0.928699493
1341847987.897796 -0.530396581 -0.190728500 0.489241928 0.012011531 0.328762621 0.174228728 0.928124607
1341847987.933722 -0.532052577 -0.191896275 0.495152950 0.013537551 0.328475803 0.175146580 0.928032398
1341847987.965806 -0.533566117 -0.194196746 0.498918772 0.014030950 0.328990936 0.171951771 0.928439975
1341847987.997794 -0.536410153 -0.194744974 0.502184629 0.015940387 0.330011696 0.170029089 0.928400934
1341847988.033757 -0.536958277 -0.197156072 0.507430494 0.015733268 0.331748247 0.166699529 0.928389370
1341847988.065746 -0.539862812 -0.197735831 0.512390137 0.019680837 0.333771229 0.163488969 0.928159893
1341847988.098165 -0.541642845 -0.199160069 0.515336514 0.021107368 0.334520370 0.158500835 0.928723872
1341847988.133763 -0.542994082 -0.200634092 0.518443167 0.021556498 0.336952925 0.154815868 0.928455710
1341847988.165801 -0.545445740 -0.197863743 0.521075964 0.026923673 0.338009179 0.155544922 0.927809596
1341847988.201710 -0.548930764 -0.196267620 0.522987306 0.027750781 0.336386561 0.158973694 0.927793801
1341847988.233777 -0.548294187 -0.199192241 0.527083397 0.023524301 0.335679263 0.161360145 0.927754819
1341847988.265702 -0.548493266 -0.200934678 0.531395555 0.022290321 0.337740541 0.160933122 0.927111089
1341847988.301776 -0.550422549 -0.198998153 0.532504857 0.024717556 0.338716239 0.162619203 0.926399171
1341847988.333739 -0.551719904 -0.197841853 0.536802530 0.023756083 0.339314848 0.166217059 0.925566316
1341847988.369715 -0.551844120 -0.198652431 0.541086674 0.022269912 0.340238631 0.168290615 0.924889207
1341847988.401745 -0.553363442 -0.196704745 0.544313967 0.025404708 0.340471029 0.172510952 0.923944831
1341847988.433996 -0.553931057 -0.197521776 0.547465146 0.024811501 0.339945495 0.175888449 0.923517585
1341847988.469742 -0.554533601 -0.200155377 0.550689995 0.023508821 0.342471927 0.174281955 0.922922611
1341847988.502496 -0.556574523 -0.198448986 0.550703287 0.025620352 0.344539732 0.174751982 0.922007442
1341847988.537778 -0.559127688 -0.195284039 0.552358925 0.027928848 0.344881356 0.179462835 0.920907140
1341847988.569700 -0.560352683 -0.196237952 0.555051744 0.025169309 0.343789697 0.181411251 0.921013117
1341847988.601796 -0.561754763 -0.198174432 0.555316687 0.020648193 0.344225943 0.180414736 0.921158314
1341847988.637768 -0.563958526 -0.198325112 0.558896482 0.018376835 0.347508937 0.179815382 0.920090377
1341847988.669807 -0.565435171 -0.197681412 0.560881495 0.017584972 0.349164158 0.178998023 0.919638455
1341847988.706192 -0.567444324 -0.198223084 0.561979592 0.015456895 0.350505650 0.178850621 0.919194937
1341847988.737940 -0.569714606 -0.198464230 0.564299762 0.015571289 0.352375537 0.181394115 0.917978883
1341847988.769740 -0.572035849 -0.198870420 0.565555692 0.016358022 0.352811158 0.184970230 0.917083800
1341847988.806051 -0.574296296 -0.200339347 0.566866696 0.016770363 0.352970630 0.187327042 0.916536450
1341847988.837897 -0.577351093 -0.201101333 0.566197395 0.015911495 0.354095459 0.189198643 0.915733099
1341847988.873917 -0.579465926 -0.202865005 0.567880809 0.012715620 0.357075214 0.189272732 0.914610028
1341847988.937824 -0.586055100 -0.203633919 0.569629192 0.012691152 0.361087173 0.191888064 0.912487745
1341847988.966828 -0.589556932 -0.204614267 0.571084201 0.011174097 0.363005519 0.194859356 0.911115825
1341847988.998737 -0.592719436 -0.205732659 0.572759628 0.010794346 0.364038318 0.197343305 0.910173178
1341847989.034678 -0.596908450 -0.206234232 0.572606504 0.009662761 0.363580704 0.199688554 0.909857213
1341847989.066658 -0.599678278 -0.210232899 0.575796068 0.004834860 0.365715861 0.199122921 0.909163654
1341847989.098821 -0.602412462 -0.212621644 0.578567505 0.005548991 0.367116749 0.197445437 0.908960819
1341847989.134676 -0.606795132 -0.213880718 0.579107463 0.009414702 0.366587967 0.198090792 0.909002006
1341847989.166672 -0.610428691 -0.216066152 0.580490053 0.011782518 0.366566449 0.199044585 0.908774674
1341847989.202743 -0.615728140 -0.218278334 0.582055330 0.014724546 0.365476489 0.199347317 0.909104347
1341847989.234728 -0.621498108 -0.219888791 0.581483305 0.017766725 0.362643152 0.200028166 0.910034597
1341847989.266651 -0.624780357 -0.222053856 0.582866848 0.017755406 0.361333460 0.197735190 0.911056340
1341847989.302773 -0.629840672 -0.223936141 0.583153248 0.016947905 0.360073656 0.193660021 0.912444770
1341847989.334871 -0.633719683 -0.225602821 0.584053218 0.016001895 0.358795911 0.190624639 0.913603663
1341847989.366685 -0.638438106 -0.227799326 0.583406150 0.011388437 0.358018637 0.184342608 0.915265381
1341847989.402777 -0.640822470 -0.230863050 0.586087763 0.007494289 0.360194802 0.179151028 0.915482640
1341847989.434824 -0.646377206 -0.233323351 0.586488962 0.008185680 0.361024559 0.175187454 0.915916800
1341847989.470712 -0.651364028 -0.232116625 0.584066033 0.010016184 0.359625846 0.173923418 0.916689456
1341847989.502614 -0.652812481 -0.235562652 0.586128175 0.005669713 0.361160070 0.173660815 0.916173100
1341847989.534687 -0.656627953 -0.235729635 0.587032318 0.008270218 0.360801637 0.175745234 0.915897071
1341847989.570705 -0.660055697 -0.237990260 0.586039484 0.006962516 0.359953940 0.175601274 0.916269004
1341847989.602804 -0.661335945 -0.241422504 0.587766707 0.003286804 0.362375021 0.174543828 0.915537000
1341847989.634745 -0.664826751 -0.243106231 0.588012993 0.004270555 0.366033196 0.171129122 0.914721966
1341847989.670627 -0.669405580 -0.241742775 0.586274385 0.006243949 0.367989779 0.171188802 0.913914084
1341847989.702606 -0.672176600 -0.243103117 0.587799728 0.004200223 0.369466573 0.171368659 0.913295984
1341847989.738929 -0.675244272 -0.245092168 0.588721156 0.002845077 0.371911645 0.169955090 0.912572682
1341847989.770735 -0.680400610 -0.245360419 0.587897301 0.002051776 0.373921156 0.169889554 0.911765516
1341847989.802890 -0.683533669 -0.246393919 0.590135515 0.000399869 0.375845701 0.170347735 0.910890520
1341847989.838780 -0.687876761 -0.246959627 0.590310276 0.000643220 0.377124727 0.171793118 0.910089910
1341847989.870960 -0.691067219 -0.249795437 0.592238009 -0.000591359 0.379997760 0.169797942 0.909268916
1341847989.902718 -0.696908057 -0.249039114 0.591108203 0.002817363 0.381838500 0.170450836 0.908371031
1341847989.938921 -0.701878905 -0.248931587 0.592000782 0.005015798 0.381330550 0.174298197 0.907844722
1341847989.970730 -0.706547976 -0.251432896 0.592874885 0.005218470 0.380333364 0.175674692 0.907996535
1341847990.006923 -0.712067366 -0.253708929 0.591945529 0.004218460 0.381673306 0.174704984 0.907626510
1341847990.039001 -0.717017114 -0.253634691 0.592888296 0.005255341 0.383786947 0.174699277 0.906730473
1341847990.070686 -0.722606242 -0.254826128 0.593862772 0.006005165 0.384331405 0.173735619 0.906680346
1341847990.106701 -0.727945745 -0.255682975 0.593238711 0.006277948 0.384406090 0.173670173 0.906659365
1341847990.139194 -0.733036876 -0.256904334 0.593694866 0.006709317 0.385379702 0.174576953 0.906068623
1341847990.171055 -0.738134980 -0.257301420 0.594797969 0.009893518 0.384884119 0.175677180 0.906037450
1341847990.207022 -0.744164407 -0.258331895 0.594650090 0.012289984 0.382968634 0.176648989 0.906630635
1341847990.238920 -0.749152601 -0.259667277 0.593676686 0.011751484 0.381846130 0.178257436 0.906796396
1341847990.274709 -0.753311455 -0.260749787 0.595311224 0.013284490 0.381590396 0.179234430 0.906690300
1341847990.306743 -0.759628057 -0.261335433 0.595194459 0.014206257 0.380843580 0.178260267 0.907182217
1341847990.339079 -0.763625622 -0.262705326 0.595952570 0.012084482 0.380951554 0.178122804 0.907194674
1341847990.374663 -0.768001199 -0.263098300 0.597845256 0.012937311 0.381283849 0.178220183 0.907024145
1341847990.406760 -0.773821235 -0.263384968 0.596700549 0.012516445 0.379902661 0.177893221 0.907673538
1341847990.442575 -0.778016150 -0.263183802 0.597500682 0.010708592 0.379538745 0.180513814 0.907331467
1341847990.474644 -0.780797184 -0.264324367 0.600270450 0.010518291 0.379721403 0.180672720 0.907225668
1341847990.506783 -0.785569608 -0.264677227 0.599517643 0.009737132 0.379659593 0.180024445 0.907389104
1341847990.542835 -0.789727151 -0.264428526 0.600144982 0.009042612 0.380744666 0.183518738 0.906240940
1341847990.574711 -0.792817712 -0.265014529 0.601841450 0.009783329 0.380661160 0.186785191 0.905600727
1341847990.606790 -0.795847654 -0.266152531 0.602151930 0.009023368 0.380576342 0.187143460 0.905570269
1341847990.642783 -0.799083173 -0.267658234 0.603120029 0.006474996 0.383038789 0.187612250 0.904456198
1341847990.674787 -0.802914143 -0.267210424 0.604389906 0.007228341 0.385167092 0.190198913 0.903005242
1341847990.710795 -0.807074070 -0.267712325 0.605167627 0.009189991 0.385092765 0.193906948 0.902230084
1341847990.742712 -0.811328173 -0.267465919 0.605075240 0.009592311 0.384549886 0.198236927 0.901516199
1341847990.774671 -0.812621653 -0.269271612 0.607862592 0.008761842 0.385477096 0.201431215 0.900420010
1341847990.810771 -0.815874636 -0.270345539 0.608810902 0.010621628 0.387600958 0.202103108 0.899336994
1341847990.842713 -0.820073068 -0.270512491 0.608811915 0.010769258 0.389074117 0.203558028 0.898370445
1341847990.874745 -0.822340250 -0.271782368 0.610932529 0.009457317 0.390865177 0.204898164 0.897302449
1341847990.910825 -0.824616849 -0.273007542 0.612337470 0.008949846 0.392903715 0.204838425 0.896430612
1341847990.942685 -0.827591538 -0.273805857 0.613050401 0.007609215 0.395161778 0.204880774 0.895440161
1341847990.978824 -0.829463840 -0.275716096 0.615369797 0.005577191 0.397973210 0.204970047 0.894188762
1341847991.010797 -0.831921339 -0.276681036 0.616900206 0.007227357 0.399736255 0.205327779 0.893308043
1341847991.042752 -0.834940195 -0.277706325 0.618359685 0.007637517 0.401797950 0.206174329 0.892183959
1341847991.078680 -0.836890161 -0.279099226 0.620673776 0.008207667 0.403821886 0.208365202 0.890754998
1341847991.111319 -0.839385569 -0.280816704 0.622211456 0.009748361 0.405072600 0.210178420 0.889744997
1341847991.142784 -0.841868103 -0.282572329 0.623895109 0.009459283 0.406572163 0.210551620 0.888975620
1341847991.178778 -0.844123662 -0.283603519 0.626416683 0.009646864 0.408984512 0.211424902 0.887658775
1341847991.210687 -0.847303629 -0.286063790 0.629741609 0.010620598 0.411705703 0.211725861 0.886317015
1341847991.246842 -0.850566566 -0.287161648 0.631359398 0.011049959 0.412989944 0.211006194 0.885885775
1341847991.278726 -0.852695286 -0.288839132 0.634827495 0.011108864 0.415648490 0.211967513 0.884410918
1341847991.310807 -0.856586814 -0.288695484 0.637689173 0.015182503 0.417775631 0.213700458 0.882929862
1341847991.346722 -0.862222135 -0.289224774 0.638858616 0.018736392 0.416097283 0.218135461 0.882569492
1341847991.378800 -0.864529848 -0.291278780 0.640823126 0.017900404 0.413720459 0.224586815 0.882085979
1341847991.414715 -0.865856051 -0.293100536 0.644428134 0.015782382 0.414409578 0.228680700 0.880750120
1341847991.446744 -0.868500471 -0.295335054 0.647415459 0.012980088 0.417031527 0.228843927 0.879515052
1341847991.478824 -0.870522082 -0.296709418 0.650167942 0.011184733 0.419987291 0.230003089 0.877829194
1341847991.514709 -0.873081625 -0.298226684 0.652612209 0.010266331 0.422635436 0.231926546 0.876061618
1341847991.546725 -0.875810564 -0.299074560 0.654706657 0.011440023 0.424255997 0.235364974 0.874345064
1341847991.578804 -0.877587199 -0.300657719 0.655985713 0.011518508 0.425425678 0.240131184 0.872477710
1341847991.614853 -0.878779531 -0.301770627 0.658564866 0.012388328 0.427708864 0.244590968 0.870107412
1341847991.646714 -0.878685117 -0.303541273 0.660072863 0.013727150 0.431273371 0.248868033 0.867109895
1341847991.689872 -0.880222917 -0.306404829 0.661471844 0.013530347 0.437119365 0.251301378 0.863476217
1341847991.714700 -0.882167339 -0.307274342 0.661403418 0.014700387 0.440781027 0.252307862 0.861299455
1341847991.746823 -0.884602487 -0.308196068 0.662844837 0.015849739 0.443407804 0.255372584 0.859024525
1341847991.782657 -0.884963155 -0.310602963 0.664431810 0.014381771 0.445892185 0.258495331 0.856827557
1341847991.814748 -0.884291470 -0.313961923 0.666967452 0.012259326 0.449842125 0.258792222 0.854703665
1341847991.846729 -0.885375977 -0.315721154 0.668210149 0.012582869 0.454344600 0.256926507 0.852878273
1341847991.882784 -0.888682783 -0.316226363 0.669074714 0.013394183 0.458085179 0.257732123 0.850619018
1341847991.915817 -0.889965534 -0.317848355 0.671075284 0.014223398 0.459796399 0.260003030 0.848989606
1341847991.950761 -0.890701175 -0.320888668 0.672733009 0.013335885 0.461272269 0.260116845 0.848168194
1341847991.982826 -0.892089009 -0.323842257 0.675446153 0.011424806 0.464872211 0.258667231 0.846672595
1341847992.014724 -0.893294573 -0.325286627 0.677781940 0.010903416 0.468697786 0.257981956 0.844777346
1341847992.050647 -0.897149324 -0.325861543 0.678018808 0.011162875 0.470332593 0.257565439 0.843992114
1341847992.082793 -0.898751378 -0.328521311 0.681702077 0.009733142 0.472142279 0.257889986 0.842899561
1341847992.114842 -0.900462806 -0.330439955 0.684768915 0.009158731 0.474736631 0.257486641 0.841571093
1341847992.150789 -0.903167009 -0.332453310 0.687664151 0.009212242 0.477366269 0.257670760 0.840025246
1341847992.182813 -0.906945705 -0.333943188 0.690195680 0.009623135 0.478972226 0.258449078 0.838866532
1341847992.218736 -0.908244729 -0.336264074 0.693882227 0.009346012 0.480528265 0.259670049 0.837601721
1341847992.250652 -0.910683990 -0.338208348 0.695822001 0.009119940 0.483509868 0.259492517 0.835941792
1341847992.282910 -0.913320303 -0.339793265 0.699056149 0.009032981 0.487391531 0.259803325 0.833588719
1341847992.318683 -0.916899681 -0.341405511 0.701674521 0.010575442 0.490554720 0.261090338 0.831309855
1341847992.350695 -0.920237064 -0.343246520 0.703895986 0.010741474 0.492743194 0.262482673 0.829573154
1341847992.382858 -0.923309147 -0.344897151 0.706934810 0.011631636 0.495147943 0.265099674 0.827293992
1341847992.418855 -0.926024973 -0.347285986 0.709617674 0.013119035 0.497557372 0.268060446 0.824868560
1341847992.450822 -0.930949688 -0.349166363 0.711806238 0.013950872 0.500153840 0.270125091 0.822607994
1341847992.486713 -0.933388233 -0.351092637 0.715148211 0.014244710 0.502201378 0.273473233 0.820245862
1341847992.518735 -0.936203480 -0.352727175 0.717003524 0.015935248 0.503104925 0.275646389 0.818932593
1341847992.550596 -0.940653682 -0.354324907 0.719673693 0.016502911 0.505092978 0.275798112 0.817645490
1341847992.586730 -0.945302486 -0.355807632 0.722504020 0.015795244 0.506655633 0.276834875 0.816341281
1341847992.618832 -0.948768973 -0.357726306 0.725467682 0.014929174 0.508063793 0.278094441 0.815053225
1341847992.654692 -0.952739954 -0.359406590 0.728438199 0.014677481 0.509097219 0.280102462 0.813724279
1341847992.686829 -0.954607487 -0.362374604 0.732890010 0.012924239 0.510621250 0.280667007 0.812603831
1341847992.718718 -0.957396626 -0.363710433 0.735392332 0.013763768 0.512242675 0.279993057 0.811801672
1341847992.754765 -0.962259769 -0.364761949 0.737341046 0.015174570 0.513553023 0.281109810 0.810561717
1341847992.786631 -0.965244412 -0.366941452 0.741839051 0.015053283 0.514313519 0.282753378 0.809509456
1341847992.818723 -0.967781305 -0.368900955 0.743149281 0.013398306 0.514726996 0.281425029 0.809738576
1341847992.854856 -0.971212804 -0.369991601 0.745270133 0.011216368 0.516632617 0.281038702 0.808691621
1341847992.886610 -0.973548889 -0.370776296 0.748360276 0.009715229 0.518047810 0.282420337 0.807323277
1341847992.922713 -0.975374579 -0.372567177 0.751171887 0.009151997 0.518661082 0.283664167 0.806499541
1341847992.954645 -0.976461530 -0.374624014 0.754049420 0.007776390 0.520002842 0.284175724 0.805469275
1341847992.986720 -0.977533937 -0.375870645 0.757267833 0.008270587 0.521885872 0.285082400 0.803924561
1341847993.022736 -0.981155157 -0.376464427 0.759828269 0.009631487 0.522994995 0.285725802 0.802959681
1341847993.054757 -0.982050300 -0.378587693 0.763557136 0.007939460 0.523969114 0.286611319 0.802026987
1341847993.086751 -0.984098434 -0.379825681 0.766011357 0.007199876 0.524955392 0.286706179 0.801354885
1341847993.122668 -0.985455155 -0.381917030 0.769711137 0.004406007 0.526808977 0.286515832 0.800225914
1341847993.154688 -0.986366808 -0.383543730 0.773278236 0.002496521 0.528635442 0.286461502 0.799048245
1341847993.190779 -0.986644506 -0.385679662 0.776765764 0.001939342 0.531393290 0.286709607 0.797129273
1341847993.222703 -0.989076078 -0.386835635 0.779369473 0.005013068 0.533554077 0.288134515 0.795156181
1341847993.261799 -0.991033435 -0.388872117 0.782875419 0.007985166 0.534500301 0.290243208 0.793728232
1341847993.291547 -0.991366684 -0.391766697 0.786149204 0.009738878 0.535280943 0.291861683 0.792588294
1341847993.322794 -0.992259860 -0.393920064 0.789634943 0.011206497 0.537722766 0.292420626 0.790707767
1341847993.354702 -0.994130373 -0.395753264 0.793202281 0.011600152 0.540013790 0.293011427 0.788920105
1341847993.390722 -0.994393170 -0.398322642 0.796792388 0.010485555 0.542199671 0.293518066 0.787246287
1341847993.422745 -0.994997919 -0.399636924 0.801163197 0.010292813 0.545154035 0.294130594 0.784976661
1341847993.458848 -0.995652676 -0.401000351 0.805446863 0.011626139 0.547798216 0.295385629 0.782642484
1341847993.490680 -0.997375071 -0.403041065 0.809428096 0.013488886 0.549750209 0.297335714 0.780502558
1341847993.522707 -0.999480128 -0.405422717 0.813319445 0.014823640 0.550561905 0.300539583 0.778676927
1341847993.558719 -1.000763059 -0.407171965 0.817927122 0.015222127 0.551079571 0.304569125 0.776734948
1341847993.590981 -1.002372742 -0.409356683 0.822161436 0.014300097 0.551034093 0.307244480 0.775730431
1341847993.626764 -1.003227592 -0.411110997 0.826556325 0.012720753 0.551321149 0.309128106 0.774805129
1341847993.658928 -1.005409241 -0.411972404 0.831228673 0.010439067 0.551753521 0.311267316 0.773674190
1341847993.690739 -1.005732417 -0.414469659 0.835671544 0.005535644 0.551257014 0.313905925 0.773012340
1341847993.727062 -1.003005862 -0.418561935 0.840030670 0.000805163 0.552666247 0.313712478 0.772103488
1341847993.758693 -1.003098726 -0.419928432 0.843085289 -0.001705900 0.556113064 0.311878860 0.770368040
1341847993.790887 -1.006401062 -0.421399772 0.846883059 -0.001419549 0.558682799 0.312441528 0.768278420
1341847993.826735 -1.007029891 -0.423818648 0.851983488 -0.001454421 0.559241056 0.313655585 0.767377019
1341847993.858891 -1.008887768 -0.426593602 0.853877902 -0.003181105 0.559247196 0.313779891 0.767316520
1341847993.901726 -1.007668257 -0.428268433 0.858225167 -0.005745453 0.560721159 0.313881606 0.766183436
1341847993.933661 -1.007918596 -0.430918902 0.861936569 -0.005029453 0.562266350 0.314073771 0.764976382
1341847993.965821 -1.009160280 -0.433873385 0.864239454 -0.007202668 0.563045561 0.313211977 0.764739215
1341847994.001991 -1.006628036 -0.436614543 0.867426753 -0.010889301 0.565827906 0.312892616 0.762770176
1341847994.034008 -1.006249428 -0.439661503 0.871200740 -0.009234856 0.569796264 0.312261015 0.760092080
1341847994.065706 -1.009536028 -0.441912800 0.872688532 -0.007329949 0.571267366 0.312037975 0.759099543
1341847994.101772 -1.008855104 -0.444019675 0.875581861 -0.007264154 0.573196411 0.313168824 0.757177889
1341847994.133885 -1.008161426 -0.447835773 0.878709674 -0.006358739 0.575999379 0.312624753 0.755281389
1341847994.169705 -1.011092424 -0.449202687 0.880459309 -0.003087441 0.578165174 0.312138498 0.753846824
1341847994.201675 -1.013363123 -0.450290769 0.882820725 -0.000542094 0.579703569 0.314390630 0.751732647
1341847994.233618 -1.010165453 -0.455645174 0.887740254 0.001197628 0.581908107 0.316202521 0.749264598
1341847994.269680 -1.014535904 -0.457589805 0.889456034 0.004718249 0.584046066 0.315414995 0.747918010
1341847994.301751 -1.016674638 -0.458678186 0.892426014 0.005549165 0.586296618 0.315917313 0.745936811
1341847994.333755 -1.014966011 -0.463340014 0.897272587 0.005389309 0.589364111 0.315969557 0.743494511
1341847994.369712 -1.019042850 -0.465110451 0.899779022 0.009243015 0.591552019 0.315510482 0.741912365
1341847994.401655 -1.020470381 -0.467888951 0.903748035 0.011004809 0.593529522 0.316739857 0.739782035
1341847994.433802 -1.021908760 -0.471861541 0.908291042 0.013527397 0.595025837 0.318014860 0.737989008
1341847994.469690 -1.024770141 -0.474696100 0.913002193 0.015952097 0.596539855 0.318582833 0.736471772
1341847994.501736 -1.027632952 -0.476700097 0.916667342 0.017616553 0.597531736 0.320298344 0.734883964
1341847994.537738 -1.027004242 -0.479571939 0.922231078 0.018299764 0.599489868 0.321295619 0.732834280
1341847994.569734 -1.032236218 -0.482784688 0.925329566 0.019834433 0.600336254 0.322828650 0.731426418
1341847994.601688 -1.034857988 -0.483951777 0.929719806 0.019403009 0.601625562 0.324858755 0.729477286
1341847994.637836 -1.035619855 -0.487163931 0.934962392 0.018032327 0.603365421 0.327079564 0.727079093
1341847994.669750 -1.038178325 -0.489776790 0.938403189 0.018722957 0.604045033 0.328442514 0.725881875
1341847994.701643 -1.041701078 -0.491008908 0.942924976 0.017257821 0.605272055 0.329862773 0.724250257
1341847994.769803 -1.041210651 -0.496124923 0.952546299 0.015127311 0.610099912 0.331157178 0.719641685
1341847994.798790 -1.047141075 -0.497024745 0.954494238 0.014981752 0.612322450 0.331979513 0.717374682
1341847994.831306 -1.048790574 -0.498154998 0.959642053 0.010275220 0.613580406 0.336881995 0.714089692
1341847994.866828 -1.047736645 -0.501422882 0.965104520 0.007650808 0.613749862 0.340055525 0.712470949
1341847994.898727 -1.050098300 -0.503488660 0.968083858 0.007153058 0.613793969 0.342227995 0.711397111
1341847994.930711 -1.051387548 -0.504825056 0.972157240 0.004106978 0.615410447 0.342546284 0.709869802
1341847994.966673 -1.050264239 -0.506333947 0.976957023 0.002233624 0.618267238 0.343188196 0.707080245
1341847994.998679 -1.051454782 -0.508641601 0.978695512 0.003339611 0.619989038 0.345015407 0.704675019
1341847995.030768 -1.052817583 -0.509687901 0.983001232 0.003330898 0.622943878 0.347357392 0.700908482
1341847995.066673 -1.050711274 -0.511660397 0.985406637 0.003205765 0.624922693 0.349369198 0.698142171
1341847995.098711 -1.052156091 -0.513556480 0.987766862 0.005553748 0.628343463 0.349778116 0.694844484
1341847995.134939 -1.054131389 -0.515184700 0.990881741 0.006041824 0.631846845 0.351181209 0.690944970
1341847995.166644 -1.051332831 -0.517389119 0.994754314 0.005969210 0.634535730 0.351964951 0.688076675
1341847995.198787 -1.052622914 -0.519819319 0.997288406 0.007744449 0.637182891 0.351742238 0.685722530
1341847995.234663 -1.055263758 -0.520991921 0.999856353 0.008292663 0.639447212 0.352029741 0.683457017
1341847995.266776 -1.053862214 -0.523232102 1.002454042 0.008342552 0.640691400 0.353410900 0.681575835
1341847995.298812 -1.053255677 -0.525616050 1.005762696 0.011352123 0.643279612 0.354332089 0.678609788
1341847995.334686 -1.056861043 -0.527063668 1.007885098 0.011606589 0.644603193 0.354462147 0.677280247
1341847995.366701 -1.054774761 -0.529096723 1.011469722 0.009392285 0.646394014 0.355199128 0.675218523
1341847995.402793 -1.055973172 -0.530577183 1.014833689 0.009959454 0.648051441 0.354734004 0.673864901
1341847995.434743 -1.056768060 -0.533141017 1.018618226 0.008563112 0.649073839 0.355236501 0.672634244
1341847995.466776 -1.055025816 -0.534531236 1.022967935 0.007662571 0.651175201 0.355010152 0.670730829
1341847995.502702 -1.054026842 -0.536993504 1.026682973 0.009018595 0.652247071 0.355744332 0.669282019
1341847995.534752 -1.055421710 -0.539241731 1.030063152 0.012129942 0.651605785 0.357224643 0.669068992
1341847995.566681 -1.057110071 -0.540491343 1.033935189 0.015769308 0.650692582 0.361706764 0.667471826
1341847995.602698 -1.056389213 -0.541786134 1.037209749 0.017048566 0.648767173 0.366591543 0.666649222
1341847995.634814 -1.055966258 -0.542695761 1.039852858 0.016265256 0.647948861 0.368925095 0.666177213
1341847995.670769 -1.055678487 -0.543513417 1.042391062 0.014785833 0.648198187 0.371190488 0.664709032
1341847995.702780 -1.054463148 -0.544667721 1.045451760 0.012792065 0.648971438 0.374602228 0.662076712
1341847995.734774 -1.051990151 -0.546488166 1.049099684 0.012070984 0.649268389 0.377028167 0.660420060
1341847995.770704 -1.052165031 -0.547547340 1.051683187 0.012479984 0.649789870 0.377738446 0.659493029
1341847995.802752 -1.051156640 -0.548172951 1.054794550 0.011859785 0.651008070 0.378822237 0.657678962
1341847995.838779 -1.050370693 -0.550105631 1.057762623 0.011899443 0.652047276 0.379395783 0.656316638
1341847995.870641 -1.050573826 -0.550908804 1.059878588 0.012634955 0.652852178 0.379003018 0.655729473
1341847995.902803 -1.051899195 -0.551530540 1.061754465 0.010869914 0.654135227 0.379220277 0.654355347
1341847995.938733 -1.048570991 -0.552876234 1.063451052 0.009544026 0.655538440 0.380366296 0.652303457
1341847995.970733 -1.049102306 -0.554160535 1.064516187 0.010951127 0.657506168 0.380383432 0.650287747
1341847996.002709 -1.050803423 -0.554983974 1.066184878 0.009523769 0.659693003 0.380127221 0.648242056
1341847996.038762 -1.047742128 -0.556525588 1.067340493 0.008558544 0.661614895 0.380835593 0.645876706
1341847996.070721 -1.047302127 -0.558048248 1.068583846 0.010607892 0.663611174 0.380506456 0.643989444
1341847996.106729 -1.049446583 -0.558884501 1.069294691 0.011186231 0.665181398 0.379634500 0.642873406
1341847996.138845 -1.047788858 -0.559498191 1.070686579 0.010772768 0.667759597 0.379643768 0.640196562
1341847996.170714 -1.046153545 -0.561218739 1.072004795 0.012367547 0.671130836 0.378923059 0.637061834
1341847996.206643 -1.049106717 -0.562482476 1.073275566 0.012379976 0.673638105 0.376803160 0.635671139
1341847996.239003 -1.049381971 -0.563046932 1.074285507 0.011630777 0.675255179 0.377543390 0.633526742
1341847996.270754 -1.048908949 -0.563725233 1.076307178 0.012269532 0.676665485 0.379212290 0.631008089
1341847996.306636 -1.049294353 -0.564714432 1.077529550 0.013108968 0.677481532 0.380263805 0.629480958
1341847996.338944 -1.050601602 -0.565448999 1.079524517 0.013224474 0.679356337 0.380474091 0.627327204
1341847996.374711 -1.049889684 -0.565999031 1.080706000 0.012491227 0.681091309 0.381500095 0.624832928
1341847996.406705 -1.049518824 -0.567458212 1.082708359 0.013888702 0.683254838 0.382787794 0.621645749
1341847996.438632 -1.051991701 -0.568354249 1.084543824 0.015272469 0.685000360 0.383837223 0.619039714
1341847996.474783 -1.050294280 -0.569498181 1.086491585 0.014895970 0.686246216 0.385359675 0.616718888
1341847996.506707 -1.049733520 -0.571135759 1.088512301 0.017416641 0.687881827 0.385873079 0.614505708
1341847996.538771 -1.053062677 -0.571767151 1.091906071 0.019467501 0.689926684 0.385150284 0.612602115
1341847996.574796 -1.054562211 -0.572495759 1.094624162 0.018070143 0.690453053 0.386390775 0.611269355
1341847996.607104 -1.053839564 -0.573975921 1.096944690 0.018431455 0.691125989 0.387990534 0.609482110
1341847996.642752 -1.057976484 -0.574519515 1.100532174 0.018715244 0.691969097 0.389180690 0.607755601
1341847996.674774 -1.057329059 -0.574983895 1.104382873 0.014916913 0.691982925 0.391222417 0.606532872
1341847996.706896 -1.056877136 -0.576325297 1.105800629 0.013133808 0.693790853 0.392691076 0.603552341
1341847996.742663 -1.060331464 -0.576182604 1.108522654 0.008676231 0.696683466 0.392121375 0.600664318
1341847996.774747 -1.057804585 -0.577172756 1.112395167 0.004603676 0.698786497 0.394126236 0.596942842
1341847996.806787 -1.058729768 -0.578473568 1.116492391 0.005560378 0.700912058 0.396114707 0.593114316
1341847996.842763 -1.060156226 -0.580852628 1.119744658 0.005161941 0.702148855 0.397995830 0.590389490
1341847996.874766 -1.059353828 -0.581727505 1.123626828 0.005549621 0.702446759 0.399756312 0.588840187
1341847996.910785 -1.059772968 -0.584462166 1.128540039 0.007462156 0.703596294 0.400183737 0.587153792
1341847996.942686 -1.061655760 -0.586052418 1.132504940 0.010145760 0.703790903 0.401177883 0.586201072
1341847996.974782 -1.061367989 -0.589198589 1.136190414 0.011637012 0.704322696 0.401512325 0.585305035
1341847997.010744 -1.063135266 -0.591184020 1.140727043 0.013997947 0.705568731 0.400639921 0.584349573
1341847997.042675 -1.064341664 -0.593696713 1.145495772 0.014591740 0.706148326 0.400439650 0.583771944
1341847997.078725 -1.065687418 -0.596275330 1.149385452 0.015915139 0.706417263 0.400142372 0.583615780
1341847997.110693 -1.067064047 -0.597939253 1.154570222 0.015781909 0.707101822 0.398811013 0.583701730
1341847997.142993 -1.066714525 -0.600487530 1.158963799 0.014213621 0.707712591 0.397821814 0.583676875
1341847997.178794 -1.067506671 -0.602840543 1.163408518 0.014453821 0.708119571 0.396030843 0.584394813
1341847997.210888 -1.070611596 -0.606115460 1.167568564 0.013790091 0.708127618 0.395204604 0.584960163
1341847997.242959 -1.070489407 -0.607173502 1.172723532 0.012616288 0.708686054 0.395027637 0.584429681
1341847997.278756 -1.070961595 -0.609387755 1.176576614 0.012001690 0.708541572 0.395816118 0.584084272
1341847997.311412 -1.071644068 -0.611315846 1.179884434 0.010806755 0.708791137 0.395861089 0.583774149
1341847997.346642 -1.069574475 -0.613557100 1.181872129 0.009804551 0.709895492 0.396234185 0.582194746
1341847997.378668 -1.069726706 -0.615363836 1.184964418 0.010336525 0.712036729 0.395605356 0.579994202
1341847997.410817 -1.068469882 -0.618061483 1.188235879 0.009793677 0.713940442 0.395816058 0.577514291
1341847997.446693 -1.065152526 -0.620107412 1.190420985 0.010365597 0.716118574 0.394504339 0.575702250
1341847997.478752 -1.067727089 -0.623918176 1.193856716 0.011504696 0.719321787 0.393119305 0.572626412
1341847997.510941 -1.067031145 -0.625693321 1.196881533 0.010813745 0.721535742 0.393243939 0.569761693
1341847997.546599 -1.063410282 -0.628512025 1.200071216 0.010311209 0.723581612 0.393250197 0.567166209
1341847997.578740 -1.062498093 -0.630390048 1.203472137 0.010242907 0.725906730 0.391590863 0.565341473
1341847997.614736 -1.061696053 -0.632711172 1.206444383 0.008754016 0.728709161 0.390127301 0.562767208
1341847997.646995 -1.058380485 -0.635564566 1.210178733 0.008324867 0.731064498 0.389352977 0.560249627
1341847997.678842 -1.055507183 -0.639308214 1.214720130 0.009850811 0.732620120 0.388215810 0.558980525
1341847997.714639 -1.054089308 -0.641480982 1.218026161 0.011521262 0.733651817 0.387254655 0.558261514
1341847997.746602 -1.051572084 -0.643937469 1.222067952 0.011711502 0.736236334 0.385472566 0.556084275
1341847997.778734 -1.048748374 -0.647102475 1.226300955 0.012810313 0.738834321 0.383754700 0.553797841
1341847997.814628 -1.047751188 -0.649887323 1.231485963 0.014424503 0.740388930 0.382890165 0.552278280
1341847997.846906 -1.046502471 -0.653336644 1.234891653 0.016268278 0.741046667 0.383771688 0.550730824
1341847997.882641 -1.045235753 -0.655640960 1.239678860 0.018090999 0.742149889 0.386036128 0.547596931
1341847997.915169 -1.041887760 -0.658154368 1.243443251 0.019752078 0.742397070 0.388431072 0.545506954
1341847997.946999 -1.039615631 -0.660332263 1.248173833 0.021812128 0.742835701 0.390455812 0.543381631
1341847997.982715 -1.036509871 -0.662798584 1.251976252 0.022591541 0.742679358 0.392135739 0.542352736
1341847998.014866 -1.034453154 -0.665479898 1.256011963 0.023943501 0.743345737 0.392772883 0.540918946
1341847998.050805 -1.032492518 -0.668307662 1.260329962 0.025022836 0.743873298 0.393430948 0.539665163
1341847998.082631 -1.030524969 -0.671871424 1.265747428 0.026439140 0.743461907 0.394534141 0.539358974
1341847998.122275 -1.028550029 -0.673955679 1.270200729 0.028080102 0.741399765 0.396807492 0.540445864
1341847998.154051 -1.027643442 -0.676025987 1.273413301 0.027702566 0.740503132 0.398041070 0.540787280
1341847998.185663 -1.024569511 -0.678426683 1.277523875 0.025397418 0.740108788 0.397539258 0.541808486
1341847998.253760 -1.022022486 -0.684218884 1.283335328 0.022359962 0.739283860 0.397610396 0.543014944
1341847998.283062 -1.016489744 -0.685587168 1.288057446 0.020854738 0.739167809 0.396008253 0.544401884
1341847998.318804 -1.016571522 -0.688907862 1.291589499 0.021444537 0.738628328 0.395551592 0.545442224
1341847998.351206 -1.016297221 -0.691766024 1.296307206 0.020377018 0.737757027 0.396063536 0.546290159
1341847998.382723 -1.012996674 -0.694262564 1.300704002 0.019102547 0.736377597 0.396034956 0.548214734
1341847998.419237 -1.012024879 -0.694472909 1.304313540 0.016933426 0.735987484 0.393735766 0.550461411
1341847998.450786 -1.010877252 -0.698368192 1.310000181 0.013162471 0.735894799 0.393295586 0.551002860
1341847998.484037 -1.008121490 -0.699712694 1.314481735 0.011728344 0.734395802 0.393382698 0.552969575
1341847998.518722 -1.007979155 -0.701968431 1.318944335 0.009902091 0.733448684 0.393086344 0.554471016
1341847998.550746 -1.005877376 -0.703839242 1.323372245 0.006650639 0.732913613 0.392112702 0.555914521
1341847998.586740 -1.004540920 -0.706381083 1.329290748 0.004825300 0.733213723 0.391290665 0.556116879
1341847998.618771 -1.003779054 -0.709927082 1.333995581 0.003333102 0.732659936 0.391323626 0.556833982
1341847998.650736 -1.004498243 -0.712335229 1.338873386 0.001227483 0.732650518 0.391753584 0.556552649
1341847998.686862 -1.001670718 -0.714691281 1.343389511 -0.001491718 0.733033121 0.392780304 0.555323184
1341847998.718741 -1.000019670 -0.718058467 1.348669767 -0.000672468 0.733381212 0.393195242 0.554571092
1341847998.750838 -1.001331925 -0.720432878 1.354891539 0.000118975 0.733361423 0.393384814 0.554463148
1341847998.786762 -0.999438167 -0.721783876 1.359279275 -0.000256950 0.732962787 0.394939154 0.553884923
1341847998.818756 -0.998587251 -0.723385215 1.363419533 0.000358429 0.734251380 0.395048440 0.552097321
1341847998.854711 -0.998065948 -0.725965679 1.370127678 -0.001974780 0.735979319 0.394257784 0.550355613
1341847998.886699 -0.996685743 -0.728444517 1.375389457 -0.002711142 0.736074030 0.395291299 0.549483776
1341847998.918666 -0.996786356 -0.729534745 1.381224036 -0.001062487 0.735242307 0.397899419 0.548720002
1341847998.954799 -0.997162461 -0.731668651 1.387296915 -0.001156427 0.734350920 0.401133865 0.547557175
1341847998.986722 -0.995038986 -0.734795749 1.392252088 -0.002636462 0.733051836 0.403436810 0.547600865
1341847999.018809 -0.994191706 -0.735699534 1.395687103 -0.002418067 0.732429028 0.404761612 0.547457635
1341847999.054894 -0.993649125 -0.736839652 1.401362181 -0.002810165 0.733202517 0.406001300 0.545498967
1341847999.086763 -0.993428707 -0.737761140 1.406994462 -0.004820672 0.732190311 0.407326102 0.545856714
1341847999.122718 -0.992082000 -0.740139484 1.409640193 -0.005606492 0.731207252 0.409414947 0.545604169
1341847999.154891 -0.991525531 -0.741381466 1.414265275 -0.006445662 0.732600749 0.410034746 0.543255091
1341847999.186738 -0.989394546 -0.742648900 1.417027473 -0.006651076 0.734457970 0.411351621 0.539738059
1341847999.222717 -0.986499250 -0.743188262 1.420137644 -0.006846224 0.737224340 0.409640193 0.537260056
1341847999.254873 -0.984885097 -0.744594455 1.422666788 -0.005704443 0.740724742 0.408370167 0.533411741
1341847999.290995 -0.983578086 -0.747813761 1.426866174 -0.002463283 0.744698703 0.408705890 0.527614713
1341847999.322701 -0.980731905 -0.750060260 1.431094885 0.001769507 0.746198177 0.410370737 0.524195492
1341847999.354861 -0.979247451 -0.751904845 1.431899667 0.007220747 0.746068060 0.412930638 0.522320390
1341847999.390790 -0.978308558 -0.752553582 1.436230659 0.009702831 0.748742759 0.412554473 0.518737793
1341847999.423935 -0.976093173 -0.753817677 1.438979626 0.009896779 0.751671374 0.412292778 0.514690995
1341847999.454933 -0.973283827 -0.755141497 1.440056443 0.011080563 0.754638195 0.411795020 0.510708630
1341847999.490878 -0.972641170 -0.756023526 1.441750050 0.013133662 0.758046210 0.411551058 0.505785704
1341847999.522673 -0.969625115 -0.757665753 1.445973277 0.016162289 0.762618899 0.414489925 0.496335864
1341847999.558926 -0.965860188 -0.759112716 1.447727919 0.020204546 0.764371514 0.417425573 0.491002858
1341847999.590686 -0.964607120 -0.759916663 1.450024247 0.022015052 0.766186297 0.418155164 0.487463027
1341847999.622896 -0.962233186 -0.760314226 1.452284932 0.021898083 0.768955648 0.419249952 0.482138097
1341847999.658843 -0.956438243 -0.761546791 1.453200221 0.022459287 0.771230221 0.420809180 0.477094531
1341847999.691111 -0.954079151 -0.762012720 1.456007838 0.024732392 0.773905754 0.420503706 0.472900391
1341847999.722697 -0.950985610 -0.762937665 1.458133698 0.024094278 0.775456607 0.421704531 0.469310015
1341847999.758778 -0.945328534 -0.762984872 1.458274245 0.025204934 0.777211845 0.422595590 0.465531290
1341847999.791003 -0.941684484 -0.764179230 1.460799456 0.027721209 0.780173481 0.422426105 0.460561633
1341847999.826747 -0.938959658 -0.764570713 1.462989569 0.028312813 0.781914532 0.423099190 0.456940979
1341847999.858757 -0.935970545 -0.765005648 1.465015888 0.030171713 0.783960581 0.426275223 0.450316489
1341847999.897730 -0.932057381 -0.765679002 1.467718601 0.031980973 0.785511732 0.430401981 0.443511754
1341847999.927117 -0.927781463 -0.764051676 1.468180299 0.033333305 0.785666168 0.434978366 0.438647151
1341847999.958786 -0.925458014 -0.763688207 1.470046401 0.033409074 0.786613166 0.438845724 0.433056593
1341847999.990848 -0.921259880 -0.764135897 1.470454097 0.033652153 0.786632657 0.444320887 0.427382141
1341848000.026656 -0.916432023 -0.763019085 1.470829725 0.034492254 0.786910236 0.447660863 0.423299253
1341848000.058724 -0.913856566 -0.763059735 1.472071409 0.033547629 0.787391245 0.450855732 0.419068873
1341848000.094780 -0.910944819 -0.762807608 1.474261761 0.031297226 0.788196087 0.454263389 0.414019525
1341848000.126737 -0.907942891 -0.761661053 1.474623084 0.029862842 0.789306402 0.456942439 0.409032017
1341848000.158633 -0.904940963 -0.761379898 1.475366116 0.026751155 0.790149927 0.460187346 0.403949231
1341848000.194808 -0.900847077 -0.760741353 1.474966764 0.025093326 0.790323138 0.463389456 0.400037348
1341848000.227063 -0.897251010 -0.760710061 1.475513220 0.024434226 0.790682733 0.466289431 0.395977259
1341848000.266975 -0.893671989 -0.759565473 1.475744367 0.022783395 0.790775359 0.468775749 0.392943472
1341848000.295643 -0.890696168 -0.758788466 1.475761056 0.022718851 0.791501582 0.470741600 0.389116257
1341848000.327132 -0.888332546 -0.759158850 1.476685047 0.022117119 0.791584790 0.473418653 0.385719061
1341848000.362696 -0.884712577 -0.758116245 1.475877881 0.021179816 0.790360808 0.476527452 0.384451240
1341848000.394654 -0.880946219 -0.757811129 1.476749778 0.021337990 0.790861845 0.478300452 0.381196737
1341848000.426772 -0.878977537 -0.756724298 1.477882624 0.021879056 0.791704297 0.478839874 0.378732115
1341848000.462696 -0.875833750 -0.755875945 1.478600383 0.020442937 0.791916490 0.480060190 0.376819044
1341848000.494711 -0.871012688 -0.754772365 1.478411794 0.019047406 0.793222129 0.480307341 0.373819053
1341848000.530849 -0.868367910 -0.755150318 1.478985786 0.019636013 0.794516146 0.480195224 0.371175259
1341848000.562770 -0.864249587 -0.754430711 1.478798389 0.020141371 0.795083761 0.480384827 0.369684488
1341848000.594838 -0.859486282 -0.754037142 1.478571892 0.020561283 0.796967030 0.480209380 0.365813762
1341848000.630641 -0.856512427 -0.753406286 1.478654027 0.021512350 0.798824191 0.479226887 0.362985879
1341848000.662663 -0.852517724 -0.753493369 1.478746772 0.022176646 0.800977588 0.478075325 0.359704167
1341848000.695377 -0.849935055 -0.754158556 1.479082227 0.023503372 0.803215504 0.477517992 0.355343491
1341848000.730805 -0.845186830 -0.754329562 1.478932381 0.024175027 0.804739773 0.477820933 0.351420820
1341848000.762655 -0.840253770 -0.754901826 1.480060220 0.025301998 0.806961656 0.477270812 0.346965879
1341848000.798741 -0.835834980 -0.755649567 1.478639126 0.028428355 0.807715654 0.478531748 0.343212306
1341848000.830729 -0.830960393 -0.755153477 1.479055524 0.030462286 0.809043229 0.478094339 0.340509713
1341848000.862750 -0.826820850 -0.756466627 1.479269981 0.031693336 0.811221540 0.477201849 0.336442500
1341848000.898723 -0.823655665 -0.756857932 1.480901241 0.033174571 0.813026845 0.476844549 0.332424581
1341848000.930722 -0.818294227 -0.758026779 1.481778979 0.035535976 0.813239515 0.478468060 0.329312891
1341848000.963197 -0.814456940 -0.757836938 1.481503129 0.036432110 0.813610315 0.478879064 0.327697754
1341848000.998783 -0.810527503 -0.758276582 1.482603312 0.036144290 0.814816594 0.478038281 0.325955302
1341848001.030740 -0.805421591 -0.759037614 1.484453678 0.037376147 0.816097677 0.478070199 0.322546810
1341848001.067042 -0.801248074 -0.759569883 1.484687090 0.039724566 0.816094398 0.479446411 0.320223421
1341848001.098800 -0.796649575 -0.760224402 1.485357881 0.041540947 0.816323698 0.480604321 0.317662537
1341848001.130714 -0.791740179 -0.759840667 1.485831261 0.042610340 0.817264795 0.481004357 0.314479709
1341848001.205951 -0.782922566 -0.760339618 1.487718821 0.040834136 0.819876432 0.480228066 0.309057027
1341848001.233611 -0.777778268 -0.759479046 1.489575863 0.037177943 0.822145343 0.478991240 0.305388570
1341848001.266775 -0.773444593 -0.757760286 1.491293192 0.033824559 0.824388266 0.477026969 0.302795500
1341848001.299150 -0.770081043 -0.757557034 1.489996433 0.032465789 0.825322390 0.477508247 0.299624443
1341848001.334803 -0.765061677 -0.756853044 1.491337538 0.030844383 0.827658415 0.477496147 0.293304622
1341848001.366701 -0.760861099 -0.754985631 1.491177320 0.027102917 0.829725981 0.476623774 0.289223105
1341848001.399276 -0.757341385 -0.754544377 1.490991831 0.025232930 0.831447601 0.476831228 0.284060180
1341848001.434718 -0.752484202 -0.752782106 1.490077734 0.025747081 0.833261788 0.477652997 0.277235419
1341848001.466720 -0.747551978 -0.752154648 1.490121603 0.022950377 0.835465789 0.478059322 0.270054579
1341848001.502686 -0.746444941 -0.751186967 1.488154888 0.019816117 0.835918188 0.479669362 0.266017765
1341848001.534905 -0.741593540 -0.747971356 1.486292839 0.019476373 0.838105977 0.479377389 0.259608179
1341848001.567011 -0.739459753 -0.746649742 1.485366583 0.019503150 0.841498494 0.476943135 0.253032058
1341848001.602899 -0.735457838 -0.746717811 1.484740973 0.015996065 0.843432963 0.478425831 0.243872210
1341848001.634657 -0.733403683 -0.743044198 1.483340502 0.016797274 0.845130026 0.478047609 0.238628551
1341848001.666646 -0.729510307 -0.742481351 1.482776165 0.017318457 0.847798467 0.476198584 0.232750311
1341848001.702767 -0.725138545 -0.743409693 1.482178211 0.016263241 0.849141717 0.476819992 0.226575747
1341848001.734859 -0.721439838 -0.741421819 1.481154442 0.015431436 0.850388706 0.476978749 0.221567675
1341848001.770725 -0.716548562 -0.740577459 1.478945732 0.017340478 0.852476299 0.475832790 0.215792939
1341848001.802763 -0.714191556 -0.741648972 1.477581739 0.017610516 0.853428662 0.476150423 0.211258620
1341848001.834761 -0.711467624 -0.740010858 1.476309299 0.017271781 0.853695214 0.478398204 0.205039784
1341848001.870724 -0.706219852 -0.737283647 1.473363638 0.018204143 0.854690373 0.478429943 0.200693324
1341848001.902749 -0.702509046 -0.738696158 1.473979950 0.016552113 0.856334507 0.477640033 0.195645839
1341848001.934732 -0.700047433 -0.738436997 1.472619057 0.016783562 0.855580688 0.481071740 0.190446809
1341848001.970708 -0.694986820 -0.736593246 1.470050573 0.020785008 0.855819941 0.482074231 0.186399058
1341848002.002731 -0.691817224 -0.737432420 1.468295455 0.022534642 0.856186628 0.482915312 0.182289332
1341848002.038858 -0.688441277 -0.736077726 1.467544556 0.024381239 0.856370628 0.484079301 0.178050905
1341848002.070767 -0.684423983 -0.734905958 1.465402246 0.025726046 0.857384682 0.484027952 0.173050940
1341848002.102720 -0.681345820 -0.734830558 1.464907646 0.027856007 0.858023643 0.483892530 0.169904426
1341848002.138653 -0.677871585 -0.733969569 1.462025404 0.027295092 0.857797682 0.484829724 0.168458343
1341848002.171849 -0.674124837 -0.733070970 1.460471630 0.027642181 0.858078301 0.486358881 0.162457958
1341848002.202698 -0.670625031 -0.731415808 1.460175514 0.029573558 0.858940244 0.486071438 0.158372089
1341848002.238731 -0.665993929 -0.730743825 1.458736062 0.028600808 0.859233201 0.486657798 0.155127451
1341848002.270763 -0.662668824 -0.729795098 1.458110809 0.025005516 0.859871924 0.486900181 0.151403993
1341848002.306708 -0.660221577 -0.728889823 1.456868529 0.022927886 0.859331965 0.488683671 0.149034306
1341848002.338850 -0.656881928 -0.726925075 1.456211925 0.022178639 0.859334826 0.490092278 0.144434676
1341848002.370786 -0.655216455 -0.725565553 1.456004381 0.021640761 0.859086812 0.491873950 0.139862567
1341848002.406793 -0.652611136 -0.722049654 1.453915119 0.022530835 0.858538091 0.493303478 0.138044983
1341848002.438766 -0.646908879 -0.722498775 1.451238513 0.020006172 0.858543038 0.494760633 0.133099392
1341848002.474697 -0.644216299 -0.721267045 1.452618361 0.019081952 0.858511448 0.495944351 0.128969744
1341848002.506756 -0.640304327 -0.718092322 1.450448155 0.019019391 0.857750595 0.497784138 0.126937643
1341848002.538812 -0.638832033 -0.717717409 1.449858546 0.018448589 0.857661426 0.498663217 0.124143220
1341848002.574707 -0.636065602 -0.715336323 1.449888945 0.016663928 0.856746793 0.501012683 0.121217079
1341848002.606780 -0.632288635 -0.713255227 1.449227333 0.015297930 0.856093049 0.502680361 0.119092800
1341848002.639359 -0.629360914 -0.711394727 1.448363066 0.012273524 0.856091797 0.503026247 0.117986329
1341848002.674651 -0.627374887 -0.710906267 1.450391054 0.010998916 0.855140328 0.505102098 0.116128922
1341848002.713789 -0.622542918 -0.706512213 1.448849916 0.011038700 0.853969812 0.507323682 0.115049317
1341848002.742817 -0.619399726 -0.706494331 1.448423743 0.008130658 0.853254020 0.508613765 0.114906661
1341848002.774760 -0.616917193 -0.704439163 1.449573755 0.007130871 0.851864576 0.511292040 0.113385916
1341848002.806780 -0.612294674 -0.700635135 1.447985649 0.008983129 0.851387441 0.512590230 0.110950038
1341848002.842833 -0.609168351 -0.699596584 1.448333979 0.011215739 0.852222025 0.510954976 0.111878775
1341848002.875238 -0.606381893 -0.698712528 1.448647738 0.012959882 0.852776766 0.509721696 0.113082379
1341848002.906656 -0.600949526 -0.698243916 1.447103977 0.011513988 0.852534831 0.510163784 0.113069184
1341848002.943323 -0.596819818 -0.696654975 1.448279381 0.013316237 0.853679121 0.507231355 0.117349908
1341848002.974597 -0.593618453 -0.696806133 1.448357105 0.012595083 0.853320479 0.506587446 0.122697882
1341848003.010885 -0.590145588 -0.694218755 1.446715355 0.012368280 0.853657544 0.505528390 0.124727078
1341848003.042638 -0.584979773 -0.694649637 1.446279287 0.011322592 0.854936063 0.503283560 0.125147000
1341848003.074988 -0.582344413 -0.695299089 1.448058128 0.010862571 0.855562687 0.501522243 0.127945215
1341848003.110641 -0.578130841 -0.693235993 1.447048903 0.009416691 0.854782224 0.502377808 0.129904687
1341848003.142626 -0.573601484 -0.692917049 1.445289612 0.006449148 0.854994357 0.502070725 0.129876986
1341848003.175700 -0.570934415 -0.693138838 1.446790695 0.002460156 0.855700791 0.500337541 0.132031828
1341848003.210749 -0.567380846 -0.690061927 1.444899678 0.000444442 0.855997980 0.499957830 0.131565467
1341848003.242926 -0.564334989 -0.690700710 1.446549416 -0.002135216 0.857017756 0.498586297 0.130106434
1341848003.278886 -0.560359597 -0.689739823 1.445817232 -0.003723483 0.856603622 0.498674840 0.132437780
1341848003.310739 -0.556761980 -0.687735200 1.445018291 -0.006817811 0.856821895 0.497893006 0.133836851
1341848003.342708 -0.552136898 -0.686560631 1.445179343 -0.009978104 0.857499778 0.496375680 0.134928763
1341848003.378999 -0.548688591 -0.686046481 1.445051670 -0.013598457 0.858225822 0.493937880 0.138884708
1341848003.410779 -0.545000374 -0.685183764 1.446185589 -0.015345734 0.858589590 0.491875291 0.143691137
1341848003.442728 -0.540979266 -0.684182882 1.446421385 -0.015508196 0.858006120 0.491513997 0.148320556
1341848003.478703 -0.537073553 -0.683253765 1.446181774 -0.015071112 0.857353210 0.490728468 0.154608756
1341848003.510700 -0.532075584 -0.682391047 1.447085261 -0.018811865 0.856213212 0.489602447 0.163812339
1341848003.546854 -0.529172421 -0.679780006 1.445963621 -0.018073037 0.855508566 0.489330530 0.168327153
1341848003.578749 -0.525043309 -0.679364443 1.445746660 -0.016911859 0.855095208 0.488819003 0.171994403
1341848003.617886 -0.522292614 -0.679156482 1.445651770 -0.015978856 0.854337156 0.487304479 0.179964006
1341848003.649972 -0.518267095 -0.677825987 1.445322156 -0.017113918 0.853709161 0.486036032 0.186163113
1341848003.685816 -0.512656868 -0.677425146 1.443824053 -0.018671859 0.853346467 0.485612929 0.188762218
1341848003.717853 -0.509193897 -0.677232027 1.443617105 -0.022114832 0.853360116 0.483217150 0.194393098
1341848003.753761 -0.506461978 -0.676012635 1.444076419 -0.024639633 0.852888167 0.481601059 0.200087845
1341848003.785807 -0.502864838 -0.674499214 1.442386866 -0.023076264 0.851803124 0.481766284 0.204450876
1341848003.817941 -0.500037670 -0.673576832 1.442199945 -0.023668626 0.850886941 0.480917692 0.210117400
1341848003.853971 -0.498745501 -0.670895278 1.439536452 -0.023827566 0.849411666 0.480881810 0.216066480
1341848003.885751 -0.494120836 -0.669709802 1.438080430 -0.026248218 0.849281728 0.480711788 0.216674238
1341848003.921688 -0.492876828 -0.667856932 1.437117815 -0.025744902 0.848547935 0.478550464 0.224261060
1341848003.953824 -0.487477481 -0.666503131 1.436502218 -0.027657274 0.847673297 0.479265690 0.225808486
1341848003.985789 -0.483521223 -0.665927231 1.433042288 -0.027332058 0.845757782 0.482407987 0.226338714
1341848004.021643 -0.480463952 -0.663402677 1.431364536 -0.025381047 0.845836461 0.480046242 0.231240243
1341848004.053778 -0.476616442 -0.661795676 1.428946257 -0.027088812 0.844453931 0.481337041 0.233406007
1341848004.089723 -0.473879427 -0.660542727 1.426999450 -0.025967268 0.843269825 0.482637197 0.235123530
1341848004.121698 -0.471573263 -0.657457471 1.423490763 -0.023311110 0.842124164 0.481956095 0.240835533
1341848004.153695 -0.468520999 -0.656276464 1.422163963 -0.024133047 0.841055691 0.481599897 0.245162204
1341848004.189785 -0.464999735 -0.654294252 1.421718955 -0.022408333 0.840632319 0.480945319 0.248045847
1341848004.221773 -0.461002260 -0.651731372 1.420498013 -0.024137536 0.839553893 0.480544865 0.252276063
1341848004.257760 -0.460495561 -0.648545682 1.419313192 -0.024583362 0.838635147 0.478047132 0.259918720
1341848004.289843 -0.455485314 -0.649128675 1.417500019 -0.026987387 0.836484969 0.480633855 0.261831373
1341848004.321820 -0.450097650 -0.647881210 1.415081501 -0.028292090 0.833471417 0.482488006 0.267825127
1341848004.357934 -0.446005374 -0.645397127 1.414456367 -0.029919147 0.831902146 0.481921047 0.273488075
1341848004.389781 -0.442316979 -0.643676937 1.414458990 -0.033489760 0.830328166 0.481526792 0.278505892
1341848004.421857 -0.438965142 -0.641294837 1.413551807 -0.035681956 0.828397632 0.480794072 0.285168886
1341848004.457752 -0.437048942 -0.638692260 1.412357807 -0.036986142 0.825710356 0.480613232 0.292993754
1341848004.489793 -0.432132542 -0.637709200 1.412599683 -0.040662274 0.823959887 0.481441826 0.296058148
1341848004.525726 -0.429097623 -0.636482120 1.413667560 -0.043086361 0.822371125 0.481345475 0.300259650
1341848004.557784 -0.425725490 -0.634083688 1.414149404 -0.043197695 0.820119321 0.482140660 0.305087894
1341848004.589761 -0.425038695 -0.630741477 1.412863612 -0.043846827 0.816569149 0.484158188 0.311260581
1341848004.625757 -0.421402335 -0.629445255 1.409912705 -0.044979639 0.812501848 0.488039166 0.315650612
1341848004.657882 -0.418809325 -0.627149343 1.411379933 -0.047607113 0.811248481 0.487604767 0.319140941
1341848004.689871 -0.415713310 -0.626584888 1.410660982 -0.049359784 0.807543814 0.492466092 0.320801646
1341848004.725815 -0.413393348 -0.625748515 1.410779238 -0.050151043 0.805567682 0.493009090 0.324788570
1341848004.757723 -0.412542105 -0.622323751 1.411432266 -0.051541500 0.804295301 0.491022259 0.330680609
1341848004.789709 -0.409607798 -0.621947467 1.410056591 -0.053700212 0.800838172 0.495211273 0.332476050
1341848004.825782 -0.407887012 -0.621170759 1.410008788 -0.052606072 0.799102247 0.495874614 0.335822284
1341848004.857706 -0.407551199 -0.619994760 1.409905672 -0.052202877 0.796848893 0.496663183 0.340047538
1341848004.889791 -0.404986560 -0.618334889 1.410359144 -0.053760350 0.795600116 0.496998757 0.342231631
1341848004.925788 -0.403266490 -0.617814541 1.411198735 -0.054646391 0.794467151 0.496941954 0.344796151
1341848004.957758 -0.401742607 -0.617321253 1.411403060 -0.054548480 0.792675376 0.497545332 0.348049998
1341848004.993849 -0.401069850 -0.616358757 1.411411285 -0.054191250 0.790545285 0.497923970 0.352382123
1341848005.025661 -0.400065899 -0.615763903 1.410923719 -0.054902822 0.788790405 0.498388290 0.355533957
1341848005.057739 -0.398100734 -0.615941107 1.410709977 -0.057142865 0.787552595 0.497705132 0.358866483
1341848005.093879 -0.398036242 -0.615082860 1.412332296 -0.057028141 0.787483454 0.495735824 0.361750752
1341848005.125700 -0.396562666 -0.615997612 1.410734773 -0.056192193 0.783757925 0.499783099 0.364393771
1341848005.157668 -0.394908696 -0.616197646 1.411134601 -0.053912006 0.782289565 0.499504179 0.368255436
1341848005.193749 -0.395164728 -0.614510179 1.411621094 -0.052218415 0.781158447 0.498109192 0.372762531
1341848005.225713 -0.393631488 -0.613867462 1.412786126 -0.054215230 0.780878961 0.496631920 0.375027359
1341848005.257748 -0.390017658 -0.612891495 1.414886594 -0.056797929 0.781211853 0.493924379 0.377519190
1341848005.293718 -0.389596641 -0.611600280 1.416330338 -0.056216303 0.780662954 0.491131335 0.382354736
1341848005.325870 -0.388700008 -0.611743569 1.416460991 -0.057752404 0.778538048 0.491990030 0.385342747
1341848005.357655 -0.385314107 -0.613497555 1.416577578 -0.058002155 0.776703775 0.493444115 0.387143224
1341848005.393694 -0.385290504 -0.612826228 1.417539358 -0.055627409 0.775209904 0.491323382 0.393136859
1341848005.425692 -0.384621561 -0.611651897 1.418923140 -0.055945821 0.773938894 0.490635306 0.396441251
1341848005.461850 -0.382195264 -0.611632824 1.417251825 -0.055533044 0.770813465 0.492903441 0.399761081
1341848005.493689 -0.381633252 -0.611924946 1.418492436 -0.054760691 0.769414425 0.491818517 0.403877676
1341848005.525844 -0.380571872 -0.612135351 1.418831468 -0.055418361 0.767064512 0.493090451 0.406697124
1341848005.561789 -0.378426492 -0.613299906 1.419160485 -0.056647185 0.765565395 0.492824495 0.409664184
1341848005.593673 -0.376483023 -0.611915946 1.421489716 -0.058128927 0.765653372 0.489882708 0.412808537
1341848005.629831 -0.374997914 -0.612214446 1.421967149 -0.058917616 0.764195859 0.489215285 0.416175157
1341848005.661802 -0.373279899 -0.611947358 1.422979593 -0.059425652 0.763464808 0.487700731 0.419211209
1341848005.693760 -0.370862573 -0.613050580 1.422995329 -0.059325203 0.761662722 0.487578452 0.422631770
1341848005.729741 -0.370393842 -0.613095522 1.423623562 -0.058596984 0.760893345 0.484947652 0.427122235
1341848005.761746 -0.368431926 -0.613519073 1.424089313 -0.059320614 0.760331333 0.483341783 0.429834932
1341848005.797852 -0.366280317 -0.613946557 1.425725698 -0.058040507 0.760076761 0.480955780 0.433123738
1341848005.829917 -0.366300464 -0.616061985 1.425927162 -0.055732381 0.757832289 0.481421113 0.436826915
1341848005.861699 -0.365109235 -0.616626263 1.425280929 -0.055484768 0.755551755 0.481912762 0.440253377
1341848005.897793 -0.362028748 -0.618448615 1.426511049 -0.055865299 0.755283833 0.480616003 0.442078739
1341848005.929656 -0.361860126 -0.618505359 1.428579569 -0.054597896 0.754628539 0.477753192 0.446437746
1341848005.965681 -0.359758168 -0.616606474 1.430352211 -0.055765025 0.754438639 0.475278050 0.449247509
1341848005.997804 -0.356466025 -0.617513418 1.431482434 -0.056383613 0.754206002 0.474005312 0.450902581
1341848006.029768 -0.355144590 -0.619801879 1.432695150 -0.055110250 0.753418028 0.470965862 0.455538452
1341848006.065849 -0.355656534 -0.618990600 1.432553768 -0.052660365 0.751734018 0.468966544 0.460644335
1341848006.097854 -0.352305472 -0.621815562 1.431445956 -0.053143796 0.750609934 0.468989044 0.462395698
1341848006.133683 -0.350470304 -0.623452961 1.432927251 -0.050827824 0.751967847 0.464452565 0.465021133
1341848006.165815 -0.350358844 -0.622722149 1.434903979 -0.046410061 0.752428949 0.460649967 0.468506485
1341848006.197589 -0.348722577 -0.623667598 1.435416341 -0.043510731 0.751550436 0.459914029 0.470911711
1341848006.233778 -0.346469551 -0.626245499 1.435371637 -0.041485220 0.750162005 0.458435625 0.474734366
1341848006.265787 -0.347352147 -0.624282360 1.436092496 -0.037428498 0.749991655 0.453933984 0.479641080
1341848006.301762 -0.344706833 -0.624539018 1.438168883 -0.037231311 0.749873817 0.451904684 0.481752157
1341848006.333717 -0.342290908 -0.626361787 1.438994765 -0.034137838 0.747845352 0.451950967 0.485079587
1341848006.366035 -0.343389571 -0.624927819 1.440443039 -0.034053538 0.746861815 0.447730392 0.490484685
1341848006.401760 -0.340687662 -0.625429988 1.441081285 -0.035813492 0.746052861 0.447983980 0.491358161
1341848006.433710 -0.338439345 -0.627525568 1.443087339 -0.035192270 0.745657623 0.447245479 0.492674023
1341848006.469715 -0.338275462 -0.627668023 1.444413900 -0.034761202 0.743942022 0.446852505 0.495645821
1341848006.501659 -0.335712910 -0.628566921 1.445181608 -0.034998689 0.742804945 0.448349506 0.495982409
1341848006.533741 -0.334069639 -0.628785849 1.445079446 -0.033586249 0.741444409 0.448020488 0.498407274
1341848006.569740 -0.333134621 -0.628337443 1.447752833 -0.033393066 0.742108285 0.445796549 0.499425262
1341848006.601774 -0.331145734 -0.629380226 1.448352456 -0.033288497 0.741105676 0.447284758 0.499590456
1341848006.637780 -0.328501225 -0.631755769 1.448766947 -0.031658109 0.740492463 0.447878629 0.500073493
1341848006.670119 -0.328638583 -0.631617486 1.452313662 -0.031819370 0.741597891 0.444716007 0.501246214
1341848006.701798 -0.325751364 -0.632207155 1.452754498 -0.032804534 0.741060913 0.445847243 0.500971794
1341848006.737817 -0.323650837 -0.634448946 1.454316854 -0.031365767 0.741639256 0.445502013 0.500515223
1341848006.769742 -0.322182000 -0.636046112 1.456095815 -0.029415017 0.741541624 0.446268618 0.500095129
1341848006.801940 -0.320795059 -0.638083816 1.457673430 -0.027592108 0.741848648 0.446426213 0.499602705
1341848006.837619 -0.318898201 -0.638909757 1.459167957 -0.026194325 0.742341876 0.446663946 0.498732090
1341848006.870724 -0.317421824 -0.640681624 1.461034775 -0.024619726 0.743634939 0.445824325 0.497636050
1341848006.901756 -0.316352576 -0.642215133 1.463625669 -0.023687052 0.745236635 0.444466144 0.496498823
1341848006.937738 -0.314597964 -0.643284082 1.464058638 -0.022064628 0.746500313 0.444030643 0.495062858
1341848006.969708 -0.313715518 -0.646363258 1.467214823 -0.021181639 0.749282539 0.443306178 0.491535008
1341848007.005802 -0.312267274 -0.649081826 1.468920350 -0.018654842 0.750664234 0.445030838 0.487957776
1341848007.037835 -0.311974287 -0.649972439 1.471804261 -0.015310207 0.752729595 0.445352107 0.484587669
1341848007.069678 -0.311776251 -0.651334763 1.473681927 -0.014485631 0.754189670 0.446833104 0.480966032
1341848007.105687 -0.310138702 -0.652720809 1.475276947 -0.014747758 0.755861878 0.448198974 0.477046221
1341848007.137866 -0.308243304 -0.658090591 1.476918101 -0.014634547 0.756955564 0.451150745 0.472511381
1341848007.169651 -0.308387607 -0.658394635 1.480070710 -0.013665611 0.758998930 0.451571763 0.468846262
1341848007.205747 -0.307247490 -0.660836458 1.481745481 -0.013069946 0.759851754 0.454530418 0.464603722
1341848007.237921 -0.306014597 -0.663830280 1.484516501 -0.010749864 0.760887802 0.456976026 0.460550845
1341848007.269907 -0.305768430 -0.665937185 1.488302231 -0.009819849 0.761259198 0.458893865 0.458044171
1341848007.298875 -0.303994030 -0.668058634 1.488507390 -0.008128849 0.760724962 0.462020516 0.455816299
1341848007.331423 -0.303421974 -0.669432878 1.491061211 -0.007241056 0.762648106 0.460516930 0.454136074
1341848007.366699 -0.301924974 -0.672465920 1.493594527 -0.008674780 0.764351904 0.458984911 0.452795446
1341848007.398700 -0.300718933 -0.675119340 1.496164083 -0.007979930 0.765534222 0.458285004 0.451518089
1341848007.434791 -0.298622996 -0.677920938 1.499180555 -0.006969308 0.766729116 0.457043380 0.450765133
1341848007.466689 -0.299445599 -0.679142475 1.503394127 -0.006896712 0.768454134 0.454077303 0.450826496
1341848007.498756 -0.298021466 -0.681776166 1.505906940 -0.007433021 0.769201875 0.456347883 0.447235793
1341848007.534834 -0.294777215 -0.685358763 1.507372141 -0.005932551 0.768986225 0.458811700 0.445103168
1341848007.566719 -0.294902533 -0.687652349 1.511056781 -0.005328418 0.769736528 0.457714528 0.444943577
1341848007.598725 -0.294226468 -0.687619090 1.512849212 -0.007602581 0.771385849 0.456930280 0.442855299
1341848007.634799 -0.290974766 -0.691192627 1.513551354 -0.007744740 0.772851706 0.459038168 0.438091606
1341848007.666675 -0.290855676 -0.694120169 1.517941833 -0.003923048 0.773887992 0.462221026 0.432936102
1341848007.702797 -0.289000183 -0.695601702 1.519201159 -0.002168740 0.773197830 0.468648314 0.427234381
1341848007.734605 -0.284668416 -0.697754502 1.516708136 -0.000659738 0.773123801 0.471965045 0.423707753
1341848007.766913 -0.284625679 -0.700540662 1.521714687 0.000496002 0.778236866 0.467556328 0.419211388
1341848007.802889 -0.283117145 -0.700674057 1.523678064 -0.000852287 0.779529452 0.468871474 0.415322363
1341848007.834962 -0.280245900 -0.701819301 1.523804426 0.001248745 0.779726326 0.472501099 0.410813838
1341848007.866745 -0.278877676 -0.702720881 1.527368188 0.001206758 0.782400131 0.471862793 0.406440735
1341848007.902779 -0.277520150 -0.704016030 1.530704737 -0.002063584 0.785205424 0.473375946 0.399203449
1341848007.934851 -0.272345543 -0.707909584 1.528492093 0.000235267 0.785066009 0.480766237 0.390557498
1341848007.970690 -0.270078331 -0.711272359 1.531162739 0.005814761 0.785506666 0.482575834 0.387383640
1341848008.002709 -0.270249903 -0.711000919 1.535073519 0.007610988 0.787407458 0.481861889 0.384370595
1341848008.034820 -0.267465502 -0.712517142 1.536194205 0.007240984 0.788374245 0.485118836 0.378250360
1341848008.070825 -0.264295489 -0.714486837 1.538694501 0.007345546 0.789485753 0.486602008 0.374001026
1341848008.103209 -0.262473851 -0.715755761 1.541271210 0.006876776 0.790336609 0.487751424 0.370701015
1341848008.138809 -0.259126425 -0.716431737 1.542823553 0.005731273 0.792066455 0.488553584 0.365941584
1341848008.171058 -0.256225139 -0.718466640 1.545308113 0.005814678 0.793710887 0.489344031 0.361291647
1341848008.202734 -0.253398240 -0.719543278 1.547956228 0.007873959 0.794653893 0.491471082 0.356257498
1341848008.238657 -0.250919729 -0.720784783 1.551098347 0.008516585 0.795019269 0.494076550 0.351795644
1341848008.270710 -0.247847617 -0.722067237 1.553253412 0.007964457 0.795376718 0.496946663 0.346924365
1341848008.302748 -0.244950414 -0.723265409 1.555682063 0.008058783 0.795893967 0.499381989 0.342206836
1341848008.338769 -0.241989046 -0.724804282 1.556522965 0.008867255 0.795533895 0.502606630 0.338280767
1341848008.370731 -0.239454597 -0.726180255 1.559765339 0.008122697 0.796659470 0.503281057 0.334628016
1341848008.406662 -0.235886186 -0.728349447 1.560917616 0.007577647 0.797315121 0.505576611 0.329580754
1341848008.438870 -0.232950300 -0.729937434 1.562778950 0.009069070 0.798094869 0.506798327 0.325757384
1341848008.470807 -0.230584532 -0.731361628 1.565354705 0.010324763 0.798909664 0.507920206 0.321953267
1341848008.506855 -0.229642779 -0.731536269 1.565647364 0.011261401 0.799287021 0.509622574 0.318273872
1341848008.538786 -0.226322800 -0.735055685 1.565774918 0.013237688 0.799640417 0.512285173 0.312991679
1341848008.570727 -0.224325359 -0.736848831 1.569146514 0.015671477 0.800519645 0.512718320 0.309907347
1341848008.606698 -0.222126424 -0.738263309 1.570174098 0.017986927 0.800381720 0.515546501 0.305413425
1341848008.638714 -0.218793303 -0.741354287 1.569775343 0.019593494 0.800443232 0.518123090 0.300757736
1341848008.674639 -0.216835201 -0.742541075 1.572611809 0.020716229 0.801769793 0.517760873 0.297757775
1341848008.706785 -0.214735717 -0.743565559 1.572937250 0.021123374 0.802790344 0.518222034 0.294155419
1341848008.738678 -0.211640060 -0.745765209 1.574397564 0.020599170 0.804553688 0.517908990 0.289895207
1341848008.775071 -0.209629208 -0.747064590 1.575996637 0.019641345 0.805265009 0.517866850 0.288056284
1341848008.806865 -0.206989110 -0.748799860 1.576529145 0.018631984 0.806411266 0.517792642 0.285034209
1341848008.838798 -0.204769433 -0.750062108 1.578710556 0.016875207 0.807871401 0.517075956 0.282296807
1341848008.874631 -0.204061091 -0.750022888 1.580105066 0.016837008 0.808568776 0.517244041 0.279985130
1341848008.906680 -0.201844960 -0.751013637 1.582063556 0.017238582 0.809518993 0.517601311 0.276533425
1341848008.943051 -0.200000077 -0.751522541 1.583383560 0.015815079 0.811011493 0.517392337 0.272608489
1341848008.974723 -0.196708679 -0.754506350 1.583576441 0.014600388 0.811421692 0.519218624 0.267943472
1341848009.006825 -0.193340838 -0.756755412 1.586300373 0.014946654 0.812081695 0.519798458 0.264781862
1341848009.042740 -0.191640973 -0.756930947 1.590037465 0.013905087 0.812917769 0.519963562 0.261933684
1341848009.074794 -0.188275188 -0.757814765 1.589610934 0.012250937 0.812448919 0.522513747 0.258371830
1341848009.110807 -0.185668498 -0.757213712 1.591022015 0.011847500 0.814349890 0.521183848 0.255071223
1341848009.142732 -0.183118969 -0.758065879 1.592404127 0.009156487 0.816273689 0.520521402 0.250341594
1341848009.174693 -0.181971312 -0.756894946 1.594496965 0.007783833 0.819365084 0.518356085 0.244718790
1341848009.210697 -0.180040002 -0.759019971 1.597000957 0.009951796 0.820053399 0.521225333 0.236088037
1341848009.242869 -0.177496552 -0.757642865 1.598184228 0.012641727 0.819385648 0.525428236 0.228850424
1341848009.274683 -0.178039432 -0.754259408 1.597202778 0.014896836 0.819112003 0.528054893 0.223587930
1341848009.310898 -0.175116926 -0.755535007 1.598625183 0.012525814 0.820603907 0.529432833 0.214832917
1341848009.342882 -0.172598243 -0.755412996 1.598145247 0.013288924 0.819853902 0.533133209 0.208403319
1341848009.378700 -0.169857502 -0.755766153 1.600467324 0.013706843 0.820522606 0.534137905 0.203104496
1341848009.410753 -0.165901214 -0.756343484 1.604234695 0.011849931 0.821368098 0.535367846 0.196456939
1341848009.442927 -0.163230449 -0.755211830 1.603158951 0.012091553 0.820809901 0.537578523 0.192702308
1341848009.479022 -0.159957826 -0.755614400 1.608087063 0.011218565 0.822518528 0.536577761 0.188206524
1341848009.510631 -0.157823280 -0.754978061 1.605790615 0.010773473 0.820437968 0.540449679 0.186224699
1341848009.542815 -0.154858783 -0.755458176 1.605883002 0.010233934 0.820957124 0.540283561 0.184440523
1341848009.578814 -0.152233809 -0.754521072 1.608863711 0.008859953 0.822099447 0.539124429 0.182808176
1341848009.610955 -0.147447765 -0.754229069 1.608993769 0.007099221 0.821944237 0.539957762 0.181115627
1341848009.646873 -0.143809289 -0.754974365 1.607874155 0.006846716 0.822250903 0.539433777 0.181294501
1341848009.678666 -0.141313046 -0.753822744 1.609335542 0.005267149 0.823603272 0.536832571 0.182922661
1341848009.710835 -0.138876110 -0.752001643 1.610271573 0.003224535 0.824754953 0.534837902 0.183622643
1341848009.746819 -0.134436250 -0.752855301 1.608634353 0.003409506 0.824626625 0.535070777 0.183517173
1341848009.778767 -0.130638480 -0.751276612 1.610965848 0.003221077 0.826631546 0.531445503 0.185028642
1341848009.810661 -0.128322095 -0.750330210 1.611100793 0.003589174 0.826403379 0.531671286 0.185392022
1341848009.846800 -0.122287989 -0.751852453 1.610885620 0.004850002 0.825328231 0.534317553 0.182522833
1341848009.878688 -0.119173825 -0.749388814 1.611147523 0.006205632 0.825803459 0.533140421 0.183770075
1341848009.914782 -0.116980672 -0.747753382 1.610932350 0.005075607 0.825437427 0.533461988 0.184514493
1341848009.946990 -0.111822873 -0.747213066 1.609531403 0.003157784 0.825372279 0.534065604 0.183096945
1341848009.978905 -0.106141239 -0.748166084 1.607712746 0.002607388 0.825185299 0.534108162 0.183822900
1341848010.014819 -0.104068696 -0.744996548 1.609254599 0.003384446 0.826487064 0.531631052 0.185137779
1341848010.046835 -0.101266921 -0.743392467 1.606806397 0.003882010 0.825641096 0.533359349 0.183928043
1341848010.082650 -0.098788500 -0.741050065 1.604929686 0.004251139 0.825630009 0.533372760 0.183930755
1341848010.114748 -0.097734302 -0.739063144 1.603568077 0.004089863 0.825463593 0.534004867 0.182844147
1341848010.146752 -0.094552934 -0.736118317 1.600920796 0.004081354 0.824179828 0.536710978 0.180699512
1341848010.182709 -0.090503067 -0.735207438 1.595709085 0.004267717 0.822724044 0.539623022 0.178644598
1341848010.214739 -0.088088214 -0.733158231 1.592601061 0.004694845 0.823164761 0.539516211 0.176918074
1341848010.246831 -0.085119337 -0.731146336 1.589580297 0.004482386 0.823273063 0.540295541 0.174017578
1341848010.282749 -0.081867427 -0.729376793 1.586150050 0.005899781 0.823075354 0.541408896 0.171430930
1341848010.314754 -0.079728425 -0.727054536 1.582086921 0.007058751 0.822348177 0.543292999 0.168897361
1341848010.351054 -0.076899678 -0.726130068 1.577609062 0.007121192 0.821848750 0.544739962 0.166650072
1341848010.382819 -0.073757648 -0.724423170 1.574957252 0.006922149 0.822161734 0.545167267 0.163691148
1341848010.414692 -0.072686195 -0.721187830 1.572179437 0.008893791 0.821809411 0.546096087 0.162262797
1341848010.450872 -0.071431428 -0.721345961 1.567790508 0.008841069 0.820571661 0.548708379 0.159696817
1341848010.483088 -0.070272863 -0.720149696 1.564375401 0.009225045 0.820711553 0.549237311 0.157116979
1341848010.514760 -0.068451628 -0.717827320 1.562856555 0.009480929 0.820744872 0.550375998 0.152886212
1341848010.550631 -0.065809682 -0.717589974 1.556147337 0.009196040 0.818230748 0.554953396 0.149801791
1341848010.582861 -0.065793753 -0.714391351 1.555639982 0.009925026 0.820780456 0.551651597 0.147991270
1341848010.618690 -0.064445347 -0.714981437 1.553226471 0.008223403 0.819466591 0.554773688 0.143642068
1341848010.650956 -0.061756358 -0.714942992 1.546495914 0.009028713 0.817626715 0.558363736 0.140125185
1341848010.682633 -0.062662810 -0.711862564 1.546527624 0.010702696 0.819712102 0.555450678 0.139398947
1341848010.718753 -0.061906233 -0.710158348 1.545259118 0.008683379 0.820078075 0.555620193 0.136684775
1341848010.750922 -0.061630443 -0.711901009 1.540419698 0.009348508 0.818114638 0.559260547 0.133523747
1341848010.782711 -0.061506227 -0.711670637 1.536720276 0.010011588 0.818490207 0.559548259 0.129920334
1341848010.818844 -0.060740933 -0.710539222 1.535901904 0.011246442 0.820932686 0.556920469 0.125628978
1341848010.850765 -0.060392633 -0.709679544 1.533974528 0.011783836 0.821316183 0.557140529 0.122046538
1341848010.886687 -0.059460476 -0.709214568 1.530935407 0.013289954 0.821609199 0.557426095 0.118565626
1341848010.918833 -0.060577497 -0.708019733 1.529721022 0.013829998 0.822548807 0.556339800 0.117081694
1341848010.950793 -0.059447706 -0.708019376 1.526276588 0.013636990 0.821883917 0.558223963 0.112724774
1341848010.986761 -0.057351068 -0.706475794 1.526545167 0.012460195 0.823748231 0.556167722 0.109366745
1341848011.018704 -0.056725442 -0.706368685 1.524710536 0.013540891 0.823099315 0.557474077 0.107456081
1341848011.051016 -0.057466149 -0.705205441 1.522568345 0.014799532 0.822730422 0.558223009 0.106220476
1341848011.086749 -0.056889907 -0.704195023 1.522168040 0.015856352 0.823733389 0.557248414 0.103373744
1341848011.118701 -0.055659652 -0.703976214 1.522017479 0.015502349 0.824200273 0.557051301 0.100734249
1341848011.154630 -0.054721430 -0.703418255 1.520838141 0.017290158 0.824032664 0.557830513 0.097448841
1341848011.186671 -0.054873422 -0.701825380 1.520689249 0.017783271 0.824244738 0.557706237 0.096270658
1341848011.219095 -0.055208609 -0.701681376 1.518494487 0.016173696 0.823059797 0.559851050 0.094221897
1341848011.254693 -0.053564161 -0.701347947 1.516381502 0.013933090 0.823385000 0.560090482 0.090231352
1341848011.286627 -0.052579463 -0.700394988 1.516376376 0.013040165 0.824403703 0.559154570 0.086801954
1341848011.322712 -0.051431566 -0.700362086 1.514131904 0.013169535 0.824138224 0.560321689 0.081622697
1341848011.354750 -0.049787432 -0.699957073 1.512401223 0.013363863 0.825045645 0.559532225 0.077747799
1341848011.386749 -0.049826115 -0.698490381 1.513798475 0.015026711 0.826939344 0.557215214 0.073868856
1341848011.422722 -0.048491374 -0.697260678 1.511039257 0.015362523 0.825681865 0.559625924 0.069514014
1341848011.454654 -0.048763543 -0.697027504 1.509114981 0.016913116 0.826323330 0.559073985 0.065878533
1341848011.486754 -0.048353143 -0.695377171 1.510737419 0.016247557 0.827927172 0.557242274 0.061267059
1341848011.522854 -0.046883464 -0.694900930 1.509400964 0.016402140 0.826866329 0.559400737 0.055622160
1341848011.554674 -0.046459168 -0.694256604 1.506105304 0.018459722 0.825758815 0.561322808 0.051945064
1341848011.590867 -0.046901070 -0.692937970 1.506594181 0.017754018 0.826770246 0.559999347 0.050363306
1341848011.622723 -0.046055414 -0.691399395 1.506067753 0.016533419 0.826479018 0.560861528 0.045754664
1341848011.654892 -0.045107797 -0.690612733 1.504473209 0.017811293 0.825953007 0.561868906 0.042281009
1341848011.690778 -0.046380974 -0.688870132 1.505184174 0.019230027 0.826336920 0.561361492 0.040875420
1341848011.722610 -0.046389602 -0.686656177 1.504133463 0.017175229 0.825865448 0.562384307 0.037083037
1341848011.754796 -0.045271352 -0.685294390 1.501992702 0.015096350 0.824633837 0.564518929 0.032702766
1341848011.790831 -0.046364408 -0.682818413 1.500994444 0.016504111 0.824312627 0.565105617 0.029865419
1341848011.822705 -0.046622626 -0.681449533 1.498577476 0.018399343 0.822758794 0.567561030 0.024573829
1341848011.858763 -0.045810279 -0.679897308 1.496368766 0.019411169 0.822191715 0.568534791 0.019802256
1341848011.890689 -0.046909656 -0.677913249 1.495931983 0.020834252 0.822525382 0.568061948 0.017986022
1341848011.922914 -0.046645481 -0.676881552 1.493313313 0.021729315 0.820915997 0.570454180 0.014380847
1341848011.958828 -0.046943452 -0.675973177 1.490805864 0.022524649 0.820677221 0.570818961 0.012132877
1341848011.990755 -0.048201121 -0.674003005 1.490665078 0.021383988 0.821411371 0.569819629 0.011478732
1341848012.022737 -0.048137665 -0.672860503 1.487596631 0.019606858 0.819476902 0.572692752 0.009805851
1341848012.058861 -0.048370071 -0.670403719 1.485370398 0.018470380 0.818828404 0.573673844 0.008786678
1341848012.090822 -0.049530692 -0.668558478 1.482487321 0.017116921 0.817816973 0.575162113 0.008426576
1341848012.126859 -0.049363501 -0.665992022 1.479774475 0.015526703 0.817558527 0.575591087 0.007201084
1341848012.158771 -0.048494175 -0.663253367 1.477653861 0.015021237 0.817449689 0.575767040 0.006529136
1341848012.190967 -0.048354402 -0.660984993 1.475018740 0.015144705 0.816369116 0.577273130 0.008235730
1341848012.226750 -0.048752099 -0.658372402 1.472576380 0.015006356 0.815297604 0.578762889 0.009908170
1341848012.258713 -0.048189625 -0.655710161 1.469487906 0.013127376 0.814324439 0.580131531 0.012280299
1341848012.295247 -0.048490703 -0.653380513 1.467342854 0.010727646 0.813311398 0.581522644 0.015518215
1341848012.326868 -0.048183411 -0.650808096 1.463672638 0.007029281 0.811746955 0.583696425 0.017774722
1341848012.358782 -0.049243949 -0.648140192 1.460158229 0.003989330 0.811021566 0.584593117 0.021884425
1341848012.394721 -0.047714181 -0.644965529 1.459258556 0.000043659 0.811109364 0.584424496 0.023442447
1341848012.426830 -0.048055369 -0.642779231 1.455232859 -0.002282836 0.808481395 0.587925255 0.026391145
1341848012.458805 -0.048403244 -0.640792191 1.451217175 -0.003760851 0.807477415 0.589195907 0.028534912
1341848012.494697 -0.047752079 -0.638116777 1.449499369 -0.006623412 0.807845235 0.588591218 0.030043952
1341848012.526756 -0.047302708 -0.636247516 1.446259260 -0.008439763 0.806039751 0.590929687 0.032105792
1341848012.562690 -0.046504825 -0.634068847 1.441451669 -0.009870372 0.804627895 0.592626989 0.035634696
1341848012.594669 -0.046870645 -0.631941438 1.439508796 -0.012864231 0.805197597 0.591508865 0.040107783
1341848012.626774 -0.045159891 -0.629899740 1.436745882 -0.017018897 0.804324448 0.592457294 0.042034514
1341848012.662763 -0.042959668 -0.627854109 1.434337854 -0.018893823 0.804101884 0.592503965 0.044746026
1341848012.695339 -0.042559810 -0.625611901 1.433456421 -0.020582292 0.804146945 0.591908216 0.050683435
1341848012.726854 -0.041752212 -0.624449670 1.431093097 -0.024942357 0.802937865 0.592901051 0.056009803
1341848012.762672 -0.040131025 -0.621686339 1.429481626 -0.027833546 0.803033888 0.592229962 0.060212310
1341848012.794727 -0.037633926 -0.621178746 1.427448750 -0.028950457 0.801797867 0.593277633 0.065603070
1341848012.830669 -0.037713669 -0.619212329 1.426833153 -0.032202508 0.801619053 0.592184544 0.075414546
1341848012.862795 -0.036675632 -0.618231893 1.423027873 -0.037214641 0.800686777 0.592192173 0.082608551
1341848012.894740 -0.034985729 -0.616813660 1.423882723 -0.042219188 0.803215683 0.587674558 0.087753549
1341848012.930848 -0.034820095 -0.615292072 1.421478629 -0.043970007 0.801788092 0.588316977 0.095318712
1341848012.962752 -0.034756072 -0.614011407 1.420264006 -0.047137883 0.802252948 0.586326659 0.101927318
1341848012.994842 -0.033423193 -0.613024712 1.421446919 -0.052127011 0.803876698 0.582886875 0.106338210
1341848013.030944 -0.032145038 -0.611490250 1.420326352 -0.053890973 0.802468300 0.583599985 0.112033345
1341848013.062714 -0.031416200 -0.610735238 1.418597221 -0.055112496 0.801423848 0.583683968 0.118302196
1341848013.098784 -0.030033037 -0.610194385 1.418237448 -0.056950085 0.801496744 0.582176208 0.124219351
1341848013.130817 -0.027845934 -0.610316575 1.419160485 -0.059702139 0.801393151 0.580892146 0.129494965
1341848013.162759 -0.025361538 -0.610546291 1.418278337 -0.058861468 0.799157560 0.582780600 0.135089844
1341848013.198719 -0.026425079 -0.607192039 1.420284510 -0.054749969 0.799962163 0.579676569 0.145045102
1341848013.230855 -0.026637673 -0.605575860 1.420759082 -0.052848313 0.799500823 0.579027712 0.150772810
1341848013.262723 -0.024303690 -0.605205774 1.422007322 -0.053127825 0.798245013 0.579394341 0.155834645
1341848013.298709 -0.024645269 -0.605212927 1.421266437 -0.050581731 0.795058966 0.581509173 0.164832875
1341848013.330754 -0.023494765 -0.604103804 1.421927214 -0.053703386 0.794473827 0.580296874 0.170829728
1341848013.366705 -0.022059649 -0.604006410 1.423232198 -0.057569418 0.793726802 0.579032123 0.177215487
1341848013.398748 -0.019545704 -0.603397965 1.426208735 -0.059702948 0.793012679 0.578234971 0.182238117
1341848013.430850 -0.015789688 -0.603200793 1.428861022 -0.061030392 0.790264070 0.579913318 0.188304350
1341848013.466959 -0.016404942 -0.603076398 1.425783873 -0.060313396 0.784042656 0.584458351 0.200119495
1341848013.498782 -0.014547199 -0.602918684 1.425910115 -0.064182222 0.782950878 0.583222866 0.206687137
1341848013.534779 -0.011001989 -0.603143573 1.428282619 -0.070771806 0.783013344 0.580190182 0.212745920
1341848013.566664 -0.008351251 -0.603034019 1.429604173 -0.073805057 0.781573415 0.578634501 0.221083507
1341848013.598764 -0.007739633 -0.602769494 1.430523634 -0.072968818 0.780288517 0.576804280 0.230482534
1341848013.634812 -0.005745202 -0.603401303 1.430968046 -0.073783986 0.778090417 0.577290416 0.236361936
1341848013.666669 -0.002871186 -0.604153991 1.429574370 -0.074865915 0.775662422 0.576808929 0.245019108
1341848013.698821 -0.001785547 -0.604517758 1.430502653 -0.075845331 0.776637793 0.571704030 0.253447562
1341848013.734623 0.000522465 -0.605327129 1.431393027 -0.078808732 0.776961267 0.567804873 0.260226935
1341848013.766827 0.002528191 -0.605848491 1.432472229 -0.078844339 0.777914345 0.563799500 0.266012967
1341848013.802717 0.003145933 -0.603984594 1.434762001 -0.077199571 0.778789461 0.559485435 0.272952884
1341848013.834802 0.003557920 -0.603189349 1.435219049 -0.076894969 0.777050614 0.558041036 0.280837417
1341848013.866791 0.007585943 -0.606709361 1.433637023 -0.080057114 0.774358094 0.559593976 0.284279674
1341848013.902735 0.007391453 -0.604324400 1.436910748 -0.081105523 0.776431203 0.552609861 0.291888386
1341848013.934871 0.010103405 -0.604689837 1.437282920 -0.083430149 0.774029553 0.553079724 0.296682447
1341848013.966740 0.011970758 -0.603912413 1.438014984 -0.083177954 0.772737443 0.551646590 0.302728087
1341848014.002717 0.014246285 -0.603092313 1.438755393 -0.083711885 0.771541178 0.550405443 0.307847977
1341848014.034942 0.016706616 -0.603356719 1.439908743 -0.084017307 0.769401371 0.549446940 0.314754963
1341848014.070990 0.018123239 -0.602519035 1.439759493 -0.085497744 0.766219735 0.548241198 0.324081838
1341848014.102686 0.020289391 -0.601330161 1.441076875 -0.091034755 0.764728248 0.545215964 0.331123680
1341848014.134725 0.024185926 -0.600789249 1.442920923 -0.095166497 0.763694108 0.543067813 0.335845202
1341848014.170724 0.027397335 -0.600911021 1.443812966 -0.097619414 0.760004520 0.543451786 0.342817426
1341848014.202658 0.031065583 -0.599738240 1.443882465 -0.101009265 0.756550252 0.543158293 0.349868387
1341848014.234751 0.035042942 -0.599662602 1.444305301 -0.102277592 0.755068481 0.540194333 0.357212782
1341848014.270714 0.038075805 -0.600276709 1.447277427 -0.104660057 0.753072619 0.537203252 0.365158260
1341848014.302738 0.041919470 -0.602351546 1.446942806 -0.104969323 0.749217689 0.538758278 0.370666742
1341848014.338694 0.046439737 -0.599817157 1.450479984 -0.105448425 0.749226511 0.533876717 0.377512723
1341848014.370553 0.050058007 -0.601860046 1.450651288 -0.106399640 0.744121730 0.533643425 0.387539178
1341848014.402830 0.050716758 -0.597919464 1.451772809 -0.107017174 0.742272615 0.527424634 0.399251819
1341848014.438848 0.054933906 -0.597494423 1.453949809 -0.108595639 0.740797222 0.522980690 0.407329917
1341848014.470783 0.057736665 -0.597297907 1.455377817 -0.109973386 0.737435818 0.518192053 0.419012278
1341848014.506633 0.062673062 -0.598606229 1.457374454 -0.111745685 0.735250354 0.515012205 0.426242054
1341848014.538728 0.064658910 -0.600101233 1.458601117 -0.113765404 0.731274545 0.510702193 0.437582254
1341848014.570790 0.068153024 -0.600755155 1.460109591 -0.114036761 0.730953276 0.504451275 0.445232332
1341848014.606858 0.070545942 -0.597237945 1.463488340 -0.112182602 0.730521023 0.497286916 0.454378456
1341848014.638688 0.074346900 -0.598896027 1.464163542 -0.111365736 0.726360202 0.496930987 0.461582214
1341848014.670828 0.081032842 -0.600975394 1.467445612 -0.112475052 0.725769043 0.494006515 0.465366751
1341848014.706765 0.084970415 -0.603936791 1.467522144 -0.113018714 0.722909331 0.491091818 0.472713083
1341848014.738691 0.086215764 -0.602757156 1.467547655 -0.110371768 0.722540975 0.485548139 0.479578555
1341848014.774750 0.090499163 -0.603796542 1.472654581 -0.108383082 0.723662853 0.481458962 0.482454568
1341848014.806669 0.092867374 -0.604338408 1.473727822 -0.103400484 0.720552564 0.480593711 0.489021510
1341848014.838740 0.094635963 -0.605468690 1.472134709 -0.098789200 0.716502309 0.480875522 0.495604604
1341848014.874686 0.098729581 -0.605287671 1.473468423 -0.097178459 0.713769794 0.478167146 0.502439320
1341848014.906647 0.100426853 -0.605108380 1.475175619 -0.094351314 0.711696506 0.474691689 0.509169579
1341848014.938697 0.100960463 -0.604583800 1.475935578 -0.091115184 0.708384395 0.474643320 0.514396071
1341848014.974705 0.105075002 -0.600217998 1.479495168 -0.087895967 0.706959367 0.472345829 0.519010723
1341848015.006657 0.102898955 -0.601347864 1.479058266 -0.086822636 0.700989962 0.472667009 0.526935339
1341848015.042593 0.104509965 -0.600150466 1.478340387 -0.091155566 0.694954395 0.476029396 0.531154513
1341848015.074864 0.108768001 -0.600939751 1.478816032 -0.102664411 0.689404726 0.476403236 0.535930037
1341848015.106838 0.111222640 -0.600436807 1.479224443 -0.110562459 0.684974968 0.474901885 0.541344106
1341848015.142691 0.112588868 -0.598902762 1.480780363 -0.113405883 0.682177722 0.474624723 0.544521809
1341848015.174708 0.115306273 -0.598274589 1.481738687 -0.116316877 0.677944779 0.475787759 0.548167109
1341848015.207238 0.116793260 -0.597326338 1.481031895 -0.116700135 0.672463715 0.476189017 0.554452419
1341848015.243495 0.119355321 -0.596418917 1.481680989 -0.120493643 0.668696761 0.474332571 0.559762836
1341848015.274780 0.122293919 -0.594684958 1.484277129 -0.123467594 0.666240036 0.470567167 0.565195918
1341848015.310598 0.123686984 -0.595375180 1.484533668 -0.121985488 0.660627365 0.468947411 0.573392749
1341848015.342895 0.124583676 -0.593825936 1.484175920 -0.118852772 0.655781269 0.467451602 0.580787301
1341848015.374733 0.126475483 -0.594139874 1.485703468 -0.118864559 0.650965393 0.466669619 0.586800456
1341848015.410655 0.125805095 -0.592422485 1.484160423 -0.112237543 0.643677235 0.465878159 0.596690714
1341848015.442783 0.126832247 -0.591301501 1.483223438 -0.110275775 0.636763871 0.464922756 0.605159283
1341848015.474959 0.129350364 -0.592490911 1.484129190 -0.113562629 0.630818486 0.462330550 0.612716973
1341848015.510927 0.131109953 -0.592725337 1.483775973 -0.114568152 0.625145257 0.457938910 0.621578157
1341848015.542834 0.129904658 -0.592782497 1.483562469 -0.110834800 0.618745267 0.456322849 0.629793167
1341848015.581753 0.129972547 -0.590000451 1.482434154 -0.105500691 0.610133350 0.455556601 0.639589727
1341848015.617769 0.131252334 -0.587341249 1.485380173 -0.104803748 0.606947243 0.447045088 0.648677051
1341848015.650094 0.131044149 -0.588099718 1.481505632 -0.106124327 0.596786797 0.443380266 0.660300732
1341848015.685811 0.133184165 -0.588024139 1.483047009 -0.108253829 0.591735721 0.439865142 0.666819751
1341848015.718057 0.132889628 -0.586790800 1.483114362 -0.102774061 0.587902129 0.434017867 0.674860775
1341848015.749815 0.132266164 -0.586997032 1.482365251 -0.098846711 0.582091153 0.429971129 0.683025658
1341848015.785761 0.134170860 -0.586943388 1.483170509 -0.097406752 0.576891780 0.426680416 0.689675033
1341848015.817883 0.133675575 -0.587193966 1.482799530 -0.093945518 0.573396444 0.420959026 0.696551681
1341848015.853811 0.132685125 -0.587194085 1.482280970 -0.090603150 0.569274366 0.415581405 0.703569412
1341848015.885654 0.136110783 -0.589552760 1.483352542 -0.095342241 0.565057874 0.412158370 0.708339512
1341848015.917793 0.136405021 -0.588890493 1.483749032 -0.094890587 0.563425481 0.405480772 0.713535428
1341848015.954005 0.136099890 -0.589305997 1.483942032 -0.092779011 0.561448216 0.396728992 0.720259666
1341848015.986663 0.135381252 -0.590563297 1.483068705 -0.091179699 0.557578683 0.391318083 0.726403773
1341848016.021677 0.134990811 -0.590332627 1.483338594 -0.087553494 0.554286718 0.387694240 0.731295943
1341848016.053936 0.136010244 -0.590560913 1.483861089 -0.084898122 0.552864134 0.383456290 0.734911442
1341848016.085724 0.134527653 -0.591980219 1.483144045 -0.083544686 0.550234497 0.378374428 0.739658713
1341848016.121844 0.134326622 -0.591997981 1.483566284 -0.084103160 0.548014522 0.376588196 0.742150962
1341848016.153821 0.134306058 -0.591639817 1.483288050 -0.085109867 0.546129107 0.373445690 0.745008469
1341848016.185769 0.133787274 -0.594411492 1.484295607 -0.089956112 0.546326995 0.370918304 0.745556355
1341848016.221734 0.133548319 -0.595232248 1.484304428 -0.092462741 0.544388175 0.371217310 0.746518493
1341848016.253686 0.133866221 -0.594811857 1.484985471 -0.090321057 0.544900537 0.370618999 0.746704102
1341848016.289960 0.133890897 -0.595302522 1.484390497 -0.093290173 0.544373155 0.369941533 0.747059643
1341848016.322013 0.133343160 -0.595374167 1.484718800 -0.094524324 0.546434462 0.373234749 0.743754208
1341848016.353746 0.134085223 -0.596905828 1.487452507 -0.092831932 0.550951123 0.375620753 0.739421487
1341848016.389789 0.132525653 -0.598232925 1.487137437 -0.090682067 0.551653683 0.378439784 0.737725079
1341848016.421705 0.132086247 -0.598191977 1.487412691 -0.086308084 0.552639484 0.383532107 0.734876633
1341848016.453901 0.131660745 -0.595468104 1.485809326 -0.077790722 0.552582026 0.386379600 0.734378994
1341848016.490058 0.131986275 -0.600176811 1.489798546 -0.080987930 0.557019174 0.386389434 0.730666697
1341848016.521813 0.131374016 -0.600695014 1.490443230 -0.079143561 0.559426367 0.386121720 0.729169786
1341848016.554210 0.130558372 -0.600731850 1.490684390 -0.074124418 0.561106861 0.386279166 0.728322148
1341848016.589825 0.129879832 -0.601939321 1.490916371 -0.071162567 0.560167968 0.386399209 0.729275942
1341848016.621860 0.129413575 -0.603126466 1.491568446 -0.069355913 0.560788095 0.390116483 0.726990819
1341848016.657837 0.126002342 -0.604243040 1.496152043 -0.060908664 0.565275252 0.390838653 0.723877907
1341848016.689891 0.124835879 -0.606595099 1.496121168 -0.060339481 0.562176943 0.392038584 0.725687265
1341848016.757848 0.126856253 -0.606454790 1.496314049 -0.058567233 0.559765339 0.392738342 0.727316439
1341848016.784104 0.122398674 -0.610052526 1.499364376 -0.059009492 0.562829673 0.389127254 0.726856649
1341848016.818817 0.120477758 -0.610784173 1.501358271 -0.056408353 0.562756062 0.391035736 0.726095498
1341848016.850754 0.119278520 -0.615015805 1.507138968 -0.059034746 0.566471338 0.390414715 0.723326683
1341848016.882757 0.117078498 -0.617336512 1.508098960 -0.059855327 0.565751135 0.391255587 0.723368526
1341848016.918907 0.115175754 -0.617540121 1.509497523 -0.057628963 0.564653277 0.392266482 0.723859489
1341848016.950706 0.114164986 -0.619597435 1.511706233 -0.058839992 0.564466000 0.392947197 0.723538876
1341848016.986658 0.112452403 -0.621946454 1.512486219 -0.061913673 0.564269722 0.392944187 0.723437130
1341848017.018678 0.108759195 -0.623132348 1.518492937 -0.059712898 0.570078015 0.392215878 0.719452679
1341848017.050760 0.107403338 -0.625714779 1.519248366 -0.061122138 0.569295764 0.394154787 0.718893945
1341848017.086845 0.107648112 -0.627261639 1.519580483 -0.064111479 0.569823146 0.396251261 0.717060864
1341848017.118641 0.106497385 -0.629344761 1.521288991 -0.065020517 0.573261201 0.397697419 0.713428795
1341848017.150678 0.102071419 -0.630601287 1.524321198 -0.060875345 0.579349220 0.398204118 0.708577573
1341848017.186855 0.100052513 -0.632458925 1.524783015 -0.060123406 0.581239402 0.400954664 0.705536187
1341848017.218765 0.099277511 -0.635191619 1.528373241 -0.060667135 0.587575555 0.401503205 0.699906886
1341848017.254693 0.096072704 -0.637454391 1.528889298 -0.058558956 0.591702938 0.401647747 0.696518183
1341848017.286638 0.093461886 -0.638483822 1.530432701 -0.053846963 0.595959008 0.403932124 0.691933692
1341848017.318695 0.096622519 -0.640964866 1.533596873 -0.052716829 0.601403296 0.405263722 0.686510265
1341848017.354737 0.088702880 -0.643598258 1.531300664 -0.044895697 0.604565084 0.399771392 0.687508702
1341848017.386825 0.086962134 -0.646074593 1.533242226 -0.045284931 0.609526575 0.402238548 0.681638241
1341848017.418824 0.082959309 -0.647300899 1.534306169 -0.036936641 0.613705814 0.403910130 0.677390218
1341848017.454792 0.079053029 -0.650819063 1.534384608 -0.037927769 0.614980578 0.405680299 0.675117731
1341848017.486699 0.078276604 -0.651202738 1.535518050 -0.035807032 0.618289113 0.407334208 0.671204388
1341848017.522694 0.076188706 -0.653303146 1.535554171 -0.036357731 0.620471776 0.406360179 0.669749439
1341848017.554797 0.072502896 -0.654389679 1.535898566 -0.034358051 0.624126554 0.405416220 0.667025685
1341848017.587838 0.070507407 -0.655180633 1.537929535 -0.032510359 0.628081799 0.406092584 0.662982047
1341848017.622714 0.068963706 -0.657104135 1.537728190 -0.030496687 0.630735815 0.406020820 0.660597742
1341848017.654814 0.066622153 -0.657937229 1.538637996 -0.028689817 0.634122849 0.406833798 0.656925738
1341848017.686820 0.068322964 -0.660435438 1.538420558 -0.028257871 0.636480689 0.407072097 0.654512167
1341848017.722837 0.062918566 -0.661849260 1.539328218 -0.022833014 0.640810132 0.405307174 0.651588142
1341848017.754780 0.063305125 -0.661189497 1.541021347 -0.018427368 0.643342316 0.407077432 0.648119628
1341848017.790699 0.062519357 -0.663320959 1.540098786 -0.015551290 0.644071937 0.406045139 0.648117959
1341848017.822756 0.058415402 -0.665773690 1.541659832 -0.013284633 0.648049414 0.403943986 0.645511210
1341848017.854726 0.057819877 -0.666963935 1.542416811 -0.012858918 0.649166882 0.404510707 0.644040465
1341848017.890737 0.055773042 -0.668379664 1.543926477 -0.011722007 0.650760770 0.403821260 0.642885208
1341848017.922823 0.052418143 -0.669695079 1.543235779 -0.011650739 0.650759459 0.404314309 0.642577827
1341848017.958643 0.053802155 -0.669629097 1.545025587 -0.012946631 0.653049529 0.404641241 0.640018940
1341848017.990683 0.049863845 -0.670884967 1.546635628 -0.010785533 0.655063808 0.403548867 0.638688743
1341848018.022671 0.048735000 -0.671034217 1.547725201 -0.011952314 0.655548155 0.405849963 0.636709988
1341848018.058766 0.049747951 -0.672250807 1.548219681 -0.014925695 0.657474577 0.406214178 0.634424448
1341848018.090894 0.046848610 -0.672703743 1.549484134 -0.014085553 0.660587132 0.405540437 0.631635249
1341848018.122747 0.046065815 -0.673246443 1.551342487 -0.012985112 0.662412465 0.409278512 0.627321422
1341848018.159145 0.047167465 -0.674454212 1.551965475 -0.011961895 0.663172126 0.412538856 0.624396741
1341848018.190824 0.046501309 -0.676094234 1.552548885 -0.013297193 0.665328324 0.413155735 0.621662021
1341848018.226660 0.046490639 -0.677346706 1.555154204 -0.014775030 0.668657243 0.414035648 0.617457449
1341848018.258766 0.046069354 -0.678735375 1.556778073 -0.011761285 0.670418799 0.417082578 0.613549113
1341848018.290747 0.044849709 -0.680778801 1.559077859 -0.010938916 0.671721816 0.419842333 0.610248029
1341848018.333905 0.046138719 -0.681779683 1.560857296 -0.013641184 0.673817456 0.421027720 0.607058167
1341848018.367205 0.047107056 -0.683111429 1.563814640 -0.015387369 0.678358078 0.419857323 0.602754831
1341848018.397728 0.045096368 -0.684927225 1.566401362 -0.013220420 0.681197345 0.420567781 0.599097788
1341848018.433770 0.043339476 -0.686795771 1.569518685 -0.008769421 0.682298660 0.425499558 0.594425619
1341848018.465663 0.044021338 -0.688238740 1.572519302 -0.005944707 0.682910085 0.430640876 0.590039849
1341848018.501822 0.046228632 -0.690275192 1.576219082 -0.006780894 0.686108589 0.432942390 0.584611058
1341848018.534507 0.043874562 -0.691512764 1.579146504 -0.004597271 0.688469589 0.433642775 0.581328154
1341848018.565849 0.042892769 -0.693150043 1.583260775 -0.003393278 0.690837562 0.435378194 0.577215612
1341848018.601739 0.045078248 -0.695359230 1.586791992 -0.006111953 0.693530738 0.436134785 0.573379755
1341848018.633687 0.041940629 -0.697220683 1.588939786 -0.004725333 0.696028709 0.436642349 0.569969475
1341848018.669811 0.043052733 -0.700837195 1.594161510 -0.006789022 0.698246121 0.439236075 0.565223873
1341848018.701756 0.042394996 -0.704244018 1.597417355 -0.007834438 0.698810518 0.442480594 0.561972857
1341848018.733853 0.043768227 -0.705560803 1.600690126 -0.009384677 0.700943768 0.443447202 0.558519840
1341848018.769715 0.042938262 -0.709498584 1.605047464 -0.010836535 0.703580856 0.442872047 0.555626631
1341848018.802234 0.044071048 -0.711694360 1.609655261 -0.011473768 0.705194712 0.443372816 0.553163171
1341848018.833759 0.045766860 -0.713795185 1.612428188 -0.012296984 0.706688762 0.442856520 0.551650226
1341848018.869787 0.044739336 -0.717468560 1.614979267 -0.010768313 0.708904445 0.441284776 0.550096750
1341848018.901964 0.042837560 -0.721078157 1.619261980 -0.009226946 0.710884988 0.441087157 0.547722220
1341848018.933795 0.044762164 -0.723235965 1.622935295 -0.006383466 0.711320937 0.443772316 0.545021057
1341848018.969688 0.042968363 -0.726695657 1.624959588 -0.003906373 0.711494923 0.444357485 0.544340134
1341848019.002336 0.042077363 -0.729446232 1.627559662 -0.005358650 0.712911069 0.444882661 0.542041183
1341848019.069833 0.042919725 -0.734763503 1.632571578 -0.005873493 0.716503263 0.443264484 0.538614094
1341848019.096441 0.041542202 -0.737511694 1.634826541 -0.006853284 0.718008637 0.443796486 0.536154330
1341848019.130792 0.041769236 -0.738834620 1.637534618 -0.006980848 0.720132470 0.443532139 0.533516347
1341848019.162652 0.039719284 -0.742409110 1.641030073 -0.005575350 0.721982777 0.445185661 0.529640913
1341848019.198644 0.038984537 -0.744069576 1.643710613 -0.006247602 0.723589420 0.447245717 0.525690496
1341848019.231114 0.039960951 -0.746006548 1.646339774 -0.007945044 0.726395547 0.448520064 0.520688117
1341848019.262728 0.039021105 -0.749188185 1.649858236 -0.008887223 0.729357481 0.448073328 0.516903222
1341848019.298715 0.036940217 -0.751012146 1.653684378 -0.008892649 0.731519222 0.449559689 0.512539387
1341848019.330680 0.038299829 -0.753315806 1.656283021 -0.010717078 0.733475626 0.452280521 0.507287920
1341848019.362697 0.037810653 -0.754975915 1.661239147 -0.011334805 0.737257957 0.450707495 0.503174961
1341848019.398715 0.035266042 -0.759074450 1.665569782 -0.011936584 0.739389062 0.452828795 0.498103827
1341848019.431028 0.036489397 -0.761796832 1.670018911 -0.013726193 0.741897702 0.453596115 0.493609101
1341848019.467021 0.034658521 -0.765349984 1.674597979 -0.015044216 0.745363295 0.451541394 0.490221977
1341848019.498756 0.035256445 -0.768160224 1.678653359 -0.015021300 0.748674393 0.452000201 0.484723419
1341848019.530821 0.034417570 -0.771975815 1.684671760 -0.012008344 0.751524150 0.452035099 0.480345160
1341848019.567087 0.033318698 -0.774091005 1.691411734 -0.010023021 0.753700852 0.453189522 0.475871623
1341848019.598737 0.034411073 -0.777241707 1.694686770 -0.008451420 0.754232645 0.455359608 0.472979218
1341848019.630654 0.033385873 -0.780046821 1.700874329 -0.009085111 0.757219851 0.453754902 0.469725609
1341848019.666875 0.034403145 -0.783108830 1.707458496 -0.009630824 0.758818805 0.455195397 0.465723574
1341848019.698668 0.034575582 -0.784561634 1.711226344 -0.007819961 0.758317590 0.457713276 0.464103311
1341848019.734756 0.034563482 -0.786360383 1.714446902 -0.009325226 0.759880900 0.457805008 0.461420298
1341848019.766703 0.035011172 -0.789370418 1.718957424 -0.010957196 0.762380540 0.457736909 0.457310379
1341848019.798719 0.034919977 -0.792704701 1.723849535 -0.010613466 0.763924479 0.458352745 0.454114020
1341848019.834660 0.035390735 -0.793380082 1.726404786 -0.009499418 0.765163541 0.459432364 0.450950623
1341848019.866778 0.035612941 -0.796093106 1.729084730 -0.009385420 0.767203212 0.460110843 0.446776509
1341848019.898833 0.035880923 -0.797959626 1.732557774 -0.007783744 0.769632757 0.460493296 0.442211270
1341848019.934782 0.035793066 -0.799813628 1.735941052 -0.005517561 0.771389544 0.462757230 0.436787695
1341848019.966705 0.037602782 -0.798746407 1.737346768 -0.003752296 0.772613168 0.465094209 0.432136744
1341848020.002811 0.038785517 -0.799753189 1.740117669 -0.003761798 0.775607109 0.465720803 0.426055938
1341848020.034693 0.039012015 -0.801226735 1.742359877 -0.004315212 0.778558552 0.465805590 0.420539141
1341848020.066696 0.039759994 -0.804965496 1.746412039 -0.003729427 0.780355394 0.468104601 0.414619923
1341848020.102776 0.040765703 -0.805985928 1.748221397 -0.001481337 0.781559646 0.469893724 0.410319716
1341848020.134758 0.040749431 -0.807301641 1.749921560 -0.002388648 0.783639550 0.470468700 0.405663103
1341848020.170835 0.041988850 -0.809816062 1.752252579 -0.004459699 0.786451876 0.470083654 0.400618196
1341848020.202706 0.043254673 -0.811538637 1.755296350 -0.004514946 0.788802326 0.470165402 0.395872414
1341848020.234873 0.044560194 -0.812749624 1.757942677 -0.004981193 0.790836275 0.471332878 0.390382439
1341848020.271152 0.047019780 -0.813904047 1.758752823 -0.005342203 0.793137372 0.471753418 0.385166556
1341848020.302754 0.048623443 -0.816345692 1.761857867 -0.004903739 0.796102941 0.471211642 0.379678428
1341848020.334861 0.050705969 -0.815707326 1.765016437 -0.004228720 0.798963487 0.470995307 0.373902202
1341848020.370812 0.052768826 -0.818553448 1.765867591 -0.003106441 0.800737321 0.472601593 0.368045986
1341848020.402809 0.055058122 -0.819892406 1.768881798 -0.001893154 0.803849280 0.471780151 0.362279177
1341848020.438816 0.058322787 -0.820847631 1.770540833 -0.002545832 0.806656182 0.471091539 0.356892198
1341848020.471200 0.060505688 -0.821949005 1.772085905 -0.002170373 0.810507894 0.469050050 0.350805283
1341848020.502691 0.061763167 -0.825849056 1.774961472 0.000273941 0.814002931 0.467963189 0.344107032
1341848020.538748 0.065594196 -0.825867116 1.779348850 0.002533116 0.816937923 0.468365490 0.336511254
1341848020.570790 0.067901552 -0.827860355 1.781714201 0.005171548 0.818507433 0.469992578 0.330341935
1341848020.602764 0.070366144 -0.828330994 1.786112547 0.006534277 0.820810735 0.470299512 0.324107140
1341848020.638929 0.071751356 -0.831306696 1.789347649 0.008740967 0.820799470 0.474708200 0.317590922
1341848020.670809 0.075590968 -0.831762195 1.789960027 0.010311340 0.820804954 0.477431476 0.313419968
1341848020.706669 0.076885164 -0.832677901 1.793595791 0.009153878 0.822769463 0.476494670 0.309708714
1341848020.738994 0.079973221 -0.836115837 1.797453046 0.007403394 0.823260963 0.479472429 0.303797185
1341848020.770817 0.084130883 -0.836722374 1.797873855 0.010502214 0.822853148 0.482536525 0.299934924
1341848020.807216 0.084834635 -0.838541925 1.800294995 0.012026691 0.822790861 0.483983606 0.297708780
1341848020.839066 0.088142037 -0.839210033 1.802426815 0.009630408 0.823634923 0.484795988 0.294118464
1341848020.870955 0.091369271 -0.841569543 1.802959561 0.010242915 0.824228108 0.485372752 0.291472763
1341848020.906582 0.092672169 -0.844575644 1.805982590 0.011815145 0.824847698 0.486114085 0.288409114
1341848020.938790 0.095877647 -0.844842196 1.807200670 0.012598511 0.824829459 0.487976462 0.285265803
1341848020.974874 0.099514723 -0.845648766 1.808045626 0.011629643 0.826509416 0.486806244 0.282429844
1341848021.006632 0.101396322 -0.848450482 1.810705423 0.011081986 0.827972233 0.486077875 0.279405653
1341848021.039636 0.104649663 -0.850081563 1.813622594 0.011563926 0.828627586 0.487623781 0.274710238
1341848021.074762 0.107561648 -0.851511657 1.814686179 0.012238397 0.829013050 0.488839030 0.271337420
1341848021.106691 0.109028041 -0.853742719 1.817668438 0.011581561 0.830420613 0.488568723 0.267522097
1341848021.142795 0.112996280 -0.852949977 1.818295717 0.010303252 0.831549883 0.489242256 0.262793988
1341848021.175038 0.116065443 -0.854668736 1.820070505 0.010289590 0.832518578 0.489650309 0.258939177
1341848021.206698 0.119173825 -0.854520321 1.823608994 0.010504183 0.833953559 0.489486158 0.254586607
1341848021.242671 0.122053802 -0.854898334 1.823338866 0.009016113 0.835311055 0.489292443 0.250533551
1341848021.274899 0.126446187 -0.857487917 1.825843096 0.008622586 0.838065088 0.488211036 0.243356720
1341848021.307283 0.130137503 -0.858967423 1.827215672 0.010129418 0.839651048 0.488062531 0.238072276
1341848021.343359 0.134452283 -0.858703196 1.829567671 0.010023959 0.842858911 0.485498369 0.231904462
1341848021.384830 0.138204694 -0.860267043 1.829726458 0.009381891 0.846664488 0.481994331 0.225283593
1341848021.414272 0.141596615 -0.865003109 1.832799911 0.012119044 0.849571586 0.480577171 0.217087209
1341848021.455728 0.146416843 -0.864616930 1.832874060 0.015360269 0.851815641 0.479856253 0.209552243
1341848021.487906 0.149443150 -0.869034648 1.835954428 0.018961135 0.854657948 0.477643907 0.202624246
1341848021.514696 0.154301822 -0.870474339 1.838593125 0.021499354 0.856737435 0.476846427 0.195336133
1341848021.550755 0.157857418 -0.872120619 1.842463613 0.024100689 0.858113408 0.476472139 0.189828545
1341848021.617752 0.164477766 -0.872854948 1.845358253 0.019589109 0.860354900 0.474732965 0.184484020
1341848021.643147 0.168582320 -0.877124846 1.848143697 0.013014639 0.861547172 0.474408209 0.180288345
1341848021.678764 0.176509887 -0.874883354 1.848989367 0.010806452 0.863249004 0.473484695 0.174632668
1341848021.710743 0.178364009 -0.877139926 1.853611708 0.011249255 0.864091754 0.472763568 0.172375947
1341848021.742811 0.181340933 -0.877116919 1.854634643 0.012224002 0.863864303 0.474458039 0.168755844
1341848021.778676 0.186346650 -0.878185630 1.855576396 0.012177774 0.864417076 0.475322545 0.163411468
1341848021.810867 0.188631862 -0.879240096 1.858557820 0.010407196 0.864913225 0.475733131 0.159670815
1341848021.844563 0.192985296 -0.879072487 1.858938456 0.007686324 0.865308285 0.476677269 0.154794469
1341848021.878887 0.198909611 -0.879765809 1.859411001 0.006661272 0.866245925 0.476664007 0.149549514
1341848021.910628 0.203498900 -0.880089164 1.858777046 0.006494306 0.866665661 0.476916432 0.146284640
1341848021.946714 0.206375629 -0.880664706 1.857994795 0.006248812 0.867402375 0.476454288 0.143406391
1341848021.978747 0.213413715 -0.880465984 1.858065248 0.004316482 0.869242072 0.474438906 0.138950720
1341848022.010782 0.217391282 -0.881081700 1.859147072 0.003206953 0.870621264 0.472728312 0.136148065
1341848022.046709 0.220765740 -0.881677747 1.858834386 0.003379261 0.871511102 0.472355485 0.131670922
1341848022.078665 0.225211143 -0.880741179 1.858276129 0.002877520 0.872429073 0.471577764 0.128349692
1341848022.110954 0.229697347 -0.882627189 1.856539965 0.000626707 0.872669041 0.472299963 0.124020420
1341848022.146749 0.237654865 -0.882574856 1.855925202 -0.000406695 0.873892009 0.471861869 0.116871700
1341848022.178988 0.241348982 -0.881830931 1.854794741 -0.000398595 0.875318468 0.470185667 0.112883978
1341848022.214773 0.245488048 -0.879649580 1.853870153 -0.001471388 0.876917839 0.468177825 0.108731322
1341848022.246774 0.249935508 -0.879442811 1.851522207 -0.000891780 0.878902435 0.465891689 0.102345556
1341848022.278764 0.257549733 -0.880624056 1.852545738 0.000968989 0.880531549 0.464692444 0.093403518
1341848022.314757 0.259082586 -0.881735504 1.849756837 0.007358284 0.880089879 0.466452360 0.088373058
1341848022.354110 0.262469023 -0.879643440 1.846858859 0.008710170 0.881818235 0.464158922 0.082928903
1341848022.387191 0.269251257 -0.882963657 1.847592354 0.008260494 0.883309782 0.462786585 0.074325457
1341848022.417848 0.274870723 -0.880786180 1.843263388 0.011092903 0.883811057 0.462772101 0.067800820
1341848022.454164 0.275602400 -0.881704152 1.840408444 0.013213198 0.885338783 0.460143268 0.065336242
1341848022.485638 0.276564837 -0.886044502 1.839392185 0.013658834 0.886017561 0.459340453 0.061584882
1341848022.521730 0.283772051 -0.884752512 1.837604165 0.014088374 0.887000859 0.458350688 0.054273766
1341848022.554231 0.287149906 -0.886896253 1.835171700 0.017786795 0.887555420 0.457602590 0.050288402
1341848022.586067 0.290206850 -0.885778725 1.834050894 0.015584694 0.889148593 0.454988092 0.046452098
1341848022.621801 0.294461995 -0.885439634 1.831930518 0.014022009 0.889711499 0.454517305 0.040384348
1341848022.654208 0.297915697 -0.886215031 1.827981830 0.016234402 0.890670478 0.452935457 0.035944518
1341848022.690287 0.298940957 -0.889100015 1.829983473 0.018045885 0.891193271 0.452130944 0.032039922
1341848022.721700 0.301206112 -0.890040934 1.826980233 0.018142663 0.889614224 0.455692619 0.024526827
1341848022.753725 0.308777660 -0.887004912 1.823880792 0.017920928 0.890162230 0.454986691 0.016647255
1341848022.782985 0.309445232 -0.888295829 1.825415254 0.019591793 0.890163898 0.455042988 0.012659546
1341848022.814772 0.312350452 -0.888253927 1.821690559 0.017788874 0.887274981 0.460882246 0.003773473
1341848022.850799 0.317708105 -0.884170175 1.819790363 0.014736212 0.887428701 0.460702419 -0.002546325
1341848022.882710 0.318258703 -0.885211885 1.819946885 0.015095619 0.886483133 0.462472022 -0.006278781
1341848022.918835 0.323560357 -0.899700046 1.818269730 0.008941766 0.877789259 0.478598654 -0.018693503
1341848022.950815 0.324140400 -0.888184190 1.806192636 0.005470959 0.876295090 0.481021106 -0.026375493
1341848022.982728 0.325903028 -0.879826665 1.812357426 -0.001549810 0.883205175 0.467911810 -0.031697620
1341848023.018822 0.332081079 -0.883536518 1.812741518 -0.005672327 0.880043030 0.472612768 -0.046144191
1341848023.050766 0.341058582 -0.873043716 1.805330515 -0.004730030 0.878024817 0.474854231 -0.059694584
1341848023.082738 0.343136787 -0.876205862 1.804782033 -0.000276626 0.877798676 0.474607557 -0.064938560
1341848023.118789 0.343965650 -0.881602824 1.807317019 0.002397178 0.876379609 0.476153493 -0.072324477
1341848023.150992 0.349086672 -0.874858737 1.800855875 0.001409310 0.875213742 0.476648510 -0.082493536
1341848023.186687 0.355669051 -0.872059345 1.801291466 0.001797801 0.875932813 0.473645121 -0.091644637
1341848023.218702 0.360839128 -0.874066055 1.803813338 0.004457097 0.872999489 0.477195561 -0.100679494
1341848023.250764 0.364316314 -0.873856485 1.799813271 0.008035581 0.868224502 0.483919948 -0.109284386
1341848023.286758 0.368821919 -0.869871438 1.799333572 0.004511142 0.866667926 0.485622644 -0.114179410
1341848023.318763 0.372126997 -0.870912433 1.800350666 -0.003559462 0.863918245 0.489468604 -0.118545502
1341848023.354762 0.377449423 -0.870778501 1.798275709 -0.006342315 0.860635638 0.493180066 -0.126646936
1341848023.386908 0.382511944 -0.864370167 1.795182228 -0.009043642 0.859523416 0.493786305 -0.131578207
1341848023.418717 0.385648727 -0.863674223 1.794911623 -0.007734250 0.857533753 0.495768398 -0.137075558
1341848023.454710 0.389090806 -0.862018347 1.793420553 -0.006449168 0.855077207 0.498293132 -0.143196940
1341848023.487092 0.390516937 -0.856738508 1.791383386 -0.005995802 0.854434371 0.498692811 -0.145641476
1341848023.518675 0.391431451 -0.855029881 1.790417433 -0.004941533 0.853955388 0.498584926 -0.148824811
1341848023.555068 0.394898623 -0.853045702 1.787146807 -0.008642379 0.852558315 0.498926342 -0.155377269
1341848023.586796 0.399810404 -0.849943638 1.784667730 -0.010237379 0.852663219 0.497064292 -0.160585538
1341848023.622845 0.400813609 -0.851596773 1.782495975 -0.007823355 0.852274656 0.496817052 -0.163522080
1341848023.654718 0.402666688 -0.848185003 1.780424953 -0.007984101 0.852732182 0.494360566 -0.168498337
1341848023.687172 0.405573010 -0.847281158 1.777028680 -0.008811255 0.851782382 0.493859470 -0.174619406
1341848023.722693 0.407834053 -0.847097993 1.773433924 -0.006776981 0.851490378 0.492725194 -0.179276317
1341848023.754690 0.409449995 -0.846840978 1.772592664 -0.006364498 0.851198435 0.492297947 -0.181833521
1341848023.786854 0.410922289 -0.843060911 1.767133713 -0.006789454 0.849915624 0.492299765 -0.187718466
1341848023.822788 0.413999140 -0.842794895 1.765070677 -0.008755375 0.849859536 0.490328103 -0.192977995
1341848023.854825 0.415842742 -0.840505183 1.761413574 -0.008287134 0.848627806 0.490675598 -0.197483063
1341848023.890666 0.417013168 -0.837918997 1.757459879 -0.009466065 0.847799122 0.490349650 -0.201752782
1341848023.922784 0.418944389 -0.835729361 1.752492428 -0.011215147 0.847234845 0.489257991 -0.206624985
1341848023.954826 0.419977605 -0.834755599 1.748253345 -0.010197023 0.847078741 0.487203509 -0.212099850
1341848023.990739 0.422032654 -0.833612025 1.746851921 -0.005923705 0.846237063 0.485384583 -0.219657734
1341848024.022671 0.423876047 -0.830753505 1.741963506 -0.001744296 0.844049156 0.486513764 -0.225571007
1341848024.054725 0.425435722 -0.828104734 1.736272693 0.001292142 0.843077421 0.486162335 -0.229923755
1341848024.090828 0.425917834 -0.828137398 1.734734893 0.004335823 0.843164027 0.484339446 -0.233390033
1341848024.122843 0.427612066 -0.826791883 1.731594563 0.007296621 0.841573834 0.484514415 -0.238633558
1341848024.158762 0.429057300 -0.823709249 1.727436066 0.010143305 0.840285301 0.484427929 -0.243202150
1341848024.190945 0.429071695 -0.823075771 1.723611712 0.012159100 0.840281785 0.483282536 -0.245390847
1341848024.222838 0.430239826 -0.823834658 1.722463131 0.012983765 0.838097632 0.484391659 -0.250576228
1341848024.258826 0.431579679 -0.820548415 1.717958927 0.012363279 0.835609853 0.485940427 -0.255861670
1341848024.290769 0.433349252 -0.817713916 1.715482712 0.014283923 0.835183144 0.484504193 -0.259847671
1341848024.322705 0.434370011 -0.817887247 1.712476611 0.014347889 0.832294941 0.487635821 -0.263231099
1341848024.358743 0.435137421 -0.813707590 1.707661152 0.012195682 0.829967201 0.488896608 -0.268301785
1341848024.390878 0.435756832 -0.811611056 1.704491138 0.010664214 0.829186022 0.488133878 -0.272143692
1341848024.426783 0.437182963 -0.812185109 1.703443527 0.011200935 0.827588677 0.488745302 -0.275861502
1341848024.458795 0.438006133 -0.809815049 1.700022817 0.011806129 0.825716734 0.489741743 -0.279652447
1341848024.491019 0.439172417 -0.807746649 1.698300123 0.011066285 0.824398994 0.489709765 -0.283598572
1341848024.526783 0.440920651 -0.803806186 1.695824504 0.010037346 0.822247982 0.490466297 -0.288531393
1341848024.558627 0.442501426 -0.801413894 1.693064094 0.009219470 0.820727050 0.491464883 -0.291177571
1341848024.594736 0.444349945 -0.800127625 1.691298127 0.009764524 0.819456577 0.491464883 -0.294716626
1341848024.626657 0.445829481 -0.799607158 1.689874887 0.008693959 0.816785097 0.493735105 -0.298349023
1341848024.658717 0.448542297 -0.794071317 1.685953617 0.007518150 0.815017641 0.493113607 -0.304185420
1341848024.694820 0.450402915 -0.793283463 1.684675455 0.009174898 0.813839734 0.492954463 -0.307532966
1341848024.727054 0.454275906 -0.793155611 1.682794571 0.009324887 0.810366929 0.496020734 -0.311740249
1341848024.758938 0.456136882 -0.789384961 1.678934932 0.009007813 0.808728158 0.496064961 -0.315906912
1341848024.794701 0.458669454 -0.789078951 1.677859545 0.008405043 0.808097124 0.494946420 -0.319274932
1341848024.826727 0.462221563 -0.786902905 1.675796032 0.008404112 0.806321263 0.494756192 -0.324024260
1341848024.862797 0.465064645 -0.784695268 1.673352003 0.010206285 0.805844009 0.493139058 -0.327605277
1341848024.894777 0.468457520 -0.784104824 1.671848059 0.013702841 0.805449605 0.491447240 -0.330972522
1341848024.926754 0.472319126 -0.781563103 1.668957472 0.015445371 0.804057777 0.490238607 -0.336033732
1341848024.962678 0.475593954 -0.780227602 1.667615175 0.017442409 0.804200053 0.488216758 -0.338529855
1341848024.994729 0.479325056 -0.780142486 1.667952061 0.021924758 0.803447187 0.487108767 -0.341638684
1341848025.026872 0.482338697 -0.777015448 1.665569782 0.023027530 0.801001310 0.488523453 -0.345270157
1341848025.062647 0.485891134 -0.776098847 1.663202286 0.022160787 0.800101042 0.488116354 -0.347979307
1341848025.094714 0.491529346 -0.775477171 1.662414432 0.020376172 0.798406541 0.487804770 -0.352389455
1341848025.131056 0.496784329 -0.771410108 1.658084393 0.019440545 0.795548737 0.488393694 -0.358044505
1341848025.163080 0.500858307 -0.770235538 1.655981421 0.021416234 0.794948757 0.486757368 -0.361476332
1341848025.194910 0.504242301 -0.770524859 1.655939102 0.023626378 0.793768346 0.486798853 -0.363868833
1341848025.230646 0.505584717 -0.769464970 1.655283809 0.025192458 0.792237937 0.486822069 -0.367054045
1341848025.262679 0.510925055 -0.765554905 1.650322199 0.026009131 0.791052639 0.484774381 -0.372227132
1341848025.294743 0.513905883 -0.764968634 1.650041461 0.027121222 0.790699601 0.484239608 -0.373591512
1341848025.330653 0.516614079 -0.762691975 1.647504807 0.025828678 0.789128125 0.484856576 -0.376196474
1341848025.363022 0.520569682 -0.762423754 1.644530892 0.024802234 0.788205802 0.484279752 -0.378932148
1341848025.398825 0.523094416 -0.760725021 1.644072175 0.026514707 0.787883937 0.483240455 -0.380807787
1341848025.430687 0.524588466 -0.760802329 1.642165899 0.027417006 0.786078036 0.484966666 -0.382278681
1341848025.462832 0.525614083 -0.761243343 1.641435623 0.025643159 0.785557985 0.484617442 -0.383910239
1341848025.498683 0.530432343 -0.758766890 1.638027191 0.023190908 0.784118652 0.483831704 -0.387978196
1341848025.530800 0.531081676 -0.758610606 1.637143493 0.023560632 0.782821596 0.485072613 -0.389024168
1341848025.566751 0.534843445 -0.754623652 1.633645773 0.022443620 0.781348884 0.484051526 -0.393299341
1341848025.598738 0.537178993 -0.753168046 1.632568240 0.021795861 0.780617714 0.483198225 -0.395828784
1341848025.630731 0.539806843 -0.752014577 1.630830765 0.021266796 0.779324830 0.483369559 -0.398188919
1341848025.666677 0.541397572 -0.751229882 1.629313469 0.022949254 0.778143167 0.483314216 -0.400467187
1341848025.698755 0.543101907 -0.751010895 1.628189325 0.022664322 0.776452661 0.483906418 -0.403041124
1341848025.730719 0.544432044 -0.748568594 1.625771523 0.021252902 0.774582088 0.484692901 -0.405763239
1341848025.766716 0.546349883 -0.746334434 1.623673558 0.020210585 0.773958385 0.483466268 -0.408460975
1341848025.798909 0.547209024 -0.747768283 1.622800350 0.021079160 0.773289382 0.483541787 -0.409593165
1341848025.834828 0.550302684 -0.744564533 1.619848728 0.022358989 0.771715105 0.482427299 -0.413787127
1341848025.866679 0.552410960 -0.743143082 1.617616653 0.024153616 0.771476507 0.480468035 -0.416402608
1341848025.898725 0.553567767 -0.742148221 1.616881371 0.026805080 0.770985067 0.479311109 -0.418478698
1341848025.934824 0.554999888 -0.738185585 1.612832069 0.026386356 0.768865228 0.479731530 -0.421909600
1341848025.967138 0.557129085 -0.736976385 1.611085892 0.027356355 0.768160522 0.478345454 -0.424695969
1341848025.998679 0.559240937 -0.736554325 1.611229539 0.030303081 0.767161131 0.477653444 -0.427074581
1341848026.034640 0.560904026 -0.732988238 1.606642008 0.030558242 0.764457464 0.478253841 -0.431212515
1341848026.066857 0.562940180 -0.731860280 1.604720712 0.031204546 0.764061034 0.476319164 -0.434001178
1341848026.102823 0.565390706 -0.730121374 1.603804231 0.032806206 0.762605488 0.475138485 -0.437721461
1341848026.134670 0.567207158 -0.727329016 1.600479484 0.036092300 0.760433674 0.474729866 -0.441666663
1341848026.166699 0.569691658 -0.726407528 1.598810196 0.038915787 0.760031879 0.472967923 -0.444002718
1341848026.202754 0.571258783 -0.723649442 1.596902728 0.041355092 0.757766962 0.473003656 -0.447600842
1341848026.234940 0.574171782 -0.722007036 1.594149828 0.042758226 0.755094528 0.473249882 -0.451706260
1341848026.267001 0.576582551 -0.720751405 1.594145775 0.046804201 0.754529595 0.471568555 -0.454001635
1341848026.302861 0.578214467 -0.719293833 1.592017889 0.050500393 0.751551628 0.473144919 -0.456895739
1341848026.334824 0.580269933 -0.716232300 1.588748217 0.050089374 0.749464750 0.472658038 -0.460855812
1341848026.371024 0.582761049 -0.715040803 1.587116361 0.050522026 0.748822212 0.470881671 -0.463662922
1341848026.402725 0.584654808 -0.713517904 1.585209012 0.052279770 0.747547626 0.470155865 -0.466254085
1341848026.434734 0.586129248 -0.711861491 1.583396077 0.054035880 0.746911347 0.468074173 -0.469159037
1341848026.470839 0.587970972 -0.710655332 1.581538558 0.054788195 0.746624291 0.466049969 -0.471537799
1341848026.502672 0.589383960 -0.708464146 1.579308033 0.054432355 0.745441139 0.464790195 -0.474683791
1341848026.534739 0.590987086 -0.707300663 1.577239156 0.054648146 0.744719326 0.462916404 -0.477614015
1341848026.570847 0.593436718 -0.706622422 1.575132608 0.053452380 0.744545817 0.461901873 -0.479000062
1341848026.602721 0.595437407 -0.704772234 1.573222518 0.051276315 0.744317710 0.461038828 -0.480421811
1341848026.641972 0.597419024 -0.702504575 1.570754409 0.050577406 0.743058503 0.460455000 -0.482998192
1341848026.671128 0.599489450 -0.701691210 1.568534493 0.050906748 0.742783129 0.459656119 -0.484146714
1341848026.702795 0.601506770 -0.701133370 1.567036390 0.050010607 0.743059695 0.459160209 -0.484286249
1341848026.738795 0.606041968 -0.700688004 1.564719915 0.048292533 0.742507339 0.459206522 -0.485262841
1341848026.770813 0.608908534 -0.697363257 1.562060118 0.048493974 0.741637826 0.458860368 -0.486897111
1341848026.806747 0.612098813 -0.695340276 1.559512019 0.048431858 0.740589559 0.459855020 -0.487560064
1341848026.838668 0.615238309 -0.694404006 1.557202578 0.047853161 0.740022957 0.461401403 -0.487016261
1341848026.878025 0.619106412 -0.694182158 1.557660937 0.047402956 0.740315974 0.461614579 -0.486412555
1341848026.906905 0.623194814 -0.691952229 1.554245949 0.046018172 0.738961995 0.463201076 -0.487095743
1341848026.938881 0.626903355 -0.691740632 1.551924586 0.046067797 0.738805890 0.464254826 -0.486324072
1341848026.970651 0.631347179 -0.686871171 1.548726797 0.044055335 0.738358498 0.464248598 -0.487195134
1341848027.006815 0.635586023 -0.686117828 1.546814561 0.042863276 0.737384379 0.466195762 -0.486917377
1341848027.038669 0.641009212 -0.683983982 1.544112802 0.043445967 0.737022579 0.464599639 -0.488934875
1341848027.074785 0.645232677 -0.683419824 1.543773651 0.043935943 0.737361491 0.464449286 -0.488522768
1341848027.106663 0.648815513 -0.682312608 1.542398334 0.046076842 0.735946476 0.464552283 -0.490357876
1341848027.138671 0.653491080 -0.680232048 1.538556576 0.045410093 0.735692739 0.461833745 -0.493359625
1341848027.174831 0.658548534 -0.678131938 1.538105607 0.043939151 0.736760855 0.459320366 -0.494244456
1341848027.207212 0.662936807 -0.676468611 1.537305713 0.044367883 0.736526608 0.457271725 -0.496450037
1341848027.238696 0.667564988 -0.676837087 1.535304785 0.044982512 0.735482931 0.456316233 -0.498815536
1341848027.274701 0.672531724 -0.676418900 1.534131289 0.044792242 0.735618949 0.455219328 -0.499633670
1341848027.306705 0.677277684 -0.676074982 1.532560229 -0.044160005 -0.735127091 -0.454259276 0.501285017
1341848027.342775 0.682189465 -0.675494432 1.530889750 -0.045109864 -0.735225677 -0.452316940 0.502809823
1341848027.374943 0.686439514 -0.673956811 1.528509974 -0.044883616 -0.736194015 -0.449967146 0.503521085
1341848027.406837 0.691947520 -0.674641728 1.526855826 -0.044803768 -0.737256527 -0.448457569 0.503320217
1341848027.442959 0.695920348 -0.671947002 1.523748994 -0.044277050 -0.738352537 -0.446082920 0.503870130
1341848027.474800 0.700675964 -0.672667861 1.523014784 -0.042513590 -0.741075635 -0.444392830 0.501512289
1341848027.506714 0.706438601 -0.672470748 1.520430326 -0.041196562 -0.742744029 -0.443091482 0.500304103
1341848027.543310 0.708991885 -0.671689987 1.519518137 0.042243417 0.745478630 0.441021442 -0.497973144
1341848027.574717 0.713687122 -0.668221712 1.517642975 0.039661165 0.747948885 0.438713074 -0.496518105
1341848027.610716 0.716605544 -0.667843342 1.516634226 0.038892854 0.749618649 0.438268006 -0.494449556
1341848027.642684 0.720156550 -0.666376710 1.513870358 0.038262516 0.750242472 0.438005060 -0.493785203
1341848027.674731 0.724189520 -0.666427314 1.513360143 0.038266141 0.751675427 0.437702507 -0.491870165
1341848027.711026 0.726359487 -0.664213657 1.510044575 0.037373085 0.750881195 0.438999265 -0.491996288
1341848027.742789 0.729424000 -0.662726760 1.509013891 0.037938323 0.752058566 0.438163429 -0.490898579
1341848027.778768 0.732039690 -0.662341714 1.506241322 0.036780987 0.753143191 0.438856721 -0.488699585
1341848027.810746 0.734499812 -0.660086036 1.505096436 0.034996845 0.754333258 0.438814729 -0.487029940
1341848027.842836 0.738265276 -0.658699870 1.501480460 0.034524821 0.753774762 0.440394551 -0.486502022
1341848027.878669 0.740092754 -0.656691670 1.498314023 0.033053339 0.753884017 0.442641377 -0.484391361
1341848027.911127 0.742907882 -0.656142890 1.497032166 0.032114238 0.755378306 0.442976326 -0.481813490
1341848027.942732 0.746586978 -0.654836059 1.493718743 0.030258281 0.754558921 0.445418507 -0.480965257
1341848027.978757 0.747139037 -0.651462257 1.487966776 0.028741648 0.754335761 0.446209818 -0.480674803
1341848028.011034 0.749273419 -0.650673866 1.487074494 0.027293781 0.756756783 0.445241243 -0.477843553
1341848028.046706 0.751059115 -0.648581803 1.484000921 0.025927380 0.756909847 0.445407331 -0.477522343
1341848028.078967 0.752584636 -0.646616638 1.477190614 0.025165519 0.756505370 0.445655257 -0.477972537
1341848028.110971 0.755312681 -0.646045148 1.476889014 0.026065860 0.759279549 0.443592906 -0.475437105
1341848028.150637 0.754632950 -0.645262837 1.474770546 0.028333526 0.760231733 0.442286342 -0.475002825
1341848028.186050 0.755785108 -0.642350912 1.468780756 0.026489852 0.760057688 0.441128552 -0.476462126
1341848028.254235 0.758806348 -0.640040696 1.463444948 0.027413486 0.760792911 0.439090729 -0.477118403
1341848028.278830 0.759026766 -0.638363481 1.460654855 0.027876450 0.761346638 0.437501132 -0.477668256
1341848028.314908 0.760393023 -0.638794541 1.458496332 0.027484149 0.761681139 0.436796904 -0.477802217
1341848028.347962 0.761467576 -0.636499584 1.455550075 0.027129190 0.761429250 0.435782969 -0.479147881
1341848028.378956 0.763961375 -0.634084463 1.450765371 0.027966974 0.760846257 0.433609068 -0.481989592
1341848028.414628 0.765008926 -0.632608891 1.447689891 0.028379457 0.761268854 0.432089567 -0.482662350
1341848028.447632 0.765689850 -0.631189108 1.444311142 0.027840655 0.760719299 0.431379288 -0.484193116
1341848028.482785 0.767673731 -0.628193378 1.441661596 0.028133649 0.761485338 0.427985787 -0.485980153
1341848028.514701 0.771303773 -0.625737488 1.438852429 0.030843591 0.761660457 0.425693721 -0.487551898
1341848028.546612 0.772231102 -0.624487102 1.433191895 0.031901814 0.760084867 0.427814871 -0.488085747
1341848028.582747 0.774586439 -0.624168873 1.429333925 0.031229740 0.760037601 0.427940488 -0.488092750
1341848028.614649 0.778514743 -0.621325493 1.426005960 0.031197911 0.759863257 0.427349657 -0.488883257
1341848028.653766 0.779955149 -0.620357752 1.421297073 0.032209985 0.759102345 0.429125756 -0.488443673
1341848028.721828 0.784226954 -0.617118716 1.413904548 0.032812934 0.759020686 0.428755224 -0.488855630
1341848028.747229 0.786075354 -0.614127040 1.410055280 0.033968482 0.758732021 0.427708805 -0.490139872
1341848028.782861 0.787685931 -0.613132834 1.406066298 0.034269508 0.759161174 0.427747935 -0.489419639
1341848028.814757 0.789568245 -0.610653639 1.402890205 0.033872858 0.759518564 0.426846921 -0.489679337
1341848028.850773 0.791667640 -0.609148741 1.397603869 0.033179034 0.758931994 0.427424312 -0.490132421
1341848028.882714 0.794359326 -0.606568694 1.396716595 0.033944406 0.760520995 0.425740153 -0.489081681
1341848028.914838 0.796785593 -0.606137872 1.392572880 0.035632789 0.759128392 0.427991271 -0.489160359
1341848028.950881 0.798415899 -0.605277300 1.389571190 0.037213542 0.758615792 0.429519683 -0.488497764
1341848028.982690 0.799272537 -0.603559852 1.385633349 0.038029339 0.757937491 0.430837303 -0.488327503
1341848029.018728 0.801529884 -0.602174878 1.381586790 0.036310438 0.757263482 0.431931555 -0.488537282
1341848029.050751 0.801978111 -0.600359678 1.379504561 0.034812141 0.757397950 0.431636781 -0.488698423
1341848029.082877 0.804009557 -0.597882390 1.378026962 0.033882312 0.757954836 0.429928750 -0.489405483
1341848029.118800 0.806466937 -0.596252739 1.375603557 0.034301527 0.757437050 0.429914445 -0.490189910
1341848029.150715 0.807397306 -0.595638514 1.372518778 0.034586806 0.755945325 0.432056367 -0.490589142
1341848029.182676 0.809311748 -0.593819678 1.370288968 0.033555683 0.754404843 0.433376878 -0.491865724
1341848029.218708 0.810579777 -0.592094481 1.366997480 0.032873616 0.753062725 0.434869438 -0.492650479
1341848029.250626 0.812226117 -0.590798616 1.364517450 0.031355582 0.752166808 0.436319202 -0.492836237
1341848029.286969 0.814239860 -0.589067101 1.361918569 0.028916555 0.750807345 0.437106162 -0.494358569
1341848029.320225 0.816684961 -0.586808145 1.360069633 0.027291605 0.749238610 0.437062949 -0.496862799
1341848029.350954 0.818536401 -0.585143447 1.356888413 0.028622082 0.748603940 0.436053962 -0.498627961
1341848029.386923 0.821111083 -0.585033298 1.355569005 0.028560204 0.748659551 0.435705334 -0.498852700
1341848029.418757 0.823153853 -0.583086967 1.352864861 -0.027809763 -0.746771872 -0.435710967 0.501711488
1341848029.450819 0.825400472 -0.580678463 1.349437118 -0.027452243 -0.745685160 -0.434284359 0.504576147
1341848029.486788 0.828709483 -0.580326617 1.347185135 -0.027171666 -0.744838834 -0.433828175 0.506231129
1341848029.518925 0.831206977 -0.578800082 1.345827818 -0.026030559 -0.744081318 -0.432481438 0.508552015
1341848029.554721 0.833904982 -0.577057242 1.342309952 -0.026198164 -0.742774844 -0.430358917 0.512240529
1341848029.586990 0.837882519 -0.575914621 1.339903712 -0.027154943 -0.742750049 -0.428021520 0.514181376
1341848029.618715 0.841356158 -0.576238751 1.337218404 -0.028704042 -0.740724325 -0.427856088 0.517148554
1341848029.655302 0.844774127 -0.573287725 1.335142732 -0.029669028 -0.739468575 -0.424703449 0.521471858
1341848029.686830 0.848944545 -0.572390079 1.333280921 -0.029530449 -0.739158571 -0.422721624 0.523525417
1341848029.718752 0.852716684 -0.571587920 1.331757545 -0.029934542 -0.737011611 -0.422431707 0.526753545
1341848029.754791 0.854879677 -0.569240212 1.327933669 -0.030452820 -0.734278083 -0.422240734 0.530679822
1341848029.786949 0.859652877 -0.568877578 1.327773809 -0.031285375 -0.734636843 -0.419388264 0.532393992
1341848029.822778 0.863730073 -0.567720115 1.325608969 -0.031528708 -0.732316494 -0.419465721 0.535506248
1341848029.854811 0.867158771 -0.566075087 1.323398590 -0.032171622 -0.730418086 -0.418359369 0.538915455
1341848029.887992 0.870105982 -0.564550042 1.321567893 -0.033196960 -0.729076803 -0.416959643 0.541746795
1341848029.922779 0.874652445 -0.562928438 1.320343614 -0.033679496 -0.727612078 -0.416074306 0.544360638
1341848029.954640 0.876913786 -0.562454283 1.318492174 -0.035269205 -0.725225925 -0.416489750 0.547119439
1341848029.990762 0.879245877 -0.559970856 1.316565514 -0.035158772 -0.723818123 -0.415252358 0.549924195
1341848030.022873 0.883401215 -0.558875680 1.315261364 -0.035599355 -0.722041011 -0.415101856 0.552340388
1341848030.054776 0.886057377 -0.557685375 1.312924623 -0.035836205 -0.719996214 -0.415613681 0.554604769
1341848030.090782 0.888725519 -0.556041598 1.310957670 -0.035722949 -0.718492806 -0.414886534 0.557100594
1341848030.122796 0.891045451 -0.554534674 1.309924841 -0.035434704 -0.717306912 -0.414263278 0.559107482
1341848030.154918 0.893991709 -0.553282022 1.307663083 -0.035999823 -0.715093255 -0.414081991 0.562033594
1341848030.190683 0.895571232 -0.552290320 1.305326581 -0.035917789 -0.713040888 -0.414499193 0.564334095
1341848030.222713 0.896799564 -0.550935626 1.304020882 -0.035942443 -0.710791707 -0.414395273 0.567238808
1341848030.258930 0.899988294 -0.549001694 1.302124858 -0.034719989 -0.708303809 -0.413609535 0.570988059
1341848030.290864 0.901300848 -0.547133625 1.300341010 -0.034968052 -0.705806375 -0.413694501 0.573996007
1341848030.322775 0.902744770 -0.546470463 1.298129559 -0.035415571 -0.703586698 -0.414479285 0.576123476
1341848030.358886 0.906418800 -0.545679927 1.296436071 -0.035049733 -0.700161457 -0.415502965 0.579571128
1341848030.390832 0.906414568 -0.542157054 1.294840336 -0.035041090 -0.698452890 -0.413631856 0.582961679
1341848030.422795 0.908920407 -0.541032434 1.294493556 -0.034749348 -0.696801841 -0.413661450 0.584930658
1341848030.458888 0.909700572 -0.538501918 1.291522861 -0.035324067 -0.694321394 -0.412878990 0.588388443
1341848030.490846 0.912339568 -0.537282228 1.290151358 -0.034820952 -0.693028033 -0.413023502 0.589840055
1341848030.526716 0.913086057 -0.534905076 1.287081718 -0.035052091 -0.690393329 -0.413265258 0.592739582
1341848030.565795 0.914728761 -0.532402992 1.285166979 -0.034849189 -0.688858747 -0.411305368 0.595891893
1341848030.590919 0.916266918 -0.531303287 1.282135129 -0.035005920 -0.686665833 -0.410705477 0.598820210
1341848030.626961 0.917748928 -0.528634310 1.280106306 -0.036370568 -0.684795380 -0.408657461 0.602272034
1341848030.658903 0.918901324 -0.527100682 1.277032256 -0.038160000 -0.683397830 -0.406422168 0.605253875
1341848030.690656 0.919982791 -0.525289774 1.273669839 -0.039136179 -0.682441533 -0.404299736 0.607687116
1341848030.726765 0.920872569 -0.523636699 1.271160603 -0.039574191 -0.681020617 -0.402889818 0.610184073
1341848030.758759 0.921808660 -0.521698833 1.268648148 -0.040096618 -0.679472148 -0.399986476 0.613775790
1341848030.794692 0.923867345 -0.521174848 1.264934897 -0.039568160 -0.677394032 -0.398195416 0.617261767
1341848030.827483 0.925882876 -0.519116879 1.262124419 -0.039802298 -0.676228702 -0.394816726 0.620685339
1341848030.859838 0.928814769 -0.517060041 1.259904146 -0.040957198 -0.675564766 -0.390307605 0.624175251
1341848030.894711 0.930840969 -0.515587807 1.256410122 -0.045462951 -0.673481405 -0.386609226 0.628402114
1341848030.926741 0.931922436 -0.514017344 1.251728177 -0.049309425 -0.671934903 -0.383248687 0.631816864
1341848030.958727 0.933035791 -0.513005972 1.247246265 -0.049007069 -0.670782566 -0.380589843 0.634665668
1341848030.994735 0.935527444 -0.511504292 1.244281530 -0.048482705 -0.669176280 -0.376462489 0.638849378
1341848031.026698 0.937952220 -0.508839011 1.239858866 -0.049546938 -0.668263674 -0.373122364 0.641676247
1341848031.062783 0.938914776 -0.507410049 1.236522317 -0.052521586 -0.668880165 -0.369064659 0.643142343
1341848031.094761 0.941413105 -0.506428003 1.232640505 -0.055130433 -0.667490721 -0.366224140 0.645985007
1341848031.126776 0.943139195 -0.505101800 1.227763295 -0.056998543 -0.666653752 -0.364639014 0.647581935
1341848031.162860 0.945711493 -0.502882361 1.223909020 -0.057918373 -0.667392075 -0.362298787 0.648053110
1341848031.194685 0.948439121 -0.501898348 1.221084237 -0.059205718 -0.667285740 -0.361201376 0.648658633
1341848031.230953 0.949683547 -0.500650823 1.217663050 -0.060616910 -0.666279137 -0.361353666 0.649477661
1341848031.262715 0.951967537 -0.499144614 1.214466691 -0.061926320 -0.666419625 -0.360010833 0.649955571
1341848031.294747 0.954846382 -0.496575236 1.211696982 -0.064739347 -0.665595472 -0.359101027 0.651028395
1341848031.330754 0.955397606 -0.496274173 1.208633184 -0.066470698 -0.664750099 -0.359820694 0.651320219
1341848031.363008 0.956282675 -0.495469123 1.205727100 -0.065726206 -0.664267778 -0.359268874 0.652191877
1341848031.394753 0.957374692 -0.493609995 1.203223228 -0.063913375 -0.663242698 -0.358738065 0.653705716
1341848031.430611 0.958032012 -0.492623568 1.199897647 -0.063339025 -0.661658108 -0.358219981 0.655648589
1341848031.472150 0.959579527 -0.492160082 1.197340727 -0.062101327 -0.660793722 -0.357284725 0.657147348
1341848031.502110 0.961898327 -0.491959423 1.195559025 -0.060495187 -0.659166694 -0.358081043 0.658496439
1341848031.538148 0.961942077 -0.490331888 1.193353176 -0.059425853 -0.657166481 -0.357027620 0.661159635
1341848031.562876 0.964439094 -0.489845544 1.191538811 -0.058524869 -0.655808032 -0.355793357 0.663250864
1341848031.598730 0.966253936 -0.490054458 1.189799070 -0.059043474 -0.653073132 -0.355846167 0.665869951
1341848031.630816 0.966899812 -0.488280475 1.187311411 -0.058469746 -0.651312411 -0.354172319 0.668532252
1341848031.662784 0.968883693 -0.487754107 1.186089039 -0.057153303 -0.649970472 -0.353600502 0.670252621
1341848031.698757 0.970808864 -0.486326784 1.184137702 -0.056291007 -0.647804916 -0.352167845 0.673170090
1341848031.730668 0.970827401 -0.485907316 1.182128787 -0.055380847 -0.646590590 -0.350518227 0.675270736
1341848031.766658 0.973953009 -0.485333443 1.180245399 -0.052710950 -0.645559311 -0.348363936 0.677581966
1341848031.798743 0.977322578 -0.483979106 1.178542376 -0.052131433 -0.643139303 -0.346573532 0.680838466
1341848031.830821 0.977849960 -0.483172506 1.177321434 -0.053764705 -0.641161144 -0.343304992 0.684224665
1341848031.866735 0.980492473 -0.484161109 1.174816847 -0.054195181 -0.638813317 -0.341030419 0.687516272
1341848031.898722 0.981911302 -0.483583480 1.172888398 -0.052699830 -0.636277497 -0.339837193 0.690568089
1341848031.930844 0.985626936 -0.482891679 1.171159506 -0.052795265 -0.635191917 -0.335734934 0.693560243
1341848031.966694 0.987987697 -0.481014520 1.168078542 -0.053162221 -0.632990003 -0.334271133 0.696247280
1341848031.998742 0.988996625 -0.481156021 1.166857839 -0.053062674 -0.630864799 -0.333361328 0.698615849
1341848032.034711 0.991935372 -0.479127944 1.163764954 -0.049702600 -0.629001856 -0.332106113 0.701136112
1341848032.066718 0.995218277 -0.477350116 1.161659598 -0.049299963 -0.627304494 -0.330788016 0.703304946
1341848032.098732 0.996988475 -0.476188332 1.158530235 -0.050166521 -0.625935197 -0.329773694 0.704938114
1341848032.134739 1.000608206 -0.475158095 1.155974627 -0.049120065 -0.625799119 -0.329549134 0.705237627
1341848032.166964 1.003255248 -0.473934978 1.154188514 -0.049343206 -0.624329388 -0.329060584 0.706751108
1341848032.203043 1.004997134 -0.471746236 1.150963068 -0.049170446 -0.623395741 -0.328359544 0.707912385
1341848032.234663 1.008377910 -0.470683068 1.149216294 -0.049621936 -0.623508632 -0.327321112 0.708262384
1341848032.266730 1.011358976 -0.468521476 1.146993756 -0.049176987 -0.621304572 -0.328132331 0.709853053
1341848032.302842 1.011780739 -0.467234671 1.145317554 -0.049093898 -0.620897055 -0.327201635 0.710644603
1341848032.334617 1.016219974 -0.466431648 1.143295765 -0.048020937 -0.620528221 -0.326558173 0.711335659
1341848032.366699 1.017812610 -0.465230078 1.141740799 -0.048552331 -0.618304193 -0.326923668 0.713066280
1341848032.402980 1.018537283 -0.464357883 1.139426351 -0.047445118 -0.617339313 -0.325039566 0.714835942
1341848032.434730 1.021003842 -0.461976409 1.136706352 -0.045901582 -0.616070151 -0.323057473 0.716927111
1341848032.470791 1.022774935 -0.461083233 1.134910107 -0.045538217 -0.615563333 -0.322307289 0.717722893
1341848032.502972 1.024837852 -0.459916919 1.132612944 -0.045412078 -0.615374148 -0.320913911 0.718516946
1341848032.534733 1.027344465 -0.459486634 1.130012512 -0.045234535 -0.614695132 -0.319660008 0.719667435
1341848032.570910 1.028892398 -0.458779693 1.127477527 -0.045237556 -0.613966286 -0.318731129 0.720700622
1341848032.603044 1.030482411 -0.457447588 1.124459743 -0.044050872 -0.614987493 -0.316890538 0.720715165
1341848032.634746 1.032321692 -0.455852777 1.121477842 -0.041871410 -0.615798354 -0.314759970 0.721086204
1341848032.670780 1.034391165 -0.455493391 1.119090796 -0.039560903 -0.616051137 -0.313926578 0.721364021
1341848032.702791 1.036242604 -0.454650521 1.115431905 -0.037707899 -0.616347373 -0.312965631 0.721627712
1341848032.738725 1.039412498 -0.454002351 1.112542391 -0.037978150 -0.617215395 -0.311112493 0.721672952
1341848032.770741 1.040835500 -0.450810909 1.108214259 -0.037542507 -0.615888476 -0.311232686 0.722776711
1341848032.802941 1.041537046 -0.450655669 1.103968859 -0.037612967 -0.615694642 -0.311375290 0.722876728
1341848032.838781 1.044433832 -0.448904335 1.100888848 -0.036529038 -0.617306173 -0.310319364 0.722011507
1341848032.870732 1.045465469 -0.446714878 1.098403454 -0.037674166 -0.616987407 -0.309971064 0.722374618
1341848032.902707 1.045928717 -0.445840657 1.095537901 -0.038733937 -0.617034256 -0.308922917 0.722727478
1341848032.938845 1.047637343 -0.443383753 1.092664003 -0.038125996 -0.616409361 -0.308470011 0.723486125
1341848032.970816 1.048133016 -0.442405283 1.090980530 -0.038270798 -0.615556121 -0.310128272 0.723496020
1341848033.006687 1.046889186 -0.439930588 1.086560845 -0.037731867 -0.613529563 -0.309195071 0.725641906
1341848033.039238 1.047598600 -0.438509703 1.083405495 -0.037526570 -0.612878442 -0.307835162 0.726780117
1341848033.070841 1.047120452 -0.437075734 1.081262589 -0.036185857 -0.612020731 -0.307701856 0.727626801
1341848033.106948 1.046610713 -0.435420901 1.077873230 -0.034948751 -0.609779418 -0.305411041 0.730528355
1341848033.139110 1.047018290 -0.434232444 1.074350715 -0.034598358 -0.608886242 -0.302575648 0.732467353
1341848033.170741 1.047766328 -0.431872249 1.071123838 -0.036975779 -0.607319176 -0.300030440 0.734695792
1341848033.206854 1.047173142 -0.430481255 1.069310427 -0.039309956 -0.605821848 -0.298756272 0.736328185
1341848033.238728 1.046489358 -0.428782403 1.066056728 -0.039881598 -0.603445947 -0.296882063 0.739001632
1341848033.274940 1.047965169 -0.427460104 1.063234210 -0.039068080 -0.601623416 -0.296718389 0.740595102
1341848033.306665 1.047345400 -0.426510215 1.060922980 -0.040897299 -0.599251747 -0.296466887 0.742517471
1341848033.338836 1.048147082 -0.424389571 1.057374477 -0.041153498 -0.597110987 -0.294715434 0.744921207
1341848033.374810 1.048663378 -0.422679275 1.054004669 -0.041595045 -0.594618976 -0.295382768 0.746623814
1341848033.406805 1.047874093 -0.421664536 1.050904274 -0.041731302 -0.592960596 -0.295639247 0.747832656
1341848033.443097 1.048645854 -0.419666678 1.048999190 -0.040973965 -0.592760324 -0.293860972 0.748733640
1341848033.474671 1.049354076 -0.418321699 1.046402216 -0.041557435 -0.591255546 -0.293381035 0.750078261
1341848033.506807 1.048834801 -0.416917652 1.043926597 -0.041939847 -0.590122402 -0.293018103 0.751090527
1341848033.542876 1.048919320 -0.414900273 1.040397525 -0.041643452 -0.589501143 -0.291426390 0.752213299
1341848033.574826 1.049549341 -0.414320648 1.038682938 -0.042740650 -0.588536620 -0.290012985 0.753452241
1341848033.606870 1.049314499 -0.412533492 1.036064267 -0.044090118 -0.586247683 -0.288205206 0.755848825
1341848033.642934 1.049425602 -0.411801755 1.032488465 -0.044932928 -0.585630655 -0.286797166 0.756812453
1341848033.674924 1.050038338 -0.411271095 1.030729294 -0.045457423 -0.584960341 -0.286135942 0.757549465
1341848033.710808 1.050300002 -0.410169214 1.027856112 -0.046794839 -0.583250642 -0.284871846 0.759260774
1341848033.742797 1.049623370 -0.409255385 1.024782300 -0.047612321 -0.583301008 -0.282447934 0.760076463
1341848033.774817 1.050804496 -0.408560455 1.023114443 -0.046165071 -0.583612323 -0.282006264 0.760090709
1341848033.811114 1.050940514 -0.408109963 1.021371603 -0.046559099 -0.581611693 -0.281438410 0.761808753
1341848033.842774 1.050915480 -0.406678528 1.018528461 -0.047255103 -0.580261171 -0.279405415 0.763542116
1341848033.874878 1.052678823 -0.405992985 1.016335607 -0.048077486 -0.579539835 -0.278154522 0.764494717
1341848033.911229 1.051863432 -0.404881209 1.015536427 -0.048028380 -0.577080011 -0.276993901 0.766776621
1341848033.942752 1.052452564 -0.403475851 1.013424754 -0.045260489 -0.573366046 -0.274599046 0.770583034
1341848033.978916 1.052361727 -0.403148502 1.011843801 -0.042054374 -0.570650339 -0.272387505 0.773559690
1341848034.010755 1.053202629 -0.403279364 1.010216117 -0.039406486 -0.567459583 -0.269638002 0.777001977
1341848034.042713 1.054209352 -0.402695745 1.008146524 -0.037128996 -0.562373936 -0.266272306 0.781956553
1341848034.078802 1.055010796 -0.402909756 1.006064534 -0.037956696 -0.559566557 -0.262688875 0.785136342
1341848034.110771 1.054912329 -0.403147876 1.006184816 -0.038247969 -0.558852851 -0.258420497 0.787044704
1341848034.142710 1.057276964 -0.402467132 1.005805254 -0.035185833 -0.554168820 -0.253265321 0.792158782
1341848034.178809 1.059150696 -0.401731253 1.002002478 -0.032292925 -0.549636185 -0.251379579 0.796031117
1341848034.210696 1.060064077 -0.402246118 1.001487494 -0.033053063 -0.548286736 -0.247965559 0.797998905
1341848034.246723 1.062161684 -0.402428448 1.000129461 -0.035589993 -0.544975042 -0.244332418 0.801272273
1341848034.278739 1.061807394 -0.402120709 0.998191714 -0.035472441 -0.542016923 -0.241736770 0.804066360
1341848034.318061 1.063922882 -0.401133925 0.996538222 -0.033622157 -0.540491343 -0.238821045 0.806041658
1341848034.353785 1.066228867 -0.401041836 0.993908882 -0.034433596 -0.537873566 -0.236084819 0.808560610
1341848034.386162 1.068136930 -0.398788571 0.990995407 -0.034992360 -0.536487699 -0.232497707 0.810494483
1341848034.421769 1.070077419 -0.398526192 0.988425910 -0.035503060 -0.535192668 -0.231114790 0.811723053
1341848034.453838 1.071904659 -0.396165133 0.986149192 -0.035638321 -0.533357799 -0.229641631 0.813341320
1341848034.485678 1.073513508 -0.394579828 0.981243849 -0.034855548 -0.531767190 -0.229147047 0.814555347
1341848034.521747 1.075260639 -0.393159926 0.977495611 -0.033624653 -0.531417668 -0.229614004 0.814703643
1341848034.553684 1.078435540 -0.392129064 0.974614978 -0.033509906 -0.530762553 -0.230153576 0.814983189
1341848034.585774 1.080515862 -0.388684690 0.970502377 -0.033728398 -0.530320704 -0.230033055 0.815295756
1341848034.653784 1.084149957 -0.384521842 0.964584529 -0.036489896 -0.528876245 -0.232901439 0.815300763
1341848034.683883 1.085330486 -0.380944163 0.962357938 -0.036832880 -0.527576745 -0.232590854 0.816215456
1341848034.715163 1.087858081 -0.378997445 0.958269238 -0.037737861 -0.526920199 -0.232178554 0.816715419
1341848034.746742 1.090538502 -0.375733495 0.955775261 -0.038825557 -0.527235568 -0.232049122 0.816497684
1341848034.782798 1.091666937 -0.373235136 0.951439559 -0.040545560 -0.525270164 -0.232366592 0.817589760
1341848034.814737 1.093410015 -0.371538639 0.950848222 -0.040826943 -0.525684834 -0.231670648 0.817506731
1341848034.846851 1.095160246 -0.368230522 0.947288334 -0.039581485 -0.525225937 -0.233865947 0.817237854
1341848034.882707 1.095633984 -0.366504401 0.945934117 -0.040725812 -0.524116039 -0.234089628 0.817829967
1341848034.914816 1.096443176 -0.364616036 0.944122553 -0.041227058 -0.522776484 -0.234293804 0.818603396
1341848034.951491 1.098041534 -0.362123072 0.943194032 -0.040606126 -0.521521807 -0.234740704 0.819306374
1341848034.983028 1.098824024 -0.361121058 0.940426230 -0.041162055 -0.519130528 -0.235146567 0.820679784
1341848035.014942 1.099330187 -0.358853489 0.938133478 -0.042006493 -0.517103732 -0.234869555 0.821994841
1341848035.050945 1.099493265 -0.358267605 0.936506510 -0.043660518 -0.516175449 -0.234909654 0.822480440
1341848035.084295 1.099165797 -0.356145442 0.934490800 -0.042904474 -0.515181839 -0.234798908 0.823174596
1341848035.118886 1.101265550 -0.354827881 0.932322264 -0.043218512 -0.513609946 -0.235744894 0.823869705
1341848035.150978 1.101799965 -0.351495922 0.929560781 -0.044599842 -0.512214422 -0.235116154 0.824844003
1341848035.183874 1.100606441 -0.349033654 0.927505910 -0.044760801 -0.512005985 -0.234911859 0.825022876
1341848035.218946 1.101034284 -0.346724689 0.925766349 -0.044050522 -0.510230422 -0.234966934 0.826144636
1341848035.251174 1.101430655 -0.344526082 0.923010647 -0.043484185 -0.509353161 -0.234913230 0.826731086
1341848035.284261 1.099644899 -0.343335450 0.919677794 -0.044149324 -0.509033144 -0.233527347 0.827285349
1341848035.319914 1.100334048 -0.342882276 0.917623758 -0.044487938 -0.508767903 -0.231863961 0.827898026
1341848035.350991 1.099643350 -0.340983003 0.914705336 -0.044279873 -0.508395016 -0.230032310 0.828648865
1341848035.422709 1.100235820 -0.339035809 0.909285784 -0.045171741 -0.508450985 -0.225604922 0.829782844
1341848035.453465 1.098101974 -0.338187367 0.905794621 -0.046133049 -0.507576883 -0.224005803 0.830697834
1341848035.486822 1.099502087 -0.335368216 0.901568115 -0.045226630 -0.507658601 -0.220220849 0.831709146
1341848035.518623 1.098966122 -0.334665745 0.898188114 -0.047415338 -0.506972611 -0.218823999 0.832374096
1341848035.550852 1.096428037 -0.332733333 0.895673037 -0.049303487 -0.506256402 -0.214949057 0.833708882
1341848035.586716 1.095300317 -0.332209468 0.892510951 -0.048828900 -0.505955815 -0.211953536 0.834685683
1341848035.618790 1.096274495 -0.330664754 0.890167952 -0.048109911 -0.504605591 -0.210243955 0.835976124
1341848035.654654 1.095808268 -0.329218656 0.887147069 -0.050326139 -0.502416849 -0.207009912 0.837968707
1341848035.686693 1.095149040 -0.327484518 0.883248866 -0.052286305 -0.500315964 -0.204086855 0.839820623
1341848035.718791 1.095867634 -0.325174689 0.880717099 -0.054679867 -0.496777594 -0.202136189 0.842236936
1341848035.755991 1.093243361 -0.323218882 0.877874970 -0.055888243 -0.494228274 -0.200074315 0.844147623
1341848035.786729 1.092882633 -0.322633535 0.874653161 -0.056594044 -0.492213935 -0.198942170 0.845543981
1341848035.818784 1.091590166 -0.320933878 0.872584224 -0.057179783 -0.488713294 -0.198291138 0.847685337
1341848035.854701 1.089667797 -0.320406139 0.869793057 -0.058051679 -0.486695826 -0.195730224 0.849380314
1341848035.886689 1.090009212 -0.319518119 0.866270065 -0.059051905 -0.486333311 -0.192912102 0.850163341
1341848035.922832 1.088812828 -0.317156702 0.863259315 -0.059887525 -0.485095978 -0.189923927 0.851483583
1341848035.954633 1.086916924 -0.316393763 0.859427214 -0.060729407 -0.484640211 -0.187002361 0.852329731
1341848035.986741 1.087600946 -0.315274000 0.855600357 -0.062296905 -0.485274732 -0.184148014 0.852477014
1341848036.022779 1.086707830 -0.313930660 0.852451563 -0.065741166 -0.484608769 -0.182126477 0.853031278
1341848036.054911 1.085474730 -0.311814547 0.850111604 -0.067204341 -0.483932972 -0.180422843 0.853662729
1341848036.087013 1.085111618 -0.311320662 0.846757472 -0.067526720 -0.482578129 -0.180056840 0.854481101
1341848036.122737 1.084157586 -0.310390055 0.843768477 -0.068127982 -0.480196297 -0.181846336 0.855395854
1341848036.154810 1.082898140 -0.307814300 0.841423154 -0.068919584 -0.478501379 -0.181010321 0.856458902
1341848036.190835 1.081818938 -0.306915402 0.839113593 -0.068857469 -0.477486223 -0.180260435 0.857188225
1341848036.223282 1.080941200 -0.306406677 0.835990787 -0.068892479 -0.475730240 -0.181003436 0.858004868
1341848036.254692 1.078776002 -0.304820597 0.833842039 -0.067173883 -0.474292099 -0.182257220 0.858671665
1341848036.290758 1.079159379 -0.303923905 0.831335723 -0.064905345 -0.471934915 -0.183119684 0.859960437
1341848036.322672 1.079338789 -0.302204639 0.828613758 -0.063778579 -0.469268441 -0.183696434 0.861379743
1341848036.354859 1.077168107 -0.299574256 0.824956179 -0.063966043 -0.467795998 -0.183056295 0.862302542
1341848036.390843 1.075719118 -0.298958212 0.823154569 -0.064681418 -0.467492372 -0.181744710 0.862691164
1341848036.422758 1.074916124 -0.297544777 0.819686174 -0.064345703 -0.464637697 -0.181113407 0.864389598
1341848036.458823 1.074016333 -0.295824230 0.816836238 -0.063360319 -0.463050574 -0.180910885 0.865355909
1341848036.491205 1.073545694 -0.293590784 0.813232243 -0.061624356 -0.463137537 -0.180834725 0.865450680
1341848036.522726 1.071987391 -0.291198939 0.810375929 -0.060699876 -0.462205559 -0.180123553 0.866162241
1341848036.558942 1.071018219 -0.289484739 0.807006836 -0.058888696 -0.461137950 -0.179014951 0.867085636
1341848036.590723 1.069809794 -0.288288265 0.803225160 -0.057882816 -0.459333450 -0.177622437 0.868396580
1341848036.626802 1.068951607 -0.287046522 0.799138784 -0.058205143 -0.457215756 -0.174385041 0.870146990
1341848036.658670 1.066111326 -0.285332382 0.794267416 -0.057409935 -0.455564111 -0.170978561 0.871740639
1341848036.691175 1.065794706 -0.283186913 0.791243970 -0.054219399 -0.455079913 -0.168533042 0.872673571
1341848036.726753 1.065914273 -0.281483233 0.786771297 -0.052937847 -0.453652948 -0.165173292 0.874136329
1341848036.758851 1.064274549 -0.281021208 0.782762110 -0.053318474 -0.452254891 -0.162359253 0.875364006
1341848036.790720 1.063068986 -0.279032528 0.777848482 -0.050915360 -0.450743526 -0.159427613 0.876824200
1341848036.826992 1.063795567 -0.277461022 0.773348570 -0.049489524 -0.448368311 -0.158376604 0.878312826
1341848036.858633 1.062895179 -0.275793165 0.768564880 -0.050435539 -0.445542127 -0.155525565 0.880204678
1341848036.894756 1.062396646 -0.274286598 0.763628602 -0.051590458 -0.443845123 -0.151439473 0.881706297
1341848036.926846 1.060062647 -0.272010237 0.758819759 -0.050332755 -0.441329479 -0.149714723 0.883334816
1341848036.958725 1.060090780 -0.270102769 0.754137158 -0.047227114 -0.439880908 -0.148454830 0.884440780
1341848036.994836 1.058988214 -0.268104583 0.749576092 -0.046361901 -0.437598169 -0.146057859 0.886016607
1341848037.026790 1.058259845 -0.266030371 0.745642364 -0.044181738 -0.437280804 -0.145287171 0.886411369
1341848037.061042 1.055575013 -0.264563918 0.741193473 -0.040777791 -0.436383277 -0.145066485 0.887052715
1341848037.094661 1.057253003 -0.261685669 0.735961556 -0.037290748 -0.435853332 -0.142212704 0.887928367
1341848037.126709 1.056305766 -0.259870350 0.731603742 -0.036099363 -0.436068803 -0.140411511 0.888158441
1341848037.162789 1.053344488 -0.255683005 0.727985263 -0.031610839 -0.436096400 -0.136325091 0.888952255
1341848037.194724 1.052665353 -0.259251833 0.722488105 -0.024223769 -0.440859109 -0.137947366 0.886581600
1341848037.227032 1.053253651 -0.257622361 0.718499005 -0.022227634 -0.442623287 -0.134856910 0.886230350
1341848037.263738 1.050805807 -0.255647629 0.712832689 -0.018575998 -0.444957465 -0.132077783 0.885563791
1341848037.295192 1.051746607 -0.253371119 0.708035529 -0.013110135 -0.448810369 -0.131670564 0.883776128
1341848037.326868 1.051188707 -0.250944763 0.702290416 -0.012198219 -0.447367430 -0.132226959 0.884437442
1341848037.362746 1.048298240 -0.248966649 0.698417127 -0.011269582 -0.447301269 -0.131322071 0.884618044
1341848037.395057 1.047527313 -0.247932285 0.694023609 -0.007566206 -0.448402345 -0.133355811 0.883795381
1341848037.430946 1.045600891 -0.245596379 0.690147400 -0.005140055 -0.447278082 -0.134107813 0.884268641
1341848037.462765 1.043478727 -0.243420750 0.685525179 -0.003639008 -0.446861297 -0.134868667 0.884371102
1341848037.494842 1.039502621 -0.243285492 0.682454228 -0.003579970 -0.447518706 -0.136025429 0.883861542
1341848037.530725 1.042507410 -0.243032187 0.676064849 -0.003397461 -0.446991414 -0.136543974 0.884049118
1341848037.562958 1.039632678 -0.240665287 0.673743486 -0.002746574 -0.445579410 -0.138120368 0.884519219
1341848037.595756 1.037878990 -0.239577636 0.669620275 -0.002021691 -0.445244342 -0.138550892 0.884622514
1341848037.630756 1.037293911 -0.237432703 0.668013215 -0.002053039 -0.444179773 -0.139708593 0.884975493
1341848037.662669 1.034531116 -0.236185983 0.665340543 -0.001674780 -0.441136241 -0.141104817 0.886276186
1341848037.698670 1.031089187 -0.233954906 0.662323773 0.000077767 -0.439057171 -0.142026797 0.887162447
1341848037.730964 1.029671073 -0.232620224 0.657430887 0.000081948 -0.436227024 -0.140787676 0.888754666
1341848037.769764 1.027503848 -0.230340183 0.655916154 -0.000407659 -0.434214979 -0.139941722 0.889872789
1341848037.798917 1.022662997 -0.228645563 0.654672980 0.000275757 -0.432506591 -0.138781652 0.890885890
1341848037.837792 1.021902084 -0.227313876 0.648976326 0.000905546 -0.430114806 -0.136927530 0.892329156
1341848037.866711 1.019523144 -0.224847093 0.644151449 -0.003028558 -0.426307678 -0.134776965 0.894476235
1341848037.898921 1.017459393 -0.222782373 0.643160224 -0.006977680 -0.424222887 -0.132491842 0.895785809
1341848037.930939 1.015513897 -0.221521258 0.640245736 -0.009622185 -0.419981539 -0.131700054 0.897874177
1341848037.966864 1.013186812 -0.218186736 0.637146771 -0.012096935 -0.415896356 -0.131274909 0.899805963
1341848037.998629 1.009693861 -0.216019645 0.634088039 -0.014222324 -0.413099945 -0.130618736 0.901157498
1341848038.030908 1.007599354 -0.214148477 0.632321239 -0.015718419 -0.410635561 -0.130125090 0.902329683
1341848038.066849 1.006121635 -0.213044047 0.628502190 -0.019048853 -0.405840069 -0.130407736 0.904391944
1341848038.098674 1.002560735 -0.209929630 0.626640558 -0.021865532 -0.402164698 -0.128963709 0.906175375
1341848038.134662 0.999538779 -0.209179208 0.624656200 -0.023826024 -0.399703681 -0.128957003 0.907215178
1341848038.166674 0.998220682 -0.207019031 0.622083127 -0.024171399 -0.396676540 -0.129990578 0.908386469
1341848038.198711 0.995532393 -0.204997063 0.620343089 -0.025701508 -0.393640339 -0.128816277 0.909831345
1341848038.234726 0.992859185 -0.204155594 0.618986785 -0.026874879 -0.392825693 -0.126923457 0.910415351
1341848038.274093 0.989882231 -0.203141302 0.615816653 -0.026187137 -0.390199035 -0.127564266 0.911474764
1341848038.306525 0.988204241 -0.200051755 0.612508655 -0.025567271 -0.388010025 -0.127998590 0.912365556
1341848038.341933 0.985804915 -0.198612407 0.610997319 -0.025755258 -0.386718184 -0.126781300 0.913078427
1341848038.374117 0.983779848 -0.198600337 0.608199954 -0.024509400 -0.383972973 -0.128167897 0.914077163
1341848038.409802 0.980545819 -0.196777850 0.605837703 -0.023069134 -0.381816506 -0.129366249 0.914848864
1341848038.441825 0.978692174 -0.196252495 0.602822602 -0.022921238 -0.381675601 -0.127320811 0.915198207
1341848038.473889 0.976546586 -0.194616079 0.598692417 -0.023269437 -0.379529655 -0.126618832 0.916178703
1341848038.510185 0.972243071 -0.193530813 0.596487164 -0.022266539 -0.377080381 -0.127169222 0.917138278
1341848038.542164 0.969208300 -0.192248493 0.593808293 -0.018684817 -0.376624316 -0.125005364 0.917702913
1341848038.566862 0.969466388 -0.190770388 0.591064692 -0.015081551 -0.375857562 -0.124979846 0.918087006
1341848038.602989 0.966983438 -0.190084800 0.586942375 -0.014126616 -0.374669284 -0.125602201 0.918502867
1341848038.634739 0.965037704 -0.188863963 0.582282543 -0.013071131 -0.374923229 -0.124525845 0.918561399
1341848038.670685 0.963641167 -0.184408844 0.577998996 -0.011030058 -0.373892128 -0.125065386 0.918935061
1341848038.702868 0.959993362 -0.184937939 0.574366808 -0.012434332 -0.372894198 -0.125312686 0.919288814
1341848038.734794 0.957524121 -0.183647126 0.571826041 -0.009392537 -0.372873813 -0.126057118 0.919231415
1341848038.770741 0.957270443 -0.182965159 0.567961156 -0.009023160 -0.371504217 -0.126261234 0.919761539
1341848038.802800 0.955441475 -0.180082515 0.561788797 -0.010352316 -0.370693952 -0.124679461 0.920290112
1341848038.838770 0.952793717 -0.178056106 0.559757650 -0.010223947 -0.370846719 -0.122199595 0.920562565
1341848038.871141 0.953715622 -0.176298395 0.554706097 -0.008489750 -0.368122339 -0.122020938 0.921696663
1341848038.902781 0.952793598 -0.173464283 0.551020741 -0.009652820 -0.365694284 -0.120445974 0.922858179
1341848038.938767 0.950586259 -0.171946272 0.546393871 -0.011617353 -0.364777535 -0.116520248 0.923702002
1341848038.970765 0.952947021 -0.168981150 0.541769862 -0.011912091 -0.362203628 -0.114990763 0.924902022
1341848039.002634 0.950747371 -0.166163772 0.539455116 -0.013578231 -0.357897371 -0.114436142 0.926622629
1341848039.038895 0.949431837 -0.164145634 0.536476016 -0.012349294 -0.355542809 -0.112598360 0.927770674
1341848039.070805 0.950502634 -0.161454707 0.530788541 -0.012293822 -0.353580117 -0.109463699 0.928895891
1341848039.106775 0.949203670 -0.160202131 0.528150558 -0.013688217 -0.352082819 -0.108748280 0.929528952
1341848039.138656 0.947914004 -0.157617792 0.524076760 -0.012979648 -0.350739211 -0.105401047 0.930432200
1341848039.170737 0.949448824 -0.156297967 0.519305766 -0.014120695 -0.348498315 -0.104481444 0.931360900
1341848039.206814 0.946531117 -0.153790340 0.517619848 -0.014186495 -0.346854240 -0.103713654 0.932059228
1341848039.238881 0.945563912 -0.150957346 0.513259292 -0.011862395 -0.345723063 -0.101639450 0.932740152
1341848039.270959 0.947488427 -0.150621280 0.508515477 -0.012697351 -0.344192743 -0.101429388 0.933317840
1341848039.306747 0.945605695 -0.148987025 0.505568683 -0.014055791 -0.342693210 -0.100314580 0.933970451
1341848039.338889 0.945717037 -0.146176100 0.503644526 -0.013047794 -0.342838705 -0.098113976 0.934165418
1341848039.374766 0.945789516 -0.142403126 0.498790681 -0.011732377 -0.340977609 -0.098841406 0.934787154
1341848039.406886 0.944830775 -0.142638743 0.496858656 -0.013290583 -0.338975430 -0.099323466 0.935443103
1341848039.438853 0.943668008 -0.142152071 0.493779212 -0.014138490 -0.337559968 -0.099488042 0.935924947
1341848039.474867 0.942048192 -0.139082253 0.491166979 -0.014288397 -0.335509032 -0.100123756 0.936592102
1341848039.507121 0.940395355 -0.137248486 0.489961982 -0.014459221 -0.333515525 -0.100058906 0.937308192
1341848039.538659 0.939109087 -0.135721341 0.486958236 -0.013039409 -0.331429362 -0.100134254 0.938060641
1341848039.574890 0.937105000 -0.134935319 0.483249545 -0.013464890 -0.330499977 -0.100352049 0.938359201
1341848039.606721 0.935189128 -0.133243144 0.481242001 -0.013001604 -0.330044746 -0.100560881 0.938503563
1341848039.642714 0.932893872 -0.131817922 0.479348481 -0.011425601 -0.326999009 -0.101515621 0.939486921
1341848039.674760 0.930793047 -0.130860552 0.475236863 -0.010020742 -0.325226605 -0.102079242 0.940056980
1341848039.707168 0.929764271 -0.130537331 0.473202109 -0.010447988 -0.326072514 -0.102044664 0.939762950
1341848039.742862 0.926935613 -0.126404390 0.471257776 -0.008890115 -0.323712021 -0.102627635 0.940531254
1341848039.775334 0.924202859 -0.126026258 0.470738530 -0.007712479 -0.321528822 -0.104208082 0.941116571
1341848039.806875 0.921532929 -0.124582633 0.468022346 -0.005652791 -0.320305824 -0.104205236 0.941548467
1341848039.843282 0.920224607 -0.123481743 0.465767145 -0.005612265 -0.318569362 -0.104200162 0.942138195
1341848039.881803 0.915639639 -0.121901035 0.463131666 -0.005197361 -0.315552473 -0.103093840 0.943276882
1341848039.913822 0.913026810 -0.120636284 0.460540354 -0.003985623 -0.314365655 -0.101182461 0.943885803
1341848039.943367 0.911033452 -0.117877938 0.457100213 -0.004517288 -0.312379539 -0.098581336 0.944817662
1341848039.974815 0.907552302 -0.116296351 0.455319643 -0.006479335 -0.311361700 -0.096329659 0.945374310
1341848040.010707 0.903944850 -0.115093417 0.453366458 -0.005764981 -0.310621738 -0.093902633 0.945866346
1341848040.042768 0.902190447 -0.111720778 0.449252546 -0.006340928 -0.308356434 -0.091951691 0.946795106
1341848040.078716 0.897705913 -0.109668918 0.446088880 -0.009246862 -0.305171847 -0.089753889 0.948013127
1341848040.110819 0.895314932 -0.107885048 0.444981694 -0.011771796 -0.302943051 -0.087786876 0.948883772
1341848040.142744 0.893294454 -0.107043929 0.443134427 -0.013681889 -0.299482644 -0.086956508 0.950032413
1341848040.178810 0.891181111 -0.106367186 0.439838171 -0.016195966 -0.296957254 -0.087170973 0.950765669
1341848040.211029 0.887115419 -0.102892451 0.436218768 -0.018842047 -0.293471396 -0.084770627 0.952015460
1341848040.242681 0.885522544 -0.101675592 0.434714496 -0.021769326 -0.290819854 -0.083634704 0.952866793
1341848040.278950 0.879968822 -0.102350168 0.434727401 -0.023184190 -0.286991566 -0.083026081 0.954046667
1341848040.310719 0.877682924 -0.101754703 0.431699276 -0.022167409 -0.285090089 -0.080460757 0.954860330
1341848040.346920 0.875761271 -0.099856243 0.427023321 -0.024833295 -0.282927483 -0.076662697 0.955750048
1341848040.378809 0.871617854 -0.099288605 0.427070618 -0.027010614 -0.281069338 -0.074126311 0.956439078
1341848040.410884 0.868787646 -0.099611878 0.427166283 -0.025221072 -0.280040711 -0.070821702 0.957039893
1341848040.446720 0.867500782 -0.099615470 0.422155499 -0.024962816 -0.278474122 -0.067684785 0.957730532
1341848040.478680 0.863364339 -0.099078126 0.419810623 -0.025466768 -0.277016640 -0.063932352 0.958397567
1341848040.517796 0.861272693 -0.099586964 0.418684036 -0.023987079 -0.276488602 -0.062813267 0.958662152
1341848040.546685 0.858261645 -0.098258898 0.414511085 -0.021476248 -0.274914831 -0.061943874 0.959230721
1341848040.578879 0.856289983 -0.097943842 0.410266697 -0.022358393 -0.273437083 -0.061104592 0.959686697
1341848040.614917 0.853476524 -0.098195806 0.409444928 -0.023099056 -0.272309184 -0.059789237 0.960072577
1341848040.646758 0.852304399 -0.097765028 0.407773048 -0.021384077 -0.270590276 -0.059561342 0.960612357
1341848040.679034 0.848977625 -0.099158540 0.406810522 -0.021039747 -0.265821993 -0.059217859 0.961971521
1341848040.714653 0.847417414 -0.099619605 0.406940788 -0.016974835 -0.259735525 -0.057742238 0.963802457
1341848040.746821 0.843273103 -0.098922662 0.403662264 -0.012812325 -0.250816107 -0.056164958 0.966319084
1341848040.778774 0.839733779 -0.097696945 0.401133657 -0.009298397 -0.244953230 -0.054329675 0.967966795
1341848040.814675 0.838580072 -0.096377552 0.400530964 -0.008271934 -0.238284588 -0.052260678 0.969752967
1341848040.846908 0.835310340 -0.097330473 0.398171335 -0.007887819 -0.233200803 -0.051321678 0.971041322
1341848040.882827 0.833649576 -0.096872255 0.397217065 -0.005770475 -0.228604063 -0.049586769 0.972238660
1341848040.914699 0.830632389 -0.096043944 0.394589871 -0.005962827 -0.222740516 -0.046649408 0.973742723
1341848040.946862 0.827178836 -0.096134834 0.394159794 -0.006457859 -0.219130710 -0.043399654 0.974708438
1341848040.984484 0.824790716 -0.093363181 0.391462088 -0.005394107 -0.213392243 -0.040154491 0.976126134
1341848041.022638 0.822639763 -0.092780665 0.390009433 -0.008453222 -0.209977508 -0.036186524 0.976999760
1341848041.058859 0.819838703 -0.092345238 0.390630186 -0.009649680 -0.208967507 -0.030918900 0.977386057
1341848041.094347 0.820102632 -0.088078879 0.385707557 -0.009891747 -0.203536689 -0.026395304 0.978661478
1341848041.122188 0.816968381 -0.087480262 0.385214716 -0.014888592 -0.198441863 -0.023424512 0.979719579
1341848041.189954 0.812320113 -0.085522860 0.382290632 -0.021293083 -0.192087367 -0.012695669 0.981064677
1341848041.218698 0.809936821 -0.083697349 0.382050902 -0.023654303 -0.189295709 -0.010596002 0.981577992
1341848041.250726 0.809369922 -0.085194893 0.380901188 -0.026458524 -0.188282892 -0.008689729 0.981719911
1341848041.283054 0.804160118 -0.079425074 0.376767457 -0.028185179 -0.183139399 -0.006642810 0.982660353
1341848041.319290 0.800004959 -0.077539630 0.380136132 -0.029434338 -0.181924492 -0.004050143 0.982863486
1341848041.355465 0.800444126 -0.077751808 0.377833605 -0.028709665 -0.179752320 -0.003523316 0.983286560
1341848041.384901 0.795267582 -0.074438937 0.376536250 -0.028346792 -0.174906120 -0.004422512 0.984167039
1341848041.418768 0.791739047 -0.074907809 0.378426164 -0.029059531 -0.170867369 -0.001623149 0.984864056
1341848041.450845 0.790704906 -0.073622614 0.374213636 -0.030348759 -0.167554438 0.000751978 0.985395312
1341848041.482801 0.786920190 -0.069940522 0.373975575 -0.032294851 -0.163928270 0.000572879 0.985943317
1341848041.518788 0.782543182 -0.070600353 0.376304179 -0.034322895 -0.159160897 0.001764637 0.986654222
1341848041.550730 0.780737162 -0.070157707 0.375182033 -0.034217913 -0.154009268 0.002024767 0.987474680
1341848041.586805 0.775183916 -0.070126936 0.375622898 -0.035254028 -0.149115756 0.001343160 0.988190174
1341848041.618743 0.772683382 -0.069008932 0.376487225 -0.034306452 -0.146414727 0.002278673 0.988625586
1341848041.650957 0.767195106 -0.069373906 0.375730753 -0.034654532 -0.142518595 0.002743580 0.989181459
1341848041.686781 0.760945141 -0.070371144 0.377129078 -0.034894194 -0.139907286 0.004531932 0.989539206
1341848041.718789 0.756637812 -0.067724079 0.374836028 -0.032576378 -0.136744410 0.007368421 0.990043163
1341848041.750776 0.749447107 -0.068167485 0.374882698 -0.033046167 -0.133400247 0.010484139 0.990455687
1341848041.786711 0.745968759 -0.069960199 0.375696540 -0.033217948 -0.133105978 0.013806937 0.990448773
1341848041.818704 0.741680324 -0.069278158 0.374107420 -0.031821705 -0.132504880 0.017480068 0.990517199
1341848041.854747 0.737200379 -0.068927899 0.373806268 -0.031604826 -0.132637531 0.021068625 0.990436554
1341848041.886710 0.731691658 -0.069883786 0.375079870 -0.032514714 -0.130594283 0.023786001 0.990617037
1341848041.918718 0.726290047 -0.070181116 0.377934158 -0.029669141 -0.129353806 0.026569463 0.990798354
1341848041.954693 0.725438893 -0.071884409 0.375593603 -0.028787505 -0.128937125 0.029578807 0.990793407
1341848041.994975 0.719602942 -0.071373455 0.374334753 -0.030957971 -0.126391858 0.033448964 0.990932822
1341848042.018871 0.713307917 -0.074353874 0.380212098 -0.032065399 -0.125167653 0.037389785 0.990912139
1341848042.054627 0.713863909 -0.075663343 0.377388954 -0.030285696 -0.124907002 0.039127436 0.990933955
1341848042.089498 0.705899596 -0.075324811 0.374517381 -0.031894986 -0.119370930 0.040990643 0.991490304
1341848042.122881 0.702300906 -0.076514892 0.379178673 -0.033187907 -0.119317226 0.046009257 0.991234124
1341848042.154788 0.697678566 -0.075856306 0.376807690 -0.030537015 -0.115765855 0.046820465 0.991702378
1341848042.186714 0.693193555 -0.077435173 0.377635121 -0.031626847 -0.111822039 0.045574363 0.992178679
1341848042.222883 0.689230740 -0.077431545 0.379379570 -0.031995986 -0.109079488 0.048411619 0.992337763
1341848042.254762 0.686690569 -0.077162072 0.378843606 -0.031478018 -0.106746823 0.048662480 0.992595673
1341848042.290694 0.681529820 -0.076735005 0.379564226 -0.031643342 -0.100826457 0.046114761 0.993330836
1341848042.322759 0.676750302 -0.078588650 0.380419135 -0.033250213 -0.096889667 0.047878597 0.993586659
1341848042.354987 0.672486186 -0.080011755 0.378474504 -0.035859831 -0.093905374 0.051417932 0.993605614
1341848042.390711 0.668837070 -0.079234831 0.379604012 -0.038013503 -0.091429107 0.052717481 0.993688345
1341848042.429737 0.664136052 -0.078305632 0.382147670 -0.038042113 -0.087533534 0.055425994 0.993890643
1341848042.461752 0.661519289 -0.078277275 0.381059945 -0.037948348 -0.083750732 0.058174863 0.994063079
1341848042.490921 0.657249868 -0.077470459 0.380669892 -0.040991861 -0.079625227 0.060553085 0.994139254
1341848042.522713 0.651131988 -0.077438846 0.384170711 -0.042973101 -0.074739471 0.063992254 0.994219482
1341848042.558691 0.645032942 -0.075866200 0.383543104 -0.040875796 -0.068071499 0.067654133 0.994544268
1341848042.590841 0.643436849 -0.075134292 0.383450329 -0.042284351 -0.065070771 0.069562599 0.994554639
1341848042.622730 0.636972487 -0.076777309 0.385797441 -0.043547630 -0.059646625 0.074273273 0.994499564
1341848042.658741 0.634036720 -0.075561978 0.385349095 -0.039830625 -0.056597959 0.077617727 0.994578123
1341848042.697779 0.630160511 -0.074934609 0.383287430 -0.040006597 -0.051064648 0.080232620 0.994663060
1341848042.729778 0.623960376 -0.074729279 0.384480208 -0.039774537 -0.045473099 0.086617567 0.994408131
1341848042.761637 0.624250233 -0.074221209 0.382249981 -0.040628705 -0.044038706 0.091792502 0.993973851
1341848042.797954 0.620337486 -0.073591188 0.381622374 -0.041782130 -0.038208544 0.093470380 0.994010866
1341848042.829708 0.615631223 -0.073300041 0.382455498 -0.042921517 -0.031107280 0.095733851 0.993994534
1341848042.861726 0.614099264 -0.072553560 0.381426334 -0.044031527 -0.026840335 0.099451497 0.993705273
1341848042.897767 0.608375132 -0.071657248 0.380597055 -0.045060784 -0.020643005 0.101967543 0.993552208
1341848042.929860 0.603938282 -0.071347028 0.383199573 -0.045081437 -0.016750617 0.103934549 0.993420720
1341848042.965708 0.601620257 -0.070220381 0.381987423 -0.042909939 -0.012730725 0.106626771 0.993291199
1341848042.997994 0.598078132 -0.070010714 0.382082134 -0.042664029 -0.009549131 0.108998246 0.993080020
1341848043.030335 0.593586206 -0.070363119 0.381604433 -0.043598562 -0.005920134 0.111714922 0.992765784
1341848043.065737 0.591043890 -0.070288748 0.381750822 -0.044831261 -0.002562826 0.114204295 0.992441952
1341848043.097862 0.587976813 -0.070426956 0.381770462 -0.046261199 0.001070265 0.114669338 0.992325425
1341848043.133955 0.584298730 -0.071003318 0.383257419 -0.046925381 0.004119933 0.116822571 0.992035031
1341848043.165792 0.582213581 -0.069669098 0.382090390 -0.047549881 0.006626670 0.118653513 0.991774380
1341848043.201879 0.576437473 -0.069368497 0.385503829 -0.047254685 0.009672265 0.118090317 0.991830707
1341848043.233861 0.570496619 -0.072424501 0.386959106 -0.046379130 0.014693514 0.117997468 0.991821408
1341848043.265717 0.569821179 -0.072046213 0.384398192 -0.045803975 0.016438663 0.120630115 0.991503954
1341848043.301798 0.567067921 -0.073680148 0.386088878 -0.046935946 0.018385403 0.121370554 0.991326451
1341848043.334034 0.559468925 -0.074229747 0.388442069 -0.044936135 0.024151109 0.122564755 0.991148531
1341848043.369819 0.557585120 -0.073511958 0.388241082 -0.043605193 0.025623858 0.123494394 0.991055548
1341848043.401743 0.552608609 -0.074284270 0.390110105 -0.043673061 0.026587827 0.125788406 0.990738630
1341848043.433949 0.548412383 -0.075007334 0.391216427 -0.042682637 0.028296499 0.126623392 0.990628064
1341848043.469625 0.545897007 -0.076090336 0.392142892 -0.043456189 0.030473897 0.128106549 0.990339160
1341848043.501696 0.539548635 -0.076802574 0.394905955 -0.043199040 0.034254514 0.131949440 0.989722133
1341848043.537825 0.536326826 -0.078404412 0.396856159 -0.041679054 0.033554688 0.133639649 0.989584446
1341848043.569664 0.532854855 -0.079188794 0.397500873 -0.042173531 0.035690367 0.136947364 0.989036381
1341848043.601838 0.527303755 -0.080127388 0.399541527 -0.042936336 0.037496272 0.138599336 0.988706589
1341848043.637798 0.523721218 -0.079495378 0.401366353 -0.043573536 0.037825000 0.141146243 0.988305807
1341848043.670144 0.518947124 -0.081924640 0.405741185 -0.045602813 0.039759148 0.142894164 0.987887025
1341848043.701979 0.514930487 -0.084210783 0.407387376 -0.046724599 0.041867953 0.142802492 0.987760782
1341848043.737757 0.512448728 -0.084707193 0.408897787 -0.047094740 0.041964922 0.144174576 0.987539709
1341848043.769828 0.507082522 -0.085708007 0.410834283 -0.049655151 0.045177955 0.147261202 0.986816823
1341848043.805817 0.503626108 -0.087470055 0.416299015 -0.051582202 0.046398956 0.151064008 0.986086249
1341848043.837855 0.500077963 -0.090467431 0.419809967 -0.050491922 0.048511472 0.150846362 0.986074328
1341848043.869697 0.495231360 -0.090991765 0.419254363 -0.048449088 0.052543297 0.150435343 0.986033022
1341848043.905731 0.490139782 -0.092538267 0.421257257 -0.050475784 0.054496165 0.151967004 0.985590398
1341848043.938034 0.487998158 -0.094090149 0.425706446 -0.050013807 0.053355590 0.153070673 0.985505581
1341848043.969826 0.485506862 -0.095881633 0.424992681 -0.050766580 0.055730451 0.151223674 0.985620737
1341848044.005919 0.480249256 -0.096791580 0.428910911 -0.052105442 0.058855690 0.150603250 0.985464215
1341848044.037703 0.477084011 -0.099585772 0.433232814 -0.051396020 0.058857560 0.151783198 0.985320270
1341848044.073762 0.475518256 -0.099339373 0.430990070 -0.049594570 0.059066758 0.151055679 0.985511899
1341848044.105804 0.470764905 -0.100901306 0.433339208 -0.052823361 0.060313765 0.150988653 0.985278845
1341848044.137722 0.469826072 -0.100603737 0.439335585 -0.051149070 0.057126645 0.153885990 0.985108852
1341848044.173825 0.467254579 -0.103041969 0.437612385 -0.052604139 0.059035666 0.153625682 0.984960258
1341848044.205750 0.464436412 -0.105594307 0.440432429 -0.054867838 0.061960489 0.153272152 0.984712183
1341848044.237767 0.459511757 -0.105810821 0.443032086 -0.053735331 0.064607173 0.154831678 0.984360516
1341848044.273822 0.456016719 -0.105818890 0.444231570 -0.053341862 0.066712342 0.155665010 0.984109998
1341848044.305742 0.453095257 -0.105903603 0.447302520 -0.054133780 0.068753295 0.157240078 0.983675778
1341848044.337838 0.449928284 -0.106756411 0.449179888 -0.053925686 0.071131930 0.157733172 0.983439088
1341848044.373688 0.447500408 -0.106727317 0.450576693 -0.053528037 0.072853342 0.160080180 0.982955456
1341848044.405874 0.446789622 -0.107701108 0.452437073 -0.055286963 0.074375167 0.161479399 0.982515216
1341848044.441696 0.444727898 -0.109107703 0.455385834 -0.056588426 0.077788599 0.165761515 0.981463075
1341848044.473716 0.441986948 -0.108614028 0.457572162 -0.055804949 0.081540875 0.169518292 0.980561316
1341848044.505687 0.440620005 -0.110510238 0.459117711 -0.057863731 0.085727565 0.173568442 0.979375601
1341848044.541856 0.439194322 -0.112060405 0.462257355 -0.059057798 0.090572707 0.177144021 0.978227377
1341848044.573760 0.437804878 -0.111149468 0.464611650 -0.057771772 0.094296560 0.180399522 0.977356970
1341848044.605829 0.435366541 -0.111533612 0.466537535 -0.057089642 0.099098288 0.184237897 0.976205230
1341848044.641741 0.433291972 -0.110684201 0.469002366 -0.056985248 0.103096806 0.190030977 0.974685550
1341848044.705966 0.428757757 -0.113967568 0.473762125 -0.057328418 0.110338658 0.197973698 0.972288668
1341848044.734774 0.425986499 -0.113971479 0.476061851 -0.055675492 0.114554316 0.201630101 0.971145153
1341848044.771011 0.424084961 -0.114074253 0.478669107 -0.053483799 0.116849139 0.205434754 0.970197082
1341848044.802833 0.420969158 -0.113997124 0.478231758 -0.051808603 0.119706489 0.206554756 0.969701707
1341848044.834852 0.417698324 -0.115938462 0.481272459 -0.053621516 0.123604469 0.208698496 0.968654573
1341848044.870686 0.415710479 -0.117711127 0.484227180 -0.051926516 0.124813937 0.214490011 0.967325807
1341848044.902692 0.410932213 -0.117995292 0.484163851 -0.049037576 0.127032027 0.215877905 0.966878951
1341848044.934911 0.408024222 -0.118238598 0.485572457 -0.048142064 0.128163606 0.217910171 0.966318607
1341848044.970797 0.398972631 -0.123449370 0.486505628 -0.050411336 0.134373441 0.222680256 0.964269638
1341848045.002641 0.396504998 -0.123826347 0.486121267 -0.050451010 0.132985532 0.223901987 0.964177072
1341848045.038733 0.393394053 -0.125448912 0.486928821 -0.054663438 0.133509800 0.224686414 0.963692427
1341848045.070849 0.393679529 -0.126270562 0.491018981 -0.057007246 0.131777018 0.225189999 0.963677585
1341848045.102831 0.389280587 -0.126552701 0.492488623 -0.056646507 0.135664478 0.224800527 0.963250220
1341848045.138762 0.386821896 -0.127260119 0.493676811 -0.059444651 0.137629718 0.224779829 0.962807536
1341848045.170759 0.384020984 -0.130004540 0.499575794 -0.061239492 0.138822302 0.226379827 0.962148786
1341848045.202698 0.382080197 -0.129992217 0.500070632 -0.059567053 0.139525786 0.225156739 0.962438941
1341848045.238872 0.379540235 -0.130697981 0.503746569 -0.060405966 0.141480789 0.224325448 0.962295353
1341848045.270833 0.375563145 -0.132847279 0.507019162 -0.059968207 0.143823266 0.225087255 0.961797476
1341848045.306816 0.373822331 -0.132095784 0.507731497 -0.058732860 0.142787904 0.225160226 0.962010860
1341848045.338698 0.371918321 -0.134585589 0.511652946 -0.061897170 0.143766686 0.223802626 0.961983502
1341848045.370799 0.368426800 -0.135516077 0.515828609 -0.060557455 0.146260783 0.223214164 0.961829484
1341848045.406703 0.364132851 -0.136515945 0.516383588 -0.060108177 0.147050351 0.222870708 0.961816967
1341848045.438695 0.361740887 -0.136750311 0.520118773 -0.061915524 0.144827694 0.222627431 0.962095857
1341848045.474692 0.360760838 -0.137065798 0.525474310 -0.061961532 0.141968802 0.222160712 0.962626755
1341848045.506761 0.358576775 -0.140314177 0.527579844 -0.063518539 0.142267317 0.221031636 0.962741077
1341848045.538886 0.357432365 -0.139891967 0.533257246 -0.061351579 0.141684055 0.219808862 0.963247478
1341848045.575971 0.353301108 -0.141605645 0.535504818 -0.059715655 0.142452732 0.219333276 0.963345289
1341848045.606920 0.350331068 -0.144416988 0.538566887 -0.061312608 0.140886441 0.219321698 0.963477969
1341848045.645890 0.348593801 -0.145822898 0.541109204 -0.062723659 0.139248654 0.218956336 0.963708282
1341848045.674943 0.348042786 -0.146280408 0.545111716 -0.063225523 0.136961579 0.216906488 0.964466512
1341848045.706968 0.342591763 -0.149833158 0.549164176 -0.063405596 0.138200745 0.215072766 0.964688540
1341848045.743092 0.340540975 -0.149808303 0.551660776 -0.062564299 0.136254668 0.214404255 0.965169013
1341848045.774776 0.337187946 -0.152903527 0.556467891 -0.066186860 0.136715919 0.213001415 0.965172768
1341848045.807609 0.334418595 -0.155941010 0.562221527 -0.066610783 0.135069504 0.211792722 0.965641260
1341848045.842865 0.332355469 -0.155982077 0.564021051 -0.064243004 0.132560715 0.209457263 0.966658235
1341848045.874777 0.329312265 -0.156149566 0.566154838 -0.065866552 0.132358879 0.207054958 0.967094064
1341848045.906765 0.330508769 -0.157676607 0.571350992 -0.068858735 0.127593085 0.206996992 0.967538476
1341848045.942758 0.325409353 -0.158276409 0.575549722 -0.064493649 0.124462873 0.205232888 0.968622267
1341848045.974768 0.324676931 -0.156628281 0.577966094 -0.062087037 0.119677298 0.201978534 0.970065594
1341848046.010763 0.322305381 -0.160478979 0.580907524 -0.066102169 0.118193783 0.199582130 0.970478117
1341848046.042828 0.318401635 -0.159688890 0.586253107 -0.062394530 0.114647314 0.195940495 0.971890032
1341848046.074722 0.314109802 -0.161602736 0.585541606 -0.063305400 0.111437552 0.192706615 0.972850621
1341848046.110817 0.310887963 -0.162128597 0.588151753 -0.066226065 0.111000784 0.188768521 0.973478019
1341848046.142773 0.311963558 -0.162676245 0.591297090 -0.066699408 0.105819099 0.186190784 0.974518597
1341848046.181848 0.306142509 -0.160475641 0.595049083 -0.061301515 0.105951406 0.182933077 0.975475252
1341848046.219718 0.300996840 -0.161610872 0.594348848 -0.065169215 0.106862567 0.178075895 0.976023734
1341848046.249730 0.298096627 -0.163031369 0.598262131 -0.068103731 0.103948459 0.176205412 0.976477444
1341848046.283599 0.297679663 -0.163522035 0.599145532 -0.068481795 0.098188072 0.173342168 0.977559149
1341848046.317731 0.293523133 -0.162399650 0.600077629 -0.068821736 0.097714365 0.169059902 0.978332341
1341848046.349732 0.291989177 -0.163868219 0.602347851 -0.071279585 0.094981268 0.166806027 0.978812337
1341848046.382309 0.287248075 -0.163009673 0.603138328 -0.069963038 0.093581453 0.164157435 0.979489684
1341848046.417763 0.282951564 -0.157570928 0.602763116 -0.066201113 0.093475617 0.161104590 0.980267823
1341848046.449782 0.278286576 -0.160270810 0.605429292 -0.071508922 0.095390514 0.159602672 0.979956150
1341848046.485848 0.276504338 -0.162537292 0.605455160 -0.074264549 0.091621213 0.157015726 0.980528653
1341848046.517760 0.274098545 -0.161044151 0.604416728 -0.075265154 0.089115068 0.154875025 0.981023669
1341848046.549658 0.269511104 -0.161019564 0.606056154 -0.076603882 0.089764133 0.152527317 0.981228650
1341848046.586076 0.264561564 -0.161231101 0.606706858 -0.074794419 0.087971464 0.149998993 0.981920123
1341848046.617769 0.260812074 -0.158207595 0.604667783 -0.071775883 0.086329475 0.147124574 0.982725680
1341848046.653748 0.254055172 -0.159970537 0.606259882 -0.073846728 0.089794733 0.147347063 0.982228279
1341848046.685899 0.251327038 -0.160732478 0.605254531 -0.072597362 0.084512711 0.146677315 0.982890129
1341848046.714925 0.245927185 -0.158428326 0.604558289 -0.069878750 0.083930902 0.145526782 0.983307958
1341848046.746888 0.242868274 -0.157045782 0.604403853 -0.068507873 0.082387820 0.144783378 0.983644605
1341848046.778736 0.236160606 -0.156940848 0.603802145 -0.066794716 0.084185533 0.143133640 0.983851671
1341848046.814747 0.232935071 -0.155946910 0.601070940 -0.065713219 0.081860952 0.141462550 0.984362185
1341848046.846853 0.229460776 -0.154160023 0.600080967 -0.065682374 0.081944115 0.141192213 0.984396160
1341848046.878793 0.227429330 -0.154287994 0.598034918 -0.066188641 0.080264837 0.141745284 0.984421074
1341848046.915079 0.224509269 -0.152498513 0.595656633 -0.065488167 0.079202436 0.141144395 0.984640300
1341848046.946882 0.221216410 -0.150634974 0.592546642 -0.064876728 0.078217857 0.140089110 0.984910131
1341848046.982780 0.213547394 -0.149232119 0.594743788 -0.063191772 0.082288928 0.140108854 0.984685123
1341848047.015086 0.212088227 -0.148051977 0.589975953 -0.064804971 0.079376347 0.138992846 0.984977543
1341848047.047884 0.208771676 -0.148564398 0.590161800 -0.066904314 0.079293482 0.139771119 0.984733641
1341848047.089866 0.206547216 -0.144509837 0.587649226 -0.063694634 0.076178387 0.138705388 0.985342920
1341848047.114997 0.201098800 -0.143896043 0.585982025 -0.066411406 0.077673271 0.137744933 0.985181570
1341848047.147565 0.195037603 -0.146810025 0.584343433 -0.071029358 0.079697683 0.137482345 0.984734356
1341848047.182713 0.193637401 -0.143586546 0.583852351 -0.068701461 0.076104909 0.135706380 0.985429823
1341848047.214887 0.189224809 -0.141488522 0.581328273 -0.067678273 0.075045004 0.133327812 0.985906482
1341848047.250668 0.184415564 -0.140079945 0.579829037 -0.068115264 0.073573813 0.133306772 0.985990107
1341848047.282779 0.180643290 -0.140215307 0.578518212 -0.069253899 0.070332475 0.133061782 0.986180425
1341848047.314815 0.173453584 -0.142748386 0.576503396 -0.071830571 0.073226385 0.130619004 0.986112058
1341848047.350637 0.169937164 -0.141852379 0.573606849 -0.071114972 0.070784628 0.129327074 0.986512363
1341848047.383038 0.162519664 -0.139523298 0.574956834 -0.067652211 0.070787847 0.129393429 0.986746967
1341848047.414781 0.158985883 -0.138857618 0.573701859 -0.066656254 0.067540742 0.127856359 0.987242579
1341848047.450847 0.153560340 -0.139887854 0.572344542 -0.066095509 0.067106046 0.125164986 0.987654746
1341848047.482648 0.149470657 -0.138727158 0.569170117 -0.064219646 0.064397730 0.124249861 0.988074243
1341848047.518733 0.144361287 -0.137887180 0.567215443 -0.064367138 0.062602818 0.122726530 0.988370359
1341848047.550836 0.142254919 -0.140999675 0.564674497 -0.067060053 0.058703691 0.123042300 0.988391340
1341848047.582955 0.139070481 -0.138065308 0.564819098 -0.063238263 0.056452457 0.120504908 0.989086747
1341848047.618981 0.137291119 -0.139465466 0.559562385 -0.065661572 0.053353023 0.118218593 0.989376783
1341848047.650752 0.129667342 -0.143417239 0.559262872 -0.067464694 0.056118399 0.118008077 0.989127576
1341848047.689728 0.126519486 -0.140948355 0.557127535 -0.063194901 0.051825419 0.117244922 0.989734411
1341848047.719086 0.121457569 -0.138982177 0.560729802 -0.062106151 0.055216752 0.116795838 0.989673018
1341848047.750845 0.117684931 -0.138911515 0.560631275 -0.062367119 0.055232234 0.116141729 0.989732683
1341848047.786695 0.112773553 -0.141156554 0.558505476 -0.064405851 0.055415384 0.115696780 0.989643991
1341848047.818804 0.110799670 -0.139565706 0.558218598 -0.062973209 0.052530903 0.114509441 0.990031540
1341848047.850811 0.105554983 -0.140080333 0.557989001 -0.064444140 0.055879742 0.112807482 0.989948928
1341848047.886853 0.100829162 -0.142724708 0.558541059 -0.066278867 0.057766143 0.111938268 0.989818156
1341848047.918858 0.096297480 -0.142697066 0.557036340 -0.064449877 0.057808880 0.112063691 0.989922225
1341848047.954723 0.093381740 -0.141072437 0.556533039 -0.063130967 0.056905992 0.111651681 0.990106106
1341848047.986771 0.088950858 -0.144101322 0.557302773 -0.065819316 0.059856467 0.111489914 0.989775240
1341848048.018897 0.083073772 -0.144680619 0.555466056 -0.062999211 0.060514539 0.112889178 0.989760160
1341848048.054937 0.080330305 -0.142864645 0.555916548 -0.061579544 0.059473123 0.110535614 0.990178168
1341848048.086776 0.076982841 -0.141568303 0.557171822 -0.061142251 0.062561087 0.110369235 0.990033507
1341848048.118790 0.071337819 -0.142534822 0.557667255 -0.061001852 0.065072738 0.111099340 0.989798605
1341848048.154692 0.068225071 -0.141691208 0.557476103 -0.059110709 0.064667687 0.112037197 0.989834189
1341848048.186720 0.065122195 -0.143036351 0.555650532 -0.060525283 0.066077828 0.112157829 0.989641845
1341848048.222966 0.058461934 -0.145014599 0.557105541 -0.060333051 0.070695378 0.113347247 0.989198923
1341848048.254953 0.056023013 -0.145485133 0.556398213 -0.056901552 0.070423022 0.115739360 0.989144683
1341848048.286640 0.053880841 -0.145828575 0.553872406 -0.056617837 0.071955197 0.114372477 0.989209652
1341848048.322843 0.047430657 -0.146039069 0.555701673 -0.056666467 0.077052847 0.114858560 0.988766551
1341848048.354699 0.044863857 -0.149110004 0.554358125 -0.057546455 0.077839866 0.116389692 0.988475025
1341848048.386709 0.040707555 -0.147095427 0.553796053 -0.054146249 0.080605052 0.114090241 0.988713503
1341848048.422649 0.038498908 -0.148705766 0.553026438 -0.053776514 0.081837498 0.112986833 0.988759160
1341848048.454923 0.034535017 -0.147165686 0.553801537 -0.048519444 0.084603101 0.113925964 0.988690555
1341848048.490668 0.031189695 -0.146458596 0.552111745 -0.047814306 0.085084625 0.113923177 0.988683939
1341848048.522793 0.026099369 -0.150639296 0.553744316 -0.050058004 0.088214971 0.114823140 0.988194287
1341848048.554990 0.023915678 -0.149881899 0.552880526 -0.044919379 0.088208981 0.115125656 0.988406539
1341848048.590630 0.020059839 -0.149588555 0.551244378 -0.041259345 0.088742204 0.114708975 0.988566816
1341848048.622652 0.017825074 -0.151686192 0.550228238 -0.040965848 0.087927043 0.115712464 0.988534927
1341848048.658741 0.015015304 -0.154361829 0.549573660 -0.039074574 0.089374892 0.117378153 0.988285244
1341848048.690791 0.011445358 -0.151795089 0.548269331 -0.033036508 0.089563593 0.116537571 0.988587856
1341848048.722708 0.009986132 -0.152479261 0.547051072 -0.031401727 0.088267699 0.118646123 0.988506854
1341848048.758833 0.006126992 -0.152123258 0.547421634 -0.027476000 0.090416633 0.120064773 0.988258243
1341848048.791156 0.004904963 -0.152275160 0.545515954 -0.024860146 0.089432016 0.119694613 0.988461971
1341848048.822736 -0.000134535 -0.156791449 0.546780646 -0.025874816 0.092407510 0.119200908 0.988221884
1341848048.858661 -0.000496909 -0.153170392 0.544864357 -0.019055080 0.089782961 0.117787391 0.988788188
1341848048.891041 -0.003290690 -0.155841023 0.544024229 -0.018706193 0.090340301 0.115851238 0.988972783
1341848048.926768 -0.007814094 -0.157645524 0.542616367 -0.015996726 0.090579107 0.113046490 0.989323020
1341848048.958953 -0.011044979 -0.157422543 0.541529059 -0.012332122 0.088969536 0.110872157 0.989767492
1341848048.990810 -0.015903361 -0.160089135 0.540929675 -0.010652627 0.089693882 0.110301062 0.989785433
1341848049.026707 -0.017590560 -0.160200059 0.540335238 -0.005694055 0.087863147 0.106984399 0.990354478
1341848049.058792 -0.019152969 -0.158122167 0.537152171 0.001467861 0.086489387 0.104128808 0.990794957
1341848049.090709 -0.025604583 -0.157819733 0.536863267 0.004063840 0.088545531 0.103766151 0.990644097
1341848049.126753 -0.028184928 -0.159258276 0.535110414 0.004999617 0.085368358 0.103987269 0.990895510
1341848049.158854 -0.028033204 -0.159401685 0.533853352 0.006744729 0.082970463 0.102395631 0.991254508
1341848049.194708 -0.032966927 -0.158532575 0.533040524 0.010293169 0.084872626 0.099999964 0.991307557
1341848049.226742 -0.036581494 -0.155927375 0.532079101 0.013461375 0.084540457 0.099321440 0.991366208
1341848049.258792 -0.038706571 -0.156956285 0.531401277 0.012056545 0.082341418 0.098961249 0.991605341
1341848049.294747 -0.040866815 -0.156604514 0.530112863 0.013671202 0.082455643 0.097309493 0.991738379
1341848049.326837 -0.045120098 -0.155726612 0.528223872 0.015464732 0.083942480 0.096416831 0.991674483
1341848049.358802 -0.049085669 -0.154436678 0.525654674 0.016333975 0.083316393 0.098040298 0.991554201
1341848049.394779 -0.054745309 -0.157384366 0.525283992 0.014305747 0.084627345 0.099867888 0.991292059
1341848049.426763 -0.056316555 -0.155470356 0.522746563 0.018598687 0.084037066 0.100343600 0.991222978
1341848049.462746 -0.059358500 -0.152494535 0.521436334 0.020695161 0.086163431 0.101664156 0.990864277
1341848049.494728 -0.067805193 -0.158152059 0.519462466 0.017152805 0.089672066 0.104982831 0.990274370
1341848049.526803 -0.064787917 -0.153642952 0.517074168 0.022205206 0.085545659 0.106134698 0.990416229
1341848049.562799 -0.074477039 -0.153093442 0.515241385 0.021700056 0.091388203 0.106030375 0.989916623
1341848049.594759 -0.078262225 -0.153170079 0.515219867 0.021606008 0.092044100 0.108161017 0.989627361
1341848049.626829 -0.080205016 -0.153199807 0.512429535 0.021474678 0.088955536 0.109382778 0.989778340
1341848049.662690 -0.083093725 -0.150850698 0.509447217 0.022281015 0.088919461 0.108197689 0.989893973
1341848049.695064 -0.092928484 -0.147975668 0.510002673 0.023935640 0.092577755 0.108641632 0.989471316
1341848049.730793 -0.097756684 -0.147266477 0.508431852 0.023420732 0.089839116 0.109381273 0.989654541
1341848049.762702 -0.100433983 -0.146342665 0.504889250 0.021819549 0.084917523 0.107244246 0.990359366
1341848049.794722 -0.105718233 -0.144754767 0.504050672 0.022009885 0.085662894 0.106221840 0.990401089
1341848049.830816 -0.112866238 -0.143419236 0.502978206 0.022777859 0.085375868 0.104974173 0.990541518
1341848049.869834 -0.114733256 -0.141929105 0.497014254 0.020802805 0.078973688 0.104723126 0.991142511
1341848049.898674 -0.119924560 -0.145422950 0.497902125 0.015410517 0.079665795 0.102362201 0.991432190
1341848049.930835 -0.126335382 -0.145238385 0.497981429 0.016947914 0.080907539 0.099987522 0.991548896
1341848049.963022 -0.129857153 -0.138806552 0.496266514 0.022601221 0.077708349 0.099264316 0.991764665
1341848049.998757 -0.133984417 -0.137578681 0.493833303 0.021505961 0.074574120 0.099273458 0.992028713
1341848050.030786 -0.139442965 -0.140133172 0.494430065 0.018291609 0.073619671 0.097721823 0.992318511
1341848050.062661 -0.141501173 -0.138044402 0.492892951 0.020642832 0.069868110 0.095090106 0.992799163
1341848050.098678 -0.147397488 -0.135338128 0.491572738 0.021832554 0.069910251 0.093919493 0.992882192
1341848050.130710 -0.154163152 -0.136276573 0.493594497 0.020168152 0.069523185 0.092105307 0.993114471
1341848050.166738 -0.153018415 -0.134026557 0.489477545 0.020686815 0.062764511 0.088577293 0.993874609
1341848050.198726 -0.158486128 -0.132964730 0.491295487 0.020040387 0.064095676 0.085931793 0.994035125
1341848050.230806 -0.163788825 -0.132506132 0.491035253 0.020083800 0.061484132 0.083566830 0.994400799
1341848050.266732 -0.165321007 -0.131519780 0.489518344 0.019637145 0.056920290 0.081081271 0.994887114
1341848050.298842 -0.169956207 -0.131116524 0.490610212 0.018432979 0.056917928 0.076573700 0.995267332
1341848050.330688 -0.176008433 -0.131078556 0.490395844 0.019131918 0.055544496 0.074038967 0.995523453
1341848050.366746 -0.179149464 -0.128684461 0.488507509 0.020300390 0.051651474 0.072175093 0.995846748
1341848050.398693 -0.181569099 -0.127608046 0.488731772 0.019121958 0.048309539 0.069102600 0.996255696
1341848050.434780 -0.186543077 -0.128073186 0.490409195 0.018437637 0.047245320 0.067213885 0.996448815
1341848050.466655 -0.189439371 -0.128336608 0.488797635 0.018389506 0.043383319 0.064744189 0.996788800
1341848050.498791 -0.195821360 -0.132000595 0.489526570 0.015189315 0.043833964 0.059221037 0.997166336
1341848050.534849 -0.197315067 -0.128312021 0.488873243 0.019604847 0.040239222 0.056487352 0.997399449
1341848050.566840 -0.204272225 -0.127707869 0.488315225 0.020695476 0.039903376 0.054709777 0.997489989
1341848050.598790 -0.205360413 -0.125818834 0.487063378 0.021459179 0.032963529 0.053313598 0.997802854
1341848050.634752 -0.210346431 -0.128696471 0.487826914 0.019147718 0.031571425 0.049859058 0.998073459
1341848050.666816 -0.214219376 -0.128458470 0.487335175 0.021174774 0.029092321 0.046588302 0.998265862
1341848050.702846 -0.218752339 -0.126818329 0.487296194 0.023006273 0.026556864 0.044231717 0.998403251
1341848050.734789 -0.223707899 -0.127279043 0.486344308 0.022712409 0.024019621 0.043813340 0.998492658
1341848050.766882 -0.229285985 -0.126872689 0.485890597 0.022468377 0.020801505 0.042528026 0.998625994
1341848050.802875 -0.233867854 -0.129972830 0.486354858 0.020453788 0.018103397 0.039535075 0.998844802
1341848050.834769 -0.234716833 -0.127408132 0.485248029 0.023761712 0.012673900 0.037110221 0.998948216
1341848050.870719 -0.237994537 -0.125464022 0.485243052 0.024455218 0.009057417 0.034966137 0.999048173
1341848050.902725 -0.243305743 -0.127223223 0.486769289 0.023635263 0.006204282 0.032165427 0.999183774
1341848050.934794 -0.245152146 -0.130240217 0.484769970 0.022189235 0.002390854 0.029171951 0.999325216
1341848050.970852 -0.252809435 -0.130897880 0.484715879 0.021789124 0.003134336 0.024476627 0.999458015
1341848051.002763 -0.255162328 -0.131495804 0.484727025 0.022484375 -0.001230708 0.023075959 0.999480128
1341848051.035007 -0.260317266 -0.131159559 0.484013796 0.023753438 -0.002760779 0.021996010 0.999472022
1341848051.070784 -0.263404936 -0.131811365 0.484095484 0.023656618 -0.005792191 0.019565502 0.999511898
1341848051.102734 -0.268005610 -0.132154167 0.483710736 0.025035156 -0.007148339 0.017545654 0.999507070
1341848051.138713 -0.271282762 -0.132099077 0.481516927 0.025814921 -0.009619949 0.015550379 0.999499500
1341848051.170672 -0.273635387 -0.131353229 0.481060386 0.026451450 -0.011805462 0.015328801 0.999462843
1341848051.202839 -0.277002722 -0.130592018 0.482182562 0.028067192 -0.014392320 0.015543434 0.999381542
1341848051.238747 -0.279675663 -0.133840144 0.481326580 0.027262760 -0.017731812 0.014495554 0.999365866
1341848051.270842 -0.280769438 -0.136502489 0.481167465 0.027389545 -0.020513885 0.010697355 0.999357045
1341848051.302718 -0.284316987 -0.135904074 0.481201023 0.032019913 -0.020639280 0.008730531 0.999235988
1341848051.338668 -0.286951363 -0.135771140 0.481917381 0.036054384 -0.022487555 0.007845100 0.999065995
1341848051.370895 -0.288623005 -0.138650388 0.479329973 0.036057681 -0.027209265 0.004926313 0.998967111
1341848051.406688 -0.289250553 -0.135647446 0.478751540 0.040536456 -0.029414780 0.003109063 0.998740137
1341848051.440006 -0.290123284 -0.137023866 0.479026437 0.041126795 -0.032596368 0.000587056 0.998621941
1341848051.470890 -0.292841941 -0.137366608 0.477892458 0.042217162 -0.034364767 -0.002085791 0.998515129
1341848051.506718 -0.292776138 -0.132823572 0.477387607 0.046505328 -0.039187744 -0.006204467 0.998129785
1341848051.538932 -0.296993613 -0.138773575 0.477606386 0.042479426 -0.041460771 -0.011491145 0.998170555
1341848051.570738 -0.298313528 -0.137779534 0.475606501 0.047713976 -0.044907935 -0.020494403 0.997640550
1341848051.606760 -0.297711045 -0.133822203 0.477510661 0.052850306 -0.049742270 -0.026204616 0.997018516
1341848051.638863 -0.299206793 -0.137708247 0.477278113 0.052353669 -0.057196457 -0.035028268 0.996373773
1341848051.674718 -0.300034523 -0.133735761 0.475098550 0.059857000 -0.060474809 -0.038720082 0.995620787
1341848051.706714 -0.307266414 -0.127177700 0.473179102 0.063940495 -0.060507439 -0.043338645 0.995174468
1341848051.738793 -0.307489812 -0.128744468 0.473287165 0.063068092 -0.068342105 -0.047953289 0.994511068
1341848051.774823 -0.306263357 -0.127411067 0.470468521 0.064901516 -0.074304014 -0.052403964 0.993740678
1341848051.806694 -0.306679219 -0.127861559 0.471382320 0.064355977 -0.077607282 -0.061499663 0.993002117
1341848051.838757 -0.307657123 -0.126762331 0.471745133 0.069649540 -0.079338387 -0.069985092 0.991945803
1341848051.874951 -0.302946150 -0.125403166 0.465726703 0.072253130 -0.085000373 -0.074030921 0.990996361
1341848051.906707 -0.304015279 -0.124356911 0.464818329 0.068170428 -0.086402282 -0.080914736 0.990626216
1341848051.942680 -0.287875563 -0.120582193 0.463648915 0.070661858 -0.102268323 -0.083170019 0.988752127
1341848051.974762 -0.285728842 -0.117630363 0.459344506 0.069830656 -0.102428585 -0.087729596 0.988400519
1341848052.006755 -0.286088645 -0.118470803 0.459621727 0.064518675 -0.100361586 -0.090911642 0.988685966
1341848052.042751 -0.286267936 -0.119007140 0.460155755 0.063931391 -0.099086441 -0.094116800 0.988552809
1341848052.074871 -0.284231782 -0.116007425 0.455592036 0.065249264 -0.096540578 -0.097248353 0.988415480
1341848052.110964 -0.279579639 -0.116216481 0.458183378 0.063053735 -0.095558882 -0.100249395 0.988353550
1341848052.143014 -0.277764708 -0.116356909 0.458406210 0.063857019 -0.095571935 -0.103022248 0.988015532
1341848052.178064 -0.272662550 -0.113264754 0.454267323 0.064810924 -0.096066594 -0.108429596 0.987326622
1341848052.211397 -0.273976147 -0.114450023 0.454487562 0.060315065 -0.090572990 -0.109997906 0.987957001
1341848052.242872 -0.270104975 -0.112642258 0.452829003 0.062165748 -0.090582274 -0.113686331 0.987423778
1341848052.275206 -0.267975301 -0.111881718 0.446774751 0.059245296 -0.087429933 -0.117886059 0.987394989
1341848052.311125 -0.266166270 -0.111520953 0.447700292 0.055642724 -0.085399434 -0.118808597 0.987671673
1341848052.342876 -0.262836337 -0.111236736 0.445884317 0.055901051 -0.085096866 -0.121857397 0.987311661
1341848052.379476 -0.259130836 -0.106833190 0.443765163 0.058853708 -0.081896164 -0.123667978 0.987185657
1341848052.412309 -0.258352697 -0.104608983 0.443501621 0.057808045 -0.078359410 -0.121932328 0.987750232
1341848052.444722 -0.256672293 -0.105712384 0.443060935 0.057308834 -0.078895785 -0.125086606 0.987342179
1341848052.481496 -0.250389069 -0.105728567 0.437941551 0.057536598 -0.078709923 -0.126779303 0.987127781
1341848052.512393 -0.250178993 -0.105256647 0.438777536 0.058479130 -0.074526161 -0.127361238 0.987322211
1341848052.543277 -0.246226504 -0.100581229 0.435416162 0.063246585 -0.075315967 -0.128837198 0.986776769
1341848052.579155 -0.240084082 -0.098275729 0.430710971 0.062236197 -0.075283244 -0.132170081 0.986402631
1341848052.617750 -0.241830871 -0.100689515 0.432439715 0.058525354 -0.069223076 -0.137010723 0.986413181
1341848052.646710 -0.240453929 -0.099019617 0.430819094 0.061628196 -0.067456469 -0.141797870 0.985669792
1341848052.678720 -0.234229043 -0.096407495 0.426661223 0.063139513 -0.068104565 -0.147057608 0.984758496
1341848052.710822 -0.231970638 -0.092736982 0.425250739 0.064097576 -0.065119460 -0.147801965 0.984787047
1341848052.746833 -0.231702551 -0.089326933 0.423471093 0.065149538 -0.063719735 -0.144775480 0.985259056
1341848052.778710 -0.226193741 -0.088487715 0.415496141 0.061191224 -0.065710634 -0.142652720 0.985691607
1341848052.810890 -0.222349197 -0.090628073 0.417427152 0.055759158 -0.063295320 -0.143074557 0.986110687
1341848052.846856 -0.218320727 -0.094017848 0.415873110 0.055720616 -0.061342724 -0.147932366 0.985519290
1341848052.878813 -0.211001784 -0.086211726 0.411356866 0.063606031 -0.059358872 -0.147057608 0.985294282
1341848052.914694 -0.211744770 -0.086311273 0.409343064 0.060399871 -0.051804271 -0.147602588 0.985840559
1341848052.946675 -0.210494787 -0.084296308 0.409210175 0.061726566 -0.048164014 -0.146803930 0.986062229
1341848052.978684 -0.202579215 -0.085693084 0.403002083 0.059972122 -0.048944473 -0.145432472 0.986335218
1341848053.014784 -0.199558377 -0.086489178 0.401105165 0.057444319 -0.042596113 -0.143938780 0.986999154
1341848053.046693 -0.197300225 -0.084754720 0.400824010 0.059747517 -0.038956385 -0.141509220 0.987364054
1341848053.082651 -0.191191703 -0.084375843 0.395019352 0.059121795 -0.038076852 -0.138763428 0.987825632
1341848053.114846 -0.186748117 -0.086316377 0.391730338 0.055120464 -0.031872649 -0.137562796 0.988444388
1341848053.146985 -0.183580577 -0.082872108 0.392112762 0.058717664 -0.026778191 -0.134253711 0.988843322
1341848053.183210 -0.180481762 -0.078579366 0.390191078 0.060356088 -0.023092521 -0.129878283 0.989421785
1341848053.214816 -0.177322075 -0.080801010 0.388920486 0.057126042 -0.018964738 -0.127719700 0.989982128
1341848053.247961 -0.178358898 -0.082377702 0.388095260 0.058117159 -0.011423016 -0.127551079 0.990061939
1341848053.289822 -0.174112037 -0.079456970 0.385252714 0.061318401 -0.008922247 -0.124740623 0.990252554
1341848053.321709 -0.170696095 -0.078823403 0.382210165 0.061378017 -0.005685789 -0.120078497 0.990848899
1341848053.353831 -0.166796133 -0.077701256 0.380370796 0.062203374 -0.002433790 -0.115708433 0.991330564
1341848053.386096 -0.164943278 -0.077761337 0.379283607 0.062471606 0.001387484 -0.112573326 0.991676629
1341848053.421775 -0.160549313 -0.076875463 0.375197887 0.062363770 0.005024483 -0.108439192 0.992132246
1341848053.453749 -0.156928495 -0.071609408 0.374280691 0.063967906 0.009421849 -0.102154709 0.992664993
1341848053.485736 -0.154113799 -0.071213156 0.373364478 0.061744157 0.010835472 -0.097585097 0.993250906
1341848053.521747 -0.152173266 -0.072772145 0.370133728 0.058495421 0.013841796 -0.094818681 0.993678033
1341848053.553915 -0.149236962 -0.072414160 0.365577936 0.055979490 0.019308764 -0.091537021 0.994039476
1341848053.589737 -0.148047522 -0.071972430 0.365043789 0.052728780 0.025125951 -0.086087815 0.994573891
1341848053.621911 -0.145748302 -0.068174250 0.363497585 0.051727645 0.028460857 -0.079170689 0.995111167
1341848053.653792 -0.137618959 -0.069695309 0.358278394 0.044834811 0.030347109 -0.071264423 0.995987117
1341848053.689724 -0.137200803 -0.069359235 0.359440625 0.041391868 0.038030230 -0.067273900 0.996149898
1341848053.721697 -0.135895044 -0.069250345 0.357315987 0.039842471 0.043356970 -0.061118215 0.996392131
1341848053.758007 -0.133872300 -0.067588471 0.354594052 0.037695907 0.049844228 -0.054803692 0.996539593
1341848053.789882 -0.130193353 -0.069046825 0.354427516 0.034527227 0.055351954 -0.048817851 0.996674955
1341848053.821625 -0.127035633 -0.067094348 0.352851063 0.036260173 0.060666747 -0.042631134 0.996587873
1341848053.857784 -0.125505075 -0.066901617 0.350088626 0.035272211 0.066692457 -0.035842925 0.996505558
1341848053.889790 -0.125411049 -0.065895692 0.349167228 0.034817282 0.071927711 -0.027505748 0.996422410
1341848053.925729 -0.125819251 -0.071417123 0.347846121 0.032416042 0.075685211 -0.022284776 0.996355534
1341848053.951067 -0.121028557 -0.065845393 0.343983799 0.038811989 0.076961346 -0.015198645 0.996162415
1341848053.986823 -0.130478874 -0.066586420 0.341901958 0.039514091 0.087015279 -0.010384243 0.995368838
1341848054.019304 -0.134038836 -0.066665679 0.340348840 0.041207388 0.088868313 -0.000943742 0.995190144
1341848054.051032 -0.132441223 -0.064480729 0.336457968 0.041902412 0.087440640 0.008608595 0.995250821
1341848054.086777 -0.133791089 -0.063946724 0.333088636 0.039891541 0.089043535 0.015657691 0.995105386
1341848054.118853 -0.136087850 -0.064472519 0.331585705 0.038704276 0.089445800 0.023077348 0.994971752
1341848054.155032 -0.135721803 -0.062722266 0.327583849 0.038425736 0.087859541 0.030255573 0.994931519
1341848054.186687 -0.137223423 -0.063799843 0.325068831 0.035168555 0.088149391 0.033361547 0.994927049
1341848054.219030 -0.139830485 -0.068639025 0.322948307 0.032526627 0.089682937 0.033461180 0.994876564
1341848054.254827 -0.142103747 -0.069637880 0.319706589 0.035023991 0.091933876 0.032485753 0.994618595
1341848054.286801 -0.142166719 -0.060681801 0.315673023 0.041039731 0.092943929 0.032959152 0.994279087
1341848054.322895 -0.143688947 -0.059539769 0.312340349 0.036041908 0.094740257 0.034616370 0.994246900
1341848054.354790 -0.147955686 -0.062713325 0.311731458 0.032036804 0.096987687 0.036520768 0.994099200
1341848054.387103 -0.146784782 -0.058668792 0.306085378 0.032479983 0.095841877 0.036532898 0.994195521
1341848054.422878 -0.149538964 -0.062305357 0.303193569 0.026038798 0.099200465 0.037354261 0.994025111
1341848054.454739 -0.155226201 -0.060902577 0.305905998 0.026530858 0.101800345 0.039608974 0.993661880
1341848054.486883 -0.154413611 -0.060100891 0.301822841 0.026766513 0.097728431 0.041137185 0.994002223
1341848054.522689 -0.155240357 -0.061508033 0.297504842 0.024280459 0.098286450 0.042293448 0.993962526
1341848054.554861 -0.155956477 -0.062176861 0.297209442 0.025726266 0.100955032 0.043902896 0.993588865
1341848054.590790 -0.155913398 -0.061880805 0.291527480 0.027601613 0.101355679 0.046380635 0.993385136
1341848054.622694 -0.156286150 -0.061165042 0.288908452 0.026837429 0.101482049 0.048127934 0.993310034
1341848054.656449 -0.156236783 -0.062217332 0.286439478 0.025717765 0.101899527 0.050015546 0.993203640
1341848054.691021 -0.155908406 -0.061980810 0.281928778 0.025755355 0.105494447 0.052252900 0.992712021
1341848054.722739 -0.156375557 -0.062234655 0.281261951 0.026761653 0.108946092 0.051623985 0.992345452
1341848054.754741 -0.156842113 -0.062910177 0.277949750 0.028412761 0.111789986 0.052001707 0.991963446
1341848054.790887 -0.155456886 -0.063859329 0.272868007 0.029973466 0.112605117 0.054957401 0.991665959
1341848054.822877 -0.153362602 -0.061604612 0.267939091 0.031809874 0.113814950 0.059665799 0.991198421
1341848054.858903 -0.156023234 -0.062594466 0.266700417 0.031740040 0.117838264 0.065547585 0.990358651
1341848054.890895 -0.154326856 -0.063486584 0.263746321 0.033661995 0.117558941 0.069453433 0.990062118
1341848054.922754 -0.153350383 -0.061699573 0.261486351 0.036573723 0.120630115 0.073544450 0.989293635
1341848054.958727 -0.155507803 -0.057907663 0.259438038 0.039291572 0.124284677 0.078450240 0.988359749
1341848054.991052 -0.157529324 -0.063122004 0.257636786 0.038154509 0.125762880 0.080243357 0.988073349
1341848055.023048 -0.153924033 -0.060269736 0.251141578 0.042181276 0.125202924 0.080513731 0.987958789
1341848055.058739 -0.157311976 -0.056535296 0.249538511 0.045587424 0.130822837 0.082977496 0.986874819
1341848055.090735 -0.161335841 -0.057842191 0.247706592 0.047327600 0.133366063 0.086197108 0.986176252
1341848055.126977 -0.161211133 -0.054213967 0.241486877 0.050284632 0.132291436 0.089237779 0.985904217
1341848055.159212 -0.160331279 -0.052944135 0.236267626 0.050119255 0.133752421 0.091657914 0.985493362
1341848055.190986 -0.164021209 -0.055188663 0.232264772 0.050713874 0.138297379 0.092717804 0.984736145
1341848055.226768 -0.166674241 -0.050085790 0.228484660 0.056108654 0.138795942 0.095771112 0.984080970
1341848055.258881 -0.166911781 -0.043470822 0.222985387 0.058107205 0.137143105 0.097507387 0.984026253
1341848055.294725 -0.170936733 -0.049590278 0.218069643 0.053302474 0.138842821 0.099066094 0.983904183
1341848055.326795 -0.172606975 -0.045084625 0.212736815 0.056409534 0.138132796 0.100697190 0.983665287
1341848055.358938 -0.176726520 -0.039931927 0.210812151 0.059027385 0.139669865 0.100398175 0.983325124
1341848055.394711 -0.178564429 -0.037884146 0.204737097 0.058102511 0.141648009 0.099656694 0.983172655
1341848055.426823 -0.181911394 -0.036332559 0.202485055 0.057972416 0.144981965 0.099167615 0.982743680
1341848055.458813 -0.186116070 -0.033339772 0.197351873 0.059123129 0.147027388 0.099542871 0.982333243
1341848055.494734 -0.188624874 -0.029012542 0.192846119 0.059476007 0.148661941 0.101770006 0.981837630
1341848055.526713 -0.192009076 -0.028651990 0.189626068 0.058080405 0.151680157 0.101569422 0.981480241
1341848055.562613 -0.193784609 -0.030739058 0.185060859 0.057218570 0.153888434 0.101677641 0.981175840
1341848055.594685 -0.193662837 -0.024080891 0.179034799 0.059469398 0.154923186 0.102757692 0.980766594
1341848055.626675 -0.198147580 -0.021996785 0.178153247 0.058596492 0.159145936 0.103743307 0.980038941
1341848055.662951 -0.205168769 -0.020277128 0.176766887 0.059256893 0.161927864 0.105583534 0.979346752
1341848055.694797 -0.199859992 -0.019508211 0.166935101 0.057129644 0.160427123 0.104770973 0.979807317
1341848055.726774 -0.206253588 -0.015941575 0.165061384 0.054707322 0.169704154 0.107402161 0.978096306
1341848055.762799 -0.213497221 -0.018542171 0.168887407 0.053028688 0.175454810 0.111098550 0.976760268
1341848055.794951 -0.211004362 -0.015529679 0.164439291 0.055843949 0.173506692 0.114060402 0.976610005
1341848055.830810 -0.211395890 -0.017490447 0.159875765 0.053869944 0.176461175 0.116937451 0.975850999
1341848055.862804 -0.216708094 -0.016215621 0.162346363 0.057044435 0.181987107 0.121442527 0.974103868
1341848055.894792 -0.217580244 -0.016592199 0.159355998 0.058814120 0.183075517 0.123845942 0.973491848
1341848055.930676 -0.221520215 -0.013037970 0.157713681 0.061165716 0.186080754 0.124134094 0.972740173
1341848055.962765 -0.227140278 -0.013430905 0.158953637 0.061966483 0.189166218 0.125879779 0.971869648
1341848055.994709 -0.229136944 -0.010081004 0.155264094 0.063092843 0.188371167 0.129376605 0.971492290
1341848056.030693 -0.232518792 -0.008006803 0.155730024 0.062209841 0.189371377 0.131474435 0.971073091
1341848056.062776 -0.241164431 -0.011767404 0.157913804 0.060615659 0.192637920 0.133028775 0.970319390
1341848056.098792 -0.243113220 -0.009931304 0.155080155 0.061307900 0.191737935 0.134124935 0.970303237
1341848056.130649 -0.249958575 -0.009250159 0.158561394 0.062073763 0.195081949 0.134871632 0.969484150
1341848056.162731 -0.258177280 -0.010372495 0.160116613 0.063184969 0.197278947 0.135352641 0.968900621
1341848056.198744 -0.261645943 -0.008586291 0.158605143 0.064760566 0.194484740 0.136226729 0.969238877
1341848056.230727 -0.268439174 -0.009754019 0.159172490 0.063580059 0.193938464 0.137953207 0.969182312
1341848056.263915 -0.273217052 -0.011118387 0.159678370 0.062658973 0.191633776 0.137875661 0.969711661
1341848056.298771 -0.277656347 -0.011124896 0.157801121 0.063026354 0.189090222 0.137449980 0.970247388
1341848056.330676 -0.284428984 -0.009701145 0.159202963 0.063189000 0.189791739 0.138858810 0.969899237
1341848056.366737 -0.294150621 -0.011789007 0.163063258 0.061939180 0.190743640 0.139828131 0.969653785
1341848056.398744 -0.302418798 -0.010461518 0.161696211 0.062871151 0.187090546 0.142366856 0.969936132
1341848056.430750 -0.306206435 -0.009670792 0.158170670 0.058508337 0.182052508 0.146280274 0.970585287
1341848056.466830 -0.314484030 -0.008459621 0.161489725 0.053250551 0.180171058 0.153055429 0.970194221
1341848056.498895 -0.322647423 -0.006547090 0.163721919 0.051637147 0.177047253 0.155292302 0.970501006
1341848056.534778 -0.326978147 -0.004693002 0.160803914 0.049435418 0.174403653 0.154387444 0.971238375
1341848056.566729 -0.336103857 -0.005366202 0.165730268 0.047347505 0.176670238 0.154774576 0.970871091
1341848056.598948 -0.349310875 -0.006980069 0.170529068 0.046936870 0.178476587 0.157955050 0.970048070
1341848056.634801 -0.348269463 -0.003334750 0.166966081 0.046106827 0.168909460 0.160098046 0.971448600
1341848056.666759 -0.358698606 -0.005552062 0.170164883 0.042617492 0.168286666 0.161774695 0.971438229
1341848056.698889 -0.363116622 -0.008829974 0.171053618 0.041263886 0.165986419 0.162776664 0.971725047
1341848056.734784 -0.368149608 -0.008486017 0.171404153 0.040149365 0.163634807 0.160213575 0.972596169
1341848056.766724 -0.374525875 -0.008822335 0.172362089 0.039989423 0.161645323 0.159038544 0.973128140
1341848056.802861 -0.380416512 -0.009351918 0.170027256 0.037243210 0.159664989 0.157030761 0.973889828
1341848056.834980 -0.388277501 -0.011150141 0.174972013 0.035286725 0.160299107 0.155605912 0.974087179
1341848056.866661 -0.389928341 -0.014450754 0.174202383 0.034087311 0.157182306 0.154810652 0.974764287
1341848056.902748 -0.392346054 -0.015801314 0.171924159 0.033366766 0.156891361 0.153928056 0.974975824
1341848056.934715 -0.395891845 -0.013271264 0.171307161 0.032398071 0.158568293 0.151503876 0.975116909
1341848056.966788 -0.401199371 -0.015218519 0.177295893 0.032674748 0.161130741 0.152331471 0.974558532
1341848057.002703 -0.403266609 -0.013194487 0.171971217 0.032382775 0.159340099 0.152535185 0.974830806
1341848057.034763 -0.407547414 -0.015674651 0.175031692 0.028432524 0.163766801 0.152461931 0.974231660
1341848057.070964 -0.414204478 -0.017888293 0.178853527 0.026809115 0.167084888 0.150918663 0.973954558
1341848057.102757 -0.418008804 -0.014061348 0.174809039 0.028311055 0.165558279 0.149146080 0.974445701
1341848057.134714 -0.422683001 -0.013238827 0.177061573 0.025795618 0.168246597 0.149918988 0.973936319
1341848057.170739 -0.425880313 -0.016604096 0.180850893 0.022249334 0.168956324 0.149611026 0.973948300
1341848057.202641 -0.430257380 -0.016431222 0.179348156 0.021681972 0.169038206 0.146222994 0.974461317
1341848057.234679 -0.435826182 -0.013156510 0.177271485 0.020454973 0.171141714 0.145087108 0.974290431
1341848057.270814 -0.443510532 -0.011150883 0.179909587 0.018437145 0.173601493 0.146407828 0.973697782
1341848057.302860 -0.447621554 -0.012819293 0.181431830 0.015163371 0.173057005 0.145930663 0.973922789
1341848057.338756 -0.450951815 -0.010792806 0.176814005 0.012993490 0.172933102 0.145527840 0.974036455
1341848057.370841 -0.458257437 -0.008686895 0.179257751 0.010633137 0.176479116 0.146869123 0.973227382
1341848057.402722 -0.465636790 -0.010195060 0.183370635 0.008625028 0.178803265 0.147327706 0.972753584
1341848057.438870 -0.473034918 -0.010854715 0.181905270 0.006889520 0.181652933 0.148118094 0.972119212
1341848057.470699 -0.475537181 -0.007350690 0.180357277 0.005462658 0.183779180 0.150849506 0.971308291
1341848057.506720 -0.485164225 -0.008267903 0.187432036 0.005893974 0.188378885 0.154262394 0.969887495
1341848057.538788 -0.490693301 -0.005235165 0.182660744 0.006222941 0.186756283 0.156519204 0.969837666
1341848057.571069 -0.497713804 -0.006843763 0.183976755 0.001931241 0.190017566 0.159909710 0.968668401
1341848057.606668 -0.501917481 -0.005710972 0.184926376 -0.000835606 0.192330748 0.164273441 0.967482507
1341848057.638819 -0.507385552 -0.007903775 0.185539722 -0.003244752 0.196004346 0.166616023 0.966338873
1341848057.670943 -0.512067974 -0.008160919 0.183020726 -0.005911066 0.199822113 0.168939859 0.965140164
1341848057.706823 -0.517690718 -0.007703749 0.187091142 -0.005668980 0.204642206 0.174215749 0.963191748
1341848057.738890 -0.523821592 -0.007529073 0.186257586 -0.005266181 0.206312791 0.175573245 0.962590992
1341848057.774986 -0.529624820 -0.006720197 0.185665876 -0.006063682 0.208378941 0.177454144 0.961795986
1341848057.806842 -0.536812246 -0.005717339 0.185165003 -0.005579745 0.211244702 0.182971090 0.960138619
1341848057.838760 -0.543933392 -0.010571447 0.190446988 -0.004904998 0.213611588 0.188318893 0.958583355
1341848057.874817 -0.547081590 -0.009931305 0.188371003 -0.003714149 0.212837979 0.189674690 0.958493471
1341848057.906831 -0.553027987 -0.009657094 0.188549250 -0.003263201 0.214210793 0.190364242 0.958052456
1341848057.938847 -0.562114596 -0.006435434 0.189767390 -0.001620020 0.214621469 0.191951722 0.957647920
1341848057.975316 -0.570060730 -0.008576637 0.191001058 -0.003190530 0.214232519 0.195052281 0.957104385
1341848058.006833 -0.576057613 -0.010419985 0.198210835 -0.003326528 0.215210095 0.194759652 0.956944227
1341848058.042753 -0.581946254 -0.013463160 0.200775012 -0.001195899 0.213291019 0.193734482 0.957586765
1341848058.075970 -0.588383913 -0.014197040 0.199711889 0.000519563 0.211181760 0.193556428 0.958090782
1341848058.106790 -0.595346093 -0.017414078 0.202484906 -0.000668650 0.210136771 0.191735223 0.958686411
1341848058.142699 -0.603428245 -0.018584391 0.208101705 0.002877479 0.208957121 0.190394416 0.959207237
1341848058.174743 -0.606136262 -0.019526131 0.205188975 0.004263508 0.203848511 0.187539786 0.960862339
1341848058.207081 -0.612851202 -0.020159235 0.206740424 0.004699697 0.202794760 0.185508177 0.961477458
1341848058.242740 -0.617596745 -0.022809790 0.212365389 0.005082658 0.201315165 0.182203367 0.962417960
1341848058.274694 -0.624697864 -0.026971029 0.211921364 0.005547921 0.200096667 0.181177884 0.962862968
1341848058.310701 -0.629062235 -0.033504125 0.219177485 0.006357722 0.203557432 0.178668052 0.962601542
1341848058.343169 -0.634618461 -0.026708767 0.219209164 0.013098574 0.202518284 0.174668521 0.963486195
1341848058.374887 -0.640646219 -0.028912650 0.219206005 0.013041446 0.202364713 0.175301716 0.963404238
1341848058.410669 -0.645005524 -0.029952340 0.216785312 0.012203533 0.200692192 0.178873211 0.963108540
1341848058.442794 -0.648090184 -0.030949637 0.219868094 0.011985701 0.199876234 0.181065351 0.962871313
1341848058.474732 -0.650495231 -0.037551112 0.222497955 0.010581957 0.200747654 0.182965994 0.962347031
1341848058.510788 -0.652830184 -0.037069894 0.223806441 0.013802239 0.202938274 0.185028151 0.961452067
1341848058.542970 -0.658004344 -0.036285561 0.227194503 0.017253593 0.204991445 0.188560858 0.960273683
1341848058.578948 -0.661819935 -0.039396759 0.228998095 0.017595081 0.205406860 0.193103909 0.959275424
1341848058.610842 -0.661975205 -0.043260887 0.227323622 0.015256765 0.206114873 0.195706382 0.958635986
1341848058.643060 -0.667920411 -0.041316494 0.234624058 0.017652448 0.210825041 0.196517184 0.957403898
1341848058.678730 -0.670536995 -0.045692146 0.240769148 0.017993860 0.212584496 0.196606725 0.956990004
1341848058.710728 -0.669253111 -0.046705361 0.233331800 0.020516591 0.213314161 0.196043879 0.956892312
1341848058.746819 -0.674328387 -0.044442806 0.239417210 0.021326773 0.220418155 0.192683026 0.955946803
1341848058.778710 -0.678660572 -0.042778052 0.243005931 0.022090573 0.219619989 0.195240274 0.955594242
1341848058.810874 -0.679851651 -0.046177492 0.244758323 0.020655327 0.217283383 0.199743807 0.955229640
1341848058.846829 -0.683207393 -0.048045576 0.247571111 0.018821700 0.220494881 0.201303214 0.954203725
1341848058.879577 -0.686164200 -0.048075352 0.251611412 0.020459972 0.224311605 0.203843147 0.952740073
1341848058.910866 -0.687210202 -0.048378699 0.251255214 0.021428037 0.224245220 0.206111103 0.952246368
1341848058.946807 -0.688463449 -0.049444750 0.254071891 0.021402080 0.225926474 0.208826840 0.951257348
1341848058.978865 -0.688967884 -0.053105604 0.256859481 0.021268997 0.228954196 0.210080773 0.950259805
1341848059.014660 -0.691639543 -0.052172601 0.258297920 0.025636386 0.230924577 0.210821420 0.949510872
1341848059.046707 -0.691774130 -0.053766206 0.258105487 0.026112387 0.232489511 0.211456314 0.948974669
1341848059.078771 -0.691196620 -0.054930568 0.258991361 0.025767343 0.235441595 0.211807370 0.948177695
1341848059.114675 -0.691858292 -0.056290403 0.260287851 0.025515869 0.240038171 0.210318998 0.947362959
1341848059.146706 -0.693121433 -0.054798674 0.260195017 0.025849611 0.242389530 0.210033089 0.946818471
1341848059.178722 -0.693020940 -0.056491368 0.262108624 0.025029389 0.244840175 0.209953099 0.946227551
1341848059.214738 -0.691854417 -0.058452521 0.262012362 0.024098683 0.248176545 0.209583640 0.945464134
1341848059.246762 -0.692120850 -0.057624839 0.262794405 0.026251255 0.253146887 0.209513158 0.944103658
1341848059.282693 -0.692045510 -0.058441523 0.264400095 0.028016403 0.256326020 0.210797757 0.942908466
1341848059.314667 -0.691444159 -0.057775095 0.263253093 0.031123588 0.258738875 0.213063955 0.941641808
1341848059.346758 -0.692866564 -0.057470679 0.261531115 0.031415477 0.261319548 0.214627534 0.940563738
1341848059.382694 -0.692560315 -0.059178781 0.263921857 0.031624272 0.263188094 0.216355532 0.939639390
1341848059.414736 -0.691653967 -0.058066636 0.262901008 0.035006192 0.265500098 0.217410833 0.938624978
1341848059.446788 -0.691531658 -0.059349965 0.261044741 0.033738378 0.269510865 0.216218889 0.937803268
1341848059.482693 -0.691632926 -0.057192061 0.261175126 0.035039589 0.272708476 0.216902554 0.936672628
1341848059.514652 -0.692361355 -0.057227314 0.261817694 0.036390845 0.274145424 0.219351888 0.935630679
1341848059.550754 -0.691399217 -0.056006260 0.261246681 0.036939215 0.275194943 0.219171345 0.935343325
1341848059.582695 -0.690619886 -0.057728373 0.261164784 0.036820438 0.278670430 0.219915479 0.934143603
1341848059.614734 -0.692695916 -0.056332357 0.261002690 0.040949058 0.279506296 0.221264064 0.933403254
1341848059.650722 -0.694045186 -0.054900739 0.260882318 0.044025991 0.278576434 0.222321764 0.933289826
1341848059.682731 -0.693818927 -0.056858838 0.259358406 0.041950878 0.279704720 0.220138356 0.933565497
1341848059.718703 -0.694301963 -0.055845890 0.261655539 0.042693567 0.282610565 0.219785526 0.932739377
1341848059.750904 -0.695235431 -0.055495955 0.262969673 0.046122994 0.282649159 0.220100194 0.932490170
1341848059.782774 -0.696297050 -0.053762030 0.260053694 0.046845097 0.282402903 0.218231678 0.932967901
1341848059.818759 -0.695208013 -0.057344895 0.260791302 0.042624980 0.285017490 0.217997760 0.932429671
1341848059.850685 -0.695122123 -0.055550102 0.262128830 0.046728846 0.286066204 0.218930021 0.931693196
1341848059.882730 -0.699133992 -0.054761562 0.262113333 0.050127894 0.287186235 0.216087595 0.931835473
1341848059.918755 -0.700137258 -0.055652607 0.261918306 0.050519880 0.286899477 0.214510962 0.932266831
1341848059.950805 -0.701303005 -0.056030728 0.261912048 0.051945083 0.287001878 0.215128601 0.932014644
1341848059.986776 -0.701397955 -0.056195464 0.261005551 0.054677557 0.286015213 0.215661377 0.932038546
1341848060.018660 -0.700552344 -0.057200707 0.260837853 0.055881429 0.286351860 0.211826026 0.932743073
1341848060.050701 -0.700500488 -0.058463939 0.261053592 0.058946185 0.289755404 0.209843755 0.931951046
1341848060.086783 -0.703026891 -0.057404853 0.261164844 0.063456841 0.289751709 0.207433850 0.932195425
1341848060.118813 -0.703598022 -0.057349030 0.259569585 0.065822393 0.287636042 0.204405785 0.933354795
1341848060.150800 -0.702701032 -0.055268556 0.257452101 0.065554790 0.289319187 0.202047750 0.933366835
1341848060.186872 -0.703259051 -0.055844884 0.260477424 0.065900803 0.291545421 0.201060668 0.932862759
1341848060.218851 -0.702530742 -0.055698078 0.259296536 0.069392666 0.290554047 0.197922543 0.933589637
1341848060.254799 -0.702319086 -0.054091658 0.253374815 0.067608997 0.292239219 0.194850221 0.933840752
1341848060.287466 -0.702642977 -0.054802358 0.257811010 0.065898322 0.295446038 0.195591047 0.932798564
1341848060.318914 -0.702364922 -0.054884601 0.258370697 0.068762884 0.294972658 0.194403410 0.932989895
1341848060.354641 -0.701908290 -0.051992625 0.254892409 0.067668676 0.295195609 0.190198243 0.933865666
1341848060.387254 -0.699787021 -0.051928561 0.256608814 0.066027589 0.297938079 0.189421028 0.933270037
1341848060.418639 -0.699983478 -0.054479565 0.256446421 0.066555128 0.297878265 0.187526613 0.933634162
1341848060.454775 -0.697760582 -0.050989155 0.254391074 0.068456925 0.296354651 0.184787214 0.934527278
1341848060.486697 -0.696738541 -0.051807541 0.254569232 0.066134453 0.299896687 0.180995122 0.934306681
1341848060.522925 -0.696200550 -0.053083558 0.258744061 0.068257228 0.301957101 0.178586021 0.933953941
1341848060.554710 -0.694375217 -0.051421382 0.254186422 0.071574822 0.300987661 0.175305828 0.934639692
1341848060.586692 -0.692693412 -0.048979316 0.251893133 0.070326902 0.303512156 0.172484592 0.934442937
1341848060.622697 -0.691935420 -0.049833436 0.255852342 0.070941605 0.305930793 0.172893718 0.933531702
1341848060.656087 -0.690028846 -0.048034690 0.253086746 0.074406996 0.303757459 0.171788126 0.934175491
1341848060.687258 -0.687783480 -0.047182519 0.250669897 0.073021337 0.304030836 0.170504227 0.934431076
1341848060.723165 -0.686591506 -0.048943583 0.252530098 0.072873093 0.305535465 0.171690300 0.933734477
1341848060.757863 -0.686242759 -0.046302859 0.252765894 0.077166080 0.302830517 0.171421438 0.934319973
1341848060.790920 -0.685221553 -0.046293646 0.251952618 0.077852242 0.300198615 0.171763107 0.935049295
1341848060.823967 -0.684120297 -0.047998846 0.252746075 0.078169435 0.298590928 0.171441659 0.935596466
1341848060.862432 -0.683662593 -0.047509622 0.252221465 0.081250720 0.295693934 0.171132982 0.936310232
1341848060.895671 -0.681374311 -0.046878200 0.251659304 0.082273290 0.292812973 0.171168908 0.937119484
1341848060.923126 -0.680126607 -0.048317086 0.253098667 0.083096787 0.291310251 0.171297848 0.937491477
1341848060.960845 -0.677517295 -0.048350766 0.252149224 0.085085832 0.288634896 0.170695782 0.938250065
1341848060.996857 -0.677031040 -0.049714670 0.254092842 0.085865423 0.287873954 0.171591029 0.938249588
1341848061.030587 -0.672918439 -0.049547084 0.253246844 0.087254055 0.284955531 0.171530306 0.939023077
1341848061.062246 -0.669896781 -0.050445154 0.252218306 0.087103248 0.283633173 0.170775443 0.939574897
1341848061.100583 -0.666519821 -0.053706765 0.253945589 0.087111093 0.284360558 0.170258895 0.939448059
1341848061.129837 -0.662050664 -0.057542596 0.254192978 0.088856876 0.284307808 0.168508515 0.939616084
1341848061.197947 -0.655341804 -0.062451489 0.252339453 0.092094325 0.284467071 0.167141065 0.939500391
1341848061.226804 -0.652229309 -0.062913194 0.250161946 0.097570375 0.283701032 0.167390689 0.939134717
1341848061.259408 -0.650618911 -0.061094917 0.250303209 0.100109011 0.283735693 0.166276798 0.939054966
1341848061.290885 -0.646880627 -0.065938726 0.250497192 0.100631535 0.283542693 0.167010039 0.938927293
1341848061.326612 -0.643562615 -0.066331595 0.248347551 0.104003727 0.283316433 0.167509228 0.938539088
1341848061.358867 -0.640653789 -0.068192504 0.248021662 0.104451992 0.284162253 0.167401165 0.938252866
1341848061.390845 -0.637974858 -0.068665206 0.248407528 0.106677637 0.284434170 0.168947890 0.937642634
1341848061.426913 -0.635790944 -0.068617031 0.246953502 0.107787050 0.283947378 0.170232221 0.937430918
1341848061.458837 -0.633923292 -0.068782121 0.247014031 0.107241407 0.284919202 0.170979276 0.937062621
1341848061.494657 -0.632276237 -0.071429089 0.247794807 0.107692637 0.286490858 0.170117661 0.936688423
1341848061.526736 -0.631547451 -0.068162844 0.247096792 0.110651985 0.286511570 0.169678211 0.936416864
1341848061.558821 -0.630406559 -0.065576375 0.245634496 0.110726975 0.286547482 0.170852616 0.936183453
1341848061.594750 -0.629108906 -0.067237705 0.246572509 0.109556429 0.288253546 0.171376362 0.935701549
1341848061.626731 -0.626927555 -0.066810913 0.246777192 0.111714423 0.288360417 0.170717955 0.935533822
1341848061.658831 -0.625672877 -0.065889455 0.243904069 0.110259503 0.289386630 0.169703498 0.935574114
1341848061.694894 -0.625174761 -0.067278847 0.247129083 0.109260701 0.292352289 0.171130747 0.934508681
1341848061.726726 -0.622881949 -0.067227520 0.246264860 0.110854015 0.291133434 0.171293646 0.934671700
1341848061.762815 -0.621052563 -0.065738738 0.244301662 0.109663583 0.291796237 0.169896394 0.934860468
1341848061.794816 -0.620402813 -0.067807190 0.245752394 0.108359255 0.293787688 0.170072481 0.934356689
1341848061.826740 -0.619972169 -0.068319373 0.246205509 0.108759895 0.293731272 0.170096129 0.934323549
1341848061.862883 -0.619384706 -0.065263629 0.244733185 0.108607419 0.293026298 0.169842616 0.934608757
1341848061.894834 -0.618335247 -0.067310266 0.246808290 0.106180817 0.293975711 0.169183984 0.934708893
1341848061.930667 -0.617307782 -0.066983797 0.247629255 0.106952153 0.293781400 0.167891681 0.934915006
1341848061.962828 -0.616313994 -0.065746300 0.246674523 0.106263824 0.292851001 0.167931050 0.935278296
1341848061.997188 -0.616406024 -0.065671757 0.249543101 0.105077364 0.292434931 0.167909414 0.935546339
1341848062.030704 -0.615430713 -0.067134775 0.249938250 0.103343599 0.291250706 0.166045502 0.936441123
1341848062.063265 -0.614034593 -0.066756636 0.250546217 0.102122612 0.290794909 0.164170414 0.937047184
1341848062.094872 -0.613860071 -0.065537758 0.252921224 0.101702802 0.289346814 0.163454965 0.937665939
1341848062.130773 -0.613086402 -0.065740123 0.254127324 0.100543216 0.287531435 0.162945285 0.938437819
1341848062.163385 -0.612058938 -0.067951903 0.256163538 0.098854125 0.286768198 0.159958079 0.939364314
1341848062.198718 -0.609913409 -0.067427561 0.256464899 0.098613828 0.285463572 0.155204847 0.940583527
1341848062.230750 -0.608550310 -0.065769851 0.256179035 0.098702468 0.283260077 0.154113322 0.941419482
1341848062.262814 -0.610161185 -0.064866297 0.258708358 0.097518846 0.280876398 0.154613435 0.942174733
1341848062.299276 -0.607910454 -0.065908328 0.258872360 0.095355183 0.277934134 0.153661281 0.943423688
1341848062.330839 -0.606197417 -0.068279952 0.259579450 0.093255691 0.276876897 0.152289703 0.944166541
1341848062.362763 -0.605703771 -0.067358606 0.261439532 0.094158284 0.276068658 0.150338262 0.944626212
1341848062.398825 -0.605296850 -0.066952296 0.261140406 0.095259428 0.273076147 0.150562927 0.945349634
1341848062.430832 -0.602969527 -0.068445444 0.259528607 0.093904786 0.270522326 0.152933374 0.945838749
1341848062.466855 -0.602170885 -0.067659654 0.260771483 0.094071217 0.267959833 0.153922096 0.946391106
1341848062.498723 -0.601080358 -0.068294123 0.261487901 0.094847672 0.265401423 0.156839758 0.946555495
1341848062.530743 -0.600364804 -0.067798637 0.260155976 0.094833873 0.263911307 0.156729773 0.946991622
1341848062.566929 -0.597787857 -0.067986153 0.258969545 0.092900448 0.262903869 0.156833246 0.947446287
1341848062.598817 -0.597997725 -0.066598333 0.260639906 0.094868086 0.261119127 0.159465685 0.947305381
1341848062.630793 -0.596006215 -0.064889275 0.258088768 0.095454842 0.256588280 0.162107378 0.948035836
1341848062.666740 -0.592068493 -0.066587232 0.257613480 0.092872053 0.255432159 0.162093416 0.948606849
1341848062.698720 -0.589841187 -0.067338921 0.259651363 0.094779752 0.255488545 0.161479414 0.948507667
1341848062.734924 -0.587817907 -0.065465204 0.256276190 0.096639693 0.253077358 0.161442116 0.948972642
1341848062.766819 -0.586424410 -0.063677542 0.255909681 0.095289372 0.252562582 0.162756726 0.949021757
1341848062.798717 -0.583595812 -0.064953573 0.257096857 0.095684968 0.251272470 0.163134828 0.949259460
1341848062.834828 -0.581379354 -0.063015550 0.254526913 0.096795306 0.247897133 0.161422461 0.950326502
1341848062.866781 -0.578604579 -0.062963448 0.253142565 0.094135754 0.246771544 0.160448641 0.951051235
1341848062.899075 -0.576386333 -0.063724071 0.255111307 0.093293823 0.245752901 0.159163043 0.951613843
1341848062.934962 -0.573788583 -0.063987687 0.254040360 0.093701079 0.243106544 0.153791919 0.953135550
1341848062.966930 -0.570102572 -0.061408293 0.250174552 0.091773994 0.241800621 0.149280772 0.954371631
1341848063.002905 -0.567838311 -0.061203353 0.251795471 0.090535037 0.241442621 0.148903966 0.954639435
1341848063.034972 -0.565870881 -0.061475400 0.251750678 0.091670871 0.237160534 0.148380637 0.955685318
1341848063.066737 -0.561770439 -0.060996938 0.249621823 0.091000266 0.234532386 0.147227287 0.956575990
1341848063.102822 -0.557913363 -0.062124856 0.248850137 0.091365986 0.233223110 0.145731777 0.957090139
1341848063.135045 -0.555953920 -0.059818774 0.246725187 0.093358375 0.230536625 0.145045266 0.957652807
1341848063.170739 -0.552118063 -0.058641631 0.245548964 0.092831679 0.226687074 0.145195380 0.958599746
1341848063.202662 -0.547698319 -0.060067263 0.245763153 0.091845438 0.224834710 0.144758448 0.959196925
1341848063.234990 -0.543349624 -0.059549253 0.244499624 0.092517614 0.223222926 0.140916437 0.960080504
1341848063.270800 -0.540410221 -0.059056547 0.242261663 0.091551863 0.223401442 0.137935847 0.960564256
1341848063.302788 -0.537658513 -0.057064518 0.242094979 0.091545843 0.223282695 0.135806531 0.960895836
1341848063.334854 -0.535480559 -0.056699816 0.242095709 0.090811566 0.220897704 0.133142531 0.961889029
1341848063.370653 -0.530235171 -0.055296447 0.237144887 0.088379763 0.218694270 0.131702214 0.962816894
1341848063.402698 -0.527561486 -0.055573069 0.239029750 0.085825302 0.220848411 0.128500909 0.962988853
1341848063.439276 -0.525113940 -0.055822343 0.240031183 0.084035277 0.220705539 0.125916272 0.963520765
1341848063.470742 -0.522637248 -0.053240679 0.237275064 0.083256312 0.220220685 0.124767274 0.963848710
1341848063.502776 -0.519703388 -0.052860539 0.240135401 0.078575201 0.222757593 0.124316096 0.963716984
1341848063.541802 -0.514741600 -0.056669544 0.242146283 0.077148564 0.221612126 0.124509715 0.964071274
1341848063.577805 -0.513518929 -0.051411856 0.238110125 0.079987809 0.220160350 0.126893893 0.963861644
1341848063.609732 -0.510327220 -0.050842166 0.240736976 0.076387398 0.220400885 0.129066989 0.963810205
1341848063.643039 -0.507393539 -0.052721955 0.243897542 0.075838827 0.219170451 0.129837424 0.964030623
1341848063.677955 -0.505169928 -0.048845910 0.241497800 0.075898379 0.216650248 0.130607635 0.964491427
1341848063.709890 -0.502635479 -0.047673102 0.243126109 0.071639940 0.214885056 0.132023916 0.965019047
1341848063.745768 -0.500115991 -0.050993077 0.246811613 0.068669014 0.212726876 0.132264137 0.965680063
1341848063.777773 -0.495958865 -0.049225226 0.245105758 0.068345621 0.210048363 0.129605159 0.966649354
1341848063.809840 -0.493649542 -0.049657252 0.247417659 0.065893948 0.210721329 0.127853140 0.966906428
1341848063.845733 -0.491581380 -0.052020345 0.251122922 0.066381752 0.209263176 0.127191141 0.967276990
1341848063.877902 -0.486517012 -0.051260266 0.249247849 0.066546842 0.206393525 0.126394004 0.967986465
1341848063.913769 -0.483000278 -0.058029514 0.251918405 0.062125184 0.208984599 0.123245597 0.968130350
1341848063.945802 -0.477801859 -0.056903128 0.257896781 0.067142054 0.209893450 0.120192446 0.967982709
1341848063.977856 -0.474432886 -0.057611518 0.258199215 0.069830060 0.206779599 0.121017016 0.968359888
1341848064.013951 -0.470343709 -0.057513613 0.259115994 0.070220768 0.204299554 0.122259185 0.968701959
1341848064.045815 -0.465878904 -0.063655868 0.264299095 0.069083400 0.203337997 0.120924726 0.969153404
1341848064.081699 -0.460925728 -0.062538616 0.263342291 0.073150247 0.200428829 0.118105896 0.969808400
1341848064.113685 -0.454437852 -0.061285757 0.262896031 0.072245240 0.200093791 0.118552223 0.969890952
1341848064.145823 -0.452480048 -0.065148719 0.270387709 0.071153961 0.201394573 0.120580435 0.969452262
1341848064.181846 -0.447470486 -0.067318231 0.271360397 0.072632506 0.197761700 0.122005358 0.969912112
1341848064.213863 -0.439796656 -0.066180572 0.268049955 0.071958639 0.195326850 0.121900842 0.970468760
1341848064.249771 -0.434330791 -0.070200205 0.272086591 0.069971062 0.198420629 0.121108674 0.970085561
1341848064.282977 -0.429365426 -0.072409287 0.276466191 0.072612628 0.198576644 0.120658807 0.969915569
1341848064.313795 -0.422141761 -0.069818974 0.274624646 0.074269816 0.196621478 0.120928638 0.970154762
1341848064.349790 -0.415312618 -0.072683997 0.277150601 0.072246864 0.197855055 0.120431967 0.970118523
1341848064.382619 -0.408873439 -0.073872283 0.278886348 0.073643498 0.198674262 0.119928673 0.969908416
1341848064.418063 -0.403055847 -0.071907148 0.279124260 0.073738568 0.198876545 0.119397871 0.969925165
1341848064.449767 -0.397358060 -0.074746743 0.282576680 0.070419922 0.199609399 0.116979718 0.970315874
1341848064.481773 -0.390268773 -0.079202428 0.284841627 0.069248758 0.200609505 0.112487778 0.970724940
1341848064.518010 -0.383962870 -0.078459635 0.284223914 0.071452618 0.201318294 0.110114925 0.970690548
1341848064.549704 -0.379171968 -0.079586960 0.286311269 0.071758486 0.202141210 0.110053360 0.970503926
1341848064.581714 -0.373713076 -0.082980938 0.287694573 0.072971597 0.201078206 0.112624407 0.970339358
1341848064.617693 -0.368955791 -0.082280174 0.285920829 0.075669661 0.199625596 0.112500586 0.970447004
1341848064.649724 -0.365557671 -0.081281319 0.285806775 0.077142760 0.199547037 0.113839254 0.970191002
1341848064.685821 -0.362118214 -0.081536159 0.286713660 0.077794716 0.197198376 0.116639189 0.970286608
1341848064.749892 -0.353818953 -0.081095017 0.284798771 0.075705342 0.196499243 0.114002787 0.970906854
1341848064.778913 -0.351659179 -0.082614616 0.287192106 0.075692810 0.196391851 0.112246267 0.971134186
1341848064.810737 -0.348118603 -0.080043696 0.285885602 0.077688359 0.193485126 0.113588303 0.971404016
1341848064.842702 -0.344106317 -0.079458497 0.285533845 0.076097526 0.191592067 0.113043897 0.971968472
1341848064.878850 -0.342060417 -0.081503324 0.286770046 0.075687334 0.191043198 0.113959543 0.972001612
1341848064.910832 -0.338609248 -0.079032004 0.284167886 0.077819288 0.187451482 0.116793849 0.972196162
1341848064.946850 -0.334184408 -0.077146105 0.283864081 0.076932512 0.185127646 0.120245047 0.972291291
1341848064.978809 -0.330569208 -0.079732403 0.285746753 0.075798407 0.184161112 0.121662818 0.972387493
1341848065.010770 -0.326266140 -0.078616753 0.282775789 0.078151852 0.182375699 0.122180648 0.972472787
1341848065.046751 -0.322966248 -0.075622365 0.282155693 0.077958763 0.182001770 0.123433329 0.972400129
1341848065.078713 -0.320834368 -0.077252284 0.285045743 0.077382006 0.180990502 0.125422299 0.972380459
1341848065.110686 -0.316816211 -0.075668260 0.281515658 0.078237042 0.177321494 0.127370730 0.972734690
1341848065.146689 -0.312859058 -0.074878335 0.282965422 0.076719351 0.177496776 0.126949981 0.972878575
1341848065.178847 -0.308833838 -0.079909995 0.283338845 0.076416284 0.176679149 0.125513554 0.973237574
1341848065.214760 -0.304657042 -0.074575022 0.280775309 0.082025245 0.174933746 0.125132218 0.973145425
1341848065.246768 -0.302085578 -0.071947515 0.279722303 0.080005690 0.173924312 0.122350469 0.973847926
1341848065.278735 -0.297687441 -0.076031789 0.280474871 0.078068405 0.173469543 0.122026734 0.974126816
1341848065.314761 -0.294862151 -0.073273219 0.278131604 0.081026249 0.171852827 0.120299116 0.974386692
1341848065.346776 -0.290396333 -0.072416387 0.277807087 0.080434188 0.170447856 0.117525615 0.975020826
1341848065.382824 -0.286533892 -0.073114321 0.276890427 0.081232175 0.169957384 0.117271774 0.975070834
1341848065.414914 -0.282687724 -0.072361723 0.275697887 0.081615828 0.168643683 0.115659229 0.975459456
1341848065.446728 -0.278416008 -0.074888997 0.275089622 0.080799088 0.167555541 0.111919530 0.976150930
1341848065.482830 -0.274048954 -0.073084861 0.273778945 0.083526529 0.167562589 0.110619612 0.976068318
1341848065.514745 -0.270594269 -0.072216541 0.273454726 0.084580675 0.167219847 0.110166617 0.976087570
1341848065.546916 -0.267377645 -0.073381037 0.274108589 0.084373407 0.166112676 0.109442636 0.976375937
1341848065.582742 -0.262324154 -0.073421419 0.272376269 0.085603006 0.165321857 0.108028278 0.976560652
1341848065.614763 -0.260402858 -0.072300345 0.271759957 0.086642519 0.165123433 0.106911160 0.976625502
1341848065.650809 -0.258198738 -0.072310276 0.272347689 0.086726755 0.163288340 0.106173933 0.977006853
1341848065.682873 -0.254968882 -0.073288098 0.271819025 0.086949319 0.160871685 0.103766873 0.977646410
1341848065.714808 -0.251536489 -0.070307091 0.269748002 0.087785736 0.158834860 0.101747401 0.978116870
1341848065.750674 -0.251747251 -0.070163794 0.270460367 0.086002767 0.157661840 0.099892341 0.978656113
1341848065.782722 -0.249065667 -0.069830813 0.269550174 0.085456021 0.152585730 0.097090267 0.979789913
1341848065.814742 -0.246094733 -0.068057582 0.268203765 0.084625579 0.150361001 0.093631834 0.980542243
1341848065.850746 -0.245827600 -0.067659959 0.269574195 0.082675174 0.149760649 0.088439509 0.981282294
1341848065.882795 -0.246713966 -0.066087328 0.270874918 0.082996264 0.145813212 0.087429538 0.981940031
1341848065.918698 -0.244713128 -0.061418884 0.268555909 0.082318112 0.137077957 0.087766707 0.983224452
1341848065.950762 -0.242338851 -0.062373787 0.268019915 0.076656744 0.131466851 0.084010608 0.984775305
1341848065.982774 -0.242540479 -0.063703395 0.269668669 0.074799888 0.128535226 0.080988191 0.985557973
1341848066.018773 -0.239763975 -0.060013674 0.267508954 0.075013801 0.123087324 0.077172875 0.986542821
1341848066.050717 -0.237707928 -0.058895327 0.267322361 0.071515784 0.119964235 0.073436595 0.987472117
1341848066.082818 -0.237875894 -0.060088828 0.268936902 0.069847822 0.118142396 0.073295943 0.987821519
1341848066.118721 -0.235006750 -0.057478189 0.268741965 0.071112201 0.112950310 0.073584810 0.988317013
1341848066.150964 -0.229721710 -0.055980794 0.266065925 0.069375664 0.107195079 0.071726143 0.989217639
1341848066.186782 -0.228936940 -0.056703255 0.267980188 0.066979006 0.107455783 0.072324522 0.989310980
1341848066.218688 -0.229127124 -0.058632921 0.270227879 0.066226989 0.105179921 0.071770325 0.989646494
1341848066.250777 -0.223658502 -0.057461865 0.268157065 0.066333897 0.100743592 0.070309736 0.990205586
1341848066.286736 -0.221266314 -0.059253529 0.268852264 0.064368665 0.100475952 0.068678498 0.990476906
1341848066.318695 -0.218807638 -0.064290173 0.270019203 0.062744945 0.099847928 0.066660777 0.990782440
1341848066.354797 -0.213323593 -0.060544685 0.268975616 0.066848457 0.096967444 0.066640534 0.990801513
1341848066.386761 -0.210033238 -0.062036686 0.270687103 0.067111418 0.096800573 0.065626025 0.990867794
1341848066.418820 -0.208009824 -0.064247020 0.272773802 0.068582520 0.096285030 0.065342948 0.990835965
1341848066.454695 -0.204622820 -0.064321518 0.272991031 0.070840389 0.093321808 0.064272657 0.991030633
1341848066.486874 -0.200059921 -0.065181486 0.273103982 0.070155911 0.090929300 0.062547550 0.991412044
1341848066.522806 -0.198708713 -0.067063883 0.275666505 0.069595918 0.090554655 0.060679335 0.991601884
1341848066.555107 -0.194164768 -0.066892028 0.276755482 0.071420617 0.086726017 0.057219412 0.992020011
1341848066.586881 -0.187986732 -0.067870900 0.276385576 0.070939697 0.084542640 0.052444205 0.992506802
1341848066.623500 -0.186188996 -0.070470154 0.278666496 0.071058579 0.086036980 0.047818944 0.992603481
1341848066.655239 -0.182441786 -0.069728643 0.280420393 0.073817842 0.084420688 0.045126434 0.992666960
1341848066.697724 -0.177137971 -0.069909334 0.280923605 0.074227236 0.083475977 0.042288736 0.992841244
1341848066.732527 -0.174672946 -0.073840827 0.283601075 0.073845752 0.083937682 0.038728368 0.992976010
1341848066.764415 -0.169759855 -0.075488746 0.284329206 0.076241463 0.082927234 0.036145840 0.992977262
1341848066.795253 -0.165611774 -0.074510545 0.284246743 0.078553960 0.083334677 0.031853911 0.992909849
1341848066.833355 -0.163380712 -0.075478688 0.286562562 0.079190291 0.082996301 0.028150542 0.992999554
1341848066.862103 -0.158638000 -0.073868327 0.286339283 0.081169985 0.080811173 0.026830059 0.993056476
1341848066.905023 -0.155311525 -0.073135085 0.286219031 0.079936124 0.080622323 0.025218409 0.993214130
1341848066.930221 -0.153176069 -0.075835079 0.288490295 0.078591302 0.079430610 0.023431854 0.993461192
1341848066.997936 -0.144419804 -0.073332161 0.287943006 0.078040771 0.078510411 0.019243384 0.993667662
1341848067.023497 -0.143772274 -0.075649634 0.290174723 0.076486759 0.078713559 0.017336586 0.993807554
1341848067.054702 -0.139737532 -0.075592794 0.289131254 0.077063791 0.076967195 0.015626241 0.993928075
1341848067.090940 -0.137586862 -0.075851917 0.290665627 0.076375321 0.078394599 0.013790451 0.993896842
1341848067.122963 -0.137788922 -0.079670414 0.292672247 0.077041715 0.078970611 0.012233739 0.993820190
1341848067.158821 -0.133792669 -0.077538505 0.290689200 0.081253983 0.076929279 0.012707510 0.993638873
1341848067.191143 -0.132005408 -0.076096788 0.291009009 0.082064785 0.076889798 0.012833063 0.993573666
1341848067.222948 -0.130392179 -0.078270793 0.291055769 0.081915513 0.076076403 0.013933747 0.993633807
1341848067.258733 -0.126280859 -0.076569922 0.289568633 0.083761349 0.074976414 0.015746817 0.993536413
1341848067.291049 -0.125062287 -0.076612145 0.289976120 0.083117336 0.076064199 0.017140921 0.993484735
1341848067.322816 -0.124775819 -0.077498406 0.290974379 0.083233140 0.076031975 0.020765966 0.993408382
1341848067.358674 -0.120683335 -0.076117605 0.289072990 0.084298335 0.073878817 0.023684533 0.993415713
1341848067.390706 -0.117069513 -0.076032497 0.287857443 0.083170459 0.074713804 0.026005305 0.993390262
1341848067.426869 -0.116467386 -0.076429412 0.288495362 0.083494134 0.076258622 0.029201644 0.993156910
1341848067.458745 -0.114128053 -0.073910311 0.286992431 0.084569566 0.076063126 0.031748727 0.993002713
1341848067.491527 -0.111338176 -0.072903514 0.286433220 0.082449593 0.077496454 0.034714203 0.992970943
1341848067.526659 -0.111777991 -0.073904537 0.286972553 0.081163988 0.079961501 0.035947055 0.992837548
1341848067.558770 -0.108318426 -0.072273642 0.284756392 0.081470974 0.079900004 0.036177799 0.992808998
1341848067.594659 -0.106182620 -0.072315983 0.284515917 0.079889342 0.083034165 0.035156555 0.992716968
1341848067.626656 -0.107245818 -0.075002156 0.285182804 0.079829320 0.086303391 0.033850983 0.992488384
1341848067.658983 -0.104062580 -0.074117839 0.282776028 0.082966372 0.085998222 0.034265321 0.992243290
1341848067.694893 -0.102814123 -0.073185004 0.282224327 0.084054813 0.088234358 0.034798466 0.991936803
1341848067.726732 -0.103171445 -0.076333269 0.282024324 0.084974170 0.089620195 0.036610894 0.991668940
1341848067.758667 -0.099120885 -0.073231824 0.279391080 0.089090183 0.088618658 0.038560178 0.991323769
1341848067.794813 -0.098232202 -0.072541222 0.278366983 0.089542910 0.091095440 0.040319558 0.990988374
1341848067.826795 -0.097473383 -0.074336812 0.278200060 0.090423390 0.091840237 0.043055441 0.990724623
1341848067.862808 -0.094669536 -0.072544158 0.275491357 0.092459649 0.092094257 0.044610966 0.990444183
