1341847981.658738 -0.031636871 0.003274810 -0.010143573 0.004406874 0.012104531 0.005504357 0.999901891
1341847981.694720 -0.034936335 0.001976875 -0.010077283 0.003747534 0.013566492 0.004973291 0.999888599
1341847981.726650 -0.035017740 0.004901124 -0.011733034 0.004482000 0.013286599 0.005969963 0.999883890
1341847981.758846 -0.037843525 0.005111926 -0.011107611 0.003263422 0.013695716 0.005527163 0.999885619
1341847981.794659 -0.038520541 0.006851969 -0.012552253 0.002674109 0.013263727 0.005335169 0.999894202
1341847981.826678 -0.040419549 0.007938722 -0.013111514 0.001185213 0.013670817 0.005424486 0.999891162
1341847981.862719 -0.044909000 0.006122477 -0.010059740 0.000386091 0.014928065 0.004412448 0.999878764
1341847981.894631 -0.046337463 0.008725710 -0.015722092 0.000920840 0.013476969 0.004788176 0.999897301
1341847981.926602 -0.047851987 0.012079495 -0.011862215 -0.000457848 0.012812657 0.005209120 0.999904215
1341847981.962757 -0.050122812 0.010826651 -0.011507799 -0.002014664 0.012970127 0.005287531 0.999899864
1341847981.994808 -0.050168809 0.010366440 -0.010191369 -0.002112105 0.012439880 0.004735056 0.999909163
1341847982.027112 -0.053378116 0.009502579 -0.009953934 -0.001641689 0.012947765 0.003195406 0.999909759
1341847982.062739 -0.055385683 0.010417341 -0.009291864 0.000399389 0.012768376 0.002233460 0.999915898
1341847982.094786 -0.056118898 0.011870530 -0.010168408 0.001736369 0.011923252 0.001170880 0.999926686
1341847982.130710 -0.064916573 0.006504109 -0.008892208 0.000717383 0.014566887 0.000284738 0.999893606
1341847982.162730 -0.063566782 0.009694749 -0.011110080 0.005346615 0.011629145 0.001483743 0.999916971
1341847982.194674 -0.060362943 0.007802483 -0.015088028 0.002774599 0.009333340 0.001995979 0.999950588
1341847982.230594 -0.061680656 0.004944016 -0.013771140 0.000065920 0.011549348 0.001850150 0.999931574
1341847982.262666 -0.065176442 0.005846962 -0.014289928 0.001733853 0.014771910 0.001154982 0.999888718
1341847982.294994 -0.065128855 0.006189061 -0.013938033 0.002422515 0.016536193 0.000414236 0.999860227
1341847982.330655 -0.073984250 0.004593679 -0.010810695 0.003638752 0.021662800 0.002695938 0.999755085
1341847982.362722 -0.076344594 0.007202219 -0.010350160 0.007808062 0.021076644 0.006484408 0.999726355
1341847982.398909 -0.075896882 0.004633354 -0.013210442 0.008787538 0.018177334 0.008415505 0.999760747
1341847982.430770 -0.074058518 0.002369923 -0.014396220 0.008641950 0.017361779 0.009082918 0.999770701
1341847982.462624 -0.072316021 0.001911779 -0.016212868 0.009067644 0.019228177 0.009234331 0.999731362
1341847982.498616 -0.073858030 0.002636565 -0.017196424 0.009033035 0.022235511 0.009572524 0.999666154
1341847982.530757 -0.079041734 0.003634427 -0.015552541 0.008310676 0.025483580 0.010560594 0.999584913
1341847982.566660 -0.078844264 0.003505355 -0.017669974 0.006636629 0.026421219 0.011600825 0.999561548
1341847982.598726 -0.082817607 0.002600010 -0.015859026 0.003553178 0.030279193 0.013424582 0.999445021
1341847982.630723 -0.083944723 0.002509774 -0.014985766 0.002839631 0.032797065 0.013346110 0.999368906
1341847982.666620 -0.086224407 0.002626084 -0.014705189 0.001696184 0.035680510 0.013696630 0.999267936
1341847982.698638 -0.086898036 0.002552895 -0.014417756 0.000331328 0.038406849 0.014156293 0.999161839
1341847982.730674 -0.091138013 0.002275042 -0.010846608 -0.000468146 0.043314368 0.013835661 0.998965561
1341847982.766706 -0.094001696 0.001705212 -0.010095742 -0.000208253 0.045797177 0.015044500 0.998837411
1341847982.798737 -0.099006496 0.001689715 -0.011010813 -0.000011951 0.048548806 0.016379805 0.998686492
1341847982.834747 -0.104688764 0.001661292 -0.008869680 0.001187992 0.051364370 0.016605360 0.998541176
1341847982.866670 -0.110428587 -0.001126366 -0.009152840 0.002508053 0.052948806 0.017725006 0.998436749
1341847982.898700 -0.113642946 0.001269720 -0.010714759 0.005316395 0.052005794 0.019573173 0.998440802
1341847982.934803 -0.119311064 0.004461945 -0.011744321 0.005707725 0.050785512 0.021557754 0.998460591
1341847982.966708 -0.122399941 0.005612620 -0.010708028 0.005014187 0.049476672 0.022129977 0.998517513
1341847982.998783 -0.122171305 0.001049209 -0.011404367 0.001653533 0.049313560 0.020410955 0.998573363
1341847983.034693 -0.127499387 0.002741498 -0.010408292 0.001095494 0.051499467 0.020660518 0.998458683
1341847983.066707 -0.136030942 0.002835073 -0.009048000 0.000026759 0.053442452 0.021369075 0.998342216
1341847983.102757 -0.139852419 0.000682150 -0.008298876 -0.001853092 0.053456616 0.022191217 0.998321831
1341847983.134717 -0.145991474 0.002023566 -0.005962254 -0.000228660 0.054324355 0.024158072 0.998230994
1341847983.166651 -0.151414871 0.003346949 -0.005742775 0.001649901 0.054016441 0.025279904 0.998218596
1341847983.202653 -0.151755065 0.001149524 -0.008341235 0.000394851 0.051014096 0.025702184 0.998367071
1341847983.234717 -0.154468402 0.000726186 -0.009015504 -0.000668083 0.050194267 0.026192559 0.998395741
1341847983.266753 -0.158328831 0.001449312 -0.009391861 -0.002629871 0.051243134 0.025891548 0.998347044
1341847983.302701 -0.163125023 0.000335834 -0.008609369 -0.005683971 0.053807553 0.024835937 0.998226225
1341847983.334718 -0.164561823 -0.001752689 -0.009183809 -0.007737209 0.055977922 0.024387302 0.998104155
1341847983.370887 -0.170933843 -0.001025881 -0.005768765 -0.006822153 0.060139574 0.023959093 0.997879088
1341847983.402670 -0.174962029 0.000938961 -0.006421272 -0.004687795 0.060433906 0.025366077 0.997838795
1341847983.434705 -0.178198263 0.001943969 -0.007621028 -0.005403356 0.058638129 0.028341008 0.997862279
1341847983.470674 -0.181516334 -0.003405160 -0.006018026 -0.008334580 0.058596458 0.027175058 0.997877002
1341847983.502767 -0.184887007 -0.008226733 -0.008317370 -0.009097875 0.060878579 0.024096530 0.997812808
1341847983.534806 -0.188946396 -0.006234639 -0.009611068 -0.007748323 0.064935468 0.022949245 0.997595429
1341847983.570684 -0.196020693 -0.004230116 -0.009116558 -0.007164595 0.068220519 0.023475749 0.997368336
1341847983.602741 -0.200925052 -0.004844958 -0.007894235 -0.006325542 0.069028728 0.024075756 0.997304082
1341847983.638729 -0.205725595 -0.005046066 -0.009264253 -0.004978596 0.070371419 0.024042670 0.997218668
1341847983.670715 -0.214602187 -0.007257649 -0.007279657 -0.003775735 0.074223287 0.023781415 0.996950924
1341847983.702857 -0.219762921 -0.005311870 -0.009592593 0.000030724 0.074621737 0.025908662 0.996875286
1341847983.738736 -0.224590883 -0.002984413 -0.010866217 0.002089575 0.074018255 0.028363200 0.996851265
1341847983.770707 -0.229360178 -0.005273750 -0.013038952 0.002010143 0.073592983 0.028995838 0.996864736
1341847983.806672 -0.235087156 -0.007208489 -0.013337247 0.002901974 0.075359426 0.028509540 0.996744573
1341847983.838719 -0.243161961 -0.006170761 -0.013446271 0.006835478 0.077701025 0.028914120 0.996533871
1341847983.870712 -0.248387724 -0.003046412 -0.016189400 0.009291420 0.076113060 0.031980209 0.996542871
1341847983.906692 -0.256408393 -0.004263643 -0.015839454 0.009082833 0.074983977 0.034834906 0.996534705
1341847983.938757 -0.259701163 0.000786031 -0.017531559 0.011776326 0.073287293 0.036783151 0.996562719
1341847983.970809 -0.263961524 0.000514204 -0.018323410 0.009905577 0.074661605 0.035771277 0.996517897
1341847984.006722 -0.269968808 0.001315737 -0.017936625 0.009077547 0.077402942 0.034697406 0.996354580
1341847984.038718 -0.274678797 0.002578588 -0.018251281 0.007901744 0.079432972 0.034681458 0.996205330
1341847984.074737 -0.283896476 0.002768622 -0.019322921 0.004724832 0.083135657 0.032466564 0.995998025
1341847984.106759 -0.289073080 0.005397500 -0.016197786 0.001615986 0.085739054 0.031594723 0.995815217
1341847984.138698 -0.295282662 0.005298335 -0.013071891 0.000964797 0.087924048 0.030840747 0.995649159
1341847984.174831 -0.300136179 0.010904586 -0.016228106 0.000608925 0.088770948 0.029196881 0.995623887
1341847984.206711 -0.306824952 0.008571853 -0.011409208 -0.005043471 0.091220282 0.027990200 0.995424509
1341847984.238670 -0.312190264 0.008890091 -0.009752639 -0.005975093 0.090310663 0.028422141 0.995490074
1341847984.274795 -0.315209299 0.010347389 -0.009351790 -0.007359531 0.088244073 0.029919820 0.995622218
1341847984.306662 -0.320772827 0.011421945 -0.006969437 -0.009508286 0.088898391 0.029800748 0.995549381
1341847984.343094 -0.330871165 0.013130018 -0.002228722 -0.010562164 0.090631187 0.029797453 0.995382607
1341847984.374794 -0.335414529 0.014395029 -0.001061130 -0.011488218 0.089014329 0.031335443 0.995471001
1341847984.406718 -0.338323355 0.013918186 0.002073884 -0.014194028 0.086616650 0.032917801 0.995596588
1341847984.442894 -0.344124854 0.011752012 0.007046055 -0.016406903 0.087428473 0.034151655 0.995450020
1341847984.474640 -0.348087728 0.012823869 0.010140762 -0.015372586 0.087835632 0.034056719 0.995433927
1341847984.506747 -0.351846039 0.011315195 0.013978213 -0.016846359 0.088657044 0.033065666 0.995370686
1341847984.542747 -0.352934271 0.008324350 0.015201151 -0.018509481 0.089602895 0.033153474 0.995253503
1341847984.574807 -0.357626081 0.009873123 0.020975638 -0.018972967 0.093201675 0.033932630 0.994887948
1341847984.610792 -0.365986854 0.007118737 0.030066688 -0.018510869 0.095907122 0.033440504 0.994656146
1341847984.642667 -0.368227601 0.006817443 0.033030242 -0.015342957 0.093992792 0.034521408 0.994855881
1341847984.674804 -0.371247172 0.006565992 0.036684245 -0.014392892 0.093733154 0.035727799 0.994852006
1341847984.710651 -0.375406057 0.002560267 0.043051407 -0.014220213 0.093715064 0.035854224 0.994851649
1341847984.743352 -0.378285050 0.002281829 0.047413692 -0.010694985 0.092944905 0.035681535 0.994974196
1341847984.778881 -0.380227000 0.000423874 0.050451882 -0.010436177 0.092895776 0.036483049 0.994952500
1341847984.810639 -0.385620981 -0.001788753 0.057603426 -0.009598259 0.094824597 0.038641825 0.994697452
1341847984.842655 -0.388619006 -0.005063642 0.063304387 -0.007259348 0.095286235 0.039937258 0.994621933
1341847984.878779 -0.391854823 -0.006613998 0.067092471 -0.005152431 0.095886745 0.041493140 0.994513690
1341847984.910613 -0.395800948 -0.006810560 0.070979841 -0.004326506 0.096069969 0.044813313 0.994355917
1341847984.943053 -0.399840534 -0.009235762 0.077296160 -0.005713211 0.095156536 0.048485834 0.994264424
1341847984.979236 -0.399690717 -0.011439782 0.080185793 -0.007007672 0.092104785 0.050601866 0.994438052
1341847985.010633 -0.397463411 -0.010480506 0.083918691 -0.008054575 0.090464666 0.051410098 0.994539201
1341847985.046612 -0.400483638 -0.018131047 0.088563778 -0.013879920 0.094541423 0.051510364 0.994090497
1341847985.078667 -0.403843850 -0.019318774 0.095199384 -0.013867352 0.098922469 0.051782396 0.993650198
1341847985.110771 -0.404928476 -0.020792359 0.099989749 -0.014746835 0.101597287 0.053727046 0.993264258
1341847985.146824 -0.406191528 -0.023841798 0.105049297 -0.015654933 0.104288451 0.055319238 0.992883980
1341847985.178699 -0.407996476 -0.025040295 0.110332079 -0.015282116 0.107658073 0.056166857 0.992482483
1341847985.210840 -0.410355479 -0.029668339 0.115852654 -0.015100883 0.110619821 0.056357607 0.992148757
1341847985.246735 -0.410296559 -0.030241678 0.118122384 -0.013859727 0.112562843 0.056784112 0.991923928
1341847985.278902 -0.412813455 -0.032867163 0.123053692 -0.014331565 0.116474248 0.057030044 0.991451442
1341847985.314648 -0.415232718 -0.035830606 0.128896415 -0.012842235 0.120056376 0.056655191 0.991065919
1341847985.346842 -0.416812867 -0.035911586 0.131020874 -0.011097175 0.121650703 0.056825638 0.990882814
1341847985.378830 -0.417838603 -0.037288141 0.134609088 -0.012119167 0.122764409 0.056694705 0.990741014
1341847985.414650 -0.420333505 -0.042697489 0.140735924 -0.014385737 0.126455098 0.057281211 0.990212619
1341847985.446854 -0.422288060 -0.043078810 0.145306572 -0.012383017 0.129138678 0.057195690 0.989898205
1341847985.478685 -0.424816430 -0.044744801 0.148812562 -0.011978973 0.130900443 0.058609866 0.989589036
1341847985.514673 -0.425378472 -0.047695775 0.153265953 -0.013286051 0.132360369 0.059319474 0.989335835
1341847985.546814 -0.427054822 -0.050415158 0.158748969 -0.014223281 0.135684624 0.060029700 0.988829494
1341847985.582581 -0.429162741 -0.052393600 0.165016502 -0.013222423 0.138986394 0.060958646 0.988327861
1341847985.614773 -0.433515400 -0.055684362 0.171049386 -0.012158323 0.142408937 0.062269524 0.987772405
1341847985.647097 -0.435218930 -0.058418863 0.176419422 -0.010525855 0.144915774 0.064449333 0.987286627
1341847985.682842 -0.435938746 -0.058570724 0.180757493 -0.007082357 0.146768183 0.066448592 0.986911118
1341847985.714719 -0.439350903 -0.060704581 0.187971011 -0.003125901 0.149054185 0.069926322 0.986348510
1341847985.746954 -0.441349149 -0.064366437 0.190957949 -0.000517611 0.150256738 0.072363213 0.985995054
1341847985.782765 -0.440910935 -0.066131316 0.195118830 0.002680030 0.151453838 0.074198015 0.985671997
1341847985.814703 -0.446876884 -0.073154666 0.202915341 0.007311818 0.156394392 0.077279873 0.984639585
1341847985.850739 -0.450160593 -0.071760960 0.204960570 0.016088877 0.157634437 0.080333129 0.984093010
1341847985.882782 -0.451561689 -0.073331550 0.205003440 0.015587094 0.157263324 0.084104858 0.983845353
1341847985.914968 -0.453711867 -0.080158815 0.209467858 0.009977327 0.160590813 0.085600764 0.983251512
1341847985.950751 -0.457409590 -0.083855107 0.216354430 0.009528943 0.166677997 0.086144879 0.982194841
1341847985.982712 -0.459553778 -0.084289119 0.220651031 0.011087341 0.171490073 0.085931852 0.981368423
1341847986.018756 -0.461648971 -0.085514955 0.224757269 0.012399671 0.174166650 0.088068254 0.980691731
1341847986.051991 -0.462665468 -0.086284168 0.228754029 0.012712104 0.175208718 0.091068760 0.980227947
1341847986.082612 -0.465533853 -0.090560228 0.233633727 0.011637706 0.177512243 0.092394046 0.979702652
1341847986.118719 -0.466448516 -0.094347119 0.236816302 0.009495741 0.180271685 0.092085935 0.979250789
1341847986.150636 -0.467971951 -0.096269339 0.240969881 0.006969409 0.184919119 0.092807628 0.978336871
1341847986.182648 -0.469041020 -0.099539362 0.247368172 0.006066732 0.189224601 0.093229078 0.977479219
1341847986.218674 -0.470164835 -0.101333216 0.251011252 0.008176583 0.191881806 0.093632393 0.976907134
1341847986.250584 -0.471408427 -0.103986658 0.255251765 0.009382733 0.194723785 0.095848434 0.976118684
1341847986.286733 -0.472445190 -0.109323248 0.260996044 0.009109941 0.198273540 0.096991755 0.975293398
1341847986.326156 -0.472096652 -0.112383984 0.265040308 0.011069396 0.201046482 0.097939223 0.974610507
1341847986.359210 -0.473109782 -0.113132559 0.269343823 0.014308657 0.204253256 0.099966191 0.973695338
1341847986.394467 -0.473474026 -0.115706459 0.272827953 0.014047056 0.206663668 0.101664692 0.973014414
1341847986.425858 -0.475507796 -0.119376481 0.278608531 0.013425825 0.210726768 0.103351124 0.971973538
1341847986.457691 -0.475730121 -0.121426016 0.283124417 0.012799564 0.213924125 0.104493782 0.971161008
1341847986.493735 -0.476067066 -0.122018330 0.288776577 0.012984208 0.216827318 0.105650112 0.970389307
1341847986.525772 -0.476683229 -0.125984102 0.294105262 0.012785966 0.218959749 0.106869183 0.969779432
1341847986.561706 -0.477813721 -0.128965721 0.298473001 0.011205745 0.221380308 0.107477285 0.969182014
1341847986.593712 -0.477993786 -0.132208064 0.304285854 0.009135148 0.224898919 0.107587896 0.968381047
1341847986.625740 -0.479560465 -0.134244114 0.311918318 0.011008470 0.229374334 0.108470321 0.967212677
1341847986.661920 -0.479448289 -0.134302348 0.314894080 0.013164088 0.230417520 0.110834248 0.966669619
1341847986.693739 -0.480403781 -0.136130989 0.320640415 0.013552830 0.231839120 0.115181476 0.965815783
1341847986.725896 -0.481270432 -0.138820067 0.324740440 0.013818296 0.232066795 0.120449677 0.965114415
1341847986.762616 -0.480895817 -0.141778305 0.327697277 0.011870082 0.231656194 0.123928420 0.964798510
1341847986.793794 -0.481796563 -0.146340862 0.332810253 0.006818589 0.234356284 0.126282960 0.963889599
1341847986.829823 -0.481945872 -0.145944342 0.338907212 0.006292131 0.237332866 0.128472254 0.962875068
1341847986.861756 -0.482088149 -0.146385595 0.342375219 0.006680394 0.238306835 0.130524024 0.962355793
1341847986.886746 -0.482850164 -0.148188218 0.347011685 0.005000649 0.238389552 0.133852169 0.961888194
1341847986.922699 -0.483698189 -0.150006130 0.352133751 0.003143810 0.239210159 0.137582898 0.961165726
1341847986.954690 -0.484354079 -0.153936967 0.357648939 -0.000020621 0.241255775 0.138291165 0.960557759
1341847986.990631 -0.485528857 -0.156062990 0.363755435 -0.001461957 0.244511679 0.139343619 0.959580779
1341847987.022895 -0.486104339 -0.157318249 0.368100047 -0.001235791 0.246605858 0.142077804 0.958643794
1341847987.054629 -0.485971749 -0.157218412 0.370322973 -0.002017494 0.246430561 0.144454792 0.958332241
1341847987.091223 -0.486257285 -0.159733295 0.374829412 -0.004510665 0.247575685 0.145917371 0.957806885
1341847987.123199 -0.486586988 -0.164582998 0.380120337 -0.007970461 0.251485646 0.144885823 0.956921875
1341847987.154654 -0.487029254 -0.166712597 0.382333994 -0.010240860 0.255799145 0.142776385 0.956073642
1341847987.190716 -0.487690836 -0.166156262 0.388401657 -0.011135741 0.261464864 0.142840222 0.954520226
1341847987.222678 -0.489227921 -0.166243017 0.393564910 -0.011254246 0.265230328 0.144679368 0.953202009
1341847987.259261 -0.489847332 -0.168367416 0.397554040 -0.013037209 0.268140852 0.146015912 0.952160656
1341847987.290653 -0.489870310 -0.171993613 0.401301235 -0.015586787 0.272831261 0.145016834 0.950941741
1341847987.322780 -0.491567671 -0.172381550 0.405746669 -0.014770959 0.279703915 0.143877879 0.949129403
1341847987.358780 -0.492551982 -0.174144819 0.411427170 -0.014000610 0.285995632 0.141129836 0.947677612
1341847987.390720 -0.493484110 -0.176454470 0.415671945 -0.011601365 0.291982681 0.138330549 0.946296036
1341847987.422820 -0.495946407 -0.176309317 0.419922799 -0.007898124 0.298724622 0.137421280 0.944360435
1341847987.458620 -0.498079896 -0.176457942 0.427139640 -0.004486792 0.305626124 0.137391180 0.942176282
1341847987.490754 -0.499993145 -0.175054908 0.431555003 0.002607944 0.309075385 0.139179870 0.940794647
1341847987.526761 -0.502622128 -0.173197225 0.430061042 0.004420793 0.310072064 0.142287239 0.939994752
1341847987.558679 -0.503650606 -0.175871015 0.437633067 0.002659593 0.315768272 0.143625215 0.937899292
1341847987.590776 -0.505880415 -0.173299655 0.442047030 0.009384407 0.320617020 0.146211520 0.935809195
1341847987.626925 -0.508188963 -0.172041252 0.443379283 0.011916683 0.322449833 0.150206253 0.934517086
1341847987.658922 -0.509540319 -0.172020853 0.448880851 0.011576233 0.324943751 0.152881458 0.933222771
1341847987.691638 -0.511542380 -0.170730218 0.453035504 0.012878570 0.326866329 0.155164361 0.932156980
1341847987.726721 -0.514291584 -0.171463668 0.460152566 0.013397567 0.328547239 0.157249749 0.931208730
1341847987.758741 -0.516028225 -0.171327323 0.462119788 0.014698977 0.328547955 0.161299318 0.930495977
1341847987.794708 -0.518014312 -0.170760557 0.467090130 0.015669141 0.329168379 0.164750844 0.929655731
1341847987.826748 -0.519415796 -0.171297848 0.471586138 0.016621374 0.328885466 0.168185666 0.929124117
1341847987.865879 -0.521540880 -0.172607586 0.476897597 0.016002480 0.329178303 0.170025930 0.928696275
1341847987.897796 -0.523528457 -0.172063112 0.480788171 0.018417459 0.329252243 0.172007591 0.928260267
1341847987.933722 -0.525250494 -0.174372241 0.486195982 0.018846620 0.328926980 0.172614142 0.928254366
1341847987.965806 -0.527223885 -0.175717056 0.490336716 0.020292293 0.329669356 0.169917285 0.928458095
1341847987.997794 -0.529765368 -0.176321432 0.492827207 0.021897616 0.330420494 0.167927667 0.928516567
1341847988.033757 -0.531165719 -0.178990439 0.497977883 0.021518879 0.332564950 0.164353460 0.928399384
1341847988.065746 -0.532826543 -0.179842666 0.502578557 0.024785025 0.333861083 0.160986468 0.928442717
1341847988.098165 -0.535105169 -0.179921120 0.504345238 0.027646689 0.334176570 0.156490415 0.929016888
1341847988.133763 -0.536326647 -0.181354225 0.507948875 0.028051388 0.336918592 0.152769625 0.928633630
1341847988.165801 -0.539525330 -0.179191560 0.510861397 0.032952048 0.338267088 0.153361544 0.927884579
1341847988.201710 -0.542024374 -0.178401545 0.513262451 0.032985065 0.336807072 0.156681493 0.927859843
1341847988.233777 -0.542136133 -0.181227714 0.516573489 0.028665420 0.335876673 0.158931866 0.927957892
1341847988.265702 -0.542275608 -0.182960570 0.521404028 0.027590375 0.338237226 0.158389166 0.927225530
1341847988.301776 -0.543753803 -0.181154430 0.523625731 0.029830147 0.339023620 0.160190985 0.926559210
1341847988.333739 -0.544901967 -0.180177301 0.526833236 0.028853761 0.339045197 0.163880095 0.925936878
1341847988.369715 -0.545018256 -0.181981146 0.530736446 0.026537973 0.339966863 0.166060105 0.925279617
1341847988.401745 -0.546390653 -0.180212513 0.534355521 0.029319683 0.340640455 0.169777170 0.924272776
1341847988.433996 -0.546975851 -0.181030318 0.537371814 0.028642740 0.339947701 0.173018932 0.923947811
1341847988.469742 -0.547691405 -0.183279753 0.540993750 0.027809428 0.342489332 0.171884701 0.923246086
1341847988.502496 -0.549431026 -0.181784675 0.541066825 0.029893061 0.344446808 0.172500953 0.922337413
1341847988.537778 -0.551671922 -0.179171085 0.543340266 0.031728264 0.345187426 0.177067176 0.921133101
1341847988.569700 -0.553172648 -0.179333344 0.545603275 0.029799568 0.343868256 0.179317638 0.921255529
1341847988.601796 -0.554650247 -0.181585699 0.546757936 0.025151014 0.344813257 0.178120285 0.921273291
1341847988.637768 -0.555870235 -0.181337431 0.549501598 0.022409569 0.347503960 0.176286504 0.920685530
1341847988.669807 -0.557698369 -0.180716380 0.551816583 0.021545077 0.349553913 0.175272748 0.920123518
1341847988.706192 -0.560099781 -0.180861130 0.552713871 0.019953171 0.350842327 0.175302401 0.919663310
1341847988.737940 -0.561954081 -0.180985153 0.554825604 0.020088244 0.352658391 0.177845672 0.918476701
1341847988.769740 -0.564341664 -0.181716383 0.556982398 0.020651298 0.353497744 0.181449413 0.917436063
1341847988.806051 -0.566283345 -0.183464974 0.557530403 0.020526962 0.353323877 0.183684036 0.917061090
1341847988.837897 -0.568887174 -0.184571370 0.556941628 0.019064264 0.354291290 0.185097262 0.916435063
1341847988.873917 -0.571232259 -0.186684608 0.559410810 0.015881764 0.357841998 0.185282975 0.915077627
1341847988.937824 -0.577359676 -0.187664524 0.560956776 0.015548008 0.361645967 0.187947035 0.913042367
1341847988.966828 -0.580941319 -0.188649043 0.561848104 0.014083630 0.363340765 0.190781891 0.911804438
1341847988.998737 -0.584128380 -0.189545095 0.563224852 0.013852506 0.364203364 0.193337545 0.910925150
1341847989.034678 -0.588407099 -0.189900279 0.562923729 0.012943570 0.363731325 0.195822686 0.910596251
1341847989.066658 -0.591024339 -0.193838507 0.566175938 0.008210743 0.365856349 0.195068046 0.909961641
1341847989.098821 -0.594099045 -0.195553377 0.569067240 0.009622061 0.367451847 0.193661720 0.909605265
1341847989.134676 -0.599076986 -0.197380349 0.568990469 0.013399793 0.366707444 0.195028663 0.909565747
1341847989.166672 -0.602137089 -0.199138671 0.570611298 0.015930546 0.366518945 0.195880339 0.909417927
1341847989.202743 -0.607659459 -0.200116247 0.571202517 0.020175779 0.365197182 0.196869597 0.909651756
1341847989.234728 -0.612095118 -0.202224463 0.571395397 0.022162067 0.362522423 0.197014749 0.910643458
1341847989.266651 -0.615846157 -0.205157802 0.572627783 0.022045154 0.361273944 0.195405990 0.911488712
1341847989.302773 -0.620939851 -0.207599655 0.572668195 0.020259628 0.359997153 0.190409064 0.913091421
1341847989.334871 -0.625432312 -0.209151328 0.572811186 0.018721048 0.358397752 0.186327413 0.914594293
1341847989.366685 -0.629124641 -0.211891055 0.573504448 0.014199184 0.358015656 0.180691302 0.915955126
1341847989.402777 -0.632098079 -0.214616865 0.575146556 0.010367937 0.359812945 0.175323501 0.916345358
1341847989.434824 -0.636479378 -0.216512397 0.575765193 0.011767213 0.360407770 0.171920329 0.916739404
1341847989.470712 -0.641232491 -0.217074156 0.574049592 0.011534614 0.359662116 0.169865891 0.917417943
1341847989.502614 -0.644236863 -0.218811616 0.574630916 0.009269901 0.360544801 0.170293748 0.917017758
1341847989.534687 -0.648001790 -0.219980553 0.575741947 0.010699862 0.360514045 0.171843007 0.916725218
1341847989.570705 -0.651147783 -0.222371385 0.574803710 0.009268532 0.359688640 0.171917975 0.917050898
1341847989.602804 -0.652934790 -0.225668147 0.576853275 0.005772028 0.362392485 0.170824051 0.916219175
1341847989.634745 -0.656403780 -0.227408171 0.576838255 0.006585405 0.366093427 0.167239308 0.915403306
1341847989.670627 -0.660927355 -0.226615071 0.575917482 0.007906672 0.368403167 0.166995719 0.914510250
1341847989.702606 -0.664113641 -0.228052676 0.577044308 0.006266156 0.369839758 0.167427823 0.913863897
1341847989.738929 -0.667189777 -0.229618102 0.578114331 0.005237308 0.372377902 0.165876359 0.913122237
1341847989.770735 -0.671480119 -0.229520977 0.577923715 0.004797592 0.374467611 0.166133508 0.912222922
1341847989.802890 -0.675099671 -0.230993316 0.578895092 0.002731781 0.376020551 0.166504338 0.911524773
1341847989.838780 -0.678841352 -0.231239453 0.579545021 0.003051355 0.377378434 0.167817637 0.910721362
1341847989.870960 -0.682459652 -0.234131590 0.581482768 0.001988032 0.380435169 0.166097537 0.909767389
1341847989.902718 -0.688485086 -0.233485565 0.580710649 0.005090366 0.382282168 0.166198596 0.908962309
1341847989.938921 -0.693479240 -0.233542249 0.581465721 0.007077306 0.381804943 0.169974193 0.908451200
1341847989.970730 -0.698845088 -0.236265898 0.581774652 0.007171209 0.380762279 0.171375304 0.908624887
1341847990.006923 -0.703373432 -0.238270566 0.581051230 0.006351673 0.381983250 0.170270056 0.908326209
1341847990.039001 -0.708256125 -0.238255128 0.582054436 0.007042643 0.384126037 0.170014262 0.907464981
1341847990.070686 -0.714075625 -0.238917977 0.582819581 0.008292105 0.384548068 0.169367850 0.907396555
1341847990.106701 -0.719189048 -0.240505308 0.582350492 0.008086118 0.384778351 0.169291899 0.907314956
1341847990.139194 -0.723699152 -0.241342336 0.583166242 0.008760165 0.385792851 0.170349002 0.906679869
1341847990.171055 -0.728962660 -0.241285309 0.584261954 0.012291818 0.385373950 0.171468779 0.906605899
1341847990.207022 -0.734988451 -0.242947921 0.583876610 0.014236804 0.383420199 0.172676459 0.907176435
1341847990.238920 -0.739790201 -0.244011536 0.583125293 0.013909528 0.382302761 0.174181134 0.907365441
1341847990.274709 -0.744204938 -0.245241031 0.585179985 0.015296156 0.382298648 0.174991310 0.907188952
1341847990.306743 -0.749475300 -0.246683344 0.584914088 0.015166015 0.381436467 0.173729450 0.907796383
1341847990.339079 -0.754498422 -0.247731313 0.584813237 0.013763742 0.381430238 0.174048588 0.907760203
1341847990.374663 -0.758639514 -0.247096896 0.586954594 0.015288760 0.381608009 0.174150422 0.907641530
1341847990.406760 -0.764187276 -0.248111263 0.585390985 0.014295247 0.380198747 0.173757628 0.908324182
1341847990.442575 -0.768060029 -0.248476923 0.586609542 0.012210575 0.379981011 0.176344827 0.907947004
1341847990.474644 -0.770870090 -0.248846084 0.589038849 0.012481308 0.379923314 0.176573604 0.907923043
1341847990.506783 -0.775203943 -0.249735877 0.588537157 0.011480226 0.379957646 0.176011249 0.908031046
1341847990.542835 -0.779212177 -0.249696612 0.589446664 0.010555958 0.381222695 0.179418489 0.906844437
1341847990.574711 -0.782672584 -0.250173837 0.590958655 0.011349921 0.381205112 0.182630777 0.906200767
1341847990.606790 -0.784937978 -0.251163185 0.591410995 0.010640017 0.380930573 0.183353484 0.906178892
1341847990.642783 -0.788185894 -0.252050549 0.592453003 0.008739903 0.383360237 0.183791742 0.905085146
1341847990.674787 -0.792173862 -0.251531422 0.593400002 0.009508437 0.385333210 0.186492309 0.903686047
1341847990.710795 -0.796898544 -0.252185017 0.594540656 0.011269848 0.385746419 0.189744890 0.902812004
1341847990.742712 -0.800295234 -0.253016770 0.594602704 0.010623053 0.385274798 0.193809897 0.902157485
1341847990.774671 -0.802084327 -0.254799485 0.597111106 0.009693926 0.386217952 0.196907908 0.901093245
1341847990.810771 -0.804588675 -0.254895598 0.597800255 0.012166570 0.388146520 0.197689563 0.900062859
1341847990.842713 -0.808305800 -0.255092829 0.598154068 0.012281632 0.389642775 0.199086145 0.899106443
1341847990.874745 -0.810721636 -0.256194383 0.600186288 0.011224336 0.391444534 0.200429246 0.898038626
1341847990.910825 -0.813375115 -0.257728279 0.601551533 0.010534113 0.393651038 0.200609773 0.897041559
1341847990.942685 -0.816188931 -0.258621484 0.602063775 0.009095849 0.395807028 0.200557038 0.896119952
1341847990.978824 -0.818348706 -0.259913385 0.604642510 0.007715240 0.398859769 0.200525314 0.894785464
1341847991.010797 -0.820816576 -0.260994881 0.606844425 0.009011496 0.401013047 0.200524703 0.893810451
1341847991.042752 -0.823587775 -0.261832416 0.607118964 0.009546225 0.402489454 0.201672569 0.892882586
1341847991.078680 -0.825182796 -0.262895495 0.609200478 0.010237297 0.404306471 0.203648806 0.891604543
1341847991.111319 -0.827993274 -0.264599651 0.610918581 0.011603454 0.405739009 0.205348700 0.890546501
1341847991.142784 -0.830411732 -0.266586721 0.612834871 0.011059426 0.407339156 0.205691159 0.889743567
1341847991.178778 -0.833099008 -0.268131137 0.615604281 0.011059675 0.410128176 0.206630588 0.888243377
1341847991.210687 -0.835984945 -0.270130485 0.618423045 0.012511389 0.412510604 0.207361236 0.886949658
1341847991.246842 -0.839260042 -0.271382183 0.620393276 0.012825573 0.414130539 0.206539094 0.886381984
1341847991.278726 -0.841629982 -0.273208022 0.624098301 0.012829468 0.417032301 0.207494289 0.884796917
1341847991.310807 -0.845335960 -0.273129463 0.625650406 0.016527113 0.418597937 0.209173724 0.883600056
1341847991.346722 -0.850452185 -0.273571521 0.627504468 0.020273004 0.417236567 0.213818848 0.883053899
1341847991.378800 -0.852903605 -0.274336606 0.629438281 0.020311201 0.414681375 0.220293045 0.882665157
1341847991.414715 -0.854493737 -0.277057171 0.633595169 0.017410511 0.415795952 0.224005073 0.881267428
1341847991.446744 -0.856770098 -0.278687119 0.636283338 0.014997593 0.418160141 0.224235877 0.880133748
1341847991.478824 -0.858966351 -0.280777961 0.639084041 0.012595328 0.421390921 0.225126311 0.878401518
1341847991.514709 -0.861626565 -0.281531692 0.641813576 0.012376489 0.424030870 0.227177635 0.876604199
1341847991.546725 -0.864332199 -0.282601714 0.644070625 0.013274262 0.425813049 0.230500713 0.874857962
1341847991.578804 -0.865946293 -0.283707440 0.645126820 0.013734045 0.426761240 0.235502988 0.873054683
1341847991.614853 -0.867218792 -0.285641164 0.647607565 0.014109213 0.429374993 0.239931598 0.870557845
1341847991.646714 -0.867724955 -0.288487792 0.649866045 0.014625031 0.433634818 0.244019687 0.867295444
1341847991.689872 -0.868022740 -0.290296584 0.650782347 0.014821070 0.438460201 0.246172264 0.864252448
1341847991.714700 -0.870888293 -0.291113019 0.651148856 0.016311567 0.442830086 0.247142896 0.861716866
1341847991.746823 -0.872980475 -0.292339057 0.651676297 0.016995408 0.445192873 0.250092745 0.859632552
1341847991.782657 -0.873906732 -0.295314997 0.653792918 0.015113224 0.448344201 0.253102422 0.857145429
1341847991.814748 -0.873454511 -0.297150016 0.654954553 0.014038017 0.451368183 0.253467381 0.855467141
1341847991.846729 -0.874469161 -0.299537003 0.656478882 0.014033058 0.455935627 0.251820862 0.853529155
1341847991.882784 -0.877808928 -0.299803138 0.657604814 0.015062669 0.459906131 0.252481312 0.851183057
1341847991.915817 -0.879527450 -0.301305890 0.659693003 0.016006283 0.461785465 0.254683077 0.849490762
1341847991.950761 -0.880480766 -0.304344118 0.661419988 0.014946784 0.463511556 0.254275173 0.848691821
1341847991.982826 -0.881570578 -0.306345910 0.662961423 0.013509757 0.466400981 0.252918333 0.847537577
1341847992.014724 -0.883426309 -0.308345646 0.665783048 0.012820222 0.470713884 0.252165854 0.845385373
1341847992.050647 -0.887036204 -0.309679836 0.667260289 0.012566753 0.472978234 0.251998246 0.844174445
1341847992.082793 -0.888309717 -0.312007636 0.670901299 0.011118762 0.474556059 0.251918018 0.843332767
1341847992.114842 -0.890650332 -0.314343691 0.672420740 0.010193142 0.476576805 0.251654893 0.842282891
1341847992.150789 -0.893400371 -0.315364391 0.675486386 0.011044493 0.479417592 0.252134532 0.840514719
1341847992.182813 -0.896423101 -0.317016244 0.678998709 0.011361569 0.481211573 0.253009111 0.839221537
1341847992.218736 -0.897750020 -0.318906367 0.681561112 0.011350039 0.482425392 0.254161507 0.838175893
1341847992.250652 -0.900374591 -0.321561992 0.683683872 0.010616119 0.485660344 0.253951758 0.836379051
1341847992.282910 -0.903325915 -0.322761923 0.686573565 0.010776419 0.489512056 0.254130334 0.834074080
1341847992.318683 -0.906589866 -0.324173510 0.689213634 0.012422957 0.492568463 0.255422175 0.831854224
1341847992.350695 -0.910028756 -0.326189607 0.692291319 0.012454135 0.495315909 0.256919682 0.829758584
1341847992.382858 -0.913205624 -0.327659011 0.695200086 0.013483655 0.497526705 0.259528875 0.827605069
1341847992.418855 -0.916115463 -0.329770207 0.696927130 0.014834489 0.499764383 0.262106597 0.825418472
1341847992.450822 -0.920330226 -0.331223160 0.699258685 0.015855391 0.502188444 0.263894916 0.823355794
1341847992.486713 -0.923602343 -0.333031237 0.702911973 0.016499773 0.504576504 0.267272174 0.820789814
1341847992.518735 -0.926459551 -0.335155845 0.705986023 0.017429741 0.506304145 0.269016564 0.819135129
1341847992.550596 -0.931440353 -0.336899996 0.708049297 0.018079666 0.508211911 0.269482613 0.817785323
1341847992.586730 -0.934973836 -0.338854134 0.711627960 0.016871514 0.509853423 0.270478398 0.816459596
1341847992.618832 -0.938569009 -0.340417325 0.713400185 0.016078688 0.510710537 0.271785825 0.815505207
1341847992.654692 -0.942911386 -0.341832340 0.716134787 0.016060572 0.511889577 0.273827970 0.814081907
1341847992.686829 -0.945327997 -0.343811035 0.720202565 0.015247166 0.513197839 0.274298400 0.813114941
1341847992.718718 -0.948123753 -0.346019983 0.722650409 0.015323974 0.515069604 0.273643374 0.812150121
1341847992.754765 -0.952713251 -0.347289026 0.725416183 0.016444869 0.516779065 0.274623334 0.810710192
1341847992.786631 -0.955705047 -0.348824948 0.728612900 0.016685516 0.516812742 0.275772691 0.810293555
1341847992.818723 -0.957542181 -0.351472646 0.731779635 0.014735211 0.518005788 0.275013834 0.809827328
1341847992.854856 -0.960707188 -0.352755100 0.733360529 0.012346682 0.519622982 0.274604380 0.808969676
1341847992.886610 -0.963091016 -0.353277624 0.737092376 0.011269011 0.521303177 0.276125073 0.807385266
1341847992.922713 -0.964013040 -0.355272472 0.740685463 0.010137504 0.522131383 0.277020782 0.806557834
1341847992.954645 -0.965195656 -0.357513428 0.743433595 0.008544193 0.523448408 0.277395308 0.805593312
1341847992.986720 -0.966413796 -0.358693302 0.747247934 0.009086242 0.525774360 0.278258681 0.803772926
1341847993.022736 -0.970176280 -0.359544694 0.749413311 0.010407298 0.526602864 0.279079586 0.802929401
1341847993.054757 -0.971113086 -0.361291528 0.752592206 0.009070330 0.527483702 0.280034751 0.802034378
1341847993.086751 -0.972907960 -0.363014221 0.755391657 0.007631006 0.528699100 0.279970556 0.801271141
1341847993.122668 -0.974517941 -0.363980114 0.758685589 0.005671431 0.530269921 0.279720932 0.800336003
1341847993.154688 -0.974979103 -0.365498424 0.762455881 0.003592925 0.532192051 0.279794931 0.799045324
1341847993.190779 -0.975347459 -0.367904544 0.765808463 0.002861426 0.534924686 0.279706955 0.797252357
1341847993.222703 -0.977572083 -0.368976504 0.769066691 0.006088597 0.537282705 0.281278491 0.795092821
1341847993.261799 -0.979546249 -0.371152580 0.772544980 0.008912799 0.538289189 0.283442587 0.793615460
1341847993.291547 -0.980068922 -0.373630792 0.775493860 0.010892384 0.539011359 0.285263896 0.792447209
1341847993.322794 -0.981257856 -0.375896156 0.778725266 0.012128626 0.541451633 0.285524428 0.790669858
1341847993.354702 -0.983620942 -0.377146244 0.782129049 0.013165384 0.543747723 0.286227465 0.788821161
1341847993.390722 -0.984038949 -0.379835606 0.785853744 0.012042237 0.546022236 0.286729664 0.787083685
1341847993.422745 -0.984686315 -0.381121159 0.789396703 0.011623671 0.548679948 0.287233919 0.785055339
1341847993.458848 -0.984957874 -0.382784128 0.794430137 0.012680797 0.551689267 0.288443804 0.782482147
1341847993.490680 -0.987072110 -0.384292543 0.798544705 0.014794021 0.553623259 0.290269673 0.780401111
1341847993.522707 -0.989400208 -0.385865808 0.801964521 0.016644016 0.554395854 0.293401599 0.778642237
1341847993.558719 -0.990944743 -0.387541592 0.806301951 0.017183255 0.554912627 0.297433764 0.776730239
1341847993.590981 -0.991995811 -0.389630198 0.811090231 0.016353490 0.555001080 0.300231844 0.775607646
1341847993.626764 -0.993429363 -0.391413748 0.814053297 0.014710891 0.554916024 0.302101910 0.774975002
1341847993.658928 -0.994996428 -0.392660439 0.820116162 0.012196782 0.555899203 0.304161161 0.773507118
1341847993.690739 -0.994815111 -0.395338237 0.824475646 0.007005681 0.555245578 0.306776822 0.773007929
1341847993.727062 -0.992814004 -0.398891389 0.828579128 0.002605614 0.556735933 0.306182653 0.772198498
1341847993.758693 -0.993068159 -0.400545478 0.832251728 0.000267154 0.560480475 0.304524511 0.770146966
1341847993.790887 -0.995345235 -0.402125627 0.835715711 -0.000147636 0.562782347 0.304837883 0.768342316
1341847993.826735 -0.996336043 -0.403974593 0.840287328 0.000109134 0.563157976 0.305938900 0.767629147
1341847993.858891 -0.997184515 -0.406629920 0.843456924 -0.001619374 0.563553333 0.306488842 0.767117679
1341847993.901726 -0.996353269 -0.408766359 0.847323895 -0.004394226 0.565026939 0.306492329 0.766020656
1341847993.933661 -0.996369600 -0.411903441 0.851043165 -0.004303772 0.566634178 0.306700170 0.764749765
1341847993.965821 -0.998761475 -0.414216220 0.852507591 -0.005617058 0.567174435 0.305992156 0.764624357
1341847994.001991 -0.997017622 -0.417790830 0.856329978 -0.009799657 0.570581317 0.305451989 0.762259781
1341847994.034008 -0.996001363 -0.419937670 0.859116554 -0.007800933 0.573858023 0.304715693 0.760114729
1341847994.065706 -0.999277949 -0.421986282 0.861492097 -0.005813402 0.575635731 0.304596186 0.758835196
1341847994.101772 -0.998732686 -0.424565762 0.864451468 -0.005903829 0.577615857 0.305950940 0.756782115
1341847994.133885 -0.998213708 -0.427818984 0.867316961 -0.005127019 0.580256104 0.304897696 0.755191386
1341847994.169705 -1.000981450 -0.428783387 0.869121313 -0.001431284 0.582419872 0.304625273 0.753650069
1341847994.201675 -1.002447486 -0.430375874 0.872087955 0.000567631 0.584181368 0.306847334 0.751383066
1341847994.233618 -0.999923408 -0.434935123 0.876315951 0.002884133 0.586247146 0.308446825 0.749110460
1341847994.269680 -1.004642725 -0.437133163 0.877932489 0.006609374 0.588425577 0.307777911 0.747652590
1341847994.301751 -1.006497145 -0.439144135 0.881148696 0.006257316 0.590736628 0.308180690 0.745664656
1341847994.333755 -1.005627990 -0.442451537 0.885380983 0.007251137 0.593646109 0.308039427 0.743399918
1341847994.369712 -1.009417534 -0.444571435 0.888172507 0.010431225 0.595842123 0.307638973 0.741769254
1341847994.401655 -1.010904551 -0.447583467 0.892507136 0.011557990 0.597851098 0.308221042 0.739892006
1341847994.433802 -1.012294412 -0.450899512 0.896957278 0.014307734 0.599436641 0.309861451 0.737873256
1341847994.469690 -1.015329599 -0.453714669 0.901065946 0.016918752 0.600676775 0.310487509 0.736545026
1341847994.501736 -1.017906189 -0.456636637 0.905165374 0.017757067 0.601890087 0.311984271 0.734900475
1341847994.537738 -1.019005775 -0.459000200 0.909820795 0.019424446 0.603660703 0.313033342 0.732957423
1341847994.569734 -1.023063540 -0.461093664 0.913154840 0.021771893 0.604657710 0.315163434 0.731154621
1341847994.601688 -1.025375605 -0.463155925 0.917676806 0.020730479 0.606156826 0.317439020 0.728955865
1341847994.637836 -1.025944471 -0.465977967 0.922778428 0.019718423 0.607770860 0.319752932 0.726624966
1341847994.669750 -1.028218150 -0.468734235 0.926754713 0.019977273 0.608749151 0.320741922 0.725361943
1341847994.701643 -1.030852079 -0.470188171 0.930991173 0.018387219 0.609646261 0.322391659 0.723917782
1341847994.769803 -1.031811476 -0.474562585 0.940002918 0.016945574 0.614279985 0.323337853 0.719600976
1341847994.798790 -1.036219001 -0.475177854 0.943023682 0.016658492 0.616830230 0.324238122 0.717016459
1341847994.831306 -1.038344979 -0.477258891 0.948914170 0.011734433 0.618612528 0.329183161 0.713315666
1341847994.866828 -1.037793875 -0.479583502 0.953665853 0.009392701 0.618733644 0.331706345 0.712075412
1341847994.898727 -1.039211154 -0.481703788 0.957028568 0.008750374 0.619021177 0.334241390 0.710646808
1341847994.930711 -1.040367007 -0.482730150 0.960612535 0.005639097 0.620501757 0.334431082 0.709296584
1341847994.966673 -1.039230704 -0.484891415 0.964398205 0.003457306 0.622804880 0.335648030 0.706712484
1341847994.998679 -1.039755702 -0.486609697 0.967407942 0.004827985 0.625101507 0.337225914 0.703920066
1341847995.030768 -1.041861296 -0.487674057 0.970854342 0.005104899 0.627740026 0.339667290 0.700387418
1341847995.066673 -1.039767027 -0.489900976 0.974162698 0.005021235 0.630182147 0.341813266 0.697143435
1341847995.098711 -1.040182829 -0.491468221 0.976814866 0.006902029 0.633629918 0.341842830 0.693980515
1341847995.134939 -1.042539358 -0.492726535 0.979684711 0.007398677 0.637156665 0.342851877 0.690238535
1341847995.166644 -1.040679574 -0.495006561 0.983604252 0.007771799 0.639957607 0.343678564 0.687225461
1341847995.198787 -1.042521954 -0.496570021 0.986542702 0.009741586 0.642778814 0.342791647 0.685006857
1341847995.234663 -1.044084430 -0.498367935 0.989012003 0.009845601 0.644860864 0.343576998 0.682650983
1341847995.266776 -1.042885303 -0.500364304 0.992525578 0.010236439 0.646505892 0.344790697 0.680473924
1341847995.298812 -1.042461991 -0.502737164 0.995454907 0.012873212 0.648999035 0.345423311 0.677729487
1341847995.334686 -1.045753598 -0.503831148 0.997534931 0.013298095 0.650174797 0.345778674 0.676411867
1341847995.366701 -1.044245005 -0.505685091 1.000929475 0.011365757 0.651918352 0.346386373 0.674455166
1341847995.402793 -1.045117378 -0.507455349 1.004885554 0.011780078 0.653897405 0.346016616 0.672719777
1341847995.434743 -1.045482874 -0.509293437 1.007555127 0.010432784 0.654411614 0.346251726 0.672120810
1341847995.466776 -1.044157267 -0.511281252 1.010752559 0.009418067 0.655949771 0.346647114 0.670430422
1341847995.502702 -1.043324113 -0.513556480 1.014539361 0.010826644 0.657192230 0.346948892 0.669034839
1341847995.534752 -1.044018149 -0.514810383 1.018625736 0.014282802 0.656796575 0.348236650 0.668689370
1341847995.566681 -1.045364499 -0.516277969 1.021890163 0.017837189 0.655650616 0.353197366 0.667124987
1341847995.602698 -1.044870853 -0.517815471 1.026105404 0.018580280 0.654095352 0.357438117 0.666372240
1341847995.634814 -1.044450998 -0.519055247 1.028100491 0.017712269 0.653027713 0.360030323 0.666047454
1341847995.670769 -1.043960690 -0.519986987 1.030853271 0.015940355 0.653510332 0.362183124 0.664449811
1341847995.702780 -1.042817116 -0.521061242 1.033689022 0.014239008 0.654192328 0.365770429 0.661847115
1341847995.734774 -1.040107250 -0.522972941 1.037496567 0.013331623 0.654821575 0.367924839 0.660047233
1341847995.770704 -1.039814711 -0.524199724 1.040499806 0.013427207 0.655437648 0.368693203 0.659004152
1341847995.802752 -1.038738012 -0.524873853 1.043263435 0.013132012 0.656343102 0.370644033 0.657011628
1341847995.838779 -1.037280798 -0.526419640 1.045408726 0.012798806 0.657026291 0.371024877 0.656119764
1341847995.870641 -1.038168550 -0.527323604 1.047729373 0.013669649 0.658018827 0.370445430 0.655434608
1341847995.902803 -1.039252162 -0.528741360 1.049694777 0.011492163 0.659437418 0.370766371 0.653867364
1341847995.938733 -1.035739303 -0.529220104 1.052164912 0.010534388 0.661154270 0.371578157 0.651685357
1341847995.970733 -1.036687374 -0.530804873 1.053225875 0.011861906 0.663163900 0.371685088 0.649556100
1341847996.002709 -1.037951231 -0.532034934 1.054703355 0.010010556 0.665165663 0.371468931 0.647661388
1341847996.038762 -1.035541058 -0.532721758 1.056441903 0.009387748 0.667273939 0.371690094 0.645371079
1341847996.070721 -1.034732580 -0.534355164 1.057408929 0.011367447 0.669277728 0.371527165 0.643355012
1341847996.106729 -1.037791252 -0.535476685 1.058106780 0.011967390 0.670847952 0.370376438 0.642371416
1341847996.138845 -1.036028385 -0.536402106 1.058113575 0.011630347 0.672645926 0.371184379 0.640026748
1341847996.170714 -1.035127401 -0.537437797 1.060304999 0.013777444 0.676385462 0.369981229 0.636731267
1341847996.206643 -1.038207412 -0.538420081 1.061417222 0.013698358 0.678807318 0.367731988 0.635457337
1341847996.239003 -1.038190961 -0.539479077 1.062554955 0.012636107 0.680505216 0.368632913 0.633137167
1341847996.270754 -1.037824512 -0.540104568 1.064214587 0.013434516 0.681832850 0.370294154 0.630718350
1341847996.306636 -1.038169026 -0.541140676 1.066558838 0.014276678 0.683085203 0.371093154 0.628872514
1341847996.338944 -1.039094448 -0.542329729 1.067067504 0.013785475 0.684351623 0.371711731 0.627138913
1341847996.374711 -1.039730549 -0.543426633 1.067580938 0.013246862 0.685840487 0.372853011 0.624842286
1341847996.406705 -1.038365722 -0.544330120 1.071898818 0.014747384 0.688983083 0.373775899 0.620786905
1341847996.438632 -1.040795565 -0.545081437 1.072940350 0.016036339 0.690437138 0.374700844 0.618577898
1341847996.474783 -1.040305376 -0.546287000 1.074942708 0.015969766 0.691771567 0.375880033 0.616369367
1341847996.506707 -1.039184213 -0.547802329 1.076785207 0.018402506 0.693208098 0.376705974 0.614179492
1341847996.538771 -1.042088151 -0.549085855 1.079366922 0.020047881 0.694965661 0.376370430 0.612344861
1341847996.574796 -1.043511152 -0.549561381 1.082830548 0.018833086 0.695793450 0.377440631 0.610782623
1341847996.607104 -1.042337775 -0.551116347 1.085445285 0.018975053 0.696779847 0.378820032 0.608796537
1341847996.642752 -1.046418428 -0.551897883 1.088328004 0.019276239 0.697257042 0.380261868 0.607340038
1341847996.674774 -1.045040250 -0.551674724 1.092930555 0.015768385 0.697672129 0.382392228 0.605624616
1341847996.706896 -1.045070767 -0.552609444 1.094349146 0.013888587 0.699249327 0.383330762 0.603253722
1341847996.742663 -1.047711015 -0.553906441 1.096946478 0.009164606 0.702369452 0.383429289 0.599645913
1341847996.774747 -1.046520114 -0.554183006 1.100879908 0.005296075 0.704540730 0.384774238 0.596274376
1341847996.806787 -1.046949267 -0.555586100 1.104301095 0.006034498 0.706338227 0.386997968 0.592690885
1341847996.842763 -1.048998952 -0.556638718 1.107981324 0.006360690 0.707619846 0.388391376 0.590242207
1341847996.874766 -1.048147678 -0.558136702 1.111860871 0.006519014 0.708059490 0.390323788 0.588435709
1341847996.910785 -1.048381925 -0.560554385 1.115346909 0.008783690 0.708605766 0.391193777 0.587169588
1341847996.942686 -1.049432516 -0.562929869 1.120153189 0.010754928 0.709164917 0.392224193 0.585772634
1341847996.974782 -1.049111366 -0.565090895 1.123579502 0.012338016 0.709561169 0.392360508 0.585169911
1341847997.010744 -1.051763415 -0.567502558 1.127791405 0.014681034 0.710824609 0.391366005 0.584247768
1341847997.042675 -1.053445816 -0.569783151 1.132800817 0.015264038 0.711438477 0.390961558 0.583756208
1341847997.078725 -1.054492950 -0.572263360 1.137018204 0.016504392 0.711866140 0.390445322 0.583546638
1341847997.110693 -1.056130767 -0.573536932 1.141658902 0.016954789 0.712347627 0.389653504 0.583475351
1341847997.142993 -1.055077076 -0.576590359 1.145333171 0.015045577 0.712734282 0.389005214 0.583488107
1341847997.178794 -1.055991054 -0.578573465 1.149592876 0.015235700 0.713059247 0.386984289 0.584429264
1341847997.210888 -1.057862401 -0.580465436 1.153583646 0.014727066 0.713230789 0.385894567 0.584953189
1341847997.242959 -1.057709932 -0.582018018 1.157896399 0.013352023 0.713486552 0.385818481 0.584724486
1341847997.278756 -1.058460355 -0.584296584 1.161244750 0.012889706 0.713153780 0.386928797 0.584407032
1341847997.311412 -1.058175564 -0.585455418 1.165402174 0.011825082 0.713574231 0.386942238 0.583907247
1341847997.346642 -1.056360126 -0.587979019 1.167499065 0.010894457 0.714772999 0.387343645 0.582190514
1341847997.378668 -1.057109594 -0.590653181 1.170532584 0.010909439 0.716975391 0.386661887 0.579930842
1341847997.410817 -1.055820227 -0.592759848 1.173767447 0.010551004 0.718872309 0.386693329 0.577563524
1341847997.446693 -1.053520679 -0.595407605 1.176021695 0.011205449 0.720932186 0.385382354 0.575857282
1341847997.478752 -1.054962993 -0.597137570 1.179698944 0.012429103 0.724290550 0.383516133 0.572856069
1341847997.510941 -1.054553509 -0.598903179 1.183215618 0.011846656 0.726716697 0.383611351 0.569723368
1341847997.546599 -1.051811457 -0.601724029 1.185226917 0.011634512 0.728169978 0.383693367 0.567813754
1341847997.578740 -1.051007032 -0.604755521 1.188906550 0.010779948 0.730652750 0.382181853 0.565656602
1341847997.614736 -1.049456596 -0.607088745 1.191370010 0.009403834 0.733174264 0.381157577 0.563103974
1341847997.646995 -1.045977831 -0.610175371 1.195841193 0.008712314 0.735868871 0.380050242 0.560341775
1341847997.678842 -1.044096470 -0.613223910 1.199806452 0.010752415 0.737021923 0.378935516 0.559545219
1341847997.714639 -1.042740107 -0.614961147 1.203312039 0.011837577 0.738174140 0.377486795 0.558983445
1341847997.746602 -1.040227652 -0.617465198 1.207137823 0.012254113 0.740735829 0.376021832 0.556567907
1341847997.778734 -1.038794518 -0.620541692 1.211614370 0.013715873 0.743277311 0.374077201 0.554451942
1341847997.814628 -1.037625551 -0.622999787 1.216607213 0.014949584 0.744791865 0.372954309 0.553142488
1341847997.846906 -1.036693931 -0.626143098 1.221003890 0.017194627 0.745748997 0.373545319 0.551386118
1341847997.882641 -1.035279036 -0.628681898 1.224969506 0.018838342 0.746548951 0.375955433 0.548604786
1341847997.915169 -1.031811237 -0.630861759 1.229175448 0.020305444 0.747122407 0.378217012 0.546212316
1341847997.946999 -1.029858708 -0.632421851 1.233016729 0.022631373 0.747322381 0.380293250 0.544402599
1341847997.982715 -1.026952386 -0.635866165 1.236046910 0.023371831 0.746923387 0.382659793 0.543259382
1341847998.014866 -1.024179220 -0.638269722 1.240398288 0.024500631 0.747738004 0.383133054 0.541753352
1341847998.050805 -1.022352934 -0.640458584 1.244290829 0.025579588 0.748225212 0.383669645 0.540650010
1341847998.082631 -1.021134853 -0.644077301 1.249087811 0.027067985 0.747598171 0.384874493 0.540588558
1341847998.122275 -1.019040346 -0.646113157 1.253389478 0.028979696 0.745567918 0.387486368 0.541426897
1341847998.154051 -1.017244816 -0.647545099 1.256807208 0.028322961 0.744859397 0.388366938 0.541805744
1341847998.185663 -1.015379667 -0.649794340 1.260653138 0.026410328 0.744274199 0.387943804 0.543008268
1341847998.253760 -1.011610746 -0.654645443 1.267117977 0.023294702 0.743701935 0.387848765 0.544001997
1341847998.283062 -1.007686138 -0.656721234 1.270762563 0.022069294 0.743309021 0.386667639 0.545428991
1341847998.318804 -1.007574558 -0.659883618 1.274818897 0.022492768 0.742881119 0.385949224 0.546502531
1341847998.351206 -1.006369114 -0.661692977 1.279353261 0.021377528 0.742056787 0.386237413 0.547462821
1341847998.382723 -1.003862858 -0.664795101 1.282950044 0.020099044 0.740456879 0.386473775 0.549506843
1341847998.419237 -1.002801180 -0.664852321 1.287024260 0.018319884 0.740294516 0.384250164 0.551343977
1341847998.450786 -1.001311183 -0.668016553 1.291499376 0.014403554 0.739924133 0.383726746 0.552321136
1341847998.484037 -0.999649167 -0.670096755 1.296674252 0.013154084 0.738480031 0.383956015 0.554122746
1341847998.518722 -0.999144077 -0.672121644 1.302223206 0.010848285 0.737954199 0.383133382 0.555441022
1341847998.550746 -0.997063756 -0.674579740 1.306023598 0.007671390 0.737332821 0.382568598 0.556707144
1341847998.586740 -0.995939672 -0.676926196 1.310857654 0.006152470 0.737218380 0.382171750 0.557149947
1341847998.618771 -0.994391084 -0.679096758 1.315928459 0.004942761 0.736804068 0.381942898 0.557866454
1341847998.650736 -0.994163752 -0.680111766 1.320122838 0.002661288 0.736856818 0.381796360 0.557912707
1341847998.686862 -0.991545856 -0.682507753 1.325103760 -0.000257985 0.737433791 0.382561147 0.556631327
1341847998.718741 -0.989656568 -0.685016036 1.329200387 0.001079545 0.737357497 0.383394420 0.556157768
1341847998.750838 -0.990185857 -0.686595559 1.335540652 0.001692204 0.737467051 0.383275211 0.556093156
1341847998.786762 -0.988178849 -0.687196136 1.339937568 0.001418273 0.737096727 0.384690225 0.555607617
1341847998.818756 -0.987434983 -0.689102888 1.344759464 0.001806733 0.738691211 0.384640574 0.553519368
1341847998.854711 -0.986763954 -0.690599144 1.350887418 -0.000432941 0.740396857 0.383393884 0.552106380
1341847998.886699 -0.986350358 -0.694406390 1.355229855 -0.000937854 0.740047812 0.385220170 0.551301956
1341847998.918666 -0.986187577 -0.696590662 1.362705231 0.000223627 0.739847660 0.387655139 0.549862623
1341847998.954799 -0.986351967 -0.698543549 1.365949869 0.000743327 0.738023520 0.392080098 0.549175680
1341847998.986722 -0.983617902 -0.699802041 1.370685220 -0.000749736 0.736940622 0.393839538 0.549370825
1341847999.018809 -0.983179212 -0.700812817 1.374770045 -0.000505406 0.736666620 0.395055175 0.548865676
1341847999.054894 -0.982521296 -0.702626169 1.380369186 -0.001247789 0.737270713 0.396355331 0.547113180
1341847999.086763 -0.982031524 -0.704424739 1.385773897 -0.003249833 0.736270785 0.398068160 0.547207952
1341847999.122718 -0.979212940 -0.703992367 1.389081836 -0.004458864 0.735925257 0.398972750 0.547005296
1341847999.154891 -0.979394257 -0.705774426 1.393949270 -0.005042846 0.737318218 0.399834275 0.544489563
1341847999.186738 -0.976768494 -0.706732154 1.396165252 -0.005484799 0.739162147 0.400918752 0.541177869
1341847999.222717 -0.974291086 -0.707740664 1.398433447 -0.005792433 0.741603851 0.399374247 0.538971663
1341847999.254873 -0.972661257 -0.709412456 1.400741458 -0.004131678 0.744914174 0.398508817 0.535048246
1341847999.290995 -0.971488714 -0.711581826 1.404790998 -0.000881099 0.748883367 0.398569763 0.529447913
1341847999.322701 -0.969866395 -0.715667903 1.408943892 0.003122456 0.750169635 0.400695384 0.526002884
1341847999.354861 -0.968912661 -0.716142297 1.410894275 0.008536831 0.750503719 0.402253747 0.524273932
1341847999.390790 -0.968539476 -0.717865765 1.414707422 0.011027159 0.752991736 0.402509928 0.520449400
1341847999.423935 -0.965785027 -0.718943954 1.417361617 0.010999952 0.755835652 0.402219325 0.516537488
1341847999.454933 -0.963403165 -0.720613241 1.418943524 0.012172586 0.758951187 0.401636779 0.512379646
1341847999.490878 -0.964043200 -0.723556876 1.422380328 0.013688598 0.763063252 0.400977969 0.506718636
1341847999.522673 -0.960944414 -0.724298179 1.425505042 0.017161893 0.767141521 0.404208362 0.497810185
1341847999.558926 -0.956775069 -0.725154042 1.426754236 0.021377442 0.768679321 0.407357454 0.492681503
1341847999.590686 -0.956509113 -0.727352500 1.428647876 0.023031536 0.770315707 0.408499837 0.489092112
1341847999.622896 -0.954103589 -0.727217019 1.431505084 0.022751169 0.773269892 0.409056097 0.483951598
1341847999.658843 -0.948834777 -0.727602422 1.431790829 0.024019981 0.775305510 0.410654217 0.479257256
1341847999.691111 -0.947145581 -0.729114175 1.435768843 0.025814421 0.778229535 0.410183072 0.474807620
1341847999.722697 -0.943028867 -0.728946209 1.437321186 0.024899228 0.779709816 0.411300659 0.471449286
1341847999.758778 -0.937747717 -0.729009271 1.438182116 0.025865739 0.781749129 0.411772907 0.467592120
1341847999.791003 -0.934334278 -0.729849935 1.440594196 0.028380081 0.784683824 0.411393970 0.462839991
1341847999.826747 -0.931576669 -0.730361521 1.443108082 0.029027496 0.786470830 0.412301004 0.458943248
1341847999.858757 -0.928725362 -0.732576132 1.444907308 0.030945163 0.788297355 0.416329354 0.451995134
1341847999.897730 -0.925283790 -0.732944012 1.446606755 0.032637555 0.789488554 0.420658737 0.445745379
1341847999.927117 -0.921818137 -0.731869817 1.447230697 0.033946853 0.789725482 0.425115228 0.440974385
1341847999.958786 -0.918052077 -0.731506348 1.449527740 0.033626042 0.790956795 0.429011345 0.434978157
1341847999.990848 -0.913787305 -0.731564403 1.450721264 0.033880252 0.791363895 0.434044451 0.429186195
1341848000.026656 -0.909461021 -0.730949044 1.449971676 0.034688257 0.791239023 0.437771678 0.425550908
1341848000.058724 -0.906543612 -0.732125521 1.452813029 0.032802593 0.792481303 0.440511942 0.420531422
1341848000.094780 -0.903262317 -0.729205012 1.452758670 0.031879209 0.792754889 0.443951041 0.416450322
1341848000.126737 -0.900186777 -0.728347659 1.453093529 0.030664314 0.793860435 0.446941048 0.411204398
1341848000.158633 -0.896887958 -0.728190064 1.453996539 0.027033584 0.794847846 0.449863046 0.406336516
1341848000.194808 -0.892086744 -0.728076696 1.454186678 0.025375288 0.795204997 0.453318685 0.401879787
1341848000.227063 -0.889089704 -0.729281545 1.455397725 0.024226269 0.795788288 0.456152290 0.397566617
1341848000.266975 -0.885034323 -0.727482796 1.455562830 0.022597790 0.796004236 0.458484739 0.394535631
1341848000.295643 -0.881920934 -0.726222515 1.456047535 0.022132585 0.796973228 0.459979653 0.390848458
1341848000.327132 -0.879862249 -0.726449430 1.457197189 0.021982497 0.797146678 0.462574333 0.387426049
1341848000.362696 -0.875670612 -0.725468934 1.456840634 0.021020923 0.796099663 0.465772092 0.385797679
1341848000.394654 -0.872490764 -0.724390864 1.456988215 0.020981953 0.796603918 0.466965526 0.383308172
1341848000.426772 -0.869145393 -0.724461019 1.457503915 0.021053722 0.797141969 0.468648911 0.380117953
1341848000.462696 -0.865437746 -0.723508298 1.458389044 0.019351210 0.797434866 0.469813466 0.378151387
1341848000.494711 -0.861824036 -0.722576439 1.458371639 0.018477781 0.798741341 0.469909787 0.375307381
1341848000.530849 -0.857339859 -0.722333133 1.458381891 0.018375352 0.799954414 0.470189005 0.372367412
1341848000.562770 -0.853520215 -0.721604526 1.458413124 0.019037638 0.800634444 0.470240712 0.370804101
1341848000.594838 -0.849526286 -0.721666813 1.457714081 0.019423975 0.802183867 0.470277160 0.367373258
1341848000.630641 -0.845878363 -0.721935570 1.458425403 0.019647909 0.804280818 0.469233155 0.364096940
1341848000.662663 -0.842143774 -0.721287251 1.457919240 0.020775188 0.806218743 0.468157887 0.361120403
1341848000.695377 -0.839051545 -0.722347438 1.458429694 0.021471171 0.808461189 0.467797935 0.356503248
1341848000.730805 -0.835183501 -0.722630143 1.458696365 0.022088887 0.810051143 0.467810392 0.352820992
1341848000.762655 -0.830688000 -0.723107636 1.459401369 0.023881424 0.812028706 0.467455506 0.348603636
1341848000.798741 -0.826840699 -0.724284649 1.459969282 0.026805013 0.813515723 0.467798084 0.344439626
1341848000.830729 -0.822567582 -0.724348783 1.460567236 0.029095745 0.814746916 0.467663854 0.341513485
1341848000.862750 -0.817838490 -0.725512743 1.460560322 0.029987134 0.816840351 0.466908514 0.337445021
1341848000.898723 -0.815495491 -0.726280570 1.462056637 0.032015111 0.818472803 0.466789335 0.333444178
1341848000.930722 -0.810792148 -0.727163792 1.462662697 0.033899110 0.818652809 0.468184829 0.330849558
1341848000.963197 -0.806052268 -0.726859093 1.463109612 0.034770425 0.819443524 0.468364000 0.328539908
1341848000.998783 -0.802302897 -0.727320910 1.463595152 0.034736946 0.820361793 0.467952579 0.326833695
1341848001.030740 -0.797569752 -0.728272259 1.464324951 0.035738710 0.821159661 0.468625337 0.323743463
1341848001.067042 -0.793348908 -0.729381740 1.465196848 0.037569959 0.821321011 0.469880849 0.321297854
1341848001.098800 -0.789047897 -0.728959024 1.466151476 0.039551809 0.821802616 0.470396221 0.319066614
1341848001.130714 -0.784067512 -0.728380978 1.466475725 0.040792510 0.822775483 0.470614076 0.316067845
1341848001.205951 -0.774701655 -0.728076339 1.469211936 0.038674213 0.825716794 0.469406366 0.310408920
1341848001.233611 -0.770210266 -0.727198601 1.469294786 0.035126995 0.827246010 0.468783826 0.307687879
1341848001.266775 -0.765765429 -0.727042139 1.470501661 0.031264383 0.829134226 0.467542201 0.304898739
1341848001.299150 -0.761225879 -0.726201415 1.471088409 0.029806716 0.830891848 0.467345297 0.300530612
1341848001.334803 -0.758609712 -0.725356102 1.472502947 0.028731383 0.833209395 0.466520786 0.295457155
1341848001.366701 -0.753950357 -0.723022401 1.471693873 0.025267689 0.835094273 0.465897948 0.291407317
1341848001.399276 -0.749829948 -0.722669482 1.471193433 0.022394288 0.836692154 0.466343880 0.286300659
1341848001.434718 -0.745875776 -0.721614897 1.471691012 0.023076864 0.838963509 0.466418505 0.279394865
1341848001.466720 -0.741794527 -0.720367789 1.471090436 0.021364974 0.840678453 0.467058629 0.273238897
1341848001.502686 -0.737881005 -0.719041228 1.470837712 0.017525351 0.842335820 0.467950344 0.266806424
1341848001.534905 -0.733566165 -0.717480719 1.469278574 0.016793957 0.844329238 0.468077719 0.260248780
1341848001.567011 -0.730880022 -0.715494096 1.468806028 0.016496943 0.847856820 0.465532362 0.253271133
1341848001.602899 -0.727339208 -0.715444684 1.467391014 0.012951139 0.849501491 0.467043102 0.245051667
1341848001.634657 -0.724133611 -0.713535428 1.466240406 0.013452761 0.851154923 0.467545152 0.238234699
1341848001.666646 -0.719754875 -0.712853193 1.465104580 0.014173074 0.853409529 0.466346920 0.232404500
1341848001.702767 -0.716952562 -0.712724566 1.464963555 0.012956842 0.854956686 0.465703458 0.228038311
1341848001.734859 -0.712950230 -0.710849822 1.463028669 0.011990516 0.855883896 0.466559023 0.222803995
1341848001.770725 -0.708550692 -0.709318995 1.461848855 0.014427300 0.858404517 0.464425713 0.217352778
1341848001.802763 -0.706333399 -0.710629761 1.461452365 0.014513509 0.859608114 0.464328438 0.212749511
1341848001.834761 -0.701761127 -0.709802032 1.458821774 0.013691342 0.859336138 0.468157768 0.205383256
1341848001.870724 -0.698010683 -0.707085550 1.457683563 0.015332432 0.860916972 0.467031956 0.201166764
1341848001.902749 -0.694386184 -0.708021760 1.456923485 0.012809976 0.862064898 0.466779500 0.196969330
1341848001.934732 -0.691300154 -0.707401276 1.456118464 0.013205389 0.861731946 0.469703406 0.191369519
1341848001.970708 -0.686725497 -0.705421627 1.453471780 0.017825512 0.861940324 0.470681489 0.187616751
1341848002.002731 -0.683173656 -0.707041800 1.452579856 0.018972654 0.862487733 0.471524566 0.182810187
1341848002.038858 -0.679694772 -0.705382288 1.450885177 0.021280175 0.862337410 0.473347932 0.178502411
1341848002.070767 -0.675770402 -0.705385387 1.447716475 0.022297455 0.862683713 0.474430233 0.173768669
1341848002.102720 -0.673048019 -0.704023004 1.448793888 0.024996204 0.864163458 0.472812206 0.170427054
1341848002.138653 -0.669227540 -0.704318643 1.446968555 0.023691703 0.864204884 0.473561168 0.168310478
1341848002.171849 -0.665497661 -0.703043401 1.445140123 0.023636445 0.864493310 0.474911839 0.162945852
1341848002.202698 -0.661834657 -0.701553106 1.444547534 0.025521990 0.865232587 0.474947572 0.158574849
1341848002.238731 -0.657370985 -0.700383484 1.442760468 0.024457667 0.865546227 0.475418299 0.155592367
1341848002.270763 -0.655137539 -0.700050056 1.441299438 0.021321390 0.865434349 0.476715982 0.152678147
1341848002.306708 -0.652249098 -0.698300779 1.441562176 0.020103220 0.865832508 0.477166146 0.149138674
1341848002.338850 -0.648909330 -0.697068095 1.440065265 0.018650340 0.865359724 0.479387999 0.144885764
1341848002.370786 -0.645860195 -0.696421444 1.439742923 0.017289888 0.865081131 0.481733561 0.138811082
1341848002.406793 -0.641479135 -0.692529142 1.438197851 0.018342258 0.864964962 0.482934743 0.135178402
1341848002.438766 -0.638925672 -0.691990912 1.436746836 0.017626900 0.865453780 0.482797772 0.132609904
1341848002.474697 -0.636977077 -0.690959692 1.438021183 0.017027900 0.865288019 0.484051228 0.129155144
1341848002.506756 -0.632906318 -0.687886357 1.435234308 0.016263584 0.864355147 0.486160904 0.127566636
1341848002.538812 -0.630293369 -0.687439442 1.434656978 0.014840234 0.864412963 0.487016350 0.124036394
1341848002.574707 -0.628186584 -0.686405838 1.435260773 0.013290668 0.863502443 0.489465326 0.120874546
1341848002.606780 -0.624176860 -0.683238983 1.434293032 0.011874598 0.862947941 0.490948498 0.118951112
1341848002.639359 -0.621308088 -0.681781173 1.433317900 0.009039877 0.862855077 0.491491884 0.117622674
1341848002.674651 -0.619387627 -0.680378556 1.436035395 0.008500701 0.862556636 0.492526412 0.115505494
1341848002.713789 -0.614286065 -0.676201701 1.433947206 0.007905928 0.861143112 0.495236546 0.114502683
1341848002.742817 -0.611626744 -0.676461399 1.432795525 0.004214264 0.860157549 0.496820360 0.115242094
1341848002.774760 -0.608995974 -0.674677789 1.434029341 0.003494272 0.858885586 0.499475926 0.113256618
1341848002.806780 -0.604875803 -0.670453906 1.432628632 0.005898739 0.858534276 0.500557423 0.111023590
1341848002.842833 -0.600609779 -0.669442713 1.433194637 0.007585500 0.859399021 0.499097973 0.110801533
1341848002.875238 -0.597722828 -0.669449151 1.433384538 0.007830901 0.859786749 0.498058289 0.112442605
1341848002.906656 -0.593683362 -0.669036508 1.432755470 0.007591922 0.859858811 0.497937024 0.112445042
1341848002.943323 -0.589825034 -0.669326603 1.434500456 0.008687091 0.860751987 0.495388746 0.116707049
1341848002.974597 -0.585815310 -0.666954339 1.432489872 0.008307597 0.860112131 0.495171070 0.122244485
1341848003.010885 -0.582366765 -0.664902449 1.431137562 0.007513703 0.860281110 0.494447410 0.124023102
1341848003.042638 -0.578358769 -0.665266275 1.431574106 0.008173238 0.861914456 0.491462827 0.124502823
1341848003.074988 -0.575652122 -0.665875316 1.433448792 0.007087920 0.862542391 0.489585757 0.127578065
1341848003.110641 -0.571347833 -0.663863599 1.431575060 0.005813595 0.861510575 0.490902096 0.129540995
1341848003.142626 -0.568016171 -0.663240075 1.430595636 0.004095478 0.862021506 0.489917636 0.129934058
1341848003.175700 -0.564466119 -0.662933648 1.431268454 -0.000494929 0.862599313 0.488462448 0.131630421
1341848003.210749 -0.560812950 -0.660551369 1.429292202 -0.003381324 0.862724185 0.488357395 0.131158441
1341848003.242926 -0.558388114 -0.660968959 1.431536198 -0.004193177 0.863909721 0.486702710 0.129471511
1341848003.278886 -0.554079354 -0.659595907 1.430847287 -0.006627562 0.863613248 0.486594975 0.131732941
1341848003.310739 -0.551142097 -0.658789992 1.430845737 -0.009241692 0.863879979 0.485759497 0.132904828
1341848003.342708 -0.547181249 -0.657542944 1.430656314 -0.011402307 0.864229977 0.484690666 0.134355754
1341848003.378999 -0.542906523 -0.656176150 1.430029869 -0.015443871 0.864962995 0.482258260 0.137939960
1341848003.410779 -0.538542807 -0.655579090 1.431303978 -0.018849084 0.865319848 0.480260968 0.142181695
1341848003.442728 -0.535210907 -0.653358102 1.431054354 -0.018105885 0.864950716 0.479355901 0.147480071
1341848003.478703 -0.530078232 -0.653482795 1.431589127 -0.019622181 0.864390254 0.478943586 0.151847079
1341848003.510700 -0.527112603 -0.651644230 1.432086229 -0.019690469 0.863293171 0.477410346 0.162531614
1341848003.546854 -0.523956656 -0.649585485 1.431509376 -0.020665273 0.862703621 0.476903677 0.166967645
1341848003.578749 -0.519255102 -0.649715662 1.431405067 -0.019784773 0.862023771 0.477103144 0.169988722
1341848003.617886 -0.517410398 -0.649372339 1.430615902 -0.018288825 0.860869527 0.475954235 0.178988159
1341848003.649972 -0.513222039 -0.647871614 1.429925084 -0.019211929 0.860124290 0.475052923 0.184775025
1341848003.685816 -0.510276794 -0.645868778 1.428434610 -0.019084016 0.860154688 0.472991079 0.189866111
1341848003.717853 -0.507183671 -0.645418763 1.428605080 -0.021988358 0.860385060 0.470128447 0.195533469
1341848003.753761 -0.501992285 -0.645149350 1.428314924 -0.026497327 0.859269798 0.470234215 0.199582443
1341848003.785807 -0.498749048 -0.642843366 1.426473260 -0.024829881 0.858225465 0.470070571 0.204612359
1341848003.817941 -0.495498300 -0.642377019 1.426031113 -0.025515562 0.857088268 0.469862908 0.209708065
1341848003.853971 -0.492749125 -0.640241861 1.423840523 -0.026069555 0.855838537 0.470512450 0.213257715
1341848003.885751 -0.489304513 -0.639230847 1.422341228 -0.028275002 0.855570257 0.469938099 0.215309829
1341848003.921688 -0.485842943 -0.638177037 1.421142101 -0.029007088 0.854562700 0.469390959 0.220348150
1341848003.953824 -0.483605087 -0.635208488 1.419706345 -0.029111618 0.853420615 0.468809843 0.225927100
1341848003.985789 -0.481290400 -0.633703232 1.417311192 -0.027996890 0.852248549 0.470086575 0.227831423
1341848004.021643 -0.477819681 -0.632393122 1.413902998 -0.026363766 0.851002991 0.470323235 0.232152879
1341848004.053778 -0.475753069 -0.629011273 1.412961960 -0.027096577 0.850811481 0.468579024 0.236261114
1341848004.089723 -0.473082244 -0.627765000 1.409780025 -0.025102412 0.848872602 0.471088260 0.238455549
1341848004.121698 -0.467911184 -0.625343323 1.408251762 -0.025957605 0.848891437 0.469566077 0.241282448
1341848004.153695 -0.464773118 -0.623812735 1.406517029 -0.026121462 0.847707987 0.469741344 0.245054901
1341848004.189785 -0.461665660 -0.622139156 1.404757500 -0.024432553 0.846211493 0.470480263 0.248952836
1341848004.221773 -0.458817273 -0.619039237 1.403100729 -0.025244229 0.844923139 0.469804227 0.254463524
1341848004.257760 -0.454658359 -0.616464615 1.402099371 -0.028004799 0.844387412 0.468467206 0.258387566
1341848004.289843 -0.451385438 -0.615908861 1.400182009 -0.027697742 0.842507839 0.469810873 0.262089819
1341848004.321820 -0.447860360 -0.614350259 1.400056720 -0.028850721 0.840737879 0.469431847 0.268255800
1341848004.357934 -0.444416523 -0.611693561 1.396998405 -0.029893689 0.837487698 0.470834851 0.275744975
1341848004.389781 -0.440018296 -0.609445691 1.398312092 -0.034196008 0.837094188 0.468866110 0.279765069
1341848004.421857 -0.438116103 -0.606661797 1.396632552 -0.035797011 0.834528565 0.468069494 0.288429677
1341848004.457752 -0.435200274 -0.605056465 1.395932794 -0.037559260 0.832227886 0.468395263 0.294264972
1341848004.489793 -0.432025462 -0.602924228 1.395302773 -0.040081110 0.829752445 0.468926728 0.300020158
1341848004.525726 -0.427935243 -0.602469206 1.394728184 -0.042354129 0.827000856 0.471556574 0.303166837
1341848004.557784 -0.424822807 -0.600307882 1.395969152 -0.043077331 0.825368047 0.471439749 0.307662904
1341848004.589761 -0.422735691 -0.597516656 1.394881487 -0.044111911 0.822171092 0.474159181 0.311868489
1341848004.625757 -0.419618607 -0.596503794 1.394916892 -0.047005452 0.820262671 0.474251002 0.316299826
1341848004.657882 -0.418152183 -0.594640195 1.395275593 -0.048592333 0.818214059 0.474662125 0.320718586
1341848004.689871 -0.415017664 -0.593253791 1.394183636 -0.050096072 0.814453781 0.479523987 0.322818995
1341848004.725815 -0.412748873 -0.591358781 1.394560814 -0.050655864 0.812853575 0.479163349 0.327269733
1341848004.757723 -0.411543608 -0.589495063 1.396457434 -0.052583288 0.812542975 0.476980329 0.330905855
1341848004.789709 -0.409686655 -0.588736475 1.394788027 -0.054105043 0.808917940 0.480861843 0.333910525
1341848004.825782 -0.406998724 -0.587597966 1.395125151 -0.054501966 0.807541490 0.480875045 0.337142944
1341848004.857706 -0.405392796 -0.586748481 1.395741105 -0.055245940 0.805968106 0.481484652 0.339905560
1341848004.889791 -0.403706044 -0.586303949 1.395272851 -0.056318842 0.803958774 0.482950211 0.342399716
1341848004.925788 -0.402058691 -0.585880876 1.396424890 -0.056995809 0.803100824 0.482744783 0.344583839
1341848004.957758 -0.400374413 -0.585874677 1.396245837 -0.057546787 0.800964057 0.483847082 0.347903639
1341848004.993849 -0.399598926 -0.585083008 1.395578742 -0.057008859 0.798376739 0.485235721 0.351981401
1341848005.025661 -0.398372203 -0.583141327 1.396268249 -0.058414411 0.797649145 0.483586311 0.355651319
1341848005.057739 -0.397290260 -0.582431316 1.396183491 -0.059934221 0.796587408 0.481811702 0.360158205
1341848005.093879 -0.396519035 -0.582557201 1.397760630 -0.061039850 0.796354055 0.480450422 0.362300664
1341848005.125700 -0.395016789 -0.583076000 1.397330642 -0.060595844 0.793691874 0.483375013 0.364321232
1341848005.157668 -0.393753648 -0.582315922 1.398138285 -0.057961162 0.792719960 0.482206702 0.368391454
1341848005.193749 -0.393804371 -0.580887794 1.397659063 -0.056413468 0.790879726 0.481526434 0.373442262
1341848005.225713 -0.392383426 -0.580742240 1.398138881 -0.058151521 0.789957285 0.481063277 0.375717938
1341848005.257748 -0.389977187 -0.581153393 1.399024963 -0.059580110 0.789270222 0.480114192 0.378144324
1341848005.293718 -0.390266865 -0.579688370 1.399388790 -0.058225829 0.787815392 0.477741182 0.384343684
1341848005.325870 -0.388998419 -0.578922272 1.400351167 -0.059290715 0.786708534 0.477790445 0.386381477
1341848005.357655 -0.385969043 -0.581042945 1.399870038 -0.059847631 0.784220815 0.479820549 0.388829380
1341848005.393694 -0.385653943 -0.580241919 1.401406050 -0.057737660 0.783230245 0.477302521 0.394206971
1341848005.425692 -0.384602666 -0.579285800 1.402611732 -0.058490664 0.781906903 0.476878643 0.397224396
1341848005.461850 -0.382388234 -0.580322742 1.401348233 -0.058599636 0.779118776 0.479315549 0.399745762
1341848005.493689 -0.380549192 -0.580334783 1.404460073 -0.059921987 0.779114664 0.476669908 0.402710289
1341848005.525844 -0.380003840 -0.578839779 1.403562665 -0.058726754 0.776172757 0.478173673 0.406763941
1341848005.561789 -0.376956105 -0.580021501 1.404525161 -0.061205447 0.775121689 0.477641046 0.409022391
1341848005.593673 -0.376481742 -0.579097748 1.404709816 -0.060272988 0.773612916 0.476537347 0.413282543
1341848005.629831 -0.374908388 -0.580277681 1.405773997 -0.062310398 0.772403717 0.475414634 0.416522264
1341848005.661802 -0.373754531 -0.580067694 1.406175494 -0.062307052 0.771213412 0.474425554 0.419842929
1341848005.693760 -0.371279001 -0.580974579 1.406616449 -0.062213358 0.769856036 0.473938733 0.422886878
1341848005.729741 -0.371076077 -0.580241799 1.406921864 -0.060666028 0.768801510 0.471332461 0.427913129
1341848005.761746 -0.369064927 -0.580678701 1.407301426 -0.061833706 0.768233657 0.469704419 0.430547833
1341848005.797852 -0.365634114 -0.581890464 1.408950448 -0.060821027 0.767971396 0.468896061 0.432038575
1341848005.829917 -0.366047531 -0.582553267 1.410180688 -0.059726369 0.766481161 0.467017561 0.436845511
1341848005.861699 -0.364996374 -0.582520366 1.410169005 -0.059689377 0.764696300 0.466606706 0.440403044
1341848005.897793 -0.362072438 -0.584229231 1.410699368 -0.059838563 0.763920486 0.466071874 0.442291558
1341848005.929656 -0.362227619 -0.583530784 1.412319183 -0.057380114 0.763152421 0.463339180 0.446791530
1341848005.965681 -0.361107349 -0.584357977 1.412729621 -0.058391005 0.761525691 0.462720394 0.450065523
1341848005.997804 -0.358940333 -0.585588217 1.413278341 -0.058409356 0.760757327 0.461722463 0.452381551
1341848006.029768 -0.356087357 -0.586612940 1.415027261 -0.057429988 0.760502815 0.458588630 0.456107140
1341848006.065849 -0.357200235 -0.586174011 1.415737867 -0.055684414 0.759377718 0.455506504 0.461257577
1341848006.097854 -0.354271263 -0.588141799 1.414537430 -0.056088667 0.758115470 0.455022097 0.463756263
1341848006.133683 -0.352932245 -0.588261306 1.416241646 -0.053167272 0.759810448 0.449656636 0.466551453
1341848006.165815 -0.352412611 -0.588312268 1.417461634 -0.048156679 0.759612143 0.447350949 0.469624728
1341848006.197589 -0.351436138 -0.588811457 1.416680932 -0.044185977 0.757809043 0.447354883 0.472912908
1341848006.233778 -0.348705471 -0.589245677 1.418112278 -0.042707223 0.757684886 0.443776160 0.476605177
1341848006.265787 -0.349283546 -0.588432312 1.419540882 -0.040153854 0.757707179 0.439201206 0.481009096
1341848006.301762 -0.347598433 -0.589277685 1.420394421 -0.037563641 0.756668210 0.438714385 0.483292729
1341848006.333717 -0.345242828 -0.589882612 1.422471166 -0.035489336 0.755557835 0.436752737 0.486949652
1341848006.366035 -0.346449494 -0.588927507 1.422248483 -0.034086823 0.753365815 0.434474617 0.492452770
1341848006.401760 -0.343268365 -0.590611935 1.422647119 -0.036494836 0.752426445 0.435836762 0.492512852
1341848006.433710 -0.341367990 -0.590745807 1.425438881 -0.035565529 0.752752185 0.433230937 0.494378597
1341848006.469715 -0.341220647 -0.589838386 1.425450444 -0.033419482 0.750343919 0.433673501 0.497789472
1341848006.501659 -0.338741869 -0.591843426 1.426792741 -0.034866065 0.749402344 0.435349703 0.497645557
1341848006.533741 -0.336426705 -0.593002439 1.426906586 -0.034156144 0.748187959 0.435539007 0.499353468
1341848006.569740 -0.336358279 -0.592712164 1.429637074 -0.033896696 0.748772919 0.432715774 0.500946343
1341848006.601774 -0.334158897 -0.593563557 1.430596113 -0.034068838 0.748081625 0.433926105 0.500920475
1341848006.637780 -0.331537634 -0.596006155 1.431190729 -0.032613289 0.747537613 0.434511840 0.501321673
1341848006.670119 -0.331857562 -0.595597506 1.433780432 -0.032476526 0.747998476 0.431690395 0.503077626
1341848006.701798 -0.328799695 -0.596157193 1.434846282 -0.033673670 0.747936249 0.432513922 0.502383471
1341848006.737817 -0.326789439 -0.598074198 1.436599493 -0.032142263 0.748704910 0.432113290 0.501683176
1341848006.769742 -0.325554609 -0.599724293 1.437213302 -0.029259745 0.747913420 0.433878541 0.501516521
1341848006.801940 -0.324587792 -0.600963950 1.439718485 -0.028004527 0.748898804 0.432623327 0.501201987
1341848006.837619 -0.322437316 -0.601657927 1.440870762 -0.026612692 0.749286652 0.433248550 0.500156939
1341848006.870724 -0.320813686 -0.604090810 1.442333698 -0.024711197 0.750090897 0.433400303 0.498916030
1341848006.901756 -0.319917411 -0.605618834 1.444568634 -0.023787528 0.751603961 0.432101369 0.497809291
1341848006.937738 -0.318091571 -0.606195271 1.445589542 -0.022184895 0.753142893 0.431220174 0.496319205
1341848006.969708 -0.317326605 -0.609402895 1.448408008 -0.021529859 0.755620778 0.430702806 0.493020087
1341848007.005802 -0.315418482 -0.612131655 1.450384855 -0.019027648 0.757110119 0.432666093 0.489103526
1341848007.037835 -0.315622836 -0.613018632 1.452456713 -0.015832519 0.758673608 0.433091789 0.486410558
1341848007.069678 -0.315337747 -0.614283442 1.454457283 -0.014991729 0.760236859 0.434470892 0.482752740
1341848007.105687 -0.313465923 -0.616289973 1.456478596 -0.015394700 0.762229800 0.436257005 0.477962911
1341848007.137866 -0.312402129 -0.618006706 1.458372235 -0.014261627 0.763917148 0.436951339 0.474658549
1341848007.169651 -0.312189102 -0.621622324 1.461619020 -0.014236280 0.765534222 0.438676655 0.470443964
1341848007.205747 -0.310947508 -0.622472584 1.464162707 -0.013804733 0.767089486 0.440332115 0.466359079
1341848007.237921 -0.309925973 -0.624863625 1.466310263 -0.011479742 0.767724931 0.442863703 0.462966889
1341848007.269907 -0.309220701 -0.628352344 1.470530272 -0.010913308 0.768289983 0.445358545 0.459638059
1341848007.298875 -0.307776690 -0.629492998 1.470386505 -0.008829788 0.767717659 0.448138386 0.457934171
1341848007.331423 -0.307042241 -0.632332623 1.473293662 -0.008422988 0.769551575 0.447288513 0.455688924
1341848007.366699 -0.306084126 -0.634125113 1.475204349 -0.009062827 0.770999849 0.445584387 0.454897463
1341848007.398700 -0.304604441 -0.636898279 1.477698565 -0.008510870 0.772213578 0.445198566 0.453224003
1341848007.434791 -0.303228378 -0.640429854 1.479852796 -0.007107109 0.772744477 0.444718361 0.452814519
1341848007.466689 -0.304258466 -0.641086221 1.484479666 -0.007262279 0.774978340 0.440782458 0.452842891
1341848007.498756 -0.302883595 -0.644153237 1.487101197 -0.007962070 0.775775254 0.443276137 0.449016303
1341848007.534834 -0.299710900 -0.647669554 1.488449574 -0.006816889 0.775593221 0.445705414 0.446939945
1341848007.566719 -0.299660861 -0.648965120 1.491970181 -0.005871589 0.776300251 0.444489270 0.446937084
1341848007.598725 -0.298981965 -0.649559855 1.492946148 -0.007900695 0.777414739 0.444434196 0.445019364
1341848007.634799 -0.296111435 -0.652572870 1.495098352 -0.008580280 0.779696107 0.445226789 0.440197110
1341848007.666675 -0.295628607 -0.655434012 1.499692917 -0.004987111 0.781044543 0.448147655 0.434865713
1341848007.702797 -0.294007123 -0.656232238 1.500594616 -0.002896453 0.780300617 0.454471231 0.429625899
1341848007.734605 -0.289240748 -0.659996986 1.497908354 -0.001349723 0.779915929 0.459189534 0.425293177
1341848007.766913 -0.289085805 -0.661104679 1.502572179 0.000079202 0.784734964 0.454379141 0.421581060
1341848007.802889 -0.288140625 -0.663532138 1.505403996 -0.001036279 0.786212862 0.456282675 0.416742623
1341848007.834962 -0.284793854 -0.664832592 1.505509377 0.000995799 0.786441505 0.460248679 0.411922306
1341848007.866745 -0.283676565 -0.666101694 1.509025574 0.000733872 0.789025724 0.459717989 0.407550395
1341848007.902779 -0.283135206 -0.664657533 1.511360288 -0.001984195 0.791711569 0.459841758 0.402162194
1341848007.934851 -0.276954472 -0.672192812 1.510592580 -0.001159795 0.791950583 0.468648076 0.391384542
1341848007.970690 -0.274705082 -0.674420238 1.513466358 0.004462063 0.792722583 0.469829232 0.388370246
1341848008.002709 -0.274868667 -0.673876047 1.517457128 0.006376994 0.794678688 0.468811512 0.385565579
1341848008.034820 -0.272054791 -0.674900413 1.518357754 0.006565662 0.795521498 0.472327322 0.379485697
1341848008.070825 -0.269333065 -0.677577019 1.520679712 0.006787068 0.796424747 0.474137455 0.375306875
1341848008.103209 -0.267193705 -0.677880466 1.522909403 0.006573517 0.797362447 0.475046128 0.372157454
1341848008.138809 -0.263854027 -0.677959561 1.525445342 0.004393118 0.799875319 0.474672765 0.367240995
1341848008.171058 -0.261202991 -0.679413736 1.528272629 0.004369953 0.801732123 0.474907458 0.362862855
1341848008.202734 -0.258435249 -0.680520713 1.530492663 0.006636187 0.802441776 0.477531493 0.357780427
1341848008.238657 -0.255880117 -0.682025671 1.533596158 0.007077480 0.802887976 0.480099291 0.353306532
1341848008.270710 -0.252552032 -0.683657348 1.535815001 0.006728877 0.803266704 0.483225137 0.348153412
1341848008.302748 -0.249205500 -0.684697390 1.537547946 0.006933079 0.803571343 0.486382395 0.343011916
1341848008.338769 -0.246786147 -0.685472846 1.538392305 0.007934355 0.803358972 0.489134967 0.339556158
1341848008.370731 -0.244383067 -0.686700821 1.541316509 0.006680090 0.804297149 0.489826202 0.336350560
1341848008.406662 -0.241215408 -0.688442528 1.541943669 0.006799611 0.804748178 0.492390424 0.331490219
1341848008.438870 -0.237279058 -0.691449821 1.544016600 0.007765136 0.805531383 0.494414091 0.326517403
1341848008.470807 -0.235496908 -0.692692757 1.546901703 0.009088187 0.806535840 0.495040894 0.323035270
1341848008.506855 -0.233123809 -0.693557382 1.548371077 0.009608764 0.807408750 0.496557504 0.318479866
1341848008.538786 -0.230239838 -0.696218848 1.548110723 0.012026659 0.807678998 0.499192804 0.313554645
1341848008.570727 -0.228301972 -0.698578238 1.551459670 0.014290557 0.808518648 0.499788672 0.310329974
1341848008.606698 -0.228415757 -0.699390173 1.551281929 0.017207861 0.807748079 0.502498925 0.307801455
1341848008.638714 -0.225514948 -0.701800108 1.551957369 0.018719407 0.808394134 0.504038036 0.303470165
1341848008.674639 -0.222721130 -0.704042673 1.554427385 0.019529901 0.809469819 0.504575372 0.299634635
1341848008.706785 -0.221082866 -0.704052567 1.555003881 0.019910602 0.810719132 0.504301369 0.296678543
1341848008.738678 -0.218072146 -0.707101226 1.555999637 0.019433420 0.812124491 0.504681170 0.292186677
1341848008.775071 -0.215982318 -0.708029270 1.557637215 0.018413255 0.812933981 0.504565358 0.290194839
1341848008.806865 -0.213924974 -0.708643734 1.558417439 0.017313588 0.814202428 0.503822744 0.287988186
1341848008.838798 -0.212772042 -0.709128201 1.559821248 0.016358601 0.815317154 0.503190398 0.285989046
1341848008.874631 -0.209882915 -0.711331844 1.561227679 0.016007498 0.815744042 0.504816115 0.281897277
1341848008.906680 -0.207174778 -0.712336779 1.563469648 0.016431849 0.816891670 0.505182087 0.277865231
1341848008.943051 -0.205738991 -0.712967098 1.564146519 0.015252689 0.818125904 0.505118370 0.274395406
1341848008.974723 -0.202201486 -0.715764523 1.565409780 0.013380609 0.819099486 0.506246924 0.269464254
1341848009.006825 -0.198970050 -0.717620552 1.567148566 0.014173160 0.819258869 0.507546365 0.266478300
1341848009.042740 -0.198543787 -0.716616929 1.570335388 0.013628234 0.820014775 0.507193804 0.264848083
1341848009.074794 -0.195430726 -0.717230260 1.570456147 0.012008865 0.819895685 0.509313226 0.261202693
1341848009.110807 -0.193015307 -0.717547536 1.572120309 0.011598450 0.821680784 0.508213580 0.257730693
1341848009.142732 -0.191215515 -0.716143131 1.573745966 0.008629499 0.824215889 0.506078064 0.253926516
1341848009.174693 -0.188871920 -0.717022777 1.574856877 0.007794986 0.826454461 0.505830348 0.247078940
1341848009.210697 -0.186228395 -0.718652844 1.578290224 0.008811628 0.827833652 0.507678330 0.238488033
1341848009.242869 -0.183706671 -0.719065487 1.579711556 0.011661858 0.827045262 0.512553990 0.230539665
1341848009.274683 -0.182568371 -0.717213213 1.579730630 0.012655917 0.827156186 0.515106738 0.224315733
1341848009.310898 -0.180111408 -0.717765808 1.580612183 0.010687659 0.828427017 0.516642630 0.216043651
1341848009.342882 -0.176276416 -0.719357669 1.581135273 0.010031139 0.828048050 0.520310104 0.208598301
1341848009.378700 -0.174640715 -0.718369186 1.582306862 0.011489560 0.828285336 0.521600664 0.204314083
1341848009.410753 -0.172476292 -0.718048573 1.584452391 0.010435313 0.828677177 0.523113668 0.198840007
1341848009.442927 -0.168001145 -0.718923390 1.585102320 0.009564675 0.828695059 0.525070548 0.193581805
1341848009.479022 -0.165567696 -0.719745874 1.586351037 0.009189635 0.828657866 0.526590705 0.189588711
1341848009.510631 -0.161881685 -0.719075084 1.587463856 0.007917702 0.828275979 0.528264940 0.186634511
1341848009.542815 -0.160159543 -0.717439532 1.587453008 0.007705873 0.829092801 0.527216971 0.185978428
1341848009.578814 -0.156532317 -0.716989517 1.590554714 0.006308308 0.830249846 0.526316345 0.183402702
1341848009.610955 -0.152827904 -0.716331899 1.589332461 0.004926255 0.829437733 0.527845621 0.182723105
1341848009.646873 -0.148969457 -0.717052817 1.589996815 0.004305081 0.830634952 0.526017010 0.182573587
1341848009.678666 -0.145956710 -0.715555906 1.591873765 0.002100237 0.832203269 0.523166776 0.183656827
1341848009.710835 -0.142700940 -0.714573383 1.592075229 0.000435122 0.832725108 0.522240877 0.183937803
1341848009.746819 -0.138115734 -0.715730190 1.591827750 -0.000058309 0.833174884 0.521672487 0.183514118
1341848009.778767 -0.135436535 -0.714732409 1.592558384 0.000395520 0.834205866 0.519318998 0.185494348
1341848009.810661 -0.132014155 -0.714129448 1.594202518 -0.000498726 0.834744692 0.518685341 0.184841931
1341848009.846800 -0.127790004 -0.713796973 1.592849970 0.001863164 0.833394051 0.521314740 0.183526069
1341848009.878688 -0.125080585 -0.712219596 1.591845274 0.003767750 0.833048165 0.521293104 0.185121715
1341848009.914782 -0.122211367 -0.711143970 1.592675209 0.001598653 0.833115101 0.521153450 0.185244977
1341848009.946990 -0.118088484 -0.710682034 1.590633154 0.000675001 0.832670212 0.522221684 0.184240088
1341848009.978905 -0.113249362 -0.709349871 1.589033365 0.001009255 0.832980692 0.521159887 0.185834706
1341848010.014819 -0.112030178 -0.706342280 1.590464592 0.001856592 0.834160864 0.518665016 0.187506780
1341848010.046835 -0.108689010 -0.705014467 1.587979674 0.002540304 0.833203733 0.520825744 0.185756922
1341848010.082650 -0.105317801 -0.703124583 1.586427093 0.001885313 0.833310723 0.520926356 0.185001224
1341848010.114748 -0.103908002 -0.700464904 1.584334254 0.002502823 0.833004355 0.521632969 0.184381634
1341848010.146752 -0.100339085 -0.698943973 1.582014561 0.002001153 0.831642330 0.524781168 0.181581363
1341848010.182709 -0.096926928 -0.696864128 1.578000546 0.002587887 0.830925822 0.526541114 0.179750010
1341848010.214739 -0.094909310 -0.694543958 1.574250102 0.003377619 0.831152141 0.526590049 0.178543091
1341848010.246831 -0.091922462 -0.692395687 1.571312189 0.003052431 0.831204653 0.527436316 0.175785422
1341848010.282749 -0.088498056 -0.691823006 1.568212152 0.003913881 0.830806851 0.529040456 0.172803223
1341848010.314754 -0.085410833 -0.689611197 1.565447330 0.004315162 0.830824256 0.530044258 0.169603840
1341848010.351054 -0.083575547 -0.687914968 1.561365128 0.004650445 0.830536902 0.530877531 0.168391868
1341848010.382819 -0.079858065 -0.686034799 1.559588313 0.004157657 0.831375480 0.530717611 0.164731115
1341848010.414692 -0.079145521 -0.683929741 1.555488229 0.006156078 0.830071986 0.533078671 0.163614422
1341848010.450872 -0.076887667 -0.683380723 1.550622225 0.006040325 0.829129159 0.535412729 0.160753056
1341848010.483088 -0.076515049 -0.681403875 1.546425343 0.007043051 0.829008877 0.536110997 0.158995941
1341848010.514760 -0.074030489 -0.679942071 1.546530485 0.006358578 0.829734385 0.536431789 0.154082283
1341848010.550631 -0.071031794 -0.680764437 1.539906740 0.006098814 0.826941311 0.541787565 0.150323585
1341848010.582861 -0.071014300 -0.678471804 1.538469553 0.006932848 0.828779459 0.539476573 0.148464173
1341848010.618690 -0.070456773 -0.677098393 1.536640167 0.005573317 0.828286827 0.541171253 0.145064116
1341848010.650956 -0.066392973 -0.677612185 1.530730486 0.005323954 0.826775968 0.544692457 0.140439600
1341848010.682633 -0.067095518 -0.675756633 1.531309605 0.006155548 0.828775823 0.541859567 0.139574081
1341848010.718753 -0.066550478 -0.675276518 1.529311061 0.005523724 0.828472674 0.543177128 0.136239007
1341848010.750922 -0.066833079 -0.675045431 1.524560452 0.005906181 0.827103913 0.545731425 0.134318665
1341848010.782711 -0.066303849 -0.674825549 1.520960927 0.006211682 0.827447236 0.546103716 0.130626321
1341848010.818844 -0.065997019 -0.674324870 1.519863129 0.007952318 0.829495430 0.543927491 0.126558170
1341848010.850765 -0.065231621 -0.673811257 1.517688155 0.007915330 0.829680204 0.544502616 0.122821011
1341848010.886687 -0.064178050 -0.673728049 1.515707970 0.009600992 0.830443561 0.544197738 0.118828237
1341848010.918833 -0.065396190 -0.671813607 1.514533043 0.010495516 0.831580281 0.542747438 0.117428012
1341848010.950793 -0.063767448 -0.670935035 1.512914777 0.009184371 0.832280397 0.542622447 0.113074847
1341848010.986761 -0.062536761 -0.669919133 1.511989594 0.009037778 0.833216846 0.541768372 0.110249817
1341848011.018704 -0.061804339 -0.669283152 1.511892080 0.009538026 0.833647490 0.541484892 0.108328231
1341848011.051016 -0.061572552 -0.668927610 1.508969307 0.010581705 0.832725585 0.543306828 0.106178172
1341848011.086749 -0.060482308 -0.668413699 1.508081675 0.010779420 0.833299816 0.543032825 0.103007615
1341848011.118701 -0.059934780 -0.667898953 1.507998943 0.011283671 0.833943605 0.542465389 0.100707792
1341848011.154630 -0.059127077 -0.667946458 1.506575584 0.012780482 0.833440304 0.543675840 0.098134890
1341848011.186671 -0.059077546 -0.666343570 1.506909728 0.012845208 0.834048688 0.542977631 0.096814722
1341848011.219095 -0.058992609 -0.666301012 1.504524827 0.011058202 0.832776189 0.545393288 0.094380811
1341848011.254693 -0.057319462 -0.665496469 1.503273010 0.008552647 0.833634377 0.544799507 0.090410650
1341848011.286627 -0.056468502 -0.665427685 1.502207875 0.007858031 0.833851755 0.545002282 0.087189361
1341848011.322712 -0.055796310 -0.664665818 1.501140594 0.008002982 0.834390581 0.544877529 0.082684584
1341848011.354750 -0.053471573 -0.664311349 1.499077320 0.007933329 0.835008442 0.544601619 0.078147650
1341848011.386749 -0.053057157 -0.664003849 1.499956250 0.009512831 0.836347222 0.543125629 0.073806182
1341848011.422722 -0.052051432 -0.663181424 1.497772813 0.009728598 0.835425436 0.545052707 0.069908649
1341848011.454654 -0.052152216 -0.662146926 1.496208668 0.011104389 0.836267471 0.544208288 0.066111296
1341848011.486754 -0.050909340 -0.661120594 1.496976852 0.010206445 0.837399960 0.543126822 0.060584188
1341848011.522854 -0.049593538 -0.660165787 1.495907784 0.010833623 0.836694956 0.544778585 0.055139981
1341848011.554674 -0.048490681 -0.659621298 1.492908716 0.011614962 0.835692644 0.546665609 0.051377483
1341848011.590867 -0.048730522 -0.658649027 1.493795156 0.010978368 0.836854577 0.545082510 0.049385678
1341848011.622723 -0.048197884 -0.656793833 1.493213654 0.010044609 0.836628437 0.545826137 0.045008630
1341848011.654892 -0.046571918 -0.656181216 1.491346598 0.010530510 0.836002171 0.547069848 0.041279566
1341848011.690778 -0.047835737 -0.655005574 1.491046429 0.011680179 0.835693896 0.547603428 0.040122677
1341848011.722610 -0.047880001 -0.653256297 1.489966631 0.009993792 0.835119307 0.548784554 0.036212228
1341848011.754796 -0.046507530 -0.651905298 1.487975836 0.007697084 0.833992481 0.550824404 0.031459779
1341848011.790831 -0.046877906 -0.650074720 1.486852765 0.008328014 0.833627999 0.551543653 0.028188467
1341848011.822705 -0.047244273 -0.648998857 1.484424829 0.010522795 0.832018435 0.554169297 0.023042616
1341848011.858763 -0.046975177 -0.647642612 1.482088208 0.012242614 0.831251323 0.555450141 0.018614432
1341848011.890689 -0.048058715 -0.645810068 1.481492281 0.013826216 0.831583679 0.554979622 0.016584609
1341848011.922914 -0.047186024 -0.644697011 1.479301095 0.013879360 0.830305338 0.556989729 0.012763304
1341848011.958828 -0.047753602 -0.643805146 1.476146102 0.015275411 0.829613209 0.558027506 0.010666697
1341848011.990755 -0.049353093 -0.641484439 1.476238251 0.014445174 0.830628276 0.556543589 0.010357507
1341848012.022737 -0.048354313 -0.640257776 1.473554134 0.011628114 0.829093039 0.558932662 0.007988573
1341848012.058861 -0.048569910 -0.637891650 1.471526504 0.010534220 0.828536749 0.559793890 0.006832904
1341848012.090822 -0.049931437 -0.635872006 1.468255281 0.009622755 0.827442825 0.561431170 0.006384708
1341848012.126859 -0.049312428 -0.633413315 1.465511084 0.007615315 0.827132523 0.561935484 0.004726134
1341848012.158771 -0.048770219 -0.630811036 1.463153839 0.007173237 0.826846898 0.562364161 0.004400341
1341848012.190967 -0.048712835 -0.628291011 1.461135268 0.007436771 0.826250970 0.563218355 0.006249910
1341848012.226750 -0.048599992 -0.625888586 1.458115101 0.006678639 0.824783742 0.565360069 0.007431705
1341848012.258713 -0.048439514 -0.623303175 1.455225348 0.004843277 0.823892355 0.566631019 0.010354232
1341848012.295247 -0.049834639 -0.620717406 1.453122258 0.003687732 0.823025882 0.567811072 0.014331896
1341848012.326868 -0.049645759 -0.618781984 1.450042009 0.000108452 0.821653187 0.569744945 0.016636007
1341848012.358782 -0.049079373 -0.615902424 1.447142959 -0.004394390 0.821422815 0.569982946 0.019095698
1341848012.394721 -0.048604533 -0.612904668 1.445746303 -0.007425310 0.821066022 0.570373356 0.021672148
1341848012.426830 -0.048913546 -0.610852122 1.441351652 -0.009402206 0.818338156 0.574142575 0.024383351
1341848012.458805 -0.048771717 -0.608384967 1.437104225 -0.011655605 0.817283213 0.575522780 0.026188388
1341848012.494697 -0.048486702 -0.606144249 1.435066938 -0.014293890 0.817336142 0.575294375 0.028173011
1341848012.526756 -0.047334328 -0.603516936 1.432583570 -0.016902259 0.816321611 0.576587260 0.029672695
1341848012.562690 -0.046884838 -0.602620840 1.426998615 -0.017689304 0.813974321 0.579697967 0.032911614
1341848012.594669 -0.047112919 -0.599393785 1.426048160 -0.021203397 0.815576434 0.577025712 0.037773192
1341848012.626774 -0.045451429 -0.597736597 1.423079133 -0.025743341 0.814357758 0.578415930 0.039920926
1341848012.662763 -0.044670574 -0.595655560 1.420056462 -0.026270488 0.813539863 0.579234004 0.044167146
1341848012.695339 -0.044149134 -0.593806744 1.419351339 -0.027902981 0.813664198 0.578571618 0.049262937
1341848012.726854 -0.043418419 -0.592009246 1.417299986 -0.031922728 0.812855721 0.579038978 0.054408897
1341848012.762672 -0.040989049 -0.590350270 1.415046215 -0.035379104 0.812223911 0.579429269 0.057466131
1341848012.794727 -0.039034396 -0.588484406 1.414639711 -0.037080765 0.812430918 0.578357399 0.063904338
1341848012.830669 -0.039398223 -0.586964965 1.412771463 -0.039106429 0.811232924 0.578788459 0.073319823
1341848012.862795 -0.038605772 -0.586411417 1.409431458 -0.043698903 0.810702860 0.578282118 0.080255821
1341848012.894740 -0.038004562 -0.584110141 1.410307169 -0.048035529 0.813400328 0.573134303 0.087118395
1341848012.930848 -0.037143379 -0.582996488 1.408124685 -0.051032621 0.812020183 0.573692560 0.094317630
1341848012.962752 -0.037243068 -0.582069635 1.406609297 -0.053525951 0.812084317 0.572358787 0.100296780
1341848012.994842 -0.035881706 -0.580299973 1.408139348 -0.058858380 0.814104259 0.568114817 0.104954675
1341848013.030944 -0.035084613 -0.578846455 1.407389641 -0.060105126 0.813024402 0.568428397 0.110760495
1341848013.062714 -0.034304202 -0.578022301 1.405381203 -0.060945470 0.811674714 0.569124162 0.116479464
1341848013.098784 -0.032740101 -0.577815294 1.405114532 -0.062942863 0.811786294 0.567572355 0.122076988
1341848013.130817 -0.031008214 -0.576767206 1.406272531 -0.064939350 0.812086940 0.565647721 0.127829373
1341848013.162759 -0.028870150 -0.577011347 1.404661179 -0.064139731 0.809452355 0.568167269 0.133637354
1341848013.198719 -0.030576348 -0.574924111 1.404927492 -0.057985097 0.808507025 0.567741454 0.143609539
1341848013.230855 -0.029337212 -0.573770523 1.405832767 -0.058427785 0.808320284 0.566790104 0.148167193
1341848013.262723 -0.026530027 -0.574102283 1.406819344 -0.060175389 0.806743741 0.567584395 0.152942657
1341848013.298709 -0.027951956 -0.571810722 1.406960011 -0.055915147 0.804886460 0.567938149 0.162719294
1341848013.330754 -0.028104156 -0.570732951 1.407275558 -0.057717912 0.804045200 0.566798210 0.170058146
1341848013.366705 -0.025739089 -0.570756912 1.408831835 -0.062929459 0.803339303 0.565548182 0.175616279
1341848013.398748 -0.023044825 -0.569768906 1.411901116 -0.064956002 0.802886665 0.564400554 0.180570498
1341848013.430850 -0.020696864 -0.569365680 1.413863301 -0.065165646 0.799633265 0.566547632 0.188052803
1341848013.466959 -0.021210730 -0.569373667 1.410499454 -0.063946955 0.793571651 0.571488321 0.198886797
1341848013.498782 -0.020193771 -0.568147421 1.410941005 -0.066820793 0.793031991 0.569178045 0.206571162
1341848013.534779 -0.017941341 -0.568536341 1.412224412 -0.072245650 0.791986287 0.567346573 0.213673085
1341848013.566664 -0.015186995 -0.567652285 1.414137125 -0.075349338 0.791357636 0.564599395 0.222042903
1341848013.598764 -0.014192879 -0.567969322 1.415112495 -0.075074703 0.789907932 0.563323140 0.230382875
1341848013.634812 -0.013587266 -0.568512380 1.414373517 -0.074669182 0.786712766 0.564685047 0.237987995
1341848013.666669 -0.010528952 -0.569222808 1.413960695 -0.075645790 0.785170734 0.563367784 0.245766789
1341848013.698821 -0.010090381 -0.568361878 1.415118337 -0.076376654 0.786303520 0.557157695 0.255868524
1341848013.734623 -0.007376045 -0.569487691 1.415296912 -0.079301208 0.785987377 0.554313183 0.262053490
1341848013.766827 -0.005794287 -0.568887413 1.416875005 -0.079086982 0.787530601 0.549406469 0.267756104
1341848013.802717 -0.005570412 -0.568240762 1.418608665 -0.077346489 0.787748277 0.545886159 0.274733573
1341848013.834802 -0.003494531 -0.568517804 1.418648362 -0.078078397 0.785423517 0.546082318 0.280727178
1341848013.866791 -0.001490802 -0.568928242 1.417542934 -0.078931816 0.783822477 0.545385897 0.286262751
1341848013.902735 -0.001054674 -0.567401171 1.420271993 -0.080790989 0.785270274 0.539375424 0.293082952
1341848013.934871 0.001941085 -0.568033934 1.420952559 -0.083170347 0.783114195 0.539732933 0.297494859
1341848013.966740 0.003189296 -0.567489743 1.421271086 -0.082893454 0.781255424 0.538783312 0.304107130
1341848014.002717 0.004672647 -0.566356301 1.422027588 -0.082440324 0.780148149 0.537143826 0.309917629
1341848014.034942 0.006804496 -0.565723479 1.423021317 -0.083370209 0.777881086 0.535559893 0.318003237
1341848014.070990 0.007954210 -0.565186977 1.422086835 -0.083679050 0.774283648 0.535302222 0.327008098
1341848014.102686 0.010311723 -0.565881014 1.422099710 -0.088795193 0.771517217 0.534570634 0.333332896
1341848014.134725 0.014079571 -0.564001620 1.424526811 -0.093486033 0.771018565 0.531083465 0.338734657
1341848014.170724 0.016966134 -0.563998461 1.425938845 -0.096110061 0.767715871 0.530804098 0.345864475
1341848014.202658 0.020023257 -0.564700663 1.424560666 -0.099043772 0.762661099 0.532512128 0.353509963
1341848014.234751 0.025047451 -0.564361811 1.425640702 -0.101000406 0.761648774 0.529544532 0.359545082
1341848014.270714 0.026177615 -0.561741412 1.427884340 -0.100955598 0.760078311 0.524721205 0.369806170
1341848014.302738 0.030228108 -0.563356876 1.427400827 -0.101780981 0.756135345 0.526391864 0.375248641
1341848014.338694 0.034132928 -0.563777685 1.429426074 -0.101646774 0.754423857 0.524147868 0.381813556
1341848014.370553 0.036019444 -0.560962200 1.432367563 -0.102616385 0.752213597 0.518172503 0.393880457
1341848014.402830 0.037924796 -0.560944080 1.431962729 -0.102361523 0.748625636 0.516105115 0.403382421
1341848014.438848 0.042449683 -0.562070131 1.434317470 -0.104876615 0.746542752 0.512507141 0.411109775
1341848014.470783 0.045515358 -0.561659098 1.435531497 -0.106979266 0.743091583 0.507761896 0.422549695
1341848014.506633 0.050083965 -0.562392592 1.439447284 -0.109345831 0.742311597 0.502428234 0.429631054
1341848014.538728 0.051130205 -0.563429832 1.437945485 -0.108695641 0.736398518 0.499839067 0.442790419
1341848014.570790 0.055986971 -0.562740088 1.442501783 -0.110671401 0.738911569 0.491330504 0.447611302
1341848014.606858 0.059553295 -0.560746312 1.447379947 -0.110532843 0.739294946 0.484128118 0.454802662
1341848014.638688 0.062529415 -0.563113570 1.445619702 -0.109341152 0.733246565 0.485779285 0.463046938
1341848014.670828 0.066132784 -0.563199639 1.445342779 -0.106908247 0.730473638 0.483631790 0.470190585
1341848014.706765 0.069280773 -0.564884067 1.446037650 -0.106501229 0.728397906 0.479495466 0.477679908
1341848014.738691 0.071001470 -0.563556552 1.447238326 -0.105280042 0.728426874 0.472894162 0.484439373
1341848014.774750 0.075161517 -0.567884207 1.449602485 -0.101511486 0.727086425 0.473014414 0.487132609
1341848014.806669 0.077945352 -0.566656113 1.451144338 -0.096712001 0.724627435 0.471054018 0.493629336
1341848014.838740 0.080778956 -0.565562129 1.453323126 -0.093569100 0.723460495 0.467697293 0.499108225
1341848014.874686 0.084783435 -0.566163182 1.454822421 -0.092697084 0.720669508 0.465369046 0.505444646
1341848014.906647 0.083978683 -0.565716565 1.454071045 -0.087126799 0.716671944 0.462624669 0.514556706
1341848014.938697 0.087417006 -0.564062595 1.456614614 -0.085258611 0.715144277 0.461632639 0.517875373
1341848014.974705 0.090294182 -0.563113809 1.459234715 -0.083060436 0.712098062 0.461069405 0.522907495
1341848015.006657 0.087586328 -0.561382592 1.457108498 -0.080120265 0.705690980 0.461078495 0.531965792
1341848015.042593 0.090297341 -0.561846852 1.457384467 -0.087591134 0.699896276 0.464385450 0.535555005
1341848015.074864 0.093061492 -0.561075985 1.458642244 -0.095575698 0.695701122 0.463679194 0.540247023
1341848015.106838 0.094439492 -0.559149742 1.458349586 -0.100503854 0.691155672 0.462114692 0.546491385
1341848015.142691 0.095727935 -0.558819652 1.458617926 -0.104420692 0.687043548 0.462652206 0.550472975
1341848015.174708 0.098936290 -0.557276011 1.460625648 -0.108183458 0.683782756 0.462767363 0.553700089
1341848015.207238 0.100870907 -0.556721449 1.459578037 -0.107480116 0.678081095 0.464469641 0.559394360
1341848015.243495 0.103966460 -0.555292666 1.459643602 -0.111791275 0.673912704 0.462170005 0.565458417
1341848015.274780 0.107765809 -0.555408955 1.462025285 -0.114873812 0.671198905 0.460570991 0.569359720
1341848015.310598 0.107369676 -0.554305494 1.460438251 -0.109782688 0.664127946 0.458781332 0.580001295
1341848015.342895 0.108982489 -0.553876281 1.460810423 -0.111051485 0.659251034 0.456646562 0.586966395
1341848015.374733 0.110459596 -0.552703083 1.461924434 -0.107908189 0.654691577 0.455972463 0.593147397
1341848015.410655 0.112640478 -0.551972508 1.462103844 -0.106471494 0.648150027 0.454838008 0.601404786
1341848015.442783 0.113852061 -0.552204430 1.461676121 -0.107009083 0.641611099 0.453714281 0.609120309
1341848015.474959 0.114993148 -0.550929427 1.461829782 -0.105231784 0.635609031 0.451019406 0.617664099
1341848015.510927 0.116671100 -0.550519824 1.461064219 -0.106492691 0.629283786 0.446051866 0.627454281
1341848015.542834 0.114746638 -0.550308168 1.461056113 -0.101143271 0.623294413 0.444427907 0.635419488
1341848015.581753 0.118586302 -0.549933851 1.461317182 -0.104771592 0.614822507 0.443276912 0.643833637
1341848015.617769 0.118810952 -0.548374116 1.461003065 -0.102513574 0.608770847 0.436776876 0.654304922
1341848015.650094 0.118468590 -0.548836827 1.461598635 -0.104136981 0.603026152 0.431446791 0.662848890
1341848015.685811 0.121837310 -0.549093008 1.462433457 -0.107670732 0.597174525 0.428546399 0.669430792
1341848015.718057 0.122558638 -0.548467457 1.462654114 -0.104873747 0.592872620 0.422366709 0.677576423
1341848015.749815 0.121973619 -0.549579740 1.463343382 -0.102731422 0.588870466 0.418107092 0.684005976
1341848015.785761 0.123912901 -0.548862576 1.463624716 -0.099479601 0.583017230 0.415764362 0.690894067
1341848015.817883 0.124576017 -0.550076008 1.463246584 -0.099814422 0.578840613 0.409617454 0.697992921
1341848015.853811 0.123882540 -0.550258160 1.462880373 -0.095951721 0.574435413 0.406004369 0.704256773
1341848015.885654 0.125040129 -0.549999714 1.463245273 -0.096250951 0.570120215 0.399766475 0.711256266
1341848015.917793 0.124843739 -0.550161719 1.463246107 -0.096536346 0.568058610 0.393107474 0.716558814
1341848015.954005 0.124649867 -0.550397158 1.463159561 -0.093733929 0.566091239 0.386030972 0.722312033
1341848015.986663 0.122449525 -0.550991356 1.462706327 -0.090094194 0.563168526 0.378746629 0.728886247
1341848016.021677 0.123757519 -0.551188409 1.462647676 -0.088356599 0.558700144 0.376907349 0.733476639
1341848016.053936 0.124893904 -0.552330971 1.464208841 -0.088684574 0.558029294 0.371659517 0.736618876
1341848016.085724 0.123624578 -0.553175986 1.463663816 -0.086738072 0.555436015 0.366267264 0.741495430
1341848016.121844 0.124026969 -0.555579782 1.462887764 -0.089610219 0.551412523 0.366256356 0.744157553
1341848016.153821 0.124442399 -0.555550277 1.463382840 -0.091804154 0.550209403 0.363174438 0.746288121
1341848016.185769 0.124474496 -0.556257367 1.463297606 -0.094766952 0.548662305 0.361314803 0.747957587
1341848016.221734 0.123922527 -0.556148410 1.463046312 -0.095423579 0.546537638 0.361102849 0.749530256
1341848016.253686 0.124290198 -0.556684196 1.465359569 -0.094984330 0.548928857 0.360870481 0.747948885
1341848016.289960 0.124370933 -0.558224022 1.465355039 -0.098460294 0.549444497 0.360604763 0.747248650
1341848016.322013 0.123290792 -0.558058560 1.465327382 -0.098987035 0.551408172 0.363494635 0.744326711
1341848016.353746 0.122980595 -0.557692468 1.466610312 -0.094457567 0.554403782 0.364201069 0.742342055
1341848016.389789 0.121772483 -0.559431195 1.465939641 -0.093112938 0.554253757 0.367681682 0.740906835
1341848016.421705 0.121524692 -0.559486151 1.466780663 -0.089180201 0.556188464 0.372672766 0.737438977
1341848016.453901 0.120720029 -0.560728848 1.468357086 -0.086322166 0.559554517 0.374420851 0.734340668
1341848016.490058 0.120307237 -0.561085761 1.468955398 -0.081962980 0.561106563 0.374971896 0.733374059
1341848016.521813 0.119303636 -0.560757518 1.467544556 -0.077791035 0.561597943 0.375718683 0.733070076
1341848016.554210 0.119038880 -0.562682569 1.470535040 -0.076576293 0.565999806 0.375830054 0.729747951
1341848016.589825 0.118680276 -0.564248502 1.470686793 -0.074324057 0.564677179 0.376435518 0.730692804
1341848016.621860 0.117211789 -0.565043867 1.471299767 -0.070972219 0.565348566 0.379442573 0.728949428
1341848016.657837 0.116183683 -0.565401912 1.474040389 -0.064183436 0.567341208 0.381652653 0.726873875
1341848016.689891 0.112980813 -0.567355394 1.474927902 -0.060061466 0.566351414 0.382457823 0.727574527
1341848016.757848 0.113090411 -0.567929983 1.478550315 -0.058745429 0.568231702 0.380443454 0.727271914
1341848016.784104 0.110309236 -0.572199345 1.480118871 -0.061131023 0.568938494 0.378246754 0.727668464
1341848016.818817 0.108990125 -0.573207974 1.483188987 -0.059935834 0.570090473 0.380363792 0.725760221
1341848016.850754 0.108635463 -0.574998200 1.485380530 -0.060612846 0.569837332 0.380488545 0.725837469
1341848016.882757 0.106208600 -0.576805472 1.486494780 -0.061399676 0.569259286 0.379917502 0.726523638
1341848016.918907 0.103601843 -0.577955902 1.488663077 -0.058608294 0.569055438 0.382307798 0.725659490
1341848016.950706 0.101801462 -0.579627335 1.492096543 -0.059329018 0.570396125 0.381390363 0.725030839
1341848016.986658 0.101143152 -0.582701981 1.492846727 -0.063452005 0.569624484 0.382883757 0.724501014
1341848017.018678 0.099391170 -0.583061695 1.495317578 -0.062305104 0.571391642 0.383417666 0.722925007
1341848017.050760 0.096505940 -0.585099220 1.497453332 -0.061570663 0.573001146 0.384161204 0.721317470
1341848017.086845 0.095045552 -0.586943626 1.498875022 -0.063346222 0.574756026 0.385529369 0.719033957
1341848017.118641 0.094402589 -0.588912129 1.500640154 -0.064451791 0.578017533 0.387175649 0.715427637
1341848017.150678 0.090543248 -0.590329349 1.502224565 -0.062397808 0.582336128 0.387298822 0.712032855
1341848017.186855 0.088505328 -0.591580391 1.503513336 -0.061063945 0.585440040 0.389054149 0.708638191
1341848017.218765 0.087653637 -0.593668282 1.506186843 -0.060382068 0.591304481 0.390338033 0.703099728
1341848017.254693 0.084051475 -0.595681369 1.506209135 -0.057486139 0.594787061 0.390503317 0.700307667
1341848017.286638 0.081347980 -0.597348928 1.508233428 -0.053585637 0.599914610 0.392808914 0.694933236
1341848017.318695 0.081956670 -0.597987413 1.511853814 -0.049403399 0.606230974 0.390603513 0.690993667
1341848017.354737 0.075783417 -0.602789521 1.509384155 -0.044176679 0.608572066 0.388918251 0.690239906
1341848017.386825 0.073515259 -0.605105639 1.510363698 -0.043388337 0.612819374 0.391791701 0.684886277
1341848017.418824 0.070487686 -0.606606066 1.511385083 -0.036846589 0.616797805 0.393183798 0.680888593
1341848017.454792 0.065774195 -0.609193742 1.511124611 -0.035686187 0.617957771 0.394969463 0.678862154
1341848017.486699 0.065885879 -0.610617697 1.513200641 -0.035848126 0.622056067 0.396671802 0.674101412
1341848017.522694 0.062513903 -0.611316323 1.512980580 -0.033981156 0.624535322 0.394755095 0.673030078
1341848017.554797 0.058705967 -0.612650990 1.514162421 -0.031681441 0.629065990 0.393887520 0.669421375
1341848017.587838 0.057596274 -0.613935292 1.514926076 -0.031262781 0.631396055 0.395336509 0.666386306
1341848017.622714 0.055932041 -0.615184188 1.514960647 -0.028625226 0.634306192 0.394607991 0.664169312
1341848017.654814 0.053183936 -0.616055608 1.515321136 -0.026744349 0.637017310 0.395831376 0.660916984
1341848017.686820 0.055000767 -0.617860794 1.516874194 -0.026271395 0.640961587 0.394672990 0.657807946
1341848017.722837 0.049126275 -0.619888484 1.516704917 -0.020553781 0.644464433 0.393707365 0.655162215
1341848017.754780 0.049188524 -0.619850874 1.517615557 -0.016257491 0.646304309 0.396288425 0.651906312
1341848017.790699 0.048365247 -0.622311056 1.518077374 -0.014051265 0.648399591 0.394499362 0.650961459
1341848017.822756 0.044441462 -0.623663127 1.518398046 -0.010590535 0.651049376 0.392798573 0.649408758
1341848017.854726 0.043161612 -0.624990582 1.519203782 -0.009608907 0.652421892 0.393456131 0.647646189
1341848017.890737 0.041794762 -0.626432538 1.520617723 -0.008708416 0.654131532 0.393311173 0.646020412
1341848017.922823 0.039222486 -0.627283871 1.521722317 -0.008565481 0.655778348 0.393201172 0.644417703
1341848017.958643 0.040096208 -0.627786875 1.523206472 -0.010520780 0.657626152 0.393294126 0.642445982
1341848017.990683 0.036130570 -0.629172564 1.524285913 -0.008485224 0.659196794 0.392915815 0.641096532
1341848018.022671 0.035363398 -0.629492521 1.525275946 -0.009585880 0.659690320 0.395416498 0.639032483
1341848018.058766 0.036441788 -0.630530834 1.525781035 -0.012412122 0.661539197 0.395752072 0.636861145
1341848018.090894 0.033632867 -0.631183386 1.527412295 -0.011757599 0.665190279 0.395152301 0.633433759
1341848018.122747 0.032454401 -0.632012963 1.528285265 -0.010344440 0.666058183 0.399619341 0.629733086
1341848018.159145 0.034212545 -0.633220494 1.529669166 -0.010915597 0.667430043 0.401949763 0.626781046
1341848018.190824 0.032501012 -0.634498000 1.530616403 -0.011048826 0.669972539 0.401762366 0.624180853
1341848018.226660 0.033239812 -0.634955406 1.532895088 -0.012113476 0.673146367 0.402956128 0.619962573
1341848018.258766 0.031700239 -0.637070358 1.534668922 -0.009279182 0.675044298 0.405368030 0.616365075
1341848018.290747 0.031154826 -0.638115644 1.536516428 -0.007986653 0.676139832 0.408465296 0.613129079
1341848018.333905 0.032269731 -0.639424384 1.538212657 -0.011238950 0.677922130 0.409506619 0.610409379
1341848018.367205 0.033427253 -0.641188502 1.541095376 -0.013387609 0.682359874 0.408838689 0.605852067
1341848018.397728 0.031267673 -0.643420875 1.543424845 -0.011657664 0.685075283 0.409379900 0.602448404
1341848018.433770 0.031042725 -0.645050347 1.546417117 -0.007648643 0.686275959 0.414992332 0.597284079
1341848018.465663 0.031145975 -0.646531940 1.549243569 -0.004069632 0.686720192 0.420484811 0.592951417
1341848018.501822 0.031312883 -0.648348689 1.552123070 -0.003522569 0.689159989 0.422355562 0.588779986
1341848018.534507 0.030786529 -0.649573267 1.556007862 -0.002001867 0.692417145 0.423747957 0.583945394
1341848018.565849 0.030066043 -0.651391089 1.559854746 -0.001945105 0.694701195 0.425128251 0.580217540
1341848018.601739 0.030603856 -0.653862178 1.562941670 -0.004045156 0.696886599 0.425689369 0.577166557
1341848018.633687 0.029046059 -0.655789495 1.566419840 -0.003799593 0.700493097 0.426130086 0.572457969
1341848018.669811 0.029126257 -0.657750368 1.571171641 -0.004403648 0.702920675 0.427442700 0.568485498
1341848018.701756 0.028248519 -0.660406888 1.574666381 -0.004441132 0.704016387 0.430481285 0.564824820
1341848018.733853 0.029405266 -0.662506044 1.577416778 -0.006297750 0.705748856 0.431929708 0.561529696
1341848018.769715 0.029116780 -0.665135026 1.581994057 -0.006822373 0.708490193 0.431309551 0.558540225
1341848018.802234 0.028734803 -0.668982327 1.586372852 -0.006897321 0.709640801 0.432556421 0.556109130
1341848018.833759 0.030095220 -0.670798063 1.588719010 -0.008168171 0.710942209 0.431541950 0.555217147
1341848018.869787 0.029978156 -0.674550176 1.592249274 -0.007704108 0.713690937 0.429674417 0.553141773
1341848018.901964 0.028726578 -0.676756501 1.596341610 -0.005803546 0.715758622 0.429156750 0.550890565
1341848018.933795 0.029562503 -0.679513097 1.599371672 -0.002063815 0.715583026 0.432600319 0.548446596
1341848018.969688 0.028248817 -0.682399333 1.601591349 -0.000467587 0.716148376 0.432672590 0.547654748
1341848019.002336 0.027426600 -0.685408711 1.604491949 -0.001563434 0.717553139 0.433316737 0.545299590
1341848019.069833 0.027103484 -0.690518618 1.609555602 -0.001122518 0.720847547 0.431993544 0.541995525
1341848019.096441 0.026408255 -0.693518519 1.611893177 -0.002819952 0.722617507 0.432383418 0.539314926
1341848019.130792 0.027040184 -0.695229828 1.614364982 -0.003810131 0.725016296 0.432393819 0.536071360
1341848019.162652 0.025885582 -0.697191119 1.617534161 -0.003525867 0.726961792 0.433263361 0.532725990
1341848019.198644 0.025208473 -0.699359715 1.620193124 -0.004284785 0.728538096 0.435589820 0.528654397
1341848019.231114 0.026455581 -0.700830221 1.622642756 -0.006219427 0.731440187 0.436798841 0.523606062
1341848019.262728 0.025538504 -0.703863859 1.626478434 -0.006883697 0.734511912 0.436250120 0.519740939
1341848019.298715 0.023320764 -0.706269741 1.630627513 -0.007223800 0.736736357 0.437799841 0.515265644
1341848019.330680 0.024399161 -0.708773613 1.633781433 -0.009287043 0.738910735 0.440124899 0.510112464
1341848019.362697 0.023136795 -0.711717606 1.638296604 -0.009983180 0.742363751 0.438908368 0.506118357
1341848019.398715 0.022057593 -0.713757753 1.643139958 -0.011452834 0.745123863 0.440171242 0.500907719
1341848019.431028 0.023271829 -0.716334879 1.646793604 -0.012765580 0.747343063 0.441223979 0.496625453
1341848019.467021 0.021292806 -0.719029188 1.650662899 -0.012646185 0.750584602 0.439723462 0.493057907
1341848019.498756 0.021605015 -0.721511722 1.655455828 -0.013542674 0.754223466 0.439224273 0.487899333
1341848019.530821 0.021250188 -0.724214435 1.660507202 -0.009669496 0.756939888 0.439647198 0.483382732
1341848019.567087 0.020203054 -0.727194369 1.666549444 -0.007564360 0.758699775 0.441429108 0.479017615
1341848019.598737 0.021052718 -0.730894327 1.670769453 -0.006877797 0.759639382 0.442966521 0.476110756
1341848019.630654 0.019746125 -0.732506335 1.676138401 -0.006746504 0.762394965 0.441503972 0.473056793
1341848019.666875 0.020409942 -0.735621035 1.682101250 -0.007097885 0.763841689 0.443194658 0.469120532
1341848019.698668 0.020230651 -0.737968981 1.685832858 -0.005299026 0.763249874 0.446118951 0.467332333
1341848019.734756 0.020449519 -0.739472270 1.690108061 -0.007111771 0.765322447 0.445607811 0.464397162
1341848019.766703 0.021589994 -0.741619945 1.693928480 -0.008842206 0.767632067 0.445532739 0.460611969
1341848019.798719 0.021622241 -0.744457781 1.699544907 -0.008783894 0.769606650 0.445679456 0.457163274
1341848019.834660 0.021326721 -0.746840835 1.701894283 -0.007230659 0.770516574 0.447522908 0.453844875
1341848019.866778 0.021899939 -0.748824239 1.704891324 -0.007394997 0.772789240 0.447888345 0.449597746
1341848019.898833 0.022277415 -0.750237346 1.708206773 -0.005830162 0.775275946 0.448119760 0.445086420
1341848019.934782 0.022448182 -0.752282739 1.711111188 -0.003434950 0.776795506 0.450762302 0.439761639
1341848019.966705 0.022650778 -0.753838539 1.712809682 -0.002076598 0.777966976 0.453467309 0.434891373
1341848020.002811 0.023692667 -0.753973961 1.714818001 -0.001427702 0.780585170 0.454230368 0.429371059
1341848020.034693 0.023749530 -0.756366372 1.717541933 -0.002239314 0.783678412 0.454246283 0.423678517
1341848020.066696 0.025522590 -0.757996678 1.720338225 -0.001354143 0.785452545 0.456505209 0.417929858
1341848020.102776 0.026245594 -0.758737922 1.722493768 0.000520330 0.786797285 0.457849085 0.413912982
1341848020.134758 0.026916146 -0.759711862 1.724833488 -0.001250080 0.789257884 0.457878321 0.409167260
1341848020.170835 0.028180718 -0.762523293 1.727042913 -0.002565488 0.792044938 0.457931250 0.403679550
1341848020.202706 0.028680027 -0.764623046 1.730644703 -0.003077843 0.794386744 0.457758576 0.399245918
1341848020.234873 0.031028509 -0.764621258 1.733262777 -0.003551850 0.796786368 0.458489686 0.393581092
1341848020.271152 0.032735646 -0.766547918 1.733644366 -0.003649770 0.798842371 0.459185302 0.388569742
1341848020.302754 0.034122705 -0.768664241 1.738060594 -0.003768488 0.802209735 0.458096236 0.382874846
1341848020.334861 0.035081208 -0.770060778 1.740850925 -0.002847913 0.804558992 0.458541960 0.377380490
1341848020.370812 0.038168967 -0.770955682 1.742087126 -0.001720763 0.806821525 0.459494829 0.371349633
1341848020.402809 0.039862990 -0.772908092 1.744961143 -0.000743057 0.809934974 0.458718985 0.365488380
1341848020.438816 0.041984737 -0.774704814 1.746795177 -0.000897525 0.812601507 0.458317965 0.360031396
1341848020.471200 0.045616508 -0.775161147 1.748160362 -0.001240533 0.816442788 0.456185907 0.353997231
1341848020.502691 0.046667635 -0.777627707 1.752353668 0.001231249 0.820474923 0.453956842 0.347480357
1341848020.538748 0.048671424 -0.780075312 1.756081223 0.003505586 0.822791338 0.455258995 0.340207905
1341848020.570790 0.051222444 -0.781608224 1.758275151 0.006570242 0.824361026 0.456892610 0.334118098
1341848020.602764 0.053141773 -0.783001244 1.762126088 0.008781240 0.826139092 0.458026946 0.328067631
1341848020.638929 0.055389524 -0.784680128 1.766414523 0.009601387 0.826870084 0.461283147 0.321576595
1341848020.670809 0.058075964 -0.785995364 1.767273068 0.011785045 0.826982796 0.464087754 0.317148417
1341848020.706669 0.058913708 -0.786985397 1.770628691 0.010393754 0.828773856 0.463157028 0.313865393
1341848020.738994 0.062292874 -0.789532840 1.773208618 0.008746658 0.829155803 0.466436416 0.307995528
1341848020.770817 0.066216648 -0.791088343 1.775214076 0.011324227 0.829054594 0.469097614 0.304117948
1341848020.807216 0.067251086 -0.792455792 1.777991056 0.012102921 0.829343736 0.470030606 0.301850528
1341848020.839066 0.071661413 -0.792463899 1.778819919 0.010706614 0.829860568 0.471654028 0.297924995
1341848020.870955 0.074917138 -0.794522941 1.780675888 0.010274634 0.831037998 0.471313924 0.295183778
1341848020.906582 0.075312018 -0.797511339 1.784018159 0.012013663 0.831586003 0.472051740 0.292382479
1341848020.938790 0.078423381 -0.797567725 1.783964396 0.012661384 0.831406236 0.474186182 0.289397418
1341848020.974874 0.081731558 -0.798570275 1.785169363 0.012146625 0.833061576 0.473116904 0.286393464
1341848021.006632 0.083328545 -0.801684082 1.788288355 0.011594884 0.834493279 0.472439766 0.283349931
1341848021.039636 0.085848570 -0.803036928 1.790626526 0.012129078 0.834945858 0.474100351 0.279190123
1341848021.074762 0.089949906 -0.803093255 1.791041493 0.013718690 0.835451126 0.475568026 0.275078654
1341848021.106691 0.091356933 -0.804111600 1.793106318 0.012734243 0.836553931 0.475238264 0.272330552
1341848021.142795 0.094261527 -0.806103706 1.795349836 0.010976295 0.837968886 0.475674123 0.267248720
1341848021.175038 0.098537266 -0.807017088 1.797086716 0.011133172 0.839123309 0.476042718 0.262928575
1341848021.206698 0.101389587 -0.808380008 1.799929857 0.011621157 0.840090513 0.476741552 0.258515835
1341848021.242671 0.104484379 -0.806762218 1.799315691 0.010192441 0.841739595 0.476062208 0.254431427
1341848021.274899 0.108525515 -0.810358047 1.803443313 0.009287068 0.844562113 0.474744529 0.247479677
1341848021.307283 0.112530351 -0.811272383 1.804462671 0.010684995 0.846332610 0.474331498 0.242108554
1341848021.343359 0.115875125 -0.810232401 1.805473566 0.011100223 0.849137008 0.472048074 0.236672282
1341848021.384830 0.120595992 -0.812493384 1.806370139 0.010544535 0.853005111 0.468711704 0.229304403
1341848021.414272 0.122584939 -0.817759395 1.810049772 0.013375503 0.855852127 0.467083484 0.221746013
1341848021.455728 0.128137648 -0.818020463 1.811771154 0.016367741 0.858537376 0.466041476 0.213192374
1341848021.487906 0.133092999 -0.819780529 1.814528942 0.020223849 0.861818373 0.463428110 0.205169261
1341848021.514696 0.134846926 -0.823890865 1.817595959 0.023176890 0.863438427 0.462816328 0.199343875
1341848021.550755 0.138423741 -0.825286746 1.821288824 0.025375569 0.864720106 0.462544203 0.194082737
1341848021.617752 0.145605385 -0.827918112 1.824893236 0.021233436 0.867037833 0.461165398 0.187406152
1341848021.643147 0.150707722 -0.828308642 1.827362061 0.014762777 0.868713319 0.460034549 0.182995662
1341848021.678764 0.155018389 -0.828666687 1.828838110 0.012673535 0.869969487 0.459182322 0.179287747
1341848021.710743 0.158606559 -0.832798839 1.832435369 0.013388447 0.870472014 0.459657043 0.175540924
1341848021.742811 0.162798345 -0.831455827 1.833245754 0.013387037 0.870504439 0.461045414 0.171697378
1341848021.778676 0.166099399 -0.832188547 1.833658457 0.014319280 0.870832741 0.462032914 0.167245284
1341848021.810867 0.169300973 -0.832494259 1.836587071 0.013025357 0.871368527 0.462455302 0.163347229
1341848021.844563 0.173856646 -0.832524121 1.836695552 0.009880109 0.871758461 0.463574648 0.158234552
1341848021.878887 0.178232878 -0.832961738 1.836914062 0.008953401 0.872540593 0.463584542 0.153890148
1341848021.910628 0.183834195 -0.834467769 1.838306904 0.007670468 0.873443305 0.463274032 0.149716944
1341848021.946714 0.188126445 -0.833402634 1.837681770 0.006932492 0.874525607 0.462315857 0.146358877
1341848021.978747 0.192960173 -0.834758162 1.836914659 0.006062640 0.875919163 0.460893810 0.142498374
1341848022.010782 0.197332859 -0.835890412 1.838807106 0.004575365 0.877297759 0.459308565 0.139152437
1341848022.046709 0.201381445 -0.836656332 1.838569403 0.004714914 0.878219903 0.458847761 0.134782404
1341848022.078665 0.207059145 -0.837038875 1.839605927 0.003927415 0.879378736 0.458004117 0.130038038
1341848022.110954 0.210262239 -0.835732281 1.838194847 0.002854806 0.880225718 0.457489312 0.126087531
1341848022.146749 0.216204733 -0.835677981 1.836864948 0.001700273 0.881195545 0.457020462 0.120929040
1341848022.178988 0.220355481 -0.836738586 1.836048126 0.001138577 0.882364511 0.455845505 0.116775386
1341848022.214773 0.225689888 -0.835441113 1.834805727 0.000025486 0.883736253 0.454425782 0.111836769
1341848022.246774 0.229996949 -0.835829079 1.832918406 0.000037328 0.885603547 0.452233076 0.105790764
1341848022.278764 0.234219939 -0.837405384 1.834156513 0.002806804 0.887124240 0.450823218 0.098798297
1341848022.314757 0.240392566 -0.837752581 1.832264423 0.007563370 0.887267947 0.452118486 0.091034457
1341848022.354110 0.242460281 -0.835793972 1.827065468 0.010644754 0.888348699 0.450810671 0.086562246
1341848022.387191 0.248305529 -0.837174952 1.829704404 0.009705703 0.890499294 0.448069096 0.078427888
1341848022.417848 0.252290994 -0.838227034 1.825694442 0.012801829 0.890466690 0.449005604 0.072795376
1341848022.454164 0.256552130 -0.839045286 1.823557138 0.013761491 0.892180920 0.446285307 0.068214908
1341848022.485638 0.258318722 -0.841113865 1.823022008 0.014289199 0.893484473 0.444338292 0.063599072
1341848022.521730 0.264190018 -0.841760695 1.821505308 0.014952853 0.894111156 0.443910688 0.057314806
1341848022.554231 0.269258499 -0.842774332 1.819093227 0.016846456 0.894825757 0.442970216 0.052729484
1341848022.586067 0.269827783 -0.843415082 1.817822456 0.016764836 0.895809591 0.441316366 0.049839541
1341848022.621801 0.275585324 -0.843404114 1.815608025 0.015121783 0.896454394 0.440832406 0.042516105
1341848022.654208 0.280395716 -0.844416201 1.812995195 0.016900841 0.897663593 0.438748270 0.037608556
1341848022.690287 0.279951632 -0.847442806 1.814171195 0.019202460 0.897903800 0.438422352 0.034437876
1341848022.721700 0.285090625 -0.847528040 1.811652184 0.019188033 0.896853149 0.441200078 0.025073729
1341848022.753725 0.291584998 -0.844451368 1.807815552 0.018438853 0.897093773 0.441094220 0.017850153
1341848022.782985 0.291374892 -0.846823752 1.810179591 0.019597987 0.897068560 0.441199452 0.015065466
1341848022.814772 0.291570723 -0.846712649 1.809042811 0.019925889 0.894984066 0.445596486 0.007091063
1341848022.850799 0.300635993 -0.845105886 1.803705931 0.014967138 0.893815219 0.448184460 -0.001017301
1341848022.882710 0.300341457 -0.846220613 1.804440022 0.016608160 0.893212616 0.449301571 -0.004842939
1341848022.918835 0.306865841 -0.854251683 1.806286454 0.012677346 0.887691915 0.459883273 -0.018701121
1341848022.950815 0.308664501 -0.843000472 1.792237639 0.006833372 0.884916008 0.465000093 -0.025531393
1341848022.982728 0.312410235 -0.839653850 1.795987964 -0.002989874 0.890036345 0.454767048 -0.031831492
1341848023.018822 0.314286917 -0.843678117 1.798830271 -0.005042725 0.887943625 0.457927138 -0.042818625
1341848023.050766 0.325422108 -0.837722361 1.790358663 -0.006281328 0.884488523 0.462868631 -0.058252580
1341848023.082738 0.329100728 -0.836200476 1.788955092 -0.002104301 0.884847939 0.461400747 -0.064413190
1341848023.118789 0.330887914 -0.837825239 1.790223718 0.000369999 0.883892119 0.462046474 -0.072440684
1341848023.150992 0.337532043 -0.833287477 1.785341740 -0.001933590 0.882597327 0.462661356 -0.083442815
1341848023.186687 0.342274010 -0.830913186 1.786339760 -0.001099992 0.883465767 0.459542543 -0.091146417
1341848023.218702 0.346088350 -0.832206309 1.788798690 0.002429276 0.880590618 0.463195711 -0.100019939
1341848023.250764 0.350962192 -0.827359080 1.784509182 0.004833355 0.877003610 0.467921555 -0.109044783
1341848023.286758 0.354207098 -0.825118661 1.784477472 0.001475264 0.875272512 0.470288932 -0.112801559
1341848023.318763 0.359137833 -0.824657381 1.781832457 -0.004858330 0.872079194 0.474682689 -0.118872114
1341848023.354762 0.362958312 -0.821175814 1.780519962 -0.010210177 0.869886339 0.476811320 -0.125874817
1341848023.386908 0.367769688 -0.819168210 1.778596878 -0.012527279 0.867927730 0.479007065 -0.130754739
1341848023.418717 0.370525151 -0.818834245 1.778272152 -0.011627908 0.866231859 0.480922371 -0.134984449
1341848023.454710 0.373550296 -0.816462934 1.776873112 -0.009764130 0.863756180 0.483656138 -0.141090795
1341848023.487092 0.378264993 -0.813352466 1.772896767 -0.009505991 0.861968517 0.485198200 -0.146637559
1341848023.518675 0.378563225 -0.813783586 1.771440148 -0.009948675 0.860889614 0.486357510 -0.149085581
1341848023.555068 0.382795453 -0.811059952 1.769298911 -0.013681769 0.860061288 0.485677600 -0.155642852
1341848023.586796 0.387221396 -0.808104277 1.765995979 -0.014729496 0.859727025 0.484522820 -0.160904005
1341848023.622845 0.387754887 -0.808281124 1.763418913 -0.012051616 0.859641194 0.483720750 -0.163969606
1341848023.654718 0.390246928 -0.808608532 1.762011051 -0.012247495 0.859439671 0.482468843 -0.168633685
1341848023.687172 0.393839329 -0.805464685 1.758844972 -0.012808852 0.859060585 0.480707169 -0.175417945
1341848023.722693 0.396200836 -0.803221464 1.756052136 -0.010669713 0.859220266 0.478617877 -0.180420607
1341848023.754690 0.397877276 -0.802977383 1.754649162 -0.009976273 0.858847439 0.478024811 -0.183776662
1341848023.786854 0.399324626 -0.800849020 1.750321150 -0.012058067 0.857569873 0.478527337 -0.188255519
1341848023.822788 0.401773006 -0.798749387 1.748098016 -0.013570382 0.857759178 0.476039380 -0.193523914
1341848023.854825 0.403400719 -0.796046615 1.745014787 -0.013174237 0.856894970 0.475829065 -0.197848722
1341848023.890666 0.405173182 -0.794490278 1.739903450 -0.013911557 0.855471611 0.476351798 -0.202641904
1341848023.922784 0.407155246 -0.793106794 1.734480143 -0.015140600 0.854694366 0.475492060 -0.207787350
1341848023.954826 0.408748984 -0.791160703 1.730881214 -0.014589649 0.854782224 0.472878218 -0.213355809
1341848023.990739 0.410881937 -0.791376114 1.729115605 -0.010923293 0.853658557 0.471786201 -0.220376015
1341848024.022671 0.413457096 -0.790130377 1.723906398 -0.006142021 0.851042688 0.473475546 -0.226957038
1341848024.054725 0.414961517 -0.787986815 1.718273878 -0.003254199 0.849962056 0.473472178 -0.231036648
1341848024.090828 0.416525096 -0.787949324 1.716020584 0.000125234 0.849744081 0.471715778 -0.235412806
1341848024.122843 0.418236911 -0.786322415 1.713107467 0.003100156 0.848254085 0.471607924 -0.240917727
1341848024.158762 0.419542491 -0.782585621 1.708496571 0.005523387 0.847060800 0.471505105 -0.245235488
1341848024.190945 0.420143247 -0.783335388 1.704652667 0.007169041 0.846649885 0.470893532 -0.247773856
1341848024.222838 0.420374513 -0.784638166 1.704681516 0.008480359 0.845084548 0.471553683 -0.251788229
1341848024.258826 0.422600031 -0.778860688 1.698071241 0.007729267 0.842137098 0.473033607 -0.258813739
1341848024.290769 0.423625618 -0.777403176 1.695640206 0.009831342 0.841476738 0.472362012 -0.262096137
1341848024.322705 0.423862189 -0.777353883 1.694132686 0.009591045 0.839058399 0.475083441 -0.264924049
1341848024.358743 0.425613731 -0.773975730 1.688698769 0.006781816 0.836494923 0.476653099 -0.270244509
1341848024.390878 0.426357687 -0.772420526 1.686293721 0.005958373 0.835770726 0.475715905 -0.274127960
1341848024.426783 0.428285450 -0.771175742 1.683977365 0.005735958 0.833975017 0.476341188 -0.278481364
1341848024.458795 0.428928375 -0.769676983 1.680982709 0.006006957 0.832214832 0.477549225 -0.281654239
1341848024.491019 0.430228263 -0.767072201 1.679097414 0.005686980 0.830878258 0.477183551 -0.286190212
1341848024.526783 0.432783872 -0.764242172 1.675845265 0.003838095 0.828224719 0.478867322 -0.291058749
1341848024.558627 0.433661848 -0.762411237 1.673188925 0.003375272 0.826603472 0.480130941 -0.293580741
1341848024.594736 0.435605675 -0.760697544 1.671589851 0.004176290 0.825533390 0.479744792 -0.297190398
1341848024.626657 0.437071830 -0.760147870 1.669867158 0.003045916 0.822844684 0.482113749 -0.300805032
1341848024.658717 0.439251423 -0.756374598 1.665930510 0.002254558 0.820692897 0.482521445 -0.305992216
1341848024.694820 0.441473722 -0.754610360 1.664870620 0.003450009 0.819594085 0.481845796 -0.309964955
1341848024.727054 0.444043964 -0.752625346 1.662917972 0.004305942 0.816783965 0.484010071 -0.313973993
1341848024.758938 0.446220338 -0.748746276 1.658322096 0.003816978 0.814905286 0.484304100 -0.318377614
1341848024.794701 0.448787570 -0.748342931 1.657528520 0.003476251 0.814450741 0.482785493 -0.321832389
1341848024.826727 0.453001320 -0.745396018 1.654714346 0.002667585 0.812292576 0.482772052 -0.327268749
1341848024.862797 0.456446350 -0.742659569 1.651250839 0.004784053 0.811590433 0.480806977 -0.331847399
1341848024.894777 0.459455729 -0.741771102 1.650632858 0.007892539 0.811601937 0.478780121 -0.334678441
1341848024.926754 0.462901264 -0.739781737 1.647921681 0.009839153 0.810145438 0.477959752 -0.339296341
1341848024.962678 0.467068791 -0.738685071 1.646376848 0.012204612 0.810137987 0.475573421 -0.342574686
1341848024.994729 0.471506983 -0.738806188 1.646566272 0.015344972 0.809167087 0.474936128 -0.345613748
1341848025.026872 0.474785507 -0.734483361 1.643364072 0.016159642 0.806553841 0.476090014 -0.350068748
1341848025.062647 0.478537560 -0.733159184 1.641249895 0.015089599 0.805733800 0.475495756 -0.352801859
1341848025.094714 0.482605010 -0.733984053 1.641159177 0.013214674 0.804131150 0.476186663 -0.355590641
1341848025.131056 0.486237079 -0.730236888 1.638010740 0.013839095 0.801902354 0.475868642 -0.360984921
1341848025.163080 0.489414603 -0.728572011 1.636536360 0.015978113 0.801622808 0.474060804 -0.363884509
1341848025.194910 0.492744237 -0.728677034 1.635889888 0.017649429 0.800182760 0.474596530 -0.366270602
1341848025.230646 0.495879024 -0.725890398 1.633085012 0.018641094 0.798035920 0.474372745 -0.371162653
1341848025.262679 0.499597400 -0.725494504 1.631377697 0.020258097 0.797568381 0.472909033 -0.373940349
1341848025.294743 0.503142834 -0.723937690 1.629583359 0.020921733 0.796722293 0.472550362 -0.376154214
1341848025.330653 0.505372524 -0.721546233 1.627293229 0.019596612 0.795351624 0.472769111 -0.378841788
1341848025.363022 0.508330941 -0.720629930 1.625031114 0.018790206 0.794785440 0.472069412 -0.380937636
1341848025.398825 0.511471033 -0.719261527 1.623928785 0.020028291 0.794082046 0.471430600 -0.383126259
1341848025.430687 0.514221728 -0.717803240 1.620725870 0.019852320 0.791924417 0.472853571 -0.385838151
1341848025.462832 0.516257048 -0.716288626 1.618488073 0.017619733 0.790902078 0.472310930 -0.388697624
1341848025.498683 0.519008398 -0.714991570 1.617406011 0.016230820 0.790320694 0.471251100 -0.391218692
1341848025.530800 0.521276057 -0.713726997 1.615257382 0.016410578 0.788672686 0.471923083 -0.393718988
1341848025.566751 0.523532212 -0.713005543 1.612936378 0.016288944 0.787279248 0.471974492 -0.396441787
1341848025.598738 0.525357962 -0.711340070 1.611686707 0.015246543 0.786468089 0.471448213 -0.398712993
1341848025.630731 0.527988493 -0.710847259 1.610023975 0.015166038 0.785072386 0.471884251 -0.400944591
1341848025.666677 0.529639482 -0.708880186 1.607882380 0.015640570 0.783802509 0.471805811 -0.403494984
1341848025.698755 0.531625509 -0.708301187 1.606477618 0.015509386 0.782010972 0.472225994 -0.406473666
1341848025.730719 0.533485651 -0.706651688 1.604133844 0.014161923 0.779898286 0.473368198 -0.409243912
1341848025.766716 0.534808993 -0.704381704 1.602244616 0.013176978 0.779598236 0.471993417 -0.411430538
1341848025.798909 0.537004709 -0.704369962 1.600829601 0.014133045 0.778860807 0.470891058 -0.414050370
1341848025.834828 0.538023472 -0.702004671 1.598139048 0.015278446 0.777157545 0.471102476 -0.416959435
1341848025.866679 0.539988637 -0.700853169 1.596704602 0.017331332 0.777313173 0.468729198 -0.419257492
1341848025.898725 0.541892827 -0.699494839 1.595136762 0.019141773 0.776493847 0.467752934 -0.421779543
1341848025.934824 0.543132424 -0.697256505 1.592144966 0.020093275 0.774535716 0.468101054 -0.424937695
1341848025.967138 0.545304239 -0.697051764 1.590742230 0.021198997 0.773870051 0.466912508 -0.427397221
1341848025.998679 0.548194647 -0.694490969 1.588982821 0.022668967 0.772292614 0.466282606 -0.430848926
1341848026.034640 0.549879134 -0.693383574 1.585719824 0.024078226 0.770106733 0.466904014 -0.434000611
1341848026.066857 0.551543415 -0.691302180 1.583906531 0.025215870 0.769880652 0.464255244 -0.437166989
1341848026.102823 0.554505050 -0.689588845 1.582512856 0.026160467 0.768036902 0.463505894 -0.441131800
1341848026.134670 0.555946231 -0.686704397 1.579175949 0.029572554 0.765996397 0.462904215 -0.445078373
1341848026.166699 0.558331251 -0.686051488 1.578119516 0.032697640 0.765813231 0.461019427 -0.447126478
1341848026.202754 0.560244739 -0.684218407 1.576623917 0.034937516 0.763567567 0.461259604 -0.450536996
1341848026.234940 0.561677456 -0.682673573 1.574215889 0.036497820 0.760941625 0.461969435 -0.454114497
1341848026.267001 0.564036250 -0.680361986 1.573000669 0.040607609 0.759907603 0.460059017 -0.457424402
1341848026.302861 0.566111863 -0.678654313 1.570250511 0.044475120 0.756803691 0.461664021 -0.460582644
1341848026.334824 0.567293882 -0.674987733 1.567562938 0.044183947 0.755233705 0.460821450 -0.464018792
1341848026.371024 0.569308996 -0.673133969 1.565808296 0.044323198 0.754478931 0.459135175 -0.466896027
1341848026.402725 0.571672678 -0.671623111 1.563948512 0.045971714 0.753304362 0.458194733 -0.469549507
1341848026.434734 0.572729051 -0.669184685 1.561736822 0.047726605 0.752649605 0.455922276 -0.472626239
1341848026.470839 0.575493872 -0.669469714 1.560294986 0.048438814 0.752190053 0.454391241 -0.474755079
1341848026.502672 0.576333284 -0.667067409 1.557786226 0.048397142 0.750844121 0.453154296 -0.478060663
1341848026.534739 0.578899622 -0.665678144 1.555536985 0.047971550 0.749989331 0.451024473 -0.481447428
1341848026.570847 0.580454469 -0.664891362 1.553644180 0.046787400 0.749985695 0.450078458 -0.482453942
1341848026.602721 0.582471192 -0.663721085 1.552006006 0.044831712 0.749645650 0.449450225 -0.483751982
1341848026.641972 0.584780216 -0.661554515 1.549458027 0.044177156 0.748345852 0.449001670 -0.486234844
1341848026.671128 0.586335301 -0.659538090 1.547095776 0.043791331 0.748145878 0.448051453 -0.487452477
1341848026.702795 0.589004040 -0.657912731 1.544919133 0.042259533 0.748221397 0.447189331 -0.488262743
1341848026.738795 0.592495561 -0.657578409 1.543205857 0.041951228 0.747853339 0.446361989 -0.489608526
1341848026.770813 0.594545066 -0.655075788 1.541496277 0.041927468 0.747537076 0.446630746 -0.489848346
1341848026.806747 0.598933637 -0.654802740 1.538476229 0.042822845 0.746074736 0.447657526 -0.491061449
1341848026.838668 0.601630211 -0.653190672 1.536591768 0.041509021 0.745562434 0.449373394 -0.490384817
1341848026.878025 0.604430020 -0.650213897 1.535206079 0.040230401 0.745348573 0.449615747 -0.490594208
1341848026.906905 0.608983517 -0.648724198 1.532159448 0.038476150 0.743941486 0.451279968 -0.491342068
1341848026.938881 0.612110436 -0.647633851 1.529714108 0.038808487 0.743925810 0.451943904 -0.490729064
1341848026.970651 0.616668582 -0.645448565 1.528364539 0.038221531 0.744260967 0.451949626 -0.490261376
1341848027.006815 0.620310545 -0.644282162 1.526532173 0.037849799 0.743565440 0.453122586 -0.490262985
1341848027.038669 0.624475062 -0.642174065 1.524761558 0.038039397 0.743571162 0.451693326 -0.491556853
1341848027.074785 0.629068136 -0.640299380 1.523406863 0.038934167 0.743701160 0.451059520 -0.491871953
1341848027.106663 0.632601023 -0.639350295 1.522110343 0.040285893 0.742154062 0.451555282 -0.493641883
1341848027.138671 0.637388945 -0.638839602 1.519757986 0.040586550 0.742390573 0.448710322 -0.495850801
1341848027.174831 0.642657638 -0.637155890 1.518695712 0.038548850 0.742916167 0.446813703 -0.496937662
1341848027.207212 0.646549344 -0.637251735 1.517827272 0.039285071 0.742402315 0.445897907 -0.498468220
1341848027.238696 0.651388943 -0.635718226 1.515228629 -0.039197795 -0.741159737 -0.444251329 0.501783371
1341848027.274701 0.656219363 -0.634623289 1.514304161 -0.039090328 -0.741597891 -0.442510843 0.502681434
1341848027.306705 0.660748839 -0.634445786 1.512492657 -0.039312568 -0.740945280 -0.441547036 0.504470825
1341848027.342775 0.665954769 -0.634060442 1.511104703 -0.039578397 -0.741091669 -0.439820558 0.505741715
1341848027.374943 0.669256449 -0.632344723 1.509475946 -0.039953835 -0.742328405 -0.437132329 0.506228685
1341848027.406837 0.674874067 -0.632206321 1.508393049 -0.038915865 -0.743835926 -0.435275406 0.505696595
1341848027.442959 0.678366899 -0.631330609 1.506168962 -0.039569337 -0.745328069 -0.432884127 0.505501270
1341848027.474800 0.682598710 -0.630770385 1.505466104 -0.038835101 -0.748153567 -0.430052102 0.503798783
1341848027.506714 0.688377738 -0.629747391 1.502952218 -0.036614276 -0.749762833 -0.428597629 0.502811313
1341848027.543310 0.691326320 -0.628866076 1.501405716 -0.037060183 -0.752158761 -0.426927865 0.500615835
1341848027.574717 0.695916653 -0.627595305 1.500231981 0.034702130 0.754506171 0.425644338 -0.498340279
1341848027.610716 0.698818326 -0.627562523 1.499123931 0.034207422 0.755984247 0.425217450 -0.496495515
1341848027.642684 0.703164577 -0.626206279 1.496001959 0.033527613 0.756494939 0.424812347 -0.496110678
1341848027.674731 0.706693053 -0.626389444 1.495878458 0.033327702 0.758071184 0.424738497 -0.493775815
1341848027.711026 0.709193110 -0.624894619 1.493235946 0.033397049 0.757587969 0.425490111 -0.493865669
1341848027.742789 0.711515546 -0.623703063 1.491452932 0.033561595 0.758367360 0.425404906 -0.492730439
1341848027.778768 0.713792324 -0.622025847 1.488979578 0.032363780 0.759572744 0.425366521 -0.490983814
1341848027.810746 0.716697931 -0.621416748 1.486639023 0.030608589 0.759944856 0.426725328 -0.489338726
1341848027.842836 0.719693840 -0.618892431 1.484267473 0.029852509 0.760116994 0.427512825 -0.488429904
1341848027.878669 0.720891118 -0.617223263 1.481250644 0.029285407 0.760446787 0.429293305 -0.486384958
1341848027.911127 0.723371267 -0.616144300 1.479416609 0.027802395 0.761589289 0.430073291 -0.483989358
1341848027.942732 0.725558162 -0.614843488 1.476994753 0.026346678 0.761359274 0.432281405 -0.482463181
1341848027.978757 0.726878881 -0.613443196 1.472253799 0.025194630 0.761513174 0.433631986 -0.481067806
1341848028.011034 0.729113221 -0.611516714 1.471349716 0.023137635 0.763882995 0.432280153 -0.478624344
1341848028.046706 0.731367350 -0.610593200 1.467958689 0.022020880 0.763698280 0.432983816 -0.478335530
1341848028.078967 0.733183146 -0.609578729 1.462770700 0.021721421 0.763907909 0.432962865 -0.478033423
1341848028.110971 0.735265970 -0.608338952 1.461523890 0.022925178 0.766462386 0.430425256 -0.476176351
1341848028.150637 0.735514283 -0.607616663 1.459105134 0.024300778 0.766925335 0.429874808 -0.475859851
1341848028.186050 0.736416399 -0.606104732 1.454553008 0.023875639 0.767463207 0.428094327 -0.476618707
1341848028.254235 0.739675641 -0.603538632 1.449117661 0.023860442 0.767781556 0.426644027 -0.477406472
1341848028.278830 0.740294158 -0.602757335 1.445275903 0.024349509 0.767880261 0.425737351 -0.478032082
1341848028.314908 0.741142333 -0.601618946 1.444020152 0.024489651 0.768835425 0.423589855 -0.478397250
1341848028.347962 0.742254019 -0.599360824 1.439507365 0.023831384 0.767670035 0.423166096 -0.480671614
1341848028.378956 0.743588209 -0.597614467 1.436622143 0.024862580 0.767856658 0.420977861 -0.482240170
1341848028.414628 0.744505644 -0.596760631 1.433009148 0.025548248 0.767998755 0.419920832 -0.482899219
1341848028.447632 0.746008158 -0.595085561 1.429181933 0.024948690 0.767209113 0.418830901 -0.485127270
1341848028.482785 0.748064578 -0.592810750 1.425910234 0.025111880 0.767529488 0.416252226 -0.486828506
1341848028.514701 0.750533700 -0.590920389 1.424111009 0.028026592 0.768019080 0.414153963 -0.487686068
1341848028.546612 0.751684189 -0.589702129 1.418832064 0.029814137 0.766839981 0.415643543 -0.488168031
1341848028.582747 0.754182696 -0.588967562 1.415007114 0.028400168 0.766722679 0.415767342 -0.488331228
1341848028.614649 0.757594705 -0.585899472 1.411501765 0.028263152 0.766323268 0.415417105 -0.489263207
1341848028.653766 0.759282291 -0.584172189 1.406726122 0.029132465 0.765636444 0.416762650 -0.489143074
1341848028.721828 0.762876451 -0.581011772 1.401167393 0.029986363 0.766519427 0.415837020 -0.488495976
1341848028.747229 0.764895201 -0.579193234 1.396699190 0.030738754 0.765635610 0.416031539 -0.489668161
1341848028.782861 0.766158044 -0.577433944 1.393525720 0.031716950 0.766562283 0.414777070 -0.489220023
1341848028.814757 0.767875433 -0.576251686 1.390041828 0.031316657 0.766600311 0.415056288 -0.488949358
1341848028.850773 0.770373762 -0.574132442 1.386082530 0.030567413 0.766757429 0.414389402 -0.489315927
1341848028.882714 0.773695350 -0.573158145 1.383267999 0.031834673 0.767070591 0.414205194 -0.488900065
1341848028.914838 0.775274038 -0.571749151 1.379857063 0.033412293 0.766328931 0.415897697 -0.488520861
1341848028.950881 0.776941836 -0.569793165 1.377009392 0.035121921 0.765957117 0.416474909 -0.488492399
1341848028.982690 0.777173162 -0.568451405 1.373482704 0.035754360 0.765549779 0.417851865 -0.487908751
1341848029.018728 0.779121399 -0.568048358 1.370270491 0.034671519 0.765186906 0.419119835 -0.487468392
1341848029.050751 0.780498505 -0.567022920 1.366073966 0.032314196 0.763865530 0.420629293 -0.488401741
1341848029.082877 0.782392979 -0.564401567 1.365542769 0.031454265 0.764967144 0.418327570 -0.488710523
1341848029.118800 0.784082532 -0.562717915 1.362063408 0.031930208 0.764077842 0.418791682 -0.489672363
1341848029.150715 0.785501599 -0.561580300 1.359213829 0.032028601 0.762756646 0.420460671 -0.490295023
1341848029.182676 0.786777496 -0.559410930 1.357398391 0.030892460 0.761578023 0.421459913 -0.491341114
1341848029.218708 0.788169682 -0.558674335 1.353308320 0.030600324 0.759626091 0.423758030 -0.492403179
1341848029.250626 0.790027380 -0.556599855 1.351027966 0.029126905 0.758844376 0.424575001 -0.492993712
1341848029.286969 0.792142868 -0.555720448 1.348955393 0.026565831 0.757778704 0.425540984 -0.493943930
1341848029.320225 0.794147611 -0.553641438 1.348026633 0.025304757 0.756732762 0.425312936 -0.495806456
1341848029.350954 0.795905709 -0.551097870 1.344925284 0.026481951 0.756208897 0.423666269 -0.497949421
1341848029.386923 0.798308253 -0.551220894 1.343442202 0.026694473 0.756144583 0.423251003 -0.498388737
1341848029.418757 0.800734043 -0.549993336 1.340667725 -0.026010865 -0.754209638 -0.423715293 0.500955641
1341848029.450819 0.803012133 -0.547987759 1.337191105 -0.025911544 -0.752906919 -0.422350943 0.504062831
1341848029.486788 0.805882990 -0.547699749 1.335698009 -0.025820937 -0.752539992 -0.421705008 0.505155265
1341848029.518925 0.808644414 -0.545906186 1.333410621 -0.024159929 -0.751218796 -0.420637220 0.508085430
1341848029.554721 0.811806917 -0.543432117 1.329732180 -0.024115195 -0.749990404 -0.417914659 0.512132943
1341848029.586990 0.815467477 -0.542381763 1.327589035 -0.025553707 -0.750046551 -0.415315062 0.514091849
1341848029.618715 0.818253458 -0.542270064 1.325671673 -0.027157823 -0.748543978 -0.414626718 0.516748488
1341848029.655302 0.821604013 -0.541274786 1.322995782 -0.028258206 -0.746610224 -0.413355917 0.520491660
1341848029.686830 0.824931383 -0.539478421 1.320824742 -0.028355198 -0.746158183 -0.410728931 0.523207128
1341848029.718752 0.829203725 -0.538575828 1.319643021 -0.028408481 -0.744231999 -0.410267591 0.526300311
1341848029.754791 0.831793547 -0.536061883 1.316002250 -0.028727317 -0.741536438 -0.409672678 0.530534506
1341848029.786949 0.836325169 -0.535586655 1.314779520 -0.028813353 -0.741069734 -0.407824159 0.532602012
1341848029.822778 0.840237975 -0.535110056 1.312448740 -0.029269123 -0.738742113 -0.408226639 0.535494626
1341848029.854811 0.843181849 -0.532818794 1.310671687 -0.029750982 -0.737095118 -0.406852812 0.538773119
1341848029.887992 0.846824646 -0.532117844 1.309488535 -0.031144885 -0.735984564 -0.405258596 0.541407645
1341848029.922779 0.850050330 -0.531370878 1.307680607 -0.032137644 -0.734047174 -0.405525118 0.543775082
1341848029.954640 0.852477074 -0.528587461 1.305514932 -0.032596968 -0.731705010 -0.404716730 0.547493994
1341848029.990762 0.855890572 -0.526925325 1.304160595 -0.032824229 -0.730491817 -0.403187454 0.550221920
1341848030.022873 0.859386086 -0.525863647 1.302276134 -0.033459537 -0.728455722 -0.403475404 0.552666605
1341848030.054776 0.861169219 -0.525033593 1.299999595 -0.034017701 -0.726529658 -0.404316515 0.554549873
1341848030.090782 0.864046454 -0.522790074 1.298075914 -0.033447955 -0.725026667 -0.403207242 0.557352245
1341848030.122796 0.866888404 -0.521458268 1.297123671 -0.033406172 -0.723935902 -0.402275026 0.559442341
1341848030.154918 0.868797898 -0.518747330 1.294627428 -0.033407785 -0.721745729 -0.401645601 0.562714696
1341848030.190683 0.870463252 -0.517946243 1.291740060 -0.033401553 -0.719206035 -0.402566552 0.565302789
1341848030.222713 0.872255385 -0.517128587 1.291295528 -0.033315878 -0.717559934 -0.402224869 0.567638099
1341848030.258930 0.875080228 -0.515890062 1.289344192 -0.031902142 -0.714826226 -0.402396291 0.571036696
1341848030.290864 0.877431512 -0.514381349 1.287924409 -0.032265950 -0.712540865 -0.402001411 0.574142158
1341848030.322775 0.878704906 -0.512444139 1.286754847 -0.032409944 -0.711073101 -0.401504487 0.576297581
1341848030.358886 0.880889773 -0.510895550 1.284931779 -0.032297362 -0.707647324 -0.402467251 0.579838157
1341848030.390832 0.881588459 -0.509363770 1.281603932 -0.032266095 -0.704543412 -0.402591944 0.583521426
1341848030.422795 0.883999586 -0.507977486 1.280774951 -0.031842127 -0.702675700 -0.402670413 0.585738480
1341848030.458888 0.884746075 -0.505037427 1.277622461 -0.032654349 -0.700326979 -0.401421696 0.589352548
1341848030.490846 0.886574090 -0.503853440 1.276063919 -0.032074869 -0.698840499 -0.402068675 0.590706289
1341848030.526716 0.887219965 -0.501265287 1.273367643 -0.032116897 -0.696461797 -0.402100056 0.593485415
1341848030.565795 0.888172746 -0.499582320 1.270809531 -0.032396447 -0.694557071 -0.401010245 0.596432447
1341848030.590919 0.890130401 -0.498052537 1.268296480 -0.032811675 -0.692539990 -0.399529278 0.599739969
1341848030.626961 0.891681314 -0.495835215 1.266793489 -0.033735327 -0.690976441 -0.397861242 0.602594316
1341848030.658903 0.892593503 -0.493784487 1.263249636 -0.035461806 -0.689213932 -0.395445764 0.606093407
1341848030.690656 0.894599438 -0.492684811 1.260418296 -0.036494024 -0.688499331 -0.393052518 0.608396649
1341848030.726765 0.895111859 -0.490899622 1.257427216 -0.037219994 -0.686734140 -0.391691178 0.611219108
1341848030.758759 0.895715833 -0.489025056 1.254428625 -0.037672315 -0.684815645 -0.389123201 0.614972711
1341848030.794692 0.897694230 -0.488178849 1.251136184 -0.036987774 -0.682991743 -0.387041539 0.618346989
1341848030.827483 0.899585366 -0.485748172 1.248051524 -0.036797907 -0.681550920 -0.383673996 0.622035742
1341848030.859838 0.902375698 -0.484326512 1.245421410 -0.038091671 -0.680599391 -0.379599780 0.625489771
1341848030.894711 0.904065192 -0.483028859 1.241941929 -0.042311195 -0.678353250 -0.376543254 0.629493237
1341848030.926741 0.905234456 -0.480672926 1.238072157 -0.046194721 -0.677191436 -0.372225612 0.633029163
1341848030.958727 0.906059384 -0.479766488 1.234797120 -0.046037123 -0.676678181 -0.369283170 0.635308683
1341848030.994735 0.908342123 -0.478628635 1.231035352 -0.045521069 -0.674428046 -0.365826547 0.639723003
1341848031.026698 0.910986066 -0.475257963 1.226843715 -0.046730123 -0.673596084 -0.361531079 0.642946243
1341848031.062783 0.913008153 -0.474292248 1.223650217 -0.049392588 -0.674372911 -0.357757330 0.644042909
1341848031.094761 0.916394889 -0.473668039 1.219823956 -0.052051906 -0.673072994 -0.354610384 0.646927238
1341848031.126776 0.917782784 -0.472320586 1.216765523 -0.053908955 -0.673008382 -0.352684826 0.647894263
1341848031.162860 0.919763565 -0.470714927 1.212573290 -0.055235472 -0.673523009 -0.350851983 0.648242712
1341848031.194685 0.922484279 -0.469782174 1.209583998 -0.056589451 -0.673137903 -0.349742800 0.649124742
1341848031.230953 0.923433542 -0.467619449 1.206838846 -0.057910852 -0.672625899 -0.348861903 0.650012374
1341848031.262715 0.925758600 -0.466039985 1.203358650 -0.059072100 -0.672391295 -0.347789764 0.650724769
1341848031.294747 0.927669525 -0.463523358 1.200821996 -0.061657067 -0.671691835 -0.346821666 0.651723325
1341848031.330754 0.927049518 -0.463202566 1.196391106 -0.063533276 -0.669799507 -0.348641485 0.652519166
1341848031.363008 0.929032743 -0.462814659 1.193796396 -0.063069887 -0.669558764 -0.347562730 0.653386116
1341848031.394753 0.930303097 -0.461713821 1.192090631 -0.061653081 -0.668922544 -0.347209543 0.654360056
1341848031.430611 0.931278646 -0.460898519 1.188514590 -0.061259028 -0.667022645 -0.346580118 0.656666160
1341848031.472150 0.932219088 -0.460633069 1.185678959 -0.059932273 -0.666006982 -0.346223801 0.658006012
1341848031.502110 0.934531927 -0.459394187 1.184683800 -0.058153152 -0.664828777 -0.346052617 0.659445584
1341848031.538148 0.934424818 -0.458263576 1.183737755 -0.057099052 -0.663374424 -0.345133901 0.661480725
1341848031.562876 0.937769651 -0.457880408 1.180716276 -0.055186164 -0.661502302 -0.344439507 0.663875461
1341848031.598730 0.939703941 -0.457182676 1.178704143 -0.055775553 -0.658599973 -0.343871385 0.666999042
1341848031.630816 0.940815806 -0.456830055 1.176881313 -0.055885173 -0.656975448 -0.342770696 0.669155002
1341848031.662784 0.943115115 -0.456289291 1.175180078 -0.054681078 -0.655642390 -0.341544479 0.671185851
1341848031.698757 0.944838941 -0.454994500 1.172981739 -0.053783763 -0.653235197 -0.340521485 0.674118817
1341848031.730668 0.944991589 -0.455127776 1.170481563 -0.052987341 -0.651674688 -0.339251548 0.676329017
1341848031.766658 0.948438644 -0.454641581 1.168545246 -0.050793707 -0.650587976 -0.336635619 0.678845942
1341848031.798743 0.951263666 -0.453536689 1.166842103 -0.050094835 -0.648325026 -0.335263938 0.681735516
1341848031.830821 0.952492416 -0.451742887 1.164876342 -0.050487045 -0.645962656 -0.332043320 0.685514748
1341848031.866735 0.954548955 -0.451687396 1.163106561 -0.050566602 -0.643758833 -0.329379708 0.688858867
1341848031.898722 0.955651164 -0.450977415 1.160496354 -0.048983648 -0.640836000 -0.328424513 0.692146778
1341848031.930844 0.959459722 -0.450095087 1.158304095 -0.048869122 -0.639367342 -0.324486226 0.695363104
1341848031.966694 0.961782575 -0.448700488 1.155710936 -0.049377710 -0.637294173 -0.323230058 0.697811067
1341848031.998742 0.962781370 -0.448443830 1.153704762 -0.048946403 -0.634791136 -0.322435021 0.700485706
1341848032.034711 0.966227889 -0.446543753 1.152265072 -0.046159934 -0.634035647 -0.320251614 0.702358186
1341848032.066718 0.969814897 -0.445285439 1.149988174 -0.045801073 -0.632329881 -0.319101155 0.704439938
1341848032.098732 0.970907927 -0.444112986 1.146624804 -0.046749223 -0.630733073 -0.318149388 0.706237376
1341848032.134739 0.974480867 -0.442940682 1.143982768 -0.045884363 -0.630383790 -0.317691207 0.706812024
1341848032.166964 0.976374984 -0.441771328 1.142370582 -0.045671023 -0.628986061 -0.317943752 0.707956493
1341848032.203043 0.978803098 -0.440380961 1.139334202 -0.045999151 -0.628217578 -0.316916108 0.709077537
1341848032.234663 0.981718898 -0.438593060 1.137094736 -0.045849107 -0.627839565 -0.316138119 0.709769011
1341848032.266730 0.984271646 -0.437361240 1.135838270 -0.046178725 -0.626343787 -0.316787630 0.710778832
1341848032.302842 0.984923482 -0.435254902 1.133270741 -0.045380488 -0.625461161 -0.315816998 0.712038338
1341848032.334617 0.988721073 -0.434869826 1.130933404 -0.044627082 -0.624708116 -0.315387219 0.712936997
1341848032.366699 0.989641547 -0.432849526 1.129925489 -0.044472430 -0.622780621 -0.315921038 0.714395046
1341848032.402980 0.991235375 -0.431887239 1.127852201 -0.043461960 -0.621890247 -0.313465774 0.716311932
1341848032.434730 0.993896008 -0.429967195 1.125482202 -0.041974496 -0.620759249 -0.311747938 0.718128979
1341848032.470791 0.995513916 -0.429521888 1.123810530 -0.041812714 -0.620433986 -0.311154485 0.718676746
1341848032.502972 0.998281658 -0.428296685 1.121625185 -0.041660041 -0.620327353 -0.309421778 0.719525218
1341848032.534733 1.000511050 -0.427594274 1.119076252 -0.041429374 -0.619472921 -0.308168590 0.720811307
1341848032.570910 1.002119303 -0.426632285 1.116799116 -0.041160088 -0.618840396 -0.307285160 0.721746624
1341848032.603044 1.003480792 -0.424653679 1.114024520 -0.039575595 -0.620037079 -0.304939896 0.721802890
1341848032.634746 1.005209327 -0.424438149 1.111471176 -0.038290121 -0.620837629 -0.303318918 0.721867085
1341848032.670780 1.006960034 -0.423716515 1.109504938 -0.035698149 -0.621136904 -0.302445710 0.722108901
1341848032.702791 1.009343386 -0.422924310 1.104764462 -0.033858262 -0.621094763 -0.301538825 0.722612739
1341848032.738725 1.012263298 -0.421869725 1.101677656 -0.033647932 -0.621654153 -0.299724698 0.722896218
1341848032.770741 1.013741016 -0.419865638 1.099189520 -0.033853304 -0.621232212 -0.299908608 0.723173082
1341848032.802941 1.013745070 -0.419027418 1.095445275 -0.033756778 -0.621119320 -0.300014496 0.723230600
1341848032.838781 1.017025232 -0.417087078 1.091754675 -0.032322321 -0.622478306 -0.299026459 0.722536623
1341848032.870732 1.017487168 -0.414518535 1.089839697 -0.033607498 -0.622201502 -0.298299789 0.723016620
1341848032.902707 1.018442035 -0.414562821 1.085689664 -0.034962885 -0.621567726 -0.297659993 0.723760784
1341848032.938845 1.019961596 -0.412438333 1.082954168 -0.034645867 -0.621061385 -0.297135144 0.724426031
1341848032.970816 1.019650578 -0.411244035 1.080008745 -0.034534059 -0.619451344 -0.298928440 0.725071788
1341848033.006687 1.019609213 -0.409449488 1.076795816 -0.034447107 -0.618100405 -0.297717333 0.726725280
1341848033.039238 1.019650698 -0.408099622 1.074023128 -0.034200605 -0.617519438 -0.296393573 0.727771163
1341848033.070841 1.019126177 -0.406204492 1.070847631 -0.032832094 -0.615920782 -0.295740396 0.729452670
1341848033.106948 1.019580603 -0.404879838 1.069040418 -0.031228419 -0.614865780 -0.293888628 0.731159627
1341848033.139110 1.020544767 -0.403273135 1.065748692 -0.030792652 -0.614025950 -0.290615290 0.733189404
1341848033.170741 1.021826982 -0.401053280 1.063704967 -0.032692529 -0.613206089 -0.287997395 0.734824479
1341848033.206854 1.020574331 -0.399785519 1.061365724 -0.035597164 -0.611144841 -0.286779225 0.736880243
1341848033.238728 1.020340681 -0.398711026 1.057482600 -0.035757992 -0.608551145 -0.285631239 0.739460409
1341848033.274940 1.022293210 -0.397663832 1.054803252 -0.035196513 -0.606867135 -0.285472393 0.740931213
1341848033.306665 1.021101475 -0.396440595 1.051786304 -0.036959775 -0.603923261 -0.285212398 0.743346870
1341848033.338836 1.021513462 -0.394347996 1.048483729 -0.037292097 -0.601850152 -0.283414483 0.745695651
1341848033.374810 1.022138476 -0.391786397 1.045001268 -0.037030183 -0.599288702 -0.283841252 0.747606814
1341848033.406805 1.021017313 -0.390457422 1.042013884 -0.036973368 -0.597586036 -0.284168333 0.748847306
1341848033.443097 1.021969557 -0.389014572 1.039170265 -0.036791667 -0.597027361 -0.282319963 0.750000119
1341848033.474671 1.022519708 -0.388028026 1.037253618 -0.037582692 -0.595901132 -0.281911969 0.751009345
1341848033.506807 1.021759391 -0.386348426 1.034438252 -0.037907623 -0.594514906 -0.281257063 0.752336085
1341848033.542876 1.021664143 -0.385198027 1.032161236 -0.037930571 -0.594479084 -0.280103743 0.752793312
1341848033.574826 1.022092104 -0.384715110 1.030156374 -0.038902011 -0.593398154 -0.279163122 0.753945053
1341848033.606870 1.022159100 -0.382957399 1.027411103 -0.040064026 -0.591022432 -0.277365565 0.756409705
1341848033.642934 1.022325873 -0.382454395 1.024466157 -0.041300181 -0.590557933 -0.275684029 0.757320225
1341848033.674924 1.022425532 -0.381783158 1.022155643 -0.041847121 -0.589563012 -0.275174022 0.758250296
1341848033.710808 1.023172975 -0.380519241 1.019575834 -0.042673379 -0.588149965 -0.273940444 0.759746790
1341848033.742797 1.021887541 -0.380866557 1.016618013 -0.044220757 -0.587849021 -0.271965474 0.760600328
1341848033.774817 1.022820354 -0.379490048 1.014631033 -0.042607255 -0.587975204 -0.271119475 0.760896862
1341848033.811114 1.023276806 -0.379074425 1.013345242 -0.043027405 -0.586085200 -0.270505309 0.762548089
1341848033.842774 1.022860527 -0.377681434 1.010516286 -0.043827258 -0.584685743 -0.268368125 0.764329970
1341848033.874878 1.024068713 -0.376971662 1.008288145 -0.044695366 -0.583879888 -0.267195344 0.765305936
1341848033.911229 1.024268389 -0.376401156 1.007119417 -0.044869270 -0.581340373 -0.266115814 0.767601728
1341848033.942752 1.025339365 -0.374808937 1.005072117 -0.041378107 -0.577786624 -0.264004499 0.771201730
1341848033.978916 1.025156736 -0.374168515 1.003017426 -0.038133461 -0.574697971 -0.261655480 0.774470448
1341848034.010755 1.026026964 -0.373231590 1.001509070 -0.034570202 -0.571445346 -0.259011358 0.777925551
1341848034.042713 1.026975632 -0.373910457 0.999175370 -0.033063985 -0.566236317 -0.256238401 0.782703698
1341848034.078802 1.028452635 -0.373831630 0.997937977 -0.034076061 -0.563888371 -0.251962334 0.785737693
1341848034.110771 1.028079510 -0.373401701 0.994650543 -0.033417124 -0.561423421 -0.248782039 0.788539469
1341848034.142710 1.031685948 -0.373756707 0.995524645 -0.031294711 -0.557363629 -0.243313834 0.793199062
1341848034.178809 1.031403899 -0.372577608 0.993529737 -0.028808737 -0.553347588 -0.241081342 0.796778738
1341848034.210696 1.033812046 -0.372413576 0.991315365 -0.028389778 -0.551615119 -0.237968475 0.798927903
1341848034.246723 1.035958529 -0.372180283 0.988791525 -0.030324835 -0.547863066 -0.234538928 0.802444935
1341848034.278739 1.036182761 -0.371328592 0.987410128 -0.030100187 -0.545147836 -0.231519595 0.805174768
1341848034.318061 1.037823677 -0.370214522 0.985027909 -0.028361799 -0.543218553 -0.228515163 0.807397008
1341848034.353785 1.040598631 -0.369953930 0.982522964 -0.029207477 -0.540593326 -0.225667015 0.809925973
1341848034.386162 1.042087317 -0.369241416 0.981350541 -0.030231288 -0.539988995 -0.222558960 0.811150670
1341848034.421769 1.044237256 -0.368254006 0.977468371 -0.030503780 -0.538067997 -0.221153915 0.812799633
1341848034.453838 1.045555115 -0.365946949 0.974599838 -0.030704502 -0.535859525 -0.219568282 0.814678788
1341848034.485678 1.047495842 -0.365838110 0.972007632 -0.030820092 -0.535351217 -0.219145775 0.815122306
1341848034.521747 1.049679637 -0.362577081 0.967536509 -0.028651625 -0.534684718 -0.218786106 0.815735221
1341848034.553684 1.051521063 -0.361654878 0.964866877 -0.028608721 -0.533581793 -0.219510660 0.816264153
1341848034.585774 1.054421663 -0.359066159 0.961464226 -0.029088002 -0.533691823 -0.219248682 0.816245675
1341848034.653784 1.057742834 -0.355059266 0.955534697 -0.032179315 -0.532305539 -0.221836105 0.816335678
1341848034.683883 1.058879137 -0.352787554 0.952815294 -0.032942720 -0.530649722 -0.222310603 0.817253768
1341848034.715163 1.061427355 -0.351175189 0.949536800 -0.033468992 -0.530406713 -0.222251385 0.817406178
1341848034.746742 1.063408136 -0.347795486 0.946907997 -0.034358405 -0.530600429 -0.222531840 0.817167222
1341848034.782798 1.064580441 -0.346378177 0.944565415 -0.036613200 -0.529412031 -0.222597137 0.817822039
1341848034.814737 1.065216780 -0.343416125 0.941707253 -0.036435954 -0.528661370 -0.222091824 0.818452716
1341848034.846851 1.067586184 -0.340725124 0.938468814 -0.035749570 -0.528548241 -0.223785594 0.818094552
1341848034.882707 1.067722797 -0.338911951 0.936515212 -0.037361611 -0.527025938 -0.223381445 0.819114447
1341848034.914816 1.068278074 -0.336205184 0.934915185 -0.037049148 -0.525720358 -0.223801672 0.819852591
1341848034.951491 1.069251299 -0.334396958 0.933638334 -0.036936801 -0.524201095 -0.224315763 0.820689559
1341848034.983028 1.069993734 -0.333835542 0.931077003 -0.037721127 -0.521871030 -0.224703982 0.822031558
1341848035.014942 1.069640875 -0.331539780 0.928745449 -0.038675915 -0.519635379 -0.224407405 0.823483169
1341848035.050945 1.069893003 -0.330176592 0.927603364 -0.039876763 -0.518881679 -0.224134609 0.823975325
1341848035.084295 1.069528699 -0.328412056 0.925216734 -0.039459277 -0.517742217 -0.223881125 0.824780703
1341848035.118886 1.071280241 -0.326731384 0.923396587 -0.039335236 -0.516215146 -0.224931687 0.825457692
1341848035.150978 1.071453691 -0.324891269 0.920805097 -0.040980130 -0.515010595 -0.225297883 0.826030016
1341848035.183874 1.071125627 -0.321937025 0.918933809 -0.040844761 -0.515040398 -0.224745199 0.826168716
1341848035.218946 1.071633339 -0.321024269 0.917352438 -0.040486038 -0.513534188 -0.225395739 0.826946437
1341848035.251174 1.071555972 -0.318773031 0.914653122 -0.040012937 -0.512503088 -0.225508094 0.827578187
1341848035.284261 1.070563316 -0.317980111 0.912131786 -0.040579237 -0.512867212 -0.224098727 0.827707946
1341848035.319914 1.070643187 -0.316702724 0.909874260 -0.040731944 -0.512182951 -0.221893087 0.828717709
1341848035.350991 1.070477366 -0.315643132 0.906579375 -0.040700048 -0.511741161 -0.220675737 0.829317033
1341848035.422709 1.069763541 -0.313736051 0.900894105 -0.041993082 -0.511099517 -0.216065928 0.830860615
1341848035.453465 1.068718076 -0.312109947 0.898074269 -0.042103462 -0.510675311 -0.214294329 0.831574380
1341848035.486822 1.068099737 -0.311454177 0.893913448 -0.042347539 -0.510247350 -0.211757615 0.832474053
1341848035.518623 1.068883538 -0.308563530 0.890635252 -0.043460760 -0.509970427 -0.209155336 0.833243847
1341848035.550852 1.066408396 -0.307354927 0.887432814 -0.045578841 -0.508678555 -0.205537707 0.834819138
1341848035.586716 1.066178560 -0.306545615 0.885810614 -0.045084100 -0.509225428 -0.202106833 0.835350037
1341848035.618790 1.065858126 -0.304982156 0.881940722 -0.044743292 -0.506992996 -0.200583339 0.837091684
1341848035.654654 1.065785050 -0.302712202 0.878635228 -0.046307720 -0.504613817 -0.197050452 0.839280427
1341848035.686693 1.065207839 -0.301864505 0.875492096 -0.048677821 -0.502947807 -0.194352701 0.840774059
1341848035.718791 1.064476728 -0.301155746 0.873807430 -0.051932480 -0.499356985 -0.192940652 0.843041837
1341848035.755991 1.063718915 -0.298075765 0.871931493 -0.052333839 -0.497488648 -0.190325409 0.844714403
1341848035.786729 1.062895775 -0.297385871 0.868667364 -0.052480556 -0.495300382 -0.189636782 0.846144915
1341848035.818784 1.062247157 -0.296088576 0.866517782 -0.053545877 -0.491896361 -0.188824996 0.848242819
1341848035.854701 1.060722947 -0.294944584 0.862757742 -0.053959392 -0.489528924 -0.186080381 0.850190520
1341848035.886689 1.060655355 -0.294505417 0.859998405 -0.054973982 -0.489165336 -0.183791071 0.850832522
1341848035.922832 1.060592175 -0.293624222 0.856127739 -0.056727502 -0.487817913 -0.180838585 0.852122724
1341848035.954633 1.057971597 -0.292317569 0.853461146 -0.057276230 -0.487620860 -0.177559331 0.852888048
1341848035.986741 1.058614969 -0.291973531 0.850589871 -0.059312608 -0.488603741 -0.175031364 0.852708876
1341848036.022779 1.058108330 -0.290036201 0.847354412 -0.062151629 -0.487993211 -0.172996178 0.853271425
1341848036.054911 1.056131601 -0.288491815 0.845138490 -0.064180173 -0.487236112 -0.171137944 0.853928387
1341848036.087013 1.055776119 -0.287163019 0.842505574 -0.063905343 -0.486153156 -0.170598879 0.854673803
1341848036.122737 1.055605650 -0.286359966 0.838825941 -0.064487368 -0.483557075 -0.172382832 0.855744183
1341848036.154810 1.053312659 -0.284533560 0.837462425 -0.065596707 -0.482007653 -0.172088504 0.856592834
1341848036.190835 1.052587032 -0.283519804 0.834154904 -0.065626539 -0.480614841 -0.170785978 0.857633173
1341848036.223282 1.051755667 -0.283387333 0.831540585 -0.065851197 -0.479067028 -0.171652794 0.858308613
1341848036.254692 1.049769402 -0.281283766 0.828832507 -0.063826591 -0.477472931 -0.172619611 0.859155536
1341848036.290758 1.049849868 -0.281091928 0.826627195 -0.061892912 -0.475149214 -0.173878506 0.860330582
1341848036.322672 1.048921943 -0.279362738 0.823977470 -0.060879875 -0.472260803 -0.174424499 0.861881375
1341848036.354859 1.047255278 -0.277857870 0.820871472 -0.061276853 -0.471168429 -0.174332485 0.862469494
1341848036.390843 1.045821071 -0.276420593 0.818357646 -0.061411817 -0.470335573 -0.173153579 0.863151729
1341848036.422758 1.045796871 -0.275224805 0.814960837 -0.060977750 -0.467565656 -0.172570810 0.864802539
1341848036.458823 1.045130968 -0.273824155 0.811838090 -0.060241982 -0.465948135 -0.172372699 0.865766108
1341848036.491205 1.044573665 -0.271349311 0.808821738 -0.058308531 -0.466248602 -0.172085598 0.865793824
1341848036.522726 1.043038845 -0.269413650 0.805470765 -0.057334226 -0.465141594 -0.171807349 0.866509259
1341848036.558942 1.041693568 -0.267878294 0.802222252 -0.055859625 -0.464031905 -0.170414403 0.867475092
1341848036.590723 1.041070223 -0.266350448 0.799034059 -0.054606620 -0.462513894 -0.169077381 0.868626416
1341848036.626802 1.039486885 -0.264809847 0.794888616 -0.054895218 -0.460050493 -0.165498167 0.870603502
1341848036.658670 1.037669301 -0.263562411 0.791742682 -0.053744815 -0.459215969 -0.162717044 0.871639431
1341848036.691175 1.037189007 -0.262191892 0.787123621 -0.051206786 -0.457851231 -0.160255268 0.872965276
1341848036.726753 1.036680937 -0.259746909 0.782080054 -0.049612533 -0.456087023 -0.156828061 0.874601722
1341848036.758851 1.035711527 -0.258731931 0.778787136 -0.049722742 -0.455020219 -0.153745294 0.875697792
1341848036.790720 1.034464836 -0.257185698 0.773444295 -0.047455840 -0.453035474 -0.150970891 0.877333760
1341848036.826992 1.036477685 -0.255546093 0.768972814 -0.045997098 -0.451005518 -0.149563506 0.878697395
1341848036.858633 1.033969998 -0.253414184 0.763928950 -0.046649110 -0.447615594 -0.146678239 0.880880058
1341848036.894756 1.034750462 -0.251785964 0.760556340 -0.047721058 -0.446811110 -0.142439678 0.881926000
1341848036.926846 1.032717466 -0.252074450 0.755753398 -0.047625303 -0.444338977 -0.141640142 0.883307874
1341848036.958725 1.032161832 -0.250185758 0.750656962 -0.044555619 -0.442570388 -0.140564054 0.884527028
1341848036.994836 1.033150077 -0.247299820 0.745316327 -0.042993151 -0.440371484 -0.137840956 0.886128902
1341848037.026790 1.030895472 -0.246833622 0.741161823 -0.041663982 -0.439398199 -0.137588412 0.886714637
1341848037.061042 1.029584765 -0.244823247 0.737026095 -0.037755743 -0.438733995 -0.136830509 0.887335598
1341848037.094661 1.030713558 -0.242602855 0.730961323 -0.034703478 -0.437805206 -0.134532034 0.888269901
1341848037.126709 1.029159188 -0.240143806 0.728523135 -0.033170879 -0.438508213 -0.132315829 0.888314545
1341848037.162789 1.028650999 -0.241147876 0.724932492 -0.031008491 -0.439448237 -0.130512267 0.888194978
1341848037.194724 1.028596401 -0.238271028 0.719996333 -0.020633565 -0.444293231 -0.129557356 0.886223853
1341848037.227032 1.027086735 -0.235567272 0.714337766 -0.018178966 -0.444449991 -0.125914916 0.886723876
1341848037.263738 1.028554440 -0.237298071 0.712286234 -0.016698465 -0.449187309 -0.123797879 0.884661555
1341848037.295192 1.025678158 -0.232943207 0.703452349 -0.010138827 -0.450383037 -0.123177230 0.884239674
1341848037.326868 1.025902271 -0.230981559 0.698667288 -0.009543210 -0.449664325 -0.123353146 0.884587467
1341848037.362746 1.022415280 -0.230905116 0.696355820 -0.009651236 -0.449761778 -0.123257421 0.884550035
1341848037.395057 1.023054600 -0.227738023 0.691645682 -0.004495589 -0.451008946 -0.124507897 0.883780777
1341848037.430946 1.022786021 -0.227223083 0.688082576 -0.002788879 -0.450650096 -0.125717580 0.883799613
1341848037.462765 1.021639705 -0.225281239 0.682951093 -0.001517758 -0.450172424 -0.125911310 0.884018540
1341848037.494842 1.019608498 -0.223933980 0.679149151 -0.000624219 -0.451087445 -0.126474366 0.883472681
1341848037.530725 1.018970013 -0.221269503 0.674424291 0.000693047 -0.449884266 -0.127012253 0.884008825
1341848037.562958 1.015791535 -0.219477519 0.671308517 0.000941158 -0.448065996 -0.128946379 0.884651780
1341848037.595756 1.013918161 -0.218853712 0.667997241 0.001201810 -0.447957009 -0.129503116 0.884625375
1341848037.630756 1.012719750 -0.217002749 0.664535403 0.001288873 -0.446227580 -0.130825609 0.885304451
1341848037.662669 1.010237455 -0.215802312 0.662260294 0.001623302 -0.443474591 -0.132379174 0.886455536
1341848037.698670 1.007220507 -0.214579925 0.659010649 0.002913347 -0.441351384 -0.133342519 0.887367010
1341848037.730964 1.005702019 -0.212083891 0.656030715 0.003840807 -0.438998908 -0.132439911 0.888664663
1341848037.769764 1.003760934 -0.210898980 0.652814984 0.002479659 -0.436391294 -0.131049499 0.890158713
1341848037.798917 0.998770595 -0.210040927 0.651234210 0.002958023 -0.434563607 -0.130907238 0.891071856
1341848037.837792 0.997643828 -0.208215296 0.647562087 0.003701668 -0.432644874 -0.128096104 0.892410278
1341848037.866711 0.996409416 -0.204963923 0.643893659 0.000640842 -0.429483056 -0.125823572 0.894266367
1341848037.898921 0.992929339 -0.202945471 0.642009377 -0.003233478 -0.426670760 -0.123958014 0.895866096
1341848037.930939 0.991372883 -0.202138960 0.639015675 -0.005984202 -0.422490120 -0.123133689 0.897944510
1341848037.966864 0.988256812 -0.199068010 0.635645747 -0.008627596 -0.418155193 -0.122726142 0.900005579
1341848037.998629 0.984718680 -0.197496846 0.633854866 -0.011063933 -0.415704757 -0.122332774 0.901166975
1341848038.030908 0.983167410 -0.196218506 0.631035805 -0.012604441 -0.412953407 -0.122262307 0.902420402
1341848038.066849 0.980348647 -0.193544865 0.627676010 -0.015336193 -0.408184081 -0.121879533 0.904597104
1341848038.098674 0.977319121 -0.191228226 0.625618219 -0.018333454 -0.404509932 -0.120919637 0.906318963
1341848038.134662 0.973287940 -0.189325899 0.624152124 -0.019435983 -0.401851833 -0.121005453 0.907466292
1341848038.166674 0.972543359 -0.187556267 0.621507764 -0.019854495 -0.398891062 -0.122282781 0.908591568
1341848038.198711 0.969374120 -0.186133221 0.618617356 -0.021738037 -0.395248294 -0.121320039 0.910267949
1341848038.234726 0.966702223 -0.184484899 0.618093669 -0.022512857 -0.394739747 -0.119221911 0.910746872
1341848038.274093 0.964807034 -0.183881611 0.614116192 -0.022008868 -0.392193347 -0.119542561 0.911816657
1341848038.306525 0.962318480 -0.181804329 0.611787856 -0.021892054 -0.389954776 -0.119991064 0.912720203
1341848038.341933 0.959146738 -0.181712061 0.610570073 -0.022548910 -0.388356000 -0.119347163 0.913469970
1341848038.374117 0.956808865 -0.179709524 0.607108057 -0.020300403 -0.385238379 -0.120101355 0.914743125
1341848038.409802 0.954030037 -0.178227335 0.604480386 -0.019001229 -0.383061737 -0.121112876 0.915551364
1341848038.441825 0.953170180 -0.178182915 0.601472914 -0.019315878 -0.383132905 -0.118985526 0.915793896
1341848038.473889 0.950634956 -0.176770866 0.598527431 -0.019514846 -0.381189346 -0.118564613 0.916654944
1341848038.510185 0.946449578 -0.176335514 0.596688867 -0.018914169 -0.378851861 -0.118896745 0.917593062
1341848038.542164 0.943607152 -0.174892128 0.593764901 -0.015232220 -0.378300488 -0.116642833 0.918178201
1341848038.566862 0.943916619 -0.174471095 0.589793086 -0.012116082 -0.376969665 -0.117452078 0.918668628
1341848038.602989 0.941060603 -0.172744140 0.585415483 -0.010580062 -0.375615358 -0.117839575 0.919192612
1341848038.634739 0.938633621 -0.171393842 0.581906915 -0.009100325 -0.375980288 -0.117307439 0.919127285
1341848038.670685 0.937951326 -0.168169409 0.577593446 -0.007859722 -0.375258595 -0.117627509 0.919392705
1341848038.702868 0.934260130 -0.167452812 0.574681520 -0.008371150 -0.374342710 -0.118215337 0.919686139
1341848038.734794 0.933476269 -0.165581301 0.571746290 -0.005093257 -0.374700695 -0.118240193 0.919561148
1341848038.770741 0.933008909 -0.163096011 0.566697180 -0.003689750 -0.372906417 -0.118373245 0.920279801
1341848038.802800 0.932246387 -0.162228942 0.561169863 -0.006087885 -0.372672319 -0.117053494 0.920530677
1341848038.838770 0.928391099 -0.160836637 0.559661448 -0.006027955 -0.372356027 -0.115039669 0.920912862
1341848038.871141 0.929594100 -0.159472838 0.556071043 -0.004753964 -0.370200753 -0.114189208 0.921894550
1341848038.902781 0.928782344 -0.155467257 0.550808132 -0.005353963 -0.367057353 -0.112249903 0.923385143
1341848038.938767 0.927471399 -0.153787538 0.548191011 -0.006872895 -0.367123753 -0.108418882 0.923806369
1341848038.970765 0.928933680 -0.151076034 0.543786943 -0.007436135 -0.364279032 -0.106733650 0.925123453
1341848039.002634 0.926438093 -0.148998529 0.540870726 -0.008980675 -0.359479636 -0.107434027 0.926904321
1341848039.038895 0.925524354 -0.148221165 0.538281381 -0.008846723 -0.357708633 -0.104908869 0.927879512
1341848039.070805 0.926331222 -0.144226044 0.532840073 -0.007662420 -0.355264425 -0.102315724 0.929117858
1341848039.106775 0.924120069 -0.143672228 0.529372096 -0.009586086 -0.353299946 -0.101558521 0.929931760
1341848039.138656 0.923104167 -0.142055988 0.525922298 -0.009057744 -0.352065742 -0.098863512 0.930695236
1341848039.170737 0.922338009 -0.138647899 0.520860434 -0.009392739 -0.348762035 -0.096798815 0.932151675
1341848039.206814 0.920216084 -0.137878627 0.519262314 -0.010372416 -0.347544611 -0.095983639 0.932680130
1341848039.238881 0.919417858 -0.135994881 0.515121162 -0.008429186 -0.346464366 -0.094148003 0.933288515
1341848039.270959 0.921492338 -0.133980453 0.510734081 -0.008245843 -0.345017344 -0.093872786 0.933853805
1341848039.306747 0.919264674 -0.132817522 0.507997453 -0.009724608 -0.343417138 -0.093122676 0.934504271
1341848039.338889 0.919833064 -0.131817505 0.505768776 -0.009740170 -0.343628496 -0.091158815 0.934620023
1341848039.374766 0.919343710 -0.128201827 0.500995636 -0.008494363 -0.341582388 -0.091653161 0.935333610
1341848039.406886 0.919314384 -0.127611414 0.499608815 -0.009446193 -0.340087414 -0.092032477 0.935831904
1341848039.438853 0.916620731 -0.125066265 0.495828539 -0.009297763 -0.337735206 -0.091664396 0.936720908
1341848039.474867 0.916237712 -0.124664754 0.495088547 -0.010718252 -0.336889923 -0.092655115 0.936912656
1341848039.507121 0.913614452 -0.122938365 0.494149029 -0.010587243 -0.334484100 -0.093219578 0.937719762
1341848039.538659 0.912111521 -0.122681499 0.490450799 -0.009705580 -0.331983507 -0.093628742 0.938576818
1341848039.574890 0.909811020 -0.120022535 0.486452639 -0.009127148 -0.330762327 -0.093730420 0.939003468
1341848039.606721 0.907696903 -0.119883604 0.485503912 -0.009273188 -0.330706418 -0.094197303 0.938975036
1341848039.642714 0.906257808 -0.118274696 0.483204901 -0.007787578 -0.327839643 -0.095075309 0.939904869
1341848039.674760 0.904547513 -0.116708435 0.479038477 -0.005782189 -0.326022536 -0.096040726 0.940453112
1341848039.707168 0.902281761 -0.114875764 0.475257576 -0.005790150 -0.325627118 -0.095162429 0.940679312
1341848039.742862 0.900330365 -0.112643301 0.473968923 -0.005239152 -0.323840320 -0.095991880 0.941214919
1341848039.775334 0.896987081 -0.111712210 0.472178519 -0.003974153 -0.320967406 -0.097225912 0.942078173
1341848039.806875 0.895105004 -0.110498816 0.470095158 -0.001827287 -0.320178360 -0.097561538 0.942318559
1341848039.843282 0.893340886 -0.107902184 0.467414737 -0.001104357 -0.317944050 -0.097097419 0.943123758
1341848039.881803 0.888709188 -0.108243614 0.466236681 -0.001334211 -0.315391183 -0.096840039 0.944006681
1341848039.913822 0.887454808 -0.107052527 0.463918179 -0.000122020 -0.314631492 -0.094599463 0.944488168
1341848039.943367 0.885305345 -0.104741752 0.459973574 -0.000692719 -0.312288433 -0.092443034 0.945478559
1341848039.974815 0.881246448 -0.101911880 0.458706707 -0.002040597 -0.311237603 -0.089647762 0.946092129
1341848040.010707 0.878164411 -0.101829514 0.456251472 -0.002062300 -0.310486883 -0.087184489 0.946568787
1341848040.042768 0.876827300 -0.099048086 0.452966601 -0.002538291 -0.308493316 -0.086002782 0.947327256
1341848040.078716 0.872810423 -0.096825354 0.450710446 -0.005491594 -0.305806845 -0.083225928 0.948433161
1341848040.110819 0.869757295 -0.096123971 0.449873596 -0.008427864 -0.303400815 -0.081555441 0.949329078
1341848040.142744 0.866794705 -0.093968518 0.447767496 -0.009401829 -0.299252510 -0.080899023 0.950691760
1341848040.178810 0.863506973 -0.092123255 0.443570375 -0.011353302 -0.295747578 -0.080625504 0.951789916
1341848040.211029 0.860312760 -0.091113359 0.442326307 -0.015257047 -0.293629140 -0.078575827 0.952562332
1341848040.242681 0.857597589 -0.091262691 0.441139817 -0.018620906 -0.290466726 -0.078038625 0.953515768
1341848040.278950 0.852819204 -0.089691959 0.439559042 -0.019063495 -0.286460638 -0.076633297 0.954832017
1341848040.310719 0.849869251 -0.088386573 0.436114013 -0.017628564 -0.284001827 -0.073929578 0.955806792
1341848040.346920 0.848829210 -0.087025933 0.432441533 -0.020311374 -0.282157958 -0.070367321 0.956568241
1341848040.378809 0.844758213 -0.087339520 0.432588249 -0.022914700 -0.280326694 -0.068108968 0.957211077
1341848040.410884 0.841597378 -0.087026745 0.430767298 -0.020866331 -0.278407961 -0.064644575 0.958057761
1341848040.446720 0.839704931 -0.087107547 0.427067667 -0.020895211 -0.276947469 -0.060947143 0.958722532
1341848040.478680 0.836700857 -0.085692130 0.425308228 -0.020684153 -0.275983155 -0.057538021 0.959215760
1341848040.517796 0.833751142 -0.085736185 0.422464788 -0.019208033 -0.274518102 -0.056148510 0.959749043
1341848040.546685 0.831150055 -0.086776428 0.418789506 -0.018122073 -0.273219883 -0.055623285 0.960171103
1341848040.578879 0.829208672 -0.084780917 0.415708005 -0.017567499 -0.271917880 -0.054933663 0.960590661
1341848040.614917 0.826878786 -0.085781619 0.414712131 -0.018898422 -0.271024883 -0.053391054 0.960904658
1341848040.646758 0.825739145 -0.084547460 0.412760198 -0.016512813 -0.269111693 -0.053589355 0.961475134
1341848040.679034 0.823209584 -0.086306870 0.413261533 -0.016320078 -0.265112311 -0.053514645 0.962593019
1341848040.714653 0.819719255 -0.082904704 0.417382479 -0.010646043 -0.259953707 -0.050798912 0.964225173
1341848040.746821 0.817775249 -0.086486682 0.409736812 -0.008602268 -0.250210762 -0.050262675 0.966847599
1341848040.778774 0.815545380 -0.085173361 0.408489972 -0.004537400 -0.245188072 -0.049449738 0.968202949
1341848040.814675 0.812978745 -0.084539331 0.405681640 -0.004417622 -0.237077966 -0.047454230 0.970320880
1341848040.846908 0.807732224 -0.085537098 0.403718233 -0.004089121 -0.231178045 -0.046645429 0.971783996
1341848040.882827 0.808085382 -0.084061280 0.402464569 -0.001041063 -0.227567986 -0.045434915 0.972701073
1341848040.914699 0.804645121 -0.083847046 0.399650186 -0.001875852 -0.221418902 -0.042303190 0.974258959
1341848040.946862 0.800603151 -0.082573272 0.400085181 -0.001001271 -0.217535615 -0.039701808 0.975244105
1341848040.984484 0.800963163 -0.081177868 0.397417039 -0.001319131 -0.213189960 -0.035494078 0.976364911
1341848041.022638 0.797454000 -0.079610027 0.394724131 -0.003589966 -0.208494589 -0.031618919 0.977505684
1341848041.058859 0.793133199 -0.079138607 0.395407021 -0.004871876 -0.206665322 -0.026142800 0.978050232
1341848041.094347 0.794767261 -0.076221719 0.392039984 -0.005355067 -0.202328652 -0.022774348 0.979038179
1341848041.122188 0.791409194 -0.074014381 0.390812069 -0.009596362 -0.196857437 -0.018843805 0.980204046
1341848041.189954 0.787008524 -0.073838957 0.388066709 -0.017083479 -0.190477014 -0.008373793 0.981507301
1341848041.218698 0.783359408 -0.072107516 0.388417453 -0.019514181 -0.187481463 -0.005964233 0.982056141
1341848041.250726 0.781492770 -0.071214303 0.386720359 -0.020799290 -0.185230598 -0.004056002 0.982466578
1341848041.283054 0.777796030 -0.069622286 0.383939892 -0.025116028 -0.181015372 -0.001681166 0.983158052
1341848041.319290 0.773456335 -0.067180924 0.386804163 -0.025300495 -0.179458976 0.000025877 0.983440042
1341848041.355465 0.772515714 -0.066874638 0.384661824 -0.024507036 -0.176773414 0.001163133 0.983945727
1341848041.384901 0.769100487 -0.065275840 0.384653211 -0.025179652 -0.173052326 0.000120152 0.984590709
1341848041.418768 0.765010357 -0.064246207 0.384675622 -0.024846483 -0.168051869 0.002617173 0.985461533
1341848041.450845 0.763781726 -0.063893557 0.381341368 -0.026676293 -0.164772406 0.004785950 0.985959172
1341848041.482801 0.760853529 -0.062747978 0.383099526 -0.030212438 -0.162293479 0.004568657 0.986269295
1341848041.518788 0.756387472 -0.063061878 0.384749472 -0.032073330 -0.157502308 0.006029232 0.986979187
1341848041.550730 0.753837943 -0.062282026 0.384153634 -0.031888098 -0.152147815 0.006332120 0.987822890
1341848041.586805 0.748519897 -0.060201041 0.385570407 -0.031407110 -0.147465125 0.005476535 0.988553286
1341848041.618743 0.744758308 -0.060727760 0.385513663 -0.031725898 -0.143725246 0.006431169 0.989088058
1341848041.650957 0.741466641 -0.059530571 0.383745968 -0.031258054 -0.140742078 0.007532374 0.989524066
1341848041.686781 0.735097349 -0.060491379 0.384942234 -0.031146806 -0.137842387 0.008569989 0.989927232
1341848041.718789 0.731792569 -0.060450390 0.383689225 -0.030391671 -0.135137603 0.010959745 0.990300000
1341848041.750776 0.725993693 -0.062169813 0.385040462 -0.031808626 -0.132731453 0.014334779 0.990537763
1341848041.786711 0.721292198 -0.060089812 0.384368062 -0.029742839 -0.131236270 0.018179528 0.990738034
1341848041.818704 0.715346396 -0.060230888 0.384199560 -0.028786847 -0.130019084 0.021614131 0.990857840
1341848041.854747 0.712469339 -0.059986457 0.383874059 -0.028406460 -0.130599573 0.024410499 0.990727484
1341848041.886710 0.707702994 -0.060481790 0.384484649 -0.029159989 -0.128833190 0.027158847 0.990865350
1341848041.918718 0.701131463 -0.061699390 0.386591792 -0.027243493 -0.126861513 0.030861933 0.991065860
1341848041.954693 0.698443711 -0.062429242 0.383135319 -0.025398696 -0.124802366 0.033254657 0.991298854
1341848041.994975 0.693753898 -0.063586563 0.382054925 -0.028511303 -0.122744545 0.036623813 0.991352379
1341848042.018871 0.689645171 -0.065640949 0.387363851 -0.029506983 -0.122337759 0.041348286 0.991187751
1341848042.054627 0.686602592 -0.066376239 0.383709073 -0.027239189 -0.119771995 0.043196052 0.991487145
1341848042.089498 0.681471765 -0.066870287 0.382523000 -0.029465154 -0.116268143 0.045181870 0.991752028
1341848042.122881 0.676343799 -0.067860708 0.386208832 -0.030416727 -0.114809990 0.049225036 0.991700768
1341848042.154788 0.673001945 -0.069155753 0.384546995 -0.029312378 -0.112145074 0.049884312 0.992005944
1341848042.186714 0.669694304 -0.069693752 0.386161149 -0.029793240 -0.109130293 0.048759203 0.992383718
1341848042.222883 0.664987445 -0.070464499 0.387605309 -0.030870873 -0.105628803 0.051967133 0.992566824
1341848042.254762 0.663302541 -0.071301378 0.387943566 -0.030896049 -0.103914537 0.051698491 0.992761016
1341848042.290694 0.658722222 -0.069922738 0.388378918 -0.030138254 -0.098177746 0.048391949 0.993534625
1341848042.322759 0.653512895 -0.071220227 0.389676005 -0.031464633 -0.093981072 0.050122477 0.993813515
1341848042.354987 0.650171936 -0.070300885 0.388319552 -0.032584991 -0.091792367 0.054255307 0.993764937
1341848042.390711 0.646786869 -0.071294159 0.389284194 -0.036032394 -0.089349397 0.055345543 0.993808448
1341848042.429737 0.642413735 -0.070849322 0.391996503 -0.036107887 -0.085306913 0.057367980 0.994046211
1341848042.461752 0.638533652 -0.070317492 0.391139746 -0.035951287 -0.080944568 0.061162174 0.994190454
1341848042.490921 0.635825276 -0.068192899 0.390798241 -0.037944168 -0.077690594 0.063060649 0.994257390
1341848042.522713 0.629314899 -0.069434777 0.393231452 -0.040807202 -0.071970008 0.066598877 0.994343877
1341848042.558691 0.624628961 -0.069909535 0.392274499 -0.040048812 -0.065889426 0.069127634 0.994623601
1341848042.590841 0.620600760 -0.067736544 0.391456664 -0.040396459 -0.061171241 0.071944989 0.994711101
1341848042.622730 0.614533305 -0.068378121 0.395591348 -0.040998906 -0.056371719 0.076368116 0.994640231
1341848042.658741 0.614066243 -0.068011425 0.395105839 -0.038047057 -0.054525685 0.079342701 0.994627655
1341848042.697779 0.611589491 -0.067272060 0.393198282 -0.038107209 -0.049881995 0.081831835 0.994667351
1341848042.729778 0.605818689 -0.066848114 0.395486027 -0.037979409 -0.044806678 0.088913754 0.994305909
1341848042.761637 0.602725923 -0.065844908 0.392915040 -0.038222168 -0.041006945 0.094387986 0.993955910
1341848042.797954 0.600185692 -0.066199429 0.391902685 -0.040165417 -0.035933428 0.095537074 0.993965924
1341848042.829708 0.595687926 -0.065730959 0.392506480 -0.041247219 -0.029076949 0.097944252 0.993911505
1341848042.861726 0.593235493 -0.065543853 0.391991287 -0.042479239 -0.023971489 0.101165250 0.993673205
1341848042.897767 0.589153528 -0.063705221 0.391514570 -0.043139122 -0.018904440 0.104571112 0.993401468
1341848042.929860 0.584446669 -0.064373769 0.392629921 -0.043717198 -0.014269012 0.105765760 0.993327141
1341848042.965708 0.582214892 -0.064397655 0.392884225 -0.042062707 -0.010258215 0.107419409 0.993270636
1341848042.997994 0.579920173 -0.064123809 0.392140716 -0.042269707 -0.007897593 0.110565484 0.992938161
1341848043.030335 0.579672158 -0.065198898 0.392216027 -0.044357982 -0.007088617 0.114246108 0.992436349
1341848043.065737 0.572518885 -0.062377829 0.391890883 -0.043084413 -0.000733736 0.116933458 0.992204487
1341848043.097862 0.567340434 -0.062416200 0.392397165 -0.044151206 0.004360690 0.117387794 0.992094636
1341848043.133955 0.563630521 -0.063102067 0.393318385 -0.044676557 0.007757870 0.118420236 0.991927624
1341848043.165792 0.561245739 -0.061731331 0.392596662 -0.045426454 0.010401624 0.120959081 0.991562963
1341848043.201879 0.557422340 -0.065165438 0.395064831 -0.047899194 0.012904524 0.119313553 0.991616547
1341848043.233861 0.552972496 -0.064697772 0.398185045 -0.044577278 0.016374230 0.119650520 0.991679609
1341848043.265717 0.550520420 -0.064458579 0.395549238 -0.043960106 0.019485123 0.122181654 0.991342247
1341848043.301798 0.547163725 -0.064194441 0.397708625 -0.043942302 0.021460935 0.124482743 0.991015971
1341848043.334034 0.543795288 -0.066094041 0.399808973 -0.043211404 0.024741041 0.124633431 0.990952671
1341848043.369819 0.540306032 -0.065222256 0.398337215 -0.041636314 0.027569199 0.125784621 0.990799963
1341848043.401743 0.535495758 -0.066587493 0.400715679 -0.041955430 0.028781762 0.127099514 0.990584254
1341848043.433949 0.531101704 -0.066506974 0.401449740 -0.040590785 0.030591695 0.128473908 0.990409553
1341848043.469625 0.529426694 -0.067438528 0.402850986 -0.041140642 0.032203440 0.129087403 0.990255952
1341848043.501696 0.525187612 -0.067405991 0.406630218 -0.040670764 0.034529909 0.133528873 0.989607811
1341848043.537825 0.520742595 -0.070616588 0.407846868 -0.040447135 0.034887314 0.135427654 0.989346385
1341848043.569664 0.517746568 -0.070414208 0.408297181 -0.039950870 0.036776379 0.137789086 0.988972008
1341848043.601838 0.510876060 -0.072813317 0.408663779 -0.041756839 0.040312123 0.139570579 0.988509655
1341848043.637798 0.507789671 -0.072363749 0.410899222 -0.042495731 0.040243343 0.141301855 0.988234997
1341848043.670144 0.504634500 -0.073902652 0.415587574 -0.043928858 0.041247759 0.142714754 0.987927794
1341848043.701979 0.497696072 -0.075149760 0.418046027 -0.043991040 0.045389265 0.143392593 0.987645268
1341848043.737757 0.495196700 -0.075792529 0.419273645 -0.044324443 0.045752104 0.144623339 0.987434149
1341848043.769828 0.490755349 -0.076970883 0.420941532 -0.047556523 0.048411962 0.148580223 0.986569107
1341848043.805817 0.485561490 -0.080339849 0.425715446 -0.050303157 0.051294688 0.151397511 0.985858619
1341848043.837855 0.486004412 -0.082604699 0.428452492 -0.049010452 0.050814610 0.149908289 0.986176133
1341848043.869697 0.485206962 -0.082411483 0.428649783 -0.047312025 0.051356811 0.150935069 0.986074388
1341848043.905731 0.481862605 -0.083145648 0.430646569 -0.048604544 0.052163854 0.151568159 0.985872030
1341848043.938034 0.478388250 -0.086218230 0.434690148 -0.049189415 0.052330021 0.152209565 0.985735357
1341848043.969826 0.476733655 -0.084905028 0.435902327 -0.047757495 0.053287338 0.151539475 0.985857725
1341848044.005919 0.472301781 -0.086081505 0.439052314 -0.049602002 0.056021351 0.151378736 0.985639751
1341848044.037703 0.469235659 -0.089479491 0.442507684 -0.049598597 0.056312393 0.152341694 0.985474944
1341848044.073762 0.466994286 -0.090065673 0.439574003 -0.048291020 0.057293940 0.151108563 0.985673189
1341848044.105804 0.462511539 -0.090064287 0.443312615 -0.050155051 0.058059424 0.151428148 0.985486209
1341848044.137722 0.455003202 -0.093978092 0.446944833 -0.051195476 0.061272711 0.154280350 0.984795570
1341848044.173825 0.453312069 -0.093700483 0.447743833 -0.050633449 0.061876841 0.154003233 0.984830201
1341848044.205750 0.449426621 -0.095731899 0.450766116 -0.052563958 0.065718755 0.153849348 0.984504163
1341848044.237767 0.447117299 -0.096951887 0.452234745 -0.052366674 0.066642150 0.154846996 0.984296203
1341848044.273822 0.444233358 -0.097508118 0.452887982 -0.052532800 0.068581760 0.155312926 0.984080672
1341848044.305742 0.440697402 -0.099403299 0.454971820 -0.054849371 0.071544245 0.156826362 0.983503163
1341848044.337838 0.437783033 -0.101277255 0.457081974 -0.055628408 0.073853798 0.157859921 0.983123243
1341848044.373688 0.436764777 -0.100480892 0.457949817 -0.054747749 0.074513443 0.160252661 0.982735693
1341848044.405874 0.435143203 -0.100223750 0.460616350 -0.055404224 0.076429516 0.161906376 0.982280612
1341848044.441696 0.433729440 -0.101050057 0.463342369 -0.056240421 0.079539239 0.165804833 0.981335461
1341848044.473716 0.431694299 -0.100640677 0.465605587 -0.055918809 0.082693316 0.170196176 0.980340838
1341848044.505687 0.430783421 -0.102410644 0.467367232 -0.057888281 0.086850867 0.173432171 0.979299307
1341848044.541856 0.429124117 -0.102969475 0.469813973 -0.058481861 0.091661490 0.177646726 0.978069365
1341848044.573760 0.425898910 -0.104603045 0.471858710 -0.059058003 0.097334743 0.180029601 0.977050364
1341848044.605829 0.423568666 -0.104977995 0.473707795 -0.058455806 0.102125533 0.184165269 0.975826025
1341848044.641741 0.420841932 -0.104245499 0.475827992 -0.058278024 0.106707804 0.190059096 0.974214911
1341848044.705966 0.414785117 -0.106985413 0.481294394 -0.058124047 0.115440100 0.197777674 0.971688807
1341848044.734774 0.413612217 -0.106763124 0.483018547 -0.056655493 0.118347928 0.201859504 0.970585763
1341848044.771011 0.411915064 -0.108705632 0.484217227 -0.055970971 0.121307604 0.204383224 0.969731510
1341848044.802833 0.409549445 -0.108068146 0.483347476 -0.053854249 0.123500198 0.204938903 0.969457328
1341848044.834852 0.405148596 -0.109728366 0.487290561 -0.055248916 0.128191784 0.207518786 0.968220234
1341848044.870686 0.401713252 -0.112785719 0.489628702 -0.054677162 0.131375924 0.212176993 0.966815233
1341848044.902692 0.398966819 -0.111316003 0.489944100 -0.050665878 0.131534666 0.215064555 0.966374099
1341848044.934911 0.395121753 -0.112372942 0.491394877 -0.050234195 0.133608326 0.217146143 0.965646386
1341848044.970797 0.391738892 -0.112964235 0.493486434 -0.049800117 0.134283453 0.221987590 0.964473665
1341848045.002641 0.389012575 -0.114149518 0.490940988 -0.050640751 0.133522451 0.223055571 0.964289129
1341848045.038733 0.386378407 -0.113372453 0.492779791 -0.052762955 0.133223355 0.224664584 0.963843107
1341848045.070849 0.384308040 -0.114717372 0.497728258 -0.054958720 0.133700177 0.225045621 0.963565409
1341848045.102831 0.381740689 -0.114653133 0.498544067 -0.054829430 0.135845691 0.224522904 0.963394582
1341848045.138762 0.380192220 -0.115631700 0.501215935 -0.058003195 0.137274593 0.224437550 0.963026047
1341848045.170759 0.377343893 -0.117965214 0.505913019 -0.059362493 0.138595134 0.225501567 0.962505341
1341848045.202698 0.374799162 -0.117807820 0.507203460 -0.057599958 0.139650375 0.224938661 0.962591588
1341848045.238872 0.373628914 -0.119137838 0.510220170 -0.059138943 0.140939504 0.222861618 0.962793469
1341848045.270833 0.369017065 -0.121153742 0.512623727 -0.058407035 0.143907949 0.223860145 0.962167263
1341848045.306816 0.366964161 -0.121362753 0.513982296 -0.057992939 0.143514484 0.223641634 0.962301791
1341848045.338698 0.365388602 -0.122349218 0.517688274 -0.059820414 0.144202799 0.222079054 0.962448895
1341848045.370799 0.362293005 -0.126110181 0.522084177 -0.061247636 0.146743193 0.221627817 0.962079108
1341848045.406703 0.358470440 -0.124733672 0.523004591 -0.058603738 0.146998674 0.221118495 0.962321997
1341848045.438695 0.355779380 -0.125970423 0.526369452 -0.061318040 0.145555407 0.221242860 0.962343633
1341848045.474692 0.354787230 -0.128318101 0.531004906 -0.063347660 0.142919987 0.221177578 0.962622166
1341848045.506761 0.352676690 -0.130475745 0.534017742 -0.064013697 0.142977163 0.219425797 0.962970436
1341848045.538886 0.351832598 -0.131244004 0.538153231 -0.063152842 0.142339051 0.218064994 0.963430822
1341848045.575971 0.346960247 -0.132364273 0.540950477 -0.060797792 0.143774644 0.218555346 0.963258088
1341848045.606920 0.345095456 -0.132821798 0.543141544 -0.060609560 0.141031668 0.217918530 0.963819504
1341848045.645890 0.343636632 -0.134907305 0.546373963 -0.062597990 0.139429837 0.217325971 0.964059293
1341848045.674943 0.341071963 -0.136747435 0.550837219 -0.063937090 0.139269516 0.215351194 0.964437604
1341848045.706968 0.340144038 -0.137139887 0.555356741 -0.062342603 0.135527655 0.213809609 0.965417564
1341848045.743092 0.337144732 -0.138318941 0.556874156 -0.062425997 0.134978801 0.212538958 0.965769649
1341848045.774776 0.334544361 -0.140365019 0.560442030 -0.065293476 0.134503171 0.211169720 0.965946674
1341848045.807609 0.331787825 -0.142380118 0.565831184 -0.064988732 0.132753104 0.210474208 0.966361046
1341848045.842865 0.330544472 -0.140154451 0.567682624 -0.060594525 0.129234925 0.208334371 0.967586398
1341848045.874777 0.327439010 -0.142136067 0.569252253 -0.063785449 0.129379407 0.205748960 0.967915177
1341848045.906765 0.324186236 -0.145987332 0.575822532 -0.068184458 0.129296303 0.205993578 0.967574298
1341848045.942758 0.323282599 -0.144795328 0.578438044 -0.062885605 0.121775135 0.204333499 0.969259560
1341848045.974768 0.320569485 -0.144807845 0.580484748 -0.061707653 0.119650945 0.201309964 0.970232010
1341848046.010763 0.319075882 -0.145332322 0.584400177 -0.062603094 0.116693057 0.197692379 0.971278191
1341848046.042828 0.313773453 -0.148537949 0.587708652 -0.062776536 0.115668312 0.195584297 0.971816182
1341848046.074722 0.315763503 -0.143348455 0.588931799 -0.057513330 0.104770094 0.192582667 0.973975003
1341848046.110817 0.312118858 -0.145100251 0.591266632 -0.061490256 0.104990587 0.189258233 0.974359930
1341848046.142773 0.309535325 -0.147808805 0.595983267 -0.063543275 0.104072675 0.185800135 0.974992037
1341848046.181848 0.306948423 -0.146359295 0.595946968 -0.059874684 0.101141185 0.180724382 0.976485610
1341848046.219718 0.304984510 -0.143419608 0.597600579 -0.059694409 0.098187655 0.178106979 0.977278709
1341848046.249730 0.301449269 -0.146521360 0.600213289 -0.064351171 0.096300758 0.175890505 0.977572322
1341848046.283599 0.299443036 -0.145662248 0.601460278 -0.062972151 0.092214957 0.173374221 0.978505135
1341848046.317731 0.294987231 -0.146187693 0.602941096 -0.064707987 0.092704751 0.169356421 0.979049087
1341848046.349732 0.291840732 -0.147021368 0.604856670 -0.066107325 0.091533460 0.167077586 0.979457259
1341848046.382309 0.288625330 -0.147176415 0.605973482 -0.065884218 0.089153096 0.165024400 0.980039775
1341848046.417763 0.285933822 -0.144554019 0.606368005 -0.065181032 0.087828904 0.162413895 0.980642259
1341848046.449782 0.283965230 -0.145479292 0.607917428 -0.069124766 0.086578585 0.161211580 0.980681777
1341848046.485848 0.280517697 -0.144858494 0.608627617 -0.068468511 0.084559940 0.158518627 0.981342733
1341848046.517760 0.277462155 -0.144468129 0.607331991 -0.070533805 0.083069272 0.155305505 0.981837392
1341848046.549658 0.272726119 -0.145499751 0.609176576 -0.072863623 0.084178217 0.154035389 0.981772900
1341848046.586076 0.269985318 -0.146183699 0.608732581 -0.071878664 0.080501370 0.151922405 0.982482851
1341848046.617769 0.266383857 -0.144134045 0.607243001 -0.069709249 0.078978620 0.148488745 0.983287394
1341848046.653748 0.262279272 -0.144656777 0.607680202 -0.070868231 0.078908883 0.148343265 0.983232081
1341848046.685899 0.258996636 -0.144318968 0.605910242 -0.068209685 0.074553363 0.148665726 0.983711243
1341848046.714925 0.256297797 -0.144069940 0.604367256 -0.068021119 0.071155250 0.147514284 0.984149218
1341848046.746888 0.253066242 -0.142977610 0.603675842 -0.066955477 0.069884449 0.146799162 0.984420180
1341848046.778736 0.247475043 -0.142413318 0.603305459 -0.064554587 0.070688553 0.145678073 0.984689653
1341848046.814747 0.246151686 -0.138816178 0.601033449 -0.060680293 0.066542603 0.143857807 0.985492229
1341848046.846853 0.243296638 -0.139642626 0.599448502 -0.063471146 0.066329926 0.143317118 0.985409558
1341848046.878793 0.237767994 -0.137552813 0.598824561 -0.061113149 0.068376973 0.143296376 0.985421717
1341848046.915079 0.235331133 -0.137778059 0.596664906 -0.062324759 0.067271620 0.143021420 0.985461831
1341848046.946882 0.232188255 -0.136990577 0.594744682 -0.062426474 0.066879399 0.143545240 0.985405922
1341848046.982780 0.229373872 -0.136541218 0.593138576 -0.062727764 0.065814614 0.143054679 0.985529840
1341848047.015086 0.224465892 -0.133296788 0.592277586 -0.061291158 0.067035988 0.142272547 0.985651076
1341848047.047884 0.221059710 -0.134295106 0.591397345 -0.064015143 0.066916756 0.142494559 0.985453963
1341848047.089866 0.216718912 -0.132313341 0.589245975 -0.062557168 0.066467516 0.141085893 0.985780597
1341848047.114997 0.212978661 -0.132623762 0.586680710 -0.066306882 0.066492945 0.140601799 0.985602975
1341848047.147565 0.210658640 -0.132596940 0.585941255 -0.068344608 0.064464256 0.140386552 0.985629201
1341848047.182713 0.206858128 -0.132184178 0.584258676 -0.068343200 0.063984171 0.138837278 0.985880017
1341848047.214887 0.202104434 -0.129445732 0.582360506 -0.066340581 0.063469000 0.136341050 0.986398339
1341848047.250668 0.197739735 -0.128950894 0.581569612 -0.067578271 0.062326841 0.136576295 0.986354649
1341848047.282779 0.195057765 -0.128761202 0.579682112 -0.068581194 0.057876639 0.136278972 0.986597657
1341848047.314815 0.191523671 -0.127045989 0.578470230 -0.066942729 0.056777652 0.134444922 0.987025619
1341848047.350637 0.188138172 -0.127404764 0.576189339 -0.067472272 0.054714996 0.132611394 0.987354040
1341848047.383038 0.181808710 -0.127184838 0.573907614 -0.066165693 0.053003952 0.133270830 0.987446964
1341848047.414781 0.179006606 -0.127318963 0.572515726 -0.066240236 0.049165729 0.131447300 0.987884879
1341848047.450847 0.174172372 -0.126488894 0.571021020 -0.063449040 0.048463281 0.129251003 0.988392472
1341848047.482648 0.170389846 -0.125131220 0.568299234 -0.061177660 0.045915317 0.128417686 0.988765895
1341848047.518733 0.168022558 -0.126020834 0.566139698 -0.063383535 0.041717011 0.127332121 0.988953352
1341848047.550836 0.161831707 -0.126634777 0.566241443 -0.063202620 0.042265393 0.126407340 0.989060283
1341848047.582955 0.159952775 -0.126259699 0.564303279 -0.061732687 0.038812831 0.125032291 0.989469349
1341848047.618981 0.156213313 -0.125650585 0.562896192 -0.061341692 0.039271045 0.123378217 0.989683211
1341848047.650752 0.151130721 -0.130136982 0.561529756 -0.064172864 0.039770864 0.123490728 0.989469588
1341848047.689728 0.150127754 -0.126939788 0.559049964 -0.059354596 0.033444367 0.122521572 0.990124762
1341848047.719086 0.147718161 -0.126757175 0.557511568 -0.060243774 0.032299902 0.122440755 0.990119040
1341848047.750845 0.142825276 -0.127557516 0.557267249 -0.061350215 0.033785276 0.120975614 0.990181565
1341848047.786695 0.137325451 -0.127861992 0.557910025 -0.061423626 0.035278738 0.121264130 0.990089715
1341848047.818804 0.136759013 -0.127391368 0.556276560 -0.061098337 0.030995712 0.119986817 0.990408719
1341848047.850811 0.132157773 -0.126439691 0.556782365 -0.061105013 0.033991292 0.118036002 0.990544438
1341848047.886853 0.127216339 -0.129984945 0.556526899 -0.063859716 0.036628518 0.117394492 0.990352869
1341848047.918858 0.125205547 -0.129055917 0.554756522 -0.061138183 0.034154579 0.117689759 0.990577996
1341848047.954723 0.122887515 -0.128733009 0.554167151 -0.061004765 0.032863572 0.117809273 0.990615666
1341848047.986771 0.118280187 -0.130734622 0.554557681 -0.062648304 0.036139779 0.117646791 0.990418255
1341848048.018897 0.110717058 -0.130661830 0.554937482 -0.059530042 0.039740499 0.116636768 0.990592122
1341848048.054937 0.110991180 -0.129678071 0.552308738 -0.058337849 0.035200536 0.116411075 0.990861297
1341848048.086776 0.106449634 -0.130142540 0.552666247 -0.059737656 0.038526651 0.115853786 0.990719438
1341848048.118790 0.101560831 -0.132094309 0.552078962 -0.060650125 0.040630452 0.116229415 0.990535915
1341848048.154692 0.098882355 -0.132077947 0.551110268 -0.059342843 0.039971542 0.117368452 0.990507603
1341848048.186720 0.097793072 -0.132385433 0.550058901 -0.059779424 0.040480953 0.118491709 0.990326941
1341848048.222966 0.090674177 -0.132113680 0.552713692 -0.057531275 0.045929044 0.118873551 0.990176678
1341848048.254953 0.087415211 -0.132765919 0.552548468 -0.054158434 0.046972454 0.121750988 0.989968240
1341848048.286640 0.085528448 -0.132954389 0.550196826 -0.053529952 0.048479076 0.120761484 0.990050972
1341848048.322843 0.080690041 -0.133138880 0.550908923 -0.053764835 0.052184094 0.121292196 0.989785016
1341848048.354699 0.078120708 -0.134974927 0.550057352 -0.053603187 0.053161964 0.122677267 0.989571035
1341848048.386709 0.076263562 -0.135239184 0.547655106 -0.052406456 0.053951863 0.120370463 0.989875615
1341848048.422649 0.070961818 -0.136098504 0.548244953 -0.051024105 0.058173001 0.119670339 0.989793658
1341848048.454923 0.067465134 -0.136727959 0.546523392 -0.048256770 0.059628569 0.119575389 0.989857316
1341848048.490668 0.063716389 -0.135563001 0.545075297 -0.046885993 0.061162014 0.119476236 0.989841580
1341848048.522793 0.059269607 -0.137380213 0.546423912 -0.046765994 0.063701682 0.120782040 0.989528537
1341848048.554990 0.058020622 -0.138978511 0.544521570 -0.043927468 0.062892146 0.121066473 0.989675641
1341848048.590630 0.051715206 -0.138463467 0.543394327 -0.040001765 0.066104017 0.120280728 0.989728570
1341848048.622652 0.049835224 -0.139920890 0.543312371 -0.039233238 0.065443136 0.121523745 0.989651442
1341848048.658741 0.048299134 -0.142387062 0.541369259 -0.037289239 0.064910054 0.123655550 0.989497602
1341848048.690791 0.046689428 -0.140129969 0.539482653 -0.031666446 0.064181633 0.123022139 0.989819944
1341848048.722708 0.044393320 -0.141055077 0.538519084 -0.030477980 0.064057335 0.124408096 0.989692032
1341848048.758833 0.041251577 -0.141857266 0.538190603 -0.027720092 0.065560319 0.125483915 0.989538908
1341848048.791156 0.038644645 -0.141033441 0.536729336 -0.024259871 0.066051103 0.124815553 0.989681661
1341848048.822736 0.034293268 -0.145150810 0.536824584 -0.024798654 0.068484299 0.124904171 0.989491701
1341848048.858661 0.033610545 -0.142966241 0.534782410 -0.019174734 0.065539934 0.124110483 0.989915848
1341848048.891041 0.029085226 -0.146140963 0.535082459 -0.019326320 0.068084553 0.121494927 0.990065634
1341848048.926768 0.025709316 -0.147733301 0.533896625 -0.016624834 0.067715615 0.118812330 0.990465522
1341848048.958953 0.022240207 -0.148242131 0.531146526 -0.013423589 0.066258483 0.116645917 0.990869999
1341848048.990810 0.018593993 -0.149866998 0.530970514 -0.011012317 0.066185966 0.115977325 0.990983069
1341848049.026707 0.015477661 -0.154365152 0.530038714 -0.010393103 0.066165544 0.111882322 0.991461813
1341848049.058792 0.013512697 -0.151859120 0.527038157 -0.002702996 0.065257370 0.109606721 0.991826892
1341848049.090709 0.007497773 -0.151455328 0.525834501 0.000108589 0.066890404 0.109017819 0.991786659
1341848049.126753 0.005807318 -0.151710540 0.524681270 0.002043226 0.063298851 0.109621890 0.991953731
1341848049.158854 0.004433978 -0.152578875 0.523175836 0.003331003 0.062183153 0.107692048 0.992232144
1341848049.194708 0.001331694 -0.152859330 0.521026909 0.005629748 0.062610246 0.105448984 0.992435813
1341848049.226742 -0.003125958 -0.148020536 0.520278394 0.011449585 0.062297184 0.104909435 0.992462575
1341848049.258792 -0.004886184 -0.149896115 0.518680215 0.009156340 0.059903465 0.104428105 0.992684484
1341848049.294747 -0.008200377 -0.149577022 0.518015862 0.010841289 0.060978789 0.102063835 0.992847919
1341848049.326837 -0.012018047 -0.149655640 0.515507102 0.011706113 0.062444415 0.101556860 0.992798984
1341848049.358802 -0.016122468 -0.146894515 0.513925076 0.014142031 0.062244002 0.103218593 0.992608488
1341848049.394779 -0.020636596 -0.149787650 0.514230549 0.011921327 0.063940525 0.104938738 0.992349446
1341848049.426763 -0.023106329 -0.149605840 0.511245072 0.014547328 0.064293876 0.104656599 0.992321372
1341848049.462746 -0.025688358 -0.147744223 0.507733524 0.015861936 0.064929895 0.107026927 0.992006958
1341848049.494728 -0.031727485 -0.150726229 0.507831812 0.014551328 0.068079285 0.110217541 0.991466343
1341848049.526803 -0.033248991 -0.148438424 0.504046977 0.017808123 0.066383548 0.110598631 0.991485775
1341848049.562799 -0.036737517 -0.147073001 0.501849115 0.017993985 0.068417154 0.111695379 0.991221189
1341848049.594759 -0.043888219 -0.146851748 0.500706911 0.018674726 0.070377395 0.114117898 0.990795314
1341848049.626829 -0.045570180 -0.146268815 0.498238385 0.019121993 0.067387179 0.115655929 0.990816355
1341848049.662690 -0.049687900 -0.144799367 0.495890528 0.019276923 0.068725094 0.113795638 0.990936816
1341848049.695064 -0.056264699 -0.143259376 0.494439393 0.019726055 0.070247956 0.114076652 0.990788877
1341848049.730793 -0.061900869 -0.142216057 0.492838681 0.019709826 0.067887537 0.115268707 0.990815818
1341848049.762702 -0.062615529 -0.142361015 0.489101857 0.017331487 0.061901845 0.113397598 0.991468012
1341848049.794722 -0.069628805 -0.141493559 0.488336176 0.016793532 0.064287849 0.111382484 0.991553843
1341848049.830816 -0.076618165 -0.137346670 0.487330407 0.020435376 0.063549265 0.111391038 0.991532147
1341848049.869834 -0.078760177 -0.135304704 0.484363139 0.019059224 0.058136560 0.110288255 0.992014825
1341848049.898674 -0.081262797 -0.138819888 0.482639641 0.013591129 0.056223910 0.108222187 0.992442489
1341848049.930835 -0.087593034 -0.140583351 0.481945276 0.013270035 0.057437103 0.105413958 0.992679596
1341848049.963022 -0.091853984 -0.133680820 0.479049027 0.019690948 0.054140147 0.105068222 0.992794931
1341848049.998757 -0.096553281 -0.134019107 0.477293998 0.017355533 0.052421190 0.104459345 0.992994964
1341848050.030786 -0.099453971 -0.136955932 0.478359252 0.013838891 0.050012752 0.103125229 0.993313849
1341848050.062661 -0.099169828 -0.135745525 0.475687802 0.015423570 0.043951113 0.100961789 0.993799329
1341848050.098678 -0.104498670 -0.132357359 0.474256933 0.017223818 0.044097535 0.099594347 0.993901253
1341848050.130710 -0.111235395 -0.131992504 0.475926608 0.017105004 0.043642372 0.098129399 0.994069099
1341848050.166738 -0.109837279 -0.131319925 0.472147942 0.016240532 0.036527324 0.094073445 0.994762421
1341848050.198726 -0.116278872 -0.130786672 0.472924232 0.015172197 0.038553230 0.091454208 0.994947016
1341848050.230806 -0.122334093 -0.130407393 0.473301440 0.015369506 0.036956470 0.088957421 0.995230913
1341848050.266732 -0.122141011 -0.129917264 0.471765935 0.014714157 0.031009505 0.086542718 0.995656729
1341848050.298842 -0.127365783 -0.129653931 0.471971840 0.013628080 0.031201426 0.082166180 0.996036887
1341848050.330688 -0.133275434 -0.129383624 0.472406983 0.014350909 0.030211713 0.079229988 0.996295094
1341848050.366746 -0.135064200 -0.128376409 0.469480902 0.014465660 0.025062403 0.077627271 0.996562421
1341848050.398693 -0.138205394 -0.127296254 0.469506174 0.013603824 0.022106787 0.074752934 0.996864200
1341848050.434780 -0.143512413 -0.127411038 0.470850706 0.013340091 0.021386115 0.073041208 0.997010350
1341848050.466655 -0.145045429 -0.128653228 0.468482852 0.012247426 0.016265182 0.069786005 0.997354209
1341848050.498791 -0.147619084 -0.132126167 0.468240708 0.009291670 0.013239720 0.064548127 0.997783482
1341848050.534849 -0.151956096 -0.130313739 0.467598081 0.012324621 0.012193925 0.062426902 0.997898936
1341848050.566840 -0.154673532 -0.129219368 0.466600180 0.013883065 0.008323682 0.060967833 0.998008490
1341848050.598790 -0.156767532 -0.128264457 0.465417802 0.013741580 0.002372395 0.058377020 0.998197198
1341848050.634752 -0.162685126 -0.130091831 0.468215585 0.012784109 0.002407033 0.055325717 0.998383582
1341848050.666816 -0.165797234 -0.127050713 0.467593014 0.017694380 -0.000600733 0.052881241 0.998443842
1341848050.702846 -0.168710098 -0.128696650 0.464443117 0.016280375 -0.005136965 0.049973641 0.998604596
1341848050.734789 -0.171225250 -0.128068507 0.463950366 0.017017871 -0.009844165 0.050125808 0.998549402
1341848050.766882 -0.175483853 -0.129030257 0.464343995 0.015721424 -0.013544541 0.049169365 0.998574853
1341848050.802875 -0.179887623 -0.131821126 0.464044303 0.013937466 -0.016332727 0.046357024 0.998694122
1341848050.834769 -0.182228088 -0.127983645 0.464024216 0.019036986 -0.020561567 0.044430040 0.998619437
1341848050.870719 -0.185920641 -0.129368395 0.461578786 0.016595175 -0.023852311 0.042264342 0.998683810
1341848050.902725 -0.189467221 -0.132008255 0.462903410 0.014750480 -0.028309584 0.038838767 0.998735487
1341848050.934794 -0.191812292 -0.132958978 0.461543411 0.015569411 -0.031814154 0.035523996 0.998740971
1341848050.970852 -0.196883857 -0.131320298 0.462110937 0.017801082 -0.032925170 0.032336745 0.998775959
1341848051.002763 -0.199769959 -0.131609380 0.462357700 0.018854167 -0.036909487 0.030820608 0.998665273
1341848051.035007 -0.202609628 -0.131196827 0.460724473 0.020259848 -0.040381756 0.030133113 0.998524308
1341848051.070784 -0.207124129 -0.132973447 0.460737258 0.019268177 -0.042074237 0.028682837 0.998516798
1341848051.102734 -0.208747596 -0.131964460 0.460494488 0.022070577 -0.046193060 0.027005723 0.998323500
1341848051.138713 -0.211115599 -0.132235080 0.458304465 0.022628577 -0.048751358 0.024255643 0.998259962
1341848051.170672 -0.214897156 -0.130845413 0.457532734 0.024177976 -0.049437284 0.024395596 0.998186469
1341848051.202839 -0.217795178 -0.132097632 0.457918048 0.023798337 -0.052575547 0.024998168 0.998020291
1341848051.238747 -0.218713969 -0.134415746 0.457089126 0.023903385 -0.057702061 0.024677427 0.997742534
1341848051.270842 -0.220365673 -0.136589944 0.456561714 0.024783066 -0.060082391 0.021492057 0.997654259
1341848051.302718 -0.220837951 -0.135878429 0.456004173 0.029582841 -0.062807985 0.019800579 0.997390628
1341848051.338668 -0.224549279 -0.133996084 0.456744313 0.035473015 -0.063783705 0.019009780 0.997151911
1341848051.370895 -0.225514218 -0.135256961 0.454230011 0.037105765 -0.068730727 0.016294599 0.996811807
1341848051.406688 -0.226912454 -0.135024250 0.453356832 0.038952410 -0.070114478 0.014695399 0.996669769
1341848051.440006 -0.227643624 -0.134534329 0.453222364 0.041389190 -0.073519997 0.012515857 0.996355891
1341848051.470890 -0.226828218 -0.134572029 0.451851964 0.042869374 -0.078619897 0.009931637 0.995932996
1341848051.506718 -0.227940172 -0.132568806 0.451401412 0.045131132 -0.082184941 0.006208422 0.995575368
1341848051.538932 -0.231035501 -0.135784030 0.454763055 0.044102076 -0.084664553 0.000385693 0.995432973
1341848051.570738 -0.226709679 -0.134581655 0.449410319 0.049256284 -0.092747010 -0.009147518 0.994428575
1341848051.606760 -0.226407051 -0.133235902 0.450236917 0.052131768 -0.097578652 -0.013727413 0.993766725
1341848051.638863 -0.227361366 -0.133172616 0.450764298 0.056049619 -0.105581805 -0.023659095 0.992547810
1341848051.674718 -0.229187906 -0.131851912 0.447020471 0.061064828 -0.108071305 -0.026599873 0.991909325
1341848051.706714 -0.233405322 -0.128481194 0.444465041 0.062485635 -0.110413797 -0.031150207 0.991430283
1341848051.738793 -0.231797040 -0.128938466 0.444935560 0.063112803 -0.120288223 -0.036281809 0.990066290
1341848051.774823 -0.231515378 -0.129215658 0.442081273 0.063767634 -0.124796957 -0.038387675 0.989386559
1341848051.806694 -0.231135547 -0.130001113 0.443745613 0.063704506 -0.129292175 -0.047344472 0.988424897
1341848051.838757 -0.230965659 -0.126157299 0.445117325 0.072343864 -0.132005632 -0.057274371 0.986945033
1341848051.874951 -0.231063068 -0.125272781 0.437732309 0.073441155 -0.132136509 -0.061776429 0.986574888
1341848051.906707 -0.230962187 -0.123961836 0.437214106 0.070552744 -0.134833351 -0.068006411 0.986010849
1341848051.942680 -0.230644435 -0.123092502 0.437313557 0.070119232 -0.138763756 -0.073795542 0.985079765
1341848051.974762 -0.226897478 -0.122422427 0.432786942 0.067523450 -0.140665159 -0.077144928 0.984734774
1341848052.006755 -0.227986276 -0.119412482 0.434748799 0.066055864 -0.137993544 -0.081309877 0.984877229
1341848052.042751 -0.226849765 -0.118827574 0.436457604 0.067069404 -0.138024420 -0.084759302 0.984513462
1341848052.074871 -0.226952508 -0.119053349 0.433433920 0.065943100 -0.134996921 -0.086058527 0.984896541
1341848052.110964 -0.226025224 -0.120432392 0.431610763 0.061037295 -0.130014271 -0.089510433 0.985575259
1341848052.143014 -0.223723024 -0.121293932 0.431657910 0.061140120 -0.130591989 -0.092511170 0.985215366
1341848052.178064 -0.220665246 -0.114651471 0.429390311 0.066097766 -0.128659233 -0.098866172 0.984532058
1341848052.211397 -0.216462716 -0.113376141 0.430387050 0.063550524 -0.126583174 -0.101424165 0.984708667
1341848052.242872 -0.214232907 -0.113184139 0.428741068 0.063852616 -0.125345156 -0.104976267 0.984475195
1341848052.275206 -0.210597247 -0.111566834 0.423502743 0.062491089 -0.123045631 -0.109922297 0.984312773
1341848052.311125 -0.210523993 -0.110460415 0.423876852 0.059190009 -0.119653039 -0.109680779 0.984961867
1341848052.342876 -0.207739621 -0.110851526 0.423461348 0.059288055 -0.119049400 -0.114079654 0.984529316
1341848052.379476 -0.204065800 -0.106915288 0.420437247 0.061542690 -0.115659341 -0.115730524 0.984602392
1341848052.412309 -0.201326996 -0.106986009 0.419560730 0.058138113 -0.114386231 -0.113616116 0.985204101
1341848052.444722 -0.198848814 -0.107525483 0.419495165 0.058135688 -0.115577862 -0.116176911 0.984766424
1341848052.481496 -0.195709974 -0.106200762 0.414410979 0.059772417 -0.111899391 -0.117522575 0.984933615
1341848052.512393 -0.195363849 -0.107455768 0.414967835 0.059446983 -0.108299583 -0.119492106 0.985118687
1341848052.543277 -0.193150565 -0.103217304 0.411290824 0.063723773 -0.107361928 -0.121190950 0.984746397
1341848052.579155 -0.188200489 -0.102723137 0.405573219 0.061113156 -0.106305704 -0.123722665 0.984711647
1341848052.617750 -0.185745090 -0.101252869 0.408638537 0.061187774 -0.103801981 -0.129078135 0.984286547
1341848052.646710 -0.183956698 -0.100966960 0.406711221 0.063174672 -0.102342457 -0.134140402 0.983636796
1341848052.678720 -0.179144263 -0.098677814 0.402442366 0.064692445 -0.101828873 -0.138527080 0.982983232
1341848052.710822 -0.178492934 -0.097048789 0.401099384 0.063909352 -0.098072737 -0.139734328 0.983245432
1341848052.746833 -0.176322967 -0.095602348 0.398956269 0.063205898 -0.098058708 -0.137279496 0.983638048
1341848052.778710 -0.171920002 -0.093602322 0.393229842 0.060638621 -0.098372318 -0.135705635 0.983986676
1341848052.810890 -0.169567049 -0.095123574 0.394491941 0.055448856 -0.095070444 -0.136379093 0.984524131
1341848052.846856 -0.165693998 -0.094834998 0.394487768 0.058737025 -0.092852198 -0.140179694 0.984011173
1341848052.878813 -0.160892218 -0.092184931 0.388917685 0.061669599 -0.088952564 -0.139610976 0.984272838
1341848052.914694 -0.155799836 -0.091641650 0.385950238 0.059252504 -0.086191759 -0.138945892 0.984760940
1341848052.946675 -0.154867589 -0.092440709 0.385958940 0.058066051 -0.082575239 -0.138787568 0.985163748
1341848052.978684 -0.154970914 -0.089918584 0.378971636 0.058930241 -0.075876169 -0.137009770 0.985899746
1341848053.014784 -0.149112761 -0.091051176 0.380094647 0.056742493 -0.072157092 -0.135930210 0.986456633
1341848053.046693 -0.145006567 -0.086654007 0.382101804 0.061546374 -0.069685511 -0.133250549 0.986711860
1341848053.082651 -0.143814385 -0.087733313 0.374897599 0.059142727 -0.064841323 -0.130947545 0.987497091
1341848053.114846 -0.139858857 -0.089118078 0.374585479 0.055841926 -0.058389481 -0.130190700 0.988191664
1341848053.146985 -0.135818660 -0.086094067 0.374851942 0.058811255 -0.053946249 -0.126425073 0.988760710
1341848053.183210 -0.133953556 -0.083970472 0.370319486 0.058320537 -0.049424518 -0.121868506 0.989597857
1341848053.214816 -0.129376903 -0.085857548 0.368537843 0.055369217 -0.046761874 -0.120630696 0.990048409
1341848053.247961 -0.125928000 -0.086017922 0.367753685 0.057609711 -0.042731099 -0.119465679 0.990243971
1341848053.289822 -0.122049004 -0.083983868 0.363745749 0.059935164 -0.039912906 -0.116756164 0.990546703
1341848053.321709 -0.120766371 -0.082847372 0.361258954 0.060098026 -0.034926180 -0.112313032 0.991238713
1341848053.353831 -0.117782809 -0.082230553 0.359971732 0.060381979 -0.031216869 -0.108164445 0.991806448
1341848053.386096 -0.115183637 -0.080903374 0.359325647 0.061525717 -0.027246229 -0.104944333 0.992199063
1341848053.421775 -0.112725019 -0.080610290 0.354183972 0.060732607 -0.022501139 -0.100864008 0.992789865
1341848053.453749 -0.110503331 -0.076674528 0.354105860 0.060940050 -0.016795078 -0.094744630 0.993492663
1341848053.485736 -0.105232239 -0.071523674 0.355288476 0.062620208 -0.016693812 -0.089821488 0.993847132
1341848053.521747 -0.105002820 -0.073671296 0.351900905 0.058933657 -0.012303268 -0.086258404 0.994452059
1341848053.553915 -0.103878185 -0.075009584 0.346157193 0.054477014 -0.005597179 -0.083201371 0.995026827
1341848053.589737 -0.101618506 -0.073192932 0.347468019 0.052592609 -0.000715757 -0.078235857 0.995546401
1341848053.621911 -0.099426605 -0.073536836 0.344096661 0.048026621 0.002527423 -0.071152575 0.996305346
1341848053.653792 -0.095957294 -0.073302478 0.338333964 0.041911032 0.008179093 -0.064102970 0.997029245
1341848053.689724 -0.093974754 -0.072281741 0.341702104 0.039511677 0.014451987 -0.059987191 0.997312129
1341848053.721697 -0.092960820 -0.071005031 0.339776427 0.038477436 0.020346582 -0.054782469 0.997549176
1341848053.758007 -0.089832723 -0.068581134 0.337126404 0.037071843 0.025789239 -0.048483234 0.997802556
1341848053.789882 -0.088752009 -0.069214068 0.339079410 0.034552347 0.032889660 -0.043199081 0.997927010
1341848053.821625 -0.089228675 -0.067648381 0.336271882 0.035425242 0.040904224 -0.037496164 0.997830629
1341848053.857784 -0.085552916 -0.066196151 0.335416824 0.035462052 0.045796975 -0.029603824 0.997882128
1341848053.889790 -0.085749909 -0.067878686 0.335828841 0.033134665 0.051474035 -0.022035897 0.997881234
1341848053.925729 -0.087000459 -0.073581949 0.333891600 0.030246031 0.055840574 -0.017300202 0.997831523
1341848053.951067 -0.083877392 -0.069373846 0.330505013 0.035863418 0.058166947 -0.010062730 0.997611761
1341848053.986823 -0.083639190 -0.068556845 0.327314764 0.037218671 0.061842762 -0.004755834 0.997380435
1341848054.019304 -0.087022260 -0.065728992 0.326140732 0.040798660 0.063874595 0.004868167 0.997111738
1341848054.051032 -0.086307190 -0.065255292 0.322699428 0.040043302 0.063291736 0.014969948 0.997079074
1341848054.086777 -0.085460678 -0.068076923 0.318136394 0.035426211 0.063607156 0.020834520 0.997128427
1341848054.118853 -0.090980470 -0.068038523 0.317472041 0.034754086 0.066584423 0.027961621 0.996783257
1341848054.155032 -0.091495484 -0.064170122 0.313998401 0.036010593 0.065709919 0.035845682 0.996544302
1341848054.186687 -0.091773458 -0.065561220 0.311367512 0.032534298 0.065454088 0.038099222 0.996597052
1341848054.219030 -0.094920725 -0.069297411 0.309638381 0.030541262 0.067591541 0.038920037 0.996485770
1341848054.254827 -0.096001878 -0.070441008 0.306573898 0.032814622 0.069215350 0.037264645 0.996365309
1341848054.286801 -0.095668420 -0.062534295 0.302366257 0.038280893 0.070255652 0.038514242 0.996049881
1341848054.322895 -0.097055331 -0.061383903 0.298895061 0.033300463 0.071898811 0.039922979 0.996056139
1341848054.354790 -0.101971671 -0.064682357 0.297971129 0.029284367 0.074569061 0.041508824 0.995921135
1341848054.387103 -0.101825356 -0.062897488 0.293487072 0.028491819 0.074589767 0.041102357 0.995959401
1341848054.422878 -0.104119524 -0.064415224 0.290483981 0.023433726 0.077499278 0.041889496 0.995836377
1341848054.454739 -0.110731795 -0.065196291 0.290150076 0.022062218 0.080004469 0.043891512 0.995583296
1341848054.486883 -0.109936625 -0.063258469 0.286518455 0.023147389 0.076192483 0.045953836 0.995764613
1341848054.522689 -0.109909162 -0.067668945 0.283206940 0.018693345 0.076903433 0.046525862 0.995777011
1341848054.554861 -0.110912800 -0.067785800 0.282421619 0.020522241 0.079452947 0.048810292 0.995431364
1341848054.590790 -0.109908119 -0.065326087 0.277854353 0.023871101 0.079609521 0.051770560 0.995194614
1341848054.622694 -0.111386411 -0.064023688 0.274835020 0.023512838 0.080481060 0.052683622 0.995085120
1341848054.656449 -0.110472262 -0.066714823 0.271707028 0.021372581 0.080496825 0.054475509 0.995035648
1341848054.691021 -0.110381588 -0.065229341 0.268235683 0.022097193 0.084412649 0.057202261 0.994542181
1341848054.722739 -0.108905703 -0.067352705 0.266051173 0.021780824 0.086591661 0.056157500 0.994421363
1341848054.754741 -0.110115469 -0.066396967 0.263558269 0.024522154 0.089908451 0.056873497 0.994022429
1341848054.790887 -0.109763302 -0.065790504 0.260270208 0.027287519 0.091628835 0.059848972 0.993618488
1341848054.822877 -0.110435709 -0.064105712 0.256192505 0.028614609 0.094966412 0.064010724 0.993008196
1341848054.858903 -0.112522222 -0.062651470 0.255868435 0.030277831 0.098556325 0.070789307 0.992148578
1341848054.890895 -0.110199407 -0.065392904 0.251564056 0.030753408 0.098245256 0.074099854 0.991923034
1341848054.922754 -0.108769938 -0.064279020 0.246429145 0.032946240 0.100532703 0.078181915 0.991309941
1341848054.958727 -0.112451881 -0.060451135 0.245892256 0.035798125 0.105550699 0.083106808 0.990288258
1341848054.991052 -0.112704158 -0.064129956 0.243282109 0.035341606 0.105818048 0.084287554 0.990176320
1341848055.023048 -0.108914644 -0.061265372 0.237039596 0.039425474 0.105375178 0.085658789 0.989951670
1341848055.058739 -0.111956142 -0.059495278 0.234077826 0.041591745 0.110610351 0.088313594 0.989058256
1341848055.090735 -0.113153845 -0.058599666 0.231451750 0.044373222 0.111303851 0.091322795 0.988586187
1341848055.126977 -0.114005670 -0.053722586 0.226630449 0.048442990 0.111162566 0.095115125 0.988053262
1341848055.159212 -0.115354106 -0.055608977 0.222190171 0.046432041 0.114498615 0.096781164 0.987606943
1341848055.190986 -0.117458850 -0.057584587 0.217919230 0.046941120 0.118096843 0.098376550 0.987001419
1341848055.226768 -0.121237516 -0.051892180 0.213948503 0.052600142 0.119298764 0.101073317 0.986298740
1341848055.258881 -0.122279301 -0.044444837 0.208752722 0.055580311 0.118297577 0.103330716 0.986021936
1341848055.294725 -0.127398163 -0.045268532 0.206164628 0.054069962 0.120845728 0.104826115 0.985639036
1341848055.326795 -0.129719585 -0.043937348 0.200300694 0.055428877 0.120818347 0.105954915 0.985446155
1341848055.358938 -0.130201116 -0.042521685 0.194472566 0.055464689 0.120356120 0.105286941 0.985572278
1341848055.394711 -0.132378861 -0.038643695 0.189454317 0.055936452 0.122564457 0.104223877 0.985386431
1341848055.426823 -0.137027740 -0.040503904 0.185840130 0.053652067 0.126618072 0.104082145 0.985015869
1341848055.458813 -0.139813066 -0.036203433 0.180961430 0.055687759 0.128119990 0.103739023 0.984744847
1341848055.494734 -0.142681539 -0.032280434 0.178138033 0.056213200 0.130496457 0.105798639 0.984183609
1341848055.526713 -0.144559085 -0.031888995 0.173048660 0.054485068 0.132355034 0.107199244 0.983880997
1341848055.562613 -0.148414001 -0.032452170 0.169376358 0.054997511 0.135701776 0.106638737 0.983457446
1341848055.594685 -0.146860451 -0.028960980 0.163370669 0.055341654 0.136469841 0.106722854 0.983322740
1341848055.626675 -0.153968006 -0.024767008 0.162770972 0.056115832 0.141965374 0.108292259 0.982328653
1341848055.662951 -0.157069609 -0.024158264 0.161088377 0.056163602 0.142947510 0.110521749 0.981935143
1341848055.694797 -0.149453670 -0.020397682 0.152610093 0.055928972 0.140457794 0.110004507 0.982365787
1341848055.726774 -0.159749627 -0.020929277 0.149895176 0.051336262 0.151972756 0.111949220 0.980681539
1341848055.762799 -0.166779146 -0.020583460 0.154428124 0.051225614 0.157391638 0.115530074 0.979416430
1341848055.794951 -0.166247144 -0.020413745 0.149042219 0.052210022 0.156624675 0.118307851 0.979155838
1341848055.830810 -0.165937960 -0.020014372 0.145025879 0.051636551 0.159134686 0.121492185 0.978391290
1341848055.862804 -0.169511452 -0.021032980 0.146152824 0.053002976 0.163766116 0.125159889 0.977090776
1341848055.894792 -0.171927437 -0.021018073 0.142889380 0.055065740 0.165870816 0.127745733 0.976286650
1341848055.930676 -0.175626561 -0.017389622 0.142785549 0.057595339 0.169017360 0.128726155 0.975471914
1341848055.962765 -0.179954737 -0.018170103 0.141772479 0.057759497 0.171295330 0.129836321 0.974917591
1341848055.994709 -0.184571728 -0.015970588 0.138948306 0.058585770 0.172279894 0.133244559 0.974234700
1341848056.030693 -0.186486721 -0.016326103 0.138412863 0.056150220 0.172682866 0.135030210 0.974060893
1341848056.062776 -0.192648053 -0.017089169 0.139597178 0.056044411 0.174431249 0.136700511 0.973522305
1341848056.098792 -0.195694819 -0.016083451 0.136963755 0.056524556 0.174338639 0.138289735 0.973286688
1341848056.130649 -0.201332033 -0.017104717 0.137820721 0.056116913 0.176787317 0.138532981 0.972833872
1341848056.162731 -0.209867373 -0.015768250 0.140784696 0.058640353 0.179326341 0.139217779 0.972122312
1341848056.198744 -0.215007901 -0.015953252 0.139290452 0.059186108 0.177510917 0.139895812 0.972325087
1341848056.230727 -0.220432773 -0.014590546 0.140084296 0.059394490 0.176202953 0.141695231 0.972289681
1341848056.263915 -0.226051927 -0.014943197 0.141157657 0.059327327 0.174286366 0.141805395 0.972623110
1341848056.298771 -0.230128273 -0.016465427 0.139023602 0.058871120 0.172292158 0.141375512 0.973068655
1341848056.330676 -0.234592810 -0.016202882 0.138171673 0.057860151 0.171630159 0.142370492 0.973101199
1341848056.366737 -0.245214492 -0.017087286 0.141492501 0.057506237 0.173043877 0.143698901 0.972676456
1341848056.398744 -0.249271482 -0.016048074 0.139638469 0.058011632 0.167551503 0.145924315 0.973276556
1341848056.430750 -0.255374223 -0.016850121 0.136982039 0.053084411 0.163869634 0.151172593 0.973383605
1341848056.466830 -0.260546952 -0.017914174 0.138796806 0.046434090 0.160696954 0.157414585 0.973263085
1341848056.498895 -0.268922657 -0.014779481 0.144386485 0.045855295 0.158662692 0.159189865 0.973335505
1341848056.534778 -0.276731759 -0.013209568 0.141466334 0.044289514 0.157503292 0.159125820 0.973606765
1341848056.566729 -0.283962548 -0.014252805 0.144853204 0.041674655 0.158816576 0.158890858 0.973547220
1341848056.598948 -0.291691273 -0.014917798 0.144087449 0.040966399 0.157294944 0.161875442 0.973332644
1341848056.634801 -0.298739374 -0.014484976 0.145748511 0.039204646 0.152938053 0.163893193 0.973761797
1341848056.666759 -0.303714216 -0.017610118 0.146797255 0.034909237 0.149295270 0.165368900 0.974240959
1341848056.698889 -0.309821129 -0.018841252 0.149306834 0.034695178 0.148113936 0.165846869 0.974347651
1341848056.734784 -0.315718472 -0.017956318 0.149355039 0.034319043 0.145877928 0.164173424 0.974981487
1341848056.766724 -0.321394622 -0.019296991 0.148837999 0.033399045 0.143600076 0.162469909 0.975636721
1341848056.802861 -0.326924592 -0.019959502 0.149147600 0.030943006 0.142111763 0.160345212 0.976286948
1341848056.834980 -0.332164705 -0.021298405 0.151892826 0.028766371 0.141138300 0.158341080 0.976821661
1341848056.866661 -0.332633972 -0.023377836 0.152505338 0.028559705 0.137687132 0.158500120 0.977294385
1341848056.902748 -0.336115688 -0.023996150 0.149031252 0.028197827 0.137688190 0.157593772 0.977451324
1341848056.934715 -0.340752363 -0.024624676 0.150202423 0.025942080 0.140707314 0.155447975 0.977427423
1341848056.966788 -0.344308674 -0.025424190 0.152087748 0.026244812 0.141438618 0.155597657 0.977289975
1341848057.002703 -0.347842664 -0.025009999 0.149213567 0.025633946 0.141344681 0.155769005 0.977292478
1341848057.034763 -0.351775140 -0.025529608 0.149778768 0.022346744 0.144687384 0.155452803 0.976934314
1341848057.070964 -0.357234895 -0.026183775 0.154506907 0.021855168 0.147262216 0.154390857 0.976729095
1341848057.102757 -0.360291749 -0.026455982 0.152396902 0.021215592 0.146357968 0.153061986 0.977088153
1341848057.134714 -0.365384668 -0.024854908 0.152962670 0.019195093 0.148808554 0.153844610 0.976636767
1341848057.170739 -0.369674534 -0.026810646 0.156553060 0.016365560 0.149613902 0.153061107 0.976688385
1341848057.202641 -0.374215543 -0.028082579 0.155262262 0.015145512 0.150140703 0.149623975 0.977159679
1341848057.234679 -0.379717350 -0.025469534 0.154726774 0.013941373 0.152866498 0.148741379 0.976889670
1341848057.270814 -0.384777457 -0.024472736 0.156360775 0.010984552 0.153899282 0.149385810 0.976666927
1341848057.302860 -0.391539723 -0.025816562 0.158888131 0.008458928 0.154617101 0.149440467 0.976570308
1341848057.338756 -0.396114141 -0.024881864 0.156164840 0.005999498 0.155897215 0.149158373 0.976428092
1341848057.370841 -0.402296364 -0.024163790 0.158750758 0.002612884 0.159061447 0.149679422 0.975852787
1341848057.402722 -0.408790737 -0.025377257 0.161172435 0.000894123 0.160624728 0.151012257 0.975394368
1341848057.438870 -0.413005233 -0.025412133 0.160061687 -0.000448412 0.162584811 0.151555181 0.974985659
1341848057.470699 -0.419104934 -0.025329849 0.160556734 -0.003270335 0.167298362 0.153975278 0.973802924
1341848057.506720 -0.426699907 -0.023709537 0.164426625 -0.001892389 0.170200795 0.157597065 0.972723603
1341848057.538788 -0.433847755 -0.023112876 0.160005316 -0.002812348 0.169377923 0.159751341 0.972513616
1341848057.571069 -0.438874602 -0.023898764 0.159029514 -0.006812033 0.171480373 0.162861735 0.971608996
1341848057.606668 -0.444588184 -0.024243709 0.161122143 -0.010150599 0.175068855 0.167256996 0.970192194
1341848057.638819 -0.450201869 -0.026508797 0.162046164 -0.012516763 0.179002136 0.169800013 0.969004393
1341848057.670943 -0.456624240 -0.026088711 0.161933973 -0.014443013 0.184010163 0.171980307 0.967654109
1341848057.706823 -0.461802006 -0.023265924 0.164192587 -0.013516830 0.188268632 0.176343754 0.966061652
1341848057.738890 -0.467188656 -0.025022076 0.163497329 -0.013866217 0.190085083 0.178015351 0.965394199
1341848057.774986 -0.473855257 -0.025856609 0.164804414 -0.015358138 0.193388909 0.180089906 0.964330077
1341848057.806842 -0.480826944 -0.025796253 0.167077288 -0.014861120 0.197039932 0.186129019 0.962450147
1341848057.838760 -0.486733168 -0.026666498 0.167003110 -0.012893377 0.197477832 0.191169813 0.961400211
1341848057.874817 -0.493632972 -0.028026748 0.167277247 -0.012305011 0.199120432 0.192716166 0.960760176
1341848057.906831 -0.499446332 -0.027933965 0.166565686 -0.012026630 0.200203270 0.193252504 0.960430861
1341848057.938847 -0.501479506 -0.027673356 0.164354295 -0.012566963 0.197566748 0.194820911 0.960653007
1341848057.975316 -0.501125276 -0.026470250 0.161174849 -0.013781186 0.193054214 0.196895182 0.961130798
1341848058.006833 -0.512220144 -0.024511969 0.169178456 -0.011243413 0.195486397 0.196603835 0.960731804
1341848058.042753 -0.521637082 -0.027852204 0.170330107 -0.008886660 0.194308683 0.196584105 0.960999429
1341848058.075970 -0.527496040 -0.028919997 0.172396868 -0.006999708 0.193206117 0.196430862 0.961268604
1341848058.106790 -0.535127163 -0.028415902 0.176113546 -0.005915291 0.192254931 0.194914728 0.961775064
1341848058.142699 -0.540828645 -0.034516640 0.177002102 -0.005299830 0.189396799 0.193660289 0.962598801
1341848058.174743 -0.544140697 -0.031907097 0.174471796 -0.001934897 0.184240356 0.191299304 0.964083135
1341848058.207081 -0.551003635 -0.036682777 0.176420107 -0.003553145 0.183845535 0.189486057 0.964511871
1341848058.242740 -0.559791505 -0.037870236 0.182404041 -0.002235328 0.183966160 0.185914442 0.965187728
1341848058.274694 -0.564008772 -0.044196341 0.183878824 -0.003154055 0.182209492 0.184401006 0.965808451
1341848058.310701 -0.568273962 -0.044415571 0.186104223 0.001028215 0.184158906 0.182990775 0.965711534
1341848058.343169 -0.572678506 -0.039337814 0.185920998 0.007202093 0.182451770 0.179185495 0.966722310
1341848058.374887 -0.577334940 -0.038470224 0.186918661 0.009141546 0.182271972 0.181192935 0.966365576
1341848058.410669 -0.580944359 -0.039122600 0.186757997 0.008114436 0.181060165 0.183353633 0.966195047
1341848058.442794 -0.584830225 -0.040427346 0.190856203 0.007877579 0.180993050 0.185367793 0.965825140
1341848058.474732 -0.587666512 -0.045897428 0.194896668 0.007403866 0.182318762 0.187868983 0.965095997
1341848058.510788 -0.590877235 -0.046779532 0.196636766 0.009933107 0.185500950 0.189759582 0.964096487
1341848058.542970 -0.595083117 -0.048717182 0.197662845 0.011115277 0.186695337 0.193041250 0.963201106
1341848058.578948 -0.596471846 -0.049148276 0.198843360 0.012492783 0.185799018 0.197568759 0.962439179
1341848058.610842 -0.599559307 -0.051941242 0.203639522 0.011614552 0.189572066 0.200221196 0.961165428
1341848058.643060 -0.602997243 -0.053605057 0.204813808 0.011001331 0.192209944 0.200261474 0.960640252
1341848058.678730 -0.607365072 -0.057526678 0.210628182 0.012299778 0.194144756 0.201772138 0.959919035
1341848058.710728 -0.609925270 -0.057675172 0.211691618 0.015849674 0.199551642 0.199461028 0.959240973
1341848058.746819 -0.612470686 -0.055389099 0.210999131 0.015875081 0.203420267 0.197125658 0.958910644
1341848058.778710 -0.616782486 -0.054773018 0.212632045 0.015908577 0.202217370 0.199428365 0.958688378
1341848058.810874 -0.620801330 -0.056249790 0.216422603 0.015767789 0.201335341 0.204069257 0.957899332
1341848058.846829 -0.617745519 -0.057659682 0.217210084 0.013317464 0.201768816 0.205328003 0.957576275
1341848058.879577 -0.622301400 -0.060670577 0.221080363 0.013265437 0.206531808 0.207690343 0.956050932
1341848058.910866 -0.624829948 -0.058872394 0.221828371 0.015648831 0.206968799 0.210397869 0.955328107
1341848058.946807 -0.625849128 -0.062107559 0.223482326 0.014094306 0.208608001 0.212526157 0.954524338
1341848058.978865 -0.628208518 -0.065434076 0.226268351 0.014320859 0.212439582 0.213915780 0.953364789
1341848059.014660 -0.630363286 -0.065303668 0.227752626 0.017958773 0.214553773 0.214213252 0.952762723
1341848059.046707 -0.630276322 -0.065343484 0.226364583 0.019214839 0.215646550 0.215039775 0.952305257
1341848059.078771 -0.631014049 -0.067888975 0.228730142 0.018091779 0.219740167 0.215200067 0.951354742
1341848059.114675 -0.631511807 -0.068599164 0.228564322 0.018177517 0.223563552 0.213762492 0.950786233
1341848059.146706 -0.632551193 -0.068317823 0.228326350 0.017920125 0.226069450 0.213768318 0.950197160
1341848059.178722 -0.632572114 -0.069215775 0.230552599 0.017312735 0.228583187 0.213303238 0.949711382
1341848059.214738 -0.631591380 -0.068999648 0.230578244 0.017685106 0.231816977 0.212529778 0.949093878
1341848059.246762 -0.632384658 -0.066401720 0.231669113 0.020821534 0.237023130 0.212110192 0.947837412
1341848059.282693 -0.632930934 -0.068082809 0.232165366 0.022098470 0.240228608 0.213632733 0.946658850
1341848059.314667 -0.632417083 -0.067770459 0.230876341 0.024775485 0.242805973 0.215375915 0.945539355
1341848059.346758 -0.632905662 -0.067111291 0.229583740 0.025341265 0.245120972 0.217031613 0.944547951
1341848059.382694 -0.632591367 -0.066865414 0.231636137 0.026611341 0.246558145 0.219228253 0.943631232
1341848059.414736 -0.632437050 -0.066217035 0.230371326 0.029606953 0.249209896 0.219959691 0.942674696
1341848059.446788 -0.632734358 -0.068545066 0.228924960 0.027946636 0.253669679 0.218847007 0.941794395
1341848059.482693 -0.633708417 -0.066807121 0.229532033 0.028913487 0.257345796 0.219180331 0.940689683
1341848059.514652 -0.633497953 -0.066335849 0.229687899 0.030553831 0.258408457 0.221814260 0.939728677
1341848059.550754 -0.633131087 -0.066098250 0.228371352 0.030595507 0.259797871 0.221808031 0.939345658
1341848059.582695 -0.633759201 -0.066855043 0.230061337 0.031140450 0.263952971 0.222345933 0.938041270
1341848059.614734 -0.636079490 -0.067408368 0.230724886 0.034196828 0.265234053 0.223557591 0.937285185
1341848059.650722 -0.636690974 -0.066996276 0.229035646 0.036552295 0.264105022 0.224691555 0.937243938
1341848059.682731 -0.636641622 -0.066866189 0.227230281 0.035713870 0.264767498 0.223077878 0.937474787
1341848059.718703 -0.637966037 -0.067188643 0.229888707 0.035759602 0.268473119 0.222700357 0.936508417
1341848059.750904 -0.639060736 -0.066974714 0.230825812 0.038752187 0.268500865 0.222397968 0.936453223
1341848059.782774 -0.639631331 -0.065564111 0.227757573 0.039546922 0.267958343 0.221349180 0.936823845
1341848059.818759 -0.639863789 -0.067511335 0.229087442 0.036407277 0.271256387 0.221015543 0.936080456
1341848059.850685 -0.640328288 -0.069103226 0.231017321 0.038183458 0.272989005 0.220260233 0.935683966
1341848059.882730 -0.642629862 -0.067424178 0.229471862 0.042070020 0.272947192 0.218251973 0.935999990
1341848059.918755 -0.642872751 -0.066719502 0.228262812 0.043421913 0.271840543 0.217280045 0.936486304
1341848059.950805 -0.644380391 -0.067654170 0.229134709 0.044591501 0.272476166 0.217911303 0.936099887
1341848059.986776 -0.644555449 -0.068629004 0.229000390 0.046895403 0.271870017 0.218083024 0.936123550
1341848060.018660 -0.643866658 -0.068445459 0.228500962 0.048969351 0.272111624 0.214812309 0.936703205
1341848060.050701 -0.645011902 -0.069743969 0.229722783 0.051740903 0.275913209 0.212479100 0.935974002
1341848060.086783 -0.648496747 -0.069412850 0.228601202 0.056172431 0.276208222 0.210249588 0.936134994
1341848060.118813 -0.647451341 -0.067410827 0.226662129 0.059639297 0.273160815 0.207639709 0.937396407
1341848060.150800 -0.647132456 -0.066935204 0.223665535 0.058490008 0.275095910 0.205144599 0.937452316
1341848060.186872 -0.647994757 -0.065063447 0.227317363 0.060285944 0.277281255 0.204324082 0.936873734
1341848060.218851 -0.646665812 -0.066082589 0.225750223 0.062744141 0.275968879 0.200886756 0.937842667
1341848060.254799 -0.647319138 -0.062617235 0.222431526 0.062666498 0.278496146 0.198513418 0.937606156
1341848060.287466 -0.646523714 -0.064751133 0.223824322 0.059608709 0.280603170 0.198200494 0.937243402
1341848060.318914 -0.645801365 -0.064386927 0.225702599 0.062611036 0.280308664 0.197085902 0.937370837
1341848060.354641 -0.643765450 -0.060935941 0.219306722 0.062006954 0.279111177 0.193355575 0.938544452
1341848060.387254 -0.642199278 -0.062079277 0.221538797 0.059727620 0.282267451 0.192032710 0.938019812
1341848060.418639 -0.641913891 -0.060683966 0.222943276 0.062530279 0.281936914 0.190413505 0.938266575
1341848060.454775 -0.640504837 -0.059952691 0.220764980 0.062883042 0.281039208 0.187361166 0.939126432
1341848060.486697 -0.638968766 -0.059039302 0.220833987 0.061908409 0.283942938 0.184436455 0.938896656
1341848060.522925 -0.638610363 -0.059270397 0.223761797 0.064167947 0.285701573 0.181148812 0.938851535
1341848060.554710 -0.637239516 -0.058956821 0.219994307 0.067060657 0.285139173 0.178667322 0.939295769
1341848060.586692 -0.635972738 -0.056884259 0.218663737 0.065492973 0.287973642 0.175667360 0.939107478
1341848060.622697 -0.635585189 -0.057765160 0.221421733 0.066077143 0.290201724 0.175833091 0.938349366
1341848060.656087 -0.634478867 -0.056019668 0.218867302 0.069726929 0.288299620 0.175202712 0.938789368
1341848060.687258 -0.632244527 -0.055944286 0.216809541 0.068047740 0.288743764 0.174252704 0.938952923
1341848060.723165 -0.631787956 -0.056558188 0.219565168 0.068651043 0.290372640 0.175103322 0.938248158
1341848060.757863 -0.632553577 -0.056958809 0.220296308 0.071087472 0.288645178 0.174530610 0.938706338
1341848060.790920 -0.631437540 -0.056511201 0.219056755 0.071942635 0.285962880 0.174832270 0.939405739
1341848060.823967 -0.631138623 -0.057984684 0.220310628 0.072507739 0.284664154 0.174429446 0.939831555
1341848060.862432 -0.629898787 -0.058398556 0.220068946 0.074747570 0.281594306 0.173978567 0.940664113
1341848060.895671 -0.627793789 -0.058130056 0.219283089 0.075931422 0.278718889 0.174574077 0.941315055
1341848060.923126 -0.624975026 -0.056713782 0.218925238 0.078083225 0.275811851 0.175278410 0.941864252
1341848060.960845 -0.622268438 -0.057400446 0.217480168 0.079547569 0.273002356 0.174716637 0.942664325
1341848060.996857 -0.621470988 -0.059432253 0.219240144 0.079625346 0.272249222 0.174954757 0.942831397
1341848061.030587 -0.618351460 -0.059501618 0.218725428 0.080992915 0.269583791 0.175110206 0.943451703
1341848061.062246 -0.615730405 -0.059310533 0.218688488 0.081815884 0.268544346 0.174989656 0.943699479
1341848061.100583 -0.612658381 -0.060702831 0.220501199 0.082652383 0.269115597 0.174145609 0.943619967
1341848061.129837 -0.609343410 -0.061600771 0.221418411 0.086071894 0.269328207 0.173157647 0.943435371
1341848061.197947 -0.604557455 -0.064526595 0.220005840 0.090873107 0.270032763 0.172113702 0.942974687
1341848061.226804 -0.601392627 -0.066446617 0.219139859 0.094960086 0.269831479 0.171759099 0.942694187
1341848061.259408 -0.598238409 -0.064974643 0.216739967 0.097378440 0.268670648 0.171267524 0.942868471
1341848061.290885 -0.595667779 -0.068740167 0.217747763 0.098264277 0.268811792 0.171960294 0.942610204
1341848061.326612 -0.593565643 -0.068384327 0.215155244 0.101897962 0.268879801 0.172616303 0.942084968
1341848061.358867 -0.590627551 -0.068137877 0.214814395 0.103116304 0.269485801 0.172128901 0.941868365
1341848061.390845 -0.588772118 -0.069452658 0.215505213 0.104594126 0.270252556 0.173488721 0.941236019
1341848061.426913 -0.586542070 -0.068379283 0.213003978 0.106387891 0.269285411 0.175187811 0.940997422
1341848061.458837 -0.584680855 -0.069796138 0.213618040 0.105377048 0.270683855 0.176126122 0.940534651
1341848061.494657 -0.583320200 -0.070085466 0.214488432 0.106964983 0.272027194 0.175177664 0.940144897
1341848061.526736 -0.581115961 -0.070195481 0.212726414 0.107958719 0.271617532 0.174887508 0.940203786
1341848061.558821 -0.579845309 -0.069786392 0.212568760 0.106705591 0.272095978 0.175724179 0.940052509
1341848061.594750 -0.577800691 -0.070557818 0.213374317 0.105866261 0.273412585 0.176020131 0.939709961
1341848061.626731 -0.576335371 -0.070605457 0.213384122 0.107859366 0.273638517 0.175671205 0.939482808
1341848061.658831 -0.574110210 -0.067060009 0.208606303 0.107809082 0.273285329 0.174887314 0.939737558
1341848061.694894 -0.572274446 -0.068405561 0.211069673 0.106494024 0.275578648 0.175686851 0.939068437
1341848061.726726 -0.571288645 -0.068878517 0.210629255 0.107916020 0.275025994 0.176012442 0.939007163
1341848061.762815 -0.570353806 -0.066138886 0.208563939 0.107422426 0.275659502 0.174751505 0.939113498
1341848061.794816 -0.569222987 -0.068245381 0.209920257 0.106017120 0.277483404 0.174883977 0.938711345
1341848061.826740 -0.569417894 -0.068863757 0.210963920 0.106369659 0.277876824 0.174641818 0.938600123
1341848061.862883 -0.568342209 -0.067322634 0.209757894 0.105399609 0.277337968 0.174153343 0.938959599
1341848061.894834 -0.567198157 -0.067958303 0.211884394 0.103777952 0.278018862 0.173790246 0.939006150
1341848061.930667 -0.566480219 -0.068097807 0.212590203 0.104336113 0.277846605 0.172705725 0.939195395
1341848061.962828 -0.566434741 -0.067675598 0.212186754 0.103197202 0.277362496 0.172285542 0.939541459
1341848061.997188 -0.565774977 -0.067452252 0.214243621 0.102177016 0.276471734 0.172129959 0.939943910
1341848062.030704 -0.564930797 -0.069302522 0.215761304 0.100234382 0.275519788 0.170584172 0.940714061
1341848062.063265 -0.563165843 -0.069068611 0.216603160 0.099013224 0.275005668 0.168524191 0.941364884
1341848062.094872 -0.562424183 -0.068672478 0.218402833 0.098279282 0.273239017 0.167663753 0.942109644
1341848062.130773 -0.560820758 -0.069516927 0.218654931 0.096517161 0.270887345 0.167088434 0.943072617
1341848062.163385 -0.559469581 -0.071608789 0.220672011 0.094830081 0.269983768 0.163729846 0.944091380
1341848062.198718 -0.557461023 -0.070791699 0.221056893 0.095042102 0.268583894 0.159640640 0.945169091
1341848062.230750 -0.558062196 -0.069866337 0.222294465 0.094952464 0.267421335 0.158334523 0.945727229
1341848062.262814 -0.558599174 -0.069542162 0.224248648 0.093427494 0.264888495 0.159089640 0.946464956
1341848062.299276 -0.557095408 -0.070151173 0.225196302 0.091678753 0.262205690 0.158354595 0.947505653
1341848062.330839 -0.555458367 -0.071739011 0.226378530 0.089868553 0.261219084 0.156434551 0.948270202
1341848062.362763 -0.554979503 -0.072119907 0.228170782 0.090169743 0.260405213 0.154636756 0.948760271
1341848062.398825 -0.553946733 -0.070358500 0.226876214 0.091710314 0.256803870 0.154941276 0.949544191
1341848062.430832 -0.551226974 -0.070306540 0.225647241 0.091127940 0.253913611 0.157251686 0.949997604
1341848062.466855 -0.550661802 -0.069661625 0.225971982 0.091384269 0.251158088 0.158746541 0.950456738
1341848062.498723 -0.549737811 -0.070957839 0.226525009 0.091530107 0.248713732 0.161176756 0.950676441
1341848062.530743 -0.547881663 -0.069942430 0.224438131 0.091754824 0.246542171 0.161237314 0.951210022
1341848062.566929 -0.546254337 -0.070043124 0.225205064 0.090127371 0.246409982 0.161481693 0.951358378
1341848062.598817 -0.546231687 -0.069834694 0.226706997 0.091447309 0.244358942 0.163984925 0.951333284
1341848062.630793 -0.543487966 -0.067324586 0.223707438 0.092284195 0.239697829 0.166503310 0.952000618
1341848062.666740 -0.540794313 -0.069062717 0.224727631 0.090088472 0.239041373 0.166742712 0.952334046
1341848062.698720 -0.538398862 -0.069993123 0.225658640 0.091735922 0.238798633 0.166323215 0.952311039
1341848062.734924 -0.535998106 -0.067472644 0.221786752 0.093582131 0.236149922 0.166263863 0.952802122
1341848062.766819 -0.532936335 -0.065838538 0.221402586 0.092257723 0.234919250 0.167574301 0.953005910
1341848062.798717 -0.531397462 -0.068147331 0.223365799 0.092218600 0.234360218 0.167850241 0.953098774
1341848062.834828 -0.528438628 -0.065420911 0.220280409 0.093666837 0.230271816 0.166737065 0.954148948
1341848062.866781 -0.525653899 -0.065142699 0.219440818 0.091308244 0.229237542 0.165498942 0.954841912
1341848062.899075 -0.523800433 -0.065830588 0.221080363 0.090492487 0.228257954 0.163785174 0.955449522
1341848062.934962 -0.520605266 -0.065556489 0.218660057 0.091017589 0.224733278 0.158726081 0.957087696
1341848062.966930 -0.517261326 -0.063569032 0.215631694 0.089156009 0.223896354 0.154541329 0.958143294
1341848063.002905 -0.516398013 -0.063717790 0.219983459 0.087979756 0.224531725 0.154064402 0.958180189
1341848063.034972 -0.512729347 -0.063898206 0.218835145 0.088910006 0.219440907 0.153692394 0.959332764
1341848063.066737 -0.508695662 -0.064351171 0.216023743 0.087735459 0.216822580 0.152545616 0.960218847
1341848063.102822 -0.505740702 -0.065348677 0.216734529 0.088397011 0.216125518 0.151061133 0.960550010
1341848063.135045 -0.503418148 -0.062692113 0.214477181 0.090459064 0.213058159 0.150450110 0.961138964
1341848063.170739 -0.499473393 -0.061759513 0.213229209 0.089802340 0.209150434 0.150857940 0.961994529
1341848063.202662 -0.494914979 -0.062771007 0.211694017 0.088876240 0.206774488 0.150123462 0.962708831
1341848063.234990 -0.491669983 -0.063046746 0.210770622 0.089370191 0.205765694 0.146475971 0.963440835
1341848063.270800 -0.487863839 -0.061742194 0.210365504 0.089138187 0.205691427 0.143724367 0.963892460
1341848063.302788 -0.486377478 -0.060513154 0.210087806 0.088674031 0.205935612 0.141533792 0.964207232
1341848063.334854 -0.482632726 -0.060101565 0.209675625 0.087891720 0.202837199 0.138814777 0.965330303
1341848063.370653 -0.477519065 -0.059765510 0.207454756 0.085083693 0.201601148 0.137010798 0.966098249
1341848063.402698 -0.475006938 -0.059311695 0.208697066 0.082960844 0.203211397 0.134220541 0.966337144
1341848063.439276 -0.472497046 -0.059410851 0.210140541 0.081453875 0.203122482 0.131741434 0.966825068
1341848063.470742 -0.469075292 -0.057024121 0.206280515 0.080235705 0.202055097 0.130046189 0.967379928
1341848063.502776 -0.466129184 -0.056747533 0.208987266 0.075430304 0.204256400 0.129152641 0.967423975
1341848063.541802 -0.462744474 -0.059952479 0.212307289 0.074896008 0.203501478 0.130490154 0.967445076
1341848063.577805 -0.460526317 -0.055940468 0.208032310 0.076594107 0.201934442 0.132340729 0.967389107
1341848063.609732 -0.457547426 -0.055288292 0.211387336 0.073016301 0.202460870 0.133811057 0.967353523
1341848063.643039 -0.454346478 -0.057528846 0.213923424 0.072323456 0.200787932 0.135128990 0.967571020
1341848063.677955 -0.452296257 -0.053311966 0.212155312 0.072400615 0.198572576 0.135347962 0.967991769
1341848063.709890 -0.448803902 -0.052342150 0.214275897 0.068028651 0.196395457 0.136780888 0.968551457
1341848063.745768 -0.446487963 -0.055380993 0.218041226 0.065237641 0.194134191 0.136893392 0.969183266
1341848063.777773 -0.442990452 -0.055873316 0.216017887 0.063654810 0.191788584 0.134029970 0.970155239
1341848063.809840 -0.439904362 -0.055752315 0.220098302 0.061746687 0.192316845 0.132645816 0.970364213
1341848063.845733 -0.438134313 -0.056284081 0.223849803 0.063310452 0.190705851 0.132225037 0.970638752
1341848063.877902 -0.432937533 -0.056679059 0.221065119 0.062603869 0.187665731 0.131274477 0.971405864
1341848063.913769 -0.428756982 -0.061372072 0.224079937 0.059445143 0.189977825 0.127902031 0.971604764
1341848063.945802 -0.426588595 -0.060710423 0.230116189 0.064081818 0.191851094 0.124751978 0.971351445
1341848063.977856 -0.422425687 -0.058654353 0.229189694 0.068052657 0.187778354 0.125832602 0.971737742
1341848064.013951 -0.417039275 -0.060304672 0.229075074 0.067298651 0.184538975 0.127485439 0.972195327
1341848064.045815 -0.414138168 -0.066997997 0.235737950 0.065846823 0.184539109 0.125565916 0.972544432
1341848064.081699 -0.409095407 -0.065302476 0.234740168 0.070164658 0.181589246 0.123310722 0.973086178
1341848064.113685 -0.403024822 -0.064366907 0.235146984 0.069162816 0.181552783 0.123813622 0.973100841
1341848064.145823 -0.400509477 -0.067657106 0.242487520 0.068287119 0.182093814 0.125595599 0.972833216
1341848064.181846 -0.395436704 -0.068868577 0.242807686 0.070079014 0.178323403 0.127519593 0.973153889
1341848064.213863 -0.388704121 -0.068910822 0.239605755 0.068652220 0.176367015 0.126936063 0.973688245
1341848064.249771 -0.382450283 -0.073036753 0.246246517 0.066658542 0.179541662 0.126242504 0.973336637
1341848064.282977 -0.377813578 -0.074363425 0.250032276 0.069668435 0.179534987 0.125771999 0.973187983
1341848064.313795 -0.370545775 -0.071720332 0.247700781 0.071149580 0.177471638 0.126155406 0.973409653
1341848064.349790 -0.364664823 -0.074405573 0.250537336 0.069253646 0.178812131 0.125689462 0.973361373
1341848064.382619 -0.358502895 -0.075398818 0.252316713 0.070657901 0.179601341 0.125260383 0.973170400
1341848064.418063 -0.353878975 -0.074151561 0.252066255 0.070291236 0.180195600 0.124631122 0.973167896
1341848064.449767 -0.347960800 -0.076318875 0.255950272 0.067356847 0.180747256 0.121937692 0.973614216
1341848064.481773 -0.341563523 -0.080118209 0.257689893 0.066669255 0.181496292 0.117903851 0.974018991
1341848064.518010 -0.335924327 -0.079530761 0.257874399 0.068762526 0.182416022 0.115405366 0.974000871
1341848064.549704 -0.330774516 -0.080318920 0.259995133 0.069137208 0.182814628 0.115751006 0.973858595
1341848064.581714 -0.326052904 -0.082992144 0.262365699 0.070307113 0.182382181 0.117547251 0.973640740
1341848064.617693 -0.320912391 -0.082578249 0.260582894 0.073243551 0.180699050 0.118161686 0.973663747
1341848064.649724 -0.317178845 -0.081242494 0.260599524 0.074714608 0.180447459 0.119584613 0.973424911
1341848064.685821 -0.314965039 -0.081973337 0.262377322 0.074944682 0.178849936 0.122033693 0.973398089
1341848064.749892 -0.305903971 -0.081042573 0.260554492 0.073391281 0.177596584 0.119762428 0.974027812
1341848064.778913 -0.304045022 -0.082374997 0.262059838 0.073290087 0.177392617 0.117665216 0.974328160
1341848064.810737 -0.301134318 -0.080017224 0.260542870 0.074999131 0.174633160 0.119162478 0.974514604
1341848064.842702 -0.297252357 -0.079498775 0.260101974 0.073699072 0.172617719 0.118885539 0.975006521
1341848064.878850 -0.294605792 -0.080547914 0.261879921 0.073788621 0.171646848 0.120196238 0.975010514
1341848064.910832 -0.290983051 -0.078200720 0.260000736 0.075591855 0.168350607 0.122844324 0.975117028
1341848064.946850 -0.287519008 -0.077322997 0.259379536 0.074122362 0.166555792 0.126034468 0.975130916
1341848064.978809 -0.284103543 -0.080382466 0.261553556 0.072490297 0.165552944 0.127273560 0.975263476
1341848065.010770 -0.279988468 -0.079193160 0.258961678 0.074907534 0.163964495 0.127844676 0.975274444
1341848065.046751 -0.276932299 -0.076302417 0.258210510 0.074724562 0.163519740 0.129159227 0.975189924
1341848065.078713 -0.274739563 -0.077525049 0.261251450 0.074266568 0.162410110 0.131387204 0.975112736
1341848065.110686 -0.269794703 -0.075543098 0.258737028 0.075410858 0.158507004 0.133244649 0.975415111
1341848065.146689 -0.265957862 -0.075313687 0.258852273 0.073509067 0.158412665 0.133147880 0.975588799
1341848065.178847 -0.262135684 -0.079904206 0.261530042 0.073354736 0.157977998 0.131427467 0.975904107
1341848065.214760 -0.258575499 -0.074815750 0.257946432 0.078655407 0.156431615 0.130570963 0.975855350
1341848065.246768 -0.256015897 -0.071711302 0.257904023 0.077093273 0.155476838 0.127985448 0.976474941
1341848065.278735 -0.251705796 -0.075699598 0.259235352 0.075374037 0.154826805 0.127751008 0.976743102
1341848065.314761 -0.247961774 -0.073318452 0.257316113 0.078166813 0.153016120 0.126098379 0.977023661
1341848065.346776 -0.243858382 -0.072495148 0.256758153 0.077466108 0.151634559 0.123356335 0.977644742
1341848065.382824 -0.239936218 -0.073010907 0.255201578 0.078141928 0.150853723 0.122893624 0.977769971
1341848065.414914 -0.236837015 -0.071988747 0.254590183 0.078861907 0.150013879 0.121510349 0.978014290
1341848065.446728 -0.232084513 -0.073693328 0.254400998 0.078571804 0.148453638 0.118031643 0.978701472
1341848065.482830 -0.227882907 -0.072389923 0.253339946 0.081000492 0.148775607 0.116580814 0.978628457
1341848065.514745 -0.224747434 -0.071829565 0.253197014 0.081825629 0.148571655 0.116019391 0.978657544
1341848065.546916 -0.221126065 -0.072313160 0.252587825 0.081909195 0.146861643 0.115472913 0.978973210
1341848065.582742 -0.216420665 -0.072310440 0.251260608 0.082969248 0.146307200 0.113814533 0.979161203
1341848065.614763 -0.214455009 -0.071605533 0.251626849 0.084012285 0.146261290 0.112725019 0.979205132
1341848065.650809 -0.212150946 -0.071820095 0.251658261 0.083993554 0.144235402 0.112360418 0.979549050
1341848065.682873 -0.209243253 -0.072479382 0.250492692 0.084241621 0.141963959 0.109956175 0.980132222
1341848065.714808 -0.206264392 -0.069719687 0.249227136 0.085036255 0.140035406 0.107780986 0.980582595
1341848065.750674 -0.206044212 -0.069910705 0.250598639 0.083314620 0.138827056 0.106032461 0.981092691
1341848065.782722 -0.202754945 -0.069435686 0.249526128 0.082906991 0.133322552 0.103402950 0.982170761
1341848065.814742 -0.199833900 -0.067444101 0.248487040 0.082269520 0.130975068 0.099960536 0.982896328
1341848065.850746 -0.199925095 -0.067794390 0.250052035 0.079952165 0.130606577 0.094260968 0.983699381
1341848065.882795 -0.201253459 -0.066291265 0.250580132 0.080278605 0.126683548 0.093134053 0.984292984
1341848065.918698 -0.198216110 -0.063070089 0.249862552 0.078876041 0.117823899 0.094055794 0.985418499
1341848065.950762 -0.196066380 -0.063014135 0.248560160 0.073946521 0.111831270 0.090033270 0.986873686
1341848065.982774 -0.194290757 -0.064496748 0.250006974 0.071975075 0.107473701 0.087033227 0.987772346
1341848066.018773 -0.190229058 -0.060725797 0.247778714 0.072465628 0.101334140 0.083631895 0.988678813
1341848066.050717 -0.189056247 -0.059309967 0.247030959 0.069456816 0.098746195 0.079783931 0.989474297
1341848066.082818 -0.187420398 -0.059630215 0.248497173 0.068272844 0.095827609 0.080111995 0.989817142
1341848066.118721 -0.186024547 -0.058301426 0.248459548 0.068745233 0.091497585 0.080109298 0.990194321
1341848066.150964 -0.180687830 -0.057714537 0.246527404 0.066518560 0.085727036 0.077956595 0.991034269
1341848066.186782 -0.178719163 -0.057164565 0.248570397 0.065089628 0.085185304 0.079080202 0.991086841
1341848066.218688 -0.178052768 -0.058851771 0.249678522 0.064196967 0.082130946 0.078270257 0.991467118
1341848066.250777 -0.172704205 -0.058204461 0.247936249 0.064069130 0.077802449 0.076722741 0.991945326
1341848066.286736 -0.169620261 -0.059229232 0.249422804 0.062528372 0.077196807 0.074781917 0.992239118
1341848066.318695 -0.167333871 -0.062279858 0.251097500 0.062390871 0.076278299 0.073573597 0.992409170
1341848066.354797 -0.162651926 -0.061517157 0.250210822 0.064500012 0.074201323 0.073249437 0.992455781
1341848066.386761 -0.159640789 -0.065007292 0.251172751 0.063303232 0.074146479 0.071945161 0.992632329
1341848066.418820 -0.158287704 -0.067399934 0.253007710 0.064447366 0.073936716 0.071446672 0.992610335
1341848066.454695 -0.154196784 -0.065300912 0.254286289 0.068251148 0.070505351 0.070930697 0.992642701
1341848066.486874 -0.150226563 -0.064763233 0.254417270 0.068384215 0.068242647 0.069064043 0.992923319
1341848066.522806 -0.148893267 -0.066399939 0.256959021 0.067982674 0.067595743 0.067334011 0.993113935
1341848066.555107 -0.146109641 -0.065936655 0.259616941 0.070171013 0.064908281 0.063863352 0.993370235
1341848066.586881 -0.139887080 -0.066534236 0.259468257 0.070184365 0.062588200 0.059350397 0.993797958
1341848066.623500 -0.138436317 -0.067838177 0.262754589 0.071153320 0.064230792 0.055384487 0.993853152
1341848066.655239 -0.134837806 -0.067777887 0.263857573 0.073333323 0.062401902 0.052141618 0.993986666
1341848066.697724 -0.129705146 -0.067632951 0.264751375 0.073984154 0.061381608 0.049515530 0.994136274
1341848066.732527 -0.126936883 -0.070729420 0.267074287 0.074085727 0.061519098 0.046322823 0.994274080
1341848066.764415 -0.123015277 -0.071763337 0.268152893 0.076801389 0.061097424 0.043027349 0.994242072
1341848066.795253 -0.118379578 -0.070620522 0.268600166 0.079331130 0.061136831 0.039236832 0.994197845
1341848066.833355 -0.116568141 -0.071491785 0.270974517 0.080061346 0.060811654 0.035811979 0.994288504
1341848066.862103 -0.111671954 -0.070535354 0.269917578 0.081549786 0.058652449 0.033773538 0.994368553
1341848066.905023 -0.109197035 -0.069584206 0.271127582 0.080598302 0.058875788 0.032344531 0.994480431
1341848066.930221 -0.106861524 -0.072065748 0.272477120 0.079194352 0.057351355 0.031077895 0.994722664
1341848066.997936 -0.097995460 -0.070317656 0.272405207 0.078356810 0.056124423 0.027075227 0.994975984
1341848067.023497 -0.097267672 -0.072595470 0.275417954 0.076927401 0.056395732 0.025138607 0.995122969
1341848067.054702 -0.092880413 -0.071904711 0.274145395 0.077702947 0.054300565 0.023636010 0.995216072
1341848067.090940 -0.090908721 -0.073197328 0.275408059 0.076350503 0.055768855 0.021276478 0.995292783
1341848067.122963 -0.090326965 -0.076202467 0.277258337 0.077412941 0.055612024 0.020185599 0.995242238
1341848067.158821 -0.086846553 -0.074573636 0.275648206 0.081315786 0.054027501 0.020321198 0.995015502
1341848067.191143 -0.085128918 -0.072898231 0.275930792 0.082153454 0.053939570 0.020734176 0.994942904
1341848067.222948 -0.083666414 -0.074962214 0.275954366 0.082049549 0.053161073 0.021659436 0.994973719
1341848067.258733 -0.080195010 -0.073445134 0.274400234 0.083663151 0.052412119 0.023401588 0.994839609
1341848067.291049 -0.078769013 -0.073345609 0.274743855 0.083169140 0.053278536 0.025105827 0.994793475
1341848067.322816 -0.078418925 -0.074346274 0.275777131 0.082987487 0.053256147 0.028315313 0.994723618
1341848067.358674 -0.074175656 -0.072740823 0.274242073 0.084091596 0.051222946 0.031353608 0.994646549
1341848067.390706 -0.070871733 -0.072675437 0.273409575 0.083014943 0.052185021 0.033421554 0.994619668
1341848067.426869 -0.070817664 -0.073177963 0.274804711 0.083153091 0.053982571 0.036489882 0.994404316
1341848067.458745 -0.067606688 -0.071089149 0.272519141 0.083921969 0.053405367 0.039623741 0.994250953
1341848067.491527 -0.065728873 -0.070126332 0.271862328 0.081590801 0.055359874 0.041761197 0.994250596
1341848067.526659 -0.065231234 -0.071516424 0.272702575 0.080001451 0.057291832 0.043342400 0.994202614
1341848067.558770 -0.062724546 -0.069862433 0.270614535 0.080401346 0.057781186 0.043209650 0.994147837
1341848067.594659 -0.060234170 -0.070323825 0.270248532 0.078665882 0.060803600 0.042042654 0.994156480
1341848067.626656 -0.060841929 -0.072503313 0.271403700 0.079011306 0.063769244 0.040864747 0.993992329
1341848067.658983 -0.059042193 -0.071623608 0.269220948 0.081966043 0.064217277 0.041103795 0.993714333
1341848067.694893 -0.057091378 -0.070530370 0.268119961 0.083092034 0.066024758 0.042064179 0.993462145
1341848067.726732 -0.058296006 -0.073227733 0.268385589 0.084240109 0.067696676 0.043506403 0.993190765
1341848067.758667 -0.053957265 -0.070860580 0.265432268 0.087830402 0.066696003 0.045487814 0.992858648
1341848067.794813 -0.052302100 -0.069752395 0.264427572 0.088443443 0.068734393 0.047548160 0.992568612
1341848067.826795 -0.053397112 -0.071520537 0.264572233 0.089161828 0.070636980 0.049365245 0.992282033
1341848067.862808 -0.049655892 -0.068792827 0.262796849 0.091685079 0.070508443 0.051605616 0.991947234
