1341847981.694720 -0.036847044 0.002168253 -0.009363530 0.003759660 0.014503054 0.005070743 0.999874890
1341847981.726650 -0.038143456 0.005615602 -0.010695104 0.004770483 0.014805801 0.006014890 0.999860942
1341847981.758846 -0.037761759 0.002698009 -0.012081644 0.001973707 0.013099048 0.005884888 0.999894917
1341847981.794659 -0.042223137 0.003132524 -0.013873262 0.000637576 0.014295055 0.005510529 0.999882400
1341847981.826678 -0.038329907 0.002940709 -0.013965505 -0.001490703 0.012193609 0.005460125 0.999909639
1341847981.862719 -0.040508885 0.003042581 -0.012667458 -0.001350085 0.012092722 0.004463385 0.999916017
1341847981.894631 -0.052837990 0.008585270 -0.015824912 0.000570261 0.015698409 0.004969938 0.999864280
1341847981.926602 -0.039485853 0.003529598 -0.016108664 -0.005065787 0.008295173 0.004900029 0.999940753
1341847981.962757 -0.052614927 0.007235595 -0.014985608 -0.004170639 0.013279169 0.005015486 0.999890566
1341847981.994808 -0.051956266 0.009802440 -0.009990116 -0.002669617 0.012686887 0.004755085 0.999904633
1341847982.027112 -0.056352969 0.004767581 -0.014871532 -0.004376860 0.013145600 0.002745904 0.999900222
1341847982.062739 -0.060812209 0.008378514 -0.010888832 -0.000916628 0.014411367 0.002175922 0.999893367
1341847982.094786 -0.062218435 0.009112556 -0.012130570 0.000006169 0.013902809 0.001030104 0.999902844
1341847982.130710 -0.067419380 0.006145078 -0.009415824 0.000329401 0.014985332 0.000155939 0.999887645
1341847982.162730 -0.066940881 0.008345215 -0.011775526 0.004413490 0.012401892 0.001170906 0.999912679
1341847982.194674 -0.066058114 0.009559594 -0.015794838 0.003370261 0.011563693 0.002191916 0.999925017
1341847982.230594 -0.066469662 0.006164703 -0.013974801 0.000568618 0.013389017 0.002091948 0.999908030
1341847982.262666 -0.067409962 0.005873312 -0.014456727 0.001621276 0.015674759 0.001163866 0.999875128
1341847982.294994 -0.068818644 0.005959459 -0.013863027 0.002206352 0.018140890 0.000671675 0.999832749
1341847982.330655 -0.076859340 0.004857013 -0.011493925 0.003663750 0.022522762 0.002878313 0.999735475
1341847982.362722 -0.079668343 0.006385050 -0.010726531 0.007330918 0.022021882 0.006640069 0.999708533
1341847982.398909 -0.080732241 0.005928061 -0.013245553 0.009457881 0.019799791 0.008834005 0.999720216
1341847982.430770 -0.079196632 0.003859712 -0.014011142 0.009482332 0.019157121 0.009584564 0.999725580
1341847982.462624 -0.078621320 0.002058103 -0.015371682 0.009321588 0.021623818 0.010152698 0.999671161
1341847982.498616 -0.080890045 0.003080040 -0.016851649 0.009309736 0.024803936 0.010565982 0.999593139
1341847982.530757 -0.081200913 0.003876457 -0.015509842 0.008416866 0.025957976 0.011165479 0.999565244
1341847982.566660 -0.079039447 0.004475254 -0.015289018 0.007088509 0.026195820 0.011935839 0.999560416
1341847982.598726 -0.087704539 0.003310959 -0.015031027 0.003895442 0.031931225 0.014193818 0.999381661
1341847982.630723 -0.090660863 0.003790510 -0.013800621 0.003465982 0.035260573 0.014151584 0.999271929
1341847982.666620 -0.092379823 0.002740579 -0.013845334 0.001748033 0.037920274 0.014774125 0.999170005
1341847982.698638 -0.092594467 0.003934574 -0.013877260 0.000971701 0.040516399 0.015034370 0.999065280
1341847982.730674 -0.091489732 0.000813946 -0.011892550 -0.001440907 0.042966262 0.014160733 0.998975098
1341847982.766706 -0.098069452 0.000376986 -0.010064512 -0.001094326 0.047070000 0.015449858 0.998771548
1341847982.798737 -0.101452857 0.000981961 -0.010858750 -0.000447556 0.049047742 0.017550508 0.998642087
1341847982.834747 -0.106401153 -0.000167743 -0.009300372 0.000244624 0.051409319 0.017923709 0.998516738
1341847982.866670 -0.111853734 -0.000233698 -0.008251941 0.002986850 0.052887443 0.019292522 0.998409629
1341847982.898700 -0.117407948 0.001270346 -0.009176062 0.005316670 0.052885298 0.020241717 0.998381257
1341847982.934803 -0.122651041 0.003119125 -0.009941002 0.005157601 0.051476866 0.022369673 0.998410285
1341847982.966708 -0.122940771 0.000824060 -0.010479147 0.002644979 0.048835635 0.022777338 0.998543561
1341847982.998783 -0.126888245 -0.000020536 -0.011253607 0.001080879 0.050539967 0.021215558 0.998496115
1341847983.034693 -0.132297382 0.000658776 -0.010448861 0.000002896 0.052721504 0.021307670 0.998381913
1341847983.066707 -0.140057728 0.002151361 -0.009219978 -0.000352786 0.054272775 0.022491075 0.998272777
1341847983.102757 -0.144865468 0.001159577 -0.008742670 -0.001713901 0.054623161 0.023289405 0.998233914
1341847983.134717 -0.149766102 0.001616274 -0.007341202 -0.000473842 0.054908738 0.024880467 0.998181224
1341847983.166651 -0.154398099 0.002067433 -0.006257867 0.000920267 0.054610215 0.025784004 0.998174369
1341847983.202653 -0.157859996 0.002666120 -0.006828127 0.001223276 0.052981541 0.026947968 0.998231053
1341847983.234717 -0.160151973 0.002772347 -0.007202417 0.000427269 0.051975738 0.027446436 0.998270988
1341847983.266753 -0.163975894 0.000175396 -0.009757383 -0.003333322 0.052473351 0.026441125 0.998266637
1341847983.302701 -0.169474736 -0.000842927 -0.008295530 -0.006328915 0.055446401 0.025440427 0.998117447
1341847983.334718 -0.173277423 -0.002120460 -0.007607065 -0.007905003 0.058201093 0.024771504 0.997966230
1341847983.370887 -0.179622412 -0.002742648 -0.005828908 -0.007694359 0.063068651 0.024826813 0.997670650
1341847983.402670 -0.184500948 -0.002641815 -0.006758559 -0.006512516 0.063780069 0.025994644 0.997604132
1341847983.434705 -0.189186290 -0.001000176 -0.007073566 -0.006974343 0.062549159 0.029312786 0.997586966
1341847983.470674 -0.189987361 -0.003404264 -0.004548227 -0.008300471 0.060505569 0.027813653 0.997745752
1341847983.502767 -0.190792054 -0.005982287 -0.006362442 -0.007962773 0.062172569 0.024669096 0.997728705
1341847983.534806 -0.195483476 -0.004352637 -0.007195922 -0.006857482 0.066493891 0.023792420 0.997479558
1341847983.570684 -0.206569061 -0.003264010 -0.005376736 -0.006676333 0.073304951 0.024347657 0.996989965
1341847983.602741 -0.211629272 -0.003694156 -0.005080631 -0.005689773 0.074051030 0.024928791 0.996926606
1341847983.638729 -0.217312798 -0.005600050 -0.006424613 -0.005091635 0.075746208 0.025042685 0.996799648
1341847983.670715 -0.224231586 -0.006339818 -0.005201019 -0.003164848 0.078513563 0.024904614 0.996596873
1341847983.702857 -0.230634183 -0.002457481 -0.006355356 0.001577884 0.079456091 0.027227191 0.996465206
1341847983.738736 -0.236290693 -0.003133066 -0.008299615 0.002108703 0.079171963 0.028802199 0.996442556
1341847983.770707 -0.241198555 -0.003735577 -0.009213977 0.002951320 0.078723617 0.030035548 0.996439517
1341847983.806672 -0.246046707 -0.005362915 -0.009414215 0.003955927 0.080008127 0.029476732 0.996350408
1341847983.838719 -0.254805446 -0.006306043 -0.009396471 0.007012416 0.082552657 0.029703762 0.996119261
1341847983.870712 -0.259930730 -0.002347412 -0.012039412 0.009918298 0.080736391 0.032919616 0.996142328
1341847983.906692 -0.270228744 -0.003210130 -0.011729576 0.009936116 0.080490224 0.035625000 0.996069014
1341847983.938757 -0.272118688 -0.002496826 -0.014755804 0.010104244 0.077889211 0.036495887 0.996242523
1341847983.970809 -0.275689751 -0.001111895 -0.014922351 0.008913555 0.079115681 0.035301570 0.996200323
1341847984.006722 -0.284484386 -0.000299877 -0.013781574 0.008112236 0.083069824 0.034642104 0.995908380
1341847984.038718 -0.288337946 0.000047521 -0.015071824 0.006479280 0.084678225 0.034586143 0.995786786
1341847984.074737 -0.293772340 0.002516752 -0.016415436 0.004670634 0.087465987 0.033529028 0.995592117
1341847984.106759 -0.301684707 0.006509394 -0.011511724 0.002283248 0.091456041 0.032717697 0.995268881
1341847984.138698 -0.308652610 0.006695059 -0.008993939 0.001648483 0.093784988 0.032030165 0.995075762
1341847984.174831 -0.312314063 0.013572447 -0.011480335 0.001844271 0.093788289 0.030501809 0.995123088
1341847984.206711 -0.320261806 0.011845579 -0.007669806 -0.003539391 0.096586846 0.028903391 0.994898498
1341847984.238670 -0.326861501 0.011441201 -0.005583860 -0.004631649 0.096056044 0.029907858 0.994915724
1341847984.274795 -0.329065502 0.011743345 -0.005946133 -0.007060701 0.093713634 0.030446390 0.995108545
1341847984.306662 -0.335672796 0.014067813 -0.003432181 -0.008453128 0.095377438 0.030698994 0.994931817
1341847984.343094 -0.340316653 0.012619742 -0.000263244 -0.011099135 0.095264763 0.030988310 0.994907618
1341847984.374794 -0.347191483 0.013457765 0.001500282 -0.012135685 0.094742283 0.032306995 0.994903445
1341847984.406718 -0.350478351 0.015057446 0.005178254 -0.013679842 0.092531092 0.034184635 0.995028794
1341847984.442894 -0.352934986 0.013363332 0.008590389 -0.015954252 0.091816127 0.034978114 0.995033562
1341847984.474640 -0.358230323 0.014024556 0.012735635 -0.015013830 0.092898145 0.034596611 0.994961143
1341847984.506747 -0.363798320 0.012906787 0.016125295 -0.016150638 0.094671212 0.033895444 0.994800270
1341847984.542747 -0.366284192 0.010657960 0.017489124 -0.017275430 0.096326485 0.034357607 0.994606614
1341847984.574807 -0.371993661 0.010944838 0.024217673 -0.018338645 0.100341082 0.034989811 0.994168520
1341847984.610792 -0.377170622 0.007584427 0.031691205 -0.018064627 0.101415224 0.034740299 0.994073272
1341847984.642667 -0.380510837 0.008090217 0.036198467 -0.014403611 0.100212470 0.035754476 0.994219124
1341847984.674804 -0.383283973 0.007944866 0.039430249 -0.013508758 0.099788800 0.036728051 0.994238794
1341847984.710651 -0.385578305 0.004721293 0.044661060 -0.012726448 0.098808184 0.036668040 0.994349241
1341847984.743352 -0.388746470 0.002028965 0.048860658 -0.010481930 0.098184451 0.036315430 0.994450152
1341847984.778881 -0.390703529 0.001389964 0.052283950 -0.009535700 0.098141976 0.037062041 0.994436324
1341847984.810639 -0.395238638 -0.001295205 0.060301743 -0.008691442 0.099779427 0.039376985 0.994192123
1341847984.842655 -0.401643187 -0.005537982 0.066657901 -0.006811499 0.101994745 0.040658552 0.993930399
1341847984.878779 -0.404190212 -0.006048542 0.071005456 -0.004115230 0.102348611 0.041928027 0.993856072
1341847984.910613 -0.406030864 -0.004232850 0.073947318 -0.002255736 0.101312384 0.045123000 0.993828297
1341847984.943053 -0.410680473 -0.006496775 0.080270492 -0.003409902 0.100682557 0.048614956 0.993724287
1341847984.979236 -0.412303090 -0.010409366 0.082196981 -0.005853056 0.098549724 0.051347826 0.993789256
1341847985.010633 -0.411148638 -0.013241672 0.085272506 -0.008871539 0.097652659 0.051832180 0.993830323
1341847985.046612 -0.412357599 -0.016927406 0.090389416 -0.012448667 0.100660779 0.052430119 0.993460357
1341847985.078667 -0.414231300 -0.019046385 0.096707590 -0.013280436 0.104477085 0.052063107 0.993074834
1341847985.110771 -0.416599125 -0.020044032 0.101242088 -0.013884737 0.107680283 0.053645257 0.992640078
1341847985.146824 -0.415628850 -0.025404779 0.105423048 -0.015982198 0.109442435 0.055343524 0.992322564
1341847985.178699 -0.419265598 -0.028815188 0.112329945 -0.016409786 0.113804109 0.056929328 0.991735041
1341847985.210840 -0.420641661 -0.033400562 0.118378468 -0.016162764 0.116502978 0.056944635 0.991424799
1341847985.246735 -0.421701103 -0.034534805 0.120514788 -0.015163956 0.119047560 0.057538696 0.991103947
1341847985.278902 -0.424793214 -0.039829478 0.126772523 -0.016941916 0.123506211 0.057723358 0.990518630
1341847985.314648 -0.425937086 -0.040366985 0.131142303 -0.013862206 0.126057327 0.058020942 0.990227759
1341847985.346842 -0.428677410 -0.040567543 0.133780211 -0.012111788 0.128190711 0.058088958 0.989972770
1341847985.378830 -0.428463399 -0.042514823 0.136315659 -0.013458607 0.128522024 0.058157634 0.989908397
1341847985.414650 -0.431021154 -0.046601854 0.143011183 -0.015117455 0.132440001 0.058387183 0.989354372
1341847985.446854 -0.432560980 -0.047793087 0.147935882 -0.013408417 0.134858474 0.058652982 0.989036560
1341847985.478685 -0.435944945 -0.049981166 0.152618617 -0.013183061 0.137493193 0.059753418 0.988610804
1341847985.514673 -0.437004715 -0.052084465 0.156124279 -0.013855977 0.138909802 0.060706586 0.988345444
1341847985.546814 -0.438244432 -0.056031242 0.161549762 -0.015499783 0.142212346 0.061253015 0.987817526
1341847985.582581 -0.440676779 -0.058128413 0.168246686 -0.014432600 0.145721063 0.062430900 0.987248421
1341847985.614773 -0.443374395 -0.059127782 0.172727719 -0.012235099 0.147967443 0.063770980 0.986858249
1341847985.647097 -0.443984807 -0.060789216 0.178114712 -0.009834007 0.149968639 0.065751106 0.986452997
1341847985.682842 -0.447327197 -0.064254314 0.184760764 -0.007995702 0.153449446 0.068247885 0.985764444
1341847985.714719 -0.450154960 -0.066562578 0.190948606 -0.004207474 0.155401275 0.071679227 0.985238433
1341847985.746954 -0.452136844 -0.071441770 0.195324108 -0.002040074 0.156889439 0.073729113 0.984858155
1341847985.782765 -0.453623593 -0.074944623 0.200410873 0.000087258 0.159406483 0.075635999 0.984311283
1341847985.814703 -0.456418574 -0.079443514 0.207023457 0.006515692 0.162679181 0.079170540 0.983476043
1341847985.850739 -0.460128009 -0.080180749 0.210327834 0.014014325 0.164356604 0.081795588 0.982903838
1341847985.882782 -0.461714655 -0.082816340 0.210574195 0.012762561 0.164165199 0.085349359 0.982650697
1341847985.914968 -0.463515162 -0.088476643 0.214926720 0.008578733 0.167048782 0.088111334 0.981966138
1341847985.950751 -0.463332117 -0.091478154 0.219986647 0.007554257 0.171316057 0.087267175 0.981314540
1341847985.982712 -0.466854364 -0.093440689 0.225587621 0.008583374 0.177159190 0.087341346 0.980261385
1341847986.018756 -0.468571365 -0.093560040 0.229545131 0.010228895 0.179724827 0.089425951 0.979590356
1341847986.051991 -0.470712781 -0.097108498 0.234362483 0.009065176 0.181520030 0.092466295 0.978988349
1341847986.082612 -0.472319752 -0.098404437 0.238693297 0.009569502 0.183034256 0.093654931 0.978588581
1341847986.118719 -0.473538399 -0.104131043 0.240608931 0.006344951 0.185638964 0.093378134 0.978150487
1341847986.150636 -0.475299597 -0.105787508 0.244328901 0.004174659 0.190286785 0.094015583 0.977207541
1341847986.182648 -0.475358874 -0.108334400 0.250763327 0.003562200 0.194202840 0.094740517 0.976369202
1341847986.218674 -0.476949066 -0.112007558 0.256487370 0.004943781 0.197633505 0.095611893 0.975589514
1341847986.250584 -0.477849603 -0.114761539 0.260403693 0.005999207 0.200216234 0.097834721 0.974836349
1341847986.286733 -0.479004979 -0.118247010 0.266310394 0.006960501 0.204060271 0.098983817 0.973916411
1341847986.326156 -0.479511231 -0.120793961 0.270410508 0.009302897 0.207179457 0.100048721 0.973129153
1341847986.359210 -0.479308128 -0.123416446 0.274619818 0.011511727 0.209925115 0.102131449 0.972300410
1341847986.394467 -0.480269164 -0.126024857 0.278972626 0.011339078 0.212902084 0.103871956 0.971470416
1341847986.425858 -0.480670244 -0.128365010 0.283739388 0.011301209 0.215942994 0.105256684 0.970650256
1341847986.457691 -0.480890006 -0.132869467 0.287904412 0.008932532 0.219200060 0.106023729 0.969861090
1341847986.493735 -0.480824202 -0.134149447 0.293781668 0.008700389 0.221965298 0.107273728 0.969096541
1341847986.525772 -0.480611950 -0.136069432 0.297971070 0.009885962 0.223362312 0.108686119 0.968606651
1341847986.561706 -0.481610179 -0.139740437 0.303010464 0.008014492 0.226015911 0.109360345 0.967932284
1341847986.593712 -0.481857836 -0.142787978 0.309739619 0.005976262 0.229804069 0.109202541 0.967072487
1341847986.625740 -0.484179318 -0.147444978 0.318078220 0.006279535 0.234951839 0.110165946 0.965723395
1341847986.661920 -0.482926995 -0.147291496 0.319455087 0.008587345 0.234985813 0.112557016 0.965421557
1341847986.693739 -0.481709987 -0.147157565 0.321806610 0.009727404 0.234279260 0.116497256 0.965115011
1341847986.725896 -0.484363645 -0.149461195 0.328938186 0.010814802 0.236384630 0.122124910 0.963893592
1341847986.762616 -0.485863477 -0.153373852 0.333803028 0.008661738 0.237439528 0.126027420 0.963153422
1341847986.793794 -0.486649126 -0.157417864 0.338231474 0.003836622 0.239966959 0.128427446 0.962240875
1341847986.829823 -0.486562341 -0.157264695 0.344150692 0.003034770 0.242831185 0.130062282 0.961305141
1341847986.861756 -0.486743271 -0.157699078 0.347398102 0.003419844 0.243732646 0.132426679 0.960752726
1341847986.886746 -0.487901509 -0.160386562 0.353127182 0.001360443 0.244486034 0.135690972 0.960110784
1341847986.922699 -0.488269061 -0.161721960 0.358030766 -0.000216251 0.244875073 0.139375463 0.959484577
1341847986.954690 -0.488486230 -0.164519936 0.362205833 -0.002714410 0.246354178 0.140614599 0.958921134
1341847986.990631 -0.489479691 -0.166879997 0.368361354 -0.004142073 0.249631852 0.141715050 0.957905829
1341847987.022895 -0.489770800 -0.168862924 0.371840686 -0.004516216 0.251425236 0.144263357 0.957054377
1341847987.054629 -0.490045935 -0.169392735 0.374573231 -0.005653117 0.251672596 0.146761104 0.956603467
1341847987.091223 -0.491063118 -0.172530010 0.380561650 -0.008422409 0.253772914 0.148468748 0.955764294
1341847987.123199 -0.490725875 -0.176688552 0.385664195 -0.011398637 0.257229924 0.147717744 0.954925299
1341847987.154654 -0.491321713 -0.177316710 0.386523843 -0.012564040 0.261087865 0.145702749 0.954172909
1341847987.190716 -0.491727263 -0.176851228 0.391750604 -0.013641890 0.266374022 0.145423859 0.952738523
1341847987.222678 -0.492740780 -0.177283421 0.396225601 -0.013997192 0.269847155 0.147551507 0.951427937
1341847987.259261 -0.493256748 -0.179378778 0.400340706 -0.015566620 0.272718579 0.148829609 0.950385213
1341847987.290653 -0.493080735 -0.182685629 0.403924733 -0.018131716 0.277155340 0.147689342 0.949233353
1341847987.322780 -0.493680418 -0.184279874 0.408629596 -0.018192500 0.283719271 0.146964327 0.947403789
1341847987.358780 -0.494599968 -0.185782045 0.415369302 -0.017085535 0.290282995 0.144450396 0.945821345
1341847987.390720 -0.495581686 -0.188356891 0.419253588 -0.014634963 0.296237677 0.141839430 0.944410205
1341847987.422820 -0.496541142 -0.189238548 0.421992779 -0.012503518 0.302136183 0.139529675 0.942915082
1341847987.458620 -0.498582125 -0.188455015 0.428097308 -0.008154222 0.308454156 0.139951676 0.940852344
1341847987.490754 -0.500899613 -0.188546211 0.433924913 -0.002346101 0.312794387 0.141395062 0.939234614
1341847987.526761 -0.503555715 -0.186488822 0.431346595 -0.000091900 0.313274920 0.144783676 0.938560903
1341847987.558679 -0.504472971 -0.188709438 0.440064043 -0.001322745 0.319403708 0.146498695 0.936225235
1341847987.590776 -0.506250381 -0.188378230 0.443963498 0.003438765 0.323572755 0.148105577 0.934533894
1341847987.626925 -0.508469999 -0.185752049 0.444191337 0.007137488 0.324769884 0.152175605 0.933443189
1341847987.658922 -0.509941041 -0.186273262 0.449869066 0.006452213 0.327518851 0.155017272 0.932018995
1341847987.691638 -0.511494398 -0.185291365 0.453224659 0.007544267 0.328848183 0.157560870 0.931115746
1341847987.726721 -0.513887227 -0.185370386 0.460530102 0.008322525 0.330499262 0.159471884 0.930198729
1341847987.758741 -0.515562534 -0.185014635 0.463169307 0.009881165 0.330836535 0.163142934 0.929426670
1341847987.794708 -0.517232239 -0.185094148 0.468061805 0.010344101 0.331436932 0.166808560 0.928556621
1341847987.826748 -0.519107699 -0.184745982 0.472694993 0.012185529 0.331212938 0.170740172 0.927899420
1341847987.865879 -0.521408975 -0.186770737 0.477974117 0.011009404 0.331687152 0.172368079 0.927443624
1341847987.897796 -0.524060369 -0.186661333 0.482496351 0.013204821 0.332384974 0.174465150 0.926772833
1341847987.933722 -0.525690019 -0.188082501 0.487801194 0.014436417 0.331977159 0.175289899 0.926744998
1341847987.965806 -0.527925849 -0.190098524 0.492195845 0.015457064 0.332877845 0.172452971 0.926937640
1341847987.997794 -0.529293656 -0.190218002 0.494114697 0.017249919 0.332920104 0.170149088 0.927316546
1341847988.033757 -0.531077445 -0.192933217 0.500129461 0.016874591 0.335584015 0.166801989 0.926971316
1341847988.065746 -0.532368660 -0.193541542 0.503702819 0.020207189 0.336290419 0.163359150 0.927261710
1341847988.098165 -0.534557879 -0.194023818 0.506559670 0.022833144 0.337122738 0.158815876 0.927687705
1341847988.133763 -0.535600066 -0.195067719 0.510130465 0.023759397 0.339852184 0.155160159 0.927287102
1341847988.165801 -0.538645446 -0.193358690 0.512618661 0.028295957 0.340923488 0.155707538 0.926674545
1341847988.201710 -0.541108489 -0.191864952 0.515154123 0.029066049 0.339279532 0.159374699 0.926630616
1341847988.233777 -0.541381836 -0.194447637 0.518899560 0.025236402 0.338601798 0.161897153 0.926553428
1341847988.265702 -0.541510284 -0.196167380 0.523313940 0.024113502 0.340786427 0.161848366 0.925790668
1341847988.301776 -0.542774856 -0.194407180 0.524425864 0.025527043 0.341726601 0.162324056 0.925322771
1341847988.333739 -0.544341266 -0.194098383 0.527850628 0.024057470 0.342017889 0.166102678 0.924583673
1341847988.369715 -0.544434309 -0.195334032 0.531204224 0.022034908 0.342586249 0.168215081 0.924041569
1341847988.401745 -0.545985281 -0.193883777 0.534556448 0.024750546 0.343144089 0.172444344 0.922985673
1341847988.433996 -0.546794176 -0.194411770 0.537533104 0.024317153 0.342621028 0.175516427 0.922612369
1341847988.469742 -0.546821535 -0.197207674 0.540255666 0.022617331 0.344748378 0.173880994 0.922172666
1341847988.502496 -0.548846543 -0.195236281 0.541213274 0.025415637 0.347142935 0.174754813 0.921035647
1341847988.537778 -0.551253498 -0.191811129 0.542921543 0.028064877 0.347581625 0.179674923 0.919845819
1341847988.569700 -0.553081453 -0.192278713 0.544841409 0.025881493 0.346411914 0.181736112 0.919946134
1341847988.601796 -0.554359138 -0.194341674 0.545319736 0.021274095 0.346755683 0.180920735 0.920095444
1341847988.637768 -0.555745363 -0.194202498 0.547746181 0.018499890 0.349535316 0.179074332 0.919464648
1341847988.669807 -0.557438493 -0.194118857 0.549717784 0.017137222 0.351379633 0.178271517 0.918943942
1341847988.706192 -0.559500754 -0.194189474 0.550988257 0.015651612 0.352536201 0.178110585 0.918558598
1341847988.737940 -0.561105371 -0.195142448 0.553385794 0.014970016 0.354356259 0.180513054 0.917399943
1341847988.769740 -0.563380837 -0.195495814 0.555289745 0.016026082 0.355016232 0.184557721 0.916321516
1341847988.806051 -0.565543354 -0.197319776 0.557159007 0.015936716 0.355804920 0.186374918 0.915649116
1341847988.837897 -0.568882048 -0.197636977 0.555887818 0.015246695 0.356458038 0.188170359 0.915039420
1341847988.873917 -0.571322024 -0.199737310 0.557668328 0.011985391 0.359602720 0.188235998 0.913843215
1341847988.937824 -0.577724576 -0.200728998 0.559223771 0.011676038 0.363656282 0.190912142 0.911685407
1341847988.966828 -0.580933571 -0.201588184 0.560796142 0.010133486 0.365483642 0.193753108 0.910372853
1341847988.998737 -0.583813488 -0.202746049 0.562345326 0.009790433 0.366334409 0.196416974 0.909463406
1341847989.034678 -0.587958038 -0.202604920 0.562018216 0.009034243 0.365704298 0.198632196 0.909243643
1341847989.066658 -0.590539157 -0.206168532 0.565069854 0.004444537 0.367652416 0.198015332 0.908626378
1341847989.098821 -0.592996955 -0.208368257 0.568790853 0.005372743 0.369366467 0.196388125 0.908279300
1341847989.134676 -0.597433448 -0.210412621 0.568861842 0.008497329 0.368856996 0.196972877 0.908335865
1341847989.166672 -0.601130664 -0.212565660 0.570650995 0.011138225 0.368955046 0.198162451 0.908008635
1341847989.202743 -0.606869400 -0.214373112 0.571033418 0.014512830 0.367514908 0.198615968 0.908445835
1341847989.234728 -0.611556232 -0.216134131 0.572117567 0.016942825 0.365359545 0.198952347 0.909199238
1341847989.266651 -0.615443051 -0.217519671 0.572203457 0.017699594 0.363522798 0.196912512 0.910364389
1341847989.302773 -0.619681001 -0.220182687 0.573957086 0.016143406 0.362790078 0.192772985 0.911570787
1341847989.334871 -0.624442816 -0.221212640 0.572725296 0.015631735 0.360762835 0.189739928 0.913019478
1341847989.366685 -0.628414154 -0.223598734 0.572378576 0.011266130 0.359975874 0.184058622 0.914556146
1341847989.402777 -0.630773067 -0.226367876 0.575121462 0.007418172 0.361866862 0.178494602 0.914951921
1341847989.434824 -0.634818792 -0.229390830 0.576009870 0.007562354 0.362628788 0.174667358 0.915387630
1341847989.470712 -0.639747322 -0.229008704 0.573843300 0.008278220 0.361684114 0.172913522 0.916087866
1341847989.502614 -0.642604351 -0.231075451 0.574563801 0.005302824 0.362762421 0.173068255 0.915654242
1341847989.534687 -0.646243513 -0.232496142 0.575576127 0.007129279 0.362535208 0.175375015 0.915292859
1341847989.570705 -0.648990035 -0.234366342 0.575574040 0.005280514 0.361953586 0.174274787 0.915745556
1341847989.602804 -0.651002526 -0.237183258 0.577582538 0.002693618 0.364692807 0.173687503 0.914781153
1341847989.634745 -0.654046118 -0.238351792 0.577111125 0.004017675 0.367866129 0.170286223 0.914144933
1341847989.670627 -0.658356249 -0.238422185 0.576245606 0.004265677 0.370218456 0.169455454 0.913348198
1341847989.702606 -0.661671996 -0.239652827 0.577160776 0.002563099 0.371724993 0.170082301 0.912625909
1341847989.738929 -0.665233552 -0.240948647 0.577237666 0.001855193 0.373904943 0.168730572 0.911987722
1341847989.770735 -0.669368863 -0.240858585 0.576853752 0.001303285 0.375714719 0.168638527 0.911261618
1341847989.802890 -0.673272848 -0.242178127 0.578341782 -0.000438981 0.377436131 0.169535249 0.910384297
1341847989.838780 -0.676599741 -0.243098989 0.580350041 -0.000832620 0.379492432 0.170442834 0.909359157
1341847989.870960 -0.680264473 -0.245484382 0.582094610 -0.001427738 0.382344842 0.168982312 0.908435702
1341847989.902718 -0.685993493 -0.244817987 0.580716193 0.001779745 0.384049684 0.169411495 0.907635629
1341847989.938921 -0.691165626 -0.244546711 0.581389248 0.003937863 0.383627921 0.172994912 0.907131135
1341847989.970730 -0.696004391 -0.246957868 0.581937551 0.004409658 0.382486999 0.174663976 0.907290876
1341847990.006923 -0.700868368 -0.249445826 0.580803692 0.003112593 0.383617342 0.173558533 0.907031178
1341847990.039001 -0.705324650 -0.249251246 0.582810998 0.003941303 0.386005104 0.173237264 0.906075835
1341847990.070686 -0.710891366 -0.251087695 0.583957016 0.004090169 0.386591583 0.172163889 0.906029701
1341847990.106701 -0.716467619 -0.251406103 0.582500875 0.004960730 0.386259615 0.172275782 0.906145632
1341847990.139194 -0.721045136 -0.252092153 0.584154725 0.005624169 0.387783170 0.172951490 0.905362010
1341847990.171055 -0.726011634 -0.253398120 0.585152745 0.008060390 0.387276024 0.174021646 0.905355632
1341847990.207022 -0.731450200 -0.254524589 0.585659802 0.010632865 0.385555089 0.175471604 0.905783594
1341847990.238920 -0.736078084 -0.254634947 0.584448516 0.010647677 0.384111583 0.176781505 0.906141937
1341847990.274709 -0.739886761 -0.255795270 0.586625755 0.011918657 0.384022027 0.177820399 0.905960739
1341847990.306743 -0.745931089 -0.256501526 0.585826933 0.012737320 0.383098304 0.176749542 0.906550050
1341847990.339079 -0.750155210 -0.258038998 0.586907625 0.010547517 0.383268446 0.176649317 0.906525791
1341847990.374663 -0.754913330 -0.257781625 0.588794291 0.011921140 0.383706570 0.176806882 0.906292677
1341847990.406760 -0.760498822 -0.258657664 0.587347448 0.011128611 0.382310480 0.176363602 0.906978846
1341847990.442575 -0.764300227 -0.258502543 0.589041948 0.009235074 0.382354587 0.178924263 0.906479895
1341847990.474644 -0.767194211 -0.259471983 0.591811299 0.009268830 0.382479370 0.179422408 0.906328440
1341847990.506783 -0.771394193 -0.260358751 0.590981960 0.008073016 0.382289439 0.178657591 0.906571090
1341847990.542835 -0.775524497 -0.260087758 0.592031360 0.007472973 0.383560747 0.182062566 0.905360997
1341847990.574711 -0.778459072 -0.261053503 0.593516827 0.007870646 0.383567601 0.185224578 0.904713094
1341847990.606790 -0.782302737 -0.261877567 0.594008982 0.007478755 0.383495927 0.185805932 0.904627621
1341847990.642783 -0.785509229 -0.262196124 0.594655275 0.006090542 0.385607183 0.186448872 0.903607666
1341847990.674787 -0.789347827 -0.262489825 0.595791638 0.006138526 0.387803465 0.189076528 0.902120233
1341847990.710795 -0.793060064 -0.261889070 0.596611023 0.009093332 0.387570113 0.192867592 0.901392698
1341847990.742712 -0.797388673 -0.263834447 0.596740127 0.007407662 0.387615532 0.196439639 0.900616884
1341847990.774671 -0.798116267 -0.264495999 0.599067867 0.007149074 0.388079405 0.199671715 0.899707973
1341847990.810771 -0.800700903 -0.264984071 0.599969923 0.009253659 0.389935821 0.200166613 0.898775697
1341847990.842713 -0.805055737 -0.265784800 0.600247741 0.009029506 0.391742975 0.201656178 0.897658408
1341847990.874745 -0.807046056 -0.266694903 0.601892233 0.007926093 0.393182576 0.202824846 0.896775723
1341847990.910825 -0.809475958 -0.268388420 0.604059339 0.007255366 0.395681888 0.203155458 0.895606518
1341847990.942685 -0.812040865 -0.269283801 0.604602098 0.005559649 0.397788256 0.202887580 0.894745886
1341847990.978824 -0.814293027 -0.270448953 0.606288671 0.004271032 0.400555998 0.203154296 0.893456757
1341847991.010797 -0.816673994 -0.271327823 0.608264208 0.005803584 0.402498871 0.203365505 0.892526448
1341847991.042752 -0.819454730 -0.272171825 0.609051347 0.006428064 0.404202789 0.204300538 0.891538024
1341847991.078680 -0.821074128 -0.273857385 0.611287057 0.006572446 0.406162709 0.206393123 0.890163243
1341847991.111319 -0.823581517 -0.274987996 0.613209486 0.008569865 0.407573909 0.208397463 0.889033556
1341847991.142784 -0.825651109 -0.277217388 0.614771903 0.007833155 0.408956498 0.208736509 0.888325572
1341847991.178778 -0.828145027 -0.278601855 0.617512167 0.007829954 0.411623031 0.209683299 0.886869848
1341847991.210687 -0.831215799 -0.279740095 0.620509624 0.009891000 0.414036900 0.210297421 0.885579288
1341847991.246842 -0.834410429 -0.281398386 0.622440338 0.009933198 0.415650904 0.209561333 0.884997010
1341847991.278726 -0.836976051 -0.282827973 0.625882030 0.010221370 0.418359160 0.210466996 0.883501470
1341847991.310807 -0.840256393 -0.282368779 0.628062189 0.014276005 0.420017242 0.212306842 0.882217407
1341847991.346722 -0.845009446 -0.282437772 0.629458547 0.018452939 0.418056995 0.217029318 0.881921828
1341847991.378800 -0.847571671 -0.284494907 0.631110847 0.017319884 0.415728837 0.223375961 0.881460547
1341847991.414715 -0.849444032 -0.287058026 0.635533810 0.014594843 0.417211890 0.226960346 0.879892170
1341847991.446744 -0.851521194 -0.289659470 0.638235927 0.011430112 0.419560194 0.227361739 0.878717959
1341847991.478824 -0.854363024 -0.290766299 0.641442895 0.010039865 0.423174590 0.228308409 0.876754045
1341847991.514709 -0.856620193 -0.292217702 0.643590212 0.009041340 0.425496727 0.230179906 0.875150263
1341847991.546725 -0.858958840 -0.292788535 0.645856261 0.010203046 0.427142918 0.233254761 0.873519897
1341847991.578804 -0.860778332 -0.293703318 0.647027850 0.010992412 0.428299665 0.238669589 0.871478856
1341847991.614853 -0.861803114 -0.295795500 0.649167180 0.011301124 0.430438310 0.243281722 0.869142771
1341847991.646714 -0.861582160 -0.299103141 0.650817633 0.011192049 0.434192002 0.247361720 0.866120219
1341847991.689872 -0.862968802 -0.300221682 0.651232004 0.012005161 0.439036429 0.249313712 0.863102317
1341847991.714700 -0.865464985 -0.301423550 0.651334047 0.013244327 0.443226427 0.250989199 0.860453010
1341847991.746823 -0.867623389 -0.301877260 0.652073443 0.014639731 0.445676237 0.253921986 0.858301818
1341847991.782657 -0.867569864 -0.304584295 0.654364944 0.012814892 0.448551655 0.256839812 0.855961740
1341847991.814748 -0.867694497 -0.307005376 0.657142699 0.011517168 0.452555507 0.257317573 0.853726327
1341847991.846729 -0.868215203 -0.309729934 0.657430410 0.010982486 0.456437141 0.255715817 0.852146685
1341847991.882784 -0.871479511 -0.310721099 0.658879638 0.011391164 0.460642785 0.256055534 0.849772930
1341847991.915817 -0.872214675 -0.312561601 0.660600126 0.011945699 0.462025672 0.258430898 0.848294199
1341847991.950761 -0.873627186 -0.315428644 0.662781835 0.011377642 0.464000046 0.258428544 0.847224414
1341847991.982826 -0.874941051 -0.317438096 0.664394677 0.009996452 0.467059255 0.257054746 0.845977902
1341847992.014724 -0.876853108 -0.319314539 0.667009056 0.009237435 0.471463025 0.256042540 0.843848050
1341847992.050647 -0.880445480 -0.319587588 0.667438388 0.009911273 0.473092586 0.256020039 0.842934668
1341847992.082793 -0.881754398 -0.322400212 0.671436191 0.008166868 0.474906266 0.256119519 0.841902673
1341847992.114842 -0.883350253 -0.323644280 0.673281491 0.007761702 0.476703107 0.255778342 0.840994239
1341847992.150789 -0.886112750 -0.325188577 0.675924540 0.008360041 0.479351640 0.256409943 0.839289010
1341847992.182813 -0.889351845 -0.326938689 0.679132342 0.008536858 0.481224656 0.256932795 0.838054597
1341847992.218736 -0.891019881 -0.329064429 0.682303667 0.008475177 0.482783705 0.258221656 0.836761415
1341847992.250652 -0.893229485 -0.331186980 0.684849322 0.007980116 0.486022919 0.257866830 0.834998667
1341847992.282910 -0.896254301 -0.332404375 0.687146068 0.008269801 0.489558101 0.258284986 0.832798541
1341847992.318683 -0.899459481 -0.334006697 0.689679503 0.009761675 0.492662728 0.259625763 0.830531478
1341847992.350695 -0.902764142 -0.336058527 0.692350030 0.009681658 0.495208621 0.261038810 0.828573108
1341847992.382858 -0.905838609 -0.337152123 0.695421219 0.010962269 0.497456759 0.263614237 0.826392293
1341847992.418855 -0.907893181 -0.340378910 0.698184669 0.011557331 0.499886394 0.266402483 0.824020445
1341847992.450822 -0.911980271 -0.342137426 0.701032341 0.012407946 0.502541125 0.268495351 0.821710825
1341847992.486713 -0.914939523 -0.343548715 0.703658760 0.013241600 0.504392445 0.271776766 0.819481730
1341847992.518735 -0.918007612 -0.345759928 0.706994414 0.014190326 0.506324112 0.273626715 0.817656934
1341847992.550596 -0.922735453 -0.347905695 0.709293485 0.014578801 0.508252263 0.274269313 0.816237390
1341847992.586730 -0.926302433 -0.349106669 0.711406589 0.013722162 0.509282053 0.275216728 0.815290868
1341847992.618832 -0.929162920 -0.350384533 0.714953780 0.013087921 0.510835588 0.276190519 0.813999057
1341847992.654692 -0.933296800 -0.351442724 0.717837512 0.013206176 0.511968076 0.278035641 0.812656462
1341847992.686829 -0.935064912 -0.354310930 0.722149432 0.011618653 0.513347924 0.278617054 0.811610401
1341847992.718718 -0.937644362 -0.356101364 0.724861085 0.012155971 0.515184283 0.278147340 0.810599446
1341847992.754765 -0.942676902 -0.356855929 0.727003098 0.013702498 0.516662300 0.279206544 0.809268832
1341847992.786631 -0.945776105 -0.358815044 0.730097651 0.013564254 0.516826153 0.280124664 0.808849096
1341847992.818723 -0.948218107 -0.360415876 0.732538223 0.012359442 0.517781436 0.279401124 0.808507681
1341847992.854856 -0.951223314 -0.361994624 0.734717488 0.009826650 0.519508362 0.279217482 0.807497501
1341847992.886610 -0.953702033 -0.362553358 0.737764418 0.008593299 0.521075368 0.280692905 0.805988908
1341847992.922713 -0.955165803 -0.365093946 0.741691411 0.007165499 0.522062123 0.281468630 0.805093288
1341847992.954645 -0.956430316 -0.366718948 0.743390799 0.006288887 0.522954106 0.282288849 0.804234087
1341847992.986720 -0.957249939 -0.368229210 0.747266889 0.006479695 0.525135934 0.283165425 0.802500904
1341847993.022736 -0.960745811 -0.368594766 0.749978304 0.008106034 0.526125669 0.283807546 0.801610529
1341847993.054757 -0.961897373 -0.371215552 0.752976060 0.006187584 0.527016222 0.285056561 0.800598741
1341847993.086751 -0.963925302 -0.371391892 0.754891276 0.005857369 0.528040946 0.284902602 0.799980581
1341847993.122668 -0.965907812 -0.372792304 0.758213282 0.003783201 0.529790044 0.284703940 0.798906684
1341847993.154688 -0.966507852 -0.374683291 0.761380792 0.001405597 0.531413674 0.284695119 0.797838509
1341847993.190779 -0.966743231 -0.375861973 0.765224695 0.001704525 0.534284651 0.285015076 0.795803666
1341847993.222703 -0.968235493 -0.377842605 0.769059777 0.004230092 0.536627710 0.286614060 0.793640494
1341847993.261799 -0.970495582 -0.379073650 0.771097958 0.007868929 0.537066877 0.288925558 0.792476654
1341847993.291547 -0.970530391 -0.381743461 0.775095761 0.009590009 0.538219631 0.290568411 0.791073740
1341847993.322794 -0.971291780 -0.384192973 0.778048098 0.010490637 0.540490389 0.290626168 0.789491296
1341847993.354702 -0.972982407 -0.386451989 0.781731427 0.010546496 0.542865515 0.291209280 0.787643909
1341847993.390722 -0.973338485 -0.389153540 0.785026312 0.009287448 0.545032382 0.291487098 0.786058962
1341847993.422745 -0.973790944 -0.390343547 0.788704336 0.008909704 0.547757566 0.292092055 0.783941686
1341847993.458848 -0.974398851 -0.392165571 0.793362916 0.010080254 0.550628901 0.293358505 0.781439066
1341847993.490680 -0.975849152 -0.393592954 0.796999514 0.012264337 0.552231312 0.295412183 0.779501021
1341847993.522707 -0.978525281 -0.394782633 0.800300956 0.014695444 0.553042889 0.298715502 0.777622461
1341847993.558719 -0.980205655 -0.396876395 0.804572940 0.014504532 0.553471208 0.302360684 0.775910676
1341847993.590981 -0.980749547 -0.399534225 0.809920311 0.013023283 0.553950071 0.305249989 0.774462521
1341847993.626764 -0.982132792 -0.401289463 0.813754439 0.011455040 0.554185510 0.307120323 0.773578882
1341847993.658928 -0.985108554 -0.402348816 0.817794919 0.009246754 0.554444909 0.309294581 0.772555649
1341847993.690739 -0.984641910 -0.404961824 0.822843969 0.004077465 0.554271698 0.312071294 0.771607280
1341847993.727062 -0.982170463 -0.408477932 0.825779319 -0.000347976 0.554955065 0.311598688 0.771317720
1341847993.758693 -0.982634008 -0.410126626 0.830137968 -0.002530340 0.559142292 0.309877932 0.768979311
1341847993.790887 -0.984224498 -0.411093354 0.834278166 -0.002703815 0.561513066 0.310258031 0.767095625
1341847993.826735 -0.986001372 -0.412185669 0.837827921 -0.001657473 0.561514080 0.311536223 0.766579628
1341847993.858891 -0.986499667 -0.415124178 0.841071725 -0.003860254 0.561893761 0.311715186 0.766220629
1341847993.901726 -0.985466242 -0.418109536 0.845532060 -0.007453189 0.563658178 0.311697662 0.764904201
1341847993.933661 -0.986358464 -0.420036465 0.848553181 -0.006148974 0.564989686 0.311759382 0.763907671
1341847993.965821 -0.988036215 -0.422827601 0.850253224 -0.008017248 0.565591812 0.311145931 0.763694882
1341847994.001991 -0.985795021 -0.425897062 0.853871346 -0.012208270 0.568813145 0.310426593 0.761536539
1341847994.034008 -0.985057890 -0.427630275 0.856537700 -0.009732570 0.572028637 0.309845954 0.759397149
1341847994.065706 -0.988342285 -0.429475605 0.858018458 -0.007243869 0.573542118 0.309829712 0.758289218
1341847994.101772 -0.987721920 -0.431914061 0.861116111 -0.007755853 0.575608432 0.310499251 0.756442308
1341847994.133885 -0.986910343 -0.434722692 0.863766313 -0.006392514 0.577955663 0.309882492 0.754916668
1341847994.169705 -0.988842726 -0.437997103 0.867058575 -0.004702573 0.580964983 0.309603125 0.752730668
1341847994.201675 -0.989938438 -0.440071076 0.870083332 -0.002908599 0.582771242 0.312208235 0.750263393
1341847994.233618 -0.988083243 -0.442981511 0.873771489 0.000761965 0.584602475 0.313926667 0.748123944
1341847994.269680 -0.991896391 -0.445901722 0.875551939 0.003752048 0.586884260 0.313044399 0.746696711
1341847994.301751 -0.994330049 -0.447829336 0.878208339 0.003742639 0.588937521 0.313693225 0.744805396
1341847994.333755 -0.993447125 -0.451193124 0.882207155 0.005203327 0.591771901 0.314068466 0.742387950
1341847994.369712 -0.996285796 -0.453788638 0.885226905 0.007684545 0.594004810 0.313285142 0.740912735
1341847994.401655 -0.997851729 -0.456824899 0.889347613 0.008947012 0.596034586 0.314137816 0.738904715
1341847994.433802 -0.999466717 -0.460067362 0.893096864 0.011980474 0.597401917 0.315923512 0.736993730
1341847994.469690 -1.002485275 -0.462835252 0.897285819 0.014601106 0.598751247 0.316340744 0.735671282
1341847994.501736 -1.004757047 -0.464453429 0.900975704 0.016022425 0.599611521 0.317710429 0.734349608
1341847994.537738 -1.006100416 -0.467391044 0.906369925 0.017617526 0.601864874 0.319090128 0.731867313
1341847994.569734 -1.009292603 -0.469971508 0.909877181 0.019296765 0.602812588 0.321137160 0.730147600
1341847994.601688 -1.012576818 -0.472261459 0.914065063 0.018290773 0.604217768 0.323228359 0.728086472
1341847994.637836 -1.012487769 -0.474432230 0.918883562 0.017584953 0.605601847 0.325783044 0.725811720
1341847994.669750 -1.014762402 -0.477251768 0.923047245 0.018159589 0.606635869 0.326894045 0.724433184
1341847994.701643 -1.017613173 -0.478528887 0.927042246 0.016528273 0.607592463 0.328508556 0.722938716
1341847994.769803 -1.017975211 -0.483089775 0.936162412 0.014532299 0.612298369 0.329401076 0.718591988
1341847994.798790 -1.022324204 -0.484238535 0.939182341 0.013986394 0.614728987 0.329978406 0.716258943
1341847994.831306 -1.025143385 -0.485162199 0.944743514 0.009730438 0.616423666 0.335143387 0.712464750
1341847994.866828 -1.025408268 -0.488452554 0.948794007 0.007275112 0.616580129 0.338055551 0.710981369
1341847994.898727 -1.026425004 -0.489941657 0.951949596 0.006824039 0.616461575 0.340447605 0.709946513
1341847994.930711 -1.028214812 -0.491446257 0.955474913 0.003332755 0.617971361 0.340396851 0.708682060
1341847994.966673 -1.026617408 -0.493101925 0.959806204 0.001190913 0.620476425 0.341441274 0.705992579
1341847994.998679 -1.027989626 -0.494991124 0.962129831 0.002598990 0.622685611 0.342909455 0.703327179
1341847995.030768 -1.030159593 -0.495833129 0.964793563 0.002924401 0.624823391 0.345543236 0.700133622
1341847995.066673 -1.027622938 -0.498060465 0.968135715 0.002713320 0.627235353 0.347660929 0.696922004
1341847995.098711 -1.027776241 -0.499970615 0.971015573 0.004723501 0.630793095 0.348257214 0.693393588
1341847995.134939 -1.030302525 -0.501258969 0.974202394 0.005399869 0.634511411 0.349177510 0.689522445
1341847995.166644 -1.028810740 -0.502898693 0.977446616 0.006056348 0.636963665 0.349942237 0.686863244
1341847995.198787 -1.029844284 -0.504966736 0.980783045 0.008083439 0.639959633 0.349557668 0.684248388
1341847995.234663 -1.031774640 -0.507222414 0.983059764 0.007885726 0.641999602 0.350399882 0.681904852
1341847995.266776 -1.030290961 -0.508732498 0.987109780 0.008505233 0.643974185 0.351500690 0.679464698
1341847995.298812 -1.029669762 -0.511687815 0.988873124 0.010694740 0.645832658 0.352310508 0.677246690
1341847995.334686 -1.032740712 -0.512627721 0.991414964 0.011210489 0.647336602 0.352517635 0.675692976
1341847995.366701 -1.031341434 -0.514724851 0.993981600 0.009266359 0.648751378 0.353358209 0.673924208
1341847995.402793 -1.031645656 -0.516907692 0.998400509 0.009138489 0.650996029 0.352667332 0.672120869
1341847995.434743 -1.032336831 -0.517758667 1.001575828 0.008300215 0.651789069 0.352768511 0.671309590
1341847995.466776 -1.031023383 -0.519889832 1.005250692 0.007465553 0.653480351 0.353379577 0.669350863
1341847995.502702 -1.030183434 -0.521991014 1.008759499 0.008852438 0.654605448 0.353687525 0.668070734
1341847995.534752 -1.030545354 -0.524061322 1.012321115 0.011537584 0.654017925 0.355176598 0.667815149
1341847995.566681 -1.032060981 -0.525889635 1.016251206 0.014930584 0.653126121 0.359889567 0.666095257
1341847995.602698 -1.031789064 -0.526979446 1.020278454 0.016381433 0.651513040 0.364606440 0.665074885
1341847995.634814 -1.030985236 -0.528013349 1.022652388 0.015315269 0.650469482 0.367183894 0.664703667
1341847995.670769 -1.030726910 -0.528564394 1.025754213 0.013862345 0.651163042 0.369006932 0.663044810
1341847995.702780 -1.030277848 -0.529920340 1.028551936 0.012327112 0.651862383 0.372563094 0.660393953
1341847995.734774 -1.027520657 -0.532115459 1.032178044 0.011151472 0.652317524 0.374937713 0.658619165
1341847995.770704 -1.027845502 -0.532825828 1.034801006 0.011686311 0.652802229 0.375446200 0.657839537
1341847995.802752 -1.027412295 -0.533884764 1.036762834 0.011472851 0.653473735 0.377397358 0.656057715
1341847995.838779 -1.025449038 -0.534998000 1.039225221 0.011240235 0.654439807 0.377589732 0.654987156
1341847995.870641 -1.026358366 -0.535927296 1.041431904 0.012054735 0.655334890 0.377109706 0.654353976
1341847995.902803 -1.027125835 -0.536844015 1.043636918 0.009945149 0.656718791 0.377282470 0.652900815
1341847995.938733 -1.024852037 -0.537881732 1.045311451 0.009373706 0.658150315 0.378434390 0.650797725
1341847995.970733 -1.025747895 -0.539402127 1.046449423 0.010774745 0.660149992 0.378482699 0.648719251
1341847996.002709 -1.026536465 -0.539690852 1.048135281 0.009068234 0.662351847 0.377981663 0.646790326
1341847996.038762 -1.023722649 -0.541450143 1.049292445 0.008146413 0.664248586 0.379031986 0.644237697
1341847996.070721 -1.023839116 -0.542556643 1.050402522 0.010549525 0.666351795 0.378344983 0.642432094
1341847996.106729 -1.025409222 -0.543698549 1.051978350 0.010587064 0.668281853 0.377245277 0.641071916
1341847996.138845 -1.023894429 -0.544979572 1.052276134 0.010253804 0.670215487 0.377956241 0.638635397
1341847996.170714 -1.022984982 -0.545251191 1.053596258 0.012728754 0.673615277 0.377003372 0.635569811
1341847996.206643 -1.025846481 -0.546781063 1.054232836 0.012764710 0.675808787 0.375256866 0.634272695
1341847996.239003 -1.025785685 -0.547591805 1.055964589 0.011710525 0.677806497 0.375778824 0.631847680
1341847996.270754 -1.025412321 -0.548206568 1.058021069 0.012313817 0.679292321 0.377276301 0.629343212
1341847996.306636 -1.025480747 -0.548977017 1.059505582 0.013491179 0.680157661 0.378588051 0.627594411
1341847996.338944 -1.026691556 -0.550002098 1.060901642 0.013073560 0.681810737 0.378700703 0.625738740
1341847996.374711 -1.026278019 -0.550200701 1.062670469 0.012638894 0.683818996 0.379590005 0.623011470
1341847996.406705 -1.026255608 -0.551804841 1.064177036 0.014115144 0.685765445 0.381033391 0.619951665
1341847996.438632 -1.028307557 -0.552417517 1.065771461 0.015345613 0.687478483 0.381888449 0.617494226
1341847996.474783 -1.027536631 -0.553520143 1.068208456 0.015388834 0.688986540 0.383129776 0.615038514
1341847996.506707 -1.027009249 -0.554726779 1.069196701 0.018187376 0.690136552 0.383922130 0.613175809
1341847996.538771 -1.029561520 -0.556377411 1.072526217 0.019610245 0.692169189 0.383570790 0.611057043
1341847996.574796 -1.031195402 -0.556728959 1.075060964 0.018632986 0.692543149 0.384942949 0.609799683
1341847996.607104 -1.030365705 -0.558342993 1.077362537 0.018575992 0.693412840 0.386168092 0.608035982
1341847996.642752 -1.034074068 -0.558451474 1.081304789 0.018716237 0.694243610 0.386978805 0.606566548
1341847996.674774 -1.032978535 -0.558753550 1.084446192 0.015160482 0.694090664 0.389733851 0.605075061
1341847996.706896 -1.032755375 -0.560103893 1.086448908 0.012849180 0.696078479 0.390325248 0.602458179
1341847996.742663 -1.035822392 -0.561631858 1.088686824 0.008280705 0.698956609 0.390874535 0.598838925
1341847996.774747 -1.034257770 -0.561351538 1.092581987 0.004746388 0.701063871 0.392417789 0.595394909
1341847996.806787 -1.035582066 -0.562742412 1.095168591 0.005893901 0.702580392 0.394680589 0.592092156
1341847996.842763 -1.036898017 -0.563974321 1.099231243 0.005998989 0.704081893 0.396221995 0.589271367
1341847996.874766 -1.035510540 -0.565428257 1.102919698 0.006112141 0.704470575 0.398133844 0.587514460
1341847996.910785 -1.035990834 -0.567836642 1.107639194 0.008343732 0.705553174 0.398636341 0.585844815
1341847996.942686 -1.037822604 -0.569995224 1.111945987 0.010754343 0.705951035 0.399774611 0.584549189
1341847996.974782 -1.036897779 -0.572615743 1.115393400 0.012275887 0.706393361 0.399972528 0.583849072
1341847997.010744 -1.039007068 -0.574350476 1.119336247 0.014524390 0.707512498 0.398952872 0.583139539
1341847997.042675 -1.040574074 -0.576050878 1.124642730 0.015377896 0.708302975 0.398442239 0.582506776
1341847997.078725 -1.041249275 -0.580303431 1.128193021 0.016097164 0.708496869 0.398778021 0.582021534
1341847997.110693 -1.042618752 -0.582090974 1.132018328 0.016025880 0.708644986 0.398027986 0.582356572
1341847997.142993 -1.042208195 -0.584577918 1.136427999 0.014763951 0.709263206 0.397369623 0.582086861
1341847997.178794 -1.043082356 -0.586660683 1.141435981 0.014807650 0.709862769 0.395011455 0.582959294
1341847997.210888 -1.046458960 -0.589358687 1.145759225 0.014039238 0.710261822 0.393629283 0.583426952
1341847997.242959 -1.045493245 -0.590662718 1.149639368 0.012606950 0.710200489 0.393826038 0.583401620
1341847997.278756 -1.046100378 -0.591968656 1.154130816 0.012542070 0.710292518 0.394407302 0.582898021
1341847997.311412 -1.045773864 -0.593736053 1.158007026 0.011317991 0.710743666 0.394576490 0.582258284
1341847997.346642 -1.044563055 -0.596621394 1.159996986 0.010205315 0.711933017 0.394918710 0.580591440
1341847997.378668 -1.045120239 -0.599079013 1.163318872 0.010534052 0.714252830 0.394299537 0.578152061
1341847997.410817 -1.044052601 -0.600802541 1.165446758 0.010155125 0.715677202 0.394497514 0.576259196
1341847997.446693 -1.040786147 -0.602674007 1.167113900 0.011049710 0.717714250 0.393214732 0.574583590
1341847997.478752 -1.042622566 -0.606586754 1.170293927 0.011879712 0.720977128 0.392056733 0.571263909
1341847997.510941 -1.041911125 -0.607376337 1.173495054 0.011299256 0.723245203 0.391816884 0.568566799
1341847997.546599 -1.039942622 -0.610230982 1.176318049 0.011177537 0.724962056 0.391566604 0.566551507
1341847997.578740 -1.038251519 -0.612727880 1.179816723 0.010323959 0.727485597 0.390103132 0.564338267
1341847997.614736 -1.036523104 -0.615534782 1.183668017 0.008640425 0.730534256 0.388846487 0.561287344
1341847997.646995 -1.033120513 -0.618071258 1.187343001 0.008150243 0.732946515 0.387845159 0.558837235
1341847997.678842 -1.032059073 -0.620974541 1.190799356 0.010517031 0.734032273 0.386592835 0.558239996
1341847997.714639 -1.030286551 -0.624197245 1.194063902 0.011605104 0.735185206 0.385823011 0.557232976
1341847997.746602 -1.027573586 -0.625728250 1.198474288 0.012136502 0.737940013 0.384082019 0.554777622
1341847997.778734 -1.025651336 -0.628415704 1.202596664 0.013762786 0.740474582 0.381902128 0.552864075
1341847997.814628 -1.023626924 -0.631725192 1.207138538 0.014528581 0.741901219 0.381279230 0.551359892
1341847997.846906 -1.021413565 -0.634753168 1.211222172 0.016403912 0.742795408 0.382055968 0.549562752
1341847997.882641 -1.021023750 -0.637299299 1.215363741 0.018232711 0.743677676 0.384263128 0.546765983
1341847997.915169 -1.017563343 -0.640149057 1.219663858 0.019547084 0.744135380 0.386702269 0.544372976
1341847997.946999 -1.015949011 -0.641822815 1.223726273 0.022112953 0.744501650 0.388611615 0.542410672
1341847997.982715 -1.012101173 -0.644565582 1.226699948 0.022803269 0.744104743 0.390958428 0.541239083
1341847998.014866 -1.010670185 -0.646786213 1.230620861 0.024380857 0.744702518 0.391275942 0.540117502
1341847998.050805 -1.008927107 -0.650374174 1.235034466 0.025573729 0.745344341 0.392198354 0.538505495
1341847998.082631 -1.007322669 -0.653645277 1.240602493 0.026766008 0.744981468 0.393015444 0.538353980
1341847998.122275 -1.005523205 -0.656830907 1.244751096 0.028193371 0.742853880 0.395673335 0.539273500
1341847998.154051 -1.004274011 -0.656831145 1.247775435 0.028439809 0.741936862 0.396591783 0.539847970
1341847998.185663 -1.001525164 -0.659410000 1.250240088 0.026025284 0.740992606 0.396732986 0.541161299
1341847998.253760 -0.998209715 -0.664962590 1.258111596 0.022842180 0.740973592 0.396111190 0.541786253
1341847998.283062 -0.994237542 -0.667173207 1.262113929 0.021558773 0.740701079 0.394806862 0.543161690
1341847998.318804 -0.993997455 -0.670096159 1.265701413 0.022038363 0.740204871 0.394099206 0.544331729
1341847998.351206 -0.993214905 -0.672776639 1.269884944 0.020751933 0.739226460 0.394639254 0.545319498
1341847998.382723 -0.989643633 -0.674586773 1.274397135 0.019486703 0.737943292 0.394376278 0.547290862
1341847998.419237 -0.989724994 -0.676204681 1.277928710 0.017593056 0.737477601 0.392732024 0.549161911
1341847998.450786 -0.988781869 -0.679967046 1.283197522 0.013755945 0.737318993 0.392099470 0.549935818
1341847998.484037 -0.987084031 -0.683094025 1.287506223 0.011847291 0.735699534 0.392522782 0.551843882
1341847998.518722 -0.986592412 -0.684692264 1.292548299 0.009728201 0.734998524 0.391655922 0.553433180
1341847998.550746 -0.984108329 -0.685903311 1.296933651 0.006771066 0.734669149 0.390810668 0.554511011
1341847998.586740 -0.982285023 -0.688595355 1.301865101 0.005034893 0.734664261 0.390457302 0.554784834
1341847998.618771 -0.981016517 -0.690521479 1.306995749 0.003868408 0.734333873 0.389983565 0.555564344
1341847998.650736 -0.981923938 -0.692659736 1.311975121 0.001435016 0.734324098 0.390020341 0.555562913
1341847998.686862 -0.978895366 -0.694879532 1.316019535 -0.001249033 0.734611690 0.391123325 0.554406464
1341847998.718741 -0.977001071 -0.697550535 1.320830464 -0.000083915 0.734881222 0.391650110 0.553678393
1341847998.750838 -0.978433728 -0.699663877 1.326748252 0.000695834 0.734791160 0.391846359 0.553658605
1341847998.786762 -0.976519406 -0.701361775 1.331662178 0.000024386 0.734550118 0.393227041 0.552999675
1341847998.818756 -0.975788236 -0.703859687 1.335848808 0.000515905 0.735931754 0.393636018 0.550867319
1341847998.854711 -0.975175560 -0.705025673 1.342864513 -0.001580104 0.737916887 0.392278761 0.549175322
1341847998.886699 -0.974231720 -0.708359241 1.347342849 -0.002110885 0.737742305 0.393823028 0.548302174
1341847998.918666 -0.974520028 -0.709964037 1.353703618 -0.000660149 0.737026751 0.396502584 0.547336161
1341847998.954799 -0.974205196 -0.711486101 1.359637022 -0.000930946 0.736090958 0.399567962 0.546364844
1341847998.986722 -0.972096145 -0.713289976 1.363821626 -0.002261819 0.734850585 0.401522785 0.546597481
1341847999.018809 -0.971599042 -0.715159893 1.368719101 -0.002079623 0.734671712 0.402899206 0.545825422
1341847999.054894 -0.971003175 -0.716784358 1.373669505 -0.002748397 0.735145450 0.404148847 0.544258416
1341847999.086763 -0.970167696 -0.717674553 1.378710985 -0.004602816 0.733965814 0.405948877 0.544498444
1341847999.122718 -0.968204439 -0.719194710 1.380907297 -0.005477305 0.732942462 0.408165276 0.544211686
1341847999.154891 -0.967900932 -0.719955087 1.384356737 -0.005851077 0.734091938 0.408871919 0.542124152
1341847999.186738 -0.966161609 -0.721894383 1.388961315 -0.006291198 0.736483693 0.409618139 0.538298488
1341847999.222717 -0.963730454 -0.722547293 1.391502857 -0.006605911 0.738977075 0.408074498 0.536045313
1341847999.254873 -0.961620212 -0.723695576 1.393478155 -0.005018867 0.742286205 0.407198727 0.532142043
1341847999.290995 -0.961255014 -0.726561904 1.399942517 -0.002157337 0.747149110 0.406197071 0.526086926
1341847999.322701 -0.957834184 -0.729713202 1.401945353 0.002404000 0.747809410 0.409150988 0.522848606
1341847999.354861 -0.956146896 -0.729883075 1.402784348 0.007719250 0.747916460 0.410979956 0.521207154
1341847999.390790 -0.955150723 -0.729989529 1.405958652 0.010378789 0.750223517 0.410909861 0.517890096
1341847999.423935 -0.953016877 -0.731562972 1.408565283 0.010386528 0.753063202 0.410562664 0.514029562
1341847999.454933 -0.950253963 -0.733461261 1.410246134 0.011938091 0.756157815 0.410380632 0.509578884
1341847999.490878 -0.949175179 -0.733434558 1.411484718 0.014218933 0.759493291 0.409961015 0.504876018
1341847999.522673 -0.946886659 -0.736324906 1.416149855 0.016775375 0.764310777 0.412871987 0.495060027
1341847999.558926 -0.942989528 -0.737291932 1.416166544 0.020913506 0.765396595 0.416371852 0.490270525
1341847999.590686 -0.942779362 -0.739257693 1.418808222 0.022955371 0.767219543 0.417237371 0.486580104
1341847999.622896 -0.940013170 -0.738386393 1.422114611 0.022266347 0.770471931 0.417242467 0.481441528
1341847999.658843 -0.935062408 -0.740588427 1.424024224 0.023363529 0.773137391 0.418837577 0.475697160
1341847999.691111 -0.933365703 -0.742088199 1.426999092 0.025366534 0.775707066 0.418752432 0.471467376
1341847999.722697 -0.929656386 -0.742180943 1.429539800 0.024712455 0.777487457 0.419712007 0.467701107
1341847999.758778 -0.923842847 -0.742367387 1.429392099 0.025709637 0.779230475 0.420749933 0.463797778
1341847999.791003 -0.920437098 -0.742779315 1.431130767 0.028226435 0.781960249 0.420391738 0.459360659
1341847999.826747 -0.917711377 -0.743050456 1.434274673 0.028683418 0.784035742 0.420788735 0.455414176
1341847999.858757 -0.914042950 -0.744414210 1.435622454 0.030208949 0.785782397 0.424648851 0.448672235
1341847999.897730 -0.911082149 -0.745374560 1.436625481 0.032926816 0.786606371 0.429826289 0.442058295
1341847999.927117 -0.907995999 -0.744819164 1.437604427 0.034179308 0.786900759 0.434251130 0.437086850
1341847999.958786 -0.904630244 -0.744827986 1.439593315 0.033717107 0.788007200 0.438209563 0.431138307
1341847999.990848 -0.900770545 -0.744827032 1.440646648 0.034340888 0.788235664 0.443405122 0.425320119
1341848000.026656 -0.896476269 -0.743521690 1.441217184 0.035411313 0.788685322 0.446375430 0.421272486
1341848000.058724 -0.894225597 -0.743922114 1.443472028 0.033649784 0.789551914 0.448926002 0.417062253
1341848000.094780 -0.889741898 -0.743149042 1.443543911 0.031837985 0.789691031 0.453515977 0.411943793
1341848000.126737 -0.887129605 -0.741685867 1.443856239 0.030084614 0.790757596 0.455761880 0.407527328
1341848000.158633 -0.884596884 -0.741527081 1.444827318 0.026532339 0.791671932 0.458776027 0.402586877
1341848000.194808 -0.881166697 -0.740708172 1.444583178 0.025303401 0.791861117 0.461563528 0.399092644
1341848000.227063 -0.878056526 -0.740652800 1.444439769 0.025454134 0.791896522 0.465127200 0.394852728
1341848000.266975 -0.874034524 -0.740622997 1.445129395 0.023738664 0.792121947 0.468051106 0.391033918
1341848000.295643 -0.870650232 -0.739948571 1.444771290 0.022842385 0.792825997 0.469904333 0.387421012
1341848000.327132 -0.868101358 -0.739561677 1.448290110 0.021946471 0.793917894 0.471151859 0.383703738
1341848000.362696 -0.865258336 -0.738959730 1.448604107 0.021231286 0.793074846 0.473922580 0.382071853
1341848000.394654 -0.861657977 -0.736918330 1.448023558 0.021596853 0.793344796 0.475244850 0.379842043
1341848000.426772 -0.858580828 -0.737324715 1.449789524 0.021473415 0.794144750 0.476583660 0.376485080
1341848000.462696 -0.855451584 -0.735390902 1.449541807 0.020400317 0.794093132 0.477875441 0.375013262
1341848000.494711 -0.851120949 -0.734847128 1.449450374 0.018978482 0.795504570 0.478008777 0.371913761
1341848000.530849 -0.848072886 -0.734472752 1.448951840 0.019953042 0.796392679 0.478479028 0.369348615
1341848000.562770 -0.844134808 -0.734762311 1.450413942 0.020405274 0.797462106 0.478297889 0.367244989
1341848000.594838 -0.839831591 -0.733976364 1.449539900 0.020814365 0.799030483 0.478129357 0.364018410
1341848000.630641 -0.836699724 -0.733576417 1.450107694 0.021133965 0.801115394 0.476732463 0.361239135
1341848000.662663 -0.831758618 -0.734243214 1.448662281 0.022102464 0.802691340 0.476956457 0.357366204
1341848000.695377 -0.828273654 -0.735148132 1.449340105 0.022421163 0.805100799 0.476301014 0.352770925
1341848000.730805 -0.824823856 -0.734494269 1.450166106 0.023336044 0.807140350 0.475365669 0.349295527
1341848000.762655 -0.820302606 -0.735189557 1.449539423 0.025526809 0.808435619 0.476165086 0.345031887
1341848000.798741 -0.816327095 -0.736100376 1.449301362 0.028347231 0.809762478 0.476595402 0.341083556
1341848000.830729 -0.811876059 -0.736553669 1.450433254 0.030598482 0.811099470 0.476404160 0.337965161
1341848000.862750 -0.807282090 -0.737405121 1.450479507 0.032235570 0.813299417 0.475682735 0.333512992
1341848000.898723 -0.803937674 -0.738832235 1.451811075 0.033693161 0.814855814 0.476057410 0.329004705
1341848000.930722 -0.798763752 -0.739577770 1.452425361 0.035251629 0.815130472 0.477204531 0.326489747
1341848000.963197 -0.795679510 -0.740054607 1.452958703 0.036282875 0.815720797 0.477352679 0.324680716
1341848000.998783 -0.791021645 -0.740247965 1.453098297 0.036220487 0.816675723 0.476975203 0.322836637
1341848001.030740 -0.786726296 -0.739843011 1.453322649 0.037793208 0.817400336 0.477290720 0.320346624
1341848001.067042 -0.782685041 -0.741303921 1.454134226 0.039606314 0.817544699 0.478551656 0.317868382
1341848001.098800 -0.778136015 -0.741072476 1.454963207 0.041257232 0.817938030 0.479256660 0.315576166
1341848001.130714 -0.773443401 -0.740603924 1.455580711 0.043080535 0.818976641 0.479482651 0.312278301
1341848001.205951 -0.764511228 -0.741074324 1.456879377 0.041167911 0.821264327 0.479154259 0.306987405
1341848001.233611 -0.760246873 -0.739448905 1.458263874 0.037753187 0.823420644 0.477680683 0.303931415
1341848001.266775 -0.756079972 -0.738526583 1.459170818 0.033527512 0.825385094 0.476064414 0.301625669
1341848001.299150 -0.751949191 -0.739054322 1.459984660 0.032188699 0.827082574 0.476021826 0.297155797
1341848001.334803 -0.747684956 -0.737793744 1.460305929 0.030941572 0.829079270 0.476009250 0.291693926
1341848001.366701 -0.744264185 -0.735845685 1.459540963 0.028152203 0.830853999 0.475522459 0.287693381
1341848001.399276 -0.739664555 -0.734947741 1.459133863 0.025317689 0.832535326 0.475832433 0.282537550
1341848001.434718 -0.736097217 -0.733571053 1.458211422 0.025674492 0.834291756 0.476286858 0.276493847
1341848001.466720 -0.732177198 -0.732658744 1.458709836 0.023617219 0.836396337 0.476419568 0.270014226
1341848001.502686 -0.729258418 -0.731051207 1.457594037 0.020335941 0.837572336 0.477706879 0.264301270
1341848001.534905 -0.725087106 -0.729720116 1.455506802 0.019335814 0.839296341 0.478009939 0.258291006
1341848001.567011 -0.722458839 -0.728254080 1.453818560 0.018699294 0.842539847 0.476141900 0.251129091
1341848001.602899 -0.718499601 -0.727528572 1.453994274 0.015291793 0.845053732 0.476547956 0.241975904
1341848001.634657 -0.715188503 -0.724606633 1.452994466 0.016123634 0.846846938 0.476613730 0.235434905
1341848001.666646 -0.711398065 -0.724671841 1.450560570 0.016907098 0.848392665 0.476429105 0.230129004
1341848001.702767 -0.709225178 -0.724496722 1.450104594 0.016437614 0.849817872 0.475976259 0.225800902
1341848001.734859 -0.705287695 -0.722462952 1.448497295 0.015297123 0.850852191 0.476476699 0.220876724
1341848001.770725 -0.700845242 -0.721053839 1.446639180 0.017426712 0.853156447 0.474746108 0.215491310
1341848001.802763 -0.698509037 -0.721368015 1.445355892 0.017928902 0.854318500 0.474695146 0.210910067
1341848001.834761 -0.695339143 -0.721005917 1.443730354 0.016750850 0.854233801 0.477599144 0.204702377
1341848001.870724 -0.689545393 -0.719757080 1.441330791 0.017668417 0.855115652 0.478506595 0.198737204
1341848001.902749 -0.686663568 -0.720359743 1.440505505 0.015781673 0.856327057 0.477929890 0.195033073
1341848001.934732 -0.683980346 -0.718529940 1.440733075 0.016227201 0.856670499 0.479475707 0.189619035
1341848001.970708 -0.679516971 -0.716395020 1.438337088 0.020598281 0.856990099 0.480256289 0.185735166
1341848002.002731 -0.675971210 -0.716830373 1.436784744 0.022417331 0.857518554 0.480924457 0.181303799
1341848002.038858 -0.672490656 -0.717165887 1.435604572 0.023589386 0.857204556 0.483138561 0.176694870
1341848002.070767 -0.668523431 -0.716118217 1.432727814 0.024890458 0.857852817 0.483671248 0.171846315
1341848002.102720 -0.664896846 -0.714981616 1.432227135 0.027176699 0.858827412 0.483005196 0.168472201
1341848002.138653 -0.661372721 -0.714547396 1.430102468 0.026787052 0.858800948 0.483777642 0.166440904
1341848002.171849 -0.657814384 -0.714028120 1.428201437 0.026706930 0.858786345 0.485670507 0.160925269
1341848002.202698 -0.654312015 -0.713200688 1.427627206 0.028564887 0.859317303 0.486113161 0.156370893
1341848002.238731 -0.650419831 -0.712144017 1.426366329 0.027615499 0.859741449 0.486276835 0.153677627
1341848002.270763 -0.647315443 -0.711072206 1.425504684 0.024796318 0.860155523 0.486877739 0.149892002
1341848002.306708 -0.643848777 -0.709553897 1.424973249 0.022679118 0.860200763 0.487963855 0.146395251
1341848002.338850 -0.640362859 -0.708099246 1.424417615 0.022152103 0.860128880 0.489620060 0.141279012
1341848002.370786 -0.638654828 -0.707729936 1.423908710 0.021043284 0.859577119 0.492068321 0.136209801
1341848002.406793 -0.634405494 -0.704655230 1.422243595 0.021047827 0.859192193 0.493567109 0.133181334
1341848002.438766 -0.631377578 -0.704157531 1.420262337 0.019753834 0.859572709 0.493629396 0.130669698
1341848002.474697 -0.629552484 -0.702626586 1.421773911 0.019353602 0.859606862 0.494512439 0.127117813
1341848002.506756 -0.625594199 -0.700150490 1.419625759 0.018459359 0.858769357 0.496515989 0.125085622
1341848002.538812 -0.622714996 -0.699845433 1.418740034 0.016758382 0.858603358 0.497785389 0.121363826
1341848002.574707 -0.620153785 -0.697117209 1.419088602 0.016011473 0.857839942 0.499944150 0.117941342
1341848002.606780 -0.616668940 -0.694369674 1.418352485 0.015117471 0.857275128 0.501361668 0.116134606
1341848002.639359 -0.613990068 -0.693822980 1.417072773 0.011221646 0.856945813 0.502178907 0.115473956
1341848002.674651 -0.612166762 -0.692793965 1.419505358 0.009830127 0.856320560 0.503703177 0.113584980
1341848002.713789 -0.607553720 -0.688799918 1.417988062 0.009947171 0.855034173 0.506080270 0.112696297
1341848002.742817 -0.605248749 -0.689253926 1.418322802 0.007587365 0.854587257 0.506931365 0.112444229
1341848002.774760 -0.602520883 -0.686758757 1.419112444 0.006482014 0.853197753 0.509598732 0.110998519
1341848002.806780 -0.597537041 -0.683552742 1.417526484 0.007907858 0.852543116 0.511307418 0.108038746
1341848002.842833 -0.593815327 -0.681306124 1.417794466 0.010619233 0.853815019 0.509125829 0.108064994
1341848002.875238 -0.590308607 -0.681344628 1.417719841 0.011050571 0.853960097 0.508554041 0.109557308
1341848002.906656 -0.586079001 -0.681370139 1.417464256 0.010732309 0.854048550 0.508472443 0.109277897
1341848002.943323 -0.580239415 -0.680645943 1.418445110 0.010190068 0.854874432 0.506217301 0.113269195
1341848002.974597 -0.578217328 -0.678600967 1.417546511 0.011977449 0.854660451 0.505229533 0.118975498
1341848003.010885 -0.574925184 -0.677269340 1.416212916 0.011301084 0.854784429 0.504655480 0.120576531
1341848003.042638 -0.570198774 -0.677150965 1.416091204 0.011435848 0.856363356 0.501845837 0.121085830
1341848003.074988 -0.567012072 -0.677632093 1.417485237 0.010052918 0.856875896 0.500324905 0.123845287
1341848003.110641 -0.563616335 -0.675619245 1.416487694 0.010324541 0.856233299 0.501014948 0.125466898
1341848003.142626 -0.559668303 -0.675483286 1.415319562 0.006798503 0.856569767 0.500387132 0.125915542
1341848003.175700 -0.556051672 -0.675451458 1.416193485 0.002150459 0.857129276 0.499017924 0.127694339
1341848003.210749 -0.552801967 -0.672872841 1.414291382 -0.000801958 0.857358217 0.498596460 0.127819642
1341848003.242926 -0.549506068 -0.673404336 1.416240096 -0.002497803 0.858420372 0.497247249 0.125910357
1341848003.278886 -0.545477033 -0.671590626 1.415483952 -0.004410665 0.858175278 0.497033566 0.128348634
1341848003.310739 -0.542408943 -0.671345949 1.415107012 -0.007996358 0.858251572 0.496565044 0.129474014
1341848003.342708 -0.538433135 -0.670512438 1.415436149 -0.010117203 0.858705282 0.495405048 0.130754575
1341848003.378999 -0.534522295 -0.668872952 1.414735198 -0.013251183 0.859630406 0.492794514 0.134214431
1341848003.410779 -0.530257821 -0.668651044 1.415990949 -0.016866118 0.860032976 0.490846068 0.138307586
1341848003.442728 -0.525838494 -0.666993618 1.416635275 -0.016863143 0.859861314 0.489896268 0.142673671
1341848003.478703 -0.522496462 -0.668645918 1.417477608 -0.017294534 0.859168768 0.489437908 0.148258016
1341848003.510700 -0.517615914 -0.665520549 1.416984558 -0.019603068 0.857863724 0.488416612 0.158539414
1341848003.546854 -0.514375091 -0.663102865 1.416238427 -0.019534897 0.857342303 0.487999290 0.162601650
1341848003.578749 -0.511413097 -0.663015306 1.416514635 -0.017406538 0.857096732 0.487084001 0.166827515
1341848003.617886 -0.508029580 -0.662048578 1.415818334 -0.017206771 0.856253147 0.485677421 0.175076723
1341848003.649972 -0.504160047 -0.661432028 1.415514827 -0.017959455 0.855457187 0.485076070 0.180476248
1341848003.685816 -0.500682712 -0.660903990 1.414071441 -0.018220736 0.855027199 0.484125733 0.184983298
1341848003.717853 -0.496383786 -0.660262525 1.413573265 -0.022555351 0.855176210 0.481545806 0.190469369
1341848003.753761 -0.493112028 -0.658994317 1.413337231 -0.026192462 0.854320824 0.480687737 0.195931584
1341848003.785807 -0.489756107 -0.657882452 1.412191868 -0.024027918 0.853404939 0.480713069 0.200094029
1341848003.817941 -0.486588478 -0.657582045 1.411569953 -0.024304086 0.852257371 0.480564982 0.205241263
1341848003.853971 -0.484459400 -0.655650556 1.409751773 -0.025023416 0.851008713 0.480822921 0.209683761
1341848003.885751 -0.481018245 -0.653326511 1.407913923 -0.027945383 0.850901186 0.479715258 0.212272197
1341848003.921688 -0.479175061 -0.651378274 1.406366587 -0.027470790 0.849967062 0.478426427 0.218882442
1341848003.953824 -0.474518538 -0.650038242 1.405666113 -0.028949646 0.848934114 0.479082763 0.221252069
1341848003.985789 -0.471067965 -0.649475694 1.401715994 -0.029008618 0.846529305 0.482798904 0.222377747
1341848004.021643 -0.467183650 -0.647441626 1.401208878 -0.028467914 0.847286403 0.479580015 0.226491317
1341848004.053778 -0.463365108 -0.645587325 1.399417162 -0.029069683 0.846620739 0.480020881 0.227965534
1341848004.089723 -0.461475074 -0.642730117 1.396799088 -0.027293291 0.845445871 0.480641514 0.231214553
1341848004.121698 -0.459589958 -0.639880300 1.394186735 -0.026132688 0.844634593 0.478736252 0.238161877
1341848004.153695 -0.454869628 -0.640107393 1.392247677 -0.026687145 0.843038380 0.480843961 0.239506170
1341848004.189785 -0.451489747 -0.638363957 1.390064955 -0.024146404 0.841370463 0.482076973 0.243134692
1341848004.221773 -0.448116779 -0.636155248 1.389561534 -0.025557045 0.840564191 0.481296301 0.247290418
1341848004.257760 -0.444421321 -0.633943081 1.387452006 -0.028244257 0.839186132 0.481215537 0.251794636
1341848004.289843 -0.440608948 -0.632662416 1.386302948 -0.029298887 0.837947786 0.481351465 0.255510986
1341848004.321820 -0.437618554 -0.631701410 1.385120392 -0.030253384 0.835393071 0.481871128 0.262684882
1341848004.357934 -0.435237795 -0.628903806 1.382311821 -0.030363504 0.832244277 0.482884437 0.270684540
1341848004.389781 -0.431522191 -0.626451910 1.382376194 -0.033250760 0.831022143 0.481987268 0.275653511
1341848004.421857 -0.427527428 -0.625243306 1.381109357 -0.036196567 0.828586221 0.482809246 0.281122535
1341848004.457752 -0.425033301 -0.622720242 1.381255507 -0.038681332 0.827033997 0.481122971 0.288165241
1341848004.489793 -0.421455681 -0.621592462 1.379857183 -0.041107181 0.823974609 0.483343720 0.292839378
1341848004.525726 -0.418403715 -0.619965196 1.379525661 -0.042490836 0.821492910 0.484497368 0.297668010
1341848004.557784 -0.415353954 -0.618211389 1.380902767 -0.043857802 0.819734395 0.484242171 0.302690476
1341848004.589761 -0.412197262 -0.616342306 1.379269123 -0.045676764 0.815828979 0.488791138 0.305646807
1341848004.625757 -0.411521584 -0.613274157 1.379309893 -0.045094110 0.814193845 0.487517029 0.312060982
1341848004.657882 -0.408287078 -0.611930668 1.382977247 -0.050116248 0.814493001 0.484984100 0.314451844
1341848004.689871 -0.404717863 -0.612279177 1.379655242 -0.051585883 0.808886647 0.493251204 0.315823555
1341848004.725815 -0.403702080 -0.609285831 1.379603386 -0.050643299 0.807044089 0.492501944 0.321802735
1341848004.757723 -0.401676804 -0.607531607 1.381069422 -0.053661786 0.806308329 0.490913719 0.325562656
1341848004.789709 -0.399608284 -0.606422067 1.380614877 -0.055694386 0.803584337 0.493180126 0.328517407
1341848004.825782 -0.398153752 -0.604569793 1.378462195 -0.052629516 0.800409257 0.495669574 0.332996815
1341848004.857706 -0.396217942 -0.604534566 1.380779862 -0.055095829 0.800079107 0.494782656 0.334705859
1341848004.889791 -0.395019293 -0.602120996 1.380025387 -0.055065803 0.797960103 0.495412588 0.338812381
1341848004.925788 -0.392807096 -0.602651238 1.380257368 -0.056894887 0.796184480 0.496626616 0.340903670
1341848004.957758 -0.391126990 -0.603209138 1.380039334 -0.056939129 0.793929338 0.498208642 0.343834698
1341848004.993849 -0.390360862 -0.601757407 1.380366564 -0.056900244 0.792128086 0.498128802 0.348085016
1341848005.025661 -0.389234543 -0.600603342 1.381535411 -0.057913508 0.791679502 0.496982872 0.350567579
1341848005.057739 -0.388094425 -0.600338101 1.381039381 -0.058507536 0.790256441 0.496494532 0.354351252
1341848005.093879 -0.387886673 -0.600412428 1.381470919 -0.058626544 0.789158106 0.496083051 0.357343078
1341848005.125700 -0.385663122 -0.601414621 1.382258654 -0.059788272 0.787403941 0.497924417 0.358457327
1341848005.157668 -0.384577304 -0.601023912 1.382427692 -0.056645952 0.785831332 0.497553915 0.362905562
1341848005.193749 -0.383332491 -0.599561810 1.383239269 -0.057033665 0.785003364 0.495914280 0.366859525
1341848005.225713 -0.383042961 -0.599592447 1.383611917 -0.058082391 0.783974826 0.494835675 0.370334387
1341848005.257748 -0.380055368 -0.599063933 1.384430647 -0.059366368 0.783367991 0.493775725 0.372821331
1341848005.293718 -0.379833639 -0.597564697 1.385732055 -0.058964454 0.782495141 0.490836501 0.378555328
1341848005.325870 -0.379502118 -0.597884417 1.386099100 -0.059513569 0.780788422 0.491541058 0.381070852
1341848005.357655 -0.375990748 -0.599336624 1.384926438 -0.059478067 0.777926385 0.494298428 0.383356273
1341848005.393694 -0.375341803 -0.599918425 1.386142731 -0.057793055 0.776500523 0.492744237 0.388471365
1341848005.425692 -0.374324411 -0.597562194 1.389070868 -0.059001032 0.776672840 0.489915788 0.391510814
1341848005.461850 -0.371630788 -0.598357439 1.388074398 -0.059349835 0.774171829 0.492121786 0.393639117
1341848005.493689 -0.370815963 -0.598064542 1.390642881 -0.059084177 0.773733497 0.489726931 0.397508591
1341848005.525844 -0.369875789 -0.598527551 1.389565468 -0.059517998 0.770300388 0.492157787 0.401093125
1341848005.561789 -0.367273301 -0.599214196 1.388642550 -0.059659112 0.767934620 0.493636906 0.403781950
1341848005.593673 -0.366317153 -0.599658847 1.390494943 -0.060490098 0.767551959 0.491519541 0.406956375
1341848005.629831 -0.364439636 -0.597124159 1.392425656 -0.062537469 0.767517209 0.487824678 0.411136866
1341848005.661802 -0.363417327 -0.597108901 1.392554045 -0.062262453 0.766052246 0.487206906 0.414628536
1341848005.693760 -0.361543000 -0.598132491 1.392385483 -0.060932789 0.764269650 0.487260580 0.418038607
1341848005.729741 -0.360113293 -0.598991990 1.392830491 -0.061359167 0.763221800 0.485409349 0.422025323
1341848005.761746 -0.359787941 -0.601934075 1.390366554 -0.059849378 0.760062456 0.486878514 0.426230550
1341848005.797852 -0.355058491 -0.604851127 1.393314481 -0.061486419 0.760714293 0.485807061 0.426057279
1341848005.829917 -0.355374575 -0.605376720 1.394041657 -0.058897685 0.758984268 0.484847605 0.430577278
1341848005.861699 -0.354153782 -0.606858373 1.393478632 -0.058349352 0.756759882 0.485916525 0.433353186
1341848005.897793 -0.351185560 -0.608275652 1.394526839 -0.059269659 0.756283522 0.484139949 0.436039954
1341848005.929656 -0.350835204 -0.601041496 1.399886847 -0.058616392 0.759121716 0.475061268 0.441152036
1341848005.965681 -0.349635303 -0.601656556 1.400496244 -0.059708152 0.757666290 0.474139303 0.444487065
1341848005.997804 -0.346813351 -0.605307102 1.400226831 -0.059948873 0.756150723 0.475366175 0.445723236
1341848006.029768 -0.345106751 -0.605974078 1.402473330 -0.058925699 0.756228566 0.470915705 0.450427055
1341848006.065849 -0.346118629 -0.606181741 1.402332067 -0.056627832 0.754447579 0.468921483 0.455757409
1341848006.097854 -0.342958003 -0.608936310 1.400421977 -0.056620952 0.752785623 0.469686091 0.457714885
1341848006.133683 -0.341126591 -0.609014511 1.402056456 -0.053551018 0.754313827 0.464506537 0.460843414
1341848006.165815 -0.340369552 -0.610325217 1.403965235 -0.050261602 0.754609883 0.462044656 0.463197976
1341848006.197589 -0.339291543 -0.605517745 1.404653788 -0.045434434 0.754609466 0.458530575 0.467172295
1341848006.233778 -0.337142974 -0.606975913 1.403862834 -0.042936798 0.752867579 0.456938088 0.471756727
1341848006.265787 -0.336868256 -0.606111765 1.405624270 -0.040545382 0.753304780 0.452286899 0.475735754
1341848006.301762 -0.334906757 -0.606012940 1.407908916 -0.039143227 0.753289819 0.449949026 0.478088021
1341848006.333717 -0.332934916 -0.607603431 1.409506798 -0.037255101 0.751771510 0.448881209 0.481619507
1341848006.366035 -0.333367318 -0.607265294 1.410394192 -0.036598857 0.750376463 0.446301728 0.486220539
1341848006.401760 -0.330516338 -0.608182907 1.411131024 -0.038721539 0.749756455 0.446759760 0.486591816
1341848006.433710 -0.327983171 -0.609797955 1.414780378 -0.039271910 0.750497878 0.444522053 0.487453401
1341848006.469715 -0.328394383 -0.610010266 1.415022254 -0.036995105 0.748188674 0.445232332 0.490523458
1341848006.501659 -0.325621665 -0.613006890 1.415045500 -0.037904903 0.746152997 0.448505253 0.490573078
1341848006.533741 -0.323929518 -0.614887297 1.415076613 -0.037551705 0.744750202 0.448500097 0.492731839
1341848006.569740 -0.323216259 -0.615994334 1.417327166 -0.037324566 0.744936407 0.447381765 0.493483692
1341848006.601774 -0.321872652 -0.611656070 1.417716026 -0.035179310 0.744493663 0.446198225 0.495377362
1341848006.637780 -0.319210619 -0.613486350 1.418259501 -0.033339437 0.744102776 0.446420074 0.495891809
1341848006.670119 -0.319321871 -0.613817811 1.421180844 -0.033893209 0.744670331 0.443875611 0.497284383
1341848006.701798 -0.315876752 -0.615558743 1.421901226 -0.035102986 0.744270265 0.445775419 0.496098608
1341848006.737817 -0.314554691 -0.617196560 1.423581481 -0.032935798 0.744902492 0.445039630 0.495958924
1341848006.769742 -0.312879741 -0.618942499 1.424691558 -0.030664887 0.744442463 0.446181267 0.495769441
1341848006.801940 -0.310627460 -0.622002184 1.427245736 -0.030443115 0.745286047 0.446375012 0.494339257
1341848006.837619 -0.310106665 -0.621265292 1.428036451 -0.028595760 0.745733440 0.445662409 0.494417816
1341848006.870724 -0.307942420 -0.623017669 1.429896235 -0.027022775 0.746965289 0.445113748 0.493139297
1341848006.901756 -0.307229042 -0.624384642 1.432183623 -0.025915004 0.748439193 0.443666577 0.492267340
1341848006.937738 -0.304931790 -0.628249645 1.432825804 -0.025025718 0.749432802 0.445004642 0.489586651
1341848006.969708 -0.303945869 -0.630898595 1.435465813 -0.023598643 0.752091289 0.444526017 0.486002535
1341848007.005802 -0.301800638 -0.632278085 1.437941432 -0.020875862 0.754056871 0.445490360 0.482183337
1341848007.037835 -0.300783694 -0.634409845 1.440896392 -0.018297454 0.756049216 0.446464032 0.478251725
1341848007.069678 -0.300517678 -0.635458350 1.442667961 -0.017940283 0.757537246 0.447516531 0.474915206
1341848007.105687 -0.298658788 -0.637383819 1.443707347 -0.017593943 0.758991897 0.450195432 0.470048726
1341848007.137866 -0.297317833 -0.640292883 1.445894003 -0.016955540 0.760800719 0.451290220 0.466081411
1341848007.169651 -0.297188073 -0.642949462 1.450178742 -0.017033819 0.763028622 0.451719582 0.462002754
1341848007.205747 -0.295884013 -0.646221101 1.452048540 -0.016757114 0.763838768 0.455058455 0.457374483
1341848007.237921 -0.294206619 -0.647998571 1.454927087 -0.014915173 0.765232444 0.456783324 0.453371584
1341848007.269907 -0.293920010 -0.651211262 1.459868073 -0.014274812 0.766094208 0.458457202 0.450236499
1341848007.298875 -0.292085916 -0.652513683 1.459013939 -0.012161757 0.765063465 0.461887032 0.448542506
1341848007.331423 -0.290870279 -0.654821634 1.462252855 -0.011668455 0.767263055 0.460655451 0.446058095
1341848007.366699 -0.293045133 -0.653237522 1.461659312 -0.010541087 0.767604172 0.457580686 0.448656380
1341848007.398700 -0.291150391 -0.657003880 1.464613199 -0.010430713 0.769002378 0.457439601 0.446402937
1341848007.434791 -0.289564937 -0.659552991 1.466546059 -0.009072601 0.769582033 0.456581026 0.446312577
1341848007.466689 -0.289848149 -0.660458088 1.471341729 -0.009005019 0.771729589 0.453254104 0.445996672
1341848007.498756 -0.288359970 -0.664009809 1.473881960 -0.009894829 0.772455931 0.455897957 0.442007840
1341848007.534834 -0.284693033 -0.668159366 1.475022912 -0.008169354 0.772041500 0.459093779 0.439452022
1341848007.566719 -0.284843743 -0.669594049 1.478466988 -0.007838284 0.773037672 0.457581520 0.439283937
1341848007.598725 -0.285196692 -0.667672396 1.479210138 -0.009182506 0.774145067 0.456108660 0.438839346
1341848007.634799 -0.281733721 -0.671682298 1.480705500 -0.009876096 0.775865257 0.458148241 0.433630854
1341848007.666675 -0.281351537 -0.673761725 1.484398246 -0.005419111 0.776816070 0.461539507 0.428379178
1341848007.702797 -0.279768765 -0.675304472 1.485824466 -0.004053250 0.776330948 0.467434347 0.422846198
1341848007.734605 -0.274662882 -0.678034365 1.483515382 -0.003054335 0.776192784 0.471341401 0.418751359
1341848007.766913 -0.274699807 -0.680319250 1.487489223 -0.001117629 0.780750930 0.467467964 0.414608777
1341848007.802889 -0.272864282 -0.682143331 1.491112947 -0.002899917 0.782708466 0.468646526 0.409547985
1341848007.834962 -0.270115167 -0.683980227 1.491986513 -0.001210734 0.783264279 0.471845239 0.404793322
1341848007.866745 -0.270419925 -0.684036672 1.493620992 0.000416875 0.784832299 0.471990943 0.401575148
1341848007.902779 -0.270363033 -0.683614552 1.496837258 -0.002233213 0.787704408 0.472128570 0.395741522
1341848007.934851 -0.263248831 -0.689251423 1.496098161 -0.001702850 0.788260341 0.479938477 0.385099739
1341848007.970690 -0.260576904 -0.692610025 1.498194218 0.003952874 0.788523793 0.482294023 0.381584942
1341848008.002709 -0.260630816 -0.692301869 1.502255797 0.005742545 0.790445507 0.481462479 0.378624827
1341848008.034820 -0.256352156 -0.694185495 1.504625440 0.003886090 0.792133987 0.484116405 0.371671766
1341848008.070825 -0.253262222 -0.696724236 1.506272435 0.004705429 0.792786717 0.486636460 0.366949588
1341848008.103209 -0.251324028 -0.697374642 1.509697437 0.003915115 0.794172406 0.486692876 0.363874763
1341848008.138809 -0.248224616 -0.698206842 1.510867596 0.002859809 0.795720518 0.487697572 0.359126270
1341848008.171058 -0.244883180 -0.700620532 1.514458656 0.002379070 0.797905922 0.488050997 0.353760839
1341848008.202734 -0.242065817 -0.701995790 1.516407847 0.004771960 0.798460126 0.490891129 0.348517597
1341848008.238657 -0.239304096 -0.703630567 1.520226121 0.004888644 0.799179912 0.493024647 0.343822986
1341848008.270710 -0.236735582 -0.704419851 1.521947861 0.004823929 0.799311996 0.495956093 0.339270681
1341848008.302748 -0.233908713 -0.704267979 1.522309303 0.006178080 0.798980594 0.499412596 0.334931225
1341848008.338769 -0.229955047 -0.706151009 1.524408340 0.006094596 0.799359024 0.502081335 0.330003470
1341848008.370731 -0.233008295 -0.703945875 1.523497581 0.008284669 0.798422039 0.502633214 0.331381112
1341848008.406662 -0.229339600 -0.705747187 1.525445700 0.007677985 0.799620271 0.504330337 0.325882465
1341848008.438870 -0.226644516 -0.707455516 1.526790261 0.009296427 0.800099969 0.505845487 0.322294831
1341848008.470807 -0.223474294 -0.709646881 1.529748917 0.010268083 0.801089883 0.507250190 0.317564011
1341848008.506855 -0.221430838 -0.710359931 1.531156182 0.010716993 0.801903903 0.508693755 0.313154757
1341848008.538786 -0.217670023 -0.714121759 1.530350566 0.012912051 0.801821172 0.512199521 0.307518661
1341848008.570727 -0.216077566 -0.715462089 1.533886909 0.015138425 0.802848637 0.512060404 0.304957449
1341848008.606698 -0.214290947 -0.716490567 1.535846114 0.017235313 0.803157151 0.513965249 0.300800949
1341848008.638714 -0.210865766 -0.720016122 1.535723448 0.018676719 0.803247094 0.516637921 0.295855671
1341848008.674639 -0.208207816 -0.720523953 1.537989974 0.019912101 0.804580450 0.516423762 0.292507023
1341848008.706785 -0.206105947 -0.721049905 1.538422823 0.020103600 0.805682302 0.516667247 0.289009959
1341848008.738678 -0.202756733 -0.724449515 1.539372087 0.019673726 0.806996942 0.517258644 0.284275293
1341848008.775071 -0.203655273 -0.724603891 1.540340781 0.019544255 0.807515502 0.516393483 0.284384310
1341848008.806865 -0.201170415 -0.726108909 1.539954066 0.018645866 0.808178842 0.516901433 0.281624228
1341848008.838798 -0.199800551 -0.726590753 1.542309999 0.017506352 0.809869885 0.515616596 0.279184312
1341848008.874631 -0.196513832 -0.728954673 1.543715119 0.017045937 0.810230255 0.517391503 0.274849892
1341848008.906680 -0.194053054 -0.730025351 1.545172334 0.017610462 0.810949206 0.518208086 0.271130353
1341848008.943051 -0.192715794 -0.730125785 1.545554399 0.016780712 0.812020659 0.518267512 0.267842591
1341848008.974723 -0.189314187 -0.733181417 1.546319604 0.014997798 0.812729299 0.519715011 0.262949586
1341848009.006825 -0.186029494 -0.733412862 1.549490213 0.015557644 0.813904524 0.519238830 0.260208458
1341848009.042740 -0.184911937 -0.734312952 1.553041220 0.014504926 0.814606130 0.519543886 0.257450253
1341848009.074794 -0.181998551 -0.734606147 1.551920176 0.013055998 0.813858509 0.522310853 0.254274100
1341848009.110807 -0.179263920 -0.735593319 1.553228498 0.012751878 0.815439999 0.521743715 0.250356823
1341848009.142732 -0.177773237 -0.734196723 1.554756880 0.009721436 0.817843020 0.519735694 0.246805787
1341848009.174693 -0.175294369 -0.734607339 1.555719376 0.009172929 0.820183396 0.519408405 0.239645511
1341848009.210697 -0.173508495 -0.735791326 1.560492635 0.011204714 0.822069407 0.520324707 0.230951443
1341848009.242869 -0.170933366 -0.735818684 1.561897159 0.013227877 0.821233332 0.524842083 0.223476157
1341848009.274683 -0.170439839 -0.734589696 1.560553551 0.014319814 0.820491552 0.528311789 0.217887968
1341848009.310898 -0.167108983 -0.734308004 1.562014937 0.012007127 0.822225332 0.529114485 0.209378168
1341848009.342882 -0.164424092 -0.734713137 1.562829256 0.011604385 0.822066069 0.531941354 0.202758610
1341848009.378700 -0.162038803 -0.734119594 1.563871622 0.012893863 0.822241902 0.533472538 0.197886437
1341848009.410753 -0.158490926 -0.735503435 1.566544056 0.011854255 0.822509706 0.535740137 0.190577433
1341848009.442927 -0.155856952 -0.734435439 1.566223383 0.011950670 0.822168767 0.537461400 0.187165484
1341848009.479022 -0.155101806 -0.734267354 1.568861485 0.012016887 0.822997451 0.537251711 0.184096098
1341848009.510631 -0.151638418 -0.733666182 1.569008589 0.010409188 0.822069287 0.539523780 0.181680545
1341848009.542815 -0.149001226 -0.733979404 1.569366932 0.010157322 0.822722137 0.539151371 0.179835647
1341848009.578814 -0.146687672 -0.734372914 1.571969271 0.009060652 0.823360205 0.538782179 0.178071886
1341848009.610955 -0.142153591 -0.734332502 1.571998119 0.007180287 0.823148906 0.539644301 0.176517457
1341848009.646873 -0.137456894 -0.734091878 1.572367191 0.006381948 0.824413717 0.537854970 0.176106155
1341848009.678666 -0.135752216 -0.732599795 1.573638201 0.004348249 0.825842202 0.535061657 0.177974030
1341848009.710835 -0.131716400 -0.732605040 1.573197842 0.002203406 0.825867832 0.535116315 0.177730113
1341848009.746819 -0.126715079 -0.733098149 1.572744608 0.001999424 0.826429009 0.534377694 0.177345976
1341848009.778767 -0.122793555 -0.732842863 1.574594736 0.001614856 0.827900350 0.531794310 0.178250626
1341848009.810661 -0.120324671 -0.731959581 1.574502826 0.001807284 0.827748179 0.531967521 0.178438306
1341848009.846800 -0.115868390 -0.731874108 1.574037075 0.004128539 0.826688111 0.534212887 0.176596612
1341848009.878688 -0.113664210 -0.728786290 1.574841261 0.005308137 0.827491403 0.532266140 0.178669006
1341848009.914782 -0.110544801 -0.726420343 1.574797392 0.003454902 0.827423930 0.532317638 0.178873152
1341848009.946990 -0.106462508 -0.726311862 1.573151588 0.002610421 0.827132285 0.533142090 0.177777663
1341848009.978905 -0.099636495 -0.727382541 1.572521210 0.001045180 0.827581584 0.532491684 0.177651986
1341848010.014819 -0.100593507 -0.724942923 1.571515083 0.003726157 0.827452540 0.531645954 0.180723399
1341848010.046835 -0.097177565 -0.723904967 1.569892883 0.003781245 0.826845586 0.533278644 0.178678438
1341848010.082650 -0.094602376 -0.721358895 1.567271709 0.004180994 0.826572835 0.533715427 0.178627372
1341848010.114748 -0.092083573 -0.719414353 1.566317081 0.004043506 0.826636374 0.534189522 0.176910937
1341848010.146752 -0.088536888 -0.717552602 1.564070940 0.003376916 0.825397968 0.536948502 0.174336269
1341848010.182709 -0.085010886 -0.716677248 1.559317470 0.003461470 0.823974848 0.539719403 0.172500432
1341848010.214739 -0.083099484 -0.714432597 1.556095600 0.003971988 0.824392676 0.539497137 0.171183363
1341848010.246831 -0.079343110 -0.713529289 1.553287029 0.003158632 0.824313402 0.540831923 0.167326882
1341848010.282749 -0.076899379 -0.711304307 1.550107479 0.004771211 0.824274063 0.541538775 0.165182635
1341848010.314754 -0.075061202 -0.708062589 1.546463966 0.006554489 0.823855281 0.542869508 0.162825942
1341848010.351054 -0.073411852 -0.706883430 1.541781425 0.007360903 0.823160887 0.544351757 0.161347911
1341848010.382819 -0.069625676 -0.704992652 1.539029479 0.006605152 0.823521256 0.544744670 0.158184543
1341848010.414692 -0.069364294 -0.703217626 1.534621835 0.008910763 0.821783006 0.547590017 0.157284573
1341848010.450872 -0.066662431 -0.701738715 1.530637383 0.008342112 0.821527123 0.548907399 0.154027119
1341848010.483088 -0.066153973 -0.700207353 1.527608871 0.009082980 0.821928501 0.548896372 0.151867852
1341848010.514760 -0.064062625 -0.698294461 1.525565386 0.009359225 0.821627498 0.550637901 0.147100344
1341848010.550631 -0.061449349 -0.698408723 1.519976258 0.008941500 0.819400132 0.554734647 0.144128412
1341848010.582861 -0.061949894 -0.695085526 1.518291950 0.010252401 0.821381271 0.552182913 0.142554358
1341848010.618690 -0.061414778 -0.694162965 1.516106606 0.007941292 0.820465863 0.554349661 0.139532208
1341848010.650956 -0.057795003 -0.694523811 1.510217547 0.008279525 0.818891943 0.557770669 0.135053173
1341848010.682633 -0.058374420 -0.692117155 1.510499477 0.009368824 0.820883930 0.555027962 0.134185627
1341848010.718753 -0.057943836 -0.691168547 1.508328676 0.008304766 0.820686400 0.556035459 0.131260782
1341848010.750922 -0.057131067 -0.691525221 1.503604054 0.007774795 0.819109142 0.559054911 0.128286034
1341848010.782711 -0.056986809 -0.691544175 1.499207497 0.008655268 0.819063306 0.559962451 0.124508612
1341848010.818844 -0.056503892 -0.691003203 1.498434782 0.010125812 0.821335971 0.557557225 0.120144166
1341848010.850765 -0.055657789 -0.690321565 1.495666742 0.010305149 0.821203113 0.558557510 0.116330571
1341848010.886687 -0.054926485 -0.690182090 1.493317962 0.011907203 0.821745217 0.558449507 0.112814695
1341848010.918833 -0.055895939 -0.688255668 1.492317677 0.012731485 0.822871864 0.557084501 0.111250512
1341848010.950793 -0.055756569 -0.688139915 1.489770174 0.013080584 0.822603643 0.558183253 0.107627273
1341848010.986761 -0.053196073 -0.687245786 1.489633083 0.011821479 0.823988914 0.556960404 0.103429317
1341848011.018704 -0.053176686 -0.686676025 1.488869309 0.013179118 0.824079633 0.557060242 0.101995163
1341848011.051016 -0.052913770 -0.685775518 1.486788034 0.013679996 0.823628962 0.558077931 0.099986285
1341848011.086749 -0.052200019 -0.685479224 1.485585332 0.014241139 0.823972821 0.558019400 0.097366907
1341848011.118701 -0.051358104 -0.685705781 1.484680176 0.014590967 0.824002564 0.558421314 0.094723828
1341848011.154630 -0.050948530 -0.684367299 1.484113693 0.016230877 0.824268520 0.558370113 0.092416398
1341848011.186671 -0.051001757 -0.682876348 1.484022617 0.016499123 0.824533343 0.558163822 0.091245279
1341848011.219095 -0.052410886 -0.682955265 1.482839823 0.015885826 0.823744714 0.559599638 0.089668944
1341848011.254693 -0.050357804 -0.683016181 1.480453610 0.013378013 0.823793888 0.560291171 0.085196085
1341848011.286627 -0.050199255 -0.681360304 1.480587125 0.012740904 0.825024664 0.558872283 0.082666822
1341848011.322712 -0.048450135 -0.681826353 1.478123546 0.012528107 0.824451208 0.560555160 0.076819114
1341848011.354750 -0.047535896 -0.681204557 1.476378679 0.014041249 0.825333536 0.559730291 0.073003069
1341848011.386749 -0.047196656 -0.679674268 1.478327990 0.014670437 0.827533424 0.556911647 0.069444805
1341848011.422722 -0.046073757 -0.678481519 1.475305796 0.015341605 0.826279163 0.559279859 0.065065347
1341848011.454654 -0.045664765 -0.678478897 1.473603606 0.016113579 0.826874375 0.558854520 0.060833752
1341848011.486754 -0.045052432 -0.677174568 1.474634647 0.015447374 0.828115940 0.557535291 0.056034349
1341848011.522854 -0.044909261 -0.675977647 1.473652601 0.017035130 0.827377975 0.559038281 0.051300216
1341848011.554674 -0.044254243 -0.675483227 1.470454097 0.018240118 0.826103449 0.561198175 0.047717646
1341848011.590867 -0.044492781 -0.674297571 1.471023202 0.017492857 0.827144146 0.559840977 0.045875516
1341848011.622723 -0.043095998 -0.672274947 1.470875621 0.015806261 0.827283978 0.560084343 0.040705122
1341848011.654892 -0.042020183 -0.671717227 1.468897104 0.016861893 0.826493502 0.561458111 0.037268985
1341848011.690778 -0.043340541 -0.670395017 1.468993068 0.018155064 0.826408148 0.561609387 0.036260135
1341848011.722610 -0.044763159 -0.667633116 1.468260407 0.017547144 0.826186359 0.562132716 0.033390995
1341848011.754796 -0.042539150 -0.666524231 1.466932535 0.014401549 0.825346351 0.563749015 0.027982600
1341848011.790831 -0.043739807 -0.665145993 1.465221167 0.015751611 0.824386537 0.565242231 0.025296723
1341848011.822705 -0.044186655 -0.663674474 1.463226438 0.017913951 0.823111296 0.567232668 0.020345284
1341848011.858763 -0.043811820 -0.661752939 1.460886002 0.019830637 0.822435558 0.568298578 0.015595489
1341848011.890689 -0.045020789 -0.660539389 1.460142493 0.021331150 0.822476506 0.568235457 0.013631841
1341848011.922914 -0.044977158 -0.658850193 1.458012104 0.022168728 0.821320891 0.569937050 0.010595595
1341848011.958828 -0.045395207 -0.657494545 1.455771685 0.023243433 0.821290910 0.569975853 0.008279484
1341848011.990755 -0.046612248 -0.655664861 1.455431461 0.022039017 0.821823001 0.569264531 0.007688701
1341848012.022737 -0.046606679 -0.653836608 1.452538490 0.019884750 0.820204437 0.571691155 0.006211308
1341848012.058861 -0.046638023 -0.652373552 1.450708508 0.018824553 0.819508672 0.572737515 0.004781994
1341848012.090822 -0.047759466 -0.650248230 1.448076963 0.017546320 0.818671525 0.573977470 0.004351334
1341848012.126859 -0.048086412 -0.648170114 1.444626808 0.016413771 0.817763686 0.575310111 0.003365714
1341848012.158771 -0.046619717 -0.645356178 1.442808390 0.015261909 0.817840755 0.575238347 0.002096033
1341848012.190967 -0.046847824 -0.642558694 1.440693021 0.015690498 0.817232251 0.576079547 0.004185098
1341848012.226750 -0.047608569 -0.640461266 1.437462449 0.015616955 0.815476179 0.578545809 0.006274220
1341848012.258713 -0.046518534 -0.637837410 1.434812665 0.013588711 0.814807773 0.579517186 0.007967643
1341848012.295247 -0.047458686 -0.635558367 1.433117628 0.011608024 0.814002335 0.580619097 0.012121568
1341848012.326868 -0.047672559 -0.633370638 1.429404378 0.008703357 0.812183678 0.583158731 0.014412521
1341848012.358782 -0.047603875 -0.630036235 1.427403450 0.004313685 0.812887251 0.582141876 0.017506067
1341848012.394721 -0.047373906 -0.627901375 1.424316406 0.001883840 0.810938239 0.584784448 0.020067895
1341848012.426830 -0.046784036 -0.625029624 1.421301126 -0.001546320 0.809368253 0.586874962 0.022325655
1341848012.458805 -0.046644125 -0.622776389 1.417068362 -0.003588825 0.808187723 0.588426650 0.023953028
1341848012.494697 -0.046327949 -0.619829178 1.415480375 -0.006728746 0.808863521 0.587365866 0.026378330
1341848012.526756 -0.045511022 -0.618348539 1.411876678 -0.008609576 0.806629777 0.590347469 0.027642885
1341848012.562690 -0.045183633 -0.616560161 1.407433867 -0.009340045 0.805194080 0.592122972 0.031073954
1341848012.594669 -0.045132179 -0.614298344 1.406383157 -0.012941894 0.806408465 0.590157270 0.035387192
1341848012.626774 -0.043914855 -0.612482190 1.402989864 -0.016789285 0.804821908 0.592067778 0.037889369
1341848012.662763 -0.042031348 -0.610686183 1.400761247 -0.018611593 0.804622054 0.592074037 0.041052040
1341848012.695339 -0.042023942 -0.608851671 1.398967743 -0.019220218 0.803859711 0.592680931 0.046578027
1341848012.726854 -0.041123062 -0.607285976 1.396863699 -0.023666641 0.802969456 0.593307853 0.051630858
1341848012.762672 -0.039018095 -0.606158674 1.395034432 -0.027722679 0.802631021 0.593202353 0.055909805
1341848012.794727 -0.036450528 -0.603888273 1.394697189 -0.029377004 0.803037763 0.592012048 0.061555583
1341848012.830669 -0.036878467 -0.602858424 1.392181873 -0.031065505 0.801257193 0.593335688 0.070531070
1341848012.862795 -0.036275953 -0.602173865 1.388542175 -0.035703868 0.800500572 0.593177259 0.077876359
1341848012.894740 -0.035802215 -0.600733042 1.388886452 -0.039072040 0.802715361 0.589083374 0.084274136
1341848012.930848 -0.033764847 -0.599469423 1.387394428 -0.043124557 0.801960111 0.589013100 0.089799076
1341848012.962752 -0.034950659 -0.597932339 1.386051416 -0.045059808 0.802352428 0.587039590 0.097901158
1341848012.994842 -0.032856204 -0.597315013 1.386654615 -0.051107962 0.803468823 0.584335268 0.101872921
1341848013.030944 -0.031711437 -0.595837533 1.386033058 -0.052654482 0.802497149 0.584572494 0.107241906
1341848013.062714 -0.030235261 -0.594718337 1.384737730 -0.054773424 0.801944494 0.584128141 0.112602584
1341848013.098784 -0.028730087 -0.594011545 1.384866357 -0.056933377 0.802636921 0.581790745 0.118541598
1341848013.130817 -0.027786985 -0.592281342 1.385843873 -0.057824604 0.803017676 0.579835236 0.124940343
1341848013.162759 -0.024659783 -0.592096210 1.385281920 -0.057896215 0.801223516 0.581280768 0.129620984
1341848013.198719 -0.025991470 -0.591675997 1.384751678 -0.052718163 0.799259126 0.582179904 0.139542803
1341848013.230855 -0.025884584 -0.590069652 1.385341763 -0.051592086 0.799041867 0.581130326 0.145457715
1341848013.262723 -0.021554470 -0.589883208 1.387800217 -0.054871839 0.798739374 0.580401123 0.148791820
1341848013.298709 -0.023024201 -0.589300156 1.386720777 -0.050894745 0.795337856 0.582752287 0.158893600
1341848013.330754 -0.023148984 -0.587624967 1.387422562 -0.052459240 0.795037985 0.581001520 0.166132152
1341848013.366705 -0.021591038 -0.587418616 1.388882279 -0.056486305 0.794392467 0.579670250 0.172430769
1341848013.398748 -0.017751560 -0.586165071 1.393150091 -0.059841163 0.795012355 0.577426016 0.175936237
1341848013.430850 -0.014566153 -0.585435092 1.395901918 -0.060921453 0.792841017 0.578344941 0.182233006
1341848013.466959 -0.015785784 -0.586588502 1.391231775 -0.059429772 0.784845531 0.585133076 0.195204839
1341848013.498782 -0.013445854 -0.586249113 1.391778111 -0.064226463 0.784169436 0.583536685 0.201092556
1341848013.534779 -0.010427251 -0.586820245 1.393701911 -0.069821954 0.783881485 0.581097603 0.207316667
1341848013.566664 -0.007527813 -0.586461306 1.395094514 -0.072919346 0.782566190 0.579366088 0.215888485
1341848013.598764 -0.005890459 -0.587121308 1.397048712 -0.074201345 0.781979144 0.577028513 0.223698184
1341848013.634812 -0.004521608 -0.586588740 1.396735072 -0.073851325 0.779507041 0.577694893 0.230615065
1341848013.666669 -0.001642704 -0.588622689 1.395378113 -0.075099342 0.776860476 0.577802956 0.238729283
1341848013.698821 -0.001021355 -0.588310003 1.396057725 -0.075318828 0.777850986 0.572504342 0.248019636
1341848013.734623 0.002172232 -0.588697076 1.396579981 -0.079140298 0.778037131 0.568992913 0.254248023
1341848013.766827 0.003789932 -0.587879598 1.398027658 -0.078804657 0.779614627 0.563947439 0.260680079
1341848013.802717 0.005127996 -0.587980151 1.399802327 -0.078020632 0.779731214 0.561089277 0.266666263
1341848013.834802 0.006983072 -0.587916136 1.400040984 -0.078588523 0.777687967 0.561004877 0.272578061
1341848013.866791 0.008656919 -0.588593125 1.399347544 -0.079802804 0.776269794 0.559746325 0.278784454
1341848013.902735 0.009304494 -0.587175369 1.401440382 -0.080964841 0.777523458 0.554493070 0.285375714
1341848013.934871 0.011211216 -0.586593986 1.402920604 -0.082928888 0.776180804 0.553107202 0.291098863
1341848013.966740 0.013262033 -0.587055445 1.403032899 -0.083575867 0.773990452 0.553198814 0.296521366
1341848014.002717 0.015329033 -0.586299956 1.404405117 -0.084507719 0.773165047 0.551265061 0.301962018
1341848014.034942 0.019009650 -0.586748421 1.405484557 -0.086280592 0.770933449 0.550669849 0.308188230
1341848014.070990 0.021409124 -0.587314546 1.403404355 -0.087721840 0.766026974 0.552483678 0.316653222
1341848014.102686 0.023344517 -0.586128116 1.405128241 -0.093018472 0.765023708 0.548924863 0.323678464
1341848014.134725 0.027884573 -0.585909128 1.407130003 -0.098217495 0.763768554 0.547180653 0.328030825
1341848014.170724 0.029901713 -0.584373891 1.408398628 -0.099757269 0.760751784 0.545996666 0.336441517
1341848014.202658 0.032063544 -0.584119320 1.407428861 -0.101969287 0.756397545 0.546542645 0.344610155
1341848014.234751 0.038245410 -0.583585858 1.408676863 -0.105608284 0.755660295 0.543447316 0.349984974
1341848014.270714 0.041536957 -0.583948135 1.411969423 -0.107793301 0.754213929 0.540274918 0.357274354
1341848014.302738 0.043720067 -0.582626998 1.412395239 -0.107251510 0.751737595 0.538763046 0.364858955
1341848014.338694 0.047900498 -0.584761500 1.413801432 -0.107051931 0.749235511 0.538007915 0.371124595
1341848014.370553 0.052098662 -0.582648993 1.417734385 -0.109503724 0.747779667 0.532840073 0.380678236
1341848014.402830 0.053668946 -0.581471205 1.416319132 -0.109256782 0.743682683 0.530635118 0.391695499
1341848014.438848 0.057465553 -0.582971215 1.418061733 -0.110411540 0.741497457 0.527541757 0.399612904
1341848014.470783 0.060411274 -0.583244741 1.416988492 -0.109970644 0.736301064 0.525994241 0.411214441
1341848014.506633 0.064698577 -0.582188964 1.422698736 -0.114783667 0.737258136 0.516900182 0.419630021
1341848014.538728 0.067641944 -0.583644390 1.422324896 -0.114427060 0.732242584 0.515696585 0.429865420
1341848014.570790 0.071002901 -0.581667066 1.423454285 -0.114188701 0.732464850 0.507740617 0.438925683
1341848014.606858 0.076085299 -0.583010316 1.429955125 -0.117658570 0.733627975 0.501579344 0.443130493
1341848014.638688 0.078562647 -0.584296465 1.429629803 -0.116546303 0.728730321 0.500900269 0.452181369
1341848014.670828 0.082621723 -0.584295750 1.429946184 -0.114127226 0.726581573 0.498683602 0.458659858
1341848014.706765 0.085823596 -0.586762190 1.429287434 -0.112207361 0.723472595 0.496557891 0.466290891
1341848014.738691 0.086591601 -0.586820126 1.428984761 -0.110527836 0.722254813 0.491200894 0.474186957
1341848014.774750 0.091141731 -0.588151038 1.433839798 -0.109826736 0.723242521 0.486606866 0.477568954
1341848014.806669 0.094534010 -0.589741468 1.432637930 -0.103302397 0.718802869 0.489072055 0.483176559
1341848014.838740 0.097032934 -0.588029027 1.435304165 -0.101345062 0.718012571 0.484498978 0.489334106
1341848014.874686 0.101795256 -0.589767694 1.437744260 -0.101321906 0.715884447 0.482594758 0.494313270
1341848014.906647 0.103401721 -0.587092757 1.437843442 -0.097822547 0.712969244 0.478706628 0.502937019
1341848014.938697 0.104693294 -0.587430000 1.439727306 -0.095668994 0.710396945 0.478217810 0.507436037
1341848014.974705 0.107770503 -0.587710738 1.439891458 -0.093638107 0.705608070 0.480056465 0.512732804
1341848015.006657 0.108596951 -0.586272657 1.441183329 -0.091581948 0.702117085 0.480176002 0.517759919
1341848015.042593 0.110451460 -0.584469318 1.443279982 -0.098577395 0.697824121 0.480636984 0.521835268
1341848015.074864 0.111083373 -0.586452723 1.443353057 -0.104458347 0.692410469 0.482348114 0.526304603
1341848015.106838 0.111532241 -0.585163832 1.442149043 -0.112337083 0.686560869 0.479394853 0.534971952
1341848015.142691 0.112994596 -0.585639119 1.442117572 -0.115396880 0.682115018 0.480869651 0.538671553
1341848015.174708 0.114569530 -0.582511485 1.442669272 -0.118076190 0.677870035 0.480620205 0.543649197
1341848015.207238 0.117040679 -0.583806157 1.442281008 -0.118799798 0.672246754 0.482527018 0.548760891
1341848015.243495 0.118315488 -0.581982613 1.442343354 -0.120175153 0.668657780 0.480808049 0.554326952
1341848015.274780 0.123377502 -0.581250429 1.446237326 -0.126025945 0.666746318 0.477431476 0.558234751
1341848015.310598 0.123261034 -0.580092847 1.445350289 -0.121609509 0.660707653 0.475358278 0.568076670
1341848015.342895 0.124470651 -0.578997552 1.445881963 -0.121089727 0.656145036 0.472820222 0.575545013
1341848015.374733 0.125392690 -0.578813910 1.445509791 -0.118566155 0.649640977 0.473185867 0.583098471
1341848015.410655 0.127676159 -0.576844573 1.446673155 -0.116258994 0.644483268 0.471092999 0.590928555
1341848015.442783 0.128718078 -0.577577233 1.446281195 -0.116256371 0.638272166 0.470401138 0.598177135
1341848015.474959 0.130289599 -0.576988697 1.446645498 -0.116448797 0.632184148 0.467607349 0.606734097
1341848015.510927 0.131108627 -0.574990392 1.446234703 -0.114157245 0.626922727 0.462630600 0.616367459
1341848015.542834 0.130975276 -0.575373828 1.447049499 -0.112193063 0.621057510 0.460639685 0.624108553
1341848015.581753 0.132532001 -0.574765146 1.445994496 -0.111594610 0.612229705 0.460260153 0.633152485
1341848015.617769 0.132965729 -0.573242962 1.445984125 -0.110126942 0.606223524 0.454146892 0.643518209
1341848015.650094 0.132015407 -0.574173868 1.446286678 -0.111066185 0.600507259 0.448589891 0.652550757
1341848015.685811 0.134990484 -0.572638869 1.448390365 -0.112263054 0.595978320 0.444938242 0.658966482
1341848015.718057 0.134960443 -0.572649181 1.447750330 -0.109606743 0.591165245 0.438278943 0.668147802
1341848015.749815 0.134556472 -0.573632777 1.447784781 -0.107191607 0.586073935 0.433849007 0.675871551
1341848015.785761 0.134720653 -0.572711527 1.447768331 -0.101641558 0.581120551 0.431190699 0.682672977
1341848015.817883 0.135434628 -0.573524296 1.447628975 -0.101306245 0.576695442 0.425159723 0.690216303
1341848015.853811 0.135027021 -0.573701084 1.447546124 -0.098315224 0.572848916 0.420822382 0.696481645
1341848015.885654 0.134995520 -0.572819948 1.447839499 -0.095729299 0.570048451 0.414943784 0.702639520
1341848015.917793 0.135113597 -0.572624683 1.447882056 -0.096283220 0.567798316 0.407609224 0.708653152
1341848015.954005 0.135017976 -0.572715104 1.447895885 -0.092875227 0.565750837 0.400564104 0.714736700
1341848015.986663 0.134439513 -0.573273659 1.447684407 -0.090580322 0.562632024 0.394762039 0.720696390
1341848016.021677 0.134099096 -0.573382974 1.447646141 -0.086818531 0.559204519 0.391682178 0.725491524
1341848016.053936 0.134430498 -0.573264778 1.447810173 -0.083779134 0.557321131 0.386365891 0.730134010
1341848016.085724 0.133609191 -0.573778927 1.447665215 -0.081382424 0.555266500 0.382042170 0.734234154
1341848016.121844 0.133071840 -0.575088561 1.447393179 -0.083611459 0.551528394 0.379588723 0.738063693
1341848016.153821 0.132936493 -0.575813293 1.447398067 -0.084852114 0.550325632 0.378080815 0.739592195
1341848016.185769 0.132200524 -0.577086926 1.447217941 -0.087449200 0.548771501 0.375551671 0.741730034
1341848016.221734 0.132731289 -0.576697469 1.447218299 -0.089786090 0.546536088 0.375343889 0.743205011
1341848016.253686 0.132836744 -0.575348973 1.447430491 -0.087577522 0.546164393 0.373171002 0.744834244
1341848016.289960 0.131770313 -0.576253057 1.446918368 -0.089511342 0.546466589 0.371812552 0.745061994
1341848016.322013 0.131396994 -0.576010108 1.446651220 -0.089895621 0.547833323 0.376021117 0.741893172
1341848016.353746 0.131595328 -0.576125681 1.446822882 -0.084609427 0.549662769 0.379110157 0.739585996
1341848016.389789 0.129326478 -0.577475309 1.446085453 -0.081414282 0.550230265 0.382255107 0.737902045
1341848016.421705 0.134576723 -0.582557440 1.449898720 -0.091746144 0.552818656 0.387888074 0.731790304
1341848016.453901 0.134635225 -0.582471907 1.450078964 -0.087787956 0.554300129 0.390426666 0.729802549
1341848016.490058 0.134134963 -0.582792401 1.449819088 -0.083237544 0.554297030 0.390529335 0.730282903
1341848016.521813 0.133535191 -0.583375514 1.450041294 -0.081388921 0.556369424 0.391225696 0.728540599
1341848016.554210 0.133462846 -0.583371401 1.450202346 -0.078120463 0.557717085 0.391195893 0.727883756
1341848016.589825 0.131692111 -0.584921539 1.450258732 -0.073234640 0.556585729 0.391663998 0.729004979
1341848016.621860 0.131600887 -0.585231602 1.450242281 -0.071317919 0.555933297 0.395079315 0.727849066
1341848016.657837 0.130728364 -0.585674047 1.450366139 -0.065513141 0.554092050 0.396828294 0.728846550
1341848016.689891 0.130053967 -0.586526513 1.450294733 -0.061952125 0.550777078 0.399921834 0.729978800
1341848016.757848 0.127155483 -0.591146529 1.459948897 -0.061905932 0.560882628 0.395269930 0.724803448
1341848016.784104 0.124859333 -0.593238235 1.460178614 -0.057357959 0.561692178 0.398119211 0.722988963
1341848016.818817 0.123840719 -0.593887091 1.460329175 -0.060074467 0.557082832 0.396250397 0.727348149
1341848016.850754 0.123187825 -0.594388485 1.460302949 -0.058797128 0.553844452 0.396471381 0.729801178
1341848016.882757 0.121679306 -0.595621347 1.460449696 -0.058960639 0.551965356 0.397149742 0.730841994
1341848016.918907 0.118593305 -0.598926604 1.466427803 -0.058980767 0.556544483 0.397791475 0.727008581
1341848016.950706 0.121298581 -0.595842957 1.460158706 -0.056313466 0.542452276 0.400388718 0.736385345
1341848016.986658 0.119660839 -0.597191572 1.460240722 -0.057698768 0.541387141 0.400622815 0.736934364
1341848017.018678 0.115026802 -0.602580130 1.467893600 -0.060755275 0.551573098 0.400284976 0.729278982
1341848017.050760 0.112661332 -0.604276657 1.468232870 -0.060229935 0.551138639 0.400969744 0.729274869
1341848017.086845 0.113078177 -0.603834808 1.467913866 -0.060158648 0.548657477 0.402291298 0.730422914
1341848017.118641 0.110295713 -0.606942236 1.469857335 -0.061217140 0.552504778 0.403177023 0.726938248
1341848017.150678 0.109353617 -0.607665300 1.469785571 -0.060322832 0.553577244 0.405135304 0.725106061
1341848017.186855 0.107665077 -0.608914614 1.469951153 -0.058881696 0.555785775 0.408214152 0.721800804
1341848017.218765 0.104647808 -0.610556781 1.472106576 -0.056435477 0.561866164 0.407869905 0.717470288
1341848017.254693 0.101623699 -0.612884998 1.472722292 -0.054462418 0.567333996 0.408445269 0.712978542
1341848017.286638 0.103524372 -0.612111092 1.470204473 -0.051037390 0.564324617 0.414220661 0.712287962
1341848017.318695 0.101761937 -0.612794816 1.472169876 -0.043629266 0.569538832 0.411719114 0.710076988
1341848017.354737 0.092720039 -0.618057072 1.475787401 -0.038581163 0.581629217 0.405351073 0.704208314
1341848017.386825 0.090871990 -0.619409919 1.476114035 -0.037735704 0.585467100 0.408039808 0.699505329
1341848017.418824 0.089132532 -0.620961607 1.476068020 -0.030503517 0.588637531 0.412629992 0.694486737
1341848017.454792 0.084873527 -0.622403800 1.474930406 -0.029993746 0.588336825 0.412307322 0.694955230
1341848017.486699 0.083577573 -0.625100553 1.476244569 -0.030173812 0.591739893 0.415046334 0.690412939
1341848017.522694 0.081747957 -0.626651168 1.475981116 -0.030596491 0.593814373 0.414282322 0.689070761
1341848017.554797 0.079786889 -0.628474236 1.475818992 -0.030743606 0.596847415 0.415338874 0.685800016
1341848017.587838 0.079203993 -0.628829181 1.475531220 -0.029431699 0.597904623 0.416823834 0.684033453
1341848017.622714 0.074652582 -0.633880138 1.479411006 -0.029599840 0.605791032 0.414304793 0.678596020
1341848017.654814 0.073091656 -0.635449409 1.479431272 -0.029010223 0.608269155 0.416481584 0.675063133
1341848017.686820 0.073121451 -0.635546803 1.479361534 -0.025439942 0.611235559 0.414344162 0.673841834
1341848017.722837 0.069355562 -0.636289418 1.478026748 -0.019260108 0.613784611 0.414930016 0.671364725
1341848017.754780 0.069279075 -0.635960698 1.477675200 -0.014886392 0.614033103 0.417588383 0.669598162
1341848017.790699 0.067258239 -0.636446178 1.478625059 -0.009962927 0.617352724 0.413442761 0.669209599
1341848017.822756 0.065145403 -0.637714088 1.478048444 -0.007861740 0.618873417 0.412820220 0.668216586
1341848017.854726 0.062891655 -0.643088579 1.483065963 -0.010443380 0.624613225 0.413737744 0.662246406
1341848017.890737 0.061529089 -0.644062877 1.483362079 -0.009706602 0.625404716 0.413106591 0.661904573
1341848017.922823 0.059121229 -0.645842254 1.484245181 -0.010416077 0.627557278 0.413421124 0.659656167
1341848017.958643 0.059094135 -0.646102011 1.485528469 -0.011581699 0.628824472 0.413768828 0.658210456
1341848017.990683 0.057125520 -0.648016572 1.485530734 -0.011302737 0.629319251 0.414872557 0.657046676
1341848018.022671 0.056800079 -0.649072766 1.484579206 -0.013387166 0.627661645 0.419060141 0.655934632
1341848018.058766 0.056703802 -0.649734855 1.485342979 -0.015234644 0.630140722 0.418495715 0.653874576
1341848018.090894 0.052383065 -0.649987578 1.488587976 -0.013513113 0.635881305 0.415994734 0.649939001
1341848018.122747 0.052341536 -0.650112152 1.489169836 -0.012074942 0.636254549 0.421558648 0.646005154
1341848018.159145 0.052081507 -0.650074363 1.490741372 -0.009667099 0.638068736 0.422446579 0.643672109
1341848018.190824 0.050159447 -0.650936544 1.491656899 -0.009590586 0.641045213 0.422033459 0.640981138
1341848018.226660 0.051247131 -0.653643966 1.493721128 -0.013521987 0.643895745 0.424042672 0.636712849
1341848018.258766 0.049340285 -0.654839873 1.494458914 -0.009471612 0.645104587 0.426506460 0.633910537
1341848018.290747 0.049531549 -0.656677246 1.495069385 -0.009886405 0.644824684 0.430629015 0.631396890
1341848018.333905 0.049704745 -0.658011079 1.497134566 -0.012009035 0.647310674 0.431567550 0.628167272
1341848018.367205 0.050210491 -0.658602059 1.499253035 -0.013247455 0.651220798 0.429986030 0.625178277
1341848018.397728 0.048514411 -0.661283255 1.500743389 -0.011766815 0.653527975 0.432099491 0.621331394
1341848018.433770 0.047527380 -0.662958980 1.502683759 -0.006413211 0.653748572 0.439315945 0.616095066
1341848018.465663 0.049107887 -0.665290892 1.510345697 -0.006204750 0.658363879 0.441851884 0.609331906
1341848018.501822 0.049614817 -0.666281164 1.513009787 -0.006292821 0.660427809 0.443179548 0.606124878
1341848018.534507 0.046673566 -0.668032765 1.514273524 -0.004466075 0.661648691 0.444252282 0.604020655
1341848018.565849 0.047130704 -0.670461476 1.518732905 -0.004473953 0.664763570 0.447295815 0.598327518
1341848018.601739 0.046632290 -0.671261728 1.520283461 -0.003834556 0.665821433 0.447655529 0.596884966
1341848018.633687 0.044421688 -0.673707426 1.522164464 -0.004098949 0.668314934 0.448660970 0.593331039
1341848018.669811 0.043825477 -0.675418198 1.525635839 -0.003457318 0.669821262 0.450552732 0.590194643
1341848018.701756 0.043860838 -0.679102540 1.531698942 -0.005257303 0.672977388 0.453497589 0.584306121
1341848018.733853 0.043760136 -0.682024956 1.534176350 -0.006977569 0.674449921 0.454987764 0.581424654
1341848018.769715 0.042993724 -0.684016466 1.537865639 -0.005726027 0.676804304 0.454768836 0.578868091
1341848018.802234 0.043575749 -0.686512291 1.541221142 -0.006724765 0.677556694 0.455569863 0.577345431
1341848018.833759 0.045594975 -0.690390110 1.545881271 -0.010030361 0.680576086 0.454279482 0.574757099
1341848018.869787 0.044492200 -0.691904902 1.548448086 -0.007423918 0.683307230 0.451744974 0.573552549
1341848018.901964 0.040316001 -0.695389152 1.550965667 -0.002539540 0.684328377 0.452247292 0.571979582
1341848018.933795 0.041954011 -0.697412372 1.554951429 0.000035763 0.684814394 0.454545557 0.569576681
1341848018.969688 0.041643575 -0.702426016 1.556855083 -0.001509307 0.684922457 0.455506980 0.568676054
1341848019.002336 0.040302351 -0.705242157 1.558858991 -0.002598519 0.685863316 0.456072032 0.567083001
1341848019.069833 0.039474875 -0.710734487 1.562512755 -0.002576224 0.688713253 0.454649895 0.564766169
1341848019.096441 0.039750606 -0.713303745 1.566542625 -0.004821323 0.691860735 0.454731226 0.560825288
1341848019.130792 0.039469689 -0.715222239 1.568715811 -0.004778282 0.694141924 0.455144316 0.557662785
1341848019.162652 0.037770569 -0.717884302 1.571076155 -0.004106402 0.695634604 0.456662476 0.554558456
1341848019.198644 0.036880314 -0.719799280 1.573497653 -0.005203238 0.697234333 0.458505064 0.551008463
1341848019.231114 0.037849277 -0.722399831 1.576798677 -0.007702125 0.700488925 0.459913105 0.545651853
1341848019.262728 0.037119746 -0.724527419 1.580240011 -0.008240332 0.703786135 0.459212542 0.541979015
1341848019.298715 0.034215152 -0.726831496 1.583221078 -0.008904857 0.705517769 0.460543126 0.538577318
1341848019.330680 0.035605937 -0.728739321 1.586296439 -0.010764770 0.707802355 0.462919921 0.533484042
1341848019.362697 0.034377635 -0.732227564 1.590963721 -0.011345767 0.711542904 0.462257504 0.529051960
1341848019.398715 0.031947106 -0.735556364 1.595101476 -0.013031313 0.713923275 0.463769168 0.524463415
1341848019.431028 0.032703251 -0.737851977 1.598806858 -0.013953325 0.716159523 0.464776516 0.520484030
1341848019.467021 0.029418945 -0.741233349 1.601798296 -0.014403487 0.719121039 0.463186979 0.517798603
1341848019.498756 0.030799866 -0.744290709 1.607049823 -0.014884894 0.723201036 0.463601410 0.511695623
1341848019.530821 0.028532207 -0.748757839 1.610996366 -0.010230182 0.725273609 0.464994252 0.507596195
1341848019.567087 0.027898759 -0.751065314 1.616942406 -0.009414977 0.727202773 0.466197729 0.503733277
1341848019.598737 0.028169394 -0.753660083 1.620848536 -0.008937882 0.728239715 0.467040807 0.501457870
1341848019.630654 0.025942653 -0.756990194 1.624959111 -0.008436225 0.730340540 0.466711462 0.498710215
1341848019.666875 0.026370645 -0.760451436 1.632349491 -0.008626410 0.732508600 0.468195856 0.494114667
1341848019.698668 0.025428087 -0.763801336 1.636341810 -0.006727427 0.731851578 0.471076339 0.492376894
1341848019.734756 0.024250627 -0.766383290 1.639608860 -0.007810327 0.733186543 0.471600264 0.489866912
1341848019.766703 0.024344981 -0.767289281 1.641008377 -0.009906428 0.734648466 0.471117765 0.488099933
1341848019.798719 0.024655044 -0.771055102 1.647706628 -0.009921374 0.737295091 0.471558541 0.483663172
1341848019.834660 0.025239587 -0.772433281 1.650680900 -0.009237902 0.738954902 0.472667724 0.480047435
1341848019.866778 0.025597662 -0.773740530 1.652756929 -0.008790501 0.741013348 0.473299831 0.476244926
1341848019.898833 0.024666250 -0.777070761 1.655915022 -0.007498811 0.743345022 0.474006623 0.471910655
1341848019.934782 0.025347501 -0.777407885 1.658781052 -0.004983782 0.745127976 0.476463139 0.466628700
1341848019.966705 0.025363147 -0.779462636 1.661020637 -0.003525408 0.746459723 0.479340315 0.461539119
1341848020.002811 0.025397658 -0.780928612 1.662947893 -0.003242221 0.748964429 0.480516493 0.456229955
1341848020.034693 0.025955260 -0.782829881 1.665861726 -0.004491393 0.752593815 0.480257541 0.450483203
1341848020.066696 0.027171731 -0.784664392 1.668894291 -0.003721636 0.754411936 0.482549638 0.444965929
1341848020.102776 0.028092980 -0.785332680 1.671222091 -0.002164706 0.755918562 0.483937711 0.440893114
1341848020.134758 0.028979421 -0.785049081 1.672282457 -0.003479728 0.758273602 0.484111816 0.436628848
1341848020.170835 0.029546857 -0.788085043 1.674465299 -0.004766926 0.761190176 0.484251589 0.431354970
1341848020.202706 0.029463291 -0.790679693 1.678547382 -0.005527270 0.763740778 0.483893543 0.427219510
1341848020.234873 0.030931354 -0.791754961 1.680667877 -0.006188144 0.765884519 0.485103607 0.421968102
1341848020.271152 0.034082413 -0.792083621 1.681144357 -0.006531782 0.768382192 0.485590816 0.416830570
1341848020.302754 0.034887075 -0.794033051 1.684651852 -0.006266246 0.771656513 0.484706581 0.411784559
1341848020.334861 0.036383569 -0.795864284 1.687290907 -0.005758966 0.774162412 0.485507846 0.406105340
1341848020.370812 0.038432956 -0.797907114 1.688318849 -0.004162401 0.776235521 0.487117559 0.400196940
1341848020.402809 0.040588677 -0.799716473 1.691528797 -0.003843789 0.779832065 0.486132443 0.394363403
1341848020.438816 0.042458653 -0.801999688 1.693458319 -0.003996670 0.782528460 0.485980093 0.389174253
1341848020.471200 0.046417534 -0.801801801 1.694302440 -0.003763113 0.786577940 0.484304488 0.383053809
1341848020.502691 0.046363592 -0.805630803 1.697934389 -0.001115930 0.790465534 0.482869446 0.376829118
1341848020.538748 0.048336625 -0.806741774 1.700719476 0.001678431 0.792732537 0.484346569 0.370109081
1341848020.570790 0.050569594 -0.807575822 1.704117417 0.003867877 0.794908643 0.485265225 0.364174306
1341848020.602764 0.050955057 -0.810080528 1.707528830 0.005148392 0.796594262 0.486451507 0.358853757
1341848020.638929 0.052938521 -0.812046528 1.710980535 0.007212440 0.796953797 0.490665913 0.352221042
1341848020.670809 0.056893826 -0.812372446 1.712155581 0.009113143 0.797290325 0.493474245 0.347459763
1341848020.706669 0.056408465 -0.815378785 1.715603352 0.007767241 0.798935115 0.492876768 0.344550192
1341848020.738994 0.060048997 -0.816427708 1.718597412 0.005696925 0.799851358 0.495449156 0.338726372
1341848020.770817 0.063201308 -0.818225145 1.720304847 0.008400010 0.799498737 0.498375833 0.335190564
1341848020.807216 0.064203739 -0.819425583 1.723618031 0.008439926 0.800100505 0.498848855 0.333043218
1341848020.839066 0.067235410 -0.820714951 1.725291014 0.006883861 0.800742626 0.500264764 0.329392016
1341848020.870955 0.070255756 -0.822573543 1.725615978 0.007976185 0.801292479 0.501083910 0.326774776
1341848020.906582 0.071172476 -0.825862885 1.729515553 0.008938556 0.802256286 0.501472712 0.323774874
1341848020.938790 0.074563265 -0.825114727 1.729780555 0.009721596 0.802196145 0.503441274 0.320833057
1341848020.974874 0.076850951 -0.826623857 1.730895758 0.009063623 0.803859353 0.502338767 0.318408251
1341848021.006632 0.077891052 -0.829753995 1.734225631 0.008707230 0.805499673 0.501560271 0.315486759
1341848021.039636 0.081180155 -0.831289232 1.736049175 0.009023501 0.805878043 0.503723860 0.311032832
1341848021.074762 0.084379494 -0.832574010 1.737146378 0.010685390 0.806321442 0.505457282 0.306992799
1341848021.106691 0.085929632 -0.832999647 1.739125848 0.009489768 0.807668149 0.504839480 0.304498285
1341848021.142795 0.089106858 -0.834761500 1.740879178 0.007948311 0.809027553 0.505696654 0.299469888
1341848021.175038 0.091903746 -0.836410522 1.742797136 0.008172573 0.810180187 0.506196380 0.295476824
1341848021.206698 0.094047308 -0.838030100 1.746045113 0.008740162 0.811334431 0.506718457 0.291370064
1341848021.242671 0.098246813 -0.836536288 1.746227980 0.006580785 0.813293517 0.505936801 0.287294835
1341848021.274899 0.102098167 -0.838931799 1.749213696 0.006124518 0.816379070 0.504838347 0.280403137
1341848021.307283 0.105376363 -0.840285420 1.750487566 0.007319909 0.818170428 0.504617333 0.275508434
1341848021.343359 0.108992040 -0.840509057 1.751662970 0.007733297 0.821098983 0.503034770 0.269615889
1341848021.384830 0.113615870 -0.842027903 1.752570391 0.007310714 0.825554848 0.499609530 0.262290120
1341848021.414272 0.115267754 -0.846382737 1.754945278 0.010861499 0.828526020 0.498325855 0.255143106
1341848021.455728 0.119673073 -0.847010612 1.756647110 0.013941432 0.831142545 0.497587979 0.247818336
1341848021.487906 0.122450054 -0.848635793 1.757678509 0.017694438 0.833982706 0.495919704 0.241295367
1341848021.514696 0.126698673 -0.852576733 1.762382269 0.019792572 0.836780131 0.494820625 0.233580530
1341848021.550755 0.129652977 -0.854137659 1.765511274 0.022631753 0.838117480 0.494924217 0.228247538
1341848021.617752 0.137241960 -0.856603146 1.769947290 0.017188378 0.841016710 0.493113995 0.221887469
1341848021.643147 0.141087949 -0.857751906 1.772431970 0.011581993 0.842656910 0.492021203 0.218427032
1341848021.678764 0.146475673 -0.858863711 1.773627877 0.009463142 0.843879521 0.491836697 0.214183167
1341848021.710743 0.148758650 -0.862291336 1.777641535 0.010486558 0.844608307 0.492068291 0.210702926
1341848021.742811 0.152375758 -0.862468958 1.779280901 0.010742740 0.844664454 0.493621856 0.206794694
1341848021.778676 0.156700253 -0.862748325 1.779978633 0.011003714 0.845307708 0.494470239 0.202071726
1341848021.810867 0.158560932 -0.864390612 1.781753659 0.009862284 0.845330238 0.495779485 0.198802084
1341848021.844563 0.162960052 -0.863719583 1.782533646 0.007106440 0.846090257 0.496512115 0.193794936
1341848021.878887 0.168537498 -0.863911867 1.783431530 0.005416920 0.847349226 0.496268898 0.188910484
1341848021.910628 0.172724068 -0.864925504 1.784391046 0.004715413 0.848150253 0.496102065 0.185746178
1341848021.946714 0.177404553 -0.864863753 1.784172535 0.003638469 0.849406183 0.495276779 0.182199910
1341848021.978747 0.181912035 -0.865732431 1.784038901 0.002968038 0.851054847 0.493778974 0.178547397
1341848022.010782 0.185904264 -0.867002010 1.785817385 0.001406753 0.852642834 0.492095500 0.175613850
1341848022.046709 0.189839095 -0.866846085 1.785482883 0.001703720 0.853710532 0.491696388 0.171493769
1341848022.078665 0.194269180 -0.866633356 1.785507679 0.000984053 0.854885221 0.491056442 0.167433038
1341848022.110954 0.198076785 -0.866478086 1.785076618 -0.000495109 0.855846167 0.490825325 0.163148940
1341848022.146749 0.203911573 -0.865542531 1.784233570 -0.001394662 0.857208848 0.490127057 0.158008173
1341848022.178988 0.208192438 -0.866330743 1.783199787 -0.001651653 0.858557343 0.489107072 0.153788373
1341848022.214773 0.212943941 -0.864984453 1.782021999 -0.002568863 0.860067427 0.487870365 0.149197564
1341848022.246774 0.217706025 -0.866042674 1.780243635 -0.001932122 0.862230837 0.485996664 0.142693564
1341848022.278764 0.222211331 -0.866328359 1.782020450 0.000603617 0.864266694 0.484394968 0.135662302
1341848022.314757 0.227264941 -0.865629673 1.779605389 0.005633350 0.864521801 0.485814810 0.128663406
1341848022.354110 0.230177313 -0.863512576 1.776962519 0.006953297 0.866363525 0.483781844 0.123777971
1341848022.387191 0.233043402 -0.868426085 1.776723027 0.007906549 0.867447615 0.483352005 0.117656231
1341848022.417848 0.239895374 -0.865942955 1.773807764 0.009472976 0.868510187 0.483117849 0.110442236
1341848022.454164 0.243553102 -0.867741942 1.771522522 0.011796481 0.870272875 0.480928451 0.105800942
1341848022.485638 0.246425480 -0.870089173 1.771191239 0.011050534 0.871765971 0.479286164 0.100929469
1341848022.521730 0.252299100 -0.868643343 1.769584537 0.011962696 0.872980893 0.478333235 0.094649933
1341848022.554231 0.255934656 -0.867895365 1.766878366 0.014344562 0.874017298 0.477069646 0.091063209
1341848022.586067 0.257095784 -0.872572362 1.766808987 0.014085778 0.874845147 0.476207316 0.087602399
1341848022.621801 0.262363017 -0.872599363 1.764491081 0.012823157 0.875625849 0.476011574 0.080795981
1341848022.654208 0.266960680 -0.873083949 1.761707187 0.014683948 0.877067208 0.474111021 0.075870380
1341848022.690287 0.267532229 -0.874598145 1.762794018 0.017130256 0.877886593 0.473191738 0.071493410
1341848022.721700 0.271080166 -0.874878287 1.760947466 0.016442046 0.876843989 0.476264387 0.063612558
1341848022.753725 0.278307915 -0.872371972 1.757979631 0.015958674 0.877405107 0.476187825 0.056131668
1341848022.782985 0.278539956 -0.875344217 1.759549379 0.016948218 0.877144039 0.477026165 0.052698929
1341848022.814772 0.280469477 -0.874721527 1.757643223 0.015139614 0.875045717 0.481806338 0.043914210
1341848022.850799 0.287930697 -0.872049928 1.754531503 0.012122177 0.874786735 0.482969493 0.036629327
1341848022.882710 0.287641615 -0.873728752 1.756142139 0.012314264 0.874239504 0.484241247 0.032619681
1341848022.918835 0.289642215 -0.875692844 1.755024195 0.007214545 0.867758334 0.496503323 0.020685250
1341848022.950815 0.294970632 -0.871233821 1.743594408 0.002200347 0.865662277 0.500443518 0.013426344
1341848022.982728 0.297666430 -0.867798388 1.747751474 -0.005943020 0.871686637 0.489970684 0.007469477
1341848023.018822 0.301856101 -0.868142545 1.750632644 -0.010622273 0.870286167 0.492403567 -0.005281649
1341848023.050766 0.310781509 -0.864858508 1.744373798 -0.009944191 0.867382884 0.497205049 -0.018308291
1341848023.082738 0.314621985 -0.860026360 1.741819620 -0.005156701 0.868341863 0.495301694 -0.025140159
1341848023.118789 0.315686107 -0.864997625 1.743895292 -0.003714437 0.867011011 0.497211576 -0.032537758
1341848023.150992 0.322461784 -0.860108554 1.738942146 -0.005865257 0.865946770 0.498175800 -0.043848328
1341848023.186687 0.327980876 -0.855984271 1.739346981 -0.004623808 0.867329538 0.494927347 -0.052584138
1341848023.218702 0.327181816 -0.862040102 1.741500378 0.001914640 0.863440454 0.500935853 -0.059414785
1341848023.250764 0.335532725 -0.858563244 1.739956498 0.000982479 0.860217333 0.505122840 -0.069829166
1341848023.286758 0.338405132 -0.854958534 1.739875793 -0.002592462 0.858692467 0.507223845 -0.073242441
1341848023.318763 0.340874046 -0.857708514 1.738632679 -0.007944212 0.855368555 0.512090981 -0.077745751
1341848023.354762 0.345730394 -0.852484584 1.737263918 -0.012630088 0.853512585 0.513785481 -0.085914023
1341848023.386908 0.351668090 -0.847478390 1.736460924 -0.015536787 0.852612853 0.514320374 -0.091019906
1341848023.418717 0.355615765 -0.848867536 1.736696243 -0.016067702 0.850626826 0.516683042 -0.095991716
1341848023.454710 0.359958351 -0.846676886 1.734939337 -0.015088740 0.848005652 0.519695282 -0.102837816
1341848023.487092 0.361647844 -0.845794797 1.732868910 -0.013629161 0.846416473 0.521669924 -0.106084481
1341848023.518675 0.363380194 -0.845934570 1.731000185 -0.014465292 0.845166981 0.523010671 -0.109286062
1341848023.555068 0.366953135 -0.842476904 1.730131626 -0.017791204 0.845157623 0.521571875 -0.115563236
1341848023.586796 0.372399539 -0.838104665 1.726499557 -0.019371569 0.845145881 0.520222366 -0.121333435
1341848023.622845 0.375128329 -0.836957574 1.725381374 -0.018128995 0.845726311 0.518335998 -0.125483483
1341848023.654718 0.377169877 -0.836241424 1.723469257 -0.018049397 0.845659137 0.517219245 -0.130457357
1341848023.687172 0.379919440 -0.834414482 1.722061157 -0.018225698 0.845839620 0.515441000 -0.136175364
1341848023.722693 0.383666247 -0.831286848 1.718008757 -0.017206877 0.845927656 0.513726234 -0.142111644
1341848023.754690 0.385251522 -0.832762241 1.716453791 -0.015714670 0.845182657 0.514109731 -0.145294487
1341848023.786854 0.386690617 -0.830432713 1.711474657 -0.017361511 0.843643665 0.515295565 -0.149781153
1341848023.822788 0.389893264 -0.827365696 1.709551573 -0.018717406 0.844442904 0.512180090 -0.155683890
1341848023.854825 0.391898841 -0.825825274 1.706650257 -0.018494502 0.843477011 0.512483537 -0.159890905
1341848023.890666 0.393163145 -0.825280190 1.702478290 -0.018890131 0.842263520 0.513191521 -0.163919941
1341848023.922784 0.394928992 -0.823651552 1.697816610 -0.020048125 0.841837347 0.512317777 -0.168637052
1341848023.954826 0.396783113 -0.821379244 1.693831682 -0.020066041 0.841957808 0.510121286 -0.174587026
1341848023.990739 0.398977995 -0.819028974 1.691669583 -0.015988685 0.841530681 0.508274615 -0.182283863
1341848024.022671 0.401441336 -0.816654086 1.687811136 -0.011080872 0.839530587 0.509201288 -0.189155027
1341848024.054725 0.403331816 -0.813084781 1.682842970 -0.008786391 0.838929296 0.508707821 -0.193227395
1341848024.090828 0.404333651 -0.813067555 1.680080652 -0.005269517 0.838698387 0.507529795 -0.197410271
1341848024.122843 0.405644536 -0.811441660 1.677652597 -0.001834847 0.837417483 0.507587492 -0.202690810
1341848024.158762 0.409092188 -0.808164120 1.673020601 -0.000068772 0.835880816 0.507941902 -0.208082527
1341848024.190945 0.409090042 -0.809724927 1.669249535 0.001933699 0.835552275 0.507707655 -0.209956184
1341848024.222838 0.409537286 -0.810151219 1.668079376 0.002190099 0.833576977 0.509154022 -0.214258775
1341848024.258826 0.411316782 -0.806366444 1.663474321 0.003116489 0.831092179 0.510399699 -0.220835298
1341848024.290769 0.413014948 -0.804255366 1.660998702 0.003958771 0.830680549 0.509603024 -0.224185005
1341848024.322705 0.413566560 -0.804838896 1.659458280 0.003882714 0.827911019 0.512699664 -0.227348551
1341848024.358743 0.414473653 -0.800408721 1.654978991 0.001090286 0.826025069 0.513817310 -0.231674701
1341848024.390878 0.416649044 -0.797525287 1.652786136 -0.000022940 0.825620532 0.512104154 -0.236854509
1341848024.426783 0.417793930 -0.796294332 1.651028872 0.000068662 0.824250817 0.512545049 -0.240641177
1341848024.458795 0.419561356 -0.792887449 1.647788048 -0.000530350 0.822591364 0.513213456 -0.244857281
1341848024.491019 0.420619965 -0.791541219 1.646696806 -0.000276666 0.821415961 0.513128400 -0.248947635
1341848024.526783 0.422591805 -0.789059460 1.644390464 -0.002260815 0.819120288 0.514790773 -0.253036052
1341848024.558627 0.424438983 -0.787474036 1.641934514 -0.002790866 0.817486286 0.516014159 -0.255808055
1341848024.594736 0.426529229 -0.786611497 1.640692711 -0.002672063 0.816396594 0.516142964 -0.259009331
1341848024.626657 0.428900301 -0.784233272 1.637911081 -0.003449230 0.813549638 0.517967284 -0.264263034
1341848024.658717 0.431590170 -0.781376779 1.635368228 -0.004458140 0.811952412 0.518068790 -0.268920302
1341848024.694820 0.433704287 -0.779903531 1.634288311 -0.002988057 0.810883343 0.517625570 -0.272989064
1341848024.727054 0.436464459 -0.778149664 1.633002877 -0.002512506 0.808100581 0.519796193 -0.277090371
1341848024.758938 0.439040363 -0.772980690 1.629164934 -0.002942761 0.806794107 0.519233167 -0.281906962
1341848024.794701 0.442147702 -0.773758829 1.627599478 -0.003723182 0.805675924 0.518986583 -0.285526574
1341848024.826727 0.445346147 -0.771821320 1.625746250 -0.003876250 0.804026484 0.519088507 -0.289954454
1341848024.862797 0.449363470 -0.769449234 1.622756004 -0.002151229 0.803285122 0.517614603 -0.294624388
1341848024.894777 0.452397794 -0.769689798 1.622726560 0.001875471 0.803495288 0.515697300 -0.297402352
1341848024.926754 0.456726640 -0.767068744 1.619702339 0.003212989 0.801994026 0.514914811 -0.302750826
1341848024.962678 0.461096823 -0.765048087 1.618952274 0.005604193 0.802481234 0.512146235 -0.306102455
1341848024.994729 0.464325726 -0.765210211 1.619310498 0.009066739 0.801478565 0.511836827 -0.309148759
1341848025.026872 0.468190789 -0.762878239 1.617573738 0.010283765 0.799151719 0.513253152 -0.312765092
1341848025.062647 0.471641570 -0.761910200 1.615704536 0.009320848 0.798411369 0.512760282 -0.315482527
1341848025.094714 0.475502074 -0.760911822 1.615212083 0.007309202 0.797059655 0.512774527 -0.318911910
1341848025.131056 0.479791105 -0.758545578 1.613177061 0.007190472 0.794975460 0.513106942 -0.323548347
1341848025.163080 0.483513415 -0.758266866 1.612312675 0.009704185 0.794657171 0.511503220 -0.326787740
1341848025.194910 0.486740351 -0.758296549 1.612566233 0.011921602 0.793612063 0.511508822 -0.329236180
1341848025.230646 0.490980715 -0.755710959 1.609722853 0.012266943 0.791234434 0.511730790 -0.334558129
1341848025.262679 0.494205058 -0.754400849 1.608161688 0.013523211 0.791163504 0.510147393 -0.337086171
1341848025.294743 0.498093992 -0.754621565 1.607884884 0.013954627 0.790575504 0.510027111 -0.338626534
1341848025.330653 0.500608802 -0.752177000 1.605735779 0.013157136 0.789187074 0.510188103 -0.341641217
1341848025.363022 0.504288554 -0.751005530 1.603456855 0.012068875 0.788629472 0.509350479 -0.344209224
1341848025.398825 0.507310390 -0.750074267 1.603007793 0.013062738 0.788132429 0.508818269 -0.346093267
1341848025.430687 0.509275734 -0.748986363 1.600660443 0.013555749 0.786343753 0.510199726 -0.348103374
1341848025.462832 0.514184594 -0.745270848 1.596435308 0.009786038 0.784620166 0.509418726 -0.353225112
1341848025.498683 0.517201304 -0.744167686 1.595079899 0.008420942 0.783854961 0.508689821 -0.355998904
1341848025.530800 0.519311666 -0.742841005 1.593597054 0.008718026 0.782518923 0.509151042 -0.358264357
1341848025.566751 0.521651268 -0.741387963 1.591398716 0.008264012 0.781255007 0.509102941 -0.361090750
1341848025.598738 0.523629069 -0.740251184 1.590190649 0.006991153 0.780363858 0.508994162 -0.363191903
1341848025.630731 0.526614547 -0.739281058 1.588554144 0.007197774 0.779099762 0.508885026 -0.366043329
1341848025.666677 0.528936923 -0.737538099 1.587345719 0.007984735 0.778221905 0.508342147 -0.368639559
1341848025.698755 0.531165540 -0.736260891 1.586375356 0.007188304 0.776689112 0.508442581 -0.371737063
1341848025.730719 0.532805443 -0.734755278 1.584178329 0.005621647 0.774655879 0.509839058 -0.374086648
1341848025.766716 0.535114288 -0.733743846 1.582424402 0.004765053 0.774168491 0.508811057 -0.376499355
1341848025.798909 0.537130356 -0.731978893 1.581203341 0.004761919 0.773632765 0.507420242 -0.379465967
1341848025.834828 0.539415836 -0.730972707 1.578984976 0.006889028 0.772053897 0.507524252 -0.382497698
1341848025.866679 0.540441215 -0.730190754 1.577553511 0.009110842 0.772165358 0.506009042 -0.384229749
1341848025.898725 0.543476820 -0.727664053 1.575536489 0.010098350 0.771250010 0.504773319 -0.387653679
1341848025.934824 0.544827163 -0.725295961 1.573176384 0.010656173 0.769651473 0.505072713 -0.390415907
1341848025.967138 0.547312677 -0.725168347 1.572039127 0.012214017 0.769199133 0.503591180 -0.393165976
1341848025.998679 0.549604654 -0.722478330 1.570773363 0.013405420 0.767727017 0.503312647 -0.396348178
1341848026.034640 0.552223384 -0.721798062 1.567997575 0.015049728 0.765453339 0.503865421 -0.399967879
1341848026.066857 0.553702950 -0.719405174 1.566403389 0.016287943 0.765568614 0.501157403 -0.403088957
1341848026.102823 0.556158781 -0.717352271 1.565402508 0.017770242 0.764133215 0.500146031 -0.406987190
1341848026.134670 0.558803916 -0.714002609 1.561875939 0.019894553 0.761735320 0.500051320 -0.411475599
1341848026.166699 0.561045051 -0.713961005 1.560750365 0.023530954 0.761537194 0.498454601 -0.413582534
1341848026.202754 0.563431263 -0.712062120 1.559346199 0.025571330 0.759301126 0.498810530 -0.417128265
1341848026.234940 0.565791547 -0.710422873 1.557036519 0.027197558 0.756809115 0.499161869 -0.421114773
1341848026.267001 0.568818092 -0.708005905 1.556505442 0.031115551 0.756192863 0.497031003 -0.424457729
1341848026.302861 0.570520639 -0.707655966 1.554657936 0.034235384 0.752941549 0.499487132 -0.427106082
1341848026.334824 0.572019696 -0.705508411 1.552288771 0.034449447 0.751297951 0.499339789 -0.430144697
1341848026.371024 0.575318515 -0.702296972 1.549468279 0.034274302 0.750218391 0.497262686 -0.434427738
1341848026.402725 0.577761590 -0.700613201 1.547770977 0.035832509 0.749058783 0.496217102 -0.437487781
1341848026.434734 0.579488337 -0.698593438 1.545131803 0.037689317 0.748131573 0.494559973 -0.440782368
1341848026.470839 0.581267178 -0.697361708 1.544047952 0.038053412 0.748190701 0.492610902 -0.442828506
1341848026.502672 0.583084345 -0.695770979 1.541967869 0.038199551 0.747079849 0.491207808 -0.446236998
1341848026.534739 0.585681319 -0.694535851 1.540126204 0.037724458 0.746430755 0.489492923 -0.449237883
1341848026.570847 0.587335825 -0.693157673 1.538045287 0.036237758 0.746414483 0.488446742 -0.450524211
1341848026.602721 0.590330243 -0.692281187 1.536731720 0.033861410 0.746106088 0.487988502 -0.451714814
1341848026.641972 0.592517555 -0.690473676 1.534657359 0.033559386 0.745114267 0.487344772 -0.454063326
1341848026.671128 0.594707727 -0.688878119 1.532258749 0.033726685 0.744795501 0.486286551 -0.455705553
1341848026.702795 0.597507000 -0.687935054 1.530260563 0.032777000 0.744811893 0.485671550 -0.456403345
1341848026.738795 0.600443006 -0.686352849 1.528737426 0.031299867 0.744718730 0.484976858 -0.457396716
1341848026.770813 0.604008853 -0.684719205 1.527287483 0.031430915 0.744126379 0.485232115 -0.458080530
1341848026.806747 0.607245326 -0.682448864 1.524840832 0.031574130 0.743046105 0.486114711 -0.458887815
1341848026.838668 0.610540986 -0.681870878 1.522901297 0.031565849 0.742373168 0.487638772 -0.458360255
1341848026.878025 0.615153790 -0.679228663 1.521468878 0.029190514 0.741764069 0.487818956 -0.459311098
1341848026.906905 0.619585991 -0.677610397 1.519235253 0.027375720 0.740429938 0.489491999 -0.459795177
1341848026.938881 0.624411047 -0.675829768 1.515969634 0.026260186 0.739739835 0.490641952 -0.459745497
1341848026.970651 0.629043937 -0.673673034 1.515289783 0.025944078 0.740273178 0.490302533 -0.459266782
1341848027.006815 0.632634938 -0.672842383 1.513591170 0.025458291 0.739384234 0.492056936 -0.458849490
1341848027.038669 0.636933863 -0.672162175 1.511738300 0.026476793 0.739159822 0.491201937 -0.460067809
1341848027.074785 0.641624212 -0.671159267 1.512277365 0.027789783 0.739926994 0.490072459 -0.459961623
1341848027.106663 0.646550357 -0.667484105 1.509428024 0.027608650 0.737759829 0.489948392 -0.463571638
1341848027.138671 0.650952041 -0.666857421 1.507012129 0.027942058 0.737915576 0.487631589 -0.465741664
1341848027.174831 0.656654119 -0.666071057 1.506899834 0.026192416 0.738892913 0.485526413 -0.466492593
1341848027.207212 0.660835981 -0.665255010 1.505570412 0.026688959 0.738115251 0.484615713 -0.468637496
1341848027.238696 0.665606260 -0.664043427 1.504258871 0.027068099 0.737609446 0.482590348 -0.471493512
1341848027.274701 0.670577645 -0.663874328 1.503348589 0.026786717 0.737744331 0.481690824 -0.472217888
1341848027.306705 0.675013542 -0.664228082 1.502792835 0.027184566 0.737639010 0.480533630 -0.473536909
1341848027.342775 0.680065393 -0.661954522 1.500910163 0.027287913 0.737770319 0.478228152 -0.475655407
1341848027.374943 0.685559988 -0.661103129 1.498345613 0.026952904 0.738292038 0.476507008 -0.476591527
1341848027.406837 0.690454721 -0.660311401 1.497810721 0.026404679 0.739973962 0.474136412 -0.476377964
1341848027.442959 0.694880962 -0.658856273 1.495858669 0.026115309 0.741439939 0.471841931 -0.476392657
1341848027.474800 0.699228585 -0.659275949 1.494507313 0.025271045 0.743679285 0.469975322 -0.474790156
1341848027.506714 0.704765797 -0.658339739 1.492464066 0.023634946 0.745517492 0.468621552 -0.473327458
1341848027.543310 0.709050059 -0.657516599 1.490952849 0.023978226 0.747835457 0.466714114 -0.471534878
1341848027.574717 0.713700116 -0.657563925 1.490107656 0.021984413 0.750202835 0.465851396 -0.468716174
1341848027.610716 0.716584086 -0.656793833 1.488600254 0.021594916 0.751351297 0.465492159 -0.467249334
1341848027.642684 0.721373320 -0.655497432 1.485884666 0.020715900 0.751999736 0.465291053 -0.466445565
1341848027.674731 0.724855781 -0.654372096 1.485439420 0.020212259 0.753420532 0.464926958 -0.464534104
1341848027.711026 0.727660537 -0.653287172 1.483804584 0.020798199 0.753459752 0.465030521 -0.464340836
1341848027.742789 0.730453491 -0.650918603 1.482057095 0.020584758 0.754205227 0.464619219 -0.463551164
1341848027.778768 0.733345151 -0.650086045 1.478979707 0.018937832 0.754722834 0.465910614 -0.461478233
1341848027.810746 0.736380458 -0.650947630 1.477374315 0.017438991 0.755130112 0.467535049 -0.459222615
1341848027.842836 0.740525782 -0.647631764 1.474167824 0.016379086 0.754668951 0.468550622 -0.458984524
1341848027.878669 0.742433071 -0.644198656 1.471300364 0.015518677 0.754932523 0.469447970 -0.457662225
1341848027.911127 0.745251656 -0.641962826 1.469989300 0.013786500 0.756294072 0.469480217 -0.455431223
1341848027.942732 0.747626364 -0.640709102 1.467308760 0.012637130 0.755627453 0.471895158 -0.454073191
1341848027.978757 0.749465823 -0.639541626 1.462316275 0.011692795 0.755503953 0.473325938 -0.452813059
1341848028.011034 0.751756072 -0.637700081 1.461459279 0.009320385 0.757799089 0.472203553 -0.450197190
1341848028.046706 0.754202485 -0.635850549 1.458769679 0.008021864 0.758015156 0.472443968 -0.449605852
1341848028.078967 0.756597877 -0.635147691 1.452568650 0.007901687 0.757493436 0.473070681 -0.449828118
1341848028.110971 0.758895755 -0.633561015 1.452393770 0.009439112 0.760584056 0.470056444 -0.447738528
1341848028.150637 0.758238792 -0.632322848 1.449373841 0.010913437 0.760872960 0.469790578 -0.447492987
1341848028.186050 0.760468185 -0.629182816 1.444389343 0.009090383 0.761351764 0.467781663 -0.448821992
1341848028.254235 0.763425589 -0.624613166 1.439861536 0.009390998 0.762477577 0.465129972 -0.449659675
1341848028.278830 0.764663279 -0.623861730 1.436527014 0.009930300 0.762816668 0.464045048 -0.450193614
1341848028.314908 0.765808642 -0.622445107 1.433964610 0.009431259 0.763151228 0.462817937 -0.450899929
1341848028.347962 0.768122554 -0.621111870 1.429227948 0.009060641 0.761807442 0.462571889 -0.453425407
1341848028.378956 0.769445240 -0.617234111 1.424663782 0.009447295 0.761373162 0.460667938 -0.456077486
1341848028.414628 0.770526946 -0.616918564 1.422716141 0.010893193 0.762345135 0.458593041 -0.456512421
1341848028.447632 0.772070110 -0.614809036 1.417968750 0.009613841 0.760940492 0.458851129 -0.458620489
1341848028.482785 0.774981022 -0.612579703 1.414773583 0.009501975 0.761338055 0.456255466 -0.460548580
1341848028.514701 0.778066397 -0.610026240 1.413394928 0.011947961 0.762048244 0.454048902 -0.461496830
1341848028.546612 0.779215693 -0.607569158 1.407245398 0.013248176 0.760383308 0.455548495 -0.462728143
1341848028.582747 0.781735659 -0.606482387 1.404447079 0.012822633 0.760742128 0.455093265 -0.462598175
1341848028.614649 0.786236525 -0.603554845 1.402240515 0.012247028 0.760814667 0.454517990 -0.463059813
1341848028.653766 0.788160384 -0.602023959 1.395652294 0.012944930 0.759152949 0.456899792 -0.463423997
1341848028.721828 0.791979909 -0.598231077 1.392450571 0.014290673 0.761091828 0.454469144 -0.462593615
1341848028.747229 0.794224679 -0.595927894 1.388533354 0.015486830 0.760570884 0.454117417 -0.463755816
1341848028.782861 0.796159804 -0.594213486 1.383859873 0.015953561 0.760550797 0.453949243 -0.463937491
1341848028.814757 0.798239946 -0.591812134 1.381551027 0.015510141 0.761322320 0.453065455 -0.463550895
1341848028.850773 0.800829887 -0.589595795 1.377575517 0.014824471 0.761247873 0.452677667 -0.464074105
1341848028.882714 0.803634465 -0.588040829 1.374554634 0.015804848 0.761435926 0.452823102 -0.463591099
1341848028.914838 0.806326151 -0.585876107 1.371629119 0.017301135 0.760778904 0.453736365 -0.463723481
1341848028.950881 0.808097243 -0.584423482 1.369777203 0.019240383 0.760748386 0.454147577 -0.463294417
1341848028.982690 0.809431016 -0.582602143 1.365339279 0.019511921 0.759686232 0.456113070 -0.463095039
1341848029.018728 0.810949922 -0.581638455 1.363493681 0.017955972 0.759994805 0.456615627 -0.462155402
1341848029.050751 0.812301517 -0.579532564 1.359488130 0.015929222 0.758916855 0.457284033 -0.463338703
1341848029.082877 0.814474940 -0.577489674 1.357511878 0.014813155 0.759093702 0.456501126 -0.463857859
1341848029.118800 0.816913009 -0.575309396 1.354273677 0.015025444 0.758142710 0.456780553 -0.465129435
1341848029.150715 0.818516731 -0.574006438 1.351361394 0.014733562 0.756684721 0.458489388 -0.465831161
1341848029.182676 0.820295334 -0.572091341 1.348858118 0.013818911 0.754905224 0.460090697 -0.467165649
1341848029.218708 0.821799338 -0.571148455 1.347524405 0.013762905 0.754248857 0.460841388 -0.467487425
1341848029.250626 0.823808312 -0.569844127 1.344254494 0.012084589 0.752848685 0.462708920 -0.467945874
1341848029.286969 0.825722873 -0.567897916 1.342458248 0.009380780 0.751876593 0.463125437 -0.469157189
1341848029.320225 0.828148484 -0.565730333 1.341115236 0.008054985 0.750492752 0.463012457 -0.471503109
1341848029.350954 0.830558062 -0.563171327 1.337659478 0.009238591 0.749799967 0.461544752 -0.474016011
1341848029.386923 0.832584560 -0.562679887 1.336263418 0.009128463 0.749799073 0.461218596 -0.474336803
1341848029.418757 0.834801316 -0.560759068 1.333751559 0.008448515 0.747856736 0.461338252 -0.477290243
1341848029.450819 0.838084221 -0.558192849 1.331877708 0.008032694 0.747622252 0.458976775 -0.479934126
1341848029.486788 0.841076016 -0.558099270 1.330206513 0.007645334 0.747012556 0.458594143 -0.481253743
1341848029.518925 0.843684793 -0.557153463 1.328306198 0.006936147 0.745841444 0.457659215 -0.483963221
1341848029.554721 0.847582638 -0.554858446 1.326777220 0.007008729 0.745702446 0.454202384 -0.487420648
1341848029.586990 0.851493835 -0.553445876 1.324144006 0.007490206 0.745456398 0.452316552 -0.489538908
1341848029.618715 0.854953051 -0.552426219 1.322329044 0.008894279 0.744006038 0.451023042 -0.492903739
1341848029.655302 0.858244419 -0.551154554 1.319523573 0.009630968 0.742041945 0.449852824 -0.496903777
1341848029.686830 0.861992359 -0.549912930 1.318007588 0.009837948 0.741941035 0.447338432 -0.499314517
1341848029.718752 0.866970658 -0.548060417 1.317743182 -0.009259030 -0.740360558 -0.445980668 0.502873480
1341848029.754791 0.869140029 -0.546312690 1.313911796 -0.010401621 -0.737628043 -0.446115375 0.506732464
1341848029.786949 0.872821212 -0.546816528 1.311634541 -0.010750436 -0.736622095 -0.445875078 0.508397281
1341848029.822778 0.876599908 -0.545546889 1.309769869 -0.010928742 -0.734519660 -0.445918798 0.511388183
1341848029.854811 0.879747868 -0.543835104 1.308031559 -0.011664142 -0.732832074 -0.444802195 0.514754534
1341848029.887992 0.883758426 -0.541121304 1.307582378 -0.012369294 -0.732207656 -0.441964865 0.518059909
1341848029.922779 0.886952162 -0.541377544 1.306718826 -0.013803299 -0.730729640 -0.442534566 0.519621849
1341848029.954640 0.890321374 -0.538866758 1.303710222 -0.013772719 -0.727814674 -0.442529351 0.523702204
1341848029.990762 0.893293262 -0.537191033 1.303028345 -0.014051354 -0.726950765 -0.440831810 0.526319802
1341848030.022873 0.898024082 -0.535417199 1.301913142 -0.014506074 -0.725144863 -0.440054923 0.529439509
1341848030.054776 0.899846613 -0.535236478 1.299447656 -0.015476677 -0.722931802 -0.441278160 0.531416535
1341848030.090782 0.902682185 -0.532787919 1.299141765 -0.014748597 -0.722401857 -0.439743310 0.533426464
1341848030.122796 0.905639529 -0.532141507 1.296338320 -0.014216173 -0.719971538 -0.440368474 0.536203623
1341848030.154918 0.907683730 -0.530119956 1.294717550 -0.014939512 -0.718087256 -0.439863473 0.539117455
1341848030.190683 0.910197377 -0.529209018 1.292800188 -0.014786496 -0.716222048 -0.439879030 0.541584492
1341848030.222713 0.911655784 -0.527771831 1.292502999 -0.014477267 -0.714616656 -0.439486146 0.544026971
1341848030.258930 0.914013624 -0.526964784 1.289595366 -0.013176044 -0.711355805 -0.440363318 0.547612488
1341848030.290864 0.916600108 -0.524796009 1.288762927 -0.013599803 -0.709451735 -0.439325184 0.550896227
1341848030.322775 0.918027639 -0.523521543 1.288080096 -0.013392120 -0.708001673 -0.439525545 0.552604258
1341848030.358886 0.920510411 -0.522095203 1.286175370 -0.013030106 -0.704600453 -0.440348655 0.556292534
1341848030.390832 0.921330810 -0.519361258 1.283373594 -0.013227512 -0.701963723 -0.439505249 0.560274124
1341848030.422795 0.923855782 -0.517967582 1.282760978 -0.012766504 -0.700138569 -0.439421713 0.562629104
1341848030.458888 0.925171316 -0.515685439 1.279578805 -0.013453270 -0.697516263 -0.438772351 0.566364527
1341848030.490846 0.927065134 -0.514391065 1.278387904 -0.012528975 -0.696343839 -0.439465046 0.567290723
1341848030.526716 0.927739739 -0.511207223 1.276291490 -0.012460040 -0.694247305 -0.439185411 0.570071638
1341848030.565795 0.928871632 -0.509121418 1.274257660 -0.012614408 -0.692737758 -0.437713683 0.573028862
1341848030.590919 0.930498242 -0.507498741 1.271958232 -0.013127810 -0.690970957 -0.436354220 0.576178610
1341848030.626961 0.932553947 -0.505540371 1.269991159 -0.014223664 -0.688994229 -0.434870034 0.579631567
1341848030.658903 0.933601260 -0.503137946 1.266686559 -0.015472500 -0.687542140 -0.432670534 0.582960188
1341848030.690656 0.936018467 -0.501830220 1.264349461 -0.016837521 -0.687176168 -0.429836452 0.585445225
1341848030.726765 0.936801076 -0.499948770 1.261158466 -0.017383240 -0.685244381 -0.428982198 0.588313043
1341848030.758759 0.938132107 -0.498770803 1.258266568 -0.018232325 -0.683619916 -0.426450014 0.592006564
1341848030.794692 0.939757943 -0.497049659 1.254690170 -0.017323842 -0.681649923 -0.424335212 0.595812738
1341848030.827483 0.941725016 -0.495204419 1.252069116 -0.017554464 -0.680666566 -0.421085864 0.599225760
1341848030.859838 0.944736362 -0.493115902 1.250570178 -0.018539468 -0.680435538 -0.416720003 0.602501631
1341848030.894711 0.947313845 -0.491236120 1.247265100 -0.022480128 -0.678469718 -0.413214356 0.606982231
1341848030.926741 0.947911859 -0.488851368 1.242542267 -0.026139542 -0.676767230 -0.410025865 0.610885918
1341848030.958727 0.949145436 -0.487770736 1.239187479 -0.026025582 -0.676466048 -0.407125354 0.613160074
1341848030.994735 0.951702833 -0.486875296 1.235010862 -0.025516447 -0.674011827 -0.404204130 0.617799282
1341848031.026698 0.954589128 -0.484066874 1.232310176 -0.026936775 -0.674160898 -0.399916559 0.620361328
1341848031.062783 0.956473410 -0.481368870 1.228593230 -0.029671533 -0.674703896 -0.395449162 0.622506440
1341848031.094761 0.959944010 -0.481012523 1.225330114 -0.032200132 -0.673625231 -0.392777115 0.625234663
1341848031.126776 0.961833477 -0.480135947 1.222347856 -0.034288932 -0.673728228 -0.391044259 0.626098156
1341848031.162860 0.964142203 -0.477435499 1.218511820 -0.035497639 -0.674437106 -0.388731331 0.626707673
1341848031.194685 0.967494130 -0.476081282 1.215009212 -0.036357492 -0.673786759 -0.387762308 0.627956986
1341848031.230953 0.968678713 -0.474080533 1.211547136 -0.037564248 -0.672694206 -0.387830406 0.629014313
1341848031.262715 0.972177207 -0.472214520 1.209734440 -0.038756765 -0.673457921 -0.385778695 0.629386306
1341848031.294747 0.974238694 -0.470082551 1.206536293 -0.041817937 -0.672301114 -0.385362327 0.630680859
1341848031.330754 0.973641515 -0.469329178 1.203027248 -0.043909620 -0.670898139 -0.386540949 0.631311059
1341848031.363008 0.975375354 -0.468174309 1.199521065 -0.042955328 -0.670096219 -0.385636985 0.632779598
1341848031.394753 0.976882279 -0.466902107 1.197636485 -0.041349053 -0.669397295 -0.385403752 0.633767605
1341848031.430611 0.978561819 -0.465642124 1.194730639 -0.040733907 -0.668031275 -0.384051710 0.636065423
1341848031.472150 0.979092956 -0.465376526 1.192096829 -0.039425202 -0.667039156 -0.384214461 0.637090027
1341848031.502110 0.981923342 -0.464523047 1.190527678 -0.036992762 -0.665555179 -0.384808511 0.638428032
1341848031.538148 0.982246876 -0.462552220 1.188488126 -0.036080476 -0.663678110 -0.383315980 0.641325474
1341848031.562876 0.985153854 -0.462254435 1.186848283 -0.035761952 -0.662320733 -0.381616145 0.643755674
1341848031.598730 0.986710906 -0.461319804 1.185043573 -0.035456687 -0.659643888 -0.381440669 0.646618724
1341848031.630816 0.987933099 -0.460230321 1.182757258 -0.035191301 -0.657921016 -0.379928589 0.649273276
1341848031.662784 0.989500403 -0.459509552 1.180742621 -0.034257811 -0.656268954 -0.378957063 0.651558816
1341848031.698757 0.991096616 -0.458119780 1.179555058 -0.032834291 -0.654523015 -0.378243297 0.653799355
1341848031.730668 0.991477251 -0.458243817 1.177377582 -0.031983610 -0.653407454 -0.376726955 0.655829608
1341848031.766658 0.994785786 -0.457638025 1.176427126 -0.029723287 -0.652847111 -0.373987943 0.658057928
1341848031.798743 0.997673452 -0.455937624 1.174820423 -0.029287806 -0.650448143 -0.371840566 0.661660135
1341848031.830821 0.999061823 -0.454374164 1.172931075 -0.030263821 -0.648383439 -0.368282765 0.665620625
1341848031.866735 1.000494242 -0.455222905 1.170758486 -0.030261116 -0.646063149 -0.367015421 0.668570399
1341848031.898722 1.002580523 -0.453543037 1.168952942 -0.028246306 -0.643700123 -0.365141451 0.671955347
1341848031.930844 1.006340265 -0.452225506 1.167860270 -0.028088348 -0.643080294 -0.360443205 0.675084889
1341848031.966694 1.008436441 -0.452418476 1.165309787 -0.029027123 -0.641116142 -0.360338330 0.676966608
1341848031.998742 1.010190248 -0.451750606 1.163789153 -0.027440237 -0.638855100 -0.359724700 0.679491997
1341848032.034711 1.013002753 -0.450325400 1.161262512 -0.025225507 -0.637463391 -0.357918710 0.681834519
1341848032.066718 1.016816854 -0.449243128 1.160457730 -0.025294088 -0.636376083 -0.356441975 0.683618903
1341848032.098732 1.019957662 -0.447278678 1.155793667 -0.025793476 -0.634281814 -0.355127782 0.686225593
1341848032.134739 1.021598697 -0.445999622 1.154141426 -0.025436496 -0.634319007 -0.354765743 0.686391711
1341848032.166964 1.024293184 -0.445309550 1.152826548 -0.025800223 -0.633014560 -0.354674637 0.687628388
1341848032.203043 1.026876450 -0.442667842 1.150351167 -0.025523890 -0.632485151 -0.353244007 0.688861191
1341848032.234663 1.030394316 -0.441665620 1.148047686 -0.025567152 -0.632080078 -0.353006661 0.689352810
1341848032.266730 1.032389164 -0.439676881 1.146713495 -0.025649657 -0.630154490 -0.353488982 0.690863967
1341848032.302842 1.033371329 -0.437660724 1.144231915 -0.025023313 -0.629397392 -0.352692246 0.691983342
1341848032.334617 1.037914872 -0.436457634 1.142969966 -0.023892354 -0.629265547 -0.351410508 0.692794859
1341848032.366699 1.039814949 -0.434095174 1.141640425 -0.023258870 -0.627158046 -0.351805300 0.694524884
1341848032.402980 1.041270733 -0.432966918 1.140173793 -0.022307795 -0.626688480 -0.349168241 0.696308434
1341848032.434730 1.043583512 -0.431941450 1.138200641 -0.021563562 -0.625758946 -0.347704798 0.697898328
1341848032.470791 1.045747519 -0.431579947 1.136429429 -0.021242155 -0.625385761 -0.347201765 0.698492944
1341848032.502972 1.048853636 -0.429717690 1.133844018 -0.020697955 -0.625015497 -0.345382303 0.699741602
1341848032.534733 1.050270438 -0.429531544 1.131878138 -0.021057559 -0.624507844 -0.344465047 0.700635612
1341848032.570910 1.051648498 -0.428398222 1.129480720 -0.020952228 -0.623638809 -0.343483239 0.701893747
1341848032.603044 1.053654432 -0.426904917 1.125807047 -0.019545874 -0.624536455 -0.341852665 0.701932251
1341848032.634746 1.055026650 -0.425313264 1.123560548 -0.017918067 -0.625465274 -0.339818925 0.702136219
1341848032.670780 1.057750940 -0.425199002 1.121985197 -0.015578664 -0.626201451 -0.338629276 0.702110529
1341848032.702791 1.059657931 -0.423992664 1.118336320 -0.013849212 -0.626479268 -0.337626725 0.702381730
1341848032.738725 1.062646866 -0.422617257 1.114960432 -0.013550437 -0.627029419 -0.335841507 0.702752352
1341848032.770741 1.064506292 -0.420713902 1.111943007 -0.013791461 -0.626234710 -0.336574227 0.703105748
1341848032.802941 1.065653086 -0.419424266 1.108824730 -0.013247045 -0.626453519 -0.336371839 0.703018188
1341848032.838781 1.068562746 -0.417455733 1.104753017 -0.012121106 -0.627466321 -0.335550755 0.702527463
1341848032.870732 1.069909811 -0.415251911 1.103181362 -0.013067719 -0.627496541 -0.335203737 0.702649176
1341848032.902707 1.070557594 -0.414305240 1.099781871 -0.014320115 -0.627166688 -0.334170759 0.703410864
1341848032.938845 1.071780443 -0.412342995 1.097102165 -0.014284176 -0.626533389 -0.333820969 0.704141617
1341848032.970816 1.072097063 -0.410607815 1.094563246 -0.014038996 -0.625100970 -0.335322440 0.704706073
1341848033.006687 1.072412252 -0.408822209 1.091448903 -0.014012168 -0.623801291 -0.334373474 0.706307292
1341848033.039238 1.072693348 -0.407573462 1.088107109 -0.013847990 -0.622993648 -0.333262414 0.707547426
1341848033.070841 1.072000027 -0.405911565 1.085706234 -0.012558043 -0.621869743 -0.332651824 0.708846331
1341848033.106948 1.071999431 -0.404621124 1.083065867 -0.011230065 -0.620391786 -0.330744743 0.711052656
1341848033.139110 1.073121786 -0.402337492 1.078968883 -0.010628670 -0.619231641 -0.327639520 0.713506579
1341848033.170741 1.074166536 -0.400175661 1.076338172 -0.012734692 -0.617998183 -0.325465858 0.715533435
1341848033.206854 1.073270798 -0.398242414 1.075168252 -0.015222624 -0.616840839 -0.323901176 0.717191517
1341848033.238728 1.072953105 -0.397107720 1.072598219 -0.015810113 -0.614871800 -0.322267145 0.719601691
1341848033.274940 1.075066805 -0.395247728 1.069714069 -0.014580456 -0.613159835 -0.322221458 0.721107304
1341848033.306665 1.074660301 -0.393819511 1.067682505 -0.016036443 -0.610831857 -0.321766227 0.723252237
1341848033.338836 1.075809717 -0.391758949 1.065261841 -0.016510550 -0.609246254 -0.319738805 0.725474715
1341848033.374810 1.076938868 -0.389591664 1.062568069 -0.016342454 -0.607064188 -0.320475847 0.726980925
1341848033.406805 1.075093985 -0.388445556 1.058800936 -0.016976213 -0.604902923 -0.320791006 0.728627026
1341848033.443097 1.076382756 -0.386498570 1.056084394 -0.016506221 -0.604475558 -0.318710834 0.729904294
1341848033.474671 1.076409101 -0.384639472 1.053627729 -0.017014954 -0.602957964 -0.318274587 0.731336713
1341848033.506807 1.076542139 -0.383178711 1.050908208 -0.017301710 -0.601722181 -0.317721814 0.732587099
1341848033.542876 1.076658607 -0.381381422 1.048281312 -0.017263120 -0.601488471 -0.316053659 0.733500957
1341848033.574826 1.077517748 -0.380555689 1.046053290 -0.018194621 -0.600377917 -0.314792573 0.734929144
1341848033.606870 1.077776670 -0.379249394 1.043693781 -0.019749120 -0.598259687 -0.313076764 0.737345338
1341848033.642934 1.077450395 -0.378396928 1.040559649 -0.020974975 -0.597806215 -0.311608553 0.738300622
1341848033.674924 1.077783942 -0.377467752 1.039099932 -0.021245949 -0.597165167 -0.310996264 0.739069462
1341848033.710808 1.078144550 -0.376258343 1.036411643 -0.022278067 -0.595610976 -0.309896320 0.740753293
1341848033.742797 1.077149510 -0.375840724 1.034035444 -0.023550820 -0.595865607 -0.307707936 0.741421163
1341848033.774817 1.079113007 -0.373674065 1.031203985 -0.021533368 -0.595695436 -0.306947023 0.741934419
1341848033.811114 1.079077244 -0.374009490 1.029712796 -0.022262359 -0.593712032 -0.306598932 0.743644774
1341848033.842774 1.079550862 -0.372671187 1.027279019 -0.023098316 -0.592683673 -0.304291457 0.745385230
1341848033.874878 1.081117749 -0.370827287 1.024686217 -0.023431087 -0.591720641 -0.303046405 0.746646166
1341848033.911229 1.080763102 -0.370421052 1.023077488 -0.023830231 -0.588831842 -0.301927507 0.749365747
1341848033.942752 1.082296729 -0.368757069 1.021685362 -0.020173617 -0.585700333 -0.299635530 0.752839088
1341848033.978916 1.081717730 -0.368800253 1.021293402 -0.017598182 -0.583676338 -0.296781152 0.755601227
1341848034.010755 1.083029747 -0.368750662 1.019506335 -0.014429590 -0.580553532 -0.294255704 0.759054005
1341848034.042713 1.084089875 -0.368513614 1.018788457 -0.012109145 -0.576228857 -0.291077107 0.763601899
1341848034.078802 1.083660603 -0.368150264 1.016168594 -0.013456703 -0.573432386 -0.287082881 0.767188072
1341848034.110771 1.084954977 -0.367367744 1.014620900 -0.012729576 -0.572107434 -0.282583505 0.769855559
1341848034.142710 1.087332010 -0.368027359 1.013654947 -0.010333545 -0.567438304 -0.278061241 0.774976730
1341848034.178809 1.086041451 -0.366438568 1.011014700 -0.007877516 -0.562784195 -0.275467515 0.779313564
1341848034.210696 1.088903308 -0.366791874 1.010561705 -0.008012432 -0.562167168 -0.272304684 0.780867457
1341848034.246723 1.090802670 -0.366468608 1.008281708 -0.010028507 -0.558562815 -0.268818676 0.784629524
1341848034.278739 1.091487527 -0.365405709 1.007036567 -0.009690421 -0.556057751 -0.265521049 0.787530601
1341848034.318061 1.092692375 -0.365366578 1.004745007 -0.008519403 -0.554327190 -0.263048381 0.789591253
1341848034.353785 1.095403790 -0.364800215 1.002912045 -0.009214293 -0.552188039 -0.260028034 0.792078853
1341848034.386162 1.097367525 -0.363602221 0.999599397 -0.010035912 -0.550791323 -0.257342607 0.793916225
1341848034.421769 1.100361824 -0.362980127 0.997512937 -0.010147250 -0.549888730 -0.255745500 0.795055747
1341848034.453838 1.101941109 -0.361338258 0.993988931 -0.010603276 -0.547284305 -0.254759938 0.797160447
1341848034.485678 1.103602409 -0.359929711 0.991729617 -0.010205225 -0.546886742 -0.253883243 0.797718048
1341848034.521747 1.106803179 -0.357436359 0.988605738 -0.008395545 -0.546889544 -0.253755033 0.797778010
1341848034.553684 1.108825445 -0.355849862 0.986351311 -0.008464213 -0.546094239 -0.253950477 0.798259735
1341848034.585774 1.111568451 -0.353030473 0.982532620 -0.009144831 -0.545639694 -0.253827572 0.798602104
1341848034.653784 1.114963770 -0.347241640 0.976746023 -0.011182019 -0.543855786 -0.256246418 0.799020410
1341848034.683883 1.117075801 -0.345704615 0.973979831 -0.012380011 -0.542289555 -0.256633818 0.799942434
1341848034.715163 1.119464874 -0.343512416 0.970272303 -0.013178506 -0.541696012 -0.256173283 0.800479233
1341848034.746742 1.121742010 -0.340251535 0.967979074 -0.014135246 -0.541866541 -0.256608844 0.800207973
1341848034.782798 1.122928143 -0.337102026 0.965497911 -0.015691970 -0.540511250 -0.256458491 0.801143169
1341848034.814737 1.124584913 -0.334620148 0.962551594 -0.015389184 -0.539796352 -0.256355107 0.801663935
1341848034.846851 1.126769304 -0.330404699 0.961089253 -0.014333951 -0.540012062 -0.257011831 0.801327944
1341848034.882707 1.127577186 -0.328351080 0.959515214 -0.015451323 -0.538609982 -0.257003963 0.802252710
1341848034.914816 1.129287481 -0.327240348 0.958289444 -0.016028259 -0.537718534 -0.257595897 0.802649498
1341848034.951491 1.130274653 -0.325177610 0.956549883 -0.015831830 -0.535881877 -0.258135974 0.803707540
1341848034.983028 1.130888939 -0.323176712 0.954594612 -0.015917296 -0.533734798 -0.258213669 0.805108368
1341848035.014942 1.131186962 -0.321201473 0.952568173 -0.016818972 -0.531802356 -0.258093506 0.806406260
1341848035.050945 1.131778359 -0.318799406 0.950666189 -0.017743116 -0.530659437 -0.257422656 0.807353258
1341848035.084295 1.131424785 -0.317514181 0.948968291 -0.017464731 -0.529820383 -0.257411778 0.807913661
1341848035.118886 1.133976698 -0.316265345 0.946833313 -0.017589273 -0.527988434 -0.258468091 0.808772624
1341848035.150978 1.134545803 -0.313976467 0.944936812 -0.019349990 -0.527026713 -0.258460581 0.809361815
1341848035.183874 1.134357452 -0.311659813 0.943125725 -0.019266667 -0.527103662 -0.258477747 0.809308231
1341848035.218946 1.134856582 -0.310831547 0.940989137 -0.018947124 -0.525124013 -0.259269327 0.810348809
1341848035.251174 1.135026217 -0.307698071 0.938694477 -0.018262584 -0.524288058 -0.258936554 0.811011970
1341848035.284261 1.134754419 -0.306630552 0.935782075 -0.018776035 -0.524508536 -0.257497489 0.811315775
1341848035.319914 1.134644866 -0.305000782 0.933489084 -0.018794393 -0.524013281 -0.255580723 0.812240958
1341848035.350991 1.133779645 -0.304152846 0.930159092 -0.019351956 -0.523483396 -0.254128188 0.813024879
1341848035.422709 1.133217573 -0.300433040 0.924919367 -0.019719360 -0.523326695 -0.249275818 0.814617634
1341848035.453465 1.132079959 -0.298791230 0.922840953 -0.020002248 -0.523309886 -0.247425750 0.815185428
1341848035.486822 1.131638646 -0.298055589 0.918318927 -0.020496216 -0.522940516 -0.245019808 0.816136241
1341848035.518623 1.132838249 -0.295627475 0.916019797 -0.021871541 -0.523063958 -0.242425174 0.816796064
1341848035.550852 1.130748987 -0.293563664 0.912444234 -0.023825074 -0.521859229 -0.238868549 0.818557978
1341848035.586716 1.130175829 -0.292900801 0.910054922 -0.023617977 -0.522184968 -0.235650018 0.819288790
1341848035.618790 1.130458474 -0.290098786 0.906979799 -0.022776863 -0.520256162 -0.233775198 0.821074843
1341848035.654654 1.130446672 -0.289359808 0.904738843 -0.025092144 -0.518507123 -0.230685130 0.822985470
1341848035.686693 1.130332470 -0.287218779 0.901528478 -0.027193392 -0.516811967 -0.227347538 0.824911475
1341848035.718791 1.129868150 -0.285132349 0.899175167 -0.029851152 -0.513179243 -0.225587592 0.827566445
1341848035.755991 1.128583074 -0.283810437 0.897955179 -0.031015698 -0.511631668 -0.223550618 0.829033256
1341848035.786729 1.128867030 -0.282259166 0.894507408 -0.030769443 -0.509590209 -0.222565547 0.830563426
1341848035.818784 1.127410889 -0.279886305 0.890510559 -0.031568743 -0.505238473 -0.221553788 0.833457530
1341848035.854701 1.126639605 -0.278570950 0.888569951 -0.031981867 -0.503831446 -0.218537778 0.835088193
1341848035.886689 1.126518011 -0.278176367 0.884961665 -0.033103038 -0.503221333 -0.216625169 0.835910261
1341848035.922832 1.125782728 -0.277439952 0.882770419 -0.034844130 -0.502616048 -0.214307487 0.836800635
1341848035.954633 1.124101043 -0.276151568 0.878739238 -0.035698313 -0.502186298 -0.211153686 0.837823749
1341848035.986741 1.125501156 -0.274814069 0.875290394 -0.037204314 -0.503085554 -0.208488435 0.837886274
1341848036.022779 1.125624895 -0.272066653 0.872779787 -0.040123202 -0.502895474 -0.205955729 0.838491857
1341848036.054911 1.123228669 -0.271233261 0.869668305 -0.042501494 -0.501658678 -0.204874814 0.839379847
1341848036.087013 1.123471022 -0.269423306 0.867500603 -0.042086627 -0.500884116 -0.203814998 0.840121031
1341848036.122737 1.123589993 -0.267524123 0.864783764 -0.042332064 -0.498706877 -0.204965621 0.841123402
1341848036.154810 1.121624231 -0.265825450 0.862900972 -0.043380417 -0.497022927 -0.204967067 0.842065811
1341848036.190835 1.121213317 -0.264738619 0.860275984 -0.043291472 -0.495957017 -0.204015329 0.842929542
1341848036.223282 1.120339751 -0.263528138 0.857719243 -0.042836655 -0.494362503 -0.204664439 0.843731701
1341848036.254692 1.118568182 -0.261433065 0.854938984 -0.040862512 -0.492815673 -0.205712944 0.844479263
1341848036.290758 1.117885828 -0.260668516 0.853385150 -0.038623333 -0.490417928 -0.206825346 0.845707834
1341848036.322672 1.118664742 -0.259390056 0.850186706 -0.038118921 -0.487749845 -0.206969947 0.847236991
1341848036.354859 1.116618633 -0.257644117 0.846730947 -0.038677052 -0.486338645 -0.206739947 0.848078668
1341848036.390843 1.115741014 -0.256406516 0.844186544 -0.039047435 -0.485690147 -0.205398187 0.848759115
1341848036.422758 1.115635872 -0.254800975 0.841208518 -0.038464513 -0.483145595 -0.204859018 0.850366771
1341848036.458823 1.114200711 -0.252971053 0.838478923 -0.037691880 -0.481487393 -0.204669878 0.851386786
1341848036.491205 1.114183187 -0.250849307 0.834928453 -0.036160778 -0.481596738 -0.204434678 0.851447880
1341848036.522726 1.113363981 -0.248435110 0.832534432 -0.034670483 -0.481008530 -0.204265207 0.851882935
1341848036.558942 1.111885309 -0.246891707 0.829753160 -0.033490587 -0.480039448 -0.202777103 0.852831721
1341848036.590723 1.110755205 -0.244936571 0.826828837 -0.032342512 -0.478659600 -0.201027453 0.854064941
1341848036.626802 1.109575391 -0.243275270 0.822973847 -0.032729574 -0.476517826 -0.197398186 0.856091976
1341848036.658670 1.108599424 -0.242633492 0.819604993 -0.031958036 -0.476069748 -0.194866642 0.856949985
1341848036.691175 1.107954741 -0.239623755 0.815594792 -0.028820748 -0.475054115 -0.192001060 0.858270645
1341848036.726753 1.108950138 -0.237586498 0.810127020 -0.027580742 -0.473485023 -0.188616157 0.859927416
1341848036.758851 1.106958389 -0.235050827 0.806559205 -0.027108995 -0.472224087 -0.185101837 0.861398160
1341848036.790720 1.106201053 -0.234650314 0.802214861 -0.025588850 -0.470921278 -0.182693079 0.862671137
1341848036.826992 1.108601570 -0.232921720 0.798954844 -0.023992412 -0.469444454 -0.181175530 0.863841236
1341848036.858633 1.107410669 -0.230554178 0.793698907 -0.024499364 -0.466331154 -0.178347334 0.866098881
1341848036.894756 1.106725097 -0.228574604 0.788769126 -0.025748203 -0.464542359 -0.174341813 0.867837727
1341848036.926846 1.105651498 -0.226274043 0.784915268 -0.024723899 -0.462814242 -0.172257379 0.869206011
1341848036.958725 1.105456829 -0.224058911 0.779354095 -0.021522716 -0.460926890 -0.171062872 0.870528936
1341848036.994836 1.105027676 -0.222267345 0.775047064 -0.020969631 -0.458875567 -0.168640122 0.872097492
1341848037.026790 1.103527308 -0.220578149 0.771165729 -0.019342819 -0.458219767 -0.168052912 0.872593105
1341848037.061042 1.102674484 -0.219592541 0.767478466 -0.016079100 -0.458065659 -0.167744488 0.872799575
1341848037.094661 1.102209687 -0.217490420 0.761653781 -0.013351913 -0.456631750 -0.165564433 0.874012351
1341848037.126709 1.101548076 -0.215377659 0.756958127 -0.012153512 -0.456936091 -0.163629711 0.874235153
1341848037.162789 1.102147818 -0.212873712 0.755015731 -0.009068419 -0.458674014 -0.159405887 0.874142826
1341848037.194724 1.100125909 -0.211362541 0.747185588 0.001022782 -0.461745739 -0.159885675 0.872482896
1341848037.227032 1.099564075 -0.209366113 0.743440688 0.002836994 -0.463414103 -0.156432986 0.872220159
1341848037.263738 1.101916552 -0.207395554 0.739425540 0.005380425 -0.467172354 -0.153349519 0.870749652
1341848037.295192 1.100104570 -0.210340813 0.730450869 0.008193737 -0.469088495 -0.154746458 0.869449437
1341848037.326868 1.100044131 -0.204115391 0.728674114 0.011534181 -0.469297081 -0.154545084 0.869334817
1341848037.362746 1.097588658 -0.203801408 0.724579334 0.011618120 -0.469019562 -0.154566407 0.869479716
1341848037.395057 1.096135974 -0.199152306 0.720988452 0.016868981 -0.469937891 -0.154745445 0.868865788
1341848037.430946 1.096062064 -0.198798805 0.716448069 0.018461505 -0.469305784 -0.156562045 0.868849576
1341848037.462765 1.094399929 -0.197263107 0.711318851 0.019392705 -0.468619376 -0.157086775 0.869105041
1341848037.494842 1.092452884 -0.195732564 0.706159294 0.020325165 -0.468937546 -0.158303216 0.868691325
1341848037.530725 1.092851877 -0.193335742 0.702323198 0.021311443 -0.468184561 -0.158647269 0.869010985
1341848037.562958 1.090762377 -0.191517025 0.699714720 0.021419551 -0.466755927 -0.160269871 0.869479001
1341848037.595756 1.090121508 -0.188237205 0.695668757 0.023295637 -0.466640711 -0.160541937 0.869442403
1341848037.630756 1.088040352 -0.186399236 0.694493175 0.023015544 -0.465244234 -0.161157012 0.870084226
1341848037.662669 1.086418033 -0.185794830 0.691372693 0.022928610 -0.462694019 -0.162886888 0.871123612
1341848037.698670 1.083867550 -0.183337033 0.688374758 0.024753561 -0.460798413 -0.163372383 0.871987104
1341848037.730964 1.081567526 -0.180612475 0.685278654 0.025575554 -0.458236039 -0.162272006 0.873517811
1341848037.769764 1.079630017 -0.178450659 0.682351768 0.024856050 -0.455757588 -0.161108747 0.875049233
1341848037.798917 1.075789452 -0.178791627 0.680830717 0.024671575 -0.454366475 -0.161019132 0.875794053
1341848037.837792 1.075429916 -0.175695345 0.676749229 0.026035858 -0.452468663 -0.158245638 0.877241433
1341848037.866711 1.073237181 -0.171898216 0.673751712 0.022820223 -0.449361563 -0.155907825 0.879344165
1341848037.898921 1.071455121 -0.171223283 0.671393633 0.018312488 -0.446980476 -0.154347032 0.880937040
1341848037.930939 1.069859862 -0.169729650 0.668971479 0.015980827 -0.442841679 -0.153811678 0.883163571
1341848037.966864 1.067693710 -0.167923182 0.665619969 0.012741830 -0.438916385 -0.154025212 0.885136306
1341848037.998629 1.065038204 -0.164181411 0.662788272 0.010931146 -0.436158389 -0.152555063 0.886776924
1341848038.030908 1.063252211 -0.162409604 0.660137951 0.009479491 -0.433366388 -0.152320370 0.888201714
1341848038.066849 1.062452912 -0.160026073 0.657160282 0.006802331 -0.429025561 -0.152143151 0.890361309
1341848038.098674 1.058744550 -0.157441914 0.654899895 0.003718638 -0.425156265 -0.150906309 0.892443597
1341848038.134662 1.055490851 -0.155707285 0.654312253 0.002408414 -0.423387140 -0.150650039 0.893332005
1341848038.166674 1.054962873 -0.153635114 0.652506471 0.002114017 -0.420604855 -0.151446268 0.894511700
1341848038.198711 1.052346349 -0.151506767 0.649336338 0.000527445 -0.417027324 -0.150470942 0.896351755
1341848038.234726 1.048458099 -0.150183231 0.646946430 -0.000686988 -0.415547818 -0.148698941 0.897333920
1341848038.274093 1.047243834 -0.148151606 0.644589067 0.000260402 -0.413868099 -0.148352668 0.898167372
1341848038.306525 1.046352625 -0.146690309 0.640880466 0.000248659 -0.411347955 -0.149474367 0.899138629
1341848038.341933 1.042643309 -0.146394730 0.638904750 -0.000442950 -0.409561843 -0.148615032 0.900095820
1341848038.374117 1.040900350 -0.144220591 0.636853695 0.001879547 -0.407308817 -0.149332315 0.900997162
1341848038.409802 1.038752675 -0.142755121 0.633790910 0.003284944 -0.405242473 -0.150697544 0.901697278
1341848038.441825 1.036717653 -0.141997784 0.630241632 0.003235187 -0.404639959 -0.148744673 0.902292132
1341848038.473889 1.035039306 -0.140169173 0.627312362 0.003087326 -0.402949333 -0.148008764 0.903169811
1341848038.510185 1.031308770 -0.139897451 0.624906003 0.003756120 -0.400688708 -0.148599356 0.904075623
1341848038.542164 1.028237939 -0.139451742 0.621193647 0.006525434 -0.400102317 -0.146479815 0.904665232
1341848038.566862 1.029195905 -0.138092577 0.619111955 0.010111999 -0.399733603 -0.146419451 0.904805064
1341848038.602989 1.027225971 -0.136032552 0.614313602 0.011667942 -0.398155361 -0.146988541 0.905389726
1341848038.634739 1.024035811 -0.134850249 0.610605538 0.012810379 -0.398453832 -0.146368951 0.905343354
1341848038.670685 1.023226619 -0.131494254 0.606675267 0.013817086 -0.397724569 -0.146589622 0.905613482
1341848038.702868 1.020975351 -0.131116807 0.603160024 0.012978503 -0.397144616 -0.147267342 0.905770421
1341848038.734794 1.019264102 -0.127795681 0.601002693 0.017124983 -0.397303671 -0.147381216 0.905613244
1341848038.770741 1.019479990 -0.126502335 0.595305800 0.017545931 -0.395375431 -0.147453219 0.906436980
1341848038.802800 1.017505884 -0.123599745 0.591237903 0.016258562 -0.395199001 -0.145999610 0.906773150
1341848038.838770 1.016437292 -0.122362688 0.588420212 0.016035618 -0.395505756 -0.144113079 0.906945169
1341848038.871141 1.018682599 -0.120689362 0.585098863 0.017610621 -0.393768698 -0.142918900 0.907860279
1341848038.902781 1.016953826 -0.116429001 0.580796957 0.016812818 -0.390616477 -0.141072616 0.909524441
1341848038.938767 1.015792489 -0.115096577 0.577167988 0.014950683 -0.390421748 -0.137784556 0.910144389
1341848038.970765 1.017476082 -0.111838758 0.573151350 0.014511101 -0.387817264 -0.135516480 0.911604404
1341848039.002634 1.015752673 -0.109433912 0.570387125 0.013123369 -0.383035034 -0.136294499 0.913529277
1341848039.038895 1.014192462 -0.108893201 0.567855477 0.012749231 -0.381205410 -0.133605257 0.914696455
1341848039.070805 1.015710473 -0.105037868 0.562478900 0.013545908 -0.378946751 -0.130917221 0.916011274
1341848039.106775 1.013611555 -0.104000553 0.559464753 0.012055964 -0.377074569 -0.130346373 0.916885674
1341848039.138656 1.013757110 -0.101954527 0.556509018 0.012669333 -0.376591146 -0.127544954 0.917469859
1341848039.170737 1.013605595 -0.096659116 0.551321864 0.012941808 -0.373189896 -0.125300124 0.919163585
1341848039.206814 1.011631846 -0.093719959 0.549833417 0.013021315 -0.372047007 -0.123791724 0.919829905
1341848039.238881 1.011402845 -0.091547340 0.545920253 0.014976064 -0.371339262 -0.121881120 0.920341134
1341848039.270959 1.013080955 -0.091083042 0.541165590 0.014006196 -0.369481951 -0.121925853 0.921097755
1341848039.306747 1.013089657 -0.089289263 0.539690912 0.012913010 -0.369097620 -0.120956026 0.921395600
1341848039.338889 1.012535095 -0.087702297 0.537175775 0.013009020 -0.368716836 -0.119030081 0.921797454
1341848039.374766 1.012207270 -0.083311029 0.532521844 0.014626173 -0.366507649 -0.119714163 0.922565281
1341848039.406886 1.011335492 -0.081480563 0.529876411 0.014087058 -0.364285380 -0.119768247 0.923446417
1341848039.438853 1.010372400 -0.080483034 0.526601315 0.013379226 -0.362746209 -0.119800679 0.924058437
1341848039.474867 1.010268688 -0.078882448 0.524858713 0.012444555 -0.361480176 -0.120524622 0.924473405
1341848039.507121 1.007957458 -0.076814465 0.523114681 0.012615934 -0.358821630 -0.120677389 0.925486267
1341848039.538659 1.007059336 -0.076426394 0.520211697 0.013598366 -0.356960207 -0.121278830 0.926113367
1341848039.574890 1.004702210 -0.073848695 0.516832113 0.014006029 -0.355869234 -0.121278070 0.926527143
1341848039.606721 1.004018068 -0.073485881 0.515238762 0.013931538 -0.355959326 -0.121850155 0.926418602
1341848039.642714 1.001763701 -0.070727445 0.513564229 0.016148340 -0.352985740 -0.122495368 0.927434742
1341848039.674760 0.999965191 -0.070054039 0.509161949 0.017164435 -0.351306021 -0.122905478 0.927999854
1341848039.707168 0.997490644 -0.067030504 0.505494237 0.017659746 -0.350738436 -0.122166388 0.928302765
1341848039.742862 0.995318353 -0.063370146 0.504502416 0.019062163 -0.348853618 -0.122840196 0.928896129
1341848039.775334 0.992791593 -0.064614177 0.503531158 0.019124279 -0.346739173 -0.124130167 0.929514885
1341848039.806875 0.990584075 -0.062649496 0.500361323 0.021498268 -0.345326722 -0.124169886 0.929983377
1341848039.843282 0.989598513 -0.060027651 0.498190910 0.022388365 -0.343502045 -0.123872742 0.930677533
1341848039.881803 0.984053493 -0.059956037 0.495604396 0.022090560 -0.340326071 -0.123495005 0.931900859
1341848039.913822 0.982771516 -0.059659444 0.493626714 0.022829710 -0.339824170 -0.121511072 0.932326853
1341848039.943367 0.981306434 -0.055522047 0.488941312 0.022811918 -0.337389946 -0.118807904 0.933558941
1341848039.974815 0.977410376 -0.054435756 0.486821175 0.020527512 -0.336308777 -0.116415396 0.934303224
1341848040.010707 0.974830389 -0.053827971 0.485441089 0.020645790 -0.336273193 -0.113918819 0.934621096
1341848040.042768 0.973557115 -0.049354494 0.482153267 0.020683296 -0.334264666 -0.112002529 0.935571909
1341848040.078716 0.970476270 -0.048069932 0.480148941 0.017174458 -0.332045496 -0.109643936 0.936711848
1341848040.110819 0.967576563 -0.046474494 0.478506625 0.014595333 -0.329455167 -0.107767671 0.937887192
1341848040.142744 0.964342952 -0.044182461 0.475201428 0.013644844 -0.324775487 -0.107437655 0.939570010
1341848040.178810 0.961870492 -0.040717348 0.470844001 0.012514886 -0.321358919 -0.107102156 0.940798044
1341848040.211029 0.959075749 -0.039096937 0.468176246 0.008440914 -0.318867147 -0.104721032 0.941958606
1341848040.242681 0.956600308 -0.037530676 0.465286016 0.005837608 -0.315174907 -0.103957169 0.943304658
1341848040.278950 0.952408791 -0.036321126 0.465673119 0.005364546 -0.312270015 -0.102639616 0.944417179
1341848040.310719 0.950385213 -0.035985526 0.462875426 0.006081024 -0.310691535 -0.099950679 0.945221484
1341848040.346920 0.949384749 -0.035059303 0.458119303 0.002558767 -0.308654159 -0.096196011 0.946294010
1341848040.378809 0.944501817 -0.034227647 0.458198339 0.000551729 -0.306515664 -0.093787245 0.947233737
1341848040.410884 0.940767109 -0.035132401 0.457291335 0.001728006 -0.305049390 -0.090483561 0.948026657
1341848040.446720 0.939887762 -0.033975571 0.454532892 0.002526629 -0.304412574 -0.086702637 0.948582768
1341848040.478680 0.937502265 -0.034025081 0.452138007 0.001743311 -0.303585559 -0.083887577 0.949102521
1341848040.517796 0.934307337 -0.032783378 0.450421780 0.003899833 -0.302665174 -0.082119748 0.949544549
1341848040.546685 0.932091832 -0.032445692 0.444616616 0.005464117 -0.300814837 -0.081387550 0.950187683
1341848040.578879 0.930057824 -0.030956998 0.442708731 0.005404105 -0.299892604 -0.080427863 0.950561166
1341848040.614917 0.927206755 -0.032430913 0.440886468 0.003731947 -0.298797280 -0.079260066 0.951012135
1341848040.646758 0.927326500 -0.030488249 0.438391000 0.006288502 -0.297076166 -0.079032272 0.951556683
1341848040.679034 0.922267556 -0.031037379 0.437527657 0.006782915 -0.291688234 -0.077618532 0.953334868
1341848040.714653 0.918379545 -0.033773862 0.439315051 0.009409884 -0.285721362 -0.075783908 0.955265164
1341848040.746821 0.914455771 -0.030488852 0.436148405 0.015327552 -0.276613742 -0.073443450 0.958047986
1341848040.778774 0.914610624 -0.029944645 0.434506297 0.018592505 -0.272795528 -0.071793959 0.959209323
1341848040.814675 0.912158549 -0.027660154 0.433476210 0.019905841 -0.265320033 -0.069158785 0.961470842
1341848040.846908 0.911518931 -0.029369596 0.432867080 0.020566074 -0.262103945 -0.069662787 0.962302268
1341848040.882827 0.906704485 -0.027481070 0.429345191 0.023371376 -0.255235076 -0.067247145 0.964254439
1341848040.914699 0.908084512 -0.029583994 0.428515762 0.021552622 -0.252122641 -0.065410562 0.965241432
1341848040.946862 0.902861416 -0.026479999 0.424627602 0.022813452 -0.246664509 -0.061759323 0.966861904
1341848040.984484 0.901474655 -0.024244606 0.421066135 0.023151251 -0.241194993 -0.057957042 0.968467832
1341848041.022638 0.898183346 -0.022781581 0.420105517 0.020898089 -0.237292558 -0.054137796 0.969703376
1341848041.058859 0.893983901 -0.021352032 0.419601977 0.019769046 -0.235314444 -0.048420377 0.970511079
1341848041.094347 0.896380186 -0.018712737 0.416902661 0.018926635 -0.231631160 -0.044793010 0.971587539
1341848041.122188 0.892556190 -0.017218536 0.415191054 0.013978283 -0.225759715 -0.040756542 0.973229706
1341848041.189954 0.888437152 -0.015220386 0.410902321 0.007338844 -0.219251439 -0.030390989 0.975167334
1341848041.218698 0.885767043 -0.012329869 0.410852551 0.005679276 -0.216714233 -0.028278036 0.975808918
1341848041.250726 0.883840740 -0.012055669 0.407990575 0.003785967 -0.214218289 -0.026225835 0.976426363
1341848041.283054 0.882882357 -0.008703279 0.406595856 0.000596667 -0.211844698 -0.023971854 0.977009118
1341848041.319290 0.878605604 -0.008874662 0.411160231 -0.001546358 -0.211293831 -0.021941880 0.977175057
1341848041.355465 0.877159536 -0.007631294 0.408134490 -0.000353271 -0.208120912 -0.020493150 0.977888346
1341848041.384901 0.874393046 -0.004305783 0.407611758 0.000356229 -0.204565927 -0.021610914 0.978614151
1341848041.418768 0.870136440 -0.005869835 0.407654256 -0.001484046 -0.199905872 -0.018559927 0.979638159
1341848041.450845 0.868219316 -0.003934757 0.402939856 -0.002635453 -0.195380598 -0.016158566 0.980590820
1341848041.482801 0.864791870 -0.003072495 0.404633164 -0.006458781 -0.192620665 -0.016331008 0.981116116
1341848041.518788 0.861757219 -0.005102253 0.407680303 -0.008844399 -0.189032912 -0.015875077 0.981802583
1341848041.550730 0.856994331 -0.001136228 0.405377805 -0.006685101 -0.182031885 -0.014770821 0.983158946
1341848041.586805 0.853567421 -0.001779106 0.405813187 -0.008117503 -0.178048790 -0.015561723 0.983865082
1341848041.618743 0.849220991 -0.001607222 0.405953735 -0.007816325 -0.174464509 -0.014474168 0.984526038
1341848041.650957 0.846244216 0.000010788 0.405197740 -0.007440428 -0.171951830 -0.013050159 0.984990776
1341848041.686781 0.842054605 0.000518583 0.407804608 -0.006453743 -0.170860782 -0.011448941 0.985207498
1341848041.718789 0.835982382 0.000756047 0.403265715 -0.005688072 -0.165884063 -0.008979362 0.986087978
1341848041.750776 0.829166353 0.002030948 0.403266102 -0.005477421 -0.162907705 -0.004547434 0.986615598
1341848041.786711 0.825467110 0.000503717 0.402580857 -0.005615448 -0.162262917 -0.001464153 0.986730516
1341848041.818704 0.821828783 0.000560812 0.403100282 -0.004904493 -0.163057163 0.002263205 0.986601830
1341848041.854747 0.816958249 0.001998738 0.402028620 -0.004031592 -0.162694722 0.005975754 0.986650109
1341848041.886710 0.811333001 0.000082126 0.401937008 -0.005606540 -0.160348982 0.007989976 0.987012148
1341848041.918718 0.804796457 -0.001634032 0.405735016 -0.003999748 -0.159338102 0.012235435 0.987140119
1341848041.954693 0.802572608 -0.001920603 0.400469780 -0.002336096 -0.157155469 0.014883256 0.987458944
1341848041.994975 0.798335016 -0.002520666 0.398213625 -0.005574145 -0.155139521 0.018462576 0.987704337
1341848042.018871 0.790000856 -0.003510507 0.403629243 -0.005246333 -0.152796283 0.022560008 0.987986267
1341848042.054627 0.788003623 -0.003354114 0.401176035 -0.002420313 -0.151047930 0.024113290 0.988229334
1341848042.089498 0.784337282 -0.003502247 0.400505275 -0.004703839 -0.148833230 0.026202345 0.988503933
1341848042.122881 0.778549433 -0.005501734 0.403270960 -0.005973460 -0.147156969 0.029741958 0.988647819
1341848042.154788 0.777338088 -0.007208595 0.402475536 -0.005268777 -0.146053106 0.030359799 0.988796771
1341848042.186714 0.771257401 -0.008100729 0.402041584 -0.005931334 -0.140946239 0.029643919 0.989555597
1341848042.222883 0.767445028 -0.009333249 0.402490586 -0.007308657 -0.137862429 0.032129969 0.989903152
1341848042.254762 0.764099658 -0.009581711 0.402565211 -0.006986680 -0.135323182 0.032862164 0.990231752
1341848042.290694 0.760871649 -0.009772226 0.403302968 -0.007496458 -0.130543068 0.029993696 0.990960479
1341848042.322759 0.754397213 -0.009546566 0.403623700 -0.007788949 -0.125401959 0.032562058 0.991540909
1341848042.354987 0.751965761 -0.008354835 0.402030438 -0.008932094 -0.123911388 0.036504824 0.991581380
1341848042.390711 0.747460663 -0.009899523 0.403445601 -0.012519979 -0.121088453 0.036855571 0.991878271
1341848042.429737 0.743764222 -0.011002326 0.405344784 -0.013703067 -0.117428213 0.038747486 0.992230594
1341848042.461752 0.741191745 -0.010130563 0.404172003 -0.013605710 -0.113990702 0.043143936 0.992451310
1341848042.490921 0.737208247 -0.008000217 0.402178288 -0.015880626 -0.109715752 0.045373630 0.992799819
1341848042.522713 0.728438675 -0.007902440 0.404989064 -0.017546650 -0.102984160 0.048660140 0.993337095
1341848042.558691 0.726299167 -0.006752493 0.405400515 -0.016028291 -0.099043854 0.052347288 0.993575990
1341848042.590841 0.723962605 -0.006548810 0.404529870 -0.018109981 -0.095457725 0.054889414 0.993754029
1341848042.622730 0.714444757 -0.007688505 0.406952858 -0.018689893 -0.088618100 0.059397936 0.994117439
1341848042.658741 0.712796688 -0.005308515 0.407358706 -0.014724088 -0.086600125 0.064333104 0.994054794
1341848042.697779 0.710126400 -0.003848050 0.403182626 -0.014276594 -0.081085205 0.065733060 0.994434834
1341848042.729778 0.704219997 -0.003869079 0.405596226 -0.014857663 -0.076620139 0.073538423 0.994233787
1341848042.761637 0.700197101 -0.002782253 0.403674066 -0.014839880 -0.072237663 0.078960858 0.994146228
1341848042.797954 0.699025929 -0.001115613 0.402057916 -0.015465303 -0.067919724 0.080225989 0.994339764
1341848042.829708 0.694595695 -0.001438324 0.402607203 -0.017295888 -0.061469145 0.083459429 0.994463146
1341848042.861726 0.692471385 -0.000100661 0.402413875 -0.017920518 -0.056953400 0.087186389 0.994401157
1341848042.897767 0.688270688 0.000908851 0.401174247 -0.019035075 -0.051819831 0.089894198 0.994420111
1341848042.929860 0.683915734 -0.001150914 0.402360499 -0.020809356 -0.047528528 0.091469988 0.994455278
1341848042.965708 0.680923939 -0.000551121 0.400309682 -0.018895557 -0.042749852 0.093944021 0.994479716
1341848042.997994 0.678125203 0.001795651 0.400510460 -0.017588841 -0.040270351 0.097054563 0.994308472
1341848043.030335 0.678053617 0.002049558 0.401495159 -0.018671226 -0.040143430 0.100616530 0.993939757
1341848043.065737 0.670677185 0.003292223 0.398993850 -0.018910697 -0.033075538 0.103585787 0.993890524
1341848043.097862 0.668056250 0.002187626 0.399210125 -0.020962277 -0.029513529 0.103573970 0.993962765
1341848043.133955 0.663039804 0.002873145 0.400278866 -0.020745626 -0.025717422 0.105761521 0.993842423
1341848043.165792 0.660788119 0.002634337 0.398890078 -0.022534644 -0.022993149 0.107461520 0.993687868
1341848043.201879 0.656850457 0.002174050 0.402118236 -0.022873644 -0.021019591 0.106979743 0.993775785
1341848043.233861 0.651057005 0.001058237 0.404482722 -0.020538699 -0.016770812 0.107394278 0.993862867
1341848043.265717 0.648138702 -0.000236439 0.401172012 -0.020968022 -0.012862996 0.109585322 0.993672967
1341848043.301798 0.643911541 -0.001269519 0.402017862 -0.021877080 -0.009995045 0.111029305 0.993526042
1341848043.334034 0.638080120 -0.001194283 0.403944969 -0.019605517 -0.005511849 0.112131394 0.993484676
1341848043.369819 0.638680935 -0.000016714 0.403084904 -0.018112326 -0.005513506 0.113441259 0.993364275
1341848043.401743 0.633311987 -0.002167726 0.403399289 -0.019046525 -0.003703336 0.114451662 0.993239284
1341848043.433949 0.630397499 -0.002410847 0.404146582 -0.018099019 -0.003059719 0.115696751 0.993114948
1341848043.469625 0.627420545 -0.003339463 0.407082587 -0.018710902 -0.001286748 0.117718361 0.992869914
1341848043.501696 0.621914327 -0.004303250 0.409111738 -0.018656390 0.001931928 0.121655904 0.992395103
1341848043.537825 0.619377494 -0.007628977 0.411077261 -0.018273251 0.000932571 0.122008100 0.992360473
1341848043.569664 0.615188420 -0.005753163 0.410774529 -0.017081775 0.003445783 0.125649676 0.991921604
1341848043.601838 0.609279335 -0.006077355 0.412091166 -0.017784076 0.005534695 0.128649399 0.991515219
1341848043.637798 0.605233610 -0.007324323 0.415405959 -0.019263484 0.005778291 0.129714981 0.991347313
1341848043.670144 0.601854384 -0.007746454 0.419269741 -0.019772885 0.006910222 0.131057888 0.991153419
1341848043.701979 0.598926485 -0.008562725 0.422133356 -0.019727657 0.007517003 0.131252572 0.991124094
1341848043.737757 0.594836354 -0.009029053 0.422839403 -0.020140072 0.008767286 0.133560628 0.990797162
1341848043.769828 0.591040790 -0.009611152 0.424338102 -0.022743350 0.010859441 0.136657789 0.990297675
1341848043.805817 0.586400092 -0.013161829 0.428842247 -0.025630046 0.013050606 0.138921157 0.989885688
1341848043.837855 0.582773745 -0.013549756 0.433588326 -0.022303341 0.014201601 0.139646277 0.989848375
1341848043.869697 0.576602995 -0.016931545 0.430189222 -0.023177616 0.019585406 0.140563920 0.989606440
1341848043.905731 0.572127402 -0.019956836 0.432660341 -0.026131377 0.021034088 0.141287833 0.989400029
1341848043.938034 0.569240212 -0.022314224 0.435761034 -0.026269985 0.020605557 0.142096072 0.989289582
1341848043.969826 0.567707419 -0.022282457 0.436010420 -0.025821459 0.021988645 0.140744820 0.989464819
1341848044.005919 0.562078834 -0.023184132 0.439084202 -0.027061526 0.025312046 0.140686825 0.989360511
1341848044.037703 0.557445943 -0.029431848 0.441502094 -0.028965779 0.026883774 0.140585229 0.989279509
1341848044.073762 0.554810226 -0.028292537 0.439985961 -0.026449025 0.027809590 0.140707731 0.989307046
1341848044.105804 0.553657055 -0.028651992 0.442471623 -0.029330520 0.025976159 0.141582265 0.989150882
1341848044.137722 0.553122401 -0.030104723 0.447022498 -0.028605763 0.022990849 0.142958730 0.989048004
1341848044.173825 0.544895053 -0.027674422 0.447763741 -0.025659017 0.027966769 0.143708974 0.988891900
1341848044.205750 0.543044329 -0.029144587 0.450307786 -0.026962703 0.029914720 0.143399492 0.988845170
1341848044.237767 0.539300323 -0.030437760 0.452072918 -0.026722934 0.031707764 0.144548640 0.988628447
1341848044.273822 0.537310660 -0.031999521 0.452371538 -0.027750146 0.033163149 0.144949034 0.988493741
1341848044.305742 0.534076095 -0.031647149 0.455594242 -0.028200312 0.035030536 0.146702483 0.988157868
1341848044.337838 0.530821085 -0.032638680 0.457387626 -0.028007785 0.037438493 0.147511110 0.987954617
1341848044.373688 0.529374242 -0.034991588 0.457093686 -0.029645462 0.038927905 0.148811400 0.987654269
1341848044.405874 0.524852514 -0.034337245 0.459676802 -0.029642563 0.042960960 0.151319355 0.987105906
1341848044.441696 0.523529291 -0.036141038 0.462140024 -0.031583518 0.045572177 0.155677795 0.986250520
1341848044.473716 0.520976007 -0.036834650 0.463872075 -0.032042053 0.049191006 0.159424812 0.985462964
1341848044.505687 0.519670904 -0.037137989 0.465317160 -0.032803901 0.053029228 0.163259059 0.984610736
1341848044.541856 0.519146264 -0.036521465 0.468944460 -0.032648068 0.056404702 0.168399885 0.983561933
1341848044.573760 0.513277948 -0.039214611 0.469564080 -0.033571541 0.064656444 0.170395598 0.982678890
1341848044.605829 0.513244510 -0.038836695 0.472204596 -0.032818723 0.066812709 0.175421804 0.981675208
1341848044.641741 0.510514438 -0.038171180 0.473737925 -0.032757051 0.071400374 0.181042179 0.980332971
1341848044.705966 0.503382325 -0.042347439 0.478841841 -0.033448253 0.080311731 0.189185485 0.978079796
1341848044.734774 0.503292203 -0.042841692 0.480222911 -0.032892477 0.082329109 0.192968890 0.977191389
1341848044.771011 0.499280930 -0.045058649 0.482731253 -0.031840295 0.086672179 0.196111754 0.976224542
1341848044.802833 0.498416692 -0.042397667 0.482986420 -0.028335957 0.087107278 0.197098583 0.976095021
1341848044.834852 0.494622082 -0.044380948 0.484871954 -0.030223314 0.091358483 0.199634433 0.975133955
1341848044.870686 0.490750819 -0.047143053 0.487685472 -0.028832246 0.094449326 0.204151094 0.973945737
1341848044.902692 0.487950236 -0.046396788 0.488759398 -0.025604434 0.094573691 0.206132904 0.973606408
1341848044.934911 0.485011876 -0.047504429 0.488606215 -0.025792927 0.095897913 0.208712503 0.972922087
1341848044.970797 0.481911689 -0.048209924 0.490852058 -0.025358174 0.095982768 0.213305146 0.971928596
1341848045.002641 0.478878498 -0.047824815 0.489703745 -0.024859773 0.095255092 0.213886037 0.971885383
1341848045.038733 0.474098861 -0.047196601 0.490918040 -0.027011465 0.096320517 0.216559708 0.971130610
1341848045.070849 0.472335458 -0.049348049 0.495482177 -0.029838452 0.096446395 0.216935143 0.970951557
1341848045.102831 0.470034063 -0.049029816 0.495604903 -0.029584803 0.098258883 0.216741294 0.970820844
1341848045.138762 0.468279302 -0.048818357 0.497886032 -0.031623326 0.099368684 0.217298985 0.970518947
1341848045.170759 0.464633197 -0.053222857 0.501643002 -0.034685198 0.101520158 0.217837498 0.970070839
1341848045.202698 0.461898565 -0.052209307 0.502746522 -0.031911340 0.102555968 0.217042267 0.970235348
1341848045.238872 0.460606813 -0.054720461 0.505030274 -0.034309946 0.103943691 0.214866340 0.970490098
1341848045.270833 0.456505954 -0.055504046 0.508480787 -0.032587469 0.105816051 0.216693997 0.969940603
1341848045.306816 0.451069087 -0.056965590 0.509185314 -0.032767449 0.108513832 0.217023611 0.969562650
1341848045.338698 0.449774414 -0.059590220 0.512313962 -0.035938632 0.109076113 0.215164483 0.969801545
1341848045.370799 0.446235120 -0.061507121 0.516537845 -0.035266139 0.111408383 0.214783669 0.969645560
1341848045.406703 0.442123681 -0.061698921 0.516409576 -0.034323752 0.112023979 0.214663222 0.969635069
1341848045.438695 0.443998337 -0.062960342 0.518522918 -0.037963212 0.106001668 0.214072704 0.970306814
1341848045.474692 0.442805648 -0.063976832 0.523694932 -0.038379882 0.102961637 0.213105842 0.970830500
1341848045.506761 0.438515604 -0.066245839 0.527052283 -0.038389623 0.105012812 0.212513015 0.970740318
1341848045.538886 0.433307290 -0.069382228 0.531756997 -0.038401917 0.108453117 0.211312905 0.970623553
1341848045.575971 0.430069208 -0.070347875 0.534264863 -0.036128428 0.107970156 0.211254895 0.970777273
1341848045.606920 0.427326828 -0.071675345 0.536879122 -0.036469884 0.106026061 0.210788697 0.971080065
1341848045.645890 0.425419837 -0.073979519 0.539451182 -0.038508818 0.104575217 0.209708109 0.971392632
1341848045.674943 0.422670364 -0.076181136 0.543353140 -0.039965194 0.104365923 0.208042607 0.971714377
1341848045.706968 0.420608342 -0.076959074 0.547756016 -0.038328424 0.101349950 0.206652552 0.972395897
1341848045.743092 0.418418139 -0.078027874 0.549036622 -0.038432505 0.100127943 0.204809383 0.972908258
1341848045.774776 0.414074630 -0.080464840 0.553389370 -0.041090876 0.100944340 0.204068780 0.972870886
1341848045.807609 0.410777599 -0.083805144 0.558099568 -0.041587491 0.099719681 0.202249289 0.973355889
1341848045.842865 0.409139156 -0.084327370 0.559633672 -0.039685968 0.096862875 0.200545803 0.974075973
1341848045.874777 0.405689985 -0.083896756 0.561718047 -0.040412854 0.096937835 0.197875902 0.974584520
1341848045.906765 0.401882261 -0.088538408 0.567013800 -0.045251701 0.097168222 0.197934106 0.974337101
1341848045.942758 0.401296794 -0.089791603 0.569158792 -0.042311311 0.089509502 0.196586803 0.975475013
1341848045.974768 0.398500532 -0.088669166 0.571649849 -0.039978743 0.087033108 0.192325547 0.976646185
1341848046.010763 0.394776791 -0.090611666 0.575204551 -0.041574195 0.086236745 0.189589739 0.977185011
1341848046.042828 0.389352381 -0.092351668 0.578610122 -0.039920956 0.084775172 0.185982808 0.978074610
1341848046.074722 0.387848675 -0.090014860 0.578845263 -0.037118368 0.077984959 0.182488695 0.979407191
1341848046.110817 0.387355238 -0.091905519 0.581664026 -0.041649584 0.074515499 0.181052402 0.979761600
1341848046.142773 0.384623528 -0.094541408 0.585618615 -0.043209232 0.074081935 0.177249074 0.980422139
1341848046.181848 0.381535828 -0.094686218 0.585816681 -0.041096639 0.071341552 0.173525512 0.981381834
1341848046.219718 0.376426905 -0.094230451 0.586847663 -0.042928558 0.072424158 0.170028120 0.981836200
1341848046.249730 0.373642385 -0.095078126 0.589837849 -0.045347672 0.068900198 0.166541725 0.982578337
1341848046.283599 0.371195257 -0.094925687 0.591578543 -0.044457469 0.065507866 0.163692921 0.983329535
1341848046.317731 0.367767334 -0.091556765 0.592905462 -0.042447884 0.064215727 0.158129483 0.984413326
1341848046.349732 0.364217728 -0.091730863 0.594326138 -0.043098267 0.063364960 0.156803697 0.984652221
1341848046.382309 0.360800326 -0.091128126 0.595719755 -0.042146500 0.060645651 0.154351458 0.985251963
1341848046.417763 0.359621257 -0.089640178 0.594712257 -0.043032896 0.057924818 0.150476262 0.985976577
1341848046.449782 0.354296446 -0.090463452 0.597274065 -0.046356656 0.060400799 0.149327427 0.985851943
1341848046.485848 0.351716429 -0.089566767 0.596203983 -0.045607414 0.057121959 0.146638840 0.986485720
1341848046.517760 0.348029971 -0.089099191 0.596205115 -0.047609366 0.056295726 0.143403441 0.986914158
1341848046.549658 0.342153430 -0.089881293 0.597536385 -0.049261209 0.058954917 0.142511129 0.986807108
1341848046.586076 0.338856161 -0.090778291 0.596711099 -0.048571300 0.055673704 0.140113711 0.987375021
1341848046.617769 0.334671915 -0.087160982 0.595990062 -0.044643868 0.054954764 0.137620315 0.987951159
1341848046.653748 0.328917950 -0.090565927 0.595236957 -0.048998926 0.056752793 0.136979982 0.987732053
1341848046.685899 0.326178133 -0.089197963 0.593914509 -0.045484558 0.051104177 0.136852846 0.988226116
1341848046.714925 0.323342055 -0.085893348 0.593661129 -0.042133346 0.047975589 0.135481611 0.988720298
1341848046.746888 0.318715483 -0.085985497 0.592149317 -0.042067096 0.048575357 0.134278700 0.988857925
1341848046.778736 0.315373182 -0.086315706 0.590593219 -0.041560289 0.046758361 0.133575320 0.989062190
1341848046.814747 0.314365238 -0.083755858 0.587964058 -0.039292708 0.042580072 0.131567493 0.989612579
1341848046.846853 0.309554279 -0.083073355 0.587017179 -0.040381663 0.044586383 0.131164610 0.989533842
1341848046.878793 0.304869920 -0.079970263 0.586715341 -0.037091628 0.045541402 0.131357431 0.989593565
1341848046.915079 0.301847309 -0.079408765 0.584061801 -0.037737675 0.045002617 0.130749047 0.989674389
1341848046.946882 0.298564821 -0.078457132 0.582610607 -0.037873261 0.044990409 0.131450281 0.989576817
1341848046.982780 0.293203562 -0.076934904 0.581307590 -0.036917925 0.046249129 0.130885839 0.989629686
1341848047.015086 0.288612723 -0.073947370 0.579666436 -0.036111128 0.047198482 0.130183145 0.989707351
1341848047.047884 0.286068201 -0.075519599 0.577763617 -0.039793488 0.046311267 0.130266920 0.989597023
1341848047.089866 0.281223953 -0.071869448 0.576398492 -0.036634874 0.046396524 0.128827915 0.989903331
1341848047.114997 0.277059793 -0.071451411 0.574049830 -0.039945859 0.046653472 0.128397375 0.989819109
1341848047.147565 0.274165154 -0.071274616 0.573339999 -0.041944552 0.045207597 0.127525181 0.989916265
1341848047.182713 0.271383852 -0.072771952 0.569056749 -0.044568475 0.043398354 0.125464946 0.990145862
1341848047.214887 0.266397417 -0.066964164 0.570307553 -0.039321911 0.043664381 0.123982266 0.990543067
1341848047.250668 0.262483746 -0.068249345 0.567852378 -0.042919904 0.042134069 0.123017125 0.990580320
1341848047.282779 0.257209241 -0.066825666 0.566385388 -0.042614654 0.040196393 0.123083942 0.990665734
1341848047.314815 0.253308952 -0.066262633 0.564631045 -0.042476892 0.039446998 0.120746396 0.990989387
1341848047.350637 0.250943065 -0.065911189 0.561598420 -0.042632297 0.036331039 0.119082704 0.991303086
1341848047.383038 0.244805336 -0.066839144 0.559254169 -0.042998895 0.034773357 0.118769467 0.991380692
1341848047.414781 0.241755456 -0.066969991 0.556861818 -0.043342348 0.030934026 0.116409577 0.991772830
1341848047.450847 0.236034855 -0.068012983 0.553252995 -0.042786356 0.030748889 0.114293538 0.992048800
1341848047.482648 0.231849357 -0.064668387 0.550381780 -0.038943037 0.027879886 0.114001848 0.992325425
1341848047.518733 0.227594286 -0.064608410 0.549309134 -0.040082987 0.026212133 0.112104535 0.992541611
1341848047.550836 0.223258123 -0.065867379 0.549380302 -0.040694162 0.025404252 0.111487597 0.992607236
1341848047.582955 0.219670579 -0.064941525 0.548064947 -0.038698278 0.023334069 0.109560065 0.992952466
1341848047.618981 0.216716349 -0.064185254 0.546160281 -0.038588759 0.023175951 0.107903399 0.993141770
1341848047.650752 0.213367939 -0.068566121 0.543171227 -0.041141775 0.021610502 0.108916633 0.992963970
1341848047.689728 0.208161771 -0.064480737 0.542693496 -0.035390414 0.019405633 0.107338130 0.993402958
1341848047.719086 0.204396173 -0.064944081 0.540967405 -0.037354965 0.019645447 0.106710173 0.993393958
1341848047.750845 0.200294554 -0.066414461 0.539278686 -0.039182004 0.020023497 0.105480179 0.993447423
1341848047.786695 0.194755942 -0.066262633 0.539114058 -0.039271552 0.021530213 0.104610451 0.993504345
1341848047.818804 0.193225399 -0.063909307 0.539480031 -0.037029617 0.018680856 0.103786387 0.993734479
1341848047.850811 0.190779999 -0.064665571 0.539018393 -0.039012805 0.019760484 0.102167860 0.993805408
1341848047.886853 0.185346976 -0.066463485 0.538500309 -0.039817262 0.022335555 0.101527914 0.993784547
1341848047.918858 0.179255813 -0.067080483 0.537287354 -0.038605966 0.023693996 0.101623833 0.993791103
1341848047.954723 0.177484527 -0.067814738 0.533651590 -0.039944250 0.020870933 0.102256767 0.993736625
1341848047.986771 0.172085419 -0.069308154 0.534845889 -0.041141275 0.024782807 0.101648286 0.993660331
1341848048.018897 0.168633193 -0.070900261 0.532382786 -0.040094826 0.024347931 0.102109648 0.993666589
1341848048.054937 0.165216237 -0.065686069 0.535151660 -0.034616478 0.024206832 0.100901693 0.993999243
1341848048.086776 0.161632806 -0.065889008 0.535048604 -0.035849150 0.026270064 0.101093814 0.993883669
1341848048.118790 0.155468658 -0.067761101 0.534847200 -0.036536872 0.029479846 0.101567850 0.993720293
1341848048.154692 0.152774990 -0.065846443 0.534373164 -0.033528332 0.028433433 0.103037991 0.993705451
1341848048.186720 0.149704456 -0.065645844 0.534088731 -0.033665773 0.031206038 0.102941677 0.993627608
1341848048.222966 0.144793987 -0.069227144 0.533439219 -0.035519697 0.033950616 0.104229614 0.993338764
1341848048.254953 0.144460484 -0.069083944 0.532406926 -0.031299602 0.031546075 0.107136488 0.993250728
1341848048.286640 0.138618156 -0.068299659 0.531029701 -0.029940257 0.036891736 0.106050134 0.993225038
1341848048.322843 0.134487540 -0.068608508 0.531327665 -0.030457888 0.039754990 0.106168471 0.993086159
1341848048.354699 0.131211966 -0.072370343 0.529716730 -0.032074708 0.041374996 0.108180046 0.992751896
1341848048.386709 0.128771618 -0.070109233 0.529771268 -0.028636385 0.043302912 0.105505548 0.993062675
1341848048.422649 0.123486556 -0.072794735 0.529329896 -0.029266564 0.047532406 0.104390621 0.992968678
1341848048.454923 0.120425574 -0.071384415 0.528125763 -0.024368426 0.048431020 0.105197281 0.992972374
1341848048.490668 0.117767349 -0.069251165 0.526202381 -0.022413120 0.048339725 0.105595119 0.992980659
1341848048.522793 0.110390559 -0.074635461 0.527668953 -0.025796335 0.053431705 0.106082052 0.992585599
1341848048.554990 0.109481394 -0.073342815 0.526376963 -0.020051586 0.052156620 0.107348211 0.992649972
1341848048.590630 0.105093509 -0.073384956 0.523419321 -0.016800020 0.052760497 0.106820926 0.992735326
1341848048.622652 0.103723064 -0.074375600 0.523307562 -0.015997387 0.052033890 0.107043125 0.992762983
1341848048.658741 0.100670896 -0.075717032 0.523337543 -0.012821138 0.053783163 0.109131575 0.992488444
1341848048.690791 0.098733909 -0.073204875 0.521624386 -0.006910754 0.052501678 0.109109357 0.992618263
1341848048.722708 0.095747985 -0.075530678 0.519520104 -0.006955149 0.052511021 0.110807963 0.992429256
1341848048.758833 0.094075114 -0.076737553 0.518321097 -0.004804586 0.052568093 0.111829355 0.992324412
1341848048.791156 0.090643749 -0.075188667 0.517404914 -0.000611419 0.053613298 0.111724734 0.992291689
1341848048.822736 0.087000996 -0.080071971 0.516354144 -0.002038276 0.055139869 0.111994781 0.992175698
1341848048.858661 0.084151082 -0.077619508 0.517118275 0.003764146 0.054838717 0.109956332 0.992415309
1341848048.891041 0.080966696 -0.080308922 0.514643371 0.004155927 0.055407461 0.108373374 0.992556274
1341848048.926768 0.076242685 -0.080435596 0.514861166 0.008305549 0.056564979 0.104848906 0.992843449
1341848048.958953 0.073679022 -0.081324399 0.512824774 0.010987268 0.054491851 0.103312314 0.993094385
1341848048.990810 0.073173612 -0.080933861 0.513273060 0.014879477 0.052558571 0.102730013 0.993208289
1341848049.026707 0.069480725 -0.084118471 0.512279034 0.017006714 0.052926093 0.098579571 0.993575215
1341848049.058792 0.065929592 -0.082569703 0.507354438 0.023708964 0.052074362 0.096657738 0.993671715
1341848049.090709 0.061223175 -0.080478184 0.506959081 0.028007222 0.052336548 0.096642867 0.993547499
1341848049.126753 0.059353203 -0.081427760 0.504267037 0.029139573 0.048502240 0.096927300 0.993681788
1341848049.158854 0.057797287 -0.082593299 0.502944410 0.029941058 0.047808580 0.094735757 0.993902922
1341848049.194708 0.052886635 -0.082253434 0.501594126 0.032955866 0.049716957 0.092547327 0.993920088
1341848049.226742 0.047307152 -0.077832557 0.502563596 0.037921190 0.050936963 0.091429234 0.993784726
1341848049.258792 0.048621699 -0.079602495 0.500438631 0.035623703 0.046700101 0.091706470 0.994052291
1341848049.294747 0.046956189 -0.079419836 0.499075443 0.037090953 0.046297330 0.089752838 0.994195759
1341848049.326837 0.043022748 -0.079520807 0.496257037 0.037676595 0.047849599 0.089578003 0.994116008
1341848049.358802 0.039095126 -0.075276881 0.494637281 0.040998995 0.047451086 0.090689614 0.993902862
1341848049.394779 0.034123242 -0.079923943 0.493974209 0.037216354 0.049245939 0.092455044 0.993801713
1341848049.426763 0.033078816 -0.076632299 0.491950631 0.042354472 0.048159927 0.092885025 0.993609130
1341848049.462746 0.028451238 -0.074841991 0.488859028 0.043460157 0.050693937 0.094340749 0.993298113
1341848049.494728 0.022620331 -0.079280652 0.487889349 0.040531669 0.053557590 0.098191693 0.992898345
1341848049.526803 0.022193562 -0.075167805 0.484784603 0.045314871 0.050941601 0.098806813 0.992768228
1341848049.562799 0.018045217 -0.074011475 0.482455611 0.045088653 0.053408086 0.100022934 0.992527068
1341848049.594759 0.011241630 -0.075037435 0.481986165 0.044067133 0.055678353 0.102259867 0.992220223
1341848049.626829 0.008834362 -0.072700985 0.478949189 0.046061050 0.052544598 0.103603609 0.992161155
1341848049.662690 0.005365521 -0.069821097 0.476699203 0.047140069 0.053447746 0.102039941 0.992224276
1341848049.695064 0.000579700 -0.066598281 0.475883991 0.048843600 0.053690929 0.102577016 0.992073357
1341848049.730793 -0.007054128 -0.067213461 0.473635495 0.047150083 0.053095769 0.103364035 0.992105663
1341848049.762702 -0.008136667 -0.064603634 0.470286459 0.046989094 0.047068253 0.101182066 0.992642343
1341848049.794722 -0.014189288 -0.063024119 0.469025910 0.046910264 0.049048480 0.099661052 0.992704034
1341848049.830816 -0.022335734 -0.060131956 0.468537897 0.048984461 0.049205866 0.098997988 0.992662430
1341848049.869834 -0.024321757 -0.059005480 0.464495391 0.046484675 0.043572199 0.098191626 0.993125856
1341848049.898674 -0.030883390 -0.062847316 0.461065501 0.040520772 0.044054035 0.095219046 0.993655205
1341848049.930835 -0.033159275 -0.061288673 0.463116467 0.043369599 0.043729376 0.093828455 0.993681550
1341848049.963022 -0.037310753 -0.056062728 0.461586624 0.047750618 0.040918592 0.092813157 0.993695736
1341848049.998757 -0.041861050 -0.055395205 0.458816081 0.045807846 0.038442329 0.092591949 0.993906736
1341848050.030786 -0.047101550 -0.058251791 0.458207011 0.042475142 0.037242204 0.091422893 0.994208634
1341848050.062661 -0.048784230 -0.056099184 0.455551744 0.044740424 0.032656305 0.088348344 0.994548321
1341848050.098678 -0.052672662 -0.051283546 0.454190493 0.047626559 0.031487562 0.087363638 0.994539022
1341848050.130710 -0.058988854 -0.052699186 0.455439031 0.045648940 0.030672248 0.085549317 0.994814873
1341848050.166738 -0.060071781 -0.052380268 0.451973200 0.044560131 0.026162613 0.082220875 0.995273650
1341848050.198726 -0.064366110 -0.051066190 0.452571362 0.043942228 0.026525218 0.079063445 0.995547295
1341848050.230806 -0.069270439 -0.047621205 0.452929497 0.046740357 0.023802808 0.076527417 0.995686829
1341848050.266732 -0.073842317 -0.048719991 0.451092392 0.044526614 0.021811040 0.073516361 0.996060729
1341848050.298842 -0.077957407 -0.047099531 0.450627714 0.044436343 0.021085735 0.069784626 0.996348798
1341848050.330688 -0.083237335 -0.046800796 0.451197565 0.045124073 0.019534381 0.066879652 0.996548712
1341848050.366746 -0.088127419 -0.042609729 0.450423449 0.048512936 0.017347537 0.065824285 0.996500194
1341848050.398693 -0.088769361 -0.044566937 0.448106766 0.044344805 0.012216707 0.061861731 0.997024298
1341848050.434780 -0.093324155 -0.044342719 0.450110167 0.044031493 0.011191984 0.059197295 0.997211933
1341848050.466655 -0.095664024 -0.043525890 0.449379802 0.045139518 0.007007528 0.057111457 0.997322202
1341848050.498791 -0.100467198 -0.046639889 0.449224025 0.042494711 0.006134483 0.051684223 0.997740030
1341848050.534849 -0.103222653 -0.044504255 0.448056370 0.045369692 0.003835985 0.048344452 0.997792363
1341848050.566840 -0.107114561 -0.042290665 0.447497666 0.047909219 0.001300873 0.046870261 0.997750580
1341848050.598790 -0.109680705 -0.042142577 0.446357667 0.046872690 -0.003959318 0.044468261 0.997902751
1341848050.634752 -0.114277817 -0.046225689 0.446696967 0.043432951 -0.005641376 0.040855668 0.998204648
1341848050.666816 -0.117684714 -0.043072872 0.445917845 0.048344962 -0.008284684 0.037959430 0.998074770
1341848050.702846 -0.121240363 -0.038927823 0.446787208 0.052569531 -0.011296991 0.036584988 0.997882903
1341848050.734789 -0.124327570 -0.039202787 0.445811361 0.052319597 -0.015469957 0.036002275 0.997861266
1341848050.766882 -0.128737062 -0.039387904 0.445641100 0.051596839 -0.019139482 0.034616973 0.997884333
1341848050.802875 -0.132842839 -0.040098418 0.445876300 0.051658269 -0.022284605 0.032218639 0.997896194
1341848050.834769 -0.137267783 -0.039839938 0.443305224 0.052738547 -0.025064724 0.029586582 0.997855186
1341848050.870719 -0.142343998 -0.039059766 0.443267584 0.052565854 -0.026450399 0.027396673 0.997891068
1341848050.902725 -0.145925358 -0.040853113 0.443906814 0.051526591 -0.031120611 0.024456108 0.997886956
1341848050.934794 -0.149775654 -0.042271648 0.442450315 0.051717769 -0.032920174 0.021057777 0.997896850
1341848050.970852 -0.154326260 -0.040879913 0.442258120 0.053249583 -0.034732793 0.017032310 0.997831643
1341848051.002763 -0.159376055 -0.040981453 0.442386776 0.054402623 -0.036489140 0.015043858 0.997738719
1341848051.035007 -0.162241310 -0.040847898 0.441167027 0.055533890 -0.039888024 0.014055288 0.997560680
1341848051.070784 -0.165810555 -0.040114857 0.440913290 0.056528106 -0.042385530 0.011404443 0.997435689
1341848051.102734 -0.170990333 -0.042714406 0.440686941 0.055729296 -0.042966235 0.009439192 0.997476339
1341848051.138713 -0.173340946 -0.041792464 0.438881248 0.057338227 -0.045816671 0.007445767 0.997275174
1341848051.170672 -0.176372394 -0.040807821 0.438312173 0.058199186 -0.047272801 0.007665409 0.997155666
1341848051.202839 -0.179903165 -0.041368082 0.438967913 0.058605183 -0.049823511 0.008224780 0.997003257
1341848051.238747 -0.182491377 -0.045137543 0.438396245 0.057006445 -0.052867487 0.006185407 0.996953905
1341848051.270842 -0.184003130 -0.048480775 0.436068773 0.056566320 -0.055793643 0.002503725 0.996835530
1341848051.302718 -0.185877189 -0.047288302 0.435957223 0.061832961 -0.057375647 0.000783577 0.996435702
1341848051.338668 -0.187950999 -0.044105601 0.437113047 0.068900965 -0.059870001 -0.000134994 0.995825410
1341848051.370895 -0.191288441 -0.047162272 0.435358167 0.068408720 -0.061983138 -0.002775932 0.995726228
1341848051.406688 -0.188327730 -0.047743306 0.432665110 0.069193669 -0.068125449 -0.005071839 0.995261490
1341848051.440006 -0.191439092 -0.046737462 0.432145953 0.071948811 -0.069259427 -0.007785800 0.994970322
1341848051.470890 -0.194433540 -0.047013249 0.431510359 0.073161080 -0.070452861 -0.010359018 0.994774640
1341848051.506718 -0.197510302 -0.044925652 0.432778895 0.075575970 -0.071736611 -0.013708898 0.994461775
1341848051.538932 -0.199466050 -0.046722576 0.435867339 0.076325044 -0.075642593 -0.019143142 0.994025290
1341848051.570738 -0.187532067 -0.046929255 0.431225151 0.079482019 -0.090988301 -0.027463015 0.992295086
1341848051.606760 -0.188300312 -0.043277092 0.432955116 0.084880069 -0.095040292 -0.032385178 0.991319299
1341848051.638863 -0.191144675 -0.045589402 0.433263063 0.086019531 -0.100640677 -0.041473802 0.990329266
1341848051.674718 -0.191462576 -0.043311469 0.428619474 0.091434896 -0.104134127 -0.046520527 0.989258111
1341848051.706714 -0.196665496 -0.038838491 0.426572949 0.093955278 -0.105087630 -0.049179181 0.988792419
1341848051.738793 -0.194779411 -0.042955481 0.426771790 0.090873726 -0.115594797 -0.055030882 0.987598836
1341848051.774823 -0.193599284 -0.042099204 0.423938692 0.092193186 -0.120861426 -0.059315644 0.986597478
1341848051.806694 -0.193617925 -0.042622924 0.424370587 0.091745220 -0.124854699 -0.067341566 0.985626280
1341848051.838757 -0.194574952 -0.042333391 0.424842685 0.096456423 -0.126609042 -0.076064289 0.984317303
1341848051.874951 -0.194181979 -0.039154653 0.419081330 0.100188360 -0.126554772 -0.081869110 0.983485460
1341848051.906707 -0.194373846 -0.035700217 0.418920130 0.099170864 -0.128782675 -0.087928139 0.982776046
1341848051.942680 -0.193075627 -0.035135537 0.419415951 0.098279491 -0.133423433 -0.093030833 0.981776237
1341848051.974762 -0.189368546 -0.032877892 0.413659662 0.096489981 -0.134706408 -0.097542405 0.981340587
1341848052.006755 -0.190654248 -0.030371912 0.416130900 0.094796099 -0.131439671 -0.100592248 0.981640697
1341848052.042751 -0.188763946 -0.029889986 0.418556124 0.095980495 -0.132571757 -0.102838665 0.981140494
1341848052.074871 -0.186177880 -0.030019533 0.414201796 0.094442233 -0.130169928 -0.106022120 0.981272519
1341848052.110964 -0.183373287 -0.030491471 0.414306283 0.091479830 -0.126525640 -0.110702105 0.981512964
1341848052.143014 -0.182018429 -0.028293375 0.414307743 0.094259940 -0.126030251 -0.113415174 0.981003761
1341848052.178064 -0.177713200 -0.024199169 0.411353111 0.096154615 -0.124922365 -0.118818074 0.980321825
1341848052.211397 -0.177001327 -0.023265220 0.411861986 0.093350947 -0.121011421 -0.120519616 0.980875552
1341848052.242872 -0.173462033 -0.022953361 0.410956323 0.094169274 -0.120702446 -0.123876378 0.980417132
1341848052.275206 -0.169502705 -0.020888463 0.405224741 0.092731327 -0.118342564 -0.128961131 0.980186164
1341848052.311125 -0.167852193 -0.019073371 0.407339633 0.090695620 -0.116462156 -0.129075229 0.980586767
1341848052.342876 -0.166325212 -0.019425638 0.404757142 0.090088949 -0.114318900 -0.132092103 0.980493128
1341848052.379476 -0.163803026 -0.018260337 0.402525306 0.090439841 -0.110442698 -0.133760706 0.980678916
1341848052.412309 -0.163488835 -0.015198238 0.402186155 0.089906164 -0.106462561 -0.132554725 0.981331646
1341848052.444722 -0.160566226 -0.018653452 0.401735961 0.087490216 -0.108456790 -0.135230199 0.980966568
1341848052.481496 -0.155071780 -0.016682588 0.397383451 0.089667700 -0.106697626 -0.136484265 0.980789185
1341848052.512393 -0.151958033 -0.013291761 0.398624182 0.092897721 -0.104412287 -0.137639776 0.980572999
1341848052.543277 -0.148678005 -0.011227168 0.395023525 0.095133200 -0.104525752 -0.139268577 0.980116487
1341848052.579155 -0.143512219 -0.007202365 0.391093463 0.095445819 -0.103063248 -0.141327530 0.979946196
1341848052.617750 -0.144492432 -0.010790430 0.392054796 0.090957515 -0.098214321 -0.146292210 0.980142474
1341848052.646710 -0.142846450 -0.009240806 0.391281098 0.094668977 -0.096733540 -0.151975796 0.979072928
1341848052.678720 -0.140464142 -0.006715216 0.387102962 0.095994368 -0.093747392 -0.156641588 0.978498816
1341848052.710822 -0.136133566 -0.004791118 0.386502326 0.095797725 -0.092720568 -0.157679111 0.978449285
1341848052.746833 -0.132086217 -0.001936175 0.384526223 0.096040130 -0.094168670 -0.155243710 0.978676617
1341848052.778710 -0.131165609 0.001420487 0.378093243 0.094006956 -0.091592312 -0.152798831 0.979502976
1341848052.810890 -0.125338942 -0.001020033 0.379462570 0.088502437 -0.091274522 -0.153480574 0.979938745
1341848052.846856 -0.122324377 -0.003691018 0.377673030 0.089221910 -0.088401996 -0.156942680 0.979588449
1341848052.878813 -0.118755676 -0.001188084 0.371052057 0.091861576 -0.083794840 -0.156727567 0.979783833
1341848052.914694 -0.111601211 0.004692849 0.371787012 0.094065174 -0.081304729 -0.155431896 0.979990900
1341848052.946675 -0.109116428 0.001792312 0.370600909 0.091271244 -0.079461098 -0.155075982 0.980462611
1341848052.978684 -0.105974987 0.003487680 0.366377294 0.091985106 -0.075599194 -0.153991729 0.980872095
1341848053.014784 -0.099194549 0.003416575 0.365687609 0.090621084 -0.072224274 -0.152938336 0.981418014
1341848053.046693 -0.096028082 0.006376676 0.365643710 0.093873166 -0.069539405 -0.150618643 0.981665015
1341848053.082651 -0.091489173 0.008363515 0.361092299 0.094270639 -0.066809043 -0.148007959 0.982213438
1341848053.114846 -0.088331237 0.004837431 0.357655376 0.089047804 -0.059553061 -0.146552384 0.983385146
1341848053.146985 -0.086936526 0.005407520 0.358194619 0.089895494 -0.053855464 -0.141984627 0.984306216
1341848053.183210 -0.085728005 0.009123400 0.354108870 0.090491585 -0.049074352 -0.138780370 0.984958351
1341848053.214816 -0.080740049 0.007414468 0.352885634 0.087805554 -0.046323001 -0.136266232 0.985685468
1341848053.247961 -0.076285131 0.007370487 0.352659732 0.090402953 -0.042753682 -0.135169283 0.985763013
1341848053.289822 -0.072347537 0.009379957 0.350333661 0.092790253 -0.040260307 -0.132169679 0.986052871
1341848053.321709 -0.069799922 0.009459883 0.348326921 0.092414826 -0.036394134 -0.127824113 0.986810982
1341848053.353831 -0.069395736 0.010828525 0.346481740 0.092995502 -0.030626561 -0.123572581 0.987493634
1341848053.386096 -0.066130213 0.011534728 0.345257878 0.093762666 -0.027764451 -0.120478995 0.987887919
1341848053.421775 -0.064056128 0.011408955 0.339552015 0.092475824 -0.022853551 -0.117179133 0.988531709
1341848053.453749 -0.059987254 0.015494697 0.341149628 0.093269601 -0.018648567 -0.110124543 0.989356160
1341848053.485736 -0.057203114 0.017411169 0.340057433 0.092172183 -0.016894123 -0.105618320 0.989981651
1341848053.521747 -0.053625889 0.017192084 0.336716354 0.089612335 -0.014978103 -0.101673990 0.990660250
1341848053.553915 -0.048993390 0.018008348 0.332386345 0.087001681 -0.010727705 -0.098192655 0.991299033
1341848053.589737 -0.046760201 0.020158023 0.332520813 0.085106045 -0.005662079 -0.092826590 0.992022216
1341848053.621911 -0.043102480 0.023485988 0.330710948 0.083317712 -0.003347376 -0.085444450 0.992847502
1341848053.653792 -0.033256751 0.024432253 0.328932434 0.078579612 -0.002635778 -0.078434035 0.993814051
1341848053.689724 -0.034015495 0.023766529 0.329108000 0.074214533 0.005737776 -0.072879300 0.994559169
1341848053.721697 -0.028568178 0.025087327 0.327066690 0.073252939 0.008145425 -0.067463465 0.994995654
1341848053.758007 -0.032874700 0.022938691 0.321907222 0.067898221 0.018399492 -0.061549939 0.995621860
1341848053.789882 -0.033327065 0.025025163 0.323167890 0.067372240 0.026781943 -0.055080220 0.995846331
1341848053.821625 -0.029450178 0.024119709 0.321072519 0.066733465 0.031499848 -0.048954602 0.996071219
1341848053.857784 -0.026592121 0.024910446 0.319344252 0.066030324 0.036325626 -0.041906610 0.996275187
1341848053.889790 -0.026049595 0.025770381 0.318674415 0.065424703 0.040990740 -0.034022719 0.996434569
1341848053.925729 -0.027048724 0.019221880 0.316765130 0.061916925 0.045012940 -0.028273376 0.996664822
1341848053.951067 -0.025468621 0.025175102 0.314509869 0.068818279 0.048782501 -0.021589259 0.996201873
1341848053.986823 -0.028007321 0.025301091 0.313312143 0.069678880 0.053897589 -0.015551793 0.995990992
1341848054.019304 -0.027625039 0.025973950 0.311040342 0.071267821 0.052810550 -0.006939420 0.996034026
1341848054.051032 -0.026911983 0.027289342 0.306523263 0.070939139 0.051916577 0.002452399 0.996125638
1341848054.086777 -0.025589623 0.027890496 0.303540826 0.068476953 0.051833108 0.009790840 0.996257186
1341848054.118853 -0.029841702 0.027415827 0.301430255 0.067149147 0.053249303 0.017579142 0.996165872
1341848054.155032 -0.030057285 0.030189309 0.297640115 0.067006856 0.051921606 0.024463311 0.996100307
1341848054.186687 -0.030200012 0.028063796 0.294839084 0.062789388 0.051665541 0.026491247 0.996336460
1341848054.219030 -0.034143906 0.023333505 0.293132365 0.060255107 0.054430798 0.027538791 0.996317327
1341848054.254827 -0.034566820 0.021942914 0.288482815 0.062126055 0.055411667 0.026351428 0.996180415
1341848054.286801 -0.035266094 0.030909661 0.285687208 0.068197377 0.057034422 0.027208090 0.995668530
1341848054.322895 -0.036153566 0.033701472 0.282216847 0.064045519 0.058515742 0.029165877 0.995802939
1341848054.354790 -0.041214824 0.030492475 0.281855345 0.060069826 0.061233982 0.030879710 0.995835543
1341848054.387103 -0.040534530 0.032242171 0.276332080 0.058702093 0.060852230 0.030101752 0.995964348
1341848054.422878 -0.042021569 0.032465342 0.274348617 0.054882057 0.063480712 0.031557791 0.995973051
1341848054.454739 -0.048993893 0.031616740 0.274281561 0.053457994 0.066345222 0.033765484 0.995791376
1341848054.486883 -0.048284914 0.031766199 0.270492315 0.053050101 0.062783755 0.035186000 0.995994866
1341848054.522689 -0.047507562 0.030427823 0.266249388 0.050454114 0.062757827 0.035975996 0.996103168
1341848054.554861 -0.048768435 0.027732624 0.264692843 0.050328817 0.065578878 0.037853751 0.995858192
1341848054.590790 -0.048768841 0.029637348 0.260920823 0.053075660 0.066287160 0.040377595 0.995569527
1341848054.622694 -0.049385577 0.032318287 0.258157283 0.053605393 0.066556051 0.041919705 0.995459437
1341848054.656449 -0.047614329 0.030600095 0.254541606 0.051681548 0.065872729 0.043274853 0.995548666
1341848054.691021 -0.046303574 0.030175880 0.251000524 0.051189795 0.069128878 0.046127062 0.995225132
1341848054.722739 -0.047469713 0.029502125 0.248679817 0.051778916 0.072582342 0.045671046 0.994969785
1341848054.754741 -0.049829219 0.031070618 0.248043314 0.055126514 0.077351123 0.046399508 0.994396806
1341848054.790887 -0.047032773 0.031282712 0.244464159 0.057211559 0.077400468 0.049243730 0.994138360
1341848054.822877 -0.046123892 0.035821106 0.241411269 0.060478516 0.079435311 0.054433368 0.993513644
1341848054.858903 -0.049100447 0.033405006 0.239592493 0.059128486 0.083518542 0.059852537 0.992948174
1341848054.890895 -0.045682486 0.033239298 0.236917481 0.061279505 0.082590818 0.063948832 0.992639959
1341848054.922754 -0.043948285 0.035482358 0.232983410 0.064166248 0.084665909 0.068117283 0.992005229
1341848054.958727 -0.047727253 0.037729856 0.230690032 0.065661795 0.089260750 0.073134579 0.991146982
1341848054.991052 -0.048476633 0.035776615 0.227565736 0.066304810 0.089568540 0.075390615 0.990907371
1341848055.023048 -0.043407924 0.039576855 0.223081946 0.070799485 0.088653199 0.076137654 0.990621567
1341848055.058739 -0.046001609 0.038878579 0.218509182 0.071029328 0.093834288 0.077706948 0.990005851
1341848055.090735 -0.049416050 0.041138746 0.217655927 0.074729331 0.095915578 0.081047609 0.989265859
1341848055.126977 -0.050414938 0.045509733 0.212494969 0.078208782 0.095633633 0.085440107 0.988654435
1341848055.159212 -0.050921608 0.044494674 0.207487091 0.076444574 0.098396040 0.087296106 0.988359153
1341848055.190986 -0.053729057 0.043508224 0.204275087 0.077568859 0.102443025 0.089124590 0.987696946
1341848055.226768 -0.055381011 0.049785078 0.200315222 0.083193772 0.102332108 0.091588452 0.987025082
1341848055.258881 -0.053760774 0.058038615 0.194881171 0.086010769 0.099879980 0.093397327 0.986865282
1341848055.294725 -0.058041904 0.054018721 0.189834461 0.082284831 0.101918258 0.095133737 0.986808717
1341848055.326795 -0.060971159 0.055467233 0.185821638 0.083565824 0.102396406 0.097132437 0.986456752
1341848055.358938 -0.062605768 0.056854308 0.178879499 0.083122566 0.102397449 0.095978908 0.986607015
1341848055.394711 -0.065405428 0.061328847 0.173818022 0.083591647 0.105271444 0.095278248 0.986332774
1341848055.426823 -0.069975063 0.062937409 0.172817051 0.083827384 0.109417550 0.095018178 0.985886574
1341848055.458813 -0.073881701 0.066812038 0.168984905 0.085366972 0.111590244 0.095883206 0.985427082
1341848055.494734 -0.074484698 0.070504569 0.163418442 0.084941238 0.112496786 0.097413227 0.985210657
1341848055.526713 -0.077036649 0.068684012 0.160308868 0.082352504 0.115301967 0.097857490 0.985062122
1341848055.562613 -0.080132999 0.072256856 0.154971898 0.084426582 0.117722206 0.098580122 0.984528065
1341848055.594685 -0.078582041 0.078347869 0.149880230 0.086097509 0.118567780 0.099022388 0.984237492
1341848055.626675 -0.085539684 0.077847138 0.148284584 0.083835058 0.123997703 0.100431293 0.983620763
1341848055.662951 -0.088987812 0.081408530 0.146318778 0.085151494 0.124868989 0.102402315 0.983194113
1341848055.694797 -0.084305413 0.084165245 0.138101101 0.084194340 0.124166504 0.101593733 0.983449340
1341848055.726774 -0.091245368 0.086264171 0.135082811 0.080559462 0.134140670 0.104496092 0.982138991
1341848055.762799 -0.095782265 0.084530853 0.139939472 0.079541743 0.138189316 0.107999340 0.981281281
1341848055.794951 -0.095371172 0.086110048 0.134715736 0.081257448 0.137245834 0.110912748 0.980948091
1341848055.830810 -0.092635527 0.084593996 0.129743025 0.079333849 0.138877332 0.113243632 0.980609596
1341848055.862804 -0.101265244 0.085583873 0.132155925 0.082086526 0.145799533 0.118096896 0.978804052
1341848055.894792 -0.100953236 0.087640896 0.130149558 0.085079029 0.146228552 0.121046379 0.978124022
1341848055.930676 -0.106069446 0.087655604 0.128798798 0.085583739 0.150240690 0.121890113 0.977366865
1341848055.962765 -0.110558532 0.087985195 0.126301691 0.086076297 0.152228713 0.124059387 0.976742804
1341848055.994709 -0.113909446 0.092054121 0.123972632 0.087569959 0.152313039 0.128141969 0.976069570
1341848056.030693 -0.116798438 0.092361063 0.123972416 0.085682020 0.153252378 0.128856346 0.975996077
1341848056.062776 -0.123232439 0.091505453 0.125560760 0.085565008 0.155183986 0.130854845 0.975435078
1341848056.098792 -0.126434579 0.090861253 0.122547656 0.084898390 0.155272916 0.132064223 0.975316167
1341848056.130649 -0.132383510 0.092708416 0.123831391 0.086104535 0.157710984 0.132396877 0.974774003
1341848056.162731 -0.140049577 0.093813092 0.126037627 0.088401169 0.159441516 0.133668780 0.974113107
1341848056.198744 -0.143909320 0.094822526 0.125058144 0.089600079 0.156834915 0.134432927 0.974321485
1341848056.230727 -0.149128526 0.094130538 0.124724239 0.088329285 0.155407950 0.136046544 0.974442244
1341848056.263915 -0.154874548 0.094101526 0.125622660 0.088077873 0.153694972 0.135744110 0.974778771
1341848056.298771 -0.162127569 0.093540289 0.124362156 0.088358678 0.153049678 0.135191292 0.974931717
1341848056.330676 -0.168574154 0.094126359 0.125121266 0.087842263 0.153382510 0.136485457 0.974745750
1341848056.366737 -0.175832942 0.093308926 0.126098260 0.086883001 0.152614012 0.137607098 0.974794626
1341848056.398744 -0.181615189 0.095806658 0.125121355 0.088135459 0.147832826 0.139647096 0.975128829
1341848056.430750 -0.187426254 0.096438766 0.123436049 0.083640270 0.144053623 0.144002378 0.975456893
1341848056.466830 -0.191103622 0.096564345 0.123840764 0.077128850 0.139361277 0.152066484 0.975451350
1341848056.498895 -0.204049811 0.102219015 0.128046334 0.078039035 0.138811246 0.152191177 0.975437939
1341848056.534778 -0.210579157 0.100767270 0.125522196 0.074214876 0.137882233 0.151548728 0.975968003
1341848056.566729 -0.217661887 0.097111031 0.128160909 0.070249856 0.139222682 0.152079746 0.975988567
1341848056.598948 -0.225191370 0.097391002 0.131681472 0.070446365 0.138150841 0.155586794 0.975573897
1341848056.634801 -0.233699828 0.098752774 0.130604506 0.068665497 0.133359849 0.156692281 0.976190448
1341848056.666759 -0.239292488 0.096386164 0.131075263 0.064648852 0.130088165 0.158283696 0.976649284
1341848056.698889 -0.245778233 0.095652074 0.133002207 0.064690560 0.128955573 0.158968538 0.976685524
1341848056.734784 -0.254148126 0.094961084 0.133714527 0.063344866 0.128405139 0.155673563 0.977376699
1341848056.766724 -0.257787168 0.097162522 0.131399900 0.063999020 0.124092937 0.154444352 0.978085876
1341848056.802861 -0.263381034 0.095078021 0.132251427 0.060829312 0.123351023 0.152825668 0.978636086
1341848056.834980 -0.269096643 0.093991064 0.133950293 0.058814138 0.122511387 0.151071399 0.979137003
1341848056.866661 -0.272681296 0.090737171 0.133262515 0.057860158 0.120374873 0.150288656 0.979579210
1341848056.902748 -0.275192708 0.089714907 0.131120399 0.057278473 0.120260492 0.149749771 0.979709923
1341848056.934715 -0.278423876 0.089134313 0.131866187 0.054949503 0.122540273 0.147533372 0.979897082
1341848056.966788 -0.283099234 0.088790826 0.134299532 0.055740088 0.123992160 0.147594661 0.979660571
1341848057.002703 -0.285400242 0.089378715 0.129610687 0.054674637 0.122917458 0.147424921 0.979881525
1341848057.034763 -0.289503276 0.089134939 0.130496904 0.051482692 0.126300722 0.147527471 0.979608774
1341848057.070964 -0.296552449 0.086817898 0.134844810 0.050189346 0.129913330 0.146074489 0.979421139
1341848057.102757 -0.300969601 0.088488102 0.132377386 0.050920617 0.129347369 0.145485654 0.979545951
1341848057.134714 -0.304995149 0.092285112 0.133339018 0.049766079 0.130998731 0.146235794 0.979274094
1341848057.170739 -0.308383048 0.090338789 0.136492342 0.046983775 0.131536171 0.145840347 0.979398489
1341848057.202641 -0.313264608 0.089264244 0.134593159 0.045878366 0.132223636 0.142639831 0.979829550
1341848057.234679 -0.318886071 0.092943385 0.131924063 0.044697385 0.134355456 0.141534135 0.979754448
1341848057.270814 -0.324924529 0.094240360 0.134671241 0.042090200 0.136187762 0.142367661 0.979496181
1341848057.302860 -0.328398734 0.093547881 0.135893196 0.039410654 0.135188773 0.141908556 0.979812622
1341848057.338756 -0.333237678 0.094090000 0.129643336 0.036298905 0.135960504 0.141876310 0.979830742
1341848057.370841 -0.337681353 0.096669771 0.130132973 0.033704463 0.137823805 0.142636001 0.979552746
1341848057.402722 -0.348487020 0.094792493 0.137289286 0.032314964 0.142140448 0.143627286 0.978837609
1341848057.438870 -0.354414880 0.094120756 0.136846110 0.030502021 0.144791365 0.144428983 0.978389204
1341848057.470699 -0.361654520 0.095424876 0.137870044 0.028432798 0.149696127 0.147494450 0.977255344
1341848057.506720 -0.369769156 0.095485337 0.142837688 0.028964177 0.153097793 0.150880188 0.976195335
1341848057.538788 -0.375431478 0.097553819 0.137649834 0.028292360 0.151633814 0.152739570 0.976154387
1341848057.571069 -0.380074501 0.097188361 0.135574549 0.024126822 0.152826682 0.156427294 0.975495994
1341848057.606668 -0.386388689 0.096246861 0.137172416 0.020363439 0.156636834 0.160244852 0.974357128
1341848057.638819 -0.392201871 0.096904859 0.135349110 0.019300444 0.159611180 0.162901178 0.973455131
1341848057.670943 -0.396076411 0.096854895 0.136183441 0.017047530 0.164520055 0.165818915 0.972186506
1341848057.706823 -0.403037727 0.097240619 0.139152497 0.017057540 0.169551387 0.170539439 0.970503807
1341848057.738890 -0.407742381 0.097214952 0.137563482 0.017044386 0.170702249 0.171776608 0.970084012
1341848057.774986 -0.413196981 0.097470932 0.135810345 0.015509539 0.172521725 0.173644409 0.969455183
1341848057.806842 -0.420321226 0.099596374 0.134901300 0.016456524 0.174738720 0.179525718 0.967970073
1341848057.838760 -0.429199845 0.097728834 0.143556505 0.019233847 0.178561822 0.185026884 0.966183603
1341848057.874817 -0.431607008 0.097954065 0.137020394 0.019522483 0.176662579 0.186612308 0.966222048
1341848057.906831 -0.438076288 0.097852491 0.138356641 0.019866843 0.178561404 0.187393516 0.965714633
1341848057.938847 -0.446886301 0.099375740 0.142489463 0.020969845 0.179820448 0.189577669 0.965031147
1341848057.975316 -0.451898009 0.097637020 0.141654730 0.018841891 0.177719519 0.192153260 0.964954853
1341848058.006833 -0.458474398 0.095437273 0.147112817 0.018894702 0.178372070 0.191767320 0.964910209
1341848058.042753 -0.464508057 0.095535986 0.142010242 0.021413226 0.174206138 0.189637512 0.966039002
1341848058.075970 -0.469856411 0.093227163 0.140089050 0.022122551 0.171956673 0.189220458 0.966507673
1341848058.106790 -0.478339314 0.092037432 0.146276861 0.023265487 0.171905190 0.189057156 0.966521978
1341848058.142699 -0.486963958 0.087590553 0.149880424 0.024779687 0.171346724 0.187076956 0.966968715
1341848058.174743 -0.490479410 0.088906810 0.148646861 0.027126208 0.166930765 0.183867529 0.968292832
1341848058.207081 -0.497146785 0.086051740 0.150616661 0.026945734 0.166140825 0.182476223 0.968696833
1341848058.242740 -0.505785286 0.084532812 0.155143157 0.028317306 0.165492058 0.178929314 0.969430149
1341848058.274694 -0.509361923 0.076370671 0.156562954 0.025971655 0.164650843 0.176992282 0.969994485
1341848058.310701 -0.513217866 0.073987320 0.157938063 0.029506955 0.165810183 0.176110059 0.969856441
1341848058.343169 -0.519666851 0.077189147 0.159139290 0.034381300 0.165416896 0.171325102 0.970619857
1341848058.374887 -0.523049176 0.078746639 0.154897243 0.035734110 0.163563415 0.173154533 0.970560431
1341848058.410669 -0.526203930 0.078366183 0.155185863 0.034964167 0.162104622 0.175726593 0.970370948
1341848058.442794 -0.532151103 0.077323325 0.160048723 0.035080377 0.162888780 0.177973881 0.969825745
1341848058.474732 -0.536027431 0.071193501 0.162977964 0.034203324 0.164382964 0.180158585 0.969201326
1341848058.510788 -0.537181854 0.070883766 0.162431389 0.036841270 0.165750921 0.182453215 0.968442142
1341848058.542970 -0.543112099 0.070295207 0.164934114 0.039264914 0.167851180 0.185994506 0.967310846
1341848058.578948 -0.546066403 0.069076069 0.165817976 0.040022414 0.167220816 0.190408319 0.966529906
1341848058.610842 -0.547983050 0.068044335 0.168970019 0.040137459 0.169900566 0.193145052 0.965514243
1341848058.643060 -0.552875042 0.066452876 0.172166884 0.039817318 0.173413575 0.193366408 0.964858413
1341848058.678730 -0.555326462 0.063847929 0.177915007 0.041563407 0.174505070 0.194456831 0.964368701
1341848058.710728 -0.555011451 0.063396826 0.177693501 0.045341227 0.177874833 0.193942770 0.963686109
1341848058.746819 -0.559181631 0.065027215 0.176666737 0.044878103 0.182760730 0.190613925 0.963457763
1341848058.778710 -0.565110803 0.066833653 0.180265278 0.045676421 0.182488069 0.193204820 0.962955654
1341848058.810874 -0.566226363 0.062878899 0.181341916 0.043715682 0.179810271 0.197295338 0.962720990
1341848058.846829 -0.567848444 0.062068991 0.183571637 0.042185947 0.182055101 0.198815346 0.962054431
1341848058.879577 -0.571672082 0.058197491 0.187116385 0.041692328 0.186628833 0.200862646 0.960773468
1341848058.910866 -0.573519409 0.057696141 0.186768249 0.042364638 0.186940968 0.202980369 0.960238159
1341848058.946807 -0.574876666 0.055320624 0.189814627 0.041627176 0.188961938 0.205425709 0.959354401
1341848058.978865 -0.575251222 0.052211508 0.192133069 0.041769963 0.191634014 0.206617326 0.958561897
1341848059.014660 -0.576710820 0.053185422 0.193274379 0.045986596 0.193036824 0.207250610 0.957950532
1341848059.046707 -0.577509642 0.051166844 0.192678079 0.046219580 0.195040688 0.208145946 0.957339108
1341848059.078771 -0.577795088 0.050374705 0.194784313 0.046178583 0.198364779 0.208425388 0.956596971
1341848059.114675 -0.577889621 0.049720209 0.194089830 0.046319421 0.201955527 0.207574695 0.956023633
1341848059.146706 -0.580688477 0.051770501 0.196431294 0.047579046 0.205235541 0.208220974 0.955122292
1341848059.178722 -0.580748796 0.049867745 0.197895676 0.046512716 0.207809150 0.208231136 0.954616010
1341848059.214738 -0.579052269 0.051827595 0.198995069 0.047859516 0.210811660 0.207946584 0.953952909
1341848059.246762 -0.578878939 0.053572882 0.199719280 0.050631359 0.215542898 0.208064914 0.952725947
1341848059.282693 -0.579633415 0.047091696 0.199224249 0.049153876 0.219392747 0.208943292 0.951731801
1341848059.314667 -0.579013705 0.048729751 0.200354159 0.052982375 0.221967712 0.211768359 0.950303793
1341848059.346758 -0.579492509 0.051240560 0.198665544 0.054391503 0.223817974 0.213647559 0.949369192
1341848059.382694 -0.579979241 0.049395517 0.200107425 0.054422941 0.225775063 0.215354085 0.948517978
1341848059.414736 -0.578636467 0.049852826 0.199410781 0.057199385 0.228005931 0.216315195 0.947601855
1341848059.446788 -0.578177154 0.049738452 0.198407620 0.056853004 0.232085928 0.215482995 0.946821511
1341848059.482693 -0.580110371 0.051018428 0.199475616 0.057737090 0.236072332 0.216189101 0.945620716
1341848059.514652 -0.580712855 0.051116623 0.198856086 0.059112392 0.237329155 0.218960643 0.944582939
1341848059.550754 -0.579247236 0.052640978 0.197562307 0.059645642 0.238016844 0.218768120 0.944420934
1341848059.582695 -0.578997552 0.050213538 0.198232949 0.059292596 0.241948992 0.219433621 0.943288922
1341848059.614734 -0.580945194 0.051239137 0.198950574 0.063046940 0.242802247 0.220847800 0.942495823
1341848059.650722 -0.581402659 0.051654529 0.196864784 0.065312944 0.241441742 0.221936643 0.942435265
1341848059.682731 -0.581266344 0.051637035 0.195212871 0.064469732 0.242254823 0.220486462 0.942625105
1341848059.718703 -0.581745267 0.049601495 0.196390778 0.063278183 0.245615587 0.219529480 0.942059278
1341848059.750904 -0.581645370 0.050269444 0.196899608 0.066402808 0.244939670 0.219149441 0.942108691
1341848059.782774 -0.582019150 0.052229840 0.194100589 0.067449763 0.244528174 0.217649788 0.942488730
1341848059.818759 -0.582498312 0.049692135 0.195032462 0.063962318 0.247712478 0.217656896 0.941898525
1341848059.850685 -0.583167851 0.048487823 0.198083997 0.066318557 0.249808446 0.217455998 0.941228151
1341848059.882730 -0.585993469 0.051252678 0.196769431 0.070794828 0.249866992 0.215714306 0.941287398
1341848059.918755 -0.586651325 0.052523699 0.195329368 0.072457865 0.248930171 0.214193702 0.941756189
1341848059.950805 -0.586561441 0.051328577 0.195405573 0.073266856 0.248624757 0.215024427 0.941584945
1341848059.986776 -0.587679565 0.051350500 0.196371615 0.076364122 0.248430923 0.215311795 0.941324294
1341848060.018660 -0.587521374 0.049226835 0.195763603 0.077329658 0.249373525 0.212220475 0.941698194
1341848060.050701 -0.588594854 0.048638273 0.197433367 0.080904447 0.253156960 0.210610524 0.940749288
1341848060.086783 -0.590768099 0.049201265 0.196269989 0.085068263 0.253225565 0.208012670 0.940941513
1341848060.118813 -0.589205027 0.051427804 0.193311200 0.088406548 0.249497801 0.204907089 0.942310035
1341848060.150800 -0.588097692 0.051852729 0.191088170 0.087283120 0.251527280 0.202479631 0.942399919
1341848060.186872 -0.589085221 0.050937228 0.194027126 0.087535203 0.253935993 0.201418146 0.941957951
1341848060.218851 -0.589669824 0.050732560 0.193110377 0.091189511 0.253697097 0.198869348 0.942217231
1341848060.254799 -0.587983429 0.053656500 0.188757658 0.090216368 0.255178452 0.196079999 0.942495406
1341848060.287466 -0.588394344 0.053362351 0.192416668 0.088588834 0.258204013 0.196067050 0.941828251
1341848060.318914 -0.587423563 0.055529147 0.192906529 0.092530280 0.257091939 0.194789559 0.942018509
1341848060.354641 -0.586998701 0.057256494 0.189994097 0.091295704 0.257765830 0.191351101 0.942659318
1341848060.387254 -0.585538745 0.056050513 0.191662610 0.088803880 0.260976702 0.189815208 0.942324340
1341848060.418639 -0.584416628 0.056310985 0.192313254 0.090965815 0.260257840 0.188227370 0.942635417
1341848060.454775 -0.582355261 0.057342172 0.189835221 0.091573089 0.258959711 0.185470283 0.943480253
1341848060.486697 -0.581837952 0.058313679 0.190973341 0.090692244 0.262768894 0.182235017 0.943142533
1341848060.522925 -0.580942571 0.054610498 0.193518907 0.091284327 0.264706850 0.179113373 0.943141520
1341848060.554710 -0.579288125 0.057082783 0.190529332 0.095373750 0.264037967 0.176694363 0.943380535
1341848060.586692 -0.577865839 0.060024545 0.189610675 0.094521217 0.267125547 0.173935488 0.943109810
1341848060.622697 -0.577331960 0.058768354 0.192026734 0.094896398 0.269026488 0.174235746 0.942476153
1341848060.656087 -0.576186538 0.059315171 0.189495996 0.097749986 0.267393202 0.173123837 0.942854166
1341848060.687258 -0.574946523 0.059716500 0.188044667 0.096367583 0.268301129 0.172007039 0.942942917
1341848060.723165 -0.573578358 0.060253572 0.191210955 0.097557746 0.269622087 0.173308656 0.942205131
1341848060.757863 -0.573698044 0.060549989 0.190588668 0.100538582 0.267125487 0.173077717 0.942645252
1341848060.790920 -0.570997715 0.061008897 0.188213184 0.101038069 0.263470799 0.173385710 0.943563342
1341848060.823967 -0.570222080 0.059851296 0.189131111 0.101919070 0.261828214 0.173219651 0.943956256
1341848060.862432 -0.570081592 0.058299668 0.189871967 0.103903599 0.259649456 0.172380999 0.944495082
1341848060.895671 -0.568357408 0.059005439 0.188892111 0.105001710 0.256836385 0.172540560 0.945113480
1341848060.923126 -0.566850364 0.057488009 0.190206096 0.105775431 0.255261630 0.172759265 0.945413828
1341848060.960845 -0.563786387 0.056388758 0.189015433 0.107092671 0.252314389 0.172034636 0.946188509
1341848060.996857 -0.561661780 0.055809576 0.189694911 0.107943058 0.250522703 0.172739491 0.946439505
1341848061.030587 -0.559027791 0.055966176 0.189609617 0.109627143 0.248156995 0.172822565 0.946853936
1341848061.062246 -0.556303024 0.054655898 0.189313263 0.109326407 0.247161850 0.171807557 0.947333574
1341848061.100583 -0.552683473 0.051966701 0.190128446 0.109596997 0.247377992 0.170850545 0.947418988
1341848061.129837 -0.550594926 0.051435154 0.191719085 0.113854863 0.248054609 0.169956625 0.946900606
1341848061.197947 -0.544212580 0.046129353 0.191789001 0.117323861 0.248682976 0.169375390 0.946416378
1341848061.226804 -0.540765464 0.042578183 0.189353913 0.120788202 0.248223647 0.169452161 0.946087360
1341848061.259408 -0.537911654 0.045321506 0.189263850 0.124052539 0.247439459 0.168678731 0.946008563
1341848061.290885 -0.534609139 0.041691147 0.188440323 0.124929078 0.246916547 0.169607565 0.945863724
1341848061.326612 -0.533026814 0.041517120 0.187816352 0.128635481 0.247684509 0.170425639 0.945018768
1341848061.358867 -0.529110789 0.040250696 0.187458038 0.129090384 0.248032838 0.169637933 0.945007086
1341848061.390845 -0.526501596 0.039280355 0.187100798 0.130878255 0.248113602 0.171486288 0.944406152
1341848061.426913 -0.523916841 0.037708685 0.185132176 0.131196320 0.247500107 0.172775596 0.944288015
1341848061.458837 -0.522991955 0.037175715 0.184523016 0.130355433 0.248839453 0.173534945 0.943913102
1341848061.494657 -0.520322263 0.037346371 0.186369628 0.132693514 0.249811083 0.173212200 0.943389833
1341848061.526736 -0.518111348 0.039924003 0.183972165 0.134700686 0.248936176 0.172334164 0.943497479
1341848061.558821 -0.514690757 0.039362557 0.181500629 0.132361442 0.248292223 0.172688514 0.943933308
1341848061.594750 -0.514033854 0.039497294 0.183579683 0.132444859 0.250214309 0.173614889 0.943243861
1341848061.626731 -0.513347149 0.038199291 0.183817759 0.133791551 0.250981241 0.172847748 0.942990899
1341848061.658831 -0.510198116 0.041001733 0.179865882 0.133320436 0.250838518 0.172561005 0.943148136
1341848061.694894 -0.509934664 0.038378082 0.183649614 0.131703377 0.254185706 0.173520163 0.942302823
1341848061.726726 -0.508409917 0.038842618 0.182320178 0.133368701 0.253111094 0.173597679 0.942343593
1341848061.762815 -0.506312191 0.038831808 0.181608841 0.131650686 0.254132271 0.172204003 0.942565978
1341848061.794816 -0.506712854 0.037882946 0.183449268 0.130953640 0.256301582 0.172551841 0.942011952
1341848061.826740 -0.507415175 0.040350854 0.185176253 0.133479133 0.256793261 0.173349097 0.941376984
1341848061.862883 -0.506100476 0.041980434 0.183939904 0.132473648 0.256164223 0.172813401 0.941788793
1341848061.894834 -0.505032837 0.040782399 0.185374990 0.130561143 0.256915033 0.172222570 0.941959560
1341848061.930667 -0.505546272 0.040603913 0.187056124 0.131215543 0.257341504 0.171012759 0.941972673
1341848061.962828 -0.504742146 0.040806323 0.186799407 0.129962176 0.256709695 0.170391470 0.942431271
1341848061.997188 -0.503787339 0.041281715 0.187520117 0.128806144 0.255312800 0.170234576 0.942997634
1341848062.030704 -0.502987862 0.040181525 0.189323351 0.127544791 0.254499912 0.168653965 0.943672597
1341848062.063265 -0.500555873 0.040476136 0.188713908 0.126149669 0.253376365 0.166765422 0.944497705
1341848062.094872 -0.500264645 0.040139556 0.190854639 0.124937035 0.251955152 0.165615201 0.945241213
1341848062.130773 -0.499094099 0.039986566 0.192554742 0.123987637 0.250063092 0.165159360 0.945948184
1341848062.163385 -0.499089092 0.037546415 0.194584578 0.122445092 0.249607399 0.161909521 0.946830809
1341848062.198718 -0.496475279 0.038008310 0.194090605 0.122316770 0.247970656 0.157766789 0.947976112
1341848062.230750 -0.496239573 0.039088219 0.195787340 0.122378200 0.246752799 0.156295046 0.948529601
1341848062.262814 -0.496436208 0.039216261 0.195717692 0.120258018 0.243371442 0.156368777 0.949661553
1341848062.299276 -0.494935066 0.038274571 0.197464168 0.118306816 0.240874946 0.154986009 0.950769186
1341848062.330839 -0.493486881 0.037474789 0.198208481 0.117279775 0.239849582 0.153607473 0.951379180
1341848062.362763 -0.493161291 0.036694966 0.199574292 0.117426462 0.239064723 0.151907280 0.951831460
1341848062.398825 -0.491825104 0.037445854 0.198749945 0.118385032 0.235512257 0.151671574 0.952635646
1341848062.430832 -0.491136432 0.037847701 0.198958755 0.118310407 0.233830050 0.154235855 0.952647567
1341848062.466855 -0.490193516 0.037820846 0.200659335 0.118171297 0.231105000 0.155680209 0.953094780
1341848062.498723 -0.489221364 0.037250720 0.200623289 0.118796907 0.228236377 0.158193186 0.953294456
1341848062.530743 -0.488561273 0.037945889 0.200171649 0.118936621 0.227038652 0.157796636 0.953628719
1341848062.566929 -0.486344874 0.038320810 0.199644208 0.117523201 0.226327345 0.158139229 0.953916252
1341848062.598817 -0.486780673 0.038796984 0.201362684 0.119055212 0.224438265 0.160906658 0.953709841
1341848062.630793 -0.483100444 0.039562490 0.198209241 0.118557073 0.219247311 0.163311422 0.954570174
1341848062.666740 -0.480333596 0.039366785 0.198401496 0.117171496 0.218453854 0.163695648 0.954857290
1341848062.698720 -0.478076965 0.037955642 0.199644804 0.118601598 0.218328372 0.162958071 0.954835594
1341848062.734924 -0.476408392 0.040577836 0.197080314 0.120877616 0.216145441 0.162945807 0.955048919
1341848062.766819 -0.473459452 0.041779261 0.196454316 0.118994713 0.215032831 0.163735971 0.955401301
1341848062.798717 -0.470804453 0.039686318 0.198053807 0.119121343 0.213769108 0.164248005 0.955581248
1341848062.834828 -0.468843699 0.042910382 0.195794016 0.120916352 0.210448176 0.162829846 0.956335366
1341848062.866781 -0.465220720 0.042813506 0.194176689 0.118095621 0.208979249 0.161590233 0.957219839
1341848062.899075 -0.463506013 0.042514496 0.196322426 0.117712915 0.208018988 0.159934580 0.957754016
1341848062.934962 -0.461012691 0.041527905 0.194966152 0.117783599 0.205547318 0.154393271 0.959187210
1341848062.966930 -0.456938803 0.044375546 0.192330524 0.116096310 0.204611674 0.149864599 0.960310578
1341848063.002905 -0.455647588 0.046477273 0.195152313 0.116444483 0.204465181 0.149918392 0.960291266
1341848063.034972 -0.453305095 0.044039238 0.194749296 0.116348736 0.200266778 0.149317056 0.961280763
1341848063.066737 -0.448016405 0.044368636 0.191837847 0.115326196 0.197126567 0.147623807 0.962314010
1341848063.102822 -0.444422632 0.042162921 0.192135513 0.115384169 0.196308076 0.145959169 0.962728262
1341848063.135045 -0.442663729 0.045648962 0.191257805 0.118071862 0.193599328 0.145461127 0.963026166
1341848063.170739 -0.439291060 0.046279997 0.190615773 0.117271952 0.190271199 0.145418555 0.963793337
1341848063.202662 -0.434794664 0.045877703 0.190657884 0.116835319 0.188141569 0.144627884 0.964383245
1341848063.234990 -0.431686908 0.045644332 0.189306855 0.117336705 0.187126458 0.140982911 0.965059400
1341848063.270800 -0.428285927 0.046430629 0.188364014 0.116818950 0.187263504 0.138057232 0.965518475
1341848063.302788 -0.425175428 0.047867611 0.187838182 0.116544999 0.187063843 0.136190936 0.965855300
1341848063.334854 -0.422434688 0.048360251 0.187617123 0.115940489 0.184451640 0.133474395 0.966809154
1341848063.370653 -0.417315304 0.049856305 0.184144765 0.113531314 0.182822376 0.131695166 0.967648208
1341848063.402698 -0.414684743 0.049835701 0.185817853 0.111372411 0.184760869 0.128531978 0.967956185
1341848063.439276 -0.412229508 0.049083982 0.188202709 0.109608725 0.184978604 0.125905842 0.968460917
1341848063.470742 -0.408468664 0.051445276 0.183372274 0.108269654 0.183514774 0.124851391 0.969026446
1341848063.502776 -0.405261546 0.051631119 0.187098980 0.103444561 0.186026022 0.123438239 0.969255626
1341848063.541802 -0.401757538 0.048527859 0.190017134 0.103045911 0.185248792 0.124602392 0.969298005
1341848063.577805 -0.399335384 0.053467181 0.186589360 0.105341263 0.183548898 0.126595423 0.969116390
1341848063.609732 -0.395947576 0.053682208 0.189804748 0.101620615 0.183921129 0.127857745 0.969277382
1341848063.643039 -0.393319070 0.052364808 0.192219377 0.101467505 0.182236016 0.129509568 0.969392419
1341848063.677955 -0.390972227 0.055681329 0.189714506 0.100949086 0.179796919 0.129849195 0.969856441
1341848063.709890 -0.388458490 0.054821748 0.191493332 0.095511660 0.178042173 0.131085321 0.970564365
1341848063.745768 -0.386576474 0.053763021 0.195953637 0.094094947 0.175889820 0.131111145 0.971091568
1341848063.777773 -0.382198215 0.051259194 0.193642288 0.091292046 0.173651665 0.127712592 0.972214162
1341848063.809840 -0.379671127 0.054388456 0.197594389 0.091348529 0.174046338 0.126644552 0.972277999
1341848063.845733 -0.377980947 0.050907955 0.199860156 0.091165453 0.172286674 0.126127779 0.972675681
1341848063.877902 -0.373353332 0.049795926 0.197989881 0.090182617 0.169934958 0.124980614 0.973328829
1341848063.913769 -0.367809504 0.045894794 0.201176479 0.087823898 0.171439528 0.121605799 0.973708153
1341848063.945802 -0.365761101 0.044063292 0.206928492 0.091402166 0.173644379 0.118671544 0.973350048
1341848063.977856 -0.362126112 0.046123404 0.208558381 0.095947064 0.170219168 0.120187655 0.973331690
1341848064.013951 -0.358337253 0.044397950 0.209113345 0.095005438 0.167987078 0.120813146 0.973734319
1341848064.045815 -0.354348242 0.037936412 0.214032277 0.094140090 0.166973770 0.119416580 0.974164784
1341848064.081699 -0.349305868 0.039372806 0.214252353 0.098369099 0.164169684 0.116936035 0.974524379
1341848064.113685 -0.342874557 0.039638117 0.215219513 0.097016796 0.164262787 0.117210120 0.974611342
1341848064.145823 -0.341968983 0.036232613 0.221269250 0.096378125 0.165223047 0.119009666 0.974294245
1341848064.181846 -0.336171329 0.033935852 0.222022235 0.097656764 0.161121801 0.120814882 0.974631548
1341848064.213863 -0.329033107 0.034519158 0.221372128 0.097067244 0.159462512 0.120368890 0.975018442
1341848064.249771 -0.322382152 0.030954495 0.224353909 0.095645539 0.161521062 0.120289452 0.974829853
1341848064.282977 -0.318799824 0.027942192 0.228301436 0.097786181 0.162177518 0.119491421 0.974606633
1341848064.313795 -0.311486363 0.031024368 0.227215707 0.099627927 0.160227284 0.119465865 0.974745810
1341848064.349790 -0.305034041 0.027518308 0.231137365 0.097525664 0.161742598 0.119266741 0.974732518
1341848064.382619 -0.298829138 0.025339378 0.232373327 0.098426566 0.162474856 0.118990749 0.974553883
1341848064.418063 -0.293536544 0.027236452 0.234028816 0.098669097 0.163313359 0.118239105 0.974480689
1341848064.449767 -0.286894351 0.024426697 0.236223906 0.095540494 0.163048476 0.115490913 0.975166142
1341848064.481773 -0.280917674 0.019602230 0.238164961 0.094594263 0.164341465 0.111046791 0.975557506
1341848064.518010 -0.275532782 0.020450464 0.237711251 0.096911646 0.165293798 0.109286167 0.975367963
1341848064.549704 -0.270083457 0.019899288 0.240246803 0.097661220 0.165486693 0.109469779 0.975239873
1341848064.581714 -0.266016334 0.017077018 0.242750272 0.099084325 0.165181085 0.111380078 0.974931777
1341848064.617693 -0.260430515 0.017463144 0.240390360 0.101692848 0.163176849 0.111700229 0.974964082
1341848064.649724 -0.256582350 0.018406319 0.240603328 0.103114448 0.162907869 0.113379434 0.974665880
1341848064.685821 -0.254151732 0.018471181 0.242193997 0.103824660 0.160800979 0.115726136 0.974664509
1341848064.749892 -0.245762095 0.018609503 0.242046148 0.102031395 0.160473540 0.113271803 0.975196064
1341848064.778913 -0.243393034 0.016614305 0.242727950 0.101651840 0.159963876 0.111544117 0.975518525
1341848064.810737 -0.238869026 0.019367302 0.242458805 0.103600055 0.156668797 0.112661399 0.975719869
1341848064.842702 -0.235473290 0.019910920 0.242322430 0.102222711 0.154991776 0.112027861 0.976205826
1341848064.878850 -0.233519301 0.018325623 0.243567914 0.102137856 0.154270887 0.113170654 0.976197124
1341848064.910832 -0.229771733 0.020977344 0.241616502 0.104274660 0.150550753 0.116290040 0.976185381
1341848064.946850 -0.226097137 0.021798266 0.241032481 0.102541469 0.148560807 0.118716426 0.976381779
1341848064.978809 -0.223111793 0.018888701 0.243655726 0.101428859 0.147994906 0.120170504 0.976406038
1341848065.010770 -0.218130454 0.020039093 0.240227818 0.103444442 0.145631641 0.120855719 0.976465344
1341848065.046751 -0.214854568 0.023338404 0.241109490 0.103625499 0.145481721 0.121821389 0.976348460
1341848065.078713 -0.213400751 0.021424862 0.242484421 0.102786690 0.144241646 0.123897411 0.976359904
1341848065.110686 -0.207417801 0.023168264 0.239370495 0.103555806 0.140005276 0.125739604 0.976659775
1341848065.146689 -0.203963444 0.023490993 0.240494668 0.101931199 0.139994889 0.125240162 0.976896286
1341848065.178847 -0.200483546 0.018573189 0.242614627 0.102111295 0.139646545 0.124309532 0.977046192
1341848065.214760 -0.196950138 0.023342729 0.239766151 0.107025400 0.138331249 0.123319253 0.976832807
1341848065.246768 -0.193826258 0.026563553 0.240029007 0.105405718 0.137346551 0.120391831 0.977512836
1341848065.278735 -0.189665779 0.022062631 0.240661383 0.103525415 0.136664554 0.120582327 0.977785885
1341848065.314761 -0.185734451 0.024341946 0.238973111 0.106053717 0.134844765 0.118518546 0.978019834
1341848065.346776 -0.181917876 0.025149038 0.238357723 0.105382606 0.133837104 0.115505807 0.978591084
1341848065.382824 -0.177337423 0.024508104 0.237947196 0.106194429 0.132976636 0.115296215 0.978645384
1341848065.414914 -0.174479097 0.025540253 0.236709714 0.106735170 0.132018670 0.113755792 0.978896439
1341848065.446728 -0.169048265 0.023744378 0.237211585 0.106737331 0.130677760 0.110469483 0.979452372
1341848065.482830 -0.164393395 0.025074184 0.235556707 0.109181739 0.130560204 0.108931288 0.979370892
1341848065.514745 -0.161677808 0.025077071 0.234931380 0.109627150 0.130550444 0.108409137 0.979380369
1341848065.546916 -0.158331573 0.024202231 0.235564530 0.109655976 0.129352614 0.107451618 0.979641557
1341848065.582742 -0.153073415 0.024427220 0.233379304 0.111125588 0.128291190 0.106193602 0.979752719
1341848065.614763 -0.150728986 0.025490176 0.234084442 0.112183779 0.128042519 0.104909182 0.979803026
1341848065.650809 -0.148685053 0.025121070 0.234340295 0.112227090 0.126431093 0.104160815 0.980087101
1341848065.682873 -0.145884618 0.024411455 0.233716235 0.112540476 0.124267541 0.101906992 0.980564713
1341848065.714808 -0.142561585 0.027407847 0.233109757 0.113703564 0.122247428 0.100016013 0.980879128
1341848065.750674 -0.142742574 0.027051024 0.234419227 0.111880310 0.121180594 0.098081246 0.981416345
1341848065.782722 -0.140466467 0.027215056 0.233745068 0.111262158 0.116512954 0.094809428 0.982372940
1341848065.814742 -0.137392357 0.029513039 0.232244521 0.110689513 0.114303857 0.091352984 0.983024478
1341848065.850746 -0.137837037 0.028756987 0.233466700 0.108416840 0.114040017 0.086028188 0.983788490
1341848065.882795 -0.137046844 0.030814290 0.234647185 0.108809456 0.109486535 0.084658392 0.984381080
1341848065.918698 -0.133243158 0.034182113 0.233077154 0.107278563 0.099835455 0.084987715 0.985546172
1341848065.950762 -0.133040667 0.034139164 0.231680065 0.102325603 0.095144257 0.080688857 0.986897349
1341848065.982774 -0.132659912 0.032844406 0.232275873 0.100205526 0.091641650 0.076941170 0.987745225
1341848066.018773 -0.129660100 0.036335345 0.231329352 0.100882486 0.086542755 0.073164776 0.988422990
1341848066.050717 -0.128189147 0.038289562 0.231848657 0.098148361 0.083923079 0.069856100 0.989163280
1341848066.082818 -0.127202228 0.038126342 0.233643875 0.097149700 0.081456751 0.069785692 0.989472926
1341848066.118721 -0.125727013 0.039071180 0.233932376 0.097296022 0.077120446 0.069659077 0.989814878
1341848066.150964 -0.121325739 0.039509784 0.231639758 0.094877236 0.072106026 0.067222789 0.990595818
1341848066.186782 -0.120576762 0.039566666 0.233819097 0.093101136 0.072277613 0.068048030 0.990695477
1341848066.218688 -0.119120285 0.037560068 0.235099152 0.092112146 0.068772405 0.066960461 0.991111517
1341848066.250777 -0.114139192 0.038983315 0.233571112 0.092524566 0.064730249 0.065445036 0.991446495
1341848066.286736 -0.110632762 0.037781153 0.234651506 0.091040790 0.063742869 0.063706130 0.991761029
1341848066.318695 -0.108896345 0.035169911 0.236401886 0.091354571 0.063292086 0.062263567 0.991852641
1341848066.354797 -0.104986921 0.036138423 0.235930324 0.093629748 0.061652862 0.062052622 0.991756976
1341848066.386761 -0.101254836 0.033551812 0.236824155 0.093206517 0.061070964 0.060846221 0.991907597
1341848066.418820 -0.099889427 0.029210929 0.238995016 0.093398392 0.061101459 0.060410053 0.991914272
1341848066.454695 -0.095970653 0.030948568 0.239647105 0.096896082 0.057683159 0.059294578 0.991850793
1341848066.486874 -0.092640951 0.031653076 0.240004122 0.097312607 0.055886596 0.057344142 0.992027521
1341848066.522806 -0.089301139 0.029521864 0.242801338 0.096627623 0.054320212 0.055305403 0.992297173
1341848066.555107 -0.085949883 0.029208835 0.244733453 0.098548643 0.051184453 0.052447610 0.992430151
1341848066.586881 -0.080053344 0.028203107 0.244501859 0.098348446 0.049185339 0.047423016 0.992803812
1341848066.623500 -0.079332553 0.025647178 0.247103006 0.098925002 0.051415868 0.043243650 0.992824376
1341848066.655239 -0.075399779 0.025315586 0.248643160 0.100993276 0.049621299 0.040118322 0.992838681
1341848066.697724 -0.069985583 0.025308240 0.249477521 0.101865888 0.048535071 0.037603036 0.992901683
1341848066.732527 -0.067982644 0.021464217 0.252077222 0.101636954 0.049226698 0.034055416 0.993019104
1341848066.764415 -0.062703364 0.020338252 0.252460837 0.104507782 0.048010010 0.031355094 0.992869616
1341848066.795253 -0.057892025 0.019873995 0.252955079 0.106075734 0.048043720 0.027179822 0.992824733
1341848066.833355 -0.056297231 0.020060848 0.256038219 0.107692078 0.048166752 0.023638148 0.992735445
1341848066.862103 -0.051661566 0.020379771 0.255766302 0.108973794 0.046177831 0.022158299 0.992724180
1341848066.905023 -0.048710048 0.020738233 0.256215960 0.107690431 0.046249341 0.020447301 0.992897630
1341848066.930221 -0.047639448 0.018474922 0.257953048 0.106670648 0.045458101 0.018755842 0.993077636
1341848066.997936 -0.038011421 0.020890307 0.257763654 0.106314823 0.044086780 0.014634226 0.993246853
1341848067.023497 -0.037468545 0.018470760 0.260475129 0.104892604 0.044287603 0.012797981 0.993414462
1341848067.054702 -0.032830738 0.018858865 0.259260207 0.105482087 0.042116940 0.011018446 0.993467808
1341848067.090940 -0.031290855 0.018165223 0.261133313 0.104735635 0.044041149 0.008555183 0.993487597
1341848067.122963 -0.031109115 0.014746569 0.262505770 0.105730101 0.044154361 0.007385160 0.993386626
1341848067.158821 -0.027392302 0.016695395 0.260739148 0.109822549 0.042422540 0.007665135 0.993015885
1341848067.191143 -0.025382150 0.017337501 0.261473924 0.110093214 0.042131018 0.007976671 0.992995858
1341848067.222948 -0.023721127 0.015248369 0.261864334 0.109810516 0.041305672 0.009098379 0.993052185
1341848067.258733 -0.020401759 0.016398944 0.260156274 0.111166611 0.040403441 0.010764987 0.992921770
1341848067.291049 -0.018291472 0.016948648 0.260295182 0.111009248 0.040909860 0.012540886 0.992897809
1341848067.322816 -0.017835245 0.015409295 0.261026472 0.110607386 0.040718079 0.015696274 0.992905676
1341848067.358674 -0.014531523 0.016930453 0.259663731 0.111443512 0.039024513 0.018765396 0.992826939
1341848067.390706 -0.010494450 0.017094154 0.259351641 0.110535070 0.039627608 0.020804109 0.992863953
1341848067.426869 -0.011126108 0.016259640 0.260434777 0.110504963 0.041641757 0.023931028 0.992714405
1341848067.458745 -0.007291846 0.019243285 0.259156227 0.112091348 0.040888831 0.027104257 0.992486298
1341848067.491527 -0.004741235 0.020667449 0.258003175 0.109906070 0.042244025 0.029607603 0.992602408
1341848067.526659 -0.004817896 0.018992439 0.258539140 0.108239092 0.044537932 0.031380910 0.992630839
1341848067.558770 -0.002246935 0.021027245 0.257625699 0.108961612 0.045056794 0.031394839 0.992527902
1341848067.594659 0.000551853 0.020650610 0.256742328 0.107064612 0.047828883 0.030579310 0.992630064
1341848067.626656 -0.000741614 0.018206652 0.256824344 0.107318707 0.051177979 0.029244568 0.992475808
1341848067.658983 0.001985896 0.019205581 0.255445123 0.110426627 0.051219195 0.029622708 0.992121518
1341848067.694893 0.003724545 0.019687232 0.253979623 0.111166351 0.053079441 0.030477891 0.991915166
1341848067.726732 0.003105745 0.016962543 0.253614664 0.112055868 0.054554954 0.031918902 0.991689682
1341848067.758667 0.007383855 0.019762043 0.251821667 0.116052948 0.053492010 0.034241542 0.991210282
1341848067.794813 0.008174190 0.020730585 0.250651985 0.116527759 0.056017783 0.035840571 0.990958512
1341848067.826795 0.007989014 0.018496796 0.251199603 0.117140859 0.057186957 0.038045760 0.990737200
1341848067.862808 0.011731844 0.021475483 0.248986453 0.119788513 0.056841556 0.040321957 0.990350425
